"Term","Overlap","P.value","Adjusted.P.value","Old.P.value","Old.Adjusted.P.value","Odds.Ratio","Combined.Score","Genes"
"Cellular Respiration (GO:0045333)","72/85",3.2904377170252e-40,1.37803531589015e-36,0,0,25.0914916796616,2281.12730461226,"COX7B;NDUFA13;NDUFA12;COX4I1;NDUFA10;ETFA;ETFB;MTFR1L;COX7C;UQCRFS1;ME3;COX8A;NDUFC2;NDUFC1;SDHC;SDHA;SDHB;COX6B1;SIRT3;OXA1L;NDUFS8;NDUFS7;NDUFS6;NDUFS5;NDUFS4;NDUFS3;UQCRC1;NDUFS2;NDUFS1;SDHAF4;UQCRC2;NDUFB9;NDUFB8;NDUFB7;NDUFB10;NDUFB6;UQCRB;COX15;NDUFB11;NDUFB5;NDUFB4;NDUFB3;ETFDH;NDUFB2;NDUFB1;UQCR11;UQCR10;COX5B;COX5A;MTLN;UQCRH;ETFRF1;CYC1;NDUFV3;NDUFV2;NDUFV1;PPARGC1A;NDUFA9;NDUFA8;NDUFA7;NDUFA6;NDUFA5;MDH2;NDUFA4;NDUFA3;NDUFA2;NDUFA1;COX6C;UQCRQ;LYRM7;NDUFAB1;CYCS"
"Aerobic Electron Transport Chain (GO:0019646)","60/68",7.12794804796296e-36,1.30345435387858e-32,0,0,33.8755881538887,2741.51882690332,"COX7B;COX4I1;NDUFA10;COX6A2;COX7C;UQCRFS1;UQCRFS1P1;COX8A;NDUFC2;NDUFC1;SDHC;SDHD;SDHA;SDHB;COX6B1;NDUFS8;NDUFS7;NDUFS6;NDUFS5;NDUFS4;NDUFS3;UQCRC1;NDUFS2;NDUFS1;UQCRC2;NDUFB9;NDUFB8;NDUFB7;NDUFB10;NDUFB6;UQCRB;COX15;NDUFB5;NDUFB4;NDUFB3;NDUFB2;NDUFB1;UQCR11;UQCR10;COX5B;COX5A;UQCRH;CYC1;NDUFV3;NDUFV2;NDUFV1;NDUFA9;NDUFA8;NDUFA7;NDUFA6;NDUFA5;NDUFA4;NDUFA3;NDUFA2;NDUFA1;COX6C;UQCRQ;NDUFAB1;CYCS;NDUFAF1"
"Mitochondrial ATP Synthesis Coupled Electron Transport (GO:0042775)","61/70",9.3370655721961e-36,1.30345435387858e-32,0,0,30.6200935154424,2469.78830679354,"COX7B;NDUFA12;COX4I1;NDUFA10;COX6A2;COX7C;UQCRFS1;UQCRFS1P1;COX8A;NDUFC2;NDUFC1;SDHC;SDHD;SDHA;SDHB;COX6B1;NDUFS8;NDUFS7;NDUFS6;NDUFS5;NDUFS4;NDUFS3;UQCRC1;NDUFS2;NDUFS1;UQCRC2;NDUFB9;NDUFB8;NDUFB7;NDUFB10;NDUFB6;UQCRB;COX15;NDUFB5;NDUFB4;NDUFB3;NDUFB2;NDUFB1;UQCR11;UQCR10;COX5B;COX5A;UQCRH;CYC1;NDUFV3;NDUFV2;NDUFV1;NDUFA9;NDUFA8;NDUFA7;NDUFA6;NDUFA5;NDUFA4;NDUFA3;NDUFA2;NDUFA1;COX6C;UQCRQ;NDUFAB1;CYCS;NDUFAF1"
"NADH Dehydrogenase Complex Assembly (GO:0010257)","49/53",8.84049825081466e-32,7.40480133488236e-29,0,0,55.1757036423841,3945.24928982703,"NDUFA13;NDUFA10;ECSIT;TMEM186;NDUFC2;NDUFC1;TIMM21;BCS1L;OXA1L;NDUFS8;NDUFS7;NDUFS5;NDUFS4;NDUFS3;TMEM126A;NDUFS2;NDUFS1;NDUFB9;NDUFB8;NDUFB7;DMAC1;NDUFB10;NDUFB6;DMAC2;NDUFB11;NDUFB5;NDUFB4;NDUFB3;NDUFB2;NDUFB1;FOXRED1;NDUFA9;NDUFA8;COA1;NDUFA6;NDUFA5;NUBPL;NDUFA3;NDUFA2;NDUFA1;LYRM2;NDUFAF8;NDUFAF6;NDUFAF7;NDUFAF4;NDUFAB1;NDUFAF5;NDUFAF3;NDUFAF1"
"Mitochondrial Respiratory Chain Complex I Assembly (GO:0032981)","49/53",8.84049825081466e-32,7.40480133488236e-29,0,0,55.1757036423841,3945.24928982703,"NDUFA13;NDUFA10;ECSIT;TMEM186;NDUFC2;NDUFC1;TIMM21;BCS1L;OXA1L;NDUFS8;NDUFS7;NDUFS5;NDUFS4;NDUFS3;TMEM126A;NDUFS2;NDUFS1;NDUFB9;NDUFB8;NDUFB7;DMAC1;NDUFB10;NDUFB6;DMAC2;NDUFB11;NDUFB5;NDUFB4;NDUFB3;NDUFB2;NDUFB1;FOXRED1;NDUFA9;NDUFA8;COA1;NDUFA6;NDUFA5;NUBPL;NDUFA3;NDUFA2;NDUFA1;LYRM2;NDUFAF8;NDUFAF6;NDUFAF7;NDUFAF4;NDUFAB1;NDUFAF5;NDUFAF3;NDUFAF1"
"Mitochondrial Respiratory Chain Complex Assembly (GO:0033108)","67/90",5.10475722204478e-31,3.16150344317417e-28,0,0,13.1708987436398,918.669726245517,"NDUFA13;NDUFA10;ECSIT;TMEM186;CHCHD4;AIFM1;UQCRFS1;COA5;NDUFC2;NDUFC1;TIMM21;BCS1L;OXA1L;NDUFS8;NDUFS7;SDHAF3;NDUFS5;NDUFS4;NDUFS3;TMEM126A;NDUFS2;NDUFS1;SDHAF4;SMIM20;COX19;NDUFB9;NDUFB8;NDUFB7;DMAC1;NDUFB10;NDUFB6;DMAC2;NDUFB11;NDUFB5;NDUFB4;COX17;NDUFB3;NDUFB2;NDUFB1;OMA1;FOXRED1;PET117;SAMM50;COX14;NDUFA9;NDUFA8;COA1;NDUFA6;NDUFA5;NUBPL;UQCC2;NDUFA3;UQCC1;NDUFA2;NDUFA1;LYRM2;NDUFAF8;NDUFAF6;NDUFAF7;NDUFAF4;LYRM7;NDUFAB1;NDUFAF5;NDUFAF3;NDUFAF1;SLC25A33;COX20"
"Oxidative Phosphorylation (GO:0006119)","54/63",5.28427032049168e-31,3.16150344317417e-28,0,0,27.0538822879248,1886.07231559277,"NDUFA13;NDUFA12;NDUFA10;NDUFC2;NDUFC1;SDHC;SDHD;SDHA;SDHB;NIPSNAP2;NDUFS8;NDUFS7;NDUFS6;NDUFS5;NDUFS4;NDUFS3;UQCRC1;NDUFS2;NDUFS1;UQCRC2;NDUFB9;NDUFB8;NDUFB7;NDUFB10;NDUFB6;UQCRB;NDUFB11;NDUFB5;NDUFB4;NDUFB3;NDUFB2;NDUFB1;UQCRH;ATP5F1B;NDUFV3;NDUFV2;NDUFV1;ATP5ME;NDUFA9;ATP5PF;NDUFA8;NDUFA7;ATP5PD;NDUFA6;NDUFA5;ATP5PB;NDUFA3;NDUFA2;NDUFA1;CHCHD10;ATP5F1C;ATP5F1D;NDUFAB1;ATP5PO"
"Proton Motive Force-Driven Mitochondrial ATP Synthesis (GO:0042776)","48/53",3.92159990998219e-30,2.05295755287567e-27,0,0,43.2251586206897,2926.82100971302,"NDUFB9;NDUFA13;NDUFB8;NDUFB7;NDUFB10;NDUFB6;NDUFA12;NDUFB11;NDUFB5;NDUFB4;NDUFA10;NDUFB3;NDUFB2;NDUFB1;ATP5F1B;NDUFV3;NDUFV2;NDUFV1;ATP5ME;NDUFA9;ATP5PF;NDUFA8;NDUFA7;ATP5PD;NDUFA6;NDUFA5;ATP5PB;NDUFA3;NDUFA2;NDUFA1;NDUFC2;NDUFC1;SDHC;SDHD;SDHA;ATP5F1C;SDHB;ATP5F1D;NDUFS8;NDUFS7;NDUFS6;NDUFS5;NDUFS4;NDUFAB1;NDUFS3;ATP5PO;NDUFS2;NDUFS1"
"Proton Motive Force-Driven ATP Synthesis (GO:0015986)","51/60",5.52457638290827e-29,2.57076954351331e-26,0,0,25.529725750046,1661.11103724282,"NDUFA13;NDUFA12;NDUFA10;NDUFC2;NDUFC1;SDHC;SDHD;SDHA;SDHB;NDUFS8;NDUFS7;NDUFS6;NDUFS5;NDUFS4;NDUFS3;NDUFS2;NDUFS1;NDUFB9;NDUFB8;NDUFB7;NDUFB10;NDUFB6;NDUFB11;NDUFB5;NDUFB4;NDUFB3;ATP5MC2;NDUFB2;ATP5MC3;NDUFB1;ATP5MC1;ATP5F1B;NDUFV3;NDUFV2;NDUFV1;ATP5ME;NDUFA9;ATP5PF;NDUFA8;NDUFA7;ATP5PD;NDUFA6;NDUFA5;ATP5PB;NDUFA3;NDUFA2;NDUFA1;ATP5F1C;ATP5F1D;NDUFAB1;ATP5PO"
"Aerobic Respiration (GO:0009060)","50/59",2.58689612406678e-28,1.08339209675917e-25,0,0,25.0222344895268,1589.46047391273,"NDUFA13;NDUFA12;NDUFA10;MTFR1L;ME3;NDUFC2;NDUFC1;SDHC;SDHB;NIPSNAP2;SIRT3;OXA1L;NDUFS8;NDUFS7;NDUFS6;NDUFS5;NDUFS4;NDUFS3;UQCRC1;NDUFS2;NDUFS1;UQCRC2;NDUFB9;NDUFB8;NDUFB7;NDUFB10;NDUFB6;UQCRB;NDUFB11;NDUFB5;NDUFB4;NDUFB3;NDUFB2;NDUFB1;UQCRH;NDUFV3;NDUFV2;NDUFV1;NDUFA9;NDUFA8;NDUFA7;NDUFA6;NDUFA5;MDH2;NDUFA3;NDUFA2;NDUFA1;CHCHD10;ATP5F1D;NDUFAB1"
"Mitochondrial Translation (GO:0032543)","66/98",2.01519015591126e-26,7.4996317604012e-24,0,0,9.31755960632104,551.287379794813,"MRPS17;GFM1;MRPS15;MRPS16;FASTKD2;GFM2;MRPS11;MRPL38;MRPL39;MRPS10;MRPL37;MRPL34;MRPL35;MRPL33;MRPL4;MRPL41;MTRF1;MRPL2;MRPL1;MRPL40;EARS2;MRPS28;TSFM;MRPS26;MRPS27;MRPS24;MRPS25;MRPS22;MRPS18B;MRPS18A;MRPS2;MRPL48;MRPL45;MRPS7;QRSL1;MRPL46;MRPL43;MRPS5;TUFM;MRPL44;MRPS9;MRPL51;MTRF1L;MRPS33;MRPL19;MRPS34;MRPL16;MRPS31;MRPL14;MRPL58;MTIF2;MRPS30;MTIF3;MRPL12;MRPL57;MRPL10;MRPL20;DROSHA;IARS2;GADD45GIP1;PTCD3;NDUFA7;GATB;MRPL24;MRPL21;MRPL30"
"Mitochondrial Gene Expression (GO:0140053)","68/103",2.14889162189146e-26,7.4996317604012e-24,0,0,8.78031305726174,518.93634724044,"MRPS17;MRPS15;MRPS16;FASTKD1;FASTKD2;GFM2;MRPS11;MRPL38;MRPL39;MRPS10;MRPL37;MRPL34;MRPL35;MRPL33;MRPL4;MRPL41;MRPL2;MRPL1;MRPL40;FASTK;MRPS28;MRPS26;MRPS27;MRPS24;MRPS25;MRPS22;TWNK;MRPS18B;MRPS18A;MRPS2;MRPL48;TFB2M;POLRMT;MRPL45;MRPS7;QRSL1;MRPL46;MRPL43;MRPS5;MRPL44;MRPS9;MRPL51;FASTKD5;MRPS33;MRPL19;MRPS34;MRPL16;MRPS31;MRPL14;MRPL58;MRPS30;FOXO3;MRPL12;MRPL57;MRPL10;TBRG4;MRPL20;IARS2;GADD45GIP1;PTCD3;NDUFA7;MTERF3;MTERF4;GATB;MRPL24;MRPL21;MRPL30;SLC25A33"
"Mitochondrial Electron Transport, NADH To Ubiquinone (GO:0006120)","34/34",8.33018860651668e-26,2.6836022987763e-23,0,0,555118,32056580.2921524,"NDUFB9;NDUFB8;NDUFB7;NDUFB10;NDUFB6;NDUFB5;NDUFB4;NDUFA10;NDUFB3;NDUFB2;NDUFB1;NDUFV3;NDUFV2;NDUFV1;NDUFA9;NDUFA8;NDUFA7;NDUFA6;NDUFA5;NDUFA4;NDUFA3;NDUFA2;NDUFC2;NDUFC1;NDUFS8;NDUFS7;NDUFS6;NDUFS5;NDUFAB1;NDUFS4;NDUFS3;NDUFS2;NDUFS1;NDUFAF1"
"Striated Muscle Contraction (GO:0006941)","41/57",1.40720427556508e-18,4.20955107576182e-16,0,0,11.507967373348,473.03415559036,"RYR1;CHRNA1;MYLK2;SMPX;KCNE5;ATP1A2;RCSD1;LMOD3;RYR3;TTN;CSRP3;TNNI1;TNNI2;DMD;TNNI3;NOS1;SCN5A;SCN3B;SCN1B;MYH7B;DTNA;TNNC1;PGAM2;TNNC2;TPM1;STAC3;ATP1B1;KLHL41;MYH3;JSRP1;TNNT1;MYL2;TNNT2;MYL3;TNNT3;CASQ2;MYH8;TCAP;MYH6;MYH7;SCN2B"
"Muscle Contraction (GO:0006936)","55/94",4.7500720818565e-18,1.32622012525434e-15,0,0,6.34888236878287,253.24658095368,"RYR1;MYLK2;MYL6B;LMOD3;MYOM2;RYR3;LMOD2;SGCA;ANKRD2;NOS1;EMD;SNTA1;GAMT;TMOD1;CHRNB1;TMOD4;TPM3;TPM2;PGAM2;TPM1;TACR2;KLHL41;TRDN;MYH1;MYH2;MYH3;MYL1;MYOT;TNNT2;CASQ2;MYH8;SCN4A;ALDOA;CRYAB;MYH6;MYH7;SMPX;ROCK2;CLCN1;TTN;CKMT2;CHRND;CHRNG;APBB1;CACNA1S;DTNA;KCNJ12;P2RX6;SMTN;DES;SLC6A8;SLMAP;FXYD1;HRC;SSPN"
"Myofibril Assembly (GO:0030239)","33/46",3.7120011120206e-15,9.71616291071392e-13,0,0,11.3770498732037,378.027571622428,"FHOD3;FLII;LMOD3;MYLK3;MYOM2;MYPN;LMOD2;TTN;CSRP3;SIX4;ANKRD1;CAPN3;FLNC;MYOZ1;MYOZ2;TMOD1;ADPRHL1;ACTN2;TMOD4;TPM1;KLHL41;MYH3;OBSCN;SYNPO2L;TNNT1;MYL2;TNNT2;TNNT3;TCAP;CASQ1;OBSL1;MYH6;MYH7"
"Sarcomere Organization (GO:0045214)","24/29",9.22843375184267e-14,2.27345179721865e-11,0,0,21.4704302548643,644.411388683303,"FHOD3;TPM1;MYLK3;MYOM2;MYPN;LMOD2;TTN;CSRP3;MYH3;OBSCN;SIX4;SYNPO2L;TNNT1;TNNT2;TNNT3;ANKRD1;CAPN3;TCAP;FLNC;CASQ1;MYOZ1;MYOZ2;MYH6;MYH7"
"Muscle Organ Development (GO:0007517)","35/58",1.51960693293267e-12,3.53561879729001e-10,0,0,6.81980065492268,185.584298693088,"TRIM72;CTF1;MSTN;FHL1;FHL3;ZBTB42;FXR1;SGCD;SGCA;CAPN3;SPEG;DMD;LARGE1;SOX6;BVES;EMD;MEF2D;SGCG;MEF2A;TEAD4;TBX1;MEF2C;CAV3;NEB;KY;MAPK12;POU6F1;SMTN;MYH3;DES;MYOD1;ITGA7;ITGB1BP2;MYH6;MYF5"
"Mitochondrion Organization (GO:0007005)","68/162",2.38515806266228e-12,5.25739050864716e-10,0,0,3.25742615162157,87.1744429460637,"ATP2A1;MTFR1L;PARK7;PHB2;CHCHD4;CHCHD2;CHCHD3;AIFM1;OPA1;LONP1;TIMM17A;TIMM17B;USP30;DNM1L;SLC25A46;MEF2A;ATPAF2;TOMM70;MIGA2;CLUH;PARP1;SIRT4;SIRT5;TIMM23;BCS1L;NIPSNAP2;SUPV3L1;OXA1L;HAX1;NDUFS1;SLC25A4;ATPAF1;PRKN;STOML2;ATP23;TIMM13;MIEF2;OMA1;HIGD1A;MFF;TRAK1;COX7A1;TMEM70;RCC1L;TIMM50;PRDX3;SAMM50;PITRM1;MFN2;PPARGC1A;DNAJC19;TIMM8B;FIS1;MYH7B;PTCD2;MTX2;NUBPL;BNIP3;CHCHD10;TIMM44;ATP5F1D;HIGD2A;PINK1;FMC1;TMEM11;DNAJA3;PYROXD2;SLC25A33"
"Heart Contraction (GO:0060047)","26/41",2.38438644529743e-10,4.99290521645282e-08,0,0,7.75270998994607,171.77609048199,"MYLK2;KCNE5;ATP1A2;TTN;CSRP3;SGCD;DMD;TNNI3;SCN5A;SCN3B;SCN1B;SGCG;TNNC1;TPM1;ATP1B1;SOD1;TRDN;ACTC1;MYL2;TNNT2;MYL3;CASQ2;TCAP;MYH6;MYH7;SCN2B"
"Skeletal Muscle Contraction (GO:0003009)","16/19",8.9618055609301e-10,1.78724008043692e-07,0,0,23.8067632850242,495.963423892211,"CHRNA1;MYH7B;TNNC1;TNNC2;STAC3;RCSD1;JSRP1;MYH3;TNNT1;TNNT3;MYH8;TNNI1;TCAP;TNNI2;TNNI3;MYH7"
"Skeletal Muscle Tissue Development (GO:0007519)","25/42",3.58601870339355e-09,6.82647560446009e-07,0,0,6.57491615067079,127.857287290378,"POPDC2;RYR1;MYLK2;POPDC3;SIX1;MYL6B;LMOD3;CSRP3;PPP3CB;SIX4;DMD;MYOZ1;BVES;MYOZ2;MYOG;ZBTB18;MYH7B;SVIL;MEF2C;KLHL40;KLHL41;MYOD1;MYF6;MYORG;MYF5"
"Energy Derivation By Oxidation Of Organic Compounds (GO:0015980)","25/43",7.07026224136837e-09,1.28740253334134e-06,0,0,6.20926230506823,116.53151233689,"COX7B;UQCRB;COX15;COX4I1;UQCR11;UQCR10;COX5B;COX5A;COX7C;MTLN;UQCRH;CYC1;PPARGC1A;COX8A;NDUFA4;COX6C;COX6B1;UQCRQ;LYRM7;NDUFS4;UQCRC1;CYCS;NDUFS1;SDHAF4;UQCRC2"
"Cardiac Muscle Contraction (GO:0060048)","21/33",1.1930493177212e-08,2.0818710594235e-06,0,0,7.81797645125958,142.632477848608,"MYLK2;CAMK2D;KCNE5;TNNC1;TPM1;ATP1B1;TTN;CSRP3;MYL2;TNNT2;MYL3;CASQ2;TCAP;DMD;TNNI3;SCN5A;SCN3B;SCN1B;MYH6;MYH7;SCN2B"
"Ubiquitin-Dependent Protein Catabolic Process (GO:0006511)","110/367",3.57611939742747e-08,5.9907152145705e-06,0,0,1.93045470579049,33.1003533909085,"UBE2D4;UBE3C;UBXN2A;UBE2D2;KEAP1;UBE2D1;UBE3B;FBXO21;PSMD8;RNF115;PSMD7;PSMD4;PSMD2;PSMD3;SKP1;FBXW4;FBXW5;KCTD2;UBE4B;ARMC8;FBXO10;RNF126;CDC34;RNF128;PLAA;SQSTM1;RNF122;PSMD12;PSMD11;CUL3;CUL1;NEDD4L;UBR3;ANAPC11;BAG6;SHARPIN;KLHDC2;KLHDC3;ZRANB1;UBE2H;KLHL25;UBE2B;KLHL22;CNOT4;COPS3;NSFL1C;NPLOC4;RNF187;TRIM72;GSK3A;RNF11;UBXN1;FAF1;OTUD7B;ANKRD9;ARIH2;ARIH1;RNF150;UBL7;GET4;RAD23A;VPS37A;RAD23B;SIRT2;RNF144B;CHMP6;PRKN;RNF34;VPS4A;RCHY1;RNF5;PSMA7;FBXL22;PSMB6;RMND5B;ZNRF1;C18ORF25;PSMB5;HECTD1;MTA1;RMND5A;MVB12B;FEM1C;DCAF11;UBQLN4;UBL4A;ATE1;FEM1A;AMFR;FBXL17;WWP1;PEX10;UBE2G1;UBE2G2;PEX12;USP28;RNF146;SPSB3;CUL4A;PINK1;GID4;PSMC6;PSMC3;NEDD4;PSMC1;KLHL8;UBAP1;STUB1;ASB2;TRIM32"
"Protein Transmembrane Import Into Intracellular Organelle (GO:0044743)","20/32",4.1767385332969e-08,6.7261641594391e-06,0,0,7.44365361803084,126.476235597524,"DNAJC19;TOMM70;PAM16;TIMM23;PEX10;TIMM44;PEX1;TIMM21;PEX12;PEX14;TOMM40L;TIMM50;CHCHD4;PEX7;TIMM23B;GRPEL1;PEX6;PEX5;TIMM17A;TIMM17B"
"Actomyosin Structure Organization (GO:0031032)","35/77",4.33635225178739e-08,6.7261641594391e-06,0,0,3.73030053142752,63.2421993248004,"FHOD3;ROCK2;CUL3;FLII;LMOD3;MYLK3;MYOM2;MYPN;LMOD2;TTN;CSRP3;SIX4;ANKRD1;MYO18A;CAPN3;FLNC;MYOZ1;MYOZ2;TMOD1;MYH7B;ACTN2;TMOD4;TPM1;KLHL41;FRMD3;MYH3;OBSCN;SYNPO2L;TNNT1;TNNT2;TNNT3;TCAP;CASQ1;MYH6;MYH7"
"Skeletal Muscle Organ Development (GO:0060538)","21/35",5.32840601624133e-08,7.9697729985781e-06,0,0,6.70030120481928,112.214156149215,"POPDC2;MYOG;ZBTB18;POPDC3;MYH7B;SVIL;MEF2C;SIX1;MYL6B;FXR1;CSRP3;DES;SIX4;MYOD1;MYF6;DMD;LARGE1;MYOZ1;BVES;MYOZ2;MYF5"
"Intracellular Protein Transmembrane Transport (GO:0065002)","24/46",2.34949692318992e-07,3.39299762562737e-05,0,0,4.87456090086948,74.4047829394014,"RTN2;DNAJC19;TOMM70;PAM16;TIMM23;PEX10;TIMM44;PEX1;TIMM21;PEX12;PEX13;PEX14;TOMM40L;TIMM50;CHCHD4;SEC61A2;PEX7;TIMM23B;GRPEL1;AKT2;PEX6;PEX5;TIMM17A;TIMM17B"
"Translation (GO:0006412)","75/234",2.97857211001863e-07,4.05781494749162e-05,0,0,2.1196262074318,31.8508845900279,"MRPS17;HBS1L;MRPS15;MRPS16;FASTKD2;GFM2;MRPS11;MRPL38;MRPL39;MRPS10;MRPL37;MRPL34;APEH;MRPL35;MRPL33;MRPL41;MRPL4;MRPL2;MRPL40;MRPL1;MRPS28;TSFM;MRPS26;MRPS27;MRPS24;MRPS25;MRPS22;PABPC4;DHPS;MRPS18B;MRPS18A;MRPS2;MRPL48;MRPL45;MRPS7;QRSL1;MRPL46;MRPL43;MRPS5;MRPL44;TUFM;EEF1G;MRPS9;MRPL51;EEF1A2;AURKAIP1;MRRF;MRPS33;MRPL19;MRPS34;MRPL16;MRPS31;MRPL14;MRPL58;MRPS30;MRPL12;MRPL57;GSPT1;MRPL10;MRPL20;IARS2;ABCF1;GADD45GIP1;PTCD3;NDUFA7;GATB;EEF2;MRPL24;MRPL21;RPL3L;MRPL30;COPS5;TNIP1;DRG1;EIF4G1"
"Branched-Chain Amino Acid Catabolic Process (GO:0009083)","13/17",3.00363570611844e-07,4.05781494749162e-05,0,0,14.4944672131148,217.681853913729,"BCKDHA;MCCC2;ECHS1;HIBADH;MCCC1;ACAT1;BCKDK;HMGCL;ALDH6A1;IVD;DBT;DLD;HIBCH"
"Protein Targeting To Mitochondrion (GO:0006626)","28/59",3.15356960352083e-07,4.12723421860789e-05,0,0,4.03812558077791,60.4489657220897,"MTCH2;NDUFA13;TIMM13;MFF;TIMM50;CHCHD4;IMMP2L;TIMM23B;SAMM50;AIFM1;GRPEL1;PITRM1;TIMM17A;TIMM17B;MFN2;PMPCA;TOMM70;DNAJC19;TIMM8B;FIS1;TIMM29;MTX2;PAM16;TIMM23;TIMM44;TIMM21;TOMM40L;IMMP1L"
"Amino Acid Catabolic Process (GO:0009063)","21/38",3.73476258784897e-07,4.53335610654028e-05,0,0,5.51688035564719,81.6520989001982,"BCKDHA;MCCC2;ECHS1;MTRR;GOT2;MCCC1;ETFA;ETFB;HOGA1;THNSL2;DDO;ALDH4A1;BCKDK;ALDH6A1;ALDH5A1;IVD;CARNS1;DBT;PRODH;DLD;HIBCH"
"Branched-Chain Amino Acid Metabolic Process (GO:0009081)","12/15",3.78862138798734e-07,4.53335610654028e-05,0,0,17.8355640535373,263.718316791759,"BCKDHA;MCCC2;BCKDK;ECHS1;PCCA;IVD;MCCC1;DBT;PCCB;DLD;HIBCH;BCAT2"
"Cardiac Myofibril Assembly (GO:0055003)","12/15",3.78862138798734e-07,4.53335610654028e-05,0,0,17.8355640535373,263.718316791759,"FHOD3;MEF2A;CSRP3;ADPRHL1;MYL2;NRAP;TCAP;NEB;PROX1;OBSL1;MYLK3;TTN"
"Mitochondrial RNA Metabolic Process (GO:0000959)","14/20",6.14260852450034e-07,7.14590125016873e-05,0,0,10.4078527830919,148.861917190582,"FASTKD1;MTERF3;FASTKD2;MTERF2;MTERF4;TWNK;TFB2M;FOXO3;MRPL12;POLRMT;TBRG4;FASTK;FASTKD5;SLC25A33"
"Fatty Acid Beta-Oxidation (GO:0006635)","24/49",1.06101040836431e-06,0.000120094907844047,0,0,4.28882433543437,58.9983065499365,"GCDH;ACADVL;ACOT8;ACAA2;ECHS1;ECI1;ECI2;ETFDH;ETFA;ETFB;MTLN;MCAT;ACAT1;HADHB;HADHA;AUH;CPT2;IVD;ECHDC2;ACADM;DECR2;ACADS;CRAT;DECR1"
"Mitochondrial Electron Transport, Cytochrome C To Oxygen (GO:0006123)","12/16",1.26016955516638e-06,0.000138883949922021,0,0,13.3758535919148,181.701130142585,"COX8A;COX7B;COX15;NDUFA4;COX4I1;CYCS;COX5B;COX6C;COX5A;COX6A2;COX7C;COX6B1"
"2-Oxoglutarate Metabolic Process (GO:0006103)","11/14",1.66143894283503e-06,0.000178412981861362,0,0,16.3448024758784,217.513795493813,"PHYH;GOT1;ADHFE1;GPT2;GOT2;IDH2;OGDH;DLST;OGDHL;D2HGDH;L2HGDH"
"Mitochondrial Membrane Organization (GO:0007006)","18/32",1.81221143317367e-06,0.000189738537053283,0,0,5.73840140707446,75.8671908008949,"HSPA9;APOOL;MTX2;BNIP3;DNAJC11;IMMT;GHITM;SPG7;MAIP1;TIMM50;CHCHD3;SAMM50;OPA1;TMEM11;BCL2;PPIF;MFN2;SLC25A4"
"Mitochondrial Electron Transport, Ubiquinol To Cytochrome C (GO:0006122)","10/12",1.98122379948935e-06,0.000202374762738083,0,0,22.2836472836473,292.624306334883,"UQCRB;UQCRQ;UQCRC1;CYCS;UQCRFS1;UQCR11;UQCR10;UQCRC2;UQCRFS1P1;UQCRH"
"Proteasomal Protein Catabolic Process (GO:0010498)","68/220",4.32911315769136e-06,0.000422954644606143,0,0,2.00726330389079,24.7899985777201,"TRIM72;GSK3A;UBXN1;UBXN2A;FAF1;PSMD8;ANKRD9;PSMD7;PSMD4;PSMD2;DDI2;PSMD3;UBXN6;SKP1;FBXW5;KCTD2;UBE4B;RAD23A;ARMC8;RAD23B;SIRT2;RNF126;CDC34;PSME4;PLAA;RNF122;PRKN;PSMD12;PSMD11;RNF34;CUL3;CUL1;NEDD4L;RNF5;PSMA7;FBXL22;PSMB6;BAG6;RMND5B;ZNRF1;PSMB5;SHARPIN;HECTD1;MTA1;RMND5A;FEM1C;SOCS6;DCAF11;KLHDC2;KLHDC3;ATE1;UBE2B;FBXL17;WWP1;KLHL22;PEX10;UBE2G1;PEX12;SPSB3;CUL4A;NSFL1C;GID4;PSMC6;PSMC3;PSMC1;STUB1;ASB2;RNF187"
"Regulation Of Heart Contraction (GO:0008016)","29/69",4.34265752580328e-06,0.000422954644606143,0,0,3.24041575192097,40.009491266712,"SPTBN4;GSK3A;CAMK2D;KCNE5;HSPB7;ATP2A2;ATP2A1;ATP1A2;PLN;TMEM65;NOS1;PRKACA;SCN1B;MEF2A;CYP2J2;CAV3;DMPK;S100A1;KCNJ12;PDE4D;TPM1;ATP2B2;SLC8A3;DES;TNNT2;FXYD1;HRC;CALM3;MYH6"
"Muscle Tissue Development (GO:0060537)","19/37",5.7840758292857e-06,0.000529156630274182,0,0,4.71129051876178,56.8200574207989,"POPDC2;MYOG;ZBTB18;POPDC3;MYH7B;SRPK3;SVIL;MEF2C;SIX1;MYL6B;CSRP3;SIX4;MYOD1;MYF6;DMD;MYOZ1;BVES;MYOZ2;MYF5"
"ATP Metabolic Process (GO:0046034)","18/34",5.81213108706121e-06,0.000529156630274182,0,0,5.02048563611491,60.5247821718515,"HSPA8;PARG;PARP1;OLA1;ATP1A2;ATP1B1;ATP5F1C;CLPX;ATP5F1A;ATP5F1B;MYH3;NMNAT1;ATP5PO;MYH8;NDUFS1;ALDOA;MYH6;MYH7"
"Inner Mitochondrial Membrane Organization (GO:0007007)","18/34",5.81213108706121e-06,0.000529156630274182,0,0,5.02048563611491,60.5247821718515,"HSPA9;TIMM8B;TOMM70;NDUFA13;TIMM29;APOOL;MTX2;TIMM13;DNAJC11;IMMT;GHITM;MAIP1;APOO;CHCHD3;SAMM50;OPA1;TMEM11;SLC25A46"
"Mitochondrial Transport (GO:0006839)","24/53",6.10028970169602e-06,0.000543574750440488,0,0,3.69635516579885,44.3827807350436,"TOMM70;PRKN;DNAJC19;TIMM8B;FIS1;MTX2;BNIP3;TIMM13;TIMM23;TIMM44;SPG7;BCS1L;MFF;MAIP1;OXA1L;PINK1;PITRM1;TIMM17A;PPIF;BCL2;TIMM17B;MFN2;SLC25A20;SLC25A4"
"Dicarboxylic Acid Metabolic Process (GO:0043648)","23/50",6.85392863851494e-06,0.000598005273710429,0,0,3.80416032470827,45.2340856009981,"ACOT8;PHYH;FH;MTRR;GOT1;MDH1;MDH2;GPT2;ADHFE1;GOT2;IDH2;DLST;OGDHL;SDHA;ALDH5A1;SDHAF3;DGLUCY;OGDH;ME3;D2HGDH;L2HGDH;GCLM;MDH1B"
"Establishment Of Protein Localization To Mitochondrion (GO:0072655)","21/44",8.36228646552452e-06,0.000714719504441157,0,0,4.07619410448117,47.6579592757752,"DNAJC19;TIMM8B;TOMM70;FIS1;PAM16;TIMM13;TIMM23;TIMM44;TIMM21;MFF;TOMM40L;HK1;TIMM50;CHCHD4;TIMM23B;PINK1;GRPEL1;PITRM1;TIMM17A;MFN2;TIMM17B"
"Protein Import Into Mitochondrial Matrix (GO:0030150)","12/18",8.89481546819654e-06,0.000745029743616143,0,0,8.91614313029227,103.69511892841,"DNAJC19;TOMM70;TIMM23B;GRPEL1;PAM16;TIMM17A;TIMM23;TIMM17B;TIMM44;TIMM21;TOMM40L;TIMM50"
"Fatty Acid Catabolic Process (GO:0009062)","26/61",9.88826541784217e-06,0.000812001089606334,0,0,3.31851619726585,38.2431176436203,"FAAH;ACAA2;ECHS1;ECI1;ECI2;ABHD1;MTLN;ACAT1;MCEE;AUH;CPT2;NUDT19;ACADM;ACADS;DECR1;ACOT8;PHYH;MCAT;PEX13;HADHB;HADHA;NUDT8;PCCA;PCCB;ECHDC2;LPIN1"
"Porphyrin-Containing Compound Biosynthetic Process (GO:0006779)","13/21",1.22446868102923e-05,0.000986168237721232,0,0,7.24545765027322,81.9491578489107,"ALAS1;ABCB6;FECH;COX15;UROS;RSAD1;ATP5IF1;SLC25A38;SUCLA2;HMBS;FXN;COX10;NFE2L1"
"Iron-Sulfur Cluster Assembly (GO:0016226)","15/27",1.63545807625834e-05,0.00126838859692036,0,0,5.57510934937124,61.4432942494405,"HSPA9;ISCA2;ISCA1;NUBPL;GLRX5;IBA57;NUBP2;NFU1;NFS1;BOLA3;NDUFAB1;FDX2;CIAO2B;FXN;ISCU"
"Metallo-Sulfur Cluster Assembly (GO:0031163)","15/27",1.63545807625834e-05,0.00126838859692036,0,0,5.57510934937124,61.4432942494405,"HSPA9;ISCA2;ISCA1;NUBPL;GLRX5;IBA57;NUBP2;NFU1;NFS1;BOLA3;NDUFAB1;FDX2;CIAO2B;FXN;ISCU"
"Respiratory Electron Transport Chain (GO:0022904)","10/14",2.09063571999051e-05,0.00159192407187641,0,0,11.1404586404586,120.043536081888,"SLC25A18;NDUFA5;ETFDH;ETFRF1;UQCRFS1;ETFB;SDHA;SLC25A12;SDHB;PPARGC1A"
"Actin-Myosin Filament Sliding (GO:0033275)","9/12",3.02327082384054e-05,0.00226097468040075,0,0,13.3657205240175,139.091522296,"MYH2;MYH3;MYL1;TNNT2;TPM1;MYH8;MYL6B;MYH6;MYH7"
"Regulation Of Skeletal Muscle Contraction (GO:0014819)","6/6",3.82362629009885e-05,0.00280935910577789,0,0,97962,996442.642204372,"SLC8A3;CAV3;DMPK;DMD;SCN4A;KCNJ2"
"Fatty Acid Beta-Oxidation Using acyl-CoA Dehydrogenase (GO:0033539)","8/10",4.05614564783975e-05,0.00283118966219215,0,0,17.8171896316508,180.179756219162,"GCDH;ACADVL;IVD;ETFDH;ETFA;ACADM;ETFB;ACADS"
"Muscle Filament Sliding (GO:0030049)","8/10",4.05614564783975e-05,0.00283118966219215,0,0,17.8171896316508,180.179756219162,"MYH3;MYL1;TNNT2;TPM1;MYH8;MYL6B;MYH6;MYH7"
"Protein Deneddylation (GO:0000338)","8/10",4.05614564783975e-05,0.00283118966219215,0,0,17.8171896316508,180.179756219162,"COPS4;COPS3;COPS6;COPS5;GPS1;SENP8;COPS7A;COPS8"
"Purine Nucleoside Bisphosphate Catabolic Process (GO:0034034)","7/8",4.71006364338991e-05,0.00313107087912967,0,0,31.1734860883797,310.588426150876,"NUDT8;SUCLA2;NUDT19;SUCLG2;FITM2;SUCLG1;MLYCD"
"Ribonucleoside Bisphosphate Catabolic Process (GO:0034031)","7/8",4.71006364338991e-05,0.00313107087912967,0,0,31.1734860883797,310.588426150876,"NUDT8;SUCLA2;NUDT19;SUCLG2;FITM2;SUCLG1;MLYCD"
"succinyl-CoA Metabolic Process (GO:0006104)","7/8",4.71006364338991e-05,0.00313107087912967,0,0,31.1734860883797,310.588426150876,"NUDT8;SUCLA2;NUDT19;OGDH;DLST;SUCLG2;SUCLG1"
"Alpha-Amino Acid Catabolic Process (GO:1901606)","15/29",5.03014664597868e-05,0.0032409621774398,0,0,4.77807935640084,47.290927318569,"MCCC2;MTRR;HIBADH;GOT2;MCCC1;HOGA1;THNSL2;DDO;ACAT1;ALDH4A1;HMGCL;ALDH6A1;IVD;PRODH;HIBCH"
"Regulation Of Muscle Contraction (GO:0006937)","15/29",5.03014664597868e-05,0.0032409621774398,0,0,4.77807935640084,47.290927318569,"MYLK2;TNNC1;TNNC2;TPM1;MYBPH;ATP1A2;CACNB1;TNNT1;MYL2;MYL3;TNNT3;TNNI1;CACNA1S;CACNG1;PPP1R12B"
"Proteasome-Mediated Ubiquitin-Dependent Protein Catabolic Process (GO:0043161)","87/319",5.22012833653984e-05,0.00331240870809528,0,0,1.68310791968767,16.5961231848581,"RNF10;TRIM72;GSK3A;UBXN1;UBXN2A;FAF1;PSMD8;ANKRD9;PSMD7;PSMD4;PSMD2;PSMD3;FBXO3;SKP1;FBXW4;FBXW5;KCTD2;UBE4B;RAD23A;ARMC8;RAD23B;SIRT2;RNF126;CDC34;PLAA;ANAPC5;RNF122;PRKN;PSMD12;ANAPC15;PSMD11;RNF34;ANAPC16;CUL5;DMAC2;CUL3;CUL2;CUL1;NEDD4L;UBR3;RNF5;PSMA7;FBXL22;USP19;ANAPC11;ECPAS;PSMB6;BAG6;DNAJB2;RMND5B;AMN1;ZNRF1;PSMB5;SHARPIN;HECTD1;MTA1;RMND5A;FEM1C;DCAF11;KLHDC2;AKIRIN2;KLHDC3;UBE2B;FEM1A;AMFR;KLHDC1;SGTA;TMUB1;FBXL17;WWP1;KLHL22;PEX10;UBE2G1;UBE2G2;PEX12;FBXO31;SPSB3;CUL4A;NSFL1C;NPLOC4;GID4;PSMC6;PSMC3;PSMC1;STUB1;ASB2;RNF187"
"Protein K48-linked Ubiquitination (GO:0070936)","27/70",5.78688397975727e-05,0.00361723434436171,0,0,2.80439857633086,27.3634465421648,"PRKN;RNF34;UBE2D4;UBE3C;UBE2D2;CUL3;CUL1;UBE2D1;NEDD4L;UBE3A;NT5C2;RNF5;ZNRF1;RNF115;ARIH2;SKP1;TRIM45;UBE2H;UBE2B;UBE2E3;UBE2G1;UBE2G2;RNF146;RNF126;CDC34;TRIM32;RNF187"
"Regulation Of Ryanodine-Sensitive Calcium-Release Channel Activity (GO:0060314)","13/24",8.64018287223838e-05,0.00532133615719622,0,0,5.26845504222553,49.2943086464654,"CAMK2D;GSTM2;PDE4D;JPH1;TRDN;JPH2;JSRP1;CASQ2;HRC;CALM3;DMD;NOS1;PRKACA"
"Muscle Cell Differentiation (GO:0042692)","17/37",0.000109728997447828,0.00666007306248554,0,0,3.79128829321663,34.5670592283346,"POPDC2;MYOG;TBX1;POPDC3;CHRNB1;MEF2C;ACTN3;ACTN2;MTLN;FBXO40;MYOD1;MYF6;SPEG;DMD;BVES;HDGFL2;MYF5"
"Heme Biosynthetic Process (GO:0006783)","11/19",0.000138606703481839,0.00829264105974203,0,0,6.1274235390497,54.4352348097039,"ATP5IF1;SLC25A38;ALAS1;ABCB6;FECH;COX15;UROS;HMBS;FXN;COX10;NFE2L1"
"Regulation Of Mitochondrial Translation (GO:0070129)","12/22",0.00014885592746586,0.00859288518710767,0,0,5.34837476099426,47.13272185495,"RPUSD4;TSFM;NGRN;MRPS27;FASTKD2;UQCC2;C1QBP;MTG2;RPUSD3;MALSU1;LRPPRC;RCC1L"
"Regulation Of Release Of Sequestered Calcium Ion Into Cytosol By Sarcoplasmic Reticulum (GO:0010880)","12/22",0.00014885592746586,0.00859288518710767,0,0,5.34837476099426,47.13272185495,"CAMK2D;GSTM2;PDE4D;DHRS7C;CASQ2;HRC;ATP1A2;CALM3;DMD;CASQ1;PRKACA;TRDN"
"ATP Biosynthetic Process (GO:0006754)","13/25",0.000149780472459136,0.00859288518710767,0,0,4.82912112932605,42.5268818551539,"ATP5PF;ATP5PD;ATP5PB;ATP5MC2;ATP5MC3;ATP5F1C;ATP5F1D;ATP5MC1;ATP5F1A;ATP5F1B;ATP5PO;ALDOA;ATP5ME"
"Muscle Cell Fate Commitment (GO:0042693)","7/9",0.000178050035460872,0.0100766695744612,0,0,15.58578832515,134.559061078955,"MYOG;TBX1;MEF2C;MYL2;MYOD1;MYF6;MYF5"
"Electron Transport Chain (GO:0022900)","9/14",0.000192380810779463,0.0107425444739252,0,0,8.01844978165939,68.6061270409977,"NDUFA5;ETFDH;ETFRF1;UQCRFS1;ETFA;ETFB;SDHA;SDHB;PPARGC1A"
"Mitochondrial Translational Elongation (GO:0070125)","5/5",0.000208436642707725,0.0114859560481573,0,0,81635,691928.091120652,"TSFM;GFM1;GFM2;MRPL44;TUFM"
"Mitochondrial Proton-Transporting ATP Synthase Complex Assembly (GO:0033615)","6/7",0.000225580759039462,0.0119586356817376,0,0,26.712844286883,224.303274532305,"ATPAF2;OXA1L;FMC1;ATP5F1D;TMEM70;ATPAF1"
"Proton-Transporting ATP Synthase Complex Assembly (GO:0043461)","6/7",0.000225580759039462,0.0119586356817376,0,0,26.712844286883,224.303274532305,"ATPAF2;OXA1L;FMC1;ATP5F1D;TMEM70;ATPAF1"
"Regulation Of Skeletal Muscle Fiber Development (GO:0048742)","6/7",0.000225580759039462,0.0119586356817376,0,0,26.712844286883,224.303274532305,"MYOG;MYOD1;MYF6;HDAC9;LMOD3;MYF5"
"Cardiac Muscle Cell Development (GO:0055013)","13/26",0.000249330545270434,0.0129632029043888,0,0,4.45737704918033,36.981658569017,"FHOD3;ADPRHL1;MYLK3;TTN;CSRP3;MYL2;TCAP;ALPK3;ALPK2;PDLIM5;ASB2;OBSL1;MYH6"
"Regulation Of Calcium Ion Transmembrane Transport (GO:1903169)","11/20",0.00025691161438975,0.0129632029043888,0,0,5.44626494326112,45.0230656392603,"CACNB1;CACNG6;CAMK2D;CAV3;CACNA2D1;PSEN2;HRC;ATP1A2;CACNG1;NOS1;TRDN"
"Regulation Of Cardiac Muscle Contraction By Calcium Ion Signaling (GO:0010882)","11/20",0.00025691161438975,0.0129632029043888,0,0,5.44626494326112,45.0230656392603,"CAMK2D;GSTM2;CASQ2;HRC;ATP2A2;ATP1A2;CALM3;DMD;TNNI3;ATP1B1;PRKACA"
"Regulation Of Membrane Depolarization (GO:0003254)","11/20",0.00025691161438975,0.0129632029043888,0,0,5.44626494326112,45.0230656392603,"CAMK2D;CAV3;FHL1;NEDD4L;GPD1L;SCN5A;SCN3B;SCN1B;HCN1;PTPN3;SCN2B"
"acetyl-CoA Biosynthetic Process (GO:0006085)","8/12",0.000313362321642616,0.0151372372668121,0,0,8.9075034106412,71.8670777379407,"PDHX;ACSS2;PDHA1;DLAT;MLYCD;PDHB;ACSS1;DLD"
"Mitochondrial Transcription (GO:0006390)","8/12",0.000313362321642616,0.0151372372668121,0,0,8.9075034106412,71.8670777379407,"MTERF3;MTERF2;MTERF4;TWNK;TFB2M;MRPL12;POLRMT;SLC25A33"
"Positive Regulation Of Fatty Acid Oxidation (GO:0046321)","8/12",0.000313362321642616,0.0151372372668121,0,0,8.9075034106412,71.8670777379407,"KLHL25;IRS1;AKT2;MLYCD;PPARA;MTLN;PPARGC1A;PLIN5"
"Modification-Dependent Protein Catabolic Process (GO:0019941)","55/192",0.000314455501960996,0.0151372372668121,0,0,1.79647181771596,14.4879487453683,"RNF11;UBE2D4;UBE3C;UBE2D2;KEAP1;UBE2D1;UBE3B;FBXO21;PSMD3;LONP1;ARIH2;ARIH1;RNF150;GET4;UBL7;FBXW4;UBE4B;FBXO10;RNF144B;RNF126;CDC34;RNF128;SQSTM1;PRKN;PSMD11;RNF34;CUL3;NEDD4L;UBR3;RCHY1;RNF5;ANAPC11;BAG6;C18ORF25;UBB;FEM1C;UBQLN4;UBL4A;UBE2H;KLHL25;UBE2B;FEM1A;KLHL22;UBE2G1;UBE2G2;CNOT4;RNF146;COPS3;PINK1;NPLOC4;NEDD4;KLHL8;STUB1;ASB2;TRIM32"
"Protein Quality Control For Misfolded Or Incompletely Synthesized Proteins (GO:0006515)","13/27",0.000400332922470645,0.0190522077193984,0,0,4.13873926619828,32.3782431801452,"ZYG11B;ZER1;CUL3;NGLY1;FBXL17;PEX10;OMA1;PEX12;RNF5;BAG6;CLPP;LONP1;STUB1"
"Regulation Of Sodium Ion Transmembrane Transporter Activity (GO:2000649)","16/37",0.000410124039846614,0.0192988705491867,0,0,3.39721603708478,26.4950608180511,"CAMK2D;CAV3;NEDD4L;OXSR1;NEDD4;SLMAP;WNK2;FXYD1;HECW1;DMD;GPD1L;SCN3B;FGF13;SCN1B;PTPN3;SCN2B"
"Mitochondrial Fusion (GO:0008053)","10/18",0.000444291133855066,0.0206743474287224,0,0,5.56886431886432,42.9862335473507,"FIS1;STOML2;MIGA2;CHCHD3;OPA1;MFN2;MIEF2;USP30;MFF;RCC1L"
"Mitochondrial Calcium Ion Homeostasis (GO:0051560)","11/21",0.000450155582457291,0.0207170503223202,0,0,4.90133806663026,37.7693057819726,"SLC8A3;FIS1;SMDT1;ANXA6;ATP2A1;C19ORF12;MICU2;MICU1;SLC25A23;MAIP1;MCU"
"Mitochondrial Protein Processing (GO:0034982)","7/10",0.000498859222180754,0.0224647572311075,0,0,10.3898890707401,78.9962655856172,"IMMP1L;IMMP2L;STOML2;ATP23;PMPCA;OMA1;SPG7"
"Sarcoplasmic Reticulum Calcium Ion Transport (GO:0070296)","7/10",0.000498859222180754,0.0224647572311075,0,0,10.3898890707401,78.9962655856172,"RYR1;SLN;ATP2A2;ATP2A1;NOL3;RYR3;TRDN"
"Cardiac Muscle Tissue Morphogenesis (GO:0055008)","14/31",0.000548500367055376,0.0244374418854034,0,0,3.67088404096265,27.5621816399633,"MYLK2;TNNC1;NOG;TPM1;PROX1;TTN;MYL2;TNNT2;MYL3;ANKRD1;TCAP;TNNI3;MYH6;MYH7"
"Regulation Of Sodium Ion Transmembrane Transport (GO:1902305)","13/28",0.000622330439553402,0.0274349461142068,0,0,3.86258652094718,28.5137657019565,"CAMK2D;CAV3;NEDD4L;SLMAP;FXYD1;NOS1;SCN5A;GPD1L;SCN3B;SCN1B;SNTA1;PTPN3;SCN2B"
"Relaxation Of Muscle (GO:0090075)","8/13",0.000683309198279467,0.0298093637749417,0,0,7.12556616643929,51.9351385896572,"KBTBD13;CAMK2D;GSTM2;PLN;ATP1A2;ATP2A1;ATP1B1;KCNJ2"
"Protein Methylation (GO:0006479)","15/35",0.000693778675195397,0.0299540731104982,0,0,3.34342536905413,24.3179281847833,"N6AMT1;SETD3;ICMT;PRMT7;PRMT1;GSPT1;PCMT1;METTL21EP;METTL22;METTL21C;CARM1;ETFBKMT;SNRPD3;FAM98A;LCMT1"
"Translational Termination (GO:0006415)","6/8",0.000761025584124525,0.032522195370546,0,0,13.3556040359967,95.9045035200323,"MTRF1;GFM2;MRPL58;APEH;MTRF1L;GSPT1"
"Protein Targeting To Peroxisome (GO:0006625)","9/16",0.000770043357805125,0.0325751674998774,0,0,5.72676232064878,41.0555240768756,"PEX7;PEX19;ZFAND6;PEX6;PEX5;PEX10;PEX1;PEX12;PEX14"
"Regulation Of Calcium Ion Transmembrane Transporter Activity (GO:1901019)","14/32",0.00081150904457165,0.0339859987866607,0,0,3.46673347301934,24.6714075237488,"YWHAE;CAMK2D;CAV3;PDE4D;JPH1;CACNB1;JPH2;PLN;JSRP1;SLN;HRC;DMD;NOS1;PRKACA"
"Regulation Of Mitochondrial Membrane Potential (GO:0051881)","16/39",0.000829389943610508,0.0343909414241664,0,0,3.10142549725957,22.0040560655392,"TUSC2;PARK7;MTLN;SOD1;ATP5IF1;PRDX3;HEBP2;PINK1;UBB;AKT2;BCL2;NDUFS1;BCO2;MAPT;SLC25A33;RNF122"
"Regulation Of Protein Modification By Small Protein Conjugation Or Removal (GO:1903320)","13/29",0.000939632547587091,0.03858020695387,0,0,3.62095286885246,25.2381199472726,"PRKN;HSP90AB1;GPS1;DCUN1D2;COPS7A;DNAJB2;COPS4;COPS3;COPS6;PINK1;COPS5;COPS8;WASHC1"
"Leucine Metabolic Process (GO:0006551)","5/6",0.00105944697002798,0.0422567991474017,0,0,22.2546346782988,152.44443077751,"MCCC2;HMGCL;IVD;MCCC1;BCAT2"
"Short-Chain Fatty Acid Metabolic Process (GO:0046459)","5/6",0.00105944697002798,0.0422567991474017,0,0,22.2546346782988,152.44443077751,"MCEE;PCCA;OXSM;PCCB;CRAT"
"Skeletal Muscle Thin Filament Assembly (GO:0030240)","5/6",0.00105944697002798,0.0422567991474017,0,0,22.2546346782988,152.44443077751,"ACTC1;TCAP;PROX1;LMOD3;TTN"
"Respiratory Chain Complex IV Assembly (GO:0008535)","12/26",0.00107318611015396,0.0424009757483472,0,0,3.81933117415226,26.1132384742248,"COX19;COA1;COX15;COX17;COX14;TIMM21;SMIM20;PET117;COX10;COA5;SLC25A46;COX20"
"Regulation Of Microtubule Polymerization (GO:0031113)","16/40",0.00114902422031106,0.0443313782173164,0,0,2.97201713608605,20.1171150124411,"CAV3;PRUNE1;DYRK1A;ARL2;SLAIN2;GBA2;CAMSAP1;PAK1;CLIP1;AKAP9;DRG1;TOGARAM1;MAPRE3;MAPT;CLASP1;CDK5RAP2"
"Negative Regulation Of Potassium Ion Transmembrane Transport (GO:1901380)","7/11",0.00115380139104286,0.0443313782173164,0,0,7.79193944353519,52.7100800063316,"CAB39;CAV3;BIN1;KCNE5;CASQ2;NEDD4L;OXSR1"
"Regulation Of Muscle System Process (GO:0090257)","7/11",0.00115380139104286,0.0443313782173164,0,0,7.79193944353519,52.7100800063316,"SLN;TNNC1;TNNC2;TPM1;ATP1A2;DMD;PPP1R12B"
"Response To Unfolded Protein (GO:0006986)","17/44",0.00128787834738423,0.0490330410804104,0,0,2.80715617148878,18.6809480957212,"PRKN;HSPA8;PACRG;HSP90AB1;HSPA1L;HSPB8;HSPB7;HSPB2;DAB2IP;HSPB1;HSPB3;HSPA2;DNAJB2;DNAJB5;DNAJB4;HSF1;OPTN"
"Sulfur Compound Catabolic Process (GO:0044273)","10/20",0.00131097482069534,0.049149618941994,0,0,4.45454545454545,29.5647481588896,"MPST;NUDT8;SUCLA2;TST;GPC1;NUDT19;SUCLG2;FITM2;SUCLG1;MLYCD"
"Mitochondrial Calcium Ion Transmembrane Transport (GO:0006851)","8/14",0.00133788361016889,0.049149618941994,0,0,5.93760800363802,39.2871708335743,"SLC8A3;SMDT1;GHITM;MICU2;MICU1;SLC25A23;MAIP1;MCU"
"Myotube Cell Development (GO:0014904)","8/14",0.00133788361016889,0.049149618941994,0,0,5.93760800363802,39.2871708335743,"RYR1;PPP3CB;MYOD1;SIX1;TMEM182;KLHL40;LMOD3;MYORG"
"Striated Muscle Cell Development (GO:0055002)","8/14",0.00133788361016889,0.049149618941994,0,0,5.93760800363802,39.2871708335743,"TMOD1;TMOD4;FLII;MYOZ1;KLHL41;LMOD3;MYH6;LMOD2"
"Regulation Of Blood Circulation (GO:1903522)","14/34",0.00166086751195098,0.0604844620873973,0,0,3.11967750751571,19.967231386742,"CYP2J2;CAMK2D;CAV3;DMPK;KCNJ12;S100A1;KCNE5;HSPB7;TPM1;PLN;DES;TNNT2;FXYD1;MYH6"
"Negative Regulation Of Ion Transmembrane Transporter Activity (GO:0032413)","11/24",0.00185443946368857,0.0658168853722689,0,0,3.76956686132,23.7112269558052,"YWHAE;CAMK2D;PLN;CAB39;CAV3;SLN;NEDD4;HECW1;CASQ2;NEDD4L;OXSR1"
"Neuromuscular Junction Development (GO:0007528)","11/24",0.00185443946368857,0.0658168853722689,0,0,3.76956686132,23.7112269558052,"CHRNA1;CACNB1;UNC13C;MUSK;DNAJA3;NEDD4;DOK7;DVL1;PDZRN3;GPHN;KY"
"Peroxisome Organization (GO:0007031)","11/24",0.00185443946368857,0.0658168853722689,0,0,3.76956686132,23.7112269558052,"FIS1;PEX7;ACOT8;PEX19;PEX6;PEX10;PEX1;MFF;PEX12;DNM1L;PEX14"
"[2Fe-2S] Cluster Assembly (GO:0044571)","6/9",0.00192698347760587,0.0661492361001097,0,0,8.90319061903463,55.6609623376588,"NFS1;GLRX5;NDUFAB1;FDX2;FXN;ISCU"
"Calcium Import Into The Mitochondrion (GO:0036444)","6/9",0.00192698347760587,0.0661492361001097,0,0,8.90319061903463,55.6609623376588,"SMDT1;MICU2;MICU1;SLC25A23;MAIP1;MCU"
"Mitochondrial RNA Processing (GO:0000963)","6/9",0.00192698347760587,0.0661492361001097,0,0,8.90319061903463,55.6609623376588,"SUPV3L1;FASTKD1;FASTKD2;FASTK;FASTKD5;TBRG4"
"Positive Regulation Of Skeletal Muscle Tissue Development (GO:0048643)","6/9",0.00192698347760587,0.0661492361001097,0,0,8.90319061903463,55.6609623376588,"MYOG;MEF2C;MYOD1;MYF6;LMOD3;MYF5"
"Regulation Of Sodium Ion Transport (GO:0002028)","14/35",0.0023055951921088,0.0785027045898507,0,0,2.97093923658559,18.040780197216,"SPTBN4;NEDD4L;ANK3;NKAIN2;NKAIN1;PER1;NEDD4;SLMAP;NOS1;SCN5A;GPD1L;SCN3B;SCN1B;SNTA1"
"Negative Regulation Of Potassium Ion Transport (GO:0043267)","7/12",0.00233042151775892,0.0787081073901157,0,0,6.23316966721222,37.7836427116152,"CAB39;CAV3;BIN1;KCNE5;CASQ2;NEDD4L;NOS1"
"Pyruvate Metabolic Process (GO:0006090)","18/50",0.00239370925390811,0.0801988348429374,0,0,2.5077804377565,15.1342320680056,"GPI;PDHX;PFKFB1;TPI1;PDHA1;PGAM2;HOGA1;PDHB;ENO3;HK1;PKM;ME3;VDAC1;DLAT;DLD;GAPDH;PFKM;PGM1"
"Positive Regulation Of Striated Muscle Cell Differentiation (GO:0051155)","11/25",0.0027670456004544,0.0918512032313199,0,0,3.50009752672232,20.6154872736895,"MYOG;MESP1;MEF2C;MYOD1;MYF6;SMYD1;PROX1;RBM24;LMOD3;MYLK3;MYF5"
"Muscle Cell Development (GO:0055001)","13/32",0.00278536361279313,0.0918512032313199,0,0,3.04866264020708,17.9364312099353,"CHRNB1;ACTN3;CAV3;ACTN2;TTN;BIN1;MYOD1;TCAP;DMD;ALPK3;ALPK2;ASB2;MYH6"
"ATP Synthesis Coupled Electron Transport (GO:0042773)","5/7",0.00314412496113433,0.100515994940691,0,0,11.1266357688113,64.1141193688837,"NDUFB6;NDUFA12;NDUFS2;NDUFV3;NDUFV1"
"Establishment Of Protein Localization To Peroxisome (GO:0072663)","5/7",0.00314412496113433,0.100515994940691,0,0,11.1266357688113,64.1141193688837,"PEX19;PEX6;ZFAND6;PEX1;PEX12"
"Malate Metabolic Process (GO:0006108)","5/7",0.00314412496113433,0.100515994940691,0,0,11.1266357688113,64.1141193688837,"FH;MDH1;MDH2;ME3;MDH1B"
"Peptidyl-Lysine Deacetylation (GO:0034983)","5/7",0.00314412496113433,0.100515994940691,0,0,11.1266357688113,64.1141193688837,"HDAC4;SIRT4;HDAC9;SIRT2;SIRT3"
"Protein Neddylation (GO:0045116)","10/22",0.003211947338844,0.101906329205141,0,0,3.71166621166621,21.3082224456742,"COPS4;COPS3;COPS6;COPS5;GPS1;COPS2;DCUN1D2;COPS7A;COPS8;UBE2M"
"Positive Regulation Of Microtubule Polymerization (GO:0031116)","12/29",0.00335123302876012,0.104738536749607,0,0,3.14475312113373,17.9201458817806,"PAK1;CLIP1;CAV3;DRG1;ARL2;TOGARAM1;PDE4DIP;SLAIN2;MAPT;CKAP5;CLASP1;CDK5RAP2"
"Regulation Of Striated Muscle Contraction (GO:0006942)","12/29",0.00335123302876012,0.104738536749607,0,0,3.14475312113373,17.9201458817806,"SLC8A3;CAV3;MYL2;MYL3;TNNT3;TNNI1;MYBPH;ATP1A2;DMD;CALM3;NOS1;PRKACA"
"Negative Regulation Of Calcium Ion Transmembrane Transport (GO:1903170)","9/19",0.00365803668905201,0.112646012159925,0,0,4.00799672489083,22.4881830505248,"YWHAE;PPP3CB;PLN;PPP3CC;SLN;BIN1;ATP1A2;VDAC1;NOS1"
"Positive Regulation Of Mitochondrial Fission (GO:0090141)","9/19",0.00365803668905201,0.112646012159925,0,0,4.00799672489083,22.4881830505248,"PRKN;FIS1;PINK1;BNIP3;MIEF2;PGAM5;MFF;DNM1L;MCU"
"Fatty Acid Oxidation (GO:0019395)","18/52",0.00390717121323463,0.119439657233771,0,0,2.35997424961777,13.0859194900338,"PHYH;ACAA2;ECHS1;ECI1;ECI2;MTLN;MCAT;PEX13;ACAT1;HADHB;HADHA;AUH;CPT2;ECHDC2;ACADM;ACADS;PPARGC1A;DECR1"
"Regulation Of Potassium Ion Transmembrane Transporter Activity (GO:1901016)","11/26",0.00400921257671755,0.120012127486787,0,0,3.26655743673767,18.0286545205558,"YWHAE;KCNE2;CAB39;CAV3;NEDD4;FHL1;AKAP9;CASQ2;NEDD4L;OXSR1;ATP1B1"
"Negative Regulation Of ATP-dependent Activity (GO:0032780)","8/16",0.00404389481160014,0.120012127486787,0,0,4.45266030013643,24.5365938105862,"OXA1L;PLN;SLN;TNNT2;PAM16;PPIF;TSC1;TNNI3"
"Regulation Of Cardiac Muscle Contraction By Regulation Of The Release Of Sequestered Calcium Ion (GO:0010881)","8/16",0.00404389481160014,0.120012127486787,0,0,4.45266030013643,24.5365938105862,"CAMK2D;GSTM2;CASQ2;HRC;ATP1A2;CALM3;DMD;PRKACA"
"Regulation Of Fatty Acid Oxidation (GO:0046320)","8/16",0.00404389481160014,0.120012127486787,0,0,4.45266030013643,24.5365938105862,"ACADVL;FABP3;KLHL25;SIRT4;PDK4;MLYCD;PPARA;PPARGC1A"
"Regulation Of Calcium Ion Transmembrane Transport Via High Voltage-Gated Calcium Channel (GO:1902514)","6/10",0.00406917910771817,0.120012127486787,0,0,6.67698391055359,36.752215971938,"CACNB1;CACNG6;CAMK2D;CACNA2D1;CACNG1;NOS1"
"Protein Import Into Peroxisome Matrix (GO:0016558)","7/13",0.00425205962753641,0.12366406750085,0,0,5.19398981633024,28.3610116178049,"PEX7;PEX6;PEX5;PEX10;PEX12;PEX13;PEX14"
"Ubiquinone Biosynthetic Process (GO:0006744)","7/13",0.00425205962753641,0.12366406750085,0,0,5.19398981633024,28.3610116178049,"NDUFA9;COQ3;COQ9;COQ8A;COQ7;COQ6;COQ5"
"Cardiac Muscle Cell Action Potential Involved In Contraction (GO:0086002)","12/30",0.00466424786363906,0.134716345192554,0,0,2.96986251479559,15.9417132043787,"KCNE2;CAV3;KCNE5;CACNA2D1;NEDD4L;SCN5A;GPD1L;SCN3B;KCNJ2;SCN1B;SNTA1;SCN2B"
"acetyl-CoA Biosynthetic Process From Pyruvate (GO:0006086)","4/5",0.00484623275691761,0.136214918026651,0,0,17.7988552739166,94.8599536817503,"PDHX;PDHA1;PDHB;DLD"
"Positive Regulation Of Skeletal Muscle Fiber Development (GO:0048743)","4/5",0.00484623275691761,0.136214918026651,0,0,17.7988552739166,94.8599536817503,"MYOG;MYOD1;MYF6;MYF5"
"Protein Repair (GO:0030091)","4/5",0.00484623275691761,0.136214918026651,0,0,17.7988552739166,94.8599536817503,"PCMT1;MSRB2;MSRB3;MSRB1"
"succinyl-CoA Catabolic Process (GO:1901289)","4/5",0.00484623275691761,0.136214918026651,0,0,17.7988552739166,94.8599536817503,"NUDT8;SUCLA2;SUCLG2;SUCLG1"
"Regulation Of Proteasomal Protein Catabolic Process (GO:0061136)","18/53",0.00491838516558794,0.137321313823215,0,0,2.29240570646863,12.1836205861179,"PRKN;GABARAPL2;OSBPL7;HSP90AB1;KCNE2;ARAF;DAB2IP;RAD23A;PKD1;RAD23B;UCHL5;USP19;PINK1;PSMC6;UBB;PSMC3;PRKACA;UBQLN4"
"Regulation Of Metal Ion Transport (GO:0010959)","13/34",0.00517799026886732,0.143612074476929,0,0,2.75797553994275,14.5161582263476,"CAMK2B;SPTBN4;CACNA2D1;ANK3;NKAIN2;NKAIN1;PER1;PLN;SLN;STIM1;BCL2;NOS1;CAMK2G"
"Cellular Response To Nutrient Levels (GO:0031669)","24/78",0.00549391397521069,0.15137178768541,0,0,1.98203465180719,10.3147349724458,"HSPA8;PRKAB2;PRKAA2;KCNB1;MAPKAP1;PRKAG1;TFEB;TSC1;WIPI1;ATG14;PRKAG3;MTOR;RPTOR;MAP1LC3B;MAP1LC3A;RRAGB;RRAGD;MLST8;PDK4;ULK1;PPARA;PDK2;EIF4G1;OTUD3"
"Positive Regulation Of Calcium Ion Transmembrane Transporter Activity (GO:1901021)","11/27",0.00565766418408214,0.154864690215268,0,0,3.06220985800109,15.8461525802155,"JPH2;PPP3CB;GSTM2;PPP3CC;STAC3;AKAP6;ATP2A1;CALM3;CASQ1;ATP1B1;TRDN"
"Cardiac Conduction (GO:0061337)","16/46",0.00600986244062007,0.163437038320239,0,0,2.37673867468781,12.1554815672275,"YWHAE;MEF2A;SPTBN4;CAMK2D;KCNE2;KCNE5;CACNA2D1;BIN1;AKAP9;CTNNA3;SCN5A;SCN3B;KCNJ2;SCN1B;HCN1;SCN2B"
"acyl-CoA Metabolic Process (GO:0006637)","12/31",0.00635736560964712,0.17017839797671,0,0,2.81338144596673,14.2304806024829,"MCEE;ACOT8;SUCLA2;OXSM;ACOT2;OGDH;DLST;ACOT1;SUCLG2;MLYCD;ACACB;ACSF2"
"Peroxisomal Membrane Transport (GO:0015919)","8/17",0.00642029295136584,0.17017839797671,0,0,3.95767773230256,19.9795109794688,"PEX7;PEX19;PEX6;PEX5;PEX10;PEX1;PEX12;PEX14"
"Positive Regulation Of Fatty Acid Metabolic Process (GO:0045923)","8/17",0.00642029295136584,0.17017839797671,0,0,3.95767773230256,19.9795109794688,"KAT2B;MLXIPL;KLHL25;MID1IP1;MLYCD;PPARA;PPARGC1A;SIRT2"
"Ventricular Cardiac Muscle Cell Action Potential (GO:0086005)","8/17",0.00642029295136584,0.17017839797671,0,0,3.95767773230256,19.9795109794688,"KCNE2;CAV3;KCNE5;NEDD4L;GPD1L;SCN5A;SCN3B;SNTA1"
"Regulation Of Supramolecular Fiber Organization (GO:1902903)","10/24",0.00683130987927268,0.178644233094351,0,0,3.18103818103818,15.8614161316766,"HSPA8;CSF3;HAX1;PRUNE1;ARL2;MAPRE3;PARK7;MAPT;GBA2;CAMSAP1"
"Hexose Biosynthetic Process (GO:0019319)","13/35",0.0068753180271335,0.178644233094351,0,0,2.63245156482861,13.1091280492959,"GPI;PFKFB1;TPI1;MDH1;MDH2;PGAM2;ENO3;POLR2D;SLC37A4;SLC25A12;PPARGC1A;PGM1;ATF4"
"Mitochondrial Fragmentation Involved In Apoptotic Process (GO:0043653)","5/8",0.00711597337770853,0.178644233094351,0,0,7.41730279898219,36.6816275441169,"FIS1;ERBB4;BNIP3;DNM1L;MFF"
"Peroxisomal Transport (GO:0043574)","5/8",0.00711597337770853,0.178644233094351,0,0,7.41730279898219,36.6816275441169,"PEX19;PEX6;ZFAND6;PEX1;PEX12"
"Positive Regulation Of Fatty Acid Beta-Oxidation (GO:0032000)","5/8",0.00711597337770853,0.178644233094351,0,0,7.41730279898219,36.6816275441169,"IRS1;AKT2;PPARA;MTLN;PLIN5"
"Regulation Of Skeletal Muscle Cell Differentiation (GO:2001014)","5/8",0.00711597337770853,0.178644233094351,0,0,7.41730279898219,36.6816275441169,"MEF2C;UQCC2;GPC1;NR1D2;KLHL41"
"Skeletal Myofibril Assembly (GO:0014866)","5/8",0.00711597337770853,0.178644233094351,0,0,7.41730279898219,36.6816275441169,"ACTC1;TCAP;PROX1;LMOD3;TTN"
"Ubiquitin-Dependent Protein Catabolic Process Via The C-end Degron Rule Pathway (GO:0140627)","5/8",0.00711597337770853,0.178644233094351,0,0,7.41730279898219,36.6816275441169,"KLHDC2;KLHDC3;FEM1A;KLHDC1;FEM1C"
"Positive Regulation Of Mitochondrial Translation (GO:0070131)","7/14",0.00716624430750979,0.178644233094351,0,0,4.45171849427169,21.9842489446849,"RPUSD4;NGRN;MRPS27;FASTKD2;UQCC2;RPUSD3;RCC1L"
"Ubiquinone Metabolic Process (GO:0006743)","7/14",0.00716624430750979,0.178644233094351,0,0,4.45171849427169,21.9842489446849,"COQ3;COQ2;COQ9;COQ8A;COQ7;COQ6;COQ5"
"Negative Regulation Of Mitochondrion Organization (GO:0010823)","14/39",0.00723643460528099,0.179326556964005,0,0,2.49497676960918,12.2968090021076,"PRKN;BNIP3;MPV17L;FZD9;GHITM;OMA1;TRIAP1;NOL3;PINK1;OPA1;PPIF;MAPT;FXN;SLC25A4"
"Cell Part Morphogenesis (GO:0032990)","6/11",0.00756764390944354,0.182145360303158,0,0,5.34125988546496,26.0860376137692,"SUPV3L1;FIS1;MYH7B;NUBPL;DNM1L;MFF"
"Mitochondrial Genome Maintenance (GO:0000002)","6/11",0.00756764390944354,0.182145360303158,0,0,5.34125988546496,26.0860376137692,"MEF2A;OPA1;PARP1;LONP1;SLC25A33;SLC25A4"
"Negative Regulation Of Heart Contraction (GO:0045822)","6/11",0.00756764390944354,0.182145360303158,0,0,5.34125988546496,26.0860376137692,"SPTBN4;PLN;RNLS;PDE4D;ATP1A2;SPX"
"Retinoic Acid Receptor Signaling Pathway (GO:0048384)","6/11",0.00756764390944354,0.182145360303158,0,0,5.34125988546496,26.0860376137692,"RXRB;TBX1;RXRA;THRB;THRA;RXRG"
"Skeletal Muscle Fiber Development (GO:0048741)","6/11",0.00756764390944354,0.182145360303158,0,0,5.34125988546496,26.0860376137692,"RYR1;PPP3CB;SIX1;KLHL40;LMOD3;MYORG"
"Regulation Of Glucose Metabolic Process (GO:0010906)","11/28",0.00779576870118185,0.186563881831712,0,0,2.88190317088059,13.9892599229802,"PRKN;BCKDK;IRS1;SDHAF3;AKT2;RORC;PDK4;FOXK2;MLYCD;PDK2;GNMT"
"Gluconeogenesis (GO:0006094)","12/32",0.00850057094232302,0.201132153143779,0,0,2.67254848402076,12.7417008096627,"GPI;PFKFB1;TPI1;MDH1;MDH2;POLR2D;PGAM2;SLC37A4;SLC25A12;ENO3;PPARGC1A;PGM1"
"Purine Ribonucleoside Triphosphate Metabolic Process (GO:0009205)","12/32",0.00850057094232302,0.201132153143779,0,0,2.67254848402076,12.7417008096627,"HSPA8;MYH3;OPA1;OLA1;MYH8;ATP1A2;NDUFS1;ATP1B1;CLPX;MYH6;RHOQ;MYH7"
"Purine Ribonucleotide Catabolic Process (GO:0009154)","10/25",0.00954082496758387,0.224477387439557,0,0,2.96878696878697,13.8113174744584,"NUDT8;SUCLA2;NT5C1A;NUDT19;SUCLG2;FITM2;SUCLG1;MLYCD;NT5C2;NUDT3"
"Cardiac Muscle Cell Contraction (GO:0086003)","8/18",0.00971923815311774,0.226134274362539,0,0,3.56169167803547,16.5036256733084,"CAMK2D;KCNE2;CACNA2D1;SCN5A;SCN3B;KCNJ2;SCN1B;SCN2B"
"Regulation Of Protein Neddylation (GO:2000434)","8/18",0.00971923815311774,0.226134274362539,0,0,3.56169167803547,16.5036256733084,"COPS4;COPS3;COPS6;COPS5;GPS1;DCUN1D2;COPS7A;COPS8"
"Heart Development (GO:0007507)","44/171",0.0102429060559871,0.237001605317536,0,0,1.54659642468913,7.08522099612548,"POPDC2;MESP1;POPDC3;SRF;LDB3;PKD1;HDAC9;CSRP3;PDLIM3;SGCD;PDLIM2;FLRT3;ERBB4;DVL1;POLR2D;SMYD4;TNNI3;NDUFV2;PDLIM5;BVES;MEF2D;SGCG;PDLIM7;MEF2A;TBX1;MEF2C;PRMT1;TSC2;PTPN11;OXSR1;BMP5;POU6F1;KAT2B;MTHFD1;SYNPO2L;MYL2;TCAP;ALPK3;TAB2;ALPK2;CRELD1;ZFPM2;MYH6;MYH7"
"Positive Regulation Of Translation (GO:0045727)","30/108",0.0104893606373506,0.240566933202249,0,0,1.71551341877996,7.81827023256265,"FASTKD2;YBX1;YBX3;RCC1L;FXR1;NGRN;BOLL;FXR2;C1QBP;METTL5;PAIP1;EIF2B5;MRPS27;UQCC2;NSUN5;PRMT1;CNBP;CIRBP;SAMD4A;EEF2;MTOR;RPUSD4;PKM;CSDE1;RPUSD3;GUF1;PRR16;CPEB3;EIF3C;EIF4G3"
"Cardiac Muscle Cell Action Potential (GO:0086001)","11/29",0.0105118788863447,0.240566933202249,0,0,2.7216305601068,12.3977058093101,"YWHAE;KCNE2;CACNA2D1;ATP1A2;DMD;SCN5A;SCN3B;ATP1B1;KCNJ2;SCN1B;SCN2B"
"Negative Regulation Of Cation Transmembrane Transport (GO:1904063)","7/15",0.011330622621799,0.256500797514022,0,0,3.89501500272777,17.4506263677345,"CAMK2D;CAB39;CAV3;BIN1;KCNE5;PPIF;NEDD4L"
"Regulation Of Carbohydrate Metabolic Process (GO:0006109)","7/15",0.011330622621799,0.256500797514022,0,0,3.89501500272777,17.4506263677345,"PRKN;BCKDK;RORC;PDK4;FOXK2;MLYCD;PDK2"
"Mitochondrial Cytochrome C Oxidase Assembly (GO:0033617)","9/22",0.0116397187158358,0.258777431890246,0,0,3.08250755794424,13.7274295550539,"COX19;COA1;COX17;COX14;TIMM21;SMIM20;PET117;COA5;COX20"
"Organelle Fission (GO:0048285)","9/22",0.0116397187158358,0.258777431890246,0,0,3.08250755794424,13.7274295550539,"PRKN;FIS1;PEX19;OPA1;MTFR1L;TMCC1;MFF;DNM1L;SLC25A46"
"Neurogenesis (GO:0022008)","16/49",0.0117276529377255,0.258777431890246,0,0,2.16027377963391,9.60415754116408,"MESP1;ROGDI;RITA1;SIX1;WDR62;BTBD6;TRAK1;SIX4;BTBD1;ERBB4;BTBD2;KAT8;NDUFS2;MAPT;EPHB1;CDK5RAP2"
"Regulation Of Release Of Cytochrome C From Mitochondria (GO:0090199)","14/41",0.0117679078358489,0.258777431890246,0,0,2.30988025467391,10.2613638303268,"PRKN;MOAP1;BNIP3;GHITM;TRIAP1;MFF;NOL3;MLLT11;PINK1;OPA1;FAM162A;PPIF;DNM1L;FXN"
"Cellular Response To Caffeine (GO:0071313)","4/6",0.0124198337655061,0.258777431890246,0,0,8.89888252929954,39.0523952480509,"RYR1;GSTM2;CASQ2;RYR3"
"Negative Regulation Of Heart Rate (GO:0010459)","4/6",0.0124198337655061,0.258777431890246,0,0,8.89888252929954,39.0523952480509,"SPTBN4;PLN;RNLS;SPX"
"Peptidyl-Arginine Modification (GO:0018195)","4/6",0.0124198337655061,0.258777431890246,0,0,8.89888252929954,39.0523952480509,"PRMT7;PRMT1;NDUFAF5;PARK7"
"Positive Regulation Of Mitophagy In Response To Mitochondrial Depolarization (GO:0098779)","4/6",0.0124198337655061,0.258777431890246,0,0,8.89888252929954,39.0523952480509,"PRKN;PINK1;MFN2;OPTN"
"Protein Import Into Peroxisome Matrix, Receptor Recycling (GO:0016562)","4/6",0.0124198337655061,0.258777431890246,0,0,8.89888252929954,39.0523952480509,"PEX6;PEX5;PEX10;PEX12"
"Regulation Of Atrial Cardiac Muscle Cell Membrane Depolarization (GO:0060371)","4/6",0.0124198337655061,0.258777431890246,0,0,8.89888252929954,39.0523952480509,"SCN5A;SCN3B;SCN1B;SCN2B"
"Regulation Of Cellular Response To Hypoxia (GO:1900037)","4/6",0.0124198337655061,0.258777431890246,0,0,8.89888252929954,39.0523952480509,"CHCHD2;DDAH1;ROCK2;USP19"
"Regulation Of Mitochondrial mRNA Stability (GO:0044528)","4/6",0.0124198337655061,0.258777431890246,0,0,8.89888252929954,39.0523952480509,"FASTKD1;FASTKD2;FASTKD5;TBRG4"
"Regulation Of Striated Muscle Cell Differentiation (GO:0051153)","4/6",0.0124198337655061,0.258777431890246,0,0,8.89888252929954,39.0523952480509,"HDAC5;MESP1;HDAC9;RBM24"
"Release Of Sequestered Calcium Ion Into Cytosol By Sarcoplasmic Reticulum (GO:0014808)","4/6",0.0124198337655061,0.258777431890246,0,0,8.89888252929954,39.0523952480509,"RYR1;NOL3;RYR3;TRDN"
"Response To Caffeine (GO:0031000)","4/6",0.0124198337655061,0.258777431890246,0,0,8.89888252929954,39.0523952480509,"RYR1;GSTM2;CASQ2;RYR3"
"Skeletal Muscle Cell Differentiation (GO:0035914)","4/6",0.0124198337655061,0.258777431890246,0,0,8.89888252929954,39.0523952480509,"MYLK2;SIX4;KLHL40;KLHL41"
"Cristae Formation (GO:0042407)","6/12",0.0128048797535912,0.259066842550918,0,0,4.45077720207254,19.3961708187216,"CHCHD3;SAMM50;APOOL;DNAJC11;IMMT;SLC25A46"
"Positive Regulation Of Sodium Ion Transport (GO:0010765)","6/12",0.0128048797535912,0.259066842550918,0,0,4.45077720207254,19.3961708187216,"ANK3;GPD1L;NOS1;SCN5A;SCN3B;SCN1B"
"Quinone Biosynthetic Process (GO:1901663)","6/12",0.0128048797535912,0.259066842550918,0,0,4.45077720207254,19.3961708187216,"COQ3;COQ8A;COQ9;COQ7;COQ6;COQ5"
"Regulation Of Cell Communication By Electrical Coupling (GO:0010649)","6/12",0.0128048797535912,0.259066842550918,0,0,4.45077720207254,19.3961708187216,"CAMK2D;PDE4D;CASQ2;HRC;CALM3;TRDN"
"Relaxation Of Cardiac Muscle (GO:0055119)","6/12",0.0128048797535912,0.259066842550918,0,0,4.45077720207254,19.3961708187216,"CAMK2D;GSTM2;PLN;ATP1A2;ATP1B1;KCNJ2"
"Ribosome Disassembly (GO:0032790)","6/12",0.0128048797535912,0.259066842550918,0,0,4.45077720207254,19.3961708187216,"HBS1L;GFM2;EIF2D;MTIF2;MTIF3;MRRF"
"Protein Modification By Small Protein Removal (GO:0070646)","31/114",0.0128723206834118,0.259179226067925,0,0,1.66585286781392,7.25091772454686,"OTUD4;PRKN;USP13;USP15;USP38;USP31;USP10;GPS1;OTUD7B;COPS7A;USP19;OTUD6B;SENP8;USP30;USP46;USP24;USP47;USP25;ZRANB1;USP6;USP21;USP2;USP28;UCHL5;COPS4;COPS3;COPS6;COPS5;COPS2;COPS8;OTUD3"
"Negative Regulation Of Catalytic Activity (GO:0043086)","10/26",0.012998088912459,0.259219030311326,0,0,2.78306715806716,12.0867296937321,"ATP5IF1;OXA1L;PLN;SLN;CAMK2A;NOSIP;NOS1;PHPT1;NES;SERPINA5"
"Positive Regulation Of Microtubule Polymerization Or Depolymerization (GO:0031112)","10/26",0.012998088912459,0.259219030311326,0,0,2.78306715806716,12.0867296937321,"PAK1;CLIP1;CAV3;DRG1;ARL2;TOGARAM1;SLAIN2;MAPT;CLASP1;CDK5RAP2"
"Carnitine Metabolic Process (GO:0009437)","5/9",0.0136022296370825,0.263346877440823,0,0,5.56263631406761,23.9055494666387,"TMLHE;CPT2;ACADM;CPT1B;CRAT"
"Mitochondrial Ribosome Assembly (GO:0061668)","5/9",0.0136022296370825,0.263346877440823,0,0,5.56263631406761,23.9055494666387,"NGRN;MTERF3;FASTKD2;MTERF4;MRPS2"
"Mitochondrion Morphogenesis (GO:0070584)","5/9",0.0136022296370825,0.263346877440823,0,0,5.56263631406761,23.9055494666387,"SUPV3L1;FIS1;MYH7B;NUBPL;MFF"
"Negative Regulation Of Potassium Ion Transmembrane Transporter Activity (GO:1901017)","5/9",0.0136022296370825,0.263346877440823,0,0,5.56263631406761,23.9055494666387,"CAB39;CAV3;CASQ2;NEDD4L;OXSR1"
"Positive Regulation Of Mitochondrial Membrane Permeability (GO:0035794)","5/9",0.0136022296370825,0.263346877440823,0,0,5.56263631406761,23.9055494666387,"HEBP2;GSK3A;PPIF;CHCHD10;SPG7"
"Positive Regulation Of Sodium Ion Transmembrane Transport (GO:1902307)","5/9",0.0136022296370825,0.263346877440823,0,0,5.56263631406761,23.9055494666387,"WNK2;FXYD1;DMD;NOS1;ATP1B1"
"Peptidyl-Threonine Phosphorylation (GO:0018107)","18/58",0.0136452417394123,0.263346877440823,0,0,2.00523939808482,8.61122870194257,"GPI;MYLK2;HIPK4;GSK3A;CAMK2D;CSNK2A1;ROCK2;CAMK2A;DYRK1A;DYRK1B;LMTK2;OXSR1;HIPK3;HIPK2;STK11;SBK1;MAP3K10;ULK1"
"Microtubule Polymerization (GO:0046785)","12/34",0.01443472839854,0.277305699693053,0,0,2.42929154975044,10.2956249281508,"NEDD1;TUBGCP5;RANBP9;PIN1;SLAIN2;MAP4;MAPT;TUBGCP4;FGF13;CKAP5;CLASP1;CLASP2"
"Protein Polyubiquitination (GO:0000209)","55/226",0.0145096970531406,0.277473110769647,0,0,1.43625601686176,6.07958280190319,"UBE2D4;UBE3C;UBE2D2;UBE2D1;UBE3A;UBE3B;NPEPPS;RNF115;ARIH2;ARIH1;SKP1;WSB2;UBE2E3;UBE2QL1;ZFP91;UBE4B;RNF144B;RNF126;CDC34;ANAPC5;THOP1;PRKN;RNF31;RNF34;PELI3;CUL3;CUL1;NEDD4L;NT5C2;RNF5;ANAPC11;ZNRF1;SHARPIN;HECTD1;RMND5A;TRIM45;UBE2H;UBE2B;AMFR;IRF2BP1;FBXL17;PEX10;UBE2G1;UBE2G2;PEX12;RNF146;UBOX5;NEDD4;BCL2;MKRN3;TPP2;STUB1;TRIM32;DZIP3;RNF187"
"Protein Alkylation (GO:0008213)","9/23",0.0160639384611695,0.305798973978991,0,0,2.86215299438553,11.8240645315426,"METTL22;PCMT1;METTL21C;PRMT1;ETFBKMT;FAM98A;SNRPD3;LCMT1;GSPT1"
"Dicarboxylic Acid Catabolic Process (GO:0043649)","7/16",0.0169980888256343,0.313836665305085,0,0,3.46202339819361,14.106548745183,"PM20D2;ACOT8;ALDH1L1;GOT1;GOT2;ASPA;DDO"
"Heart Process (GO:0003015)","7/16",0.0169980888256343,0.313836665305085,0,0,3.46202339819361,14.106548745183,"ACTC1;SGCD;MYL2;TNNI3;SGCG;SOD1;TRDN"
"Membrane Depolarization During Cardiac Muscle Cell Action Potential (GO:0086012)","7/16",0.0169980888256343,0.313836665305085,0,0,3.46202339819361,14.106548745183,"CACNA2D1;ATP1A2;SCN5A;SCN3B;KCNJ2;SCN1B;SCN2B"
"Mitophagy (GO:0000423)","7/16",0.0169980888256343,0.313836665305085,0,0,3.46202339819361,14.106548745183,"PRKN;MAP1LC3B;PINK1;ATG14;PHB2;SQSTM1;ATG4D"
"Negative Regulation Of Release Of Cytochrome C From Mitochondria (GO:0090201)","7/16",0.0169980888256343,0.313836665305085,0,0,3.46202339819361,14.106548745183,"PRKN;OPA1;PPIF;GHITM;TRIAP1;NOL3;FXN"
"Tail-Anchored Membrane Protein Insertion Into ER Membrane (GO:0071816)","7/16",0.0169980888256343,0.313836665305085,0,0,3.46202339819361,14.106548745183,"UBL4A;SGTA;EMC3;EMC4;EMC6;EMC9;GET4"
"Intracellular Calcium Ion Homeostasis (GO:0006874)","36/139",0.0170107266056003,0.313836665305085,0,0,1.55912132852479,6.35172177556229,"RYR1;YWHAE;CAMK2D;STOML2;SLC24A3;ATP2A2;ATP2A1;MAIP1;CSRP3;PLN;TMEM203;DHRS7C;ANXA6;C19ORF12;TNNI3;PRKACA;CAV3;DMPK;FZD9;ATP2B2;ATP1B1;TRDN;SLC8A3;AFG3L2;SMDT1;STIM1;PACS2;VAPB;BCL2;HRC;CASQ2;RGN;MICU2;MICU1;MCU;TPT1"
"Regulation Of Microtubule Polymerization Or Depolymerization (GO:0031110)","10/27",0.0173159925683893,0.316678501643732,0,0,2.6191967368438,10.6237887842839,"PRUNE1;ARL2;MAPRE3;MAPT;FKBP4;GBA2;GAS2L2;CAMSAP1;CLASP1;CLASP2"
"Regulation Of Mitochondrial Fission (GO:0090140)","10/27",0.0173159925683893,0.316678501643732,0,0,2.6191967368438,10.6237887842839,"PRKN;FIS1;PINK1;BNIP3;MIEF2;PGAM5;MAPT;MFF;DNM1L;MCU"
"Regulation Of Release Of Sequestered Calcium Ion Into Cytosol (GO:0051279)","16/51",0.0174604847609525,0.317932652951605,0,0,2.03657955388882,8.24369719537837,"CAMK2D;GSTM2;PDE4D;JPH1;TRDN;JPH2;JSRP1;DHRS7C;CASQ2;HRC;CAPN3;DMD;CALM3;NOS1;CASQ1;PRKACA"
"Positive Regulation Of Proteasomal Protein Catabolic Process (GO:1901800)","25/90",0.0183144832905882,0.328262434193619,0,0,1.71453272604588,6.85823908350276,"PRKN;USP13;DET1;GSK3A;KCNE2;KEAP1;RCHY1;BAG6;DNAJB2;HECTD1;DVL1;ARIH2;ARIH1;ZYG11B;OSBPL7;ZER1;DAB2IP;RAD23A;KLHL40;SIRT2;RNF144B;SH3RF2;PSMC6;PSMC3;STUB1"
"Action Potential (GO:0001508)","12/35",0.0183787739876104,0.328262434193619,0,0,2.32352766528508,9.28611509548619,"CHRNA1;MYH7B;KCNE2;KCNB1;KCNE5;GNA11;DMD;SCN4A;SCN5A;ANK3;SCN3B;KCNJ2"
"Cellular Response To Amino Acid Stimulus (GO:0071230)","12/35",0.0183787739876104,0.328262434193619,0,0,2.32352766528508,9.28611509548619,"RPTOR;CASTOR2;RRAGB;SESN1;NEURL1;RRAGD;KLHL22;CPEB3;MTOR;IPO5;CPEB4;LAMTOR5"
"Response To Nutrient Levels (GO:0031667)","12/35",0.0183787739876104,0.328262434193619,0,0,2.32352766528508,9.28611509548619,"RPTOR;PRKAB2;PRKAA2;KCNB1;MAPKAP1;PRKAG1;MLST8;ULK1;PRKAG3;MTOR;EIF4G1;OTUD3"
"Positive Regulation Of ATP-dependent Activity (GO:0032781)","13/39",0.018419692463109,0.328262434193619,0,0,2.22691256830601,8.89503468905843,"GABARAPL2;CHTOP;TPM1;SETMAR;ATP2A1;DNAJC24;ATP1B1;DNAJB2;TNNT2;MYL3;TNNT3;RGN;PFN2"
"Protein Ubiquitination (GO:0016567)","97/434",0.0194092984348301,0.344432804428256,0,0,1.28704220022703,5.07352424914125,"UBE2D4;UBE3C;UBE2D2;UBE2D1;KEAP1;UBE3A;UBE3B;NPEPPS;RNF115;SKP1;TRIM23;FBXW5;WSB2;LMO7;UBE4B;FBXO10;KLHL41;RNF126;CDC34;HECW1;CBLL1;RNF122;ANAPC16;CUL5;CUL3;CUL2;CUL1;NEDD4L;UBR3;ANAPC11;UBB;UBE2H;KLHL25;UBE2B;IRF2BP1;KLHL21;KLHL22;KLHL24;FANCE;FBXO32;CNOT4;UBOX5;BCL2;TPP2;MKRN3;DZIP3;RNF220;RNF187;RNF10;TRIM72;DET1;RNF11;RNF157;ANKRD9;TRIM7;ARIH2;ARIH1;PCMTD1;TRIM63;RNF208;UBE2QL1;RNF144B;TRIM54;PDZRN3;THOP1;TRIM55;RNF31;PRKN;TRIM50;RNF34;ASB11;ASB12;RCHY1;CAND2;RMND5A;TRIM41;AMFR;FBXL17;MIB2;WWP1;PEX10;UBE2G1;PEX12;RNF146;CUL4A;SH3RF2;PINK1;NEDD4;KLHL8;NEURL1;STUB1;ASB4;ASB5;ASB2;RNF141;TRIM32;ASB1"
"acyl-CoA Biosynthetic Process (GO:0071616)","6/13",0.0201358832534057,0.351371162771929,0,0,3.81471814250653,14.8974349652626,"GCDH;ACSS2;HTD2;MLYCD;ACSS1;ACAT1"
"Mitochondrial DNA Metabolic Process (GO:0032042)","6/13",0.0201358832534057,0.351371162771929,0,0,3.81471814250653,14.8974349652626,"ENDOG;PARP1;RRM2B;TWNK;LONP1;POLG"
"Mitochondrial Fission (GO:0000266)","6/13",0.0201358832534057,0.351371162771929,0,0,3.81471814250653,14.8974349652626,"PRKN;FIS1;OPA1;MTFR1L;MFF;SLC25A46"
"Protein Localization To Phagophore Assembly Site (GO:0034497)","6/13",0.0201358832534057,0.351371162771929,0,0,3.81471814250653,14.8974349652626,"STX17;PACS2;ATG9A;MFN2;WIPI1;ATG4D"
"Regulation Of Cation Channel Activity (GO:2001257)","17/56",0.0202588681853377,0.352050373278815,0,0,1.94198507546429,7.57211566576079,"CAMK2D;KCNE2;HOMER1;PDE4D;KCNE5;ANK3;JPH1;CACNB1;JPH2;JSRP1;SLMAP;HRC;DMD;NOS1;PRKACA;FGF13;HCN1"
"Proteolysis Involved In Protein Catabolic Process (GO:0051603)","22/78",0.0217291944940937,0.375842743115905,0,0,1.75080212857534,6.70399389929072,"PRKN;ZYG11B;ATE1;ZRANB1;ZER1;NGLY1;VPS4A;FBXL17;OTUD7B;PEX10;OMA1;PEX12;USP28;CLPX;BAG6;RNF123;UBB;DDI2;CLPP;LONP1;STUB1;SOCS6"
"Autophagosome Assembly (GO:0000045)","19/65",0.021897237182493,0.375842743115905,0,0,1.8403833797387,7.03283148869244,"GABARAPL2;STX17;UBXN2A;RAB1B;ATG9A;ATP2A2;WIPI1;ATG14;NSFL1C;MAP1LC3B;MAP1LC3A;PACS2;TP53INP2;TOM1;ULK2;MFN2;ULK1;EMC6;ATG4D"
"Regulation Of Translational Initiation (GO:0006446)","19/65",0.021897237182493,0.375842743115905,0,0,1.8403833797387,7.03283148869244,"EIF4A2;EIF2B5;KLHL25;DDX1;HSPB1;MTIF2;BZW2;MTOR;EIF1;BOLL;PAIP2B;EIF5;CSDE1;PAIP2;EIF1B;EIF4G3;EIF4B;PAIP1;EIF4G1"
"Protein Insertion Into Mitochondrial Membrane (GO:0051204)","10/28",0.0226050130381187,0.383062553282097,0,0,2.47353414020081,9.37366436587446,"TIMM8B;TOMM70;MOAP1;MTCH2;NDUFA13;SAMM50;TIMM29;MTX2;TIMM13;MAIP1"
"Regulation Of Lipid Biosynthetic Process (GO:0046890)","10/28",0.0226050130381187,0.383062553282097,0,0,2.47353414020081,9.37366436587446,"RPTOR;MLXIPL;AVIL;MID1IP1;MLST8;PDK4;SIRT4;FITM2;PPARA;MTOR"
"Regulation Of Autophagy (GO:0010506)","57/241",0.0227138086955508,0.383062553282097,0,0,1.38297031310119,5.23424146130392,"GSK3A;PLEKHF1;KEAP1;HSPB1;RPTOR;STK11;MLST8;TLK2;KAT8;PIP4K2B;PRKACA;DNM1L;ATP6V1E2;WASHC1;TRIM23;SH3GLB1;ATP6V1G2;ENDOG;DAPK2;TFEB;ATG14;SIRT2;MID2;HAX1;RRAGB;CPTP;RRAGD;EEF1A2;EXOC4;ULK2;ULK1;VDAC1;MAPT;SQSTM1;GAPDH;OPTN;PRKN;USP13;MTMR3;PRKAA2;USP10;NPRL2;FOXK2;FOXO3;ATP6V1D;OSBPL7;BNIP3;KLHL22;MTOR;PINK1;NEDD4;BCL2;TAB2;EIF4G3;TRIM32;CDK16;EIF4G1"
"Negative Regulation Of Sodium Ion Transmembrane Transporter Activity (GO:2000650)","5/10",0.0231353006509393,0.383062553282097,0,0,4.44983642311887,16.7598445971095,"CAMK2D;NEDD4;HECW1;NEDD4L;OXSR1"
"Purine Ribonucleoside Triphosphate Biosynthetic Process (GO:0009206)","5/10",0.0231353006509393,0.383062553282097,0,0,4.44983642311887,16.7598445971095,"ATP5F1A;ATP5F1B;IMPDH2;ATP5PO;ATP5F1C"
"Regulation Of ERAD Pathway (GO:1904292)","5/10",0.0231353006509393,0.383062553282097,0,0,4.44983642311887,16.7598445971095,"BAG6;USP13;USP25;UBXN1;USP19"
"Regulation Of Inclusion Body Assembly (GO:0090083)","5/10",0.0231353006509393,0.383062553282097,0,0,4.44983642311887,16.7598445971095,"DNAJB2;DNAJB6;DNAJA4;SACS;HSPA2"
"Regulation Of Calcium Ion Transport (GO:0051924)","17/57",0.0240635842187261,0.383062553282097,0,0,1.89331920131291,7.05650594984376,"CAMK2B;CAV3;HOMER1;EGF;HOMER2;CACNA2D1;CAMK2A;PLN;SLN;STIM1;BCL2;HRC;PACSIN3;HOMER3;NOS1;CASQ1;CAMK2G"
"Carboxylic Acid Catabolic Process (GO:0046395)","7/17",0.0244025579923028,0.383062553282097,0,0,3.11563011456628,11.5685443484741,"MPST;BCKDK;ACOT8;TST;ETFA;ETFB;HOGA1"
"Cellular Response To Unfolded Protein (GO:0034620)","7/17",0.0244025579923028,0.383062553282097,0,0,3.11563011456628,11.5685443484741,"PRKN;PACRG;BAG3;HSPB8;HSF1;DAB2IP;OPTN"
"Negative Regulation Of Calcium Ion Transport (GO:0051926)","7/17",0.0244025579923028,0.383062553282097,0,0,3.11563011456628,11.5685443484741,"MRLN;PLN;CAV3;SLN;PACSIN3;ATP1A2;NOS1"
"Receptor Recycling (GO:0001881)","7/17",0.0244025579923028,0.383062553282097,0,0,3.11563011456628,11.5685443484741,"PEX6;PEX5;LMTK2;PEX10;PEX1;PEX12;PLEKHJ1"
"Regulation Of Oxidative Phosphorylation (GO:0002082)","7/17",0.0244025579923028,0.383062553282097,0,0,3.11563011456628,11.5685443484741,"MLXIPL;PINK1;ACTN3;UQCC2;PPIF;COX7A1;SLC25A33"
"Protein Modification By Small Protein Conjugation (GO:0032446)","82/364",0.0247501763895016,0.383062553282097,0,0,1.29923903533459,4.80578471264085,"DET1;TRIM72;UBE2D4;UBE2D2;KEAP1;ANKRD9;RNF157;RNF115;TRIM7;ARIH2;ARIH1;SKP1;TRIM23;PCMTD1;FBXW5;TRIM63;AKTIP;RNF208;LMO7;FBXO10;KLHL41;PIAS2;RNF126;CDC34;HECW1;CBLL1;PDZRN3;TRIM54;TRIM55;PRKN;HDAC4;TRIM50;RNF34;ANAPC16;CUL5;GPS1;CUL3;CUL2;CUL1;DCUN1D2;NEDD4L;UBR3;COPS7A;ASB11;ASB12;RCHY1;HDAC9;ANAPC11;CAND2;UBB;ZBED1;SLF2;TRIM41;KLHL25;UBE2B;EYA1;MIB2;KLHL21;FBXL17;WWP1;KLHL24;FBXO32;CNOT4;COPS4;CUL4A;SH3RF2;COPS3;COPS6;PINK1;COPS5;NEDD4;COPS2;KLHL8;MKRN3;STUB1;ASB5;COPS8;ASB2;TRIM32;RNF220;UBE2M;ASB1"
"ADP Transport (GO:0015866)","4/7",0.0247874765853506,0.383062553282097,0,0,5.93222494776052,21.9339077665012,"SLC25A42;SLC25A23;SLC25A4;SLC25A25"
"NADH Metabolic Process (GO:0006734)","4/7",0.0247874765853506,0.383062553282097,0,0,5.93222494776052,21.9339077665012,"MDH1;NUDT17;MDH1B;NUDT12"
"Cardiac Muscle Hypertrophy (GO:0003300)","4/7",0.0247874765853506,0.383062553282097,0,0,5.93222494776052,21.9339077665012,"HDAC4;CSRP3;TCAP;TTN"
"Cytochrome Complex Assembly (GO:0017004)","4/7",0.0247874765853506,0.383062553282097,0,0,5.93222494776052,21.9339077665012,"COX15;HCCS;COX10;SLC25A46"
"Peptidyl-Serine Autophosphorylation (GO:0036289)","4/7",0.0247874765853506,0.383062553282097,0,0,5.93222494776052,21.9339077665012,"PINK1;MAP2K2;DYRK1A;MARK3"
"Positive Regulation Of Ryanodine-Sensitive Calcium-Release Channel Activity (GO:0060316)","4/7",0.0247874765853506,0.383062553282097,0,0,5.93222494776052,21.9339077665012,"GSTM2;JPH2;CALM3;TRDN"
"Protein Deglycosylation (GO:0006517)","4/7",0.0247874765853506,0.383062553282097,0,0,5.93222494776052,21.9339077665012,"MAN2A2;NGLY1;PARK7;ENGASE"
"Regulation Of Cardiac Muscle Cell Action Potential Involved In Regulation Of Contraction (GO:0098909)","4/7",0.0247874765853506,0.383062553282097,0,0,5.93222494776052,21.9339077665012,"CAMK2D;CAV3;ATP2A2;FGF13"
"Regulation Of Collateral Sprouting (GO:0048670)","4/7",0.0247874765853506,0.383062553282097,0,0,5.93222494776052,21.9339077665012,"SEMA4D;ULK2;ULK1;FGF13"
"Regulation Of Establishment Of Protein Localization To Mitochondrion (GO:1903747)","4/7",0.0247874765853506,0.383062553282097,0,0,5.93222494776052,21.9339077665012,"PRKN;PINK1;HAX1;MAPT"
"Regulation Of Mitophagy (GO:1901524)","4/7",0.0247874765853506,0.383062553282097,0,0,5.93222494776052,21.9339077665012,"PINK1;GDF1;TSC2;SLC25A4"
"Release Of Sequestered Calcium Ion Into Cytosol By Endoplasmic Reticulum (GO:1903514)","4/7",0.0247874765853506,0.383062553282097,0,0,5.93222494776052,21.9339077665012,"RYR1;NOL3;RYR3;TRDN"
"snRNA Transcription By RNA Polymerase III (GO:0042796)","4/7",0.0247874765853506,0.383062553282097,0,0,5.93222494776052,21.9339077665012,"SNAPC5;ICE1;SNAPC3;ZC3H8"
"Autophagy Of Mitochondrion (GO:0000422)","15/49",0.026158485178789,0.402763735032237,0,0,1.96503232238768,7.15975573131487,"PRKN;GABARAPL2;FIS1;BNIP3;ATG9A;WIPI1;ATG14;PHB2;FUNDC2;MAP1LC3B;PINK1;MAP1LC3A;USP30;SQSTM1;ATG4D"
"Negative Regulation Of Reactive Oxygen Species Metabolic Process (GO:2000378)","8/21",0.0269866206227965,0.413992553729933,0,0,2.73925910378844,9.89533812319934,"PRKN;PINK1;ABCB7;SIRT5;PARK7;PPARA;SIRT2;PLIN5"
"Regulation Of Heart Rate By Cardiac Conduction (GO:0086091)","13/41",0.027946848064188,0.427158393039487,0,0,2.06759367681499,7.39671476950332,"YWHAE;CAMK2D;KCNE2;KCNE5;CACNA2D1;BIN1;CTNNA3;SCN5A;SCN3B;KCNJ2;SCN1B;HCN1;SCN2B"
"Protein Autoubiquitination (GO:0051865)","20/71",0.0281181011617285,0.428213118782978,0,0,1.74726118205289,6.24006679115015,"PRKN;RNF10;RNF11;UBE2B;UBE2D2;CUL3;RNF208;UBE3A;KLHL24;RNF157;CNOT4;RNF146;SH3RF2;RNF115;ASB4;STUB1;RNF141;RNF122;RNF187;RNF220"
"Positive Regulation Of Mitochondrion Organization (GO:0010822)","17/58",0.0283833886629045,0.429214068588598,0,0,1.84702727224209,6.57902102943618,"PRKN;FIS1;MOAP1;GSK3A;BNIP3;CHCHD10;MIEF2;PARK7;MFF;MLLT11;PINK1;FAM162A;PPIF;PGAM5;DNM1L;PPARGC1A;MCU"
"Ventricular Cardiac Muscle Tissue Development (GO:0003229)","9/25",0.0283888006205926,0.429214068588598,0,0,2.50407682860262,8.91892207714634,"TNNC1;MYL2;TNNT2;TPM1;MYL3;TNNI3;PROX1;MYH6;MYH7"
"Mitochondrion Disassembly (GO:0061726)","12/37",0.0285992123095689,0.430839932203146,0,0,2.13738322862606,7.59706387112145,"PRKN;FUNDC2;FIS1;GABARAPL2;MAP1LC3B;PINK1;MAP1LC3A;BNIP3;ATG9A;WIPI1;USP30;SQSTM1"
"Glycolytic Process (GO:0006096)","10/29",0.0289698280330379,0.431936552191225,0,0,2.34320444846761,8.29845949915569,"GPI;PFKFB1;TPI1;PKM;PGAM2;ENO3;GAPDH;PFKM;PGM1;HK1"
"Regulation Of Potassium Ion Transmembrane Transport (GO:1901379)","11/33",0.0289814162286854,0.431936552191225,0,0,2.22624249044238,7.88334833838683,"YWHAE;KCNE2;CAB39;CAV3;BIN1;AMIGO1;KCNE5;NEDD4;FHL1;NEDD4L;KCNN2"
"Ventricular Cardiac Muscle Tissue Morphogenesis (GO:0055010)","11/33",0.0289814162286854,0.431936552191225,0,0,2.22624249044238,7.88334833838683,"TNNC1;MYL2;TNNT2;NOG;TPM1;MYL3;TNNI3;PROX1;ZFPM2;MYH6;MYH7"
"Formation Of Cytoplasmic Translation Initiation Complex (GO:0001732)","6/14",0.0298631280250324,0.43883080760995,0,0,3.33767384783202,11.7190092338448,"EIF5;EIF3K;EIF3L;EIF3J;EIF3G;EIF3C"
"Negative Regulation Of Peptidyl-Threonine Phosphorylation (GO:0010801)","6/14",0.0298631280250324,0.43883080760995,0,0,3.33767384783202,11.7190092338448,"PARD3;SPRY2;CALM3;PPEF2;SIRT2;EIF4G1"
"Protein Maturation By Iron-Sulfur Cluster Transfer (GO:0097428)","6/14",0.0298631280250324,0.43883080760995,0,0,3.33767384783202,11.7190092338448,"ISCA2;ISCA1;GLRX5;BOLA3;CISD1;CIAO2B"
"Striated Muscle Tissue Development (GO:0014706)","6/14",0.0298631280250324,0.43883080760995,0,0,3.33767384783202,11.7190092338448,"CSRP3;SGCD;PRMT1;POLR2D;NDUFV2;SGCG"
"Regulation Of Mitochondrion Organization (GO:0010821)","15/50",0.031209184614564,0.45700722085942,0,0,1.90877138170741,6.6177921689727,"PRKN;FIS1;GSK3A;MTCH2;SLC30A9;MIEF2;OMA1;MFF;PINK1;HAX1;VDAC1;MAPT;DNM1L;SQSTM1;PPARGC1A"
"Regulation Of Translation (GO:0006417)","48/202",0.0316402712235111,0.461705421198832,0,0,1.39060277653381,4.80220272689818,"EIF4A2;DDX1;HSPB1;MTIF2;MALSU1;MSI2;YBX1;BZW2;FOXO3;TOB1;GSPT1;FXR1;RIDA;MTRF1;PAIP2B;FXR2;OGFOD1;MTG2;METTL5;PAIP2;EIF4B;PAIP1;NANOS1;TSFM;CSNK2A1;KLHL25;NSUN5;PRMT1;IFRD2;CIRBP;SAMD4A;TSC1;ELP5;EEF2;LRPPRC;MTOR;EIF1;EIF5;CSDE1;SERBP1;GUF1;PRR16;CPEB3;EIF3C;EIF1B;EIF4G3;GAPDH;EIF4G1"
"Glucose Metabolic Process (GO:0006006)","17/59",0.0332551804859641,0.483585749566727,0,0,1.80293972074607,6.13638596689252,"GPI;PFKFB1;TPI1;KCNJ11;MDH1;MDH2;DCXR;PGAM2;OMA1;ENO3;HK1;POLR2D;SLC37A4;SLC25A12;PPARGC1A;PGM1;ATF4"
"Regulation Of cAMP-mediated Signaling (GO:0043949)","7/18",0.0337465012819311,0.48567129679975,0,0,2.83221742796211,9.59804084172336,"RASD2;PDE11A;CDC34;UBE2B;PDE4D;GPR61;GPR62"
"Regulation Of Mitochondrial Membrane Permeability (GO:0046902)","7/18",0.0337465012819311,0.48567129679975,0,0,2.83221742796211,9.59804084172336,"HEBP2;BNIP3;CAMK2A;BCL2;PPIF;SPG7;SLC25A4"
"Regulation Of Ventricular Cardiac Muscle Cell Membrane Repolarization (GO:0060307)","7/18",0.0337465012819311,0.48567129679975,0,0,2.83221742796211,9.59804084172336,"KCNE2;CAV3;CACNA2D1;KCNE5;SCN5A;SCN1B;SNTA1"
"NAD Metabolic Process (GO:0019674)","8/22",0.0357562892466528,0.49842429335106,0,0,2.54344182420581,8.47227873651656,"NADK2;MDH1;NMNAT1;NMRK2;NUDT17;GPD1L;MDH1B;NUDT12"
"Cellular Response To Topologically Incorrect Protein (GO:0035967)","8/22",0.0357562892466528,0.49842429335106,0,0,2.54344182420581,8.47227873651656,"PRKN;PACRG;BAG3;HSPB8;HSF1;DAB2IP;STUB1;OPTN"
"Apoptotic Mitochondrial Changes (GO:0008637)","11/34",0.0359385346565283,0.49842429335106,0,0,2.12931873768195,7.08199737182801,"FIS1;ERBB4;BNIP3;CAMK2A;FZD9;BCL2;ATP2A1;NDUFS1;MFF;DNM1L;TIMM50"
"Embryonic Skeletal System Development (GO:0048706)","11/34",0.0359385346565283,0.49842429335106,0,0,2.12931873768195,7.08199737182801,"KIAA1217;HOXA9;POLR2D;NOG;HOXA3;SIX1;FUZ;OXSR1;WNT9A;HOXC9;HOXA4"
"Glycerol Metabolic Process (GO:0006071)","5/11",0.0361083687999262,0.49842429335106,0,0,3.70796982915304,12.315022926452,"COQ3;COQ2;TPI1;GOT1;PGPEP1"
"Mitochondrial Respiratory Chain Complex III Assembly (GO:0034551)","5/11",0.0361083687999262,0.49842429335106,0,0,3.70796982915304,12.315022926452,"UQCC2;UQCC1;LYRM7;UQCRFS1;SLC25A33"
"Mitochondrion Distribution (GO:0048311)","5/11",0.0361083687999262,0.49842429335106,0,0,3.70796982915304,12.315022926452,"MEF2A;CLUH;MAPT;DNM1L;TRAK1"
"Regulation Of Cell Communication By Electrical Coupling Involved In Cardiac Conduction (GO:1901844)","5/11",0.0361083687999262,0.49842429335106,0,0,3.70796982915304,12.315022926452,"CAMK2D;PDE4D;HRC;CALM3;TRDN"
"Respiratory Chain Complex III Assembly (GO:0017062)","5/11",0.0361083687999262,0.49842429335106,0,0,3.70796982915304,12.315022926452,"UQCC2;UQCC1;LYRM7;UQCRFS1;SLC25A33"
"Cytoplasmic Translational Initiation (GO:0002183)","10/30",0.0365060722736058,0.49842429335106,0,0,2.22590772590773,7.3683704114624,"EIF4A2;EIF2B3;EIF5;EIF3K;EIF3L;EIF3J;EIF3G;EIF2D;EIF3C;EIF4G1"
"Negative Regulation Of Calcium Ion Transmembrane Transporter Activity (GO:1901020)","10/30",0.0365060722736058,0.49842429335106,0,0,2.22590772590773,7.3683704114624,"YWHAE;PPP3CB;GSTM2;PLN;PPP3CC;SLN;CASQ2;ATP1A2;CALM3;TRDN"
"Positive Regulation Of Macroautophagy (GO:0016239)","18/64",0.0365137742531137,0.49842429335106,0,0,1.74304407303872,5.76959042203818,"EPM2A;SH3GLB1;RNF31;MOAP1;PRKAA2;HSPB8;BNIP3;TSC2;GDF1;WIPI1;FYCO1;PINK1;BAG3;SESN1;TOM1;PIP4K2B;SLC25A4;OPTN"
"Organelle Fusion (GO:0048284)","9/26",0.0365368333473675,0.49842429335106,0,0,2.35663370151554,7.79912462684796,"FIS1;CHCHD3;MIGA2;OPA1;MFN2;MIEF2;USP30;MFF;RCC1L"
"Regulation Of Actin Filament Bundle Assembly (GO:0032231)","9/26",0.0365368333473675,0.49842429335106,0,0,2.35663370151554,7.79912462684796,"PRKN;SYNPO2L;ROCK2;FHOD1;SYNPO2;RDX;TSC1;SYNPO;PFN2"
"Regulation Of Cardiac Muscle Cell Contraction (GO:0086004)","9/26",0.0365368333473675,0.49842429335106,0,0,2.35663370151554,7.79912462684796,"CAMK2D;PLN;CAV3;PDE4D;ATP2A2;ATP2A1;CTNNA3;SCN5A;FGF13"
"Regulation Of Fatty Acid Biosynthetic Process (GO:0042304)","9/26",0.0365368333473675,0.49842429335106,0,0,2.35663370151554,7.79912462684796,"KAT2B;MLXIPL;ACADVL;KLHL25;MID1IP1;PDK4;DCAF5;SIRT2;WDTC1"
"Regulation Of Cellular Response To Heat (GO:1900034)","6/15",0.0422181472735215,0.545789594997921,0,0,2.96663939641851,9.38913221550727,"DNAJB6;HSF1;MAPKAPK2;MAPT;IER5;MTOR"
"Positive Regulation Of Lipid Biosynthetic Process (GO:0046889)","12/39",0.0423949755761052,0.545789594997921,0,0,1.97881574554615,6.2544932370113,"RPTOR;CTDNEP1;KAT2B;MLXIPL;FABP3;MID1IP1;MLST8;SIRT4;PPARA;MTOR;SIRT2;PLIN5"
"Regulation Of mRNA Stability (GO:0043488)","20/74",0.0424424558310584,0.545789594997921,0,0,1.64988695237806,5.21299288062341,"RBM38;FASTKD1;CELF1;FASTKD2;ROCK2;CIRBP;YBX1;TBRG4;FXR1;RIDA;FXR2;GDNF;THRAP3;PCBP4;FASTK;MAPKAPK2;SERBP1;FASTKD5;RBM24;PAIP1"
"Adult Heart Development (GO:0007512)","4/8",0.0424590099215582,0.545789594997921,0,0,4.44889615699101,14.0550245483028,"TCAP;MEF2D;MYH6;MYH7"
"Anoikis (GO:0043276)","4/8",0.0424590099215582,0.545789594997921,0,0,4.44889615699101,14.0550245483028,"STK11;DAPK2;TSC2;MTOR"
"Glucan Metabolic Process (GO:0044042)","4/8",0.0424590099215582,0.545789594997921,0,0,4.44889615699101,14.0550245483028,"UGP2;PPP1R3C;GBE1;PYGM"
"Negative Regulation Of cAMP-mediated Signaling (GO:0043951)","4/8",0.0424590099215582,0.545789594997921,0,0,4.44889615699101,14.0550245483028,"PDE11A;CDC34;UBE2B;PDE4D"
"Negative Regulation Of Membrane Potential (GO:0045837)","4/8",0.0424590099215582,0.545789594997921,0,0,4.44889615699101,14.0550245483028,"HEBP2;BNIP3;MAPT;RNF122"
"Nucleic Acid Transport (GO:0050657)","4/8",0.0424590099215582,0.545789594997921,0,0,4.44889615699101,14.0550245483028,"RBFOX1;HNRNPA2B1;YBX1;CKAP5"
"Peptidyl-Lysine Monomethylation (GO:0018026)","4/8",0.0424590099215582,0.545789594997921,0,0,4.44889615699101,14.0550245483028,"SETD3;SETD6;SETD7;SMYD2"
"Peroxisome Fission (GO:0016559)","4/8",0.0424590099215582,0.545789594997921,0,0,4.44889615699101,14.0550245483028,"FIS1;PEX19;DNM1L;MFF"
"Positive Regulation Of Mitochondrial Calcium Ion Concentration (GO:0051561)","4/8",0.0424590099215582,0.545789594997921,0,0,4.44889615699101,14.0550245483028,"FIS1;MICU1;SLC25A23;MCU"
"Positive Regulation Of Protein Localization To Early Endosome (GO:1902966)","4/8",0.0424590099215582,0.545789594997921,0,0,4.44889615699101,14.0550245483028,"EGF;ROCK2;RDX;NF2"
"Positive Regulation Of Protein Localization To Endosome (GO:1905668)","4/8",0.0424590099215582,0.545789594997921,0,0,4.44889615699101,14.0550245483028,"EGF;ROCK2;RDX;NF2"
"Positive Regulation Of Sequestering Of Triglyceride (GO:0010890)","4/8",0.0424590099215582,0.545789594997921,0,0,4.44889615699101,14.0550245483028,"FITM1;FITM2;OSBPL11;PLIN5"
"Regulation Of Glucan Biosynthetic Process (GO:0010962)","4/8",0.0424590099215582,0.545789594997921,0,0,4.44889615699101,14.0550245483028,"PPP1R3F;PPP1R3C;PPP1R3B;PPP1R3A"
"Regulation Of Protein Localization To Early Endosome (GO:1902965)","4/8",0.0424590099215582,0.545789594997921,0,0,4.44889615699101,14.0550245483028,"EGF;ROCK2;RDX;NF2"
"Tricarboxylic Acid Metabolic Process (GO:0072350)","4/8",0.0424590099215582,0.545789594997921,0,0,4.44889615699101,14.0550245483028,"IDH2;IDH3B;SIRT4;IDH3A"
"Positive Regulation Of Cell Growth (GO:0030307)","27/106",0.0424850544339356,0.545789594997921,0,0,1.5230701931022,4.81077396733446,"N6AMT1;MAPKAP1;HPN;TWF2;NEDD4L;AKAP6;RNF157;RPTOR;GOLGA4;MLST8;TEAD1;LGI1;USP47;CSNK2A1;SEMA4D;KLHL22;MTOR;SUPV3L1;RUFY3;BCL2;PLAA;MAPT;HDGFL2;FXN;SLC25A33;TRIM32;EIF4G1"
"Negative Regulation Of Autophagy (GO:0010507)","17/61",0.0447934050138096,0.550375618475565,0,0,1.72077655659439,5.34420604648186,"FOXK2;KLHL22;TSC1;SIRT2;MTOR;RPTOR;PINK1;RRAGB;CPTP;RRAGD;MLST8;TLK2;BCL2;TAB2;WASHC1;EIF4G3;EIF4G1"
"Glycogen Metabolic Process (GO:0005977)","7/19",0.0451909933703006,0.550375618475565,0,0,2.5960401891253,8.03956646176553,"GYS1;UGP2;PPP1R3C;GBE1;STBD1;PYGM;GYG1"
"Regulation Of Autophagy Of Mitochondrion (GO:1903146)","7/19",0.0451909933703006,0.550375618475565,0,0,2.5960401891253,8.03956646176553,"PRKN;GSK3A;PINK1;HAX1;VDAC1;PARK7;DNM1L"
"Glutamine Family Amino Acid Metabolic Process (GO:0009064)","10/31",0.0452973739011009,0.550375618475565,0,0,2.11978211978212,6.55967895354822,"ALDH4A1;ADSL;ALDH5A1;GOT1;DDAH1;DGLUCY;GOT2;SIRT4;PRODH;GCLM"
"Aspartate Metabolic Process (GO:0006531)","3/5",0.0461090856027177,0.550375618475565,0,0,6.67234332425068,20.5291007209389,"GOT1;GOT2;DDO"
"Cellular Lipid Biosynthetic Process (GO:0097384)","3/5",0.0461090856027177,0.550375618475565,0,0,6.67234332425068,20.5291007209389,"GNPAT;PEX7;DHRS7B"
"Embryonic Skeletal Joint Development (GO:0072498)","3/5",0.0461090856027177,0.550375618475565,0,0,6.67234332425068,20.5291007209389,"NOG;OXSR1;WNT9A"
"fatty-acyl-CoA Catabolic Process (GO:0036115)","3/5",0.0461090856027177,0.550375618475565,0,0,6.67234332425068,20.5291007209389,"NUDT8;NUDT19;FITM2"
"Glycerol Ether Biosynthetic Process (GO:0046504)","3/5",0.0461090856027177,0.550375618475565,0,0,6.67234332425068,20.5291007209389,"GNPAT;PEX7;DHRS7B"
"Heterocycle Catabolic Process (GO:0046700)","3/5",0.0461090856027177,0.550375618475565,0,0,6.67234332425068,20.5291007209389,"GOT2;HOGA1;PRODH"
"Negative Regulation Of ERAD Pathway (GO:1904293)","3/5",0.0461090856027177,0.550375618475565,0,0,6.67234332425068,20.5291007209389,"USP25;UBXN1;SGTA"
"Negative Regulation Of Cell Size (GO:0045792)","3/5",0.0461090856027177,0.550375618475565,0,0,6.67234332425068,20.5291007209389,"DEPTOR;CAV3;RDX"
"Negative Regulation Of Insulin-Like Growth Factor Receptor Signaling Pathway (GO:0043569)","3/5",0.0461090856027177,0.550375618475565,0,0,6.67234332425068,20.5291007209389,"INPPL1;BMP5;NKX3-1"
"Pexophagy (GO:0000425)","3/5",0.0461090856027177,0.550375618475565,0,0,6.67234332425068,20.5291007209389,"PEX5;USP30;SQSTM1"
"Polyamine Transport (GO:0015846)","3/5",0.0461090856027177,0.550375618475565,0,0,6.67234332425068,20.5291007209389,"SLC22A3;SLC47A1;TAF7"
"Positive Regulation Of Animal Organ Morphogenesis (GO:0110110)","3/5",0.0461090856027177,0.550375618475565,0,0,6.67234332425068,20.5291007209389,"GDNF;SIX4;SIX1"
"Regulation Of Circadian Sleep/Wake Cycle, Sleep (GO:0045187)","3/5",0.0461090856027177,0.550375618475565,0,0,6.67234332425068,20.5291007209389,"FXR1;PER3;PARP1"
"Regulation Of Protein Targeting (GO:1903533)","3/5",0.0461090856027177,0.550375618475565,0,0,6.67234332425068,20.5291007209389,"PRKN;PINK1;HAX1"
"Regulation Of Relaxation Of Cardiac Muscle (GO:1901897)","3/5",0.0461090856027177,0.550375618475565,0,0,6.67234332425068,20.5291007209389,"PLN;PDE4D;HRC"
"Regulation Of Sarcomere Organization (GO:0060297)","3/5",0.0461090856027177,0.550375618475565,0,0,6.67234332425068,20.5291007209389,"CAV3;PROX1;MYLK3"
"Regulation Of Ventricular Cardiac Muscle Cell Membrane Depolarization (GO:0060373)","3/5",0.0461090856027177,0.550375618475565,0,0,6.67234332425068,20.5291007209389,"GPD1L;SCN5A;SCN3B"
"Short-Chain Fatty Acid Catabolic Process (GO:0019626)","3/5",0.0461090856027177,0.550375618475565,0,0,6.67234332425068,20.5291007209389,"MCEE;PCCA;PCCB"
"Valine Metabolic Process (GO:0006573)","3/5",0.0461090856027177,0.550375618475565,0,0,6.67234332425068,20.5291007209389,"HIBADH;HIBCH;BCAT2"
"Cellular Response To Acid Chemical (GO:0071229)","9/27",0.0461472626642787,0.550375618475565,0,0,2.2255731441048,6.8456796789874,"RPTOR;RRAGB;NEURL1;RRAGD;CPEB3;MTOR;IPO5;CPEB4;LAMTOR5"
"Entrainment Of Circadian Clock By Photoperiod (GO:0043153)","8/23",0.0462588867486626,0.550375618475565,0,0,2.3737335152342,7.29567396490033,"PPP1CB;PER1;PPP1CC;MTA1;PER3;USP2;CRY2;FBXL17"
"Regulation Of Myotube Differentiation (GO:0010830)","8/23",0.0462588867486626,0.550375618475565,0,0,2.3737335152342,7.29567396490033,"HDAC4;MYOG;HDAC5;DMPK;BHLHE41;SMYD1;HDAC9;RBM24"
"Peptidyl-Threonine Modification (GO:0018210)","18/66",0.0483021600720413,0.573057921761216,0,0,1.67021203830369,5.06120846076806,"GPI;MYLK2;HIPK4;GSK3A;CAMK2D;CSNK2A1;ROCK2;DYRK1A;DYRK1B;LMTK2;OXSR1;HIPK3;HIPK2;STK11;SBK1;MAP3K10;ULK1;GALNTL6"
"Adult Locomotory Behavior (GO:0008344)","5/12",0.0527537382331184,0.617130323241061,0,0,3.17806511917744,9.35025098925542,"NTF4;PRKN;SPTBN4;GDNF;TSC1"
"Cellular Response To Leucine Starvation (GO:1990253)","5/12",0.0527537382331184,0.617130323241061,0,0,3.17806511917744,9.35025098925542,"RRAGB;SESN1;RRAGD;MTOR;ATF4"
"Morphogenesis Of A Polarized Epithelium (GO:0001738)","5/12",0.0527537382331184,0.617130323241061,0,0,3.17806511917744,9.35025098925542,"RAB10;TRAF3IP1;FUZ;SCRIB;ZDHHC7"
"Positive Regulation Of Voltage-Gated Calcium Channel Activity (GO:1901387)","5/12",0.0527537382331184,0.617130323241061,0,0,3.17806511917744,9.35025098925542,"PPP3CB;PPP3CC;CACNA2D1;STAC3;NIPSNAP2"
"Protein Insertion Into Mitochondrial Inner Membrane (GO:0045039)","5/12",0.0527537382331184,0.617130323241061,0,0,3.17806511917744,9.35025098925542,"TIMM8B;TOMM70;NDUFA13;TIMM29;TIMM13"
"Circulatory System Development (GO:0072359)","32/132",0.054409163580968,0.634723055925053,0,0,1.42615764899753,4.1518625088852,"POPDC2;POPDC3;NXN;SRF;LDB3;PKD1;HDAC9;STK11;PDLIM3;PDLIM2;FLRT3;ERBB4;DVL1;POLR2D;SMYD4;TNNI3;PDLIM5;BVES;PDLIM7;MEF2A;TBX1;MEF2C;TSC2;PTPN11;OXSR1;POU6F1;KAT2B;MTHFD1;MYL2;ALPK3;TAB2;ZFPM2"
"Negative Regulation Of Cellular Catabolic Process (GO:0031330)","18/67",0.0551115963827428,0.641131571252575,0,0,1.63602557301991,4.74184854407128,"GSK3A;FOXK2;KLHL22;SIRT2;MTOR;RPTOR;RRAGB;CPTP;RRAGD;MLST8;TLK2;BCL2;TAB2;WASHC1;EIF4G3;PLIN5;EIF4G1;PTPN3"
"acetyl-CoA Metabolic Process (GO:0006084)","6/16",0.0573501974588301,0.665325836447591,0,0,2.6698118352877,7.63186802591876,"ACSS2;NUDT8;MLYCD;ACSS1;ACACB;ACAT1"
"Regulation Of Proteasomal Ubiquitin-Dependent Protein Catabolic Process (GO:0032434)","27/109",0.0577902945311911,0.668579429548697,0,0,1.4670771844855,4.18254085978093,"PRKN;DET1;GSK3A;HSP90AB1;UBXN1;ARAF;KEAP1;PARK7;RCHY1;BAG6;DNAJB2;HECTD1;DVL1;ARIH2;TLK2;ARIH1;UBQLN4;ZYG11B;ZER1;RAD23A;KLHL40;RAD23B;SIRT2;UCHL5;RNF144B;SH3RF2;STUB1"
"Photoperiodism (GO:0009648)","8/24",0.0585865783724026,0.669723477001349,0,0,2.22523874488404,6.3135578426252,"PPP1CB;PER1;PPP1CC;MTA1;PER3;USP2;CRY2;FBXL17"
"Regulation Of Cytoplasmic Translation (GO:2000765)","8/24",0.0585865783724026,0.669723477001349,0,0,2.22523874488404,6.3135578426252,"PKM;CSDE1;YBX1;CPEB3;YBX3;RBM24;CPEB4;PAIP1"
"Regulation Of Myoblast Differentiation (GO:0045661)","15/54",0.0585888105231228,0.669723477001349,0,0,1.71257938343778,4.85895000241957,"MYOG;MEF2C;SMARCD3;MSTN;PHF10;TMEM182;KLHL41;MYOD1;MYF6;DPF3;SMYD1;ANKRD2;HIF1AN;RBM24;MYF5"
"Protein Deacylation (GO:0035601)","7/20",0.0588486722866515,0.669723477001349,0,0,2.39619791010953,6.78791590857442,"HDAC4;SIRT5;NOTUM;HDAC9;SIRT2;LYPLAL1;SIRT3"
"Regulation Of Necroptotic Process (GO:0060544)","7/20",0.0588486722866515,0.669723477001349,0,0,2.39619791010953,6.78791590857442,"PRKN;PARP1;AIFM1;FZD9;SPATA2;YBX3;SLC25A4"
"Striated Muscle Cell Differentiation (GO:0051146)","7/20",0.0588486722866515,0.669723477001349,0,0,2.39619791010953,6.78791590857442,"POPDC2;MESP1;POPDC3;MEF2C;ASB2;MTLN;BVES"
"Protein Complex Oligomerization (GO:0051259)","25/100",0.0600626625727319,0.681686804484014,0,0,1.48501461988304,4.17640594148589,"TRIM72;STOML2;KCNC1;ATL2;NOL3;IKZF4;TMEM70;OPA1;G3BP2;DNM1L;TMEM120B;FKRP;HOMER1;PRMT1;TMEM120A;TWNK;UPB1;JMJD6;OXA1L;ALS2;AQP11;ZNF777;MICU1;CUTC;MCU"
"Carbohydrate Catabolic Process (GO:0016052)","12/41",0.0602360816857436,0.681807324594308,0,0,1.84211963944278,5.17540517905544,"GPI;PFKFB1;NEU3;NEU4;TPI1;PKM;PGAM2;ENO3;GAPDH;PFKM;PGM1;HK1"
"Protein Dephosphorylation (GO:0006470)","30/124",0.0623381707954044,0.703698812105536,0,0,1.42210943751059,3.94661158503117,"MTMR3;PDXP;PPP2R2A;PPM1J;TIMM50;PPP1CB;PPP1CC;PPP6C;STK11;PPP3CB;PPP3CC;PPP2R1A;SBF1;DUSP3;PPTC7;PPP2R5D;PPP2R3B;PTPN11;PPP2R3A;SSH2;DUSP26;CTDNEP1;FAM220A;PPM1A;PPP5C;PPM1B;PGAM5;PHPT1;PPEF2;PTPN3"
"Cellular Response To Purine-Containing Compound (GO:0071415)","4/9",0.0655444612797972,0.718586921046573,0,0,3.5588988825293,9.69809400933843,"RYR1;GSTM2;CASQ2;RYR3"
"Ether Lipid Biosynthetic Process (GO:0008611)","4/9",0.0655444612797972,0.718586921046573,0,0,3.5588988825293,9.69809400933843,"GNPAT;PEX7;DHRS7B;PLA2G4C"
"Glucan Biosynthetic Process (GO:0009250)","4/9",0.0655444612797972,0.718586921046573,0,0,3.5588988825293,9.69809400933843,"GYS1;UGP2;PPP1R3C;GYG1"
"Glycogen Biosynthetic Process (GO:0005978)","4/9",0.0655444612797972,0.718586921046573,0,0,3.5588988825293,9.69809400933843,"GYS1;UGP2;PPP1R3C;GYG1"
"Microtubule Anchoring (GO:0034453)","4/9",0.0655444612797972,0.718586921046573,0,0,3.5588988825293,9.69809400933843,"DAG1;CLASP1;PEX14;CLASP2"
"Negative Regulation Of Sodium Ion Transmembrane Transport (GO:1902306)","4/9",0.0655444612797972,0.718586921046573,0,0,3.5588988825293,9.69809400933843,"NEDD4;HECW1;NEDD4L;OXSR1"
"Peptidyl-Lysine Dimethylation (GO:0018027)","4/9",0.0655444612797972,0.718586921046573,0,0,3.5588988825293,9.69809400933843,"SETD3;SETBP1;SETD7;SMYD2"
"Protein Insertion Into ER Membrane By Stop-Transfer Membrane-Anchor Sequence (GO:0045050)","4/9",0.0655444612797972,0.718586921046573,0,0,3.5588988825293,9.69809400933843,"EMC3;EMC4;EMC6;EMC9"
"Regulation Of Actin Filament-Based Movement (GO:1903115)","4/9",0.0655444612797972,0.718586921046573,0,0,3.5588988825293,9.69809400933843,"MYLK2;PLN;PDE4D;SCN5A"
"Regulation Of Store-Operated Calcium Entry (GO:2001256)","4/9",0.0655444612797972,0.718586921046573,0,0,3.5588988825293,9.69809400933843,"HOMER1;STIM1;HOMER2;HOMER3"
"Skeletal Muscle Tissue Regeneration (GO:0043403)","4/9",0.0655444612797972,0.718586921046573,0,0,3.5588988825293,9.69809400933843,"MSTN;TMEM182;LARGE1;HDGFL2"
"Positive Regulation Of Ion Transmembrane Transporter Activity (GO:0032414)","10/33",0.0669046917628437,0.731138579659143,0,0,1.93521584825933,5.23376452336467,"ACTN2;NDUFA4;WNK2;COX17;AKAP9;DMD;ADRB2;ANK3;NOL3;ATP1B1"
"Response To Metal Ion (GO:0010038)","17/64",0.0670384944100074,0.731138579659143,0,0,1.61064295358257,4.35274370716584,"HOMER1;SLC30A2;ATP5F1D;GPHN;TTN;PPP5C;IMPA2;TNNT2;NEDD4;ITPKA;BCL2;CAPN3;D2HGDH;CALM3;MAPT;SLC25A12;FXN"
"JNK Cascade (GO:0007254)","9/29",0.0700469376953055,0.761965130046596,0,0,2.00277019650655,5.32454426224121,"MAPK9;MAP2K4;GPS1;MAP3K20;GPS2;MAP3K10;MAP2K7;MAP4K3;CRKL"
"Cardiac Ventricle Morphogenesis (GO:0003208)","12/42",0.070782709607856,0.762051382616197,0,0,1.78060639169626,4.71529594080457,"MESP1;GSK3A;MEF2C;TNNC1;MYL2;TNNT2;TPM1;MYL3;TNNI3;PROX1;MYH6;MYH7"
"Stress-Activated MAPK Cascade (GO:0051403)","12/42",0.070782709607856,0.762051382616197,0,0,1.78060639169626,4.71529594080457,"IKBKB;MAP2K3;MAPK9;MAP2K4;GPS1;MAP3K20;GPS2;MAP3K10;MAP2K7;MAP4K3;CRKL;MAP2K6"
"Substantia Nigra Development (GO:0021762)","12/42",0.070782709607856,0.762051382616197,0,0,1.78060639169626,4.71529594080457,"YWHAE;ATP5PF;ATP5PB;S100A1;MAPKAP1;NDUFS3;PADI2;CALM3;SYPL2;NDRG2;SIRT2;COX6B1"
"Translational Elongation (GO:0006414)","12/42",0.070782709607856,0.762051382616197,0,0,1.78060639169626,4.71529594080457,"EEF1G;HBS1L;TSFM;GFM1;GFM2;USP10;EEF1A2;DROSHA;RCHY1;EEF2;MRPL44;TUFM"
"Positive Regulation Of Release Of Cytochrome C From Mitochondria (GO:0090200)","8/25",0.0727973069917148,0.773510020702792,0,0,2.09421394751625,5.48700036522735,"MLLT11;MOAP1;PINK1;FAM162A;BNIP3;PPIF;MFF;DNM1L"
"Regulation Of Cell Size (GO:0008361)","8/25",0.0727973069917148,0.773510020702792,0,0,2.09421394751625,5.48700036522735,"RPTOR;DEPTOR;CAV3;RDX;PRR16;ARHGAP35;MTOR;LAMTOR5"
"Regulation Of Glycogen Biosynthetic Process (GO:0005979)","8/25",0.0727973069917148,0.773510020702792,0,0,2.09421394751625,5.48700036522735,"EPM2AIP1;PPP1R3F;GSK3A;PPP1R3C;IRS1;PPP1R3B;AKT2;PPP1R3A"
"Membrane Depolarization During Action Potential (GO:0086010)","5/13",0.0731399159976852,0.773510020702792,0,0,2.78063658669575,7.27242413783441,"SCN5A;SCN3B;KCNJ2;SCN1B;SCN2B"
"Regulation Of Cellular Ketone Metabolic Process (GO:0010565)","5/13",0.0731399159976852,0.773510020702792,0,0,2.78063658669575,7.27242413783441,"PDK4;SIRT5;FGFR4;PPARA;PDK2"
"Regulation Of Fatty Acid Beta-Oxidation (GO:0031998)","5/13",0.0731399159976852,0.773510020702792,0,0,2.78063658669575,7.27242413783441,"IRS1;AKT2;PPARA;MTLN;PLIN5"
"Regulation Of Oxidoreductase Activity (GO:0051341)","5/13",0.0731399159976852,0.773510020702792,0,0,2.78063658669575,7.27242413783441,"OXA1L;FDX1;SIRT4;FDX2;ECSIT"
"Positive Regulation Of Cation Channel Activity (GO:2001259)","11/38",0.0752309948269245,0.78861768789493,0,0,1.81341909905536,4.69166332713431,"JPH2;PPP3CB;GSTM2;PPP3CC;LRRC38;STAC3;AKAP6;CALM3;ANK3;CASQ1;TRDN"
"Positive Regulation Of Myoblast Differentiation (GO:0045663)","11/38",0.0752309948269245,0.78861768789493,0,0,1.81341909905536,4.69166332713431,"MYOG;MEF2C;SMARCD3;PHF10;MYOD1;MYF6;DPF3;SMYD1;HIF1AN;RBM24;MYF5"
"Muscle Tissue Morphogenesis (GO:0060415)","6/17",0.0753216511838519,0.78861768789493,0,0,2.42695292163522,6.27607029020683,"TBX1;MYLK2;ANKRD1;TCAP;PROX1;TTN"
"Regulation Of Aerobic Respiration (GO:1903715)","6/17",0.0753216511838519,0.78861768789493,0,0,2.42695292163522,6.27607029020683,"PINK1;ACTN3;UQCC2;ARL2;COX7A1;SLC25A33"
"Protein Deubiquitination (GO:0016579)","27/112",0.0766681428267609,0.793902192403551,0,0,1.41503662353587,3.6341947006722,"OTUD4;PRKN;USP13;USP15;USP38;MINDY1;USP31;USP10;SPATA2;OTUD7B;USP19;BABAM1;OTUD6B;SENP8;USP30;USP46;USP24;USP47;USP25;ZRANB1;USP6;USP21;USP2;USP28;UCHL5;COPS5;OTUD3"
"Negative Regulation Of Cellular Component Organization (GO:0051129)","20/79",0.0769600429553511,0.793902192403551,0,0,1.50960204521939,3.87132751819028,"HSPA8;TRAF3IP1;RDX;AKR1B1;HSPA2;DNAJB2;TMEFF2;SLN;DNAJB6;DNAJA4;PEX5;HSF1;SACS;PACSIN3;SPRY2;ULK1;RAF1;CRYAB;LCMT1;ANKS1B"
"Negative Regulation Of Hydrolase Activity (GO:0051346)","13/47",0.0771060323535005,0.793902192403551,0,0,1.70209739633558,4.36175012622912,"EGLN1;URI1;CAMK2A;RDX;DAB2IP;ARL2;SERPINA5;ATP5IF1;RASA4;NOS1;HRAS;PITX3;PLIN5"
"Cellular Response To Oxidative Stress (GO:0034599)","28/117",0.0781838650017604,0.793902192403551,0,0,1.40153203557282,3.57207346245034,"TMEM161A;PRKAA2;MPV17L;KEAP1;PARK7;FOXO3;PRDX3;PRDX2;MAPK9;CHCHD2;PRDX5;LONP1;ANKRD2;PPARGC1A;PDK2;JUN;PARP1;TPM1;PEX10;PEX12;PEX13;SIRT2;PEX14;PINK1;PEX5;MAPT;SQSTM1;ATF4"
"MAPK Cascade (GO:0000165)","24/98",0.0785618880726182,0.793902192403551,0,0,1.44457200417738,3.67480133545016,"MAP2K3;MEF2A;YWHAE;MAP2K4;MEF2C;MAP2K2;EGF;MAPK12;PPP1CB;IKBKB;SBK2;PPP1CC;PPP5C;PAK1;MAPKAPK2;HSF1;MAP3K20;TNIK;MAP2K7;FGF13;HRAS;MAP2K5;MAP2K6;PTPN3"
"Fatty Acid Metabolic Process (GO:0006631)","29/122",0.0795721663939338,0.793902192403551,0,0,1.3891918369274,3.51617083860872,"FAAH;ALKBH7;ACACB;CPT2;NUDT19;MLYCD;HTD2;ACADM;DECR2;PPARGC1A;CBR4;CYP2J2;ACOT8;PHYH;MECR;OXSM;CPT1B;ACADSB;MCAT;ACSF2;GNPAT;PCCA;PCCB;NDUFAB1;ACOT2;ACOT1;ECHDC3;LPIN1;CRAT"
"Purine Ribonucleotide Metabolic Process (GO:0009150)","21/84",0.0796682919723078,0.793902192403551,0,0,1.48448338809785,3.75557019969582,"HSPA8;ACOT8;OXSM;OLA1;AMPD1;ATP1A2;ATP1B1;NT5C2;CLPX;ACSF2;ACAT1;MYH3;OPA1;ACOT2;MYH8;ACOT1;NDUFS1;MLYCD;MYH6;RHOQ;MYH7"
"Adenosine Metabolic Process (GO:0046085)","3/6",0.0797983783655921,0.793902192403551,0,0,4.44795640326975,11.2455550993323,"ADAL;NT5C1A;NT5C2"
"Detection Of Muscle Stretch (GO:0035995)","3/6",0.0797983783655921,0.793902192403551,0,0,4.44795640326975,11.2455550993323,"CSRP3;TCAP;TTN"
"Mitochondrion-Endoplasmic Reticulum Membrane Tethering (GO:1990456)","3/6",0.0797983783655921,0.793902192403551,0,0,4.44795640326975,11.2455550993323,"PACS2;PSEN2;ATP2A2"
"Neurotransmitter Receptor Transport, Endosome To Postsynaptic Membrane (GO:0098887)","3/6",0.0797983783655921,0.793902192403551,0,0,4.44795640326975,11.2455550993323,"LRRC7;SCRIB;GRIP2"
"Positive Regulation Of Blood Circulation (GO:1903524)","3/6",0.0797983783655921,0.793902192403551,0,0,4.44795640326975,11.2455550993323,"GSK3A;HRC;ATP1A2"
"Positive Regulation Of Mitophagy (GO:1901526)","3/6",0.0797983783655921,0.793902192403551,0,0,4.44795640326975,11.2455550993323,"GDF1;VDAC1;SLC25A4"
"Purine Ribonucleoside Metabolic Process (GO:0046128)","3/6",0.0797983783655921,0.793902192403551,0,0,4.44795640326975,11.2455550993323,"NT5C1A;NT5C2;GNMT"
"Regulation Of Cardiac Muscle Cell Membrane Potential (GO:0086036)","3/6",0.0797983783655921,0.793902192403551,0,0,4.44795640326975,11.2455550993323,"PLN;FXYD1;TRDN"
"Regulation Of Skeletal Muscle Satellite Cell Proliferation (GO:0014842)","3/6",0.0797983783655921,0.793902192403551,0,0,4.44795640326975,11.2455550993323,"MYOG;MSTN;EPHB1"
"Regulation Of Translational Termination (GO:0006449)","3/6",0.0797983783655921,0.793902192403551,0,0,4.44795640326975,11.2455550993323,"MTRF1;OGFOD1;GSPT1"
"Regulation Of Vitamin D Receptor Signaling Pathway (GO:0070562)","3/6",0.0797983783655921,0.793902192403551,0,0,4.44795640326975,11.2455550993323,"RXRB;MN1;RXRA"
"Sulfur Amino Acid Catabolic Process (GO:0000098)","3/6",0.0797983783655921,0.793902192403551,0,0,4.44795640326975,11.2455550993323,"MPST;MTRR;TST"
"Negative Regulation Of JNK Cascade (GO:0046329)","10/34",0.0798072643271001,0.793902192403551,0,0,1.8544681044681,4.68835637892061,"PRKN;PER1;SH3RF2;PINK1;DUSP3;PRMT1;GPS2;HIPK3;KLHL31;ANKS1B"
"Organophosphate Biosynthetic Process (GO:0090407)","10/34",0.0798072643271001,0.793902192403551,0,0,1.8544681044681,4.68835637892061,"MOCS2;PCYT2;TPI1;PPIP5K1;ITPKA;PNPO;FITM1;FITM2;GPHN;IP6K3"
"Autophagosome Organization (GO:1905037)","16/61",0.0814857387483444,0.808678374118641,0,0,1.58303405949017,3.96918444885742,"GABARAPL2;UBXN2A;RAB1B;ATG9A;ATP2A2;WIPI1;ATG14;DNAJC16;NSFL1C;MAP1LC3B;MAP1LC3A;PACS2;TP53INP2;ULK2;ULK1;EMC6"
"Cardiac Muscle Tissue Development (GO:0048738)","14/52",0.0826709689647552,0.81850122464396,0,0,1.6401231282634,4.08864126223401,"MESP1;MYLK2;PRMT1;TTN;BMP5;CSRP3;SGCD;POLR2D;ANKRD1;TCAP;SCN5A;NDUFV2;ASB2;SGCG"
"Embryonic Skeletal System Morphogenesis (GO:0048704)","9/30",0.0844216022018637,0.831900400050365,0,0,1.90728321896444,4.71467434548357,"TBX1;HOXA9;NOG;HOXA3;SIX1;FUZ;OXSR1;HOXC9;HOXA4"
"Response To Amino Acid (GO:0043200)","9/30",0.0844216022018637,0.831900400050365,0,0,1.90728321896444,4.71467434548357,"RPTOR;RRAGB;NEURL1;RRAGD;CPEB3;MTOR;IPO5;CPEB4;LAMTOR5"
"Dephosphorylation (GO:0016311)","34/147",0.084917246016084,0.834820249566572,0,0,1.34062892898224,3.30609560580116,"MTMR3;PDXP;PPP2R2A;PPM1J;DUSP13;TIMM50;PPP1CB;THTPA;PPP1CC;PPP6C;STK11;PPP3CB;PPP3CC;PPP2R1A;SBF1;DUSP3;PPTC7;DUSP28;PPP2R5D;PPP2R3B;PTPN11;PPP2R3A;SSH2;DUSP26;DUSP8;THNSL2;CTDNEP1;FAM220A;PPM1A;PPP5C;PPM1B;PHPT1;PPEF2;PTPN3"
"Response To Reactive Oxygen Species (GO:0000302)","17/66",0.0854300099780923,0.837894336740634,0,0,1.54471263341223,3.80008241668037,"JUN;TXNRD2;MPV17L;TPM1;PEX10;PEX12;PEX13;PEX14;SOD1;PRDX3;MAPK9;PRDX5;STK25;PEX5;MAPT;SQSTM1;PDK2"
"Negative Regulation Of Ubiquitin-Dependent Protein Catabolic Process (GO:2000059)","11/39",0.0881308656071443,0.860354464248765,0,0,1.7485468518374,4.2471022062301,"BAG6;PDCL3;HSP90AB1;UBXN1;CSNK2A1;SGTA;TLK2;PARK7;KLHL40;UCHL5;HIPK2"
"Regulation Of Protein Targeting To Mitochondrion (GO:1903214)","11/39",0.0881308656071443,0.860354464248765,0,0,1.7485468518374,4.2471022062301,"PRKN;RNF31;ATP5IF1;SH3GLB1;NPEPPS;GSK3A;PINK1;HAX1;HSPA1L;ARIH2;PIN1"
"Lipid Biosynthetic Process (GO:0008610)","18/71",0.0889504111962355,0.866335632767056,0,0,1.51218026482203,3.65898666056461,"DHRS11;PCYT2;ACSS2;PRKAA2;OXSM;IDI2;FITM1;FITM2;ACACB;MCAT;AGPAT3;CYP17A1;MLXIPL;NDUFAB1;MLYCD;HTD2;CBR4;FDFT1"
"Peptidyl-Serine Phosphorylation (GO:0018105)","36/158",0.0929272824002956,0.892969717358602,0,0,1.31476581762126,3.12380206896753,"CAMK2B;GPI;CAMK2D;CAB39;ROCK2;MAST2;CAMK2A;PKD1;IKBKB;MAPK9;AKT2;MKNK2;MAP3K20;TLK2;PRKACA;MARK3;SRPK3;HIPK4;MAP2K2;CSNK2A1;DMPK;DYRK1A;DYRK1B;LMTK2;HIPK3;MAPK12;MTOR;HIPK2;PINK1;SBK1;MAPKAPK3;MAPKAPK2;ULK2;MAP3K10;PRKCQ;ULK1"
"Regulation Of Cardiac Muscle Cell Membrane Repolarization (GO:0099623)","7/22",0.0929906493494111,0.892969717358602,0,0,2.07645026368431,4.93210164419549,"KCNE2;CAV3;CACNA2D1;KCNE5;SCN5A;SCN1B;SNTA1"
"TORC1 Signaling (GO:0038202)","4/10",0.0938172577931674,0.892969717358602,0,0,2.9655673662215,7.01773775784165,"RPTOR;MLST8;MTOR;LAMTOR5"
"Cellular Response To Leucine (GO:0071233)","4/10",0.0938172577931674,0.892969717358602,0,0,2.9655673662215,7.01773775784165,"RPTOR;SESN1;RRAGD;MTOR"
"Negative Regulation Of Inclusion Body Assembly (GO:0090084)","4/10",0.0938172577931674,0.892969717358602,0,0,2.9655673662215,7.01773775784165,"DNAJB2;DNAJB6;SACS;HSPA2"
"Phosphate Ion Transmembrane Transport (GO:0035435)","4/10",0.0938172577931674,0.892969717358602,0,0,2.9655673662215,7.01773775784165,"SLC25A3;SLC20A2;SLC37A4;SLC25A11"
"Positive Regulation Of Autophagy Of Mitochondrion (GO:1903599)","4/10",0.0938172577931674,0.892969717358602,0,0,2.9655673662215,7.01773775784165,"PRKN;GDF1;PARK7;SLC25A4"
"Positive Regulation Of Dendrite Development (GO:1900006)","4/10",0.0938172577931674,0.892969717358602,0,0,2.9655673662215,7.01773775784165,"DAB2IP;COBL;VLDLR;BMP5"
"Response To Leucine (GO:0043201)","4/10",0.0938172577931674,0.892969717358602,0,0,2.9655673662215,7.01773775784165,"RPTOR;SESN1;RRAGD;MTOR"
"snRNA Transcription By RNA Polymerase II (GO:0042795)","4/10",0.0938172577931674,0.892969717358602,0,0,2.9655673662215,7.01773775784165,"SNAPC5;ICE1;SNAPC3;ZC3H8"
"Regulation Of Cardiac Muscle Contraction (GO:0055117)","10/35",0.0941354705549394,0.893966781596568,0,0,1.78018018018018,4.20660200684008,"PLN;CAV3;PDE4D;ATP2A2;TNNI3;CALM3;NOS1;SCN5A;PRKACA;ATP1B1"
"Protein Targeting (GO:0006605)","30/129",0.0950752812354571,0.900849044828268,0,0,1.34986982091017,3.17636013800269,"ZFAND6;TIMM13;ZDHHC7;AKAP6;MFF;TRAK1;ZDHHC2;ZDHHC4;PITRM1;TIMM17A;TIMM17B;MFN2;HOMER3;DNAJC19;NACA4P;TOMM70;TIMM8B;FIS1;ICMT;PEX19;VPS13A;TIMM23;TIMM44;VPS37A;PEX1;PEX12;CDC37;PARD3;PEX6;AQP11"
"Maintenance Of Protein Localization In Organelle (GO:0072595)","6/18",0.0961092386034545,0.902440565399201,0,0,2.22457049359149,5.2105443569972,"PINK1;TAF8;ARL2;CHCHD10;HK1;SKP1"
"Negative Regulation Of Monoatomic Ion Transport (GO:0043271)","6/18",0.0961092386034545,0.902440565399201,0,0,2.22457049359149,5.2105443569972,"PLN;CAV3;NEDD4;CASQ2;PACSIN3;NOS1"
"Cardiac Cell Development (GO:0055006)","5/14",0.0971825919281374,0.902440565399201,0,0,2.47152550587665,5.76153049088525,"TCAP;ALPK3;ASB2;MYH6;TTN"
"Membrane Repolarization During Cardiac Muscle Cell Action Potential (GO:0086013)","5/14",0.0971825919281374,0.902440565399201,0,0,2.47152550587665,5.76153049088525,"YWHAE;KCNE2;KCNN2;ATP1B1;KCNJ2"
"Positive Regulation Of Cytoplasmic Translation (GO:2000767)","5/14",0.0971825919281374,0.902440565399201,0,0,2.47152550587665,5.76153049088525,"PKM;CSDE1;YBX1;YBX3;PAIP1"
"Positive Regulation Of Lyase Activity (GO:0051349)","5/14",0.0971825919281374,0.902440565399201,0,0,2.47152550587665,5.76153049088525,"STIM1;PARK7;NOS1;FXN;ISCU"
"Protein Localization To Vacuole (GO:0072665)","5/14",0.0971825919281374,0.902440565399201,0,0,2.47152550587665,5.76153049088525,"SH3GLB1;RNF128;KPTN;RTN4;LAMTOR5"
"Regulation Of Sequestering Of Triglyceride (GO:0010889)","5/14",0.0971825919281374,0.902440565399201,0,0,2.47152550587665,5.76153049088525,"FITM1;FITM2;OSBPL11;PPARA;PLIN5"
"Response To Muscle Stretch (GO:0035994)","5/14",0.0971825919281374,0.902440565399201,0,0,2.47152550587665,5.76153049088525,"CSRP3;CAV3;TCAP;DMD;TTN"
"Regulation Of Dendrite Morphogenesis (GO:0048814)","9/31",0.100426975516238,0.928450714044165,0,0,1.82047687574434,4.18404647298911,"CDKL3;SEMA4D;DPYSL5;SS18L1;NEDD4;HECW1;NEDD4L;TNIK;OBSL1"
"Response To Estradiol (GO:0032355)","9/31",0.100426975516238,0.928450714044165,0,0,1.82047687574434,4.18404647298911,"MYOG;FAM210B;STAT5B;RUVBL2;MYOD1;NRIP1;ZNF703;STRN3;CCDC62"
"Positive Regulation Of Supramolecular Fiber Organization (GO:1902905)","23/96",0.101689369937687,0.938050839865715,0,0,1.40304747607431,3.2071315270239,"CSF3;CAV3;SYNPO2;ARL2;PDXP;SLAIN2;PROX1;MYLK3;LMOD2;CLIP1;PAK1;SYNPO2L;BIN1;CFL2;CDC42EP3;DRG1;TOGARAM1;MAPT;WHAMM;SYNPO;CLASP1;CDK5RAP2;PFN2"
"Protein Deacetylation (GO:0006476)","11/40",0.102296328170131,0.939511013983573,0,0,1.68814855270344,3.84877865360453,"HDAC4;MBD3;HDAC5;MTA1;BRMS1L;HDAC11;SIRT4;SIRT5;HDAC9;SIRT2;SIRT3"
"Regulation Of Small Molecule Metabolic Process (GO:0062012)","11/40",0.102296328170131,0.939511013983573,0,0,1.68814855270344,3.84877865360453,"PRKN;BCKDK;ACADVL;PRKAG1;RORC;PDK4;ARL2;FOXK2;MLYCD;PPARA;PDK2"
"Negative Regulation Of Apoptotic Signaling Pathway (GO:2001234)","20/82",0.104809626599153,0.960487343976486,0,0,1.43629186793003,3.23971380391333,"PRKN;NDUFA13;URI1;ASAH2;CSNK2A1;PELI3;MPV17L;FZD9;AKR1B1;GHITM;PARK7;TRIAP1;NOL3;PINK1;OPA1;NDUFS3;PPIF;BCL2;FXN;SLC25A4"
"Cardiac Muscle Cell Differentiation (GO:0055007)","8/27",0.106919750727483,0.975555372650761,0,0,1.87354060458103,4.18863111196332,"MESP1;MEF2C;TCAP;ALPK3;ALPK2;ASB2;MYH6;TTN"
"Peptidyl-Lysine Methylation (GO:0018022)","8/27",0.106919750727483,0.975555372650761,0,0,1.87354060458103,4.18863111196332,"METTL21EP;METTL21C;SETD3;SETD6;SETD7;SMYD2;SMYD1;ETFBKMT"
"Regulation Of Cellular Metabolic Process (GO:0031323)","12/45",0.10919163996992,0.992806814938319,0,0,1.61843510218271,3.58426855439458,"PRKN;RSL1D1;PINK1;RNF34;PRKAG1;PDK4;ARL2;STUB1;BCO2;PPARA;COQ7;PDK2"
"Positive Regulation Of Protein Catabolic Process (GO:0045732)","22/92",0.10928460880768,0.992806814938319,0,0,1.3994365535861,3.09807223613875,"AMER1;PRKN;GSK3A;NDUFA13;OSBPL7;KCNE2;CSNK2A1;FAF1;NRDC;RDX;DAB2IP;ASB11;OAZ2;CUL4A;PSMC6;RNF128;PSMC3;NEDD4;PACSIN3;ASB5;RILP;TRIM32"
"Positive Regulation Of Intracellular Protein Transport (GO:0090316)","29/126",0.109975713933265,0.995118849844661,0,0,1.33157739880272,2.93945140869324,"YWHAE;RNF31;GSK3A;ICE1;SAR1B;MIEF2;MFF;ZDHHC2;OAZ2;IPO5;NPEPPS;XPO4;BAG3;AKT2;ARIH2;DMAP1;PCNT;EMD;HRAS;SH3GLB1;FIS1;SMAD3;HSPA1L;KCNB1;ANK3;MAVS;PINK1;RUFY3;PIN1"
"Protein Tetramerization (GO:0051262)","18/73",0.11001433320871,0.995118849844661,0,0,1.45701280935207,3.21583798311329,"RYR1;FKRP;KCNC1;HOMER1;KCNJ12;ACOT13;AQP4;PKD1;UPB1;ACACB;RYR3;GNMT;OXA1L;ALDOA;CBR4;KCNJ2;CUTC;HCN1"
"Microtubule Nucleation (GO:0007020)","7/23",0.113435804497052,0.999996292850528,0,0,1.94655278232406,4.23670756035817,"NEDD1;TUBGCP5;RANBP9;SLAIN2;TUBGCP4;CLASP1;CLASP2"
"Negative Regulation Of Epidermal Growth Factor Receptor Signaling Pathway (GO:0042059)","7/23",0.113435804497052,0.999996292850528,0,0,1.94655278232406,4.23670756035817,"RNF115;RNF126;DUSP3;DAB2IP;CHMP6;SOCS6;PTPN3"
"Positive Regulation Of Oxidoreductase Activity (GO:0051353)","7/23",0.113435804497052,0.999996292850528,0,0,1.94655278232406,4.23670756035817,"GDNF;FDX1;FDX2;PPM1J;PARK7;FXN;SIRT3"
"Regulation Of Cardiac Muscle Hypertrophy (GO:0010611)","7/23",0.113435804497052,0.999996292850528,0,0,1.94655278232406,4.23670756035817,"MEF2A;CAMK2D;MLIP;CAV3;PARP1;ROCK2;LMCD1"
"Regulation Of Nuclear-Transcribed mRNA Catabolic Process, Deadenylation-Dependent Decay (GO:1900151)","7/23",0.113435804497052,0.999996292850528,0,0,1.94655278232406,4.23670756035817,"NANOS1;CNOT7;CSDE1;YBX1;CPEB3;TOB1;PAIP1"
"Negative Regulation Of Intracellular Signal Transduction (GO:1902532)","50/231",0.114579273454033,0.999996292850528,0,0,1.2310850108957,2.66713133516065,"NDUFA13;GSK3A;DGKD;FAM89B;MSTN;OTUD7B;PEBP1;DUSP13;DEPTOR;PPP2R1A;DAG1;EPM2A;MAP2K3;ENDOG;DUSP3;TLE1;PDE4D;TSC2;TSC1;DUSP8;DUSP26;PPM1A;PPM1B;CDC34;AKT1S1;PPIF;NDUFS3;PPARA;PPEF2;URI1;NLRX1;PRKAA2;RNF34;USP10;NPRL2;NOL3;HDAC9;UACA;PDE11A;MARK3;CAV3;UBE2B;DAB2IP;PER1;PINK1;TNIP1;BCL2;SPRY3;GPD1L;OTUD3"
"Regulation Of Microtubule-Based Process (GO:0032886)","11/41",0.117718423550768,0.999996292850528,0,0,1.63177680684508,3.49112079469592,"MAP10;IGBP1;PATJ;PRKAA2;TRAF3IP1;MAP6D1;MEMO1;MAPT;MARK4;CLASP1;CLASP2"
"'De Novo' Post-Translational Protein Folding (GO:0051084)","9/32",0.118041230388763,0.999996292850528,0,0,1.74121891019556,3.72049954290505,"CHCHD4;HSPA9;HSPA8;HSPA1L;DNAJB5;ST13;DNAJB4;ENTPD5;HSPA2"
"Regulation Of Monoatomic Ion Transmembrane Transporter Activity (GO:0032412)","17/69",0.118605157120915,0.999996292850528,0,0,1.45532633395051,3.10269070552277,"YWHAE;MEF2C;CAV3;HOMER1;KCNE5;FHL1;NEDD4L;PHB2;NEDD4;FXYD1;PPIF;GPD1L;SCN3B;SCN1B;HCN1;PTPN3;SCN2B"
"Regulation Of Peptidyl-Serine Phosphorylation (GO:0033135)","22/93",0.119453110844484,0.999996292850528,0,0,1.37964130992474,2.93150512430291,"SPTBN4;CSF3;HSP90AB1;PDE4D;ARAF;PARK7;RPTOR;NTF4;MLXIPL;PAK1;PINK1;HAX1;INPP5J;HRC;SPRY2;DMD;NOS1;GPD1L;AMH;RAF1;PFN2;EIF4G1"
"Release Of Cytochrome C From Mitochondria (GO:0001836)","6/19",0.119609977691673,0.999996292850528,0,0,2.05332382370833,4.36027218447938,"FIS1;FZD9;BCL2;MFF;DNM1L;TIMM50"
"Arginine Catabolic Process (GO:0006527)","3/7",0.121056583990289,0.999996292850528,0,0,3.33576294277929,7.04345413492375,"ARG2;DDAH1;NOS1"
"Aspartate Family Amino Acid Biosynthetic Process (GO:0009067)","3/7",0.121056583990289,0.999996292850528,0,0,3.33576294277929,7.04345413492375,"MTRR;GOT1;MTHFD1"
"Atrial Cardiac Muscle Cell To AV Node Cell Signaling (GO:0086026)","3/7",0.121056583990289,0.999996292850528,0,0,3.33576294277929,7.04345413492375,"KCNE5;SCN5A;SCN3B"
"Cobalamin Metabolic Process (GO:0009235)","3/7",0.121056583990289,0.999996292850528,0,0,3.33576294277929,7.04345413492375,"MMAB;MMACHC;MMADHC"
"Glycine Metabolic Process (GO:0006544)","3/7",0.121056583990289,0.999996292850528,0,0,3.33576294277929,7.04345413492375,"GCSH;RIDA;GLDC"
"Kidney Mesenchyme Development (GO:0072074)","3/7",0.121056583990289,0.999996292850528,0,0,3.33576294277929,7.04345413492375,"SIX4;SIX1;OXSR1"
"Late Nucleophagy (GO:0044805)","3/7",0.121056583990289,0.999996292850528,0,0,3.33576294277929,7.04345413492375,"ATG9A;ULK2;ULK1"
"Mammary Gland Epithelial Cell Differentiation (GO:0060644)","3/7",0.121056583990289,0.999996292850528,0,0,3.33576294277929,7.04345413492375,"ERBB4;AKT2;ZNF703"
"Mitochondrial Outer Membrane Permeabilization (GO:0097345)","3/7",0.121056583990289,0.999996292850528,0,0,3.33576294277929,7.04345413492375,"MOAP1;BNIP3;VDAC2"
"Negative Regulation Of Cell Cycle G2/M Phase Transition (GO:1902750)","3/7",0.121056583990289,0.999996292850528,0,0,3.33576294277929,7.04345413492375,"AVEN;USP47;FHL1"
"Negative Regulation Of Fatty Acid Oxidation (GO:0046322)","3/7",0.121056583990289,0.999996292850528,0,0,3.33576294277929,7.04345413492375,"ACADVL;SIRT4;PLIN5"
"Negative Regulation Of Intracellular Transport (GO:0032387)","3/7",0.121056583990289,0.999996292850528,0,0,3.33576294277929,7.04345413492375,"MRLN;PLN;CRYAB"
"Negative Regulation Of Mitochondrial Fusion (GO:0010637)","3/7",0.121056583990289,0.999996292850528,0,0,3.33576294277929,7.04345413492375,"PRKN;BNIP3;OMA1"
"Negative Regulation Of Mitochondrial Membrane Potential (GO:0010917)","3/7",0.121056583990289,0.999996292850528,0,0,3.33576294277929,7.04345413492375,"HEBP2;MAPT;RNF122"
"Neurotransmitter Receptor Transport, Endosome To Plasma Membrane (GO:0099639)","3/7",0.121056583990289,0.999996292850528,0,0,3.33576294277929,7.04345413492375,"LRRC7;SCRIB;GRIP2"
"Positive Regulation Of Epithelial Tube Formation (GO:1905278)","3/7",0.121056583990289,0.999996292850528,0,0,3.33576294277929,7.04345413492375,"GDNF;SIX4;SIX1"
"Positive Regulation Of Membrane Potential (GO:0045838)","3/7",0.121056583990289,0.999996292850528,0,0,3.33576294277929,7.04345413492375,"AKT2;ANK3;MTLN"
"Positive Regulation Of Myotube Differentiation (GO:0010831)","3/7",0.121056583990289,0.999996292850528,0,0,3.33576294277929,7.04345413492375,"MYOG;SMYD1;RBM24"
"Protein Deubiquitination Involved In Ubiquitin-Dependent Protein Catabolic Process (GO:0071947)","3/7",0.121056583990289,0.999996292850528,0,0,3.33576294277929,7.04345413492375,"ZRANB1;OTUD7B;USP28"
"Protein Localization To Cytoplasmic Stress Granule (GO:1903608)","3/7",0.121056583990289,0.999996292850528,0,0,3.33576294277929,7.04345413492375,"PAK1;DDX1;YBX1"
"Regulation Of Carbohydrate Biosynthetic Process (GO:0043255)","3/7",0.121056583990289,0.999996292850528,0,0,3.33576294277929,7.04345413492375,"SDHAF3;PDK2;GNMT"
"Regulation Of Cytoplasmic Translational Elongation (GO:1900247)","3/7",0.121056583990289,0.999996292850528,0,0,3.33576294277929,7.04345413492375,"DPH1;DPH2;CPEB3"
"Regulation Of Oxidative Stress-Induced Cell Death (GO:1903201)","3/7",0.121056583990289,0.999996292850528,0,0,3.33576294277929,7.04345413492375,"PRKN;PINK1;PARK7"
"tRNA Aminoacylation For Mitochondrial Protein Translation (GO:0070127)","3/7",0.121056583990289,0.999996292850528,0,0,3.33576294277929,7.04345413492375,"SARS2;TARS2;EARS2"
"Negative Regulation Of Cellular Metabolic Process (GO:0031324)","12/46",0.124255135900016,0.999996292850528,0,0,1.57073766409049,3.27564503722636,"HDAC4;PRKN;BCKDK;PINK1;RBL1;ACTN3;SIRT5;YBX1;AMH;PPARA;SIRT2;PLIN5"
"N-terminal Protein Amino Acid Acetylation (GO:0006474)","5/15",0.124664827206094,0.999996292850528,0,0,2.22423664122137,4.63114210940003,"NAA50;KAT2B;NAA30;NAA35;NAA80"
"Histone H4-K5 Acetylation (GO:0043981)","5/15",0.124664827206094,0.999996292850528,0,0,2.22423664122137,4.63114210940003,"KANSL2;MCRS1;KANSL3;KAT8;KAT7"
"Histone H4-K8 Acetylation (GO:0043982)","5/15",0.124664827206094,0.999996292850528,0,0,2.22423664122137,4.63114210940003,"KANSL2;MCRS1;KANSL3;KAT8;KAT7"
"Membrane Repolarization During Action Potential (GO:0086011)","5/15",0.124664827206094,0.999996292850528,0,0,2.22423664122137,4.63114210940003,"YWHAE;KCNE2;KCNE5;ATP1B1;KCNJ2"
"Cellular Response To Osmotic Stress (GO:0071470)","8/28",0.126768112519591,0.999996292850528,0,0,1.77975443383356,3.67589723862395,"RPTOR;CAB39;MLST8;CAPN3;OXSR1;RCSD1;YBX3;MTOR"
"Aspartate Family Amino Acid Catabolic Process (GO:0009068)","4/11",0.126793783386859,0.999996292850528,0,0,2.54175914028735,5.24922385802371,"GOT1;GOT2;ASPA;DDO"
"Endoplasmic Reticulum Membrane Organization (GO:0090158)","4/11",0.126793783386859,0.999996292850528,0,0,2.54175914028735,5.24922385802371,"VAPB;ATL2;RTN4;TRDN"
"Negative Regulation Of calcineurin-NFAT Signaling Cascade (GO:0070885)","4/11",0.126793783386859,0.999996292850528,0,0,2.54175914028735,5.24922385802371,"HOMER2;HOMER3;MYOZ1;MYOZ2"
"Negative Regulation Of Calcineurin-Mediated Signaling (GO:0106057)","4/11",0.126793783386859,0.999996292850528,0,0,2.54175914028735,5.24922385802371,"HOMER2;HOMER3;MYOZ1;MYOZ2"
"Negative Regulation Of Release Of Sequestered Calcium Ion Into Cytosol (GO:0051280)","4/11",0.126793783386859,0.999996292850528,0,0,2.54175914028735,5.24922385802371,"GSTM2;CASQ2;CALM3;TRDN"
"Negative Regulation Of Ryanodine-Sensitive Calcium-Release Channel Activity (GO:0060315)","4/11",0.126793783386859,0.999996292850528,0,0,2.54175914028735,5.24922385802371,"GSTM2;CASQ2;CALM3;TRDN"
"Organic Cyclic Compound Catabolic Process (GO:1901361)","4/11",0.126793783386859,0.999996292850528,0,0,2.54175914028735,5.24922385802371,"ALDH4A1;GOT2;HOGA1;PRODH"
"Positive Regulation Of Branching Involved In Ureteric Bud Morphogenesis (GO:0090190)","4/11",0.126793783386859,0.999996292850528,0,0,2.54175914028735,5.24922385802371,"GDNF;SIX4;NOG;SIX1"
"Positive Regulation Of Cytoplasmic Transport (GO:1903651)","4/11",0.126793783386859,0.999996292850528,0,0,2.54175914028735,5.24922385802371,"PRKN;RAB21;RDX;NF2"
"Positive Regulation Of Muscle Contraction (GO:0045933)","4/11",0.126793783386859,0.999996292850528,0,0,2.54175914028735,5.24922385802371,"CACNB1;SRF;TACR2;CACNG1"
"Regulation Of Glycogen Metabolic Process (GO:0070873)","4/11",0.126793783386859,0.999996292850528,0,0,2.54175914028735,5.24922385802371,"PPP1R3F;PPP1R3C;PPP1R3B;PPP1R3A"
"Regulation Of Mitochondrial Fusion (GO:0010635)","4/11",0.126793783386859,0.999996292850528,0,0,2.54175914028735,5.24922385802371,"PRKN;MTCH2;BNIP3;OMA1"
"Regulation Of Response To Oxidative Stress (GO:1902882)","4/11",0.126793783386859,0.999996292850528,0,0,2.54175914028735,5.24922385802371,"PRKN;HEBP2;GGT7;PINK1"
"Negative Regulation Of Stress-Activated MAPK Cascade (GO:0032873)","10/37",0.12703069720528,0.999996292850528,0,0,1.64811275922387,3.40059474997052,"PRKN;IGBP1;PER1;SH3RF2;PINK1;DUSP3;PRMT1;GPS2;KLHL31;ANKS1B"
"Macromolecule Biosynthetic Process (GO:0009059)","40/183",0.130160280794549,0.999996292850528,0,0,1.24607569694275,2.54073421403613,"MRPS17;HBS1L;MRPS15;ALAS1;MRPS16;MRPS11;MRPS33;MRPL14;MRPL37;MRPL12;MRPL34;MRPL35;GSPT1;MRPL10;MRPL41;POLD2;POLL;LARGE1;ABCF1;TSFM;PABPC4;DHPS;MRPS18B;MRPS18A;EEF2;MRPS7;MRPL24;RPL3L;MRPL43;MRPS5;TUFM;EEF1G;COPS5;MRPL51;B4GAT1;TNIP1;EEF1A2;INHA;MRRF;EIF4G1"
"Positive Regulation Of Lipid Metabolic Process (GO:0045834)","7/24",0.136020787429174,0.999996292850528,0,0,1.83193735759443,3.65461895461213,"RPTOR;MLXIPL;EEF1A2;SIRT4;MLST8;PPARA;MTOR"
"Regulation Of Proteolysis Involved In Protein Catabolic Process (GO:1903050)","7/24",0.136020787429174,0.999996292850528,0,0,1.83193735759443,3.65461895461213,"ATP5IF1;PINK1;UBB;UBE3A;PRKACA;PKD1;UCHL5"
"Ubiquitin-Dependent Protein Catabolic Process Via The Multivesicular Body Sorting Pathway (GO:0043162)","9/33",0.137217437751522,0.999996292850528,0,0,1.66856577510917,3.31408611138729,"RNF115;RNF126;NEDD4;VPS4A;MVB12B;PLAA;UBAP1;VPS37A;CHMP6"
"Negative Regulation Of Intrinsic Apoptotic Signaling Pathway (GO:2001243)","15/61",0.138292770062031,0.999996292850528,0,0,1.45134547269831,2.87131622178256,"PRKN;NDUFA13;URI1;TMEM161A;HSPB1;PARK7;NOL3;YBX3;PINK1;OPA1;NDUFS3;PPIF;BCL2;TRIM32;TPT1"
"Negative Regulation Of Protein Phosphorylation (GO:0001933)","33/149",0.138362351428017,0.999996292850528,0,0,1.26696428571429,2.5059024346282,"PRKN;TRAF3IP1;TESK1;HSPB1;PARK7;CRKL;KLHL31;DEPTOR;DVL1;INPP5J;DMD;YWHAG;CAV3;SEMA4D;PDE4D;NOG;DAB2IP;TSC2;ATG14;SIRT2;MLXIPL;DBNDD1;IBTK;DBNDD2;PARD3;AKT1S1;SPRY2;TAF7;CALM3;CEP85;GPD1L;PPEF2;EIF4G1"
"Membrane Fission (GO:0090148)","10/38",0.145530595275585,0.999996292850528,0,0,1.58915408915409,3.0628862286029,"SH3GLB1;VPS4A;EXOC4;EXOC3;UBAP1;VPS37A;EXOC6;TMCC1;DNM1L;CHMP6"
"Cellular Response To Estradiol Stimulus (GO:0071392)","6/20",0.145650545453142,0.999996292850528,0,0,1.90654096380848,3.67303705764028,"MYOG;FAM210B;MYOD1;RUVBL2;NRIP1;ZNF703"
"Glutamate Metabolic Process (GO:0006536)","6/20",0.145650545453142,0.999996292850528,0,0,1.90654096380848,3.67303705764028,"ALDH5A1;GOT1;GOT2;DGLUCY;GCLM;PRODH"
"Monocarboxylic Acid Catabolic Process (GO:0072329)","6/20",0.145650545453142,0.999996292850528,0,0,1.90654096380848,3.67303705764028,"ACOT8;FAAH;LDHD;NUDT19;HOGA1;LPIN1"
"Stress-Activated Protein Kinase Signaling Cascade (GO:0031098)","6/20",0.145650545453142,0.999996292850528,0,0,1.90654096380848,3.67303705764028,"MAP2K3;IKBKB;MAP3K20;KAT7;MAP2K7;MAP2K6"
"Alpha-Amino Acid Metabolic Process (GO:1901605)","8/29",0.148376184680412,0.999996292850528,0,0,1.69490027934776,3.23387726126369,"THAP4;ALDH6A1;MTRR;DDAH1;MTHFD1;KYAT1;SLC25A12;GNMT"
"Positive Regulation Of Growth (GO:0045927)","19/81",0.148885886981075,0.999996292850528,0,0,1.36410385437082,2.59803826982985,"N6AMT1;LGI1;USP47;CSNK2A1;MAPKAP1;HPN;KLHL22;AKAP6;MTOR;RPTOR;SUPV3L1;MLST8;BCL2;TEAD1;FXN;HDGFL2;SLC25A33;TRIM32;EIF4G1"
"Negative Regulation Of Kinase Activity (GO:0033673)","15/62",0.153096574529242,0.999996292850528,0,0,1.42037853495108,2.66560500928899,"CAV3;NPRL2;HSPB1;TSC2;PARK7;PRDX3;DBNDD1;DBNDD2;DEPTOR;AKT1S1;DVL1;TAF7;MAPT;CEP85;YWHAG"
"Cellular Response To Gamma Radiation (GO:0071480)","5/16",0.155262395830537,0.999996292850528,0,0,2.0219093883216,3.76608670902813,"HSF1;MAP3K20;TLK2;CRYAB;HRAS"
"Endoplasmic Reticulum Tubular Network Organization (GO:0071786)","5/16",0.155262395830537,0.999996292850528,0,0,2.0219093883216,3.76608670902813,"RAB10;REEP1;ATL2;REEP2;RTN4"
"Protein Localization To Mitochondrion (GO:0070585)","5/16",0.155262395830537,0.999996292850528,0,0,2.0219093883216,3.76608670902813,"MTCH2;MAVS;PINK1;MAIP1;HK1"
"Positive Regulation Of Cellular Catabolic Process (GO:0031331)","32/146",0.157199689058133,0.999996292850528,0,0,1.24993615596255,2.31267984455013,"GSK3A;PLEKHF1;PRKAA2;IRS1;NPRL2;FOXO3;MTLN;RPTOR;STK11;AKT2;MLST8;PACSIN3;TRIM23;SH3GLB1;ENDOG;BNIP3;NRDC;TFEB;MID2;MTOR;SUPV3L1;MLXIPL;CNOT7;ULK2;ULK1;GRSF1;PPARA;SQSTM1;TRIM32;OPTN;CDK16;PLIN5"
"Regulation Of Intrinsic Apoptotic Signaling Pathway (GO:2001242)","12/48",0.15765305004682,0.999996292850528,0,0,1.48329236092142,2.74017281950179,"FIS1;NDUFA13;URI1;PINK1;PLEKHF1;DAPK2;BCL2;NDUFS3;PPIF;NOL3;DNM1L;NKX3-1"
"Regulation Of calcineurin-NFAT Signaling Cascade (GO:0070884)","9/34",0.157885104482949,0.999996292850528,0,0,1.60172489082969,2.95660427044257,"PPP3CB;C10ORF71;PPP3CC;HOMER2;AKAP6;HOMER3;MYOZ1;LMCD1;MYOZ2"
"Negative Regulation Of TORC1 Signaling (GO:1904262)","7/25",0.160607702207116,0.999996292850528,0,0,1.73005698005698,3.16391180361894,"STK11;DEPTOR;MIOS;CASTOR2;NPRL2;SESN1;KPTN"
"Aspartate Family Amino Acid Metabolic Process (GO:0009066)","4/12",0.163813818050698,0.999996292850528,0,0,2.22390297083674,4.02309551992827,"GOT1;MTHFD1;GOT2;SLC25A12"
"Atrial Cardiac Muscle Cell Action Potential (GO:0086014)","4/12",0.163813818050698,0.999996292850528,0,0,2.22390297083674,4.02309551992827,"KCNE5;KCNN2;SCN5A;SCN3B"
"Base-Excision Repair, Gap-Filling (GO:0006287)","4/12",0.163813818050698,0.999996292850528,0,0,2.22390297083674,4.02309551992827,"POLB;PARG;POLL;POLG"
"Histone H4-K16 Acetylation (GO:0043984)","4/12",0.163813818050698,0.999996292850528,0,0,2.22390297083674,4.02309551992827,"KANSL2;KANSL3;MCRS1;KAT8"
"Myelination In Peripheral Nervous System (GO:0022011)","4/12",0.163813818050698,0.999996292850528,0,0,2.22390297083674,4.02309551992827,"PARD3;PRDX6;SIRT2;SOD1"
"Negative Regulation By Host Of Viral Process (GO:0044793)","4/12",0.163813818050698,0.999996292850528,0,0,2.22390297083674,4.02309551992827,"PRKN;PSMC3;ZBED1;PITX3"
"Positive Regulation Of Histone H3-K4 Methylation (GO:0051571)","4/12",0.163813818050698,0.999996292850528,0,0,2.22390297083674,4.02309551992827,"KANSL2;KANSL3;MCRS1;KAT8"
"Positive Regulation Of Protein Export From Nucleus (GO:0046827)","4/12",0.163813818050698,0.999996292850528,0,0,2.22390297083674,4.02309551992827,"YWHAE;XPO4;BAG3;EMD"
"Positive Regulation Of Purine Nucleotide Biosynthetic Process (GO:1900373)","4/12",0.163813818050698,0.999996292850528,0,0,2.22390297083674,4.02309551992827,"PINK1;NOS1;PPARA;PPARGC1A"
"Positive Regulation Of Sodium Ion Transmembrane Transporter Activity (GO:2000651)","4/12",0.163813818050698,0.999996292850528,0,0,2.22390297083674,4.02309551992827,"WNK2;DMD;ANK3;ATP1B1"
"Regulation Of Actin Filament Organization (GO:0110053)","4/12",0.163813818050698,0.999996292850528,0,0,2.22390297083674,4.02309551992827,"CSF3;HAX1;RDX;NAA80"
"Regulation Of Dosage Compensation By Inactivation Of X Chromosome (GO:1900095)","4/12",0.163813818050698,0.999996292850528,0,0,2.22390297083674,4.02309551992827,"KANSL2;KANSL3;MCRS1;KAT8"
"Response To Thyroid Hormone (GO:0097066)","4/12",0.163813818050698,0.999996292850528,0,0,2.22390297083674,4.02309551992827,"THRB;HPN;KLF9;RDX"
"snRNA Transcription (GO:0009301)","4/12",0.163813818050698,0.999996292850528,0,0,2.22390297083674,4.02309551992827,"SNAPC5;ICE1;SNAPC3;ZC3H8"
"Negative Regulation Of Proteasomal Protein Catabolic Process (GO:1901799)","10/39",0.165323608918932,0.999996292850528,0,0,1.53426153426153,2.76144132770643,"BAG6;GABARAPL2;USP25;HSP90AB1;UBXN1;TLK2;AQP11;PARK7;KLHL40;UCHL5"
"Regulation Of Monoatomic Cation Transmembrane Transport (GO:1904062)","10/39",0.165323608918932,0.999996292850528,0,0,1.53426153426153,2.76144132770643,"KCNE2;HOMER1;KCNE5;SLMAP;HRC;NEDD4L;KCNN2;SCN5A;SNTA1;HCN1"
"Monocarboxylic Acid Metabolic Process (GO:0032787)","22/97",0.165636046039446,0.999996292850528,0,0,1.3057390669223,2.34766973530435,"GAMT;CYP2J2;MECR;MCCC1;HOGA1;ALKBH7;GBA2;CPT1B;ACADSB;ACSF2;GNPAT;GRHPR;SLC6A8;PCCA;HLCS;PCCB;ACOT2;ACOT1;VDAC1;ECHDC3;ME3;DECR2"
"Positive Regulation Of Autophagy (GO:0010508)","24/107",0.166922518697625,0.999996292850528,0,0,1.28721848203997,2.30441139454241,"EPM2A;SH3GLB1;PRKN;GSK3A;ENDOG;PLEKHF1;PRKAA2;NPRL2;BNIP3;TFEB;TSC2;PARK7;FOXO3;MID2;STK11;PINK1;SESN1;ULK2;ULK1;SQSTM1;TRIM32;OPTN;TRIM23;CDK16"
"Regulation Of Cellular Response To Stress (GO:0080135)","24/107",0.166922518697625,0.999996292850528,0,0,1.28721848203997,2.30441139454241,"PRKN;PARG;ABRAXAS1;ROCK2;AMFR;MCRS1;SGF29;UCHL5;USP19;MTOR;TADA2B;BABAM1;KAT2B;TAF6L;CHCHD2;PINK1;DNAJB6;RUVBL2;MAPKAPK2;HSF1;SMYD2;TAF7;MAPT;EIF4G1"
"Protein Localization To Cell Periphery (GO:1990778)","31/142",0.167506321378911,0.999996292850528,0,0,1.24349060757627,2.2217871820748,"SPTBN4;RAB3A;PLEKHF1;ROCK2;ZDHHC7;ZDHHC2;LIN7B;IKBKB;RAB40B;TMEM88;SCN3B;CLASP2;TMEM150A;CAV3;ACTN2;KCNB1;RDX;TTC7B;ANK3;ATP1B1;ANK1;EFR3B;RAB10;RABEP1;PACS2;PRPH2;RAB12;SLMAP;TNIK;FGF13;RAMP1"
"Constitutive Heterochromatin Formation (GO:0140719)","3/8",0.168215146495506,0.999996292850528,0,0,2.66844686648501,4.75653718659307,"CENPV;EZH1;SIRT2"
"Embryonic Placenta Development (GO:0001892)","3/8",0.168215146495506,0.999996292850528,0,0,2.66844686648501,4.75653718659307,"ESRRB;TFEB;PKD1"
"Internal Protein Amino Acid Acetylation (GO:0006475)","3/8",0.168215146495506,0.999996292850528,0,0,2.66844686648501,4.75653718659307,"KAT2B;KAT7;MAPT"
"Negative Regulation Of Cytoplasmic Translation (GO:2000766)","3/8",0.168215146495506,0.999996292850528,0,0,2.66844686648501,4.75653718659307,"CPEB3;RBM24;CPEB4"
"Negative Regulation Of Oxidative Stress-Induced Neuron Death (GO:1903204)","3/8",0.168215146495506,0.999996292850528,0,0,2.66844686648501,4.75653718659307,"PRKN;PINK1;PARK7"
"p38MAPK Cascade (GO:0038066)","3/8",0.168215146495506,0.999996292850528,0,0,2.66844686648501,4.75653718659307,"MAP2K3;MAP3K20;MAP2K6"
"Positive Regulation Of ATP Biosynthetic Process (GO:2001171)","3/8",0.168215146495506,0.999996292850528,0,0,2.66844686648501,4.75653718659307,"PINK1;PPARA;PPARGC1A"
"Positive Regulation Of Early Endosome To Late Endosome Transport (GO:2000643)","3/8",0.168215146495506,0.999996292850528,0,0,2.66844686648501,4.75653718659307,"RAB21;RDX;NF2"
"Positive Regulation Of Extracellular Matrix Assembly (GO:1901203)","3/8",0.168215146495506,0.999996292850528,0,0,2.66844686648501,4.75653718659307,"SMAD3;DAG1;CLASP2"
"Positive Regulation Of Synapse Maturation (GO:0090129)","3/8",0.168215146495506,0.999996292850528,0,0,2.66844686648501,4.75653718659307,"CAMK2B;NEURL1;DAB2IP"
"Proteasome Assembly (GO:0043248)","3/8",0.168215146495506,0.999996292850528,0,0,2.66844686648501,4.75653718659307,"NT5C3A;PSMD11;OTUD6B"
"Protein K29-linked Ubiquitination (GO:0035519)","3/8",0.168215146495506,0.999996292850528,0,0,2.66844686648501,4.75653718659307,"PRKN;UBE2D4;UBE3C"
"Purine Nucleobase Transport (GO:0006863)","3/8",0.168215146495506,0.999996292850528,0,0,2.66844686648501,4.75653718659307,"VDAC3;SLC28A1;SLC29A2"
"Regulation Of DNA-templated Transcription Initiation (GO:2000142)","3/8",0.168215146495506,0.999996292850528,0,0,2.66844686648501,4.75653718659307,"JUN;THRA;MITF"
"Regulation Of Endothelial Cell Differentiation (GO:0045601)","3/8",0.168215146495506,0.999996292850528,0,0,2.66844686648501,4.75653718659307,"ZEB1;ATOH8;VEZF1"
"Regulation Of Heme Biosynthetic Process (GO:0070453)","3/8",0.168215146495506,0.999996292850528,0,0,2.66844686648501,4.75653718659307,"ABCB7;SRRD;TMEM14B"
"Regulation Of Mitochondrial Gene Expression (GO:0062125)","3/8",0.168215146495506,0.999996292850528,0,0,2.66844686648501,4.75653718659307,"TSFM;MTG2;LRPPRC"
"Response To Magnesium Ion (GO:0032026)","3/8",0.168215146495506,0.999996292850528,0,0,2.66844686648501,4.75653718659307,"SLC41A1;D2HGDH;RYR3"
"Positive Regulation Of Protein Targeting To Mitochondrion (GO:1903955)","8/30",0.171632400650852,0.999996292850528,0,0,1.61776013890611,2.85114094567517,"RNF31;SH3GLB1;NPEPPS;GSK3A;PINK1;HSPA1L;ARIH2;PIN1"
"Cellular Response To Reactive Oxygen Species (GO:0034614)","17/73",0.173157229139779,0.999996292850528,0,0,1.35104231791185,2.36912736071983,"OSER1;JUN;MPV17L;TPM1;PEX10;PEX12;PEX13;PEX14;PRDX3;MAPK9;PRDX5;PEX5;PPIF;MAPT;FXN;SQSTM1;PDK2"
"Anaphase-Promoting Complex-Dependent Catabolic Process (GO:0031145)","6/21",0.173998885752312,0.999996292850528,0,0,1.77932915189528,3.11152424628553,"ANAPC15;ANAPC16;CUL3;ANAPC5;ANAPC11;FBXO31"
"Regulation Of Cardiac Conduction (GO:1903779)","6/21",0.173998885752312,0.999996292850528,0,0,1.77932915189528,3.11152424628553,"SLC8A3;TMEM65;ATP2A2;ATP2A1;ATP2B2;PRKACA"
"Organonitrogen Compound Catabolic Process (GO:1901565)","18/78",0.174780896028451,0.999996292850528,0,0,1.33518467852257,2.32885864013427,"PRKN;MPST;ACHE;DAB2IP;ETFA;ETFB;HOGA1;PLA2G6;USE1;RNF5;MTOR;BCKDK;NPEPPS;RIDA;TST;RAB12;CAPN3;SQSTM1"
"Regulation Of Mitotic Metaphase/Anaphase Transition (GO:0030071)","12/49",0.1759066810163,0.999996292850528,0,0,1.4431147891951,2.50784725611591,"ANAPC15;SMARCD3;BCL7A;PHF10;CUL3;BCL7B;MAP3K20;DPF3;ANAPC5;LCMT1;CDK5RAP2;ANAPC11"
"Positive Regulation Of Proteasomal Ubiquitin-Dependent Protein Catabolic Process (GO:0032436)","19/83",0.176085727962635,0.999996292850528,0,0,1.32131311576355,2.29483589048307,"PRKN;DET1;ZYG11B;GSK3A;ZER1;SGTA;KEAP1;RAD23A;RCHY1;KLHL40;SIRT2;DNAJB2;RNF144B;SH3RF2;HECTD1;DVL1;ARIH2;STUB1;ARIH1"
"Positive Regulation Of Ubiquitin-Dependent Protein Catabolic Process (GO:2000060)","19/83",0.176085727962635,0.999996292850528,0,0,1.32131311576355,2.29483589048307,"PRKN;DET1;ZYG11B;GSK3A;ZER1;CAV3;KEAP1;RAD23A;RCHY1;KLHL40;SIRT2;DNAJB2;RNF144B;SH3RF2;HECTD1;DVL1;ARIH2;STUB1;ARIH1"
"Negative Regulation Of TOR Signaling (GO:0032007)","13/54",0.179668783082203,0.999996292850528,0,0,1.41088897774224,2.42198876110103,"EPM2A;GSK3A;ENDOG;PRKAA2;MIOS;NPRL2;TSC2;TSC1;STK11;DEPTOR;CASTOR2;SESN1;KPTN"
"Protein K63-linked Ubiquitination (GO:0070534)","13/54",0.179668783082203,0.999996292850528,0,0,1.41088897774224,2.42198876110103,"PRKN;UBE2D4;UBE2B;UBE2E3;PELI3;ZFP91;UBE2G1;RNF5;RNF115;RNF126;HECTD1;NEDD4;STUB1"
"Regulation Of Myeloid Cell Differentiation (GO:0045637)","7/26",0.187021513540761,0.999996292850528,0,0,1.63890085278663,2.74766910677691,"HSPA9;CNOT4;CSF3;HOXA9;MEF2C;PRMT1;ZBTB16"
"Regulation Of Transcription By RNA Polymerase III (GO:0006359)","7/26",0.187021513540761,0.999996292850528,0,0,1.63890085278663,2.74766910677691,"RPTOR;PRDX5;ICE1;ZC3H8;ZNF76;MAF1;MTOR"
"DNA Biosynthetic Process (GO:0071897)","5/17",0.188571045573124,0.999996292850528,0,0,1.85330334423846,3.09182972508602,"POLDIP2;RRM2B;POLD2;WRNIP1;POLL"
"DNA Modification (GO:0006304)","5/17",0.188571045573124,0.999996292850528,0,0,1.85330334423846,3.09182972508602,"EXOSC5;NEIL2;PARP1;PARP2;UNG"
"NLS-bearing Protein Import Into Nucleus (GO:0006607)","5/17",0.188571045573124,0.999996292850528,0,0,1.85330334423846,3.09182972508602,"KPNA4;KPNA5;KPNA3;IPO5;KPNA1"
"Cellular Response To Alkaloid (GO:0071312)","5/17",0.188571045573124,0.999996292850528,0,0,1.85330334423846,3.09182972508602,"RYR1;GSTM2;CASQ2;CACNA1S;RYR3"
"Negative Regulation Of Insulin Secretion (GO:0046676)","5/17",0.188571045573124,0.999996292850528,0,0,1.85330334423846,3.09182972508602,"PRKN;KCNJ11;IRS1;KCNB1;SIRT4"
"Negative Regulation Of Oxidative Stress-Induced Intrinsic Apoptotic Signaling Pathway (GO:1902176)","5/17",0.188571045573124,0.999996292850528,0,0,1.85330334423846,3.09182972508602,"PRKN;PINK1;HSPB1;PARK7;NOL3"
"Negative Regulation Of Striated Muscle Cell Differentiation (GO:0051154)","5/17",0.188571045573124,0.999996292850528,0,0,1.85330334423846,3.09182972508602,"HDAC4;HDAC5;GSK3A;BHLHE41;SOX6"
"Neural Tube Development (GO:0021915)","5/17",0.188571045573124,0.999996292850528,0,0,1.85330334423846,3.09182972508602,"DVL1;FUZ;PROX1;ZNF358;PKD1"
"Nicotinamide Nucleotide Metabolic Process (GO:0046496)","5/17",0.188571045573124,0.999996292850528,0,0,1.85330334423846,3.09182972508602,"NADK2;MDH1;NMRK2;IDH2;GPD1L"
"Polyol Metabolic Process (GO:0019751)","5/17",0.188571045573124,0.999996292850528,0,0,1.85330334423846,3.09182972508602,"INPP5A;PPIP5K1;IMPA2;INPP5J;IP6K3"
"Positive Regulation Of Cardiac Muscle Hypertrophy (GO:0010613)","5/17",0.188571045573124,0.999996292850528,0,0,1.85330334423846,3.09182972508602,"MEF2A;CAMK2D;PARP1;ROCK2;AKAP6"
"Positive Regulation Of Heart Rate (GO:0010460)","5/17",0.188571045573124,0.999996292850528,0,0,1.85330334423846,3.09182972508602,"PDE4D;TPM1;HRC;ATP2A2;SCN3B"
"Positive Regulation Of Potassium Ion Transmembrane Transport (GO:1901381)","5/17",0.188571045573124,0.999996292850528,0,0,1.85330334423846,3.09182972508602,"AMIGO1;KCNE5;AKAP9;AKAP6;ATP1B1"
"Regulation Of Tubulin Deacetylation (GO:0090043)","5/17",0.188571045573124,0.999996292850528,0,0,1.85330334423846,3.09182972508602,"KAT2B;PRKAA2;SGF29;MAPT;KAT14"
"Cellular Response To Insulin Stimulus (GO:0032869)","22/99",0.191898356211293,0.999996292850528,0,0,1.27166725359001,2.09925487579322,"HDAC5;GSK3A;GOT1;PARP1;IRS1;ZDHHC7;FOXO4;SLC2A4;HDAC9;RAB10;KAT2B;PKM;GRB14;TBC1D4;AKT2;PDK4;ZNF106;LPIN1;SLC25A33;PDK2;RHOQ;SH2B2"
"Organelle Organization (GO:0006996)","84/418",0.194019056685737,0.999996292850528,0,0,1.12069980963123,1.83772230879233,"PLEKHF1;UBXN2A;MAST2;PARK7;PHB2;CHCHD2;OPA1;FAM174B;LONP1;MLST8;MYO18A;TMED1;DNM1L;CLUH;DST;PARP1;COG4;TPM1;SIRT4;SIRT5;PEX1;BCS1L;ANK1;NIPSNAP2;PEX7;HAX1;BIN1;PEX6;TNIK;FAM161B;CHMP6;OBSL1;OPTN;PPID;PLIN5;CFAP61;PRKN;STOML2;STX17;SAR1B;MAPKAP1;RAB1B;ATL2;VPS4A;FITM1;MIEF2;FITM2;NOL3;CAMSAP1;PRDX3;CECR2;STRIP2;VPS51;DYM;PACSIN3;MARK4;PPARGC1A;SEC31B;CLASP1;CLASP2;ZRANB1;PEX19;PTCD2;MTX2;MICAL3;RANBP9;CHCHD10;PEX10;PEX12;MTOR;PEX14;TJAP1;NSFL1C;PINK1;NPLOC4;DES;TMEM11;VAPB;DNAJA3;PLEKHM2;PYROXD2;TMCC1;BRWD1;SLC25A33"
"Blood Circulation (GO:0008015)","12/50",0.195125125196308,0.999996292850528,0,0,1.40505182650699,2.29601522366265,"SGCD;PLN;ACTC1;ROCK2;MYL2;COL4A3;TBC1D8;TNNI3;GCLM;SGCG;TRDN;SOD1"
"Fatty Acid Biosynthetic Process (GO:0006633)","15/65",0.202232061081648,0.999996292850528,0,0,1.33490978676873,2.13363893931628,"GSTM4;HACD1;ASAH2;OXSM;TECR;ABHD1;LIAS;TECRL;ACACB;MCAT;NDUFAB1;MLYCD;HTD2;DECR2;CBR4"
"Regulation Of Peptidyl-Threonine Phosphorylation (GO:0010799)","9/36",0.203308166528482,0.999996292850528,0,0,1.48289665211063,2.36230239681837,"RPTOR;CAB39;EGF;PARD3;SPRY2;CALM3;PPEF2;SIRT2;EIF4G1"
"Positive Regulation Of Protein Polymerization (GO:0032273)","16/70",0.203574348428298,0.999996292850528,0,0,1.31846585442429,2.09863373349043,"CSF3;CAV3;ARL2;SLAIN2;LMOD2;CLIP1;PAK1;PINK1;BIN1;CDC42EP3;DRG1;TOGARAM1;MAPT;CLASP1;CDK5RAP2;PFN2"
"ATP Transport (GO:0015867)","4/13",0.204113336663062,0.999996292850528,0,0,1.97668150570849,3.14110478524634,"SLC25A42;SLC25A23;SLC25A4;SLC25A25"
"N-terminal Protein Amino Acid Modification (GO:0031365)","4/13",0.204113336663062,0.999996292850528,0,0,1.97668150570849,3.14110478524634,"NAA50;METAP1D;NAA35;PFDN1"
"Cellular Modified Amino Acid Catabolic Process (GO:0042219)","4/13",0.204113336663062,0.999996292850528,0,0,1.97668150570849,3.14110478524634,"ALDH4A1;GOT2;HOGA1;PRODH"
"Cytoplasmic Sequestering Of Transcription Factor (GO:0042994)","4/13",0.204113336663062,0.999996292850528,0,0,1.97668150570849,3.14110478524634,"FAF1;G3BP2;KEAP1;PKD1"
"Ether Lipid Metabolic Process (GO:0046485)","4/13",0.204113336663062,0.999996292850528,0,0,1.97668150570849,3.14110478524634,"GNPAT;PEX7;DHRS7B;PLA2G6"
"Intracellular Potassium Ion Homeostasis (GO:0030007)","4/13",0.204113336663062,0.999996292850528,0,0,1.97668150570849,3.14110478524634,"ATP1A4;ATP1A2;ATP1B1;KCNJ2"
"Membrane Depolarization (GO:0051899)","4/13",0.204113336663062,0.999996292850528,0,0,1.97668150570849,3.14110478524634,"ATP5IF1;SCN5A;SCN3B;SCN1B"
"Negative Regulation Of Fibroblast Growth Factor Receptor Signaling Pathway (GO:0040037)","4/13",0.204113336663062,0.999996292850528,0,0,1.97668150570849,3.14110478524634,"GPC1;SPRY3;SPRY2;FUZ"
"Nucleotide-Sugar Metabolic Process (GO:0009225)","4/13",0.204113336663062,0.999996292850528,0,0,1.97668150570849,3.14110478524634,"GALT;PARG;UGP2;ENTPD5"
"Outer Mitochondrial Membrane Organization (GO:0007008)","4/13",0.204113336663062,0.999996292850528,0,0,1.97668150570849,3.14110478524634,"TOMM70;MTCH2;SAMM50;MTX2"
"Peptidyl-Methionine Modification (GO:0018206)","4/13",0.204113336663062,0.999996292850528,0,0,1.97668150570849,3.14110478524634,"METAP1D;NAA30;NAA35;PFDN1"
"Positive Regulation Of Cellular Response To Insulin Stimulus (GO:1900078)","4/13",0.204113336663062,0.999996292850528,0,0,1.97668150570849,3.14110478524634,"IRS1;GKAP1;PTPN11;ECHDC3"
"Positive Regulation Of Fatty Acid Biosynthetic Process (GO:0045723)","4/13",0.204113336663062,0.999996292850528,0,0,1.97668150570849,3.14110478524634,"KAT2B;MLXIPL;MID1IP1;SIRT2"
"Protein Insertion Into Mitochondrial Outer Membrane (GO:0045040)","4/13",0.204113336663062,0.999996292850528,0,0,1.97668150570849,3.14110478524634,"TOMM70;MTCH2;SAMM50;MTX2"
"Cytoskeleton-Dependent Intracellular Transport (GO:0030705)","6/22",0.204376977814505,0.999996292850528,0,0,1.66801881647123,2.64846202866317,"HOOK2;KIF13A;KIF1C;MAP6D1;KIF1B;DYNC1I1"
"Inositol Phosphate Metabolic Process (GO:0043647)","6/22",0.204376977814505,0.999996292850528,0,0,1.66801881647123,2.64846202866317,"INPP5A;PPIP5K1;ITPKA;INPP5J;NUDT3;IP6K3"
"Negative Regulation Of Macroautophagy (GO:0016242)","6/22",0.204376977814505,0.999996292850528,0,0,1.66801881647123,2.64846202866317,"PINK1;FEZ2;TSC2;TSC1;UBQLN4;MTOR"
"Regulation Of Catabolic Process (GO:0009894)","6/22",0.204376977814505,0.999996292850528,0,0,1.66801881647123,2.64846202866317,"FAF1;ODC1;UBE3A;ZDHHC7;CHMP6;ZDHHC2"
"Regulation Of Organelle Organization (GO:0033043)","22/100",0.205769138977492,0.999996292850528,0,0,1.25528657410334,1.98460860490013,"PRKN;FIS1;SLC30A9;CENPV;SAR1B;MCRS1;RDX;NEXN;PDE4DIP;MIEF2;MFF;UCHL5;MAVS;PINK1;RUVBL2;AKAP9;TOM1;PREB;NF2;MAPT;DNM1L;SQSTM1"
"Peptidyl-Serine Modification (GO:0018209)","35/166",0.207424640434484,0.999996292850528,0,0,1.18943803532685,1.87097078561912,"CAMK2B;CAMK2D;CAB39;ROCK2;MAST2;CAMK2A;PKD1;IKBKB;MAPK9;AKT2;NTMT1;MKNK2;MAP3K20;TLK2;PRKACA;MARK3;SRPK3;HIPK4;CSNK2A1;DMPK;DYRK1A;DYRK1B;LMTK2;HIPK3;MAPK12;MTOR;HIPK2;PINK1;SBK1;MAPKAPK3;MAPKAPK2;ULK2;MAP3K10;PRKCQ;ULK1"
"Positive Regulation Of Ossification (GO:0045778)","10/41",0.208466345422711,0.999996292850528,0,0,1.4351007899395,2.25020598365772,"RXRB;MEF2C;PKDCC;RXRA;SLC20A2;ZBTB16;FZD9;PTPN11;OXSR1;ACVR2B"
"Regulation Of Dendrite Development (GO:0050773)","10/41",0.208466345422711,0.999996292850528,0,0,1.4351007899395,2.25020598365772,"SEMA4D;NEDD4;HECW1;DAB2IP;NEDD4L;COBL;VLDLR;RTN4IP1;TNIK;BMP5"
"Regulation Of Cold-Induced Thermogenesis (GO:0120161)","31/146",0.212012625219906,0.999996292850528,0,0,1.1999426975145,1.86124246136415,"ACHE;CEBPB;FH;THRA;PWWP2B;ADRB2;OMA1;HOXC10;STK11;SLN;CPT2;HSF1;MFN2;PPARGC1A;DECR1;MAP2K6;PRKAB2;ACTN3;PLCL1;NRDC;PLCL2;ACOT13;ESRRG;ACVR2B;GADD45G;CNKSR2;HADHA;GNAS;PGAM5;LPIN1;ATF4"
"Negative Regulation Of Cold-Induced Thermogenesis (GO:0120163)","11/46",0.212339464738739,0.999996292850528,0,0,1.39823671686042,2.16666432168906,"STK11;ACTN3;PLCL1;NRDC;PLCL2;ACOT13;PGAM5;ACVR2B;HOXC10;MAP2K6;ATF4"
"Chaperone Cofactor-Dependent Protein Refolding (GO:0051085)","7/27",0.215057132486051,0.999996292850528,0,0,1.55686033824332,2.39266322966374,"HSPA9;HSPA8;HSPA1L;DNAJB5;ST13;DNAJB4;HSPA2"
"Phospholipid Biosynthetic Process (GO:0008654)","7/27",0.215057132486051,0.999996292850528,0,0,1.55686033824332,2.39266322966374,"IDI1;PCYT2;IDI2;FITM1;FITM2;HDHD5;AGPAT3"
"Positive Regulation Of Actin Filament Bundle Assembly (GO:0032233)","12/51",0.215242680347081,0.999996292850528,0,0,1.36894081062341,2.10267822062254,"PAK1;SYNPO2L;LIMCH1;ROCK2;FHOD1;SYNPO2;TPM1;TESK1;ARHGEF10L;NF2;SYNPO;PFN2"
"Protein Stabilization (GO:0050821)","43/208",0.217192648980244,0.999996292850528,0,0,1.16030720427415,1.77175491359931,"PRKN;USP13;GPI;URI1;HSP90AB1;PARK7;PHB2;RPAP3;RTN4;USP19;BAG6;RAB21;TMEM88;BAG3;RUVBL2;BAG1;DVL1;CDC37L1;DVL3;ZSWIM7;CCT7;PPARGC1A;PEX19;CSNK2A1;UBE2B;VBP1;USP2;TSC1;ATP1B1;PDCL3;PINK1;PER3;PRKRA;CDC37;PEX6;PIN1;PFDN1;STUB1;CEP63;CRYAB;GAPDH;PFN2;OTUD3"
"IMP Metabolic Process (GO:0046040)","3/9",0.21955049694306,0.999996292850528,0,0,2.22356948228883,3.37131605383985,"NT5C1A;AMPD1;NT5C2"
"Autophagy Of Peroxisome (GO:0030242)","3/9",0.21955049694306,0.999996292850528,0,0,2.22356948228883,3.37131605383985,"PEX5;USP30;SQSTM1"
"Calcium Ion Transport Into Cytosol (GO:0060402)","3/9",0.21955049694306,0.999996292850528,0,0,2.22356948228883,3.37131605383985,"JPH2;CACNA2D1;JPH1"
"Cellular Response To Oxygen Levels (GO:0071453)","3/9",0.21955049694306,0.999996292850528,0,0,2.22356948228883,3.37131605383985,"NDUFS2;PICK1;CPEB4"
"Glycerolipid Metabolic Process (GO:0046486)","3/9",0.21955049694306,0.999996292850528,0,0,2.22356948228883,3.37131605383985,"GAL3ST1;DGKB;PGPEP1"
"Mitochondrial DNA Replication (GO:0006264)","3/9",0.21955049694306,0.999996292850528,0,0,2.22356948228883,3.37131605383985,"RRM2B;TWNK;POLG"
"Mitotic Nuclear Membrane Organization (GO:0101024)","3/9",0.21955049694306,0.999996292850528,0,0,2.22356948228883,3.37131605383985,"VPS4A;BANF1;SIRT2"
"Mitotic Nuclear Membrane Reassembly (GO:0007084)","3/9",0.21955049694306,0.999996292850528,0,0,2.22356948228883,3.37131605383985,"VPS4A;BANF1;SIRT2"
"Negative Regulation Of Necroptotic Process (GO:0060546)","3/9",0.21955049694306,0.999996292850528,0,0,2.22356948228883,3.37131605383985,"FZD9;SLC25A4;YBX3"
"Neurotransmitter Receptor Transport To Postsynaptic Membrane (GO:0098969)","3/9",0.21955049694306,0.999996292850528,0,0,2.22356948228883,3.37131605383985,"LRRC7;SCRIB;GRIP2"
"Nucleoside Metabolic Process (GO:0009116)","3/9",0.21955049694306,0.999996292850528,0,0,2.22356948228883,3.37131605383985,"NT5C3A;NT5C1A;MACROD1"
"Peptidyl-Cysteine Modification (GO:0018198)","3/9",0.21955049694306,0.999996292850528,0,0,2.22356948228883,3.37131605383985,"PRDX3;NOS1;PARK7"
"Positive Regulation Of ATP Metabolic Process (GO:1903580)","3/9",0.21955049694306,0.999996292850528,0,0,2.22356948228883,3.37131605383985,"PINK1;PPARA;PPARGC1A"
"Positive Regulation Of Protein Sumoylation (GO:0033235)","3/9",0.21955049694306,0.999996292850528,0,0,2.22356948228883,3.37131605383985,"HDAC4;RASD2;RWDD3"
"Positive Regulation Of Smooth Muscle Contraction (GO:0045987)","3/9",0.21955049694306,0.999996292850528,0,0,2.22356948228883,3.37131605383985,"SRF;TACR2;SPX"
"Protein K11-linked Deubiquitination (GO:0035871)","3/9",0.21955049694306,0.999996292850528,0,0,2.22356948228883,3.37131605383985,"OTUD7B;USP30;OTUD3"
"Regulation Of Long-Term Synaptic Depression (GO:1900452)","3/9",0.21955049694306,0.999996292850528,0,0,2.22356948228883,3.37131605383985,"KCNB1;MAPT;NOL3"
"Regulation Of Phospholipid Metabolic Process (GO:1903725)","3/9",0.21955049694306,0.999996292850528,0,0,2.22356948228883,3.37131605383985,"DNAJC19;MTMR3;PHB2"
"Regulation Of Sequestering Of Calcium Ion (GO:0051282)","3/9",0.21955049694306,0.999996292850528,0,0,2.22356948228883,3.37131605383985,"ANXA6;MTLN;TRDN"
"Serine Family Amino Acid Catabolic Process (GO:0009071)","3/9",0.21955049694306,0.999996292850528,0,0,2.22356948228883,3.37131605383985,"GCSH;GLDC;THNSL2"
"Tetrapyrrole Metabolic Process (GO:0033013)","3/9",0.21955049694306,0.999996292850528,0,0,2.22356948228883,3.37131605383985,"MMAB;MMACHC;MMADHC"
"Negative Regulation Of Supramolecular Fiber Organization (GO:1902904)","16/71",0.22077525207244,0.999996292850528,0,0,1.2944141994183,1.95535510350848,"PRKN;HSPA8;CAV3;VBP1;MID1IP1;DYRK1A;TWF2;SSH2;CHADL;PFDN1;FGF13;CRYAB;TRIM54;CLASP1;PFN2;CLASP2"
"Negative Regulation Of Proteasomal Ubiquitin-Dependent Protein Catabolic Process (GO:0032435)","8/32",0.22251893456614,0.999996292850528,0,0,1.48276489313324,2.22821468512586,"BAG6;HSP90AB1;UBXN1;SGTA;TLK2;PARK7;KLHL40;UCHL5"
"Neural Tube Closure (GO:0001843)","8/32",0.22251893456614,0.999996292850528,0,0,1.48276489313324,2.22821468512586,"CSRP3;MTHFD1;DVL1;DVL3;COBL;TSC2;FUZ;SCRIB"
"Detection Of Mechanical Stimulus (GO:0050982)","5/18",0.224133281663051,0.999996292850528,0,0,1.71063669155272,2.55828179965396,"CSRP3;TCAP;PKD2L2;PKD1;TTN"
"fatty-acyl-CoA Metabolic Process (GO:0035337)","5/18",0.224133281663051,0.999996292850528,0,0,1.71063669155272,2.55828179965396,"GCDH;DGAT1;NUDT19;FITM2;HTD2"
"Maintenance Of Protein Location In Nucleus (GO:0051457)","5/18",0.224133281663051,0.999996292850528,0,0,1.71063669155272,2.55828179965396,"SUN1;TAF8;CHCHD10;PARK7;SKP1"
"Membrane Repolarization (GO:0086009)","5/18",0.224133281663051,0.999996292850528,0,0,1.71063669155272,2.55828179965396,"KCNE2;KCNE5;ATP1A2;ATP1B1;KCNJ2"
"Negative Regulation Of ERBB Signaling Pathway (GO:1901185)","5/18",0.224133281663051,0.999996292850528,0,0,1.71063669155272,2.55828179965396,"RNF115;RNF126;DUSP3;DAB2IP;PTPN3"
"Negative Regulation Of Peptide Hormone Secretion (GO:0090278)","5/18",0.224133281663051,0.999996292850528,0,0,1.71063669155272,2.55828179965396,"PRKN;KCNJ11;IRS1;KCNB1;SIRT4"
"Neuromuscular Synaptic Transmission (GO:0007274)","5/18",0.224133281663051,0.999996292850528,0,0,1.71063669155272,2.55828179965396,"CHRNA1;CHRNB1;DTNA;STAC3;KIF1B"
"Positive Regulation Of Cation Transmembrane Transport (GO:1904064)","5/18",0.224133281663051,0.999996292850528,0,0,1.71063669155272,2.55828179965396,"AMIGO1;KCNE5;AKAP6;ANK3;NOS1"
"Positive Regulation Of Glycolytic Process (GO:0045821)","5/18",0.224133281663051,0.999996292850528,0,0,1.71063669155272,2.55828179965396,"RPTOR;MLXIPL;PRKAA2;MLST8;MTOR"
"Regulation Of Mitochondrial Outer Membrane Permeabilization Involved In Apoptotic Signaling Pathway (GO:1901028)","5/18",0.224133281663051,0.999996292850528,0,0,1.71063669155272,2.55828179965396,"GSK3A;MPV17L;FZD9;CHCHD10;SLC25A4"
"Protein Localization To Plasma Membrane (GO:0072659)","29/137",0.226635392510837,0.999996292850528,0,0,1.19514320852136,1.77408582064897,"SPTBN4;RAB3A;PLEKHF1;ROCK2;ZDHHC7;ZDHHC2;IKBKB;RAB40B;TMEM88;SCN3B;CLASP2;TMEM150A;CAV3;ACTN2;KCNB1;RDX;TTC7B;ANK3;ATP1B1;ANK1;EFR3B;RAB10;PACS2;PRPH2;RAB12;SLMAP;TNIK;FGF13;RAMP1"
"Negative Regulation Of Transferase Activity (GO:0051348)","9/37",0.227825925111799,0.999996292850528,0,0,1.4298483312539,2.11499365763745,"EIF4A2;PRDX3;GSK3A;NPRL2;GDF1;BANF1;PARK7;MAPT;PHPT1"
"Regulation Of Phosphoprotein Phosphatase Activity (GO:0043666)","9/37",0.227825925111799,0.999996292850528,0,0,1.4298483312539,2.11499365763745,"PTPA;PPP1R2;HSP90AB1;BOD1;PPP6R2;CRY2;TSC1;CALM3;MTOR"
"DNA Methylation Involved In Embryo Development (GO:0043045)","2/5",0.229606337955562,0.999996292850528,0,0,2.96449650413148,4.36192757808677,"ZDBF2;PICK1"
"L-phenylalanine Catabolic Process (GO:0006559)","2/5",0.229606337955562,0.999996292850528,0,0,2.96449650413148,4.36192757808677,"GSTZ1;QDPR"
"L-phenylalanine Metabolic Process (GO:0006558)","2/5",0.229606337955562,0.999996292850528,0,0,2.96449650413148,4.36192757808677,"GSTZ1;QDPR"
"PML Body Organization (GO:0030578)","2/5",0.229606337955562,0.999996292850528,0,0,2.96449650413148,4.36192757808677,"SERBP1;HIPK2"
"RNA Decapping (GO:0110154)","2/5",0.229606337955562,0.999996292850528,0,0,2.96449650413148,4.36192757808677,"NUDT3;NUDT12"
"Axo-Dendritic Transport (GO:0008088)","2/5",0.229606337955562,0.999996292850528,0,0,2.96449650413148,4.36192757808677,"HSPA8;MAPT"
"Cellular Response To Magnesium Ion (GO:0071286)","2/5",0.229606337955562,0.999996292850528,0,0,2.96449650413148,4.36192757808677,"SLC41A1;RYR3"
"Cerebral Cortex Cell Migration (GO:0021795)","2/5",0.229606337955562,0.999996292850528,0,0,2.96449650413148,4.36192757808677,"FGF13;PEX13"
"Dendrite Extension (GO:0097484)","2/5",0.229606337955562,0.999996292850528,0,0,2.96449650413148,4.36192757808677,"CDKL3;TMEM108"
"Enamel Mineralization (GO:0070166)","2/5",0.229606337955562,0.999996292850528,0,0,2.96449650413148,4.36192757808677,"TBX1;STIM1"
"Erythrose 4-Phosphate/Phosphoenolpyruvate Family Amino Acid Catabolic Process (GO:1902222)","2/5",0.229606337955562,0.999996292850528,0,0,2.96449650413148,4.36192757808677,"GSTZ1;QDPR"
"Glyoxylate Metabolic Process (GO:0046487)","2/5",0.229606337955562,0.999996292850528,0,0,2.96449650413148,4.36192757808677,"GRHPR;HOGA1"
"Hepatocyte Differentiation (GO:0070365)","2/5",0.229606337955562,0.999996292850528,0,0,2.96449650413148,4.36192757808677,"PROX1;E2F8"
"Inclusion Body Assembly (GO:0070841)","2/5",0.229606337955562,0.999996292850528,0,0,2.96449650413148,4.36192757808677,"PRKN;MAPT"
"Intracellular Water Homeostasis (GO:0009992)","2/5",0.229606337955562,0.999996292850528,0,0,2.96449650413148,4.36192757808677,"AQP11;AQP4"
"Medium-Chain fatty-acyl-CoA Metabolic Process (GO:0036112)","2/5",0.229606337955562,0.999996292850528,0,0,2.96449650413148,4.36192757808677,"NUDT8;NUDT19"
"Negative Regulation Of Arp2/3 Complex-Mediated Actin Nucleation (GO:0034316)","2/5",0.229606337955562,0.999996292850528,0,0,2.96449650413148,4.36192757808677,"PICK1;CTNNA2"
"Negative Regulation Of Calcium Ion Import (GO:0090281)","2/5",0.229606337955562,0.999996292850528,0,0,2.96449650413148,4.36192757808677,"PLN;SLN"
"Negative Regulation Of Cardiac Muscle Tissue Growth (GO:0055022)","2/5",0.229606337955562,0.999996292850528,0,0,2.96449650413148,4.36192757808677,"NOG;POLR2D"
"Negative Regulation Of Cytokinesis (GO:0032466)","2/5",0.229606337955562,0.999996292850528,0,0,2.96449650413148,4.36192757808677,"VPS4A;E2F8"
"Negative Regulation Of Glucocorticoid Receptor Signaling Pathway (GO:2000323)","2/5",0.229606337955562,0.999996292850528,0,0,2.96449650413148,4.36192757808677,"PER1;CRY2"
"Negative Regulation Of Heterochromatin Formation (GO:0031452)","2/5",0.229606337955562,0.999996292850528,0,0,2.96449650413148,4.36192757808677,"DYRK1A;TET1"
"Negative Regulation Of Histone Acetylation (GO:0035067)","2/5",0.229606337955562,0.999996292850528,0,0,2.96449650413148,4.36192757808677,"CTBP1;THAP7"
"Negative Regulation Of Protein Polyubiquitination (GO:1902915)","2/5",0.229606337955562,0.999996292850528,0,0,2.96449650413148,4.36192757808677,"GPS2;PLAA"
"Negative Regulation Of Transcription From RNA Polymerase II Promoter In Response To Stress (GO:0097201)","2/5",0.229606337955562,0.999996292850528,0,0,2.96449650413148,4.36192757808677,"JUN;SIRT2"
"Nephron Tubule Development (GO:0072080)","2/5",0.229606337955562,0.999996292850528,0,0,2.96449650413148,4.36192757808677,"MEF2C;OXSR1"
"Nucleobase Transport (GO:0015851)","2/5",0.229606337955562,0.999996292850528,0,0,2.96449650413148,4.36192757808677,"SLC28A1;SLC29A2"
"Nucleotide-Binding Domain, Leucine Rich Repeat Containing Receptor Signaling Pathway (GO:0035872)","2/5",0.229606337955562,0.999996292850528,0,0,2.96449650413148,4.36192757808677,"RNF34;MAP2K6"
"Plus-End-Directed Organelle Transport Along Microtubule (GO:0072386)","2/5",0.229606337955562,0.999996292850528,0,0,2.96449650413148,4.36192757808677,"KIF13A;MAPT"
"Positive Regulation Of Autophagy Of Mitochondrion In Response To Mitochondrial Depolarization (GO:1904925)","2/5",0.229606337955562,0.999996292850528,0,0,2.96449650413148,4.36192757808677,"PRKN;PINK1"
"Positive Regulation Of Mitochondrial Membrane Potential (GO:0010918)","2/5",0.229606337955562,0.999996292850528,0,0,2.96449650413148,4.36192757808677,"AKT2;MTLN"
"Proline Metabolic Process (GO:0006560)","2/5",0.229606337955562,0.999996292850528,0,0,2.96449650413148,4.36192757808677,"ALDH4A1;PRODH"
"Protein Targeting To Vacuole Involved In Autophagy (GO:0071211)","2/5",0.229606337955562,0.999996292850528,0,0,2.96449650413148,4.36192757808677,"HSPA8;SQSTM1"
"Regulation Of Circadian Sleep/Wake Cycle (GO:0042749)","2/5",0.229606337955562,0.999996292850528,0,0,2.96449650413148,4.36192757808677,"FXR1;PER3"
"Regulation Of Glycogen (Starch) Synthase Activity (GO:2000465)","2/5",0.229606337955562,0.999996292850528,0,0,2.96449650413148,4.36192757808677,"PPP1R3F;GSK3A"
"Regulation Of Hematopoietic Stem Cell Proliferation (GO:1902033)","2/5",0.229606337955562,0.999996292850528,0,0,2.96449650413148,4.36192757808677,"KAT7;N4BP2L2"
"Regulation Of Lysosome Organization (GO:1905671)","2/5",0.229606337955562,0.999996292850528,0,0,2.96449650413148,4.36192757808677,"LAPTM4B;PPP3CB"
"Regulation Of Mitotic Spindle Checkpoint (GO:1903504)","2/5",0.229606337955562,0.999996292850528,0,0,2.96449650413148,4.36192757808677,"LCMT1;CDK5RAP2"
"Regulation Of Morphogenesis Of A Branching Structure (GO:0060688)","2/5",0.229606337955562,0.999996292850528,0,0,2.96449650413148,4.36192757808677,"GDNF;RTN4"
"Regulation Of Pentose-Phosphate Shunt (GO:0043456)","2/5",0.229606337955562,0.999996292850528,0,0,2.96449650413148,4.36192757808677,"RPTOR;MTOR"
"Regulation Of Peptidyl-Cysteine S-nitrosylation (GO:2000169)","2/5",0.229606337955562,0.999996292850528,0,0,2.96449650413148,4.36192757808677,"DMD;SNTA1"
"Regulation Of Protein Deubiquitination (GO:0090085)","2/5",0.229606337955562,0.999996292850528,0,0,2.96449650413148,4.36192757808677,"OTUD4;TNIP1"
"Regulation Of Stress Granule Assembly (GO:0062028)","2/5",0.229606337955562,0.999996292850528,0,0,2.96449650413148,4.36192757808677,"USP10;G3BP2"
"Regulation Of System Process (GO:0044057)","2/5",0.229606337955562,0.999996292850528,0,0,2.96449650413148,4.36192757808677,"ROCK2;MTG2"
"Regulation Of Voltage-Gated Sodium Channel Activity (GO:1905150)","2/5",0.229606337955562,0.999996292850528,0,0,2.96449650413148,4.36192757808677,"SLMAP;FGF13"
"Response To Bile Acid (GO:1903412)","2/5",0.229606337955562,0.999996292850528,0,0,2.96449650413148,4.36192757808677,"ALAS1;FGFR4"
"Response To Manganese Ion (GO:0010042)","2/5",0.229606337955562,0.999996292850528,0,0,2.96449650413148,4.36192757808677,"PRKN;D2HGDH"
"Response To Testosterone (GO:0033574)","2/5",0.229606337955562,0.999996292850528,0,0,2.96449650413148,4.36192757808677,"ROCK2;NKX3-1"
"Striated Muscle Hypertrophy (GO:0014897)","2/5",0.229606337955562,0.999996292850528,0,0,2.96449650413148,4.36192757808677,"TCAP;TTN"
"Subtelomeric Heterochromatin Formation (GO:0031509)","2/5",0.229606337955562,0.999996292850528,0,0,2.96449650413148,4.36192757808677,"EZH1;SIRT2"
"Succinate Transport (GO:0015744)","2/5",0.229606337955562,0.999996292850528,0,0,2.96449650413148,4.36192757808677,"SLC16A1;SLC25A11"
"Telencephalon Cell Migration (GO:0022029)","2/5",0.229606337955562,0.999996292850528,0,0,2.96449650413148,4.36192757808677,"FGF13;PEX13"
"Thiamine-Containing Compound Metabolic Process (GO:0042723)","2/5",0.229606337955562,0.999996292850528,0,0,2.96449650413148,4.36192757808677,"THTPA;SLC19A2"
"Tight Junction Organization (GO:0120193)","2/5",0.229606337955562,0.999996292850528,0,0,2.96449650413148,4.36192757808677,"PATJ;CLDN12"
"Tongue Development (GO:0043586)","2/5",0.229606337955562,0.999996292850528,0,0,2.96449650413148,4.36192757808677,"TBX1;SIX4"
"Ventricular Cardiac Muscle Cell Development (GO:0055015)","2/5",0.229606337955562,0.999996292850528,0,0,2.96449650413148,4.36192757808677,"MEF2A;PROX1"
"Regulation Of Protein Catabolic Process (GO:0042176)","26/122",0.230437276054984,0.999996292850528,0,0,1.20534571794169,1.76917820934675,"AMER1;PRKN;NDUFA13;GSK3A;FAF1;ODC1;ASB11;ZDHHC2;PKD1;OAZ2;UBB;PRKACA;RILP;CSNK2A1;RDX;DAB2IP;SIRT2;UCHL5;CUL4A;PINK1;NEDD4;EEF1A2;PIN1;ASB5;CHMP6;TRIM32"
"Cellular Response To Amino Acid Starvation (GO:0034198)","10/42",0.231620504848903,0.999996292850528,0,0,1.39016857766858,2.03333702317369,"SH3GLB1;MIOS;RRAGB;NPRL2;SESN1;RRAGD;TFEB;KPTN;MTOR;ATF4"
"Cellular Response To Glucose Starvation (GO:0042149)","10/42",0.231620504848903,0.999996292850528,0,0,1.39016857766858,2.03333702317369,"SH3GLB1;MTMR3;PRKAA2;SESN1;PICK1;FOXO3;ATG14;KPTN;ATF4;CPEB4"
"Actin Nucleation (GO:0045010)","6/23",0.236473863378091,0.999996292850528,0,0,1.56980381462648,2.26352773538004,"WIPF3;WASH4P;WHAMM;WASHC1;LMOD3;LMOD2"
"Negative Regulation Of Oxidative Stress-Induced Cell Death (GO:1903202)","6/23",0.236473863378091,0.999996292850528,0,0,1.56980381462648,2.26352773538004,"PRKN;PINK1;HSPB1;PARK7;NOL3;ATF4"
"Nuclear Membrane Reassembly (GO:0031468)","6/23",0.236473863378091,0.999996292850528,0,0,1.56980381462648,2.26352773538004,"NSFL1C;UBXN2A;VPS4A;BANF1;CHMP6;SIRT2"
"Positive Regulation Of Protein Targeting To Membrane (GO:0090314)","6/23",0.236473863378091,0.999996292850528,0,0,1.56980381462648,2.26352773538004,"FIS1;KCNB1;MIEF2;ANK3;MFF;HRAS"
"Golgi To Plasma Membrane Protein Transport (GO:0043001)","7/28",0.244486805817028,0.999996292850528,0,0,1.48263320603746,2.08842814253873,"BBS2;RAB10;GOLGA4;RAB26;KIF13A;ANK3;OPTN"
"Negative Regulation Of Cytoskeleton Organization (GO:0051494)","7/28",0.244486805817028,0.999996292850528,0,0,1.48263320603746,2.08842814253873,"PRKN;CAV3;TWF2;SSH2;FKBP4;CLASP1;PFN2"
"Regulation Of Cardiac Muscle Cell Action Potential (GO:0098901)","7/28",0.244486805817028,0.999996292850528,0,0,1.48263320603746,2.08842814253873,"CAMK2D;CAV3;ATP2A2;CTNNA3;CALM3;FGF13;HCN1"
"Mammary Gland Epithelium Development (GO:0061180)","4/14",0.246885635887586,0.999996292850528,0,0,1.77890433360589,2.48838485958745,"ERBB4;AKT2;ZNF703;SCRIB"
"Mitochondrion Transport Along Microtubule (GO:0047497)","4/14",0.246885635887586,0.999996292850528,0,0,1.77890433360589,2.48838485958745,"OPA1;UBB;MAPT;LRPPRC"
"Negative Regulation Of Defense Response To Virus (GO:0050687)","4/14",0.246885635887586,0.999996292850528,0,0,1.77890433360589,2.48838485958745,"PPM1B;TRAF3IP1;C1QBP;NT5C2"
"Negative Regulation Of Fatty Acid Biosynthetic Process (GO:0045717)","4/14",0.246885635887586,0.999996292850528,0,0,1.77890433360589,2.48838485958745,"ACADVL;KLHL25;DCAF5;WDTC1"
"Positive Regulation Of Nuclear-Transcribed mRNA Catabolic Process, Deadenylation-Dependent Decay (GO:1900153)","4/14",0.246885635887586,0.999996292850528,0,0,1.77890433360589,2.48838485958745,"NANOS1;CNOT7;CPEB3;TOB1"
"Positive Regulation Of Protein-Containing Complex Disassembly (GO:0043243)","4/14",0.246885635887586,0.999996292850528,0,0,1.77890433360589,2.48838485958745,"FYCO1;SLN;BNIP3;TOM1"
"Post-Translational Protein Targeting To Endoplasmic Reticulum Membrane (GO:0006620)","4/14",0.246885635887586,0.999996292850528,0,0,1.77890433360589,2.48838485958745,"UBL4A;SEC61A2;SGTA;GET4"
"Regulation Of ATP Biosynthetic Process (GO:2001169)","4/14",0.246885635887586,0.999996292850528,0,0,1.77890433360589,2.48838485958745,"PINK1;PARP1;PPARA;PPARGC1A"
"Regulation Of Branching Involved In Ureteric Bud Morphogenesis (GO:0090189)","4/14",0.246885635887586,0.999996292850528,0,0,1.77890433360589,2.48838485958745,"GDNF;SIX4;NOG;SIX1"
"Regulation Of Extracellular Matrix Disassembly (GO:0010715)","4/14",0.246885635887586,0.999996292850528,0,0,1.77890433360589,2.48838485958745,"DDR1;FGFR4;CLASP1;CLASP2"
"Regulation Of Histone H3-K4 Methylation (GO:0051569)","4/14",0.246885635887586,0.999996292850528,0,0,1.77890433360589,2.48838485958745,"KANSL2;MCRS1;KANSL3;KAT8"
"Regulation Of Phosphate Metabolic Process (GO:0019220)","4/14",0.246885635887586,0.999996292850528,0,0,1.77890433360589,2.48838485958745,"IGBP1;IKBKB;SIRT2;SMG5"
"Positive Regulation Of Establishment Of Protein Localization To Mitochondrion (GO:1903749)","8/33",0.249815413076768,0.999996292850528,0,0,1.42336698499318,1.97425695300037,"RNF31;SH3GLB1;NPEPPS;GSK3A;PINK1;HSPA1L;ARIH2;PIN1"
"Regulation Of G0 To G1 Transition (GO:0070316)","8/33",0.249815413076768,0.999996292850528,0,0,1.42336698499318,1.97425695300037,"SMARCD3;BCL7A;PHF10;RRM2B;BCL7B;DAB2IP;DPF3;FOXO4"
"Regulation Of Protein Polymerization (GO:0032271)","8/33",0.249815413076768,0.999996292850528,0,0,1.42336698499318,1.97425695300037,"HAX1;PRUNE1;ARL2;MAPRE3;MAPT;GBA2;CAMSAP1;PFN2"
"Establishment Of Protein Localization To Plasma Membrane (GO:0061951)","9/38",0.253365854360996,0.999996292850528,0,0,1.38045851528384,1.8952601679378,"BBS2;RAB10;GOLGA4;RAB26;RILPL1;KIF13A;RDX;ANK3;OPTN"
"SCF-dependent Proteasomal Ubiquitin-Dependent Protein Catabolic Process (GO:0031146)","10/43",0.25568084485799,0.999996292850528,0,0,1.34795952977771,1.83838132633352,"FBXW4;FBXW5;CUL5;DMAC2;CUL2;CUL1;FBXL17;FBXO3;SKP1;FBXO31"
"Positive Regulation Of Stress Fiber Assembly (GO:0051496)","10/43",0.25568084485799,0.999996292850528,0,0,1.34795952977771,1.83838132633352,"PAK1;SYNPO2L;ROCK2;LIMCH1;FHOD1;TPM1;TESK1;ARHGEF10L;NF2;PFN2"
"Regulation Of TOR Signaling (GO:0032006)","17/78",0.256100147417323,0.999996292850528,0,0,1.2399200057395,1.68900255347088,"EPM2A;GSK3A;ENDOG;PRKAA2;MIOS;NPRL2;ARAF;TSC2;TSC1;RPTOR;DEPTOR;RRAGB;RRAGD;MLST8;GPAT3;ROS1;LAMTOR5"
"Cellular Response To Decreased Oxygen Levels (GO:0036294)","16/73",0.256946450319337,0.999996292850528,0,0,1.24884264256485,1.69703675674791,"EGLN1;BNIP3;TSC1;SIRT2;MTOR;HIPK2;RPTOR;SLC8A3;NPEPPS;PINK1;FAM162A;MLST8;PICK1;STUB1;NKX3-1;CPEB4"
"Negative Regulation Of ERK1 And ERK2 Cascade (GO:0070373)","11/48",0.257105987227599,0.999996292850528,0,0,1.3224939849735,1.79629977539958,"DUSP3;TNIP1;WNK2;DAB2IP;SPRY3;RANBP9;PIN1;SPRY2;C3ORF33;DUSP26;SYNJ2BP"
"Negative Regulation Of Metabolic Process (GO:0009892)","12/53",0.257872043643941,0.999996292850528,0,0,1.30200331776604,1.76459438362676,"STK11;ACTN3;PLCL1;NRDC;PLCL2;ACOT13;ZDHHC7;PGAM5;ACVR2B;HOXC10;ATF4;MAP2K6"
"Protein Homotetramerization (GO:0051289)","12/53",0.257872043643941,0.999996292850528,0,0,1.30200331776604,1.76459438362676,"RYR1;KCNJ12;ACOT13;AQP4;ALDOA;UPB1;ACACB;RYR3;CBR4;KCNJ2;GNMT;HCN1"
"Memory (GO:0007613)","13/58",0.258139018089863,0.999996292850528,0,0,1.28516089860352,1.740438155104,"ATAD1;MUSK;SLC2A4;VLDLR;SLC6A1;NOL3;LRRC66;NTF4;SLC8A3;PPP3CB;MAPT;CPEB3;FGF13"
"DNA Catabolic Process (GO:0006308)","5/19",0.261463032282273,0.999996292850528,0,0,1.58835098925066,2.1307130878578,"CECR2;ENDOG;SETMAR;REXO4;DNASE1L1"
"NADP Metabolic Process (GO:0006739)","5/19",0.261463032282273,0.999996292850528,0,0,1.58835098925066,2.1307130878578,"MDH1;NNT;IDH2;NUDT17;NUDT12"
"RNA Destabilization (GO:0050779)","5/19",0.261463032282273,0.999996292850528,0,0,1.58835098925066,2.1307130878578,"FXR1;RIDA;FXR2;ROCK2;RBM24"
"Cellular Response To Misfolded Protein (GO:0071218)","5/19",0.261463032282273,0.999996292850528,0,0,1.58835098925066,2.1307130878578,"BAG6;RNF126;CUL3;STUB1;RNF5"
"Cortical Actin Cytoskeleton Organization (GO:0030866)","5/19",0.261463032282273,0.999996292850528,0,0,1.58835098925066,2.1307130878578,"FHOD3;IKBKB;ROCK2;FHOD1;RHOQ"
"Negative Regulation Of Cyclin-Dependent Protein Serine/Threonine Kinase Activity (GO:0045736)","5/19",0.261463032282273,0.999996292850528,0,0,1.58835098925066,2.1307130878578,"HEXIM2;INCA1;CDK5RAP1;IPO7;IPO5"
"Negative Regulation Of Fatty Acid Metabolic Process (GO:0045922)","5/19",0.261463032282273,0.999996292850528,0,0,1.58835098925066,2.1307130878578,"ACADVL;KLHL25;SIRT4;DCAF5;WDTC1"
"Negative Regulation Of Peptidyl-Serine Phosphorylation (GO:0033137)","5/19",0.261463032282273,0.999996292850528,0,0,1.58835098925066,2.1307130878578,"MLXIPL;PDE4D;INPP5J;DMD;GPD1L"
"Negative Regulation Of Protein Dephosphorylation (GO:0035308)","5/19",0.261463032282273,0.999996292850528,0,0,1.58835098925066,2.1307130878578,"YWHAE;PTPA;BOD1;CRY2;ENSA"
"Oligodendrocyte Differentiation (GO:0048709)","5/19",0.261463032282273,0.999996292850528,0,0,1.58835098925066,2.1307130878578,"EIF2B5;SLC8A3;EIF2B3;NSUN5;SOX6"
"Positive Regulation Of calcineurin-NFAT Signaling Cascade (GO:0070886)","5/19",0.261463032282273,0.999996292850528,0,0,1.58835098925066,2.1307130878578,"PPP3CB;C10ORF71;PPP3CC;AKAP6;LMCD1"
"Positive Regulation Of Calcineurin-Mediated Signaling (GO:0106058)","5/19",0.261463032282273,0.999996292850528,0,0,1.58835098925066,2.1307130878578,"PPP3CB;C10ORF71;PPP3CC;AKAP6;LMCD1"
"Protein Heterooligomerization (GO:0051291)","5/19",0.261463032282273,0.999996292850528,0,0,1.58835098925066,2.1307130878578,"TMEM120B;TMEM120A;ZNF777;PKD1;CBR4"
"Receptor Clustering (GO:0043113)","5/19",0.261463032282273,0.999996292850528,0,0,1.58835098925066,2.1307130878578,"MUSK;DNAJA3;DVL1;PICK1;MADCAM1"
"Regulation Of Fibroblast Growth Factor Receptor Signaling Pathway (GO:0040036)","5/19",0.261463032282273,0.999996292850528,0,0,1.58835098925066,2.1307130878578,"GPC1;NOG;SPRY3;SPRY2;FGFBP3"
"Regulation Of Protein-Containing Complex Disassembly (GO:0043244)","5/19",0.261463032282273,0.999996292850528,0,0,1.58835098925066,2.1307130878578,"MTRF1;SLN;BNIP3;OGFOD1;GSPT1"
"Response To Fatty Acid (GO:0070542)","5/19",0.261463032282273,0.999996292850528,0,0,1.58835098925066,2.1307130878578,"PPP5C;GLDC;IRS1;PDK4;FOXO3"
"Ear Morphogenesis (GO:0042471)","6/24",0.269958220409157,0.999996292850528,0,0,1.48250159076448,1.9413181486151,"TBX1;TMIE;NOG;SIX1;OXSR1;SOBP"
"Actin Filament Depolymerization (GO:0030042)","3/10",0.273436169829331,0.999996292850528,0,0,1.9057999221487,2.47122611146598,"CFL2;MICAL3;TWF2"
"Cardiac Muscle Cell Membrane Repolarization (GO:0099622)","3/10",0.273436169829331,0.999996292850528,0,0,1.9057999221487,2.47122611146598,"YWHAE;ATP1B1;KCNJ2"
"Histone H3-K14 Acetylation (GO:0044154)","3/10",0.273436169829331,0.999996292850528,0,0,1.9057999221487,2.47122611146598,"KAT2B;SGF29;KAT14"
"Inositol Phosphate Biosynthetic Process (GO:0032958)","3/10",0.273436169829331,0.999996292850528,0,0,1.9057999221487,2.47122611146598,"PPIP5K1;ITPKA;IP6K3"
"Metanephric Mesenchyme Development (GO:0072075)","3/10",0.273436169829331,0.999996292850528,0,0,1.9057999221487,2.47122611146598,"SIX4;SIX1;OXSR1"
"Negative Regulation Of Dephosphorylation (GO:0035305)","3/10",0.273436169829331,0.999996292850528,0,0,1.9057999221487,2.47122611146598,"PTPA;URI1;ENSA"
"Negative Regulation Of Homotypic Cell-Cell Adhesion (GO:0034111)","3/10",0.273436169829331,0.999996292850528,0,0,1.9057999221487,2.47122611146598,"RDX;ZNF703;PRKG1"
"Negative Regulation Of Mitochondrial Outer Membrane Permeabilization Involved In Apoptotic Signaling Pathway (GO:1901029)","3/10",0.273436169829331,0.999996292850528,0,0,1.9057999221487,2.47122611146598,"MPV17L;FZD9;SLC25A4"
"Negative Regulation Of Oxidoreductase Activity (GO:0051354)","3/10",0.273436169829331,0.999996292850528,0,0,1.9057999221487,2.47122611146598,"PRKN;OXA1L;ETFBKMT"
"Negative Regulation Of Programmed Necrotic Cell Death (GO:0062099)","3/10",0.273436169829331,0.999996292850528,0,0,1.9057999221487,2.47122611146598,"FZD9;SLC25A4;YBX3"
"Positive Regulation Of Cellular Respiration (GO:1901857)","3/10",0.273436169829331,0.999996292850528,0,0,1.9057999221487,2.47122611146598,"PINK1;PARK7;ISCU"
"Positive Regulation Of Chondrocyte Differentiation (GO:0032332)","3/10",0.273436169829331,0.999996292850528,0,0,1.9057999221487,2.47122611146598,"PKDCC;ZBTB16;SOX6"
"Positive Regulation Of Protein Depolymerization (GO:1901881)","3/10",0.273436169829331,0.999996292850528,0,0,1.9057999221487,2.47122611146598,"SLN;PDXP;NES"
"Progesterone Receptor Signaling Pathway (GO:0050847)","3/10",0.273436169829331,0.999996292850528,0,0,1.9057999221487,2.47122611146598,"NEDD4;UBE3A;ZDHHC7"
"Protein Kinase C-activating G Protein-Coupled Receptor Signaling Pathway (GO:0007205)","3/10",0.273436169829331,0.999996292850528,0,0,1.9057999221487,2.47122611146598,"DGKD;PARD3;PICK1"
"Regulation Of Lipid Transport (GO:0032368)","3/10",0.273436169829331,0.999996292850528,0,0,1.9057999221487,2.47122611146598,"PRKN;SAR1B;PPARA"
"Regulation Of Long-Term Neuronal Synaptic Plasticity (GO:0048169)","3/10",0.273436169829331,0.999996292850528,0,0,1.9057999221487,2.47122611146598,"CAMK2B;SYNGR1;NEURL1"
"Regulation Of Microtubule Nucleation (GO:0010968)","3/10",0.273436169829331,0.999996292850528,0,0,1.9057999221487,2.47122611146598,"PAK1;PDE4DIP;CKAP5"
"Regulation Of Mitochondrial Depolarization (GO:0051900)","3/10",0.273436169829331,0.999996292850528,0,0,1.9057999221487,2.47122611146598,"MLLT11;BCL2;FZD9"
"Regulation Of Synapse Maturation (GO:0090128)","3/10",0.273436169829331,0.999996292850528,0,0,1.9057999221487,2.47122611146598,"CAMK2B;NEURL1;DAB2IP"
"Carbohydrate Derivative Biosynthetic Process (GO:1901137)","7/29",0.275067456041806,0.999996292850528,0,0,1.41515399494123,1.82659433439117,"TPI1;SCCPDH;B4GAT1;RRM2B;TNIP1;B3GNT5;LARGE1"
"Protein K11-linked Ubiquitination (GO:0070979)","7/29",0.275067456041806,0.999996292850528,0,0,1.41515399494123,1.82659433439117,"PRKN;UBE2H;UBE2D4;UBE2B;UBE2E3;ANAPC5;ANAPC11"
"Protein Insertion Into ER Membrane (GO:0045048)","7/29",0.275067456041806,0.999996292850528,0,0,1.41515399494123,1.82659433439117,"UBL4A;SGTA;EMC3;EMC4;EMC6;EMC9;GET4"
"Positive Regulation Of Carbohydrate Metabolic Process (GO:0045913)","8/34",0.278101659838443,0.999996292850528,0,0,1.36853814671004,1.75141207862905,"RPTOR;MLXIPL;PRKAA2;IRS1;EGF;AKT2;MLST8;MTOR"
"Negative Regulation Of Protein-Containing Complex Assembly (GO:0031333)","13/59",0.279462630715317,0.999996292850528,0,0,1.25714540270848,1.60271794860868,"HSPA8;THRA;TRAF3IP1;PARK7;PPM1A;CPTP;PEX5;HSF1;ULK1;RAF1;CRYAB;LCMT1;ANKS1B"
"Axonal Transport (GO:0098930)","9/39",0.27977852593408,0.999996292850528,0,0,1.33436135371179,1.69965207159795,"RAB21;SNAPIN;OPA1;DST;TMEM108;AP3S2;KIF1B;MAPT;SOD1"
"Positive Regulation Of Intracellular Transport (GO:0032388)","9/39",0.27977852593408,0.999996292850528,0,0,1.33436135371179,1.69965207159795,"STK11;ICE1;ACTN2;MYL1;NEDD4;RUFY3;ATP2A1;PCNT;OAZ2"
"Negative Regulation Of Cysteine-Type Endopeptidase Activity Involved In Apoptotic Process (GO:0043154)","11/49",0.280611047646424,0.999996292850528,0,0,1.28761246370979,1.63627955827067,"IGBP1;USP47;RNF34;CSNK2A1;DNAJB6;PARK7;TRIAP1;RAF1;NOL3;MAP2K5;LAMTOR5"
"Lysosomal Transport (GO:0007041)","22/105",0.281610600179246,0.999996292850528,0,0,1.17930390419525,1.49444930151968,"PRKN;SNAPIN;PLEKHF1;SLC30A2;AKTIP;VPS4A;ATG14;TRAK1;USE1;ASB15;PINK1;CCDC91;HOOK2;ALS2;VPS51;BIN1;NEDD4;RAB12;KIF13A;VPS52;CHMP6;RILP"
"Macromolecule Catabolic Process (GO:0009057)","18/85",0.290707249796477,0.999996292850528,0,0,1.19517324458419,1.47656307952523,"SH3GLB1;PRKN;PABPC4;DIS3L;DAB2IP;SETMAR;USE1;RNF5;REXO4;MTOR;SUPV3L1;EXOSC7;EXOSC5;NEDD4;RAB12;CAPN3;SQSTM1;DNASE1L1"
"Positive Regulation Of Amide Metabolic Process (GO:0034250)","18/85",0.290707249796477,0.999996292850528,0,0,1.19517324458419,1.47656307952523,"GSK3A;NSUN5;PRMT1;ROCK2;CIRBP;SAMD4A;PLA2G6;EEF2;MTOR;SIRT3;FXR1;FXR2;GUF1;PRR16;METTL5;CPEB3;EIF3C;EIF4G3"
"Coenzyme A Metabolic Process (GO:0015936)","4/15",0.291329562732135,0.999996292850528,0,0,1.61708664734012,1.99435317989803,"PANK4;NUDT8;PANK1;NUDT19"
"Negative Regulation Of mRNA Processing (GO:0050686)","4/15",0.291329562732135,0.999996292850528,0,0,1.61708664734012,1.99435317989803,"PCBP4;C1QBP;RBM20;SAP18"
"Positive Regulation Of Glucose Metabolic Process (GO:0010907)","4/15",0.291329562732135,0.999996292850528,0,0,1.61708664734012,1.99435317989803,"IRS1;AKT2;ARPP19;PPARGC1A"
"Positive Regulation Of Potassium Ion Transport (GO:0043268)","4/15",0.291329562732135,0.999996292850528,0,0,1.61708664734012,1.99435317989803,"AMIGO1;KCNE5;FHL1;AKAP6"
"Positive Regulation Of Transcription By RNA Polymerase III (GO:0045945)","4/15",0.291329562732135,0.999996292850528,0,0,1.61708664734012,1.99435317989803,"RPTOR;ICE1;ZC3H8;MTOR"
"Regulation Of Bicellular Tight Junction Assembly (GO:2000810)","4/15",0.291329562732135,0.999996292850528,0,0,1.61708664734012,1.99435317989803,"IKBKB;ROCK2;NPHP1;PRKACA"
"Retrograde Axonal Transport (GO:0008090)","4/15",0.291329562732135,0.999996292850528,0,0,1.61708664734012,1.99435317989803,"DST;TMEM108;KIF1C;SOD1"
"Peptide Biosynthetic Process (GO:0043043)","32/158",0.298794507169138,0.999996292850528,0,0,1.13005758927209,1.36510867380752,"MRPS17;HBS1L;MRPS15;MRPS16;MRPS11;MRPS33;MRPL14;MRPL37;MRPL12;MRPL34;MRPL35;GSPT1;MRPL10;MRPL41;CARNS1;DMD;GGT7;PABPC4;DHPS;MRPS18B;MRPS18A;MRPS7;MRPL24;RPL3L;MRPL43;MRPS5;COPS5;MRPL51;TNIP1;EEF1A2;MRRF;EIF4G1"
"Monocarboxylic Acid Biosynthetic Process (GO:0072330)","14/65",0.299358517416406,0.999996292850528,0,0,1.22107722564292,1.47275756640407,"GAMT;ACOT8;OSBPL7;OSBPL6;OXSM;PARK7;HOGA1;ACACB;MCAT;NDUFAB1;MLYCD;HTD2;OSBPL1A;CBR4"
"DNA Methylation (GO:0006306)","5/20",0.300067190388913,0.999996292850528,0,0,1.48237004725554,1.78440125661658,"N6AMT1;ZDBF2;MTRR;DNMT3A;PICK1"
"Endoplasmic Reticulum Calcium Ion Homeostasis (GO:0032469)","5/20",0.300067190388913,0.999996292850528,0,0,1.48237004725554,1.78440125661658,"FIS1;CAMK2D;PACS2;BCL2;ATP2A2"
"Long-Term Memory (GO:0007616)","5/20",0.300067190388913,0.999996292850528,0,0,1.48237004725554,1.78440125661658,"NTF4;SLC2A4;NOL3;CPEB3;LRRC66"
"Negative Regulation Of Cyclin-Dependent Protein Kinase Activity (GO:1904030)","5/20",0.300067190388913,0.999996292850528,0,0,1.48237004725554,1.78440125661658,"HEXIM2;INCA1;CDK5RAP1;IPO7;IPO5"
"Negative Regulation Of Microtubule Depolymerization (GO:0007026)","5/20",0.300067190388913,0.999996292850528,0,0,1.48237004725554,1.78440125661658,"MID1IP1;FGF13;TRIM54;CLASP1;CLASP2"
"Negative Regulation Of Small GTPase Mediated Signal Transduction (GO:0051058)","5/20",0.300067190388913,0.999996292850528,0,0,1.48237004725554,1.78440125661658,"MAPKAP1;DAB2IP;SPRY3;MFN2;SPRY2"
"Positive Regulation Of Lipid Catabolic Process (GO:0050996)","5/20",0.300067190388913,0.999996292850528,0,0,1.48237004725554,1.78440125661658,"IRS1;AKT2;PPARA;MTLN;PLIN5"
"Regulation Of Cardiac Muscle Cell Proliferation (GO:0060043)","5/20",0.300067190388913,0.999996292850528,0,0,1.48237004725554,1.78440125661658,"MEF2C;ERBB4;NOG;POLR2D;ZFPM2"
"Regulation Of Phosphatase Activity (GO:0010921)","5/20",0.300067190388913,0.999996292850528,0,0,1.48237004725554,1.78440125661658,"PTPA;PPP1R2;URI1;PPP6R2;TSC1"
"Response To ATP (GO:0033198)","5/20",0.300067190388913,0.999996292850528,0,0,1.48237004725554,1.78440125661658,"KCNJ11;P2RY2;CIB2;PDXP;RYR3"
"Purine Ribonucleotide Biosynthetic Process (GO:0009152)","12/55",0.303125248905572,0.999996292850528,0,0,1.24129256843028,1.48161822480214,"PANK4;ADSL;ATP5F1A;ADCY9;ATP5F1B;PANK1;IMPDH2;ATP5PO;AMPD1;ADCY2;ALDOA;ATP5F1C"
"Cellular Response To Steroid Hormone Stimulus (GO:0071383)","6/25",0.304489958870597,0.999996292850528,0,0,1.40438907467742,1.66998315948976,"HSPA8;URI1;AKR1B1;ATP1A2;ZDHHC7;NKX3-1"
"Lamellipodium Assembly (GO:0030032)","6/25",0.304489958870597,0.999996292850528,0,0,1.40438907467742,1.66998315948976,"ABLIM2;ABLIM3;ARHGEF4;WHAMM;PARVB;ARHGEF6"
"Myotube Differentiation (GO:0014902)","6/25",0.304489958870597,0.999996292850528,0,0,1.40438907467742,1.66998315948976,"MEF2C;SIX4;MYOD1;TMEM182;NOS1;KLHL40"
"Negative Regulation Of Intrinsic Apoptotic Signaling Pathway In Response To DNA Damage (GO:1902230)","6/25",0.304489958870597,0.999996292850528,0,0,1.40438907467742,1.66998315948976,"TMEM161A;BCL2;TRIAP1;AMH;TRIM32;TPT1"
"Negative Regulation Of Proteolysis Involved In Protein Catabolic Process (GO:1903051)","6/25",0.304489958870597,0.999996292850528,0,0,1.40438907467742,1.66998315948976,"GABARAPL2;PDCL3;HSP90AB1;CSNK2A1;SGTA;HIPK2"
"Negative Regulation Of Response To Endoplasmic Reticulum Stress (GO:1903573)","6/25",0.304489958870597,0.999996292850528,0,0,1.40438907467742,1.66998315948976,"PRKN;USP25;UBXN1;OPA1;AQP11;PARK7"
"Positive Regulation Of Glucose Import (GO:0046326)","6/25",0.304489958870597,0.999996292850528,0,0,1.40438907467742,1.66998315948976,"IRS1;AKT2;CLTCL1;PTPN11;ARPP19;RHOQ"
"Purine Nucleoside Bisphosphate Metabolic Process (GO:0034032)","6/25",0.304489958870597,0.999996292850528,0,0,1.40438907467742,1.66998315948976,"ACOT8;OXSM;ACOT2;ACOT1;MLYCD;ACSF2"
"Regulation Of Chondrocyte Differentiation (GO:0032330)","6/25",0.304489958870597,0.999996292850528,0,0,1.40438907467742,1.66998315948976,"PKDCC;CHADL;ZBTB16;PTPN11;WNT9A;SOX6"
"Regulation Of Synapse Organization (GO:0050807)","6/25",0.304489958870597,0.999996292850528,0,0,1.40438907467742,1.66998315948976,"CAMK2B;MEF2C;SLITRK4;NEDD4;CTNNA2;PDLIM5"
"Ribonucleoside Bisphosphate Metabolic Process (GO:0033875)","6/25",0.304489958870597,0.999996292850528,0,0,1.40438907467742,1.66998315948976,"ACOT8;OXSM;ACOT2;ACOT1;MLYCD;ACSF2"
"SA Node Cell Action Potential (GO:0086015)","2/6",0.304510311584254,0.999996292850528,0,0,2.22323617542904,2.64353970454436,"SCN5A;SCN3B"
"Actin Filament Reorganization (GO:0090527)","2/6",0.304510311584254,0.999996292850528,0,0,2.22323617542904,2.64353970454436,"WHAMM;MCU"
"Aldehyde Biosynthetic Process (GO:0046184)","2/6",0.304510311584254,0.999996292850528,0,0,2.22323617542904,2.64353970454436,"TPI1;PNPO"
"Amino-Acid Betaine Metabolic Process (GO:0006577)","2/6",0.304510311584254,0.999996292850528,0,0,2.22323617542904,2.64353970454436,"CPT2;CPT1B"
"Autophagosome Membrane Docking (GO:0016240)","2/6",0.304510311584254,0.999996292850528,0,0,2.22323617542904,2.64353970454436,"STX17;ATP2A2"
"Cellular Hyperosmotic Response (GO:0071474)","2/6",0.304510311584254,0.999996292850528,0,0,2.22323617542904,2.64353970454436,"RCSD1;YBX3"
"Detection Of Stimulus Involved In Sensory Perception Of Pain (GO:0062149)","2/6",0.304510311584254,0.999996292850528,0,0,2.22323617542904,2.64353970454436,"TMEM120A;EPHB1"
"Exocrine System Development (GO:0035272)","2/6",0.304510311584254,0.999996292850528,0,0,2.22323617542904,2.64353970454436,"RAB26;NKX3-1"
"Ganglioside Catabolic Process (GO:0006689)","2/6",0.304510311584254,0.999996292850528,0,0,2.22323617542904,2.64353970454436,"NEU3;NEU4"
"Glucan Catabolic Process (GO:0009251)","2/6",0.304510311584254,0.999996292850528,0,0,2.22323617542904,2.64353970454436,"STBD1;PYGM"
"Glutathione Biosynthetic Process (GO:0006750)","2/6",0.304510311584254,0.999996292850528,0,0,2.22323617542904,2.64353970454436,"HAGH;GCLM"
"Glycogen Catabolic Process (GO:0005980)","2/6",0.304510311584254,0.999996292850528,0,0,2.22323617542904,2.64353970454436,"STBD1;PYGM"
"Inositol Metabolic Process (GO:0006020)","2/6",0.304510311584254,0.999996292850528,0,0,2.22323617542904,2.64353970454436,"PPIP5K1;IMPA2"
"Intracellular Triglyceride Homeostasis (GO:0035356)","2/6",0.304510311584254,0.999996292850528,0,0,2.22323617542904,2.64353970454436,"FUNDC2;FITM2"
"Ketone Body Metabolic Process (GO:1902224)","2/6",0.304510311584254,0.999996292850528,0,0,2.22323617542904,2.64353970454436,"HMGCL;ACAT1"
"Locomotor Rhythm (GO:0045475)","2/6",0.304510311584254,0.999996292850528,0,0,2.22323617542904,2.64353970454436,"MTA1;USP2"
"Macropinocytosis (GO:0044351)","2/6",0.304510311584254,0.999996292850528,0,0,2.22323617542904,2.64353970454436,"MAPKAPK3;MAPKAPK2"
"Negative Regulation Of Centriole Replication (GO:0046600)","2/6",0.304510311584254,0.999996292850528,0,0,2.22323617542904,2.64353970454436,"KAT2B;CDK5RAP2"
"Negative Regulation Of Hematopoietic Progenitor Cell Differentiation (GO:1901533)","2/6",0.304510311584254,0.999996292850528,0,0,2.22323617542904,2.64353970454436,"TCF15;N4BP2L2"
"Nose Development (GO:0043584)","2/6",0.304510311584254,0.999996292850528,0,0,2.22323617542904,2.64353970454436,"SIX4;PROX1"
"Positive Regulation Of Autophagosome Maturation (GO:1901098)","2/6",0.304510311584254,0.999996292850528,0,0,2.22323617542904,2.64353970454436,"FYCO1;TOM1"
"Positive Regulation Of cAMP-mediated Signaling (GO:0043950)","2/6",0.304510311584254,0.999996292850528,0,0,2.22323617542904,2.64353970454436,"GPR61;GPR62"
"Positive Regulation Of Catecholamine Secretion (GO:0033605)","2/6",0.304510311584254,0.999996292850528,0,0,2.22323617542904,2.64353970454436,"GDNF;KCNB1"
"Protein Localization To Basolateral Plasma Membrane (GO:1903361)","2/6",0.304510311584254,0.999996292850528,0,0,2.22323617542904,2.64353970454436,"RAB10;LIN7B"
"Regulation Of Rab Protein Signal Transduction (GO:0032483)","2/6",0.304510311584254,0.999996292850528,0,0,2.22323617542904,2.64353970454436,"DENND4B;ETFA"
"Regulation Of Atrial Cardiac Muscle Cell Membrane Repolarization (GO:0060372)","2/6",0.304510311584254,0.999996292850528,0,0,2.22323617542904,2.64353970454436,"KCNE5;SCN5A"
"Regulation Of Cellular Response To Insulin Stimulus (GO:1900076)","2/6",0.304510311584254,0.999996292850528,0,0,2.22323617542904,2.64353970454436,"NCOA1;ECHDC3"
"Regulation Of Glucocorticoid Receptor Signaling Pathway (GO:2000322)","2/6",0.304510311584254,0.999996292850528,0,0,2.22323617542904,2.64353970454436,"PER1;CRY2"
"Regulation Of Ketone Biosynthetic Process (GO:0010566)","2/6",0.304510311584254,0.999996292850528,0,0,2.22323617542904,2.64353970454436,"PPTC7;SIRT5"
"Regulation Of Norepinephrine Secretion (GO:0014061)","2/6",0.304510311584254,0.999996292850528,0,0,2.22323617542904,2.64353970454436,"KCNB1;ADRA2B"
"Regulation Of Oxidative Stress-Induced Neuron Intrinsic Apoptotic Signaling Pathway (GO:1903376)","2/6",0.304510311584254,0.999996292850528,0,0,2.22323617542904,2.64353970454436,"PRKN;PARK7"
"Regulation Of Phospholipid Transport (GO:2001138)","2/6",0.304510311584254,0.999996292850528,0,0,2.22323617542904,2.64353970454436,"ABCB4;TRIAP1"
"Regulation Of Pyruvate Dehydrogenase Activity (GO:1904182)","2/6",0.304510311584254,0.999996292850528,0,0,2.22323617542904,2.64353970454436,"SIRT4;PPM1J"
"Regulation Of Relaxation Of Muscle (GO:1901077)","2/6",0.304510311584254,0.999996292850528,0,0,2.22323617542904,2.64353970454436,"PLN;SLN"
"Regulation Of Smooth Muscle Cell Differentiation (GO:0051150)","2/6",0.304510311584254,0.999996292850528,0,0,2.22323617542904,2.64353970454436,"SRF;FOXO4"
"Synaptic Signaling (GO:0099536)","2/6",0.304510311584254,0.999996292850528,0,0,2.22323617542904,2.64353970454436,"KCMF1;DTNA"
"tRNA 3'-End Processing (GO:0042780)","2/6",0.304510311584254,0.999996292850528,0,0,2.22323617542904,2.64353970454436,"PTCD1;ELAC2"
"Tubulin Complex Assembly (GO:0007021)","2/6",0.304510311584254,0.999996292850528,0,0,2.22323617542904,2.64353970454436,"VBP1;TBCE"
"Regulation Of TORC1 Signaling (GO:1903432)","11/50",0.304722458796333,0.999996292850528,0,0,1.25451973840832,1.49081340847114,"STK11;DEPTOR;MIOS;RRAGB;CASTOR2;SESN1;NPRL2;RRAGD;KLHL22;KPTN;LAMTOR5"
"Ribosome Assembly (GO:0042255)","11/50",0.304722458796333,0.999996292850528,0,0,1.25451973840832,1.49081340847114,"NGRN;MRPL20;MTERF3;MRPS11;C1QBP;MTERF4;SBDS;MRPS2;ERAL1;MRPS7;MDN1"
"Positive Regulation Of mRNA Catabolic Process (GO:0061014)","10/45",0.30602472992333,0.999996292850528,0,0,1.27077727077727,1.50471384977144,"FXR1;NANOS1;RIDA;FXR2;CNOT7;CELF1;ROCK2;CPEB3;TOB1;RBM24"
"Lamellipodium Organization (GO:0097581)","7/30",0.30654768639703,0.999996292850528,0,0,1.35354254133163,1.60040427217623,"ABLIM2;ABLIM3;ARHGEF4;WHAMM;PARVB;PHPT1;ARHGEF6"
"Regulation Of Potassium Ion Transport (GO:0043266)","7/30",0.30654768639703,0.999996292850528,0,0,1.35354254133163,1.60040427217623,"KCNE2;KCNE5;FHL1;CASQ2;KCNN2;NOS1;ANK3"
"mRNA 3'-End Processing (GO:0031124)","9/40",0.306907954470966,0.999996292850528,0,0,1.29123820256374,1.52522011863756,"LSM10;CPSF4;MBLAC1;SSU72;SYMPK;RPRD1B;RPRD1A;RPRD2;GRSF1"
"Regulation Of Glycolytic Process (GO:0006110)","9/40",0.306907954470966,0.999996292850528,0,0,1.29123820256374,1.52522011863756,"HDAC4;RPTOR;MLXIPL;PRKAA2;PRKAG1;MLST8;ARL2;PPARA;MTOR"
"Regulation Of Microtubule Cytoskeleton Organization (GO:0070507)","9/40",0.306907954470966,0.999996292850528,0,0,1.29123820256374,1.52522011863756,"PATJ;PRKAA2;TRAF3IP1;MAP6D1;MAPRE3;MAPT;GAS2L2;CLASP1;CLASP2"
"Histone Modification (GO:0016570)","17/81",0.311967571763765,0.999996292850528,0,0,1.18158079184902,1.37637151413288,"HDAC4;MBD3;HDAC5;UBE2B;HDAC11;SIRT4;SIRT2;KAT2B;TAF6L;MTA1;VPS72;RUVBL2;BRMS1L;CARM1;KAT7;DMAP1;KAT14"
"Positive Regulation Of Protein Metabolic Process (GO:0051247)","39/196",0.315900083919288,0.999996292850528,0,0,1.1053251492451,1.27369856160638,"AMER1;PRKN;NDUFA13;GSK3A;ROCK2;FAF1;RAB1B;ASB11;OAZ2;FXR1;FXR2;METTL5;CAPN3;RILP;MAP2K5;CSNK2A1;NSUN5;PRMT1;RDX;CIRBP;DAB2IP;SAMD4A;RANBP9;EEF2;MTOR;CUL4A;NEDD4;GUF1;PRR16;STUB1;ASB5;AURKAIP1;CPEB3;IL17D;FGFR4;EIF3C;EIF4G3;TRIM32;EIF4G1"
"RNA Splicing, Via Endonucleolytic Cleavage And Ligation (GO:0000394)","3/11",0.328427056229605,0.999996292850528,0,0,1.6674727520436,1.85663172272846,"DDX1;TRPT1;FAM98A"
"Cellular Response To Nitrogen Levels (GO:0043562)","3/11",0.328427056229605,0.999996292850528,0,0,1.6674727520436,1.85663172272846,"GABARAPL2;MAP1LC3B;MAP1LC3A"
"Cellular Response To Nitrogen Starvation (GO:0006995)","3/11",0.328427056229605,0.999996292850528,0,0,1.6674727520436,1.85663172272846,"GABARAPL2;MAP1LC3B;MAP1LC3A"
"Cellular Response To Thyroid Hormone Stimulus (GO:0097067)","3/11",0.328427056229605,0.999996292850528,0,0,1.6674727520436,1.85663172272846,"THRB;KLF9;RDX"
"Central Nervous System Neuron Axonogenesis (GO:0021955)","3/11",0.328427056229605,0.999996292850528,0,0,1.6674727520436,1.85663172272846,"SPTBN4;HSP90AB1;EPHB1"
"Exit From Mitosis (GO:0010458)","3/11",0.328427056229605,0.999996292850528,0,0,1.6674727520436,1.85663172272846,"PPP2R2D;CLASP1;CLASP2"
"Fatty Acid Beta-Oxidation Using acyl-CoA Oxidase (GO:0033540)","3/11",0.328427056229605,0.999996292850528,0,0,1.6674727520436,1.85663172272846,"ACOT8;DECR2;CRAT"
"Heterocycle Biosynthetic Process (GO:0018130)","3/11",0.328427056229605,0.999996292850528,0,0,1.6674727520436,1.85663172272846,"MOCS2;LIAS;GPHN"
"Melanocyte Differentiation (GO:0030318)","3/11",0.328427056229605,0.999996292850528,0,0,1.6674727520436,1.85663172272846,"USP13;MEF2C;MITF"
"Negative Regulation Of Amyloid Fibril Formation (GO:1905907)","3/11",0.328427056229605,0.999996292850528,0,0,1.6674727520436,1.85663172272846,"VBP1;PFDN1;CRYAB"
"Negative Regulation Of Myotube Differentiation (GO:0010832)","3/11",0.328427056229605,0.999996292850528,0,0,1.6674727520436,1.85663172272846,"HDAC4;HDAC5;BHLHE41"
"Negative Regulation Of Nuclear-Transcribed mRNA Catabolic Process, Deadenylation-Dependent Decay (GO:1900152)","3/11",0.328427056229605,0.999996292850528,0,0,1.6674727520436,1.85663172272846,"YBX1;TOB1;PAIP1"
"Negative Regulation Of Reactive Oxygen Species Biosynthetic Process (GO:1903427)","3/11",0.328427056229605,0.999996292850528,0,0,1.6674727520436,1.85663172272846,"MPV17L;PARK7;PPARA"
"Neurotransmitter Uptake (GO:0001504)","3/11",0.328427056229605,0.999996292850528,0,0,1.6674727520436,1.85663172272846,"SLC22A3;SLC1A7;SLC29A2"
"Polyamine Metabolic Process (GO:0006595)","3/11",0.328427056229605,0.999996292850528,0,0,1.6674727520436,1.85663172272846,"DHPS;ODC1;OAZ2"
"Positive Regulation Of Myelination (GO:0031643)","3/11",0.328427056229605,0.999996292850528,0,0,1.6674727520436,1.85663172272846,"RNF10;PARD3;NRDC"
"Programmed Necrotic Cell Death (GO:0097300)","3/11",0.328427056229605,0.999996292850528,0,0,1.6674727520436,1.85663172272846,"PPIF;PGAM5;DNM1L"
"Regulation Of Fatty Acid Metabolic Process (GO:0019217)","3/11",0.328427056229605,0.999996292850528,0,0,1.6674727520436,1.85663172272846,"FABP3;PDK4;PPARA"
"Regulation Of Homotypic Cell-Cell Adhesion (GO:0034110)","3/11",0.328427056229605,0.999996292850528,0,0,1.6674727520436,1.85663172272846,"RDX;ZNF703;PRKCQ"
"Regulation Of Protein K63-linked Ubiquitination (GO:1900044)","3/11",0.328427056229605,0.999996292850528,0,0,1.6674727520436,1.85663172272846,"GPS2;PLAA;CEP63"
"tRNA Splicing, Via Endonucleolytic Cleavage And Ligation (GO:0006388)","3/11",0.328427056229605,0.999996292850528,0,0,1.6674727520436,1.85663172272846,"DDX1;TRPT1;FAM98A"
"Protein Homooligomerization (GO:0051260)","26/129",0.332798030876925,0.999996292850528,0,0,1.12294451351157,1.23548543646024,"RYR1;TRIM72;ATL2;AQP4;NOL3;ACACB;IKZF4;CLYBL;RYR3;TMEM70;G3BP2;AMH;CBR4;KCNJ2;PRMT1;KCNJ12;TMEM120A;ACOT13;UPB1;JMJD6;GNMT;ALS2;AQP11;ALDOA;MICU1;HCN1"
"Negative Regulation Of Amyloid-Beta Formation (GO:1902430)","4/16",0.336685276967656,0.999996292850528,0,0,1.48223857545199,1.61357481640048,"RTN2;BIN1;PIN1;RTN4"
"Negative Regulation Of Phosphatase Activity (GO:0010923)","4/16",0.336685276967656,0.999996292850528,0,0,1.48223857545199,1.61357481640048,"PTPA;URI1;SEMA4D;CRY2"
"Pharyngeal System Development (GO:0060037)","4/16",0.336685276967656,0.999996292850528,0,0,1.48223857545199,1.61357481640048,"TBX1;SIX4;NOG;BMP5"
"Positive Regulation Of Autophagosome Assembly (GO:2000786)","4/16",0.336685276967656,0.999996292850528,0,0,1.48223857545199,1.61357481640048,"SH3GLB1;MOAP1;WIPI1;PIP4K2B"
"Positive Regulation Of Muscle Hypertrophy (GO:0014742)","4/16",0.336685276967656,0.999996292850528,0,0,1.48223857545199,1.61357481640048,"MEF2A;CAMK2D;PARP1;ROCK2"
"Protein O-linked Mannosylation (GO:0035269)","4/16",0.336685276967656,0.999996292850528,0,0,1.48223857545199,1.61357481640048,"POMT2;FKRP;POMGNT2;LARGE1"
"Protein Kinase A Signaling (GO:0010737)","4/16",0.336685276967656,0.999996292850528,0,0,1.48223857545199,1.61357481640048,"MYOM1;RDX;PRKACA;TTN"
"Regulation Of Protein Kinase A Signaling (GO:0010738)","4/16",0.336685276967656,0.999996292850528,0,0,1.48223857545199,1.61357481640048,"AKAP7;AKAP6;ADRB2;AMH"
"Synaptic Transmission, Cholinergic (GO:0007271)","4/16",0.336685276967656,0.999996292850528,0,0,1.48223857545199,1.61357481640048,"CHRNB1;CHRNA10;COLQ;RAPSN"
"Histone Deacetylation (GO:0016575)","8/36",0.336861456144708,0.999996292850528,0,0,1.27062950691873,1.3825510551202,"HDAC4;MBD3;HDAC5;MTA1;BRMS1L;HDAC11;SIRT4;SIRT2"
"Negative Regulation Of Organelle Assembly (GO:1902116)","8/36",0.336861456144708,0.999996292850528,0,0,1.27062950691873,1.3825510551202,"KAT2B;PINK1;CAV3;USP10;FEZ2;TESK1;EVI5L;CDK5RAP2"
"Regulation Of Glucose Import (GO:0046324)","8/36",0.336861456144708,0.999996292850528,0,0,1.27062950691873,1.3825510551202,"RTN2;GSK3A;IRS1;AKT2;CLTCL1;PTPN11;ARPP19;RHOQ"
"Negative Regulation Of Developmental Growth (GO:0048640)","7/31",0.338674232701669,0.999996292850528,0,0,1.29706537552282,1.4043542122053,"CDKL3;MSTN;ULK2;ULK1;MYOZ1;FGF13;RTN4"
"Negative Regulation Of Microtubule Polymerization Or Depolymerization (GO:0031111)","7/31",0.338674232701669,0.999996292850528,0,0,1.29706537552282,1.4043542122053,"MID1IP1;DYRK1A;FGF13;FKBP4;TRIM54;CLASP1;CLASP2"
"Positive Regulation Of Proteolysis Involved In Protein Catabolic Process (GO:1903052)","7/31",0.338674232701669,0.999996292850528,0,0,1.29706537552282,1.4043542122053,"PRKN;OSBPL7;KCNE2;PSMC6;CAV3;PSMC3;DAB2IP"
"Negative Regulation Of Macromolecule Biosynthetic Process (GO:0010558)","20/98",0.338804253286885,0.999996292850528,0,0,1.14054482792506,1.23444903414376,"NANOS1;GSK3A;CSNK2A1;IFRD2;AKR1B1;TSC1;YBX1;MALSU1;TOB1;FXR1;PAIP2B;TMEFF2;RIDA;FXR2;SERBP1;ANKRD1;TAF7;CPEB3;PAIP2;GAPDH"
"Negative Regulation Of GTPase Activity (GO:0034260)","5/21",0.339463528379395,0.999996292850528,0,0,1.38963672300981,1.50134790326033,"RASA4;RDX;DAB2IP;ARL2;HRAS"
"Positive Regulation Of Heart Contraction (GO:0045823)","5/21",0.339463528379395,0.999996292850528,0,0,1.38963672300981,1.50134790326033,"GSK3A;HRC;ATP2A2;ATP1A2;SCN3B"
"Positive Regulation Of Vacuole Organization (GO:0044090)","5/21",0.339463528379395,0.999996292850528,0,0,1.38963672300981,1.50134790326033,"SH3GLB1;MOAP1;PPP3CB;WIPI1;PIP4K2B"
"Regulation Of Dendritic Spine Development (GO:0060998)","5/21",0.339463528379395,0.999996292850528,0,0,1.38963672300981,1.50134790326033,"CAMK2B;MEF2C;NEURL1;FOXO6;CPEB3"
"Regulation Of Histone Deacetylation (GO:0031063)","5/21",0.339463528379395,0.999996292850528,0,0,1.38963672300981,1.50134790326033,"KAT2B;CAMK2D;CTBP1;SGF29;KAT14"
"Negative Regulation Of Insulin Receptor Signaling Pathway (GO:0046627)","6/26",0.339730485997631,0.999996292850528,0,0,1.33408781019907,1.44028475384434,"GSK3A;GRB14;IRS1;TSC2;PIP4K2B;PRKCQ"
"Regulation Of Nucleotide-Excision Repair (GO:2000819)","6/26",0.339730485997631,0.999996292850528,0,0,1.33408781019907,1.44028475384434,"SMARCD3;BCL7A;PHF10;BCL7B;DPF3;KAT7"
"Negative Regulation Of Amide Metabolic Process (GO:0034249)","19/93",0.342729378969808,0.999996292850528,0,0,1.14205461619255,1.2229282154793,"NANOS1;RTN2;CSNK2A1;IFRD2;TSC1;YBX1;MALSU1;TOB1;RTN4;FXR1;PAIP2B;RIDA;FXR2;BIN1;SERBP1;PIN1;PAIP2;CPEB3;GAPDH"
"Protein-Containing Complex Disassembly (GO:0032984)","13/62",0.346291573183373,0.999996292850528,0,0,1.17995985279358,1.25131693576922,"HSPA8;STX17;VPS4A;PEX10;APEH;ATG14;PEX12;GSPT1;PEX14;MAP1LC3B;MAP1LC3A;PEX5;CHMP6"
"Protein Modification Process (GO:0036211)","135/711",0.346324921851275,0.999996292850528,0,0,1.04342584087055,1.10642566447824,"AMHR2;UBE2D2;ARAF;PPP2R2A;PARK7;MYLK3;NAA80;PPP1CB;PPP1CC;STK11;RPS6KA5;PPP2R1A;AKT2;OGFOD1;MACROD1;PDK4;KAT7;PRKACA;LARGE1;SBF1;ROS1;EPHB1;PDK2;CDKL3;USP6;CSNK2A1;PPTC7;DAPK2;DYRK1A;DYRK1B;LMTK2;ATG14;CTDNEP1;CDC34;MAPKAPK2;PRKCQ;ULK1;TNIK;PHPT1;PPEF2;MTMR3;CTBP1;TIMM50;MAN2A2;HLCS;GRK4;MAP3K20;ST8SIA5;MARK4;MARK3;IP6K3;ST3GAL3;B3GALNT2;FN3K;ICMT;DMPK;ST8SIA2;SSH2;FAM220A;PPP5C;COPS5;STK25;COPS2;WNK2;COPS8;CDK16;UBE2M;GPI;GSK3A;SETD3;ST6GALNAC2;MAST2;NGLY1;PRKAG1;PRKAG3;IKBKB;PPP6C;PPP3CB;PPP3CC;FASTK;SENP8;TLK2;PRKG1;PARP1;STRADB;WIPI1;PPP2R5D;OXSR1;DUSP26;RABGGTB;PPM1A;PPM1B;B3GNT5;MYOD1;PICK1;PFDN1;ATG4A;ATG4D;CAMK2B;CAMK2D;PRKAA2;ROCK2;CAMK2A;PDXP;PPM1J;TTL;MAPK9;PAK1;TP53INP2;MKNK2;MAPK6;LCMT1;MAP4K3;UBL4A;ATE1;USP25;METAP1D;MCRS1;PTPN11;PPP2R3B;PPP2R3A;ACVR2B;HIPK3;MTOR;GNMT;HIPK2;BCKDK;PINK1;NEK10;TAF8;AQP11;TAF7;COQ8A;PTPN3;ENGASE"
"Golgi To Plasma Membrane Transport (GO:0006893)","10/47",0.358462924149897,0.999996292850528,0,0,1.20193903977688,1.23310537157567,"BBS2;RAB10;GOLGA4;RABEP1;RAB26;KIF13A;EXOC4;EXOC6;ANK3;OPTN"
"Insulin Receptor Signaling Pathway (GO:0008286)","10/47",0.358462924149897,0.999996292850528,0,0,1.20193903977688,1.23310537157567,"GSK3A;GRB14;IRS1;AKT2;PDK4;ZNF106;FOXO4;PDK2;SH2B2;RHOQ"
"Protein Monoubiquitination (GO:0006513)","10/47",0.358462924149897,0.999996292850528,0,0,1.20193903977688,1.23310537157567,"PRKN;RNF10;RNF126;TRIM41;NEURL1;KLHL22;STUB1;FANCE;PEX12;RNF220"
"Negative Regulation Of I-kappaB kinase/NF-kappaB Signaling (GO:0043124)","9/42",0.36267850468119,0.999996292850528,0,0,1.21283247320365,1.23010138738238,"PER1;PPM1A;PPM1B;NLRX1;TLE1;TNIP1;USP10;DAB2IP;OTUD7B"
"Regulation Of Ubiquitin-Dependent Protein Catabolic Process (GO:2000058)","9/42",0.36267850468119,0.999996292850528,0,0,1.21283247320365,1.23010138738238,"PDCL3;CAV3;CSNK2A1;SGTA;UBE3A;RAD23A;UBQLN4;RAD23B;HIPK2"
"Cellular Response To Chemical Stress (GO:0062197)","18/89",0.365983959886325,0.999996292850528,0,0,1.12756208936244,1.13338681801878,"PRKAA2;TMEM161A;PARP1;KEAP1;PARK7;FOXO3;SIRT2;MTOR;RPTOR;PRDX3;PRDX2;CHCHD2;PRDX5;PINK1;LONP1;MLST8;PPARGC1A;ATF4"
"RNA Stabilization (GO:0043489)","8/37",0.366940216586928,0.999996292850528,0,0,1.22673942701228,1.22987539226287,"RBM38;GDNF;TNIP1;THRAP3;CIRBP;YBX1;RBM24;PAIP1"
"Regulation Of Cellular Component Biogenesis (GO:0044087)","8/37",0.366940216586928,0.999996292850528,0,0,1.22673942701228,1.22987539226287,"HSPA8;PINK1;ROCK2;RDX;DAB2IP;RAPGEF1;PTPN11;NF2"
"Protein Polymerization (GO:0051258)","13/63",0.369241836234298,0.999996292850528,0,0,1.15628961748634,1.15201535459854,"PRKN;MID1IP1;COBL;CKAP5;CASQ2;MSRB2;PIN1;CASQ1;MAPT;MAP4;FGF13;TRIM32;MSRB1"
"Regulation Of Transmembrane Transport (GO:0034762)","7/32",0.371197708575288,0.999996292850528,0,0,1.24510638297872,1.2339258893374,"KCNJ11;KCNJ12;NEDD4;BCL2;NEDD4L;KCNJ16;KCNJ2"
"Selective Autophagy (GO:0061912)","12/58",0.374291892945601,0.999996292850528,0,0,1.16012493616617,1.14007719250112,"PRKN;MAP1LC3B;PINK1;STBD1;PEX5;ULK2;ULK1;USP30;ATG14;PHB2;SQSTM1;ATG4D"
"Negative Regulation Of Cellular Response To Insulin Stimulus (GO:1900077)","6/27",0.375351435419441,0.999996292850528,0,0,1.27048190424247,1.24493572842599,"GSK3A;GRB14;IRS1;TSC2;PIP4K2B;PRKCQ"
"Positive Regulation Of Mitotic Cell Cycle (GO:0045931)","6/27",0.375351435419441,0.999996292850528,0,0,1.27048190424247,1.24493572842599,"DUSP3;CUL3;HSF1;USP2;TTL;NKX3-1"
"Regulation Of Extrinsic Apoptotic Signaling Pathway In Absence Of Ligand (GO:2001239)","6/27",0.375351435419441,0.999996292850528,0,0,1.27048190424247,1.24493572842599,"RET;EYA1;GDNF;EYA4;BCL2;MAP2K5"
"Positive Regulation Of Catabolic Process (GO:0009896)","16/79",0.375840130033064,0.999996292850528,0,0,1.12948856509152,1.1053078098544,"AMER1;PRKN;GSK3A;NDUFA13;CSNK2A1;CAV3;FAF1;RDX;DAB2IP;ASB11;OAZ2;CUL4A;NEDD4;ASB5;RILP;TRIM32"
"Response To Insulin (GO:0032868)","16/79",0.375840130033064,0.999996292850528,0,0,1.12948856509152,1.1053078098544,"HDAC5;GSK3A;PARP1;GOT1;IRS1;TSC1;SLC2A4;HDAC9;RAB10;KAT2B;PKM;TBC1D4;AKT2;LPIN1;SLC25A33;RHOQ"
"L-alanine Transport (GO:0015808)","2/7",0.377891783241888,0.999996292850528,0,0,1.77847997820757,1.73072318821203,"SLC36A2;SLC38A3"
"N-terminal Peptidyl-Methionine Acetylation (GO:0017196)","2/7",0.377891783241888,0.999996292850528,0,0,1.77847997820757,1.73072318821203,"NAA30;NAA35"
"U4 snRNA 3'-End Processing (GO:0034475)","2/7",0.377891783241888,0.999996292850528,0,0,1.77847997820757,1.73072318821203,"EXOSC7;EXOSC5"
"Aldehyde Catabolic Process (GO:0046185)","2/7",0.377891783241888,0.999996292850528,0,0,1.77847997820757,1.73072318821203,"PDXP;HOGA1"
"Alditol Metabolic Process (GO:0019400)","2/7",0.377891783241888,0.999996292850528,0,0,1.77847997820757,1.73072318821203,"COQ3;COQ2"
"Cell Migration Involved In Heart Development (GO:0060973)","2/7",0.377891783241888,0.999996292850528,0,0,1.77847997820757,1.73072318821203,"FLRT3;PITX2"
"Cellular Response To Epinephrine Stimulus (GO:0071872)","2/7",0.377891783241888,0.999996292850528,0,0,1.77847997820757,1.73072318821203,"PRKACA;SIRT2"
"Cytoplasmic Sequestering Of NF-kappaB (GO:0007253)","2/7",0.377891783241888,0.999996292850528,0,0,1.77847997820757,1.73072318821203,"FAF1;G3BP2"
"Depyrimidination (GO:0045008)","2/7",0.377891783241888,0.999996292850528,0,0,1.77847997820757,1.73072318821203,"NEIL2;UNG"
"Establishment Of Planar Polarity (GO:0001736)","2/7",0.377891783241888,0.999996292850528,0,0,1.77847997820757,1.73072318821203,"NPHP1;FUZ"
"Ethanol Oxidation (GO:0006069)","2/7",0.377891783241888,0.999996292850528,0,0,1.77847997820757,1.73072318821203,"ACSS2;ADH1C"
"Fatty Acid Alpha-Oxidation (GO:0001561)","2/7",0.377891783241888,0.999996292850528,0,0,1.77847997820757,1.73072318821203,"PHYH;PEX13"
"Hyperosmotic Response (GO:0006972)","2/7",0.377891783241888,0.999996292850528,0,0,1.77847997820757,1.73072318821203,"RCSD1;YBX3"
"Lactate Metabolic Process (GO:0006089)","2/7",0.377891783241888,0.999996292850528,0,0,1.77847997820757,1.73072318821203,"LDHD;PARK7"
"Lens Fiber Cell Development (GO:0070307)","2/7",0.377891783241888,0.999996292850528,0,0,1.77847997820757,1.73072318821203,"PROX1;ATF4"
"Methionine Metabolic Process (GO:0006555)","2/7",0.377891783241888,0.999996292850528,0,0,1.77847997820757,1.73072318821203,"MTRR;MTHFD1"
"Myoblast Migration (GO:0051451)","2/7",0.377891783241888,0.999996292850528,0,0,1.77847997820757,1.73072318821203,"MSTN;SIX1"
"Natural Killer Cell Differentiation (GO:0001779)","2/7",0.377891783241888,0.999996292850528,0,0,1.77847997820757,1.73072318821203,"KAT7;PBX1"
"Negative Regulation Of Actin Nucleation (GO:0051126)","2/7",0.377891783241888,0.999996292850528,0,0,1.77847997820757,1.73072318821203,"PICK1;CTNNA2"
"Negative Regulation Of Appetite (GO:0032099)","2/7",0.377891783241888,0.999996292850528,0,0,1.77847997820757,1.73072318821203,"SPX;PPARA"
"Negative Regulation Of Lipid Kinase Activity (GO:0090219)","2/7",0.377891783241888,0.999996292850528,0,0,1.77847997820757,1.73072318821203,"PIP4K2B;WASHC1"
"Negative Regulation Of Monooxygenase Activity (GO:0032769)","2/7",0.377891783241888,0.999996292850528,0,0,1.77847997820757,1.73072318821203,"CAV3;NOSIP"
"Negative Regulation Of Muscle Hypertrophy (GO:0014741)","2/7",0.377891783241888,0.999996292850528,0,0,1.77847997820757,1.73072318821203,"MLIP;CAV3"
"Negative Regulation Of Peptidyl-Lysine Acetylation (GO:2000757)","2/7",0.377891783241888,0.999996292850528,0,0,1.77847997820757,1.73072318821203,"CTBP1;THAP7"
"Negative Regulation Of Protein K63-linked Ubiquitination (GO:1900045)","2/7",0.377891783241888,0.999996292850528,0,0,1.77847997820757,1.73072318821203,"GPS2;PLAA"
"Nonribosomal Peptide Biosynthetic Process (GO:0019184)","2/7",0.377891783241888,0.999996292850528,0,0,1.77847997820757,1.73072318821203,"HAGH;GCLM"
"Peroxisome Proliferator Activated Receptor Signaling Pathway (GO:0035357)","2/7",0.377891783241888,0.999996292850528,0,0,1.77847997820757,1.73072318821203,"NCOA1;RXRA"
"Platelet Activating Factor Metabolic Process (GO:0046469)","2/7",0.377891783241888,0.999996292850528,0,0,1.77847997820757,1.73072318821203,"PLA2G4C;PLA2G6"
"Positive Regulation Of Extracellular Matrix Disassembly (GO:0090091)","2/7",0.377891783241888,0.999996292850528,0,0,1.77847997820757,1.73072318821203,"CLASP1;CLASP2"
"Positive Regulation Of Microtubule Nucleation (GO:0090063)","2/7",0.377891783241888,0.999996292850528,0,0,1.77847997820757,1.73072318821203,"PAK1;PDE4DIP"
"Positive Regulation Of Neuron Projection Arborization (GO:0150012)","2/7",0.377891783241888,0.999996292850528,0,0,1.77847997820757,1.73072318821203,"DVL1;DVL3"
"Postsynapse Organization (GO:0099173)","2/7",0.377891783241888,0.999996292850528,0,0,1.77847997820757,1.73072318821203,"CHRNB1;PICK1"
"Protein K27-linked Ubiquitination (GO:0044314)","2/7",0.377891783241888,0.999996292850528,0,0,1.77847997820757,1.73072318821203,"PRKN;UBE2D4"
"Proximal/Distal Pattern Formation (GO:0009954)","2/7",0.377891783241888,0.999996292850528,0,0,1.77847997820757,1.73072318821203,"HOXA9;HOXC9"
"Purine Nucleotide Catabolic Process (GO:0006195)","2/7",0.377891783241888,0.999996292850528,0,0,1.77847997820757,1.73072318821203,"NUDT17;NUDT12"
"Purine Ribonucleoside Monophosphate Catabolic Process (GO:0009169)","2/7",0.377891783241888,0.999996292850528,0,0,1.77847997820757,1.73072318821203,"NT5C1A;NT5C2"
"rRNA Pseudouridine Synthesis (GO:0031118)","2/7",0.377891783241888,0.999996292850528,0,0,1.77847997820757,1.73072318821203,"TNIP1;TSR3"
"Regulation Of ATPase-coupled Calcium Transmembrane Transporter Activity (GO:1901894)","2/7",0.377891783241888,0.999996292850528,0,0,1.77847997820757,1.73072318821203,"PLN;SLN"
"Regulation Of Golgi To Plasma Membrane Protein Transport (GO:0042996)","2/7",0.377891783241888,0.999996292850528,0,0,1.77847997820757,1.73072318821203,"CNST;PKDCC"
"Regulation Of Cyclic-Nucleotide Phosphodiesterase Activity (GO:0051342)","2/7",0.377891783241888,0.999996292850528,0,0,1.77847997820757,1.73072318821203,"EGLN1;CALM3"
"Regulation Of Mammary Gland Epithelial Cell Proliferation (GO:0033599)","2/7",0.377891783241888,0.999996292850528,0,0,1.77847997820757,1.73072318821203,"ZNF703;RTN4"
"Regulation Of Myeloid Leukocyte Differentiation (GO:0002761)","2/7",0.377891783241888,0.999996292850528,0,0,1.77847997820757,1.73072318821203,"CEBPB;MTOR"
"Regulation Of Transforming Growth Factor Beta Activation (GO:1901388)","2/7",0.377891783241888,0.999996292850528,0,0,1.77847997820757,1.73072318821203,"HSP90AB1;ITGB6"
"Regulation Of Wound Healing, Spreading Of Epidermal Cells (GO:1903689)","2/7",0.377891783241888,0.999996292850528,0,0,1.77847997820757,1.73072318821203,"MTOR;CLASP2"
"Response To Epinephrine (GO:0071871)","2/7",0.377891783241888,0.999996292850528,0,0,1.77847997820757,1.73072318821203,"PRKACA;SIRT2"
"Somatic Hypermutation Of Immunoglobulin Genes (GO:0016446)","2/7",0.377891783241888,0.999996292850528,0,0,1.77847997820757,1.73072318821203,"POLL;MLH1"
"Sulfur Amino Acid Biosynthetic Process (GO:0000097)","2/7",0.377891783241888,0.999996292850528,0,0,1.77847997820757,1.73072318821203,"MTRR;MTHFD1"
"Thyroid Gland Development (GO:0030878)","2/7",0.377891783241888,0.999996292850528,0,0,1.77847997820757,1.73072318821203,"TBX1;SIX1"
"Tooth Mineralization (GO:0034505)","2/7",0.377891783241888,0.999996292850528,0,0,1.77847997820757,1.73072318821203,"TBX1;STIM1"
"Translocation Of Molecules Into Host (GO:0044417)","2/7",0.377891783241888,0.999996292850528,0,0,1.77847997820757,1.73072318821203,"DDX39B;THOC5"
"Viral mRNA Export From Host Cell Nucleus (GO:0046784)","2/7",0.377891783241888,0.999996292850528,0,0,1.77847997820757,1.73072318821203,"DDX39B;THOC5"
"Fc-epsilon Receptor Signaling Pathway (GO:0038095)","5/22",0.379194856619531,0.999996292850528,0,0,1.30781320161652,1.26819309543811,"IKBKB;MAP2K4;MAPK9;PRKCQ;MAP2K7"
"Negative Regulation Of Axonogenesis (GO:0050771)","5/22",0.379194856619531,0.999996292850528,0,0,1.30781320161652,1.26819309543811,"RUFY3;ULK2;ULK1;FGF13;RTN4"
"Negative Regulation Of Extrinsic Apoptotic Signaling Pathway In Absence Of Ligand (GO:2001240)","5/22",0.379194856619531,0.999996292850528,0,0,1.30781320161652,1.26819309543811,"EYA1;GDNF;EYA4;BCL2;MAP2K5"
"Negative Regulation Of Signal Transduction In Absence Of Ligand (GO:1901099)","5/22",0.379194856619531,0.999996292850528,0,0,1.30781320161652,1.26819309543811,"EYA1;GDNF;EYA4;BCL2;MAP2K5"
"Placenta Development (GO:0001890)","5/22",0.379194856619531,0.999996292850528,0,0,1.30781320161652,1.26819309543811,"ESRRB;TFEB;PKD1;SOD1;E2F8"
"Positive Regulation Of Phosphatase Activity (GO:0010922)","5/22",0.379194856619531,0.999996292850528,0,0,1.30781320161652,1.26819309543811,"PTPA;MEF2C;HSP90AB1;CALM3;MTOR"
"Regulation Of Protein Export From Nucleus (GO:0046825)","5/22",0.379194856619531,0.999996292850528,0,0,1.30781320161652,1.26819309543811,"YWHAE;XPO4;BAG3;PARK7;EMD"
"Response To Gamma Radiation (GO:0010332)","5/22",0.379194856619531,0.999996292850528,0,0,1.30781320161652,1.26819309543811,"HSF1;MAP3K20;TLK2;CRYAB;HRAS"
"Vesicle Transport Along Microtubule (GO:0047496)","5/22",0.379194856619531,0.999996292850528,0,0,1.30781320161652,1.26819309543811,"FYCO1;KIF13A;KIF1C;TRAK1;DYNC1I1"
"Glycoprotein Metabolic Process (GO:0009100)","11/53",0.37957923223299,0.999996292850528,0,0,1.16469662687576,1.12823221560812,"NEU4;MAN2A2;B4GAT1;TNIP1;ST8SIA2;NGLY1;ST8SIA5;PARK7;LARGE1;GANC;ENGASE"
"mRNA Stabilization (GO:0048255)","11/53",0.37957923223299,0.999996292850528,0,0,1.16469662687576,1.12823221560812,"RBM38;BOLL;GDNF;THRAP3;CSDE1;MAPKAPK2;CIRBP;YBX1;YBX3;RBM24;PAIP1"
"Carboxylic Acid Biosynthetic Process (GO:0046394)","4/17",0.382258874519577,0.999996292850528,0,0,1.36813636077741,1.31567820642656,"UROS;CARNS1;RGN;BCAT2"
"Hippo Signaling (GO:0035329)","4/17",0.382258874519577,0.999996292850528,0,0,1.36813636077741,1.31567820642656,"TEAD4;AMOTL1;TEAD1;TEAD3"
"Negative Regulation Of Fibroblast Proliferation (GO:0048147)","4/17",0.382258874519577,0.999996292850528,0,0,1.36813636077741,1.31567820642656,"DAB2IP;MED9;EMD;TRIM32"
"Peptidyl-Threonine Dephosphorylation (GO:0035970)","4/17",0.382258874519577,0.999996292850528,0,0,1.36813636077741,1.31567820642656,"PPM1A;PPM1B;PPP5C;PGAM5"
"Positive Regulation Of Cartilage Development (GO:0061036)","4/17",0.382258874519577,0.999996292850528,0,0,1.36813636077741,1.31567820642656,"PKDCC;ZBTB16;SOX6;TAPT1"
"Positive Regulation Of Stem Cell Differentiation (GO:2000738)","4/17",0.382258874519577,0.999996292850528,0,0,1.36813636077741,1.31567820642656,"MTCH2;TCF15;SOX6;RBM24"
"Postsynaptic Membrane Organization (GO:0001941)","4/17",0.382258874519577,0.999996292850528,0,0,1.36813636077741,1.31567820642656,"CHRNB1;MUSK;DNAJA3;GPHN"
"Regulation Of Protein Sumoylation (GO:0033233)","4/17",0.382258874519577,0.999996292850528,0,0,1.36813636077741,1.31567820642656,"HDAC4;RASD2;RWDD3;PARK7"
"Regulation Of Telomere Maintenance Via Telomere Lengthening (GO:1904356)","4/17",0.382258874519577,0.999996292850528,0,0,1.36813636077741,1.31567820642656,"PARP1;TNIP1;HNRNPA2B1;SMG5"
"Sulfur Amino Acid Metabolic Process (GO:0000096)","4/17",0.382258874519577,0.999996292850528,0,0,1.36813636077741,1.31567820642656,"MPST;MTRR;MTHFD1;TST"
"C4-dicarboxylate Transport (GO:0015740)","3/12",0.383298120708025,0.999996292850528,0,0,1.48210717529519,1.42125512944494,"SLC25A18;SLC25A12;SLC25A11"
"G Protein-Coupled Glutamate Receptor Signaling Pathway (GO:0007216)","3/12",0.383298120708025,0.999996292850528,0,0,1.48210717529519,1.42125512944494,"HOMER1;HOMER2;HOMER3"
"Atrial Cardiac Muscle Tissue Development (GO:0003228)","3/12",0.383298120708025,0.999996292850528,0,0,1.48210717529519,1.42125512944494,"NOG;PROX1;MYH6"
"Axonal Transport Of Mitochondrion (GO:0019896)","3/12",0.383298120708025,0.999996292850528,0,0,1.48210717529519,1.42125512944494,"OPA1;MAPT;TRAK1"
"Biogenic Amine Metabolic Process (GO:0006576)","3/12",0.383298120708025,0.999996292850528,0,0,1.48210717529519,1.42125512944494,"SLC22A3;ODC1;OAZ2"
"Detection Of Calcium Ion (GO:0005513)","3/12",0.383298120708025,0.999996292850528,0,0,1.48210717529519,1.42125512944494,"STIM1;CASQ2;CALM3"
"Exonucleolytic Catabolism Of Deadenylated mRNA (GO:0043928)","3/12",0.383298120708025,0.999996292850528,0,0,1.48210717529519,1.42125512944494,"EXOSC7;EXOSC5;CNOT7"
"Fatty Acid Transmembrane Transport (GO:1902001)","3/12",0.383298120708025,0.999996292850528,0,0,1.48210717529519,1.42125512944494,"CPT2;SLC25A20;CPT1B"
"Lipid Droplet Formation (GO:0140042)","3/12",0.383298120708025,0.999996292850528,0,0,1.48210717529519,1.42125512944494,"PLA2G4C;FITM1;FITM2"
"Negative Regulation Of Cardiac Muscle Hypertrophy (GO:0010614)","3/12",0.383298120708025,0.999996292850528,0,0,1.48210717529519,1.42125512944494,"GSK3A;MLIP;CAV3"
"Negative Regulation Of Locomotion (GO:0040013)","3/12",0.383298120708025,0.999996292850528,0,0,1.48210717529519,1.42125512944494,"DUSP3;SPOCK3;PIN1"
"Negative Regulation Of Mitochondrial Membrane Permeability (GO:0035795)","3/12",0.383298120708025,0.999996292850528,0,0,1.48210717529519,1.42125512944494,"MPV17L;FZD9;SLC25A4"
"Negative Regulation Of Voltage-Gated Calcium Channel Activity (GO:1901386)","3/12",0.383298120708025,0.999996292850528,0,0,1.48210717529519,1.42125512944494,"PPP3CB;PPP3CC;CALM3"
"Positive Regulation Of ERAD Pathway (GO:1904294)","3/12",0.383298120708025,0.999996292850528,0,0,1.48210717529519,1.42125512944494,"BAG6;USP13;SGTA"
"Positive Regulation Of Cell Morphogenesis Involved In Differentiation (GO:0010770)","3/12",0.383298120708025,0.999996292850528,0,0,1.48210717529519,1.42125512944494,"CDKL3;SS18L1;OBSL1"
"Positive Regulation Of Insulin Receptor Signaling Pathway (GO:0046628)","3/12",0.383298120708025,0.999996292850528,0,0,1.48210717529519,1.42125512944494,"GKAP1;IRS1;PTPN11"
"Positive Regulation Of Nuclear-Transcribed mRNA poly(A) Tail Shortening (GO:0060213)","3/12",0.383298120708025,0.999996292850528,0,0,1.48210717529519,1.42125512944494,"CNOT7;CPEB3;TOB1"
"Primary miRNA Processing (GO:0031053)","3/12",0.383298120708025,0.999996292850528,0,0,1.48210717529519,1.42125512944494,"SMAD3;HNRNPA2B1;DROSHA"
"Pyrimidine Deoxyribonucleotide Catabolic Process (GO:0009223)","3/12",0.383298120708025,0.999996292850528,0,0,1.48210717529519,1.42125512944494,"NEIL2;NT5M;UNG"
"Regulation Of Actomyosin Structure Organization (GO:0110020)","3/12",0.383298120708025,0.999996292850528,0,0,1.48210717529519,1.42125512944494,"ROCK2;FHOD1;TSC1"
"Regulation Of Vascular Associated Smooth Muscle Cell Migration (GO:1904752)","3/12",0.383298120708025,0.999996292850528,0,0,1.48210717529519,1.42125512944494,"MEF2C;TPM1;PRKG1"
"Sodium Ion Export Across Plasma Membrane (GO:0036376)","3/12",0.383298120708025,0.999996292850528,0,0,1.48210717529519,1.42125512944494,"ATP1A4;ATP1A2;ATP1B1"
"tRNA 5'-Leader Removal (GO:0001682)","3/12",0.383298120708025,0.999996292850528,0,0,1.48210717529519,1.42125512944494,"POP7;RPP14;RPP25L"
"Very Long-Chain Fatty Acid Biosynthetic Process (GO:0042761)","3/12",0.383298120708025,0.999996292850528,0,0,1.48210717529519,1.42125512944494,"HACD1;TECR;TECRL"
"Post-Translational Protein Modification (GO:0043687)","10/48",0.385135795836499,0.999996292850528,0,0,1.1702372228688,1.11659271820229,"FN3K;PARP6;RPS6KA5;COPS5;PARP1;HLCS;PARP2;SENP8;TTL;UBE2M"
"Establishment Of Protein Localization To Organelle (GO:0072594)","17/85",0.390837319276855,0.999996292850528,0,0,1.11180251641138,1.04449829341568,"IPO13;RPAIN;PEX19;TSC2;SCRIB;IPO7;PHB2;HK1;IPO5;PINK1;LRRC7;FAM53C;KPNA4;NUP88;KPNA5;KPNA3;KPNA1"
"mRNA Transcription (GO:0009299)","9/43",0.39100140741624,0.999996292850528,0,0,1.17708868481891,1.10533820757766,"RXRB;NCOA1;THRB;RXRA;HSF1;TAF8;TAF7;HIPK3;ATF4"
"Positive Regulation Of Biomineral Tissue Development (GO:0070169)","9/43",0.39100140741624,0.999996292850528,0,0,1.17708868481891,1.10533820757766,"RXRB;CEBPB;MEF2C;PKDCC;RXRA;SLC20A2;FZD9;OXSR1;ACVR2B"
"Calcium Ion Transmembrane Transport (GO:0070588)","16/80",0.396563982023168,0.999996292850528,0,0,1.11177194421657,1.02829775403102,"SLC24A3;CACNA2D1;ATP2A2;ATP2A1;GHITM;PKD1;RYR3;CACNB1;SLC8A3;SMDT1;MICU2;CACNA1S;CACNG1;MICU1;SLC25A23;MCU"
"RNA 3'-End Processing (GO:0031123)","8/38",0.397226705027458,0.999996292850528,0,0,1.18577535243292,1.09476485997892,"SUPV3L1;PTCD1;MBLAC1;TUT4;ELAC2;RPRD1B;RPRD1A;RPRD2"
"Positive Regulation Of Bone Mineralization (GO:0030501)","8/38",0.397226705027458,0.999996292850528,0,0,1.18577535243292,1.09476485997892,"RXRB;MEF2C;PKDCC;RXRA;SLC20A2;FZD9;OXSR1;ACVR2B"
"Chordate Embryonic Development (GO:0043009)","12/59",0.398503613366476,0.999996292850528,0,0,1.13537168661045,1.0445859057503,"KIAA1217;TBX1;SIX4;NOG;DVL1;POLR2D;FUZ;PROX1;ZNF358;PKD1;MYH6;BMP5"
"Positive Regulation Of Proteolysis (GO:0045862)","12/59",0.398503613366476,0.999996292850528,0,0,1.13537168661045,1.0445859057503,"ATP5IF1;NDUFA13;PINK1;TNIP1;NRDC;CAPN3;PACSIN3;STUB1;AURKAIP1;FGFR4;TRIM32;MAPK12"
"Monoubiquitinated Protein Deubiquitination (GO:0035520)","7/33",0.403877547996074,0.999996292850528,0,0,1.19714423601494,1.08538309519537,"TADA2B;USP47;KAT2B;TAF6L;USP15;TAF7;SGF29"
"Phosphatidic Acid Metabolic Process (GO:0046473)","7/33",0.403877547996074,0.999996292850528,0,0,1.19714423601494,1.08538309519537,"GNPAT;DGKD;DGKB;GPAT3;AGPAT1;PLA2G6;AGPAT3"
"Positive Regulation Of Small Molecule Metabolic Process (GO:0062013)","7/33",0.403877547996074,0.999996292850528,0,0,1.19714423601494,1.08538309519537,"RPTOR;MLXIPL;PRKAA2;IRS1;AKT2;MLST8;MTOR"
"Protein K63-linked Deubiquitination (GO:0070536)","7/33",0.403877547996074,0.999996292850528,0,0,1.19714423601494,1.08538309519537,"OTUD4;USP13;BABAM1;USP25;ZRANB1;OTUD7B;SPATA2"
"Endoplasmic Reticulum Organization (GO:0007029)","11/54",0.404997770047857,0.999996292850528,0,0,1.13754080245894,1.02819323443319,"RAB10;REEP1;VAPB;ATL2;REEP2;TMCC1;DNM1L;RTN4;SEC31B;GET4;TRDN"
"Negative Regulation Of G2/M Transition Of Mitotic Cell Cycle (GO:0010972)","6/28",0.411041778082514,0.999996292850528,0,0,1.21265835337283,1.07812654474315,"AVEN;BABAM1;USP47;FHL1;VPS4A;NABP2"
"Negative Regulation Of Cation Channel Activity (GO:2001258)","6/28",0.411041778082514,0.999996292850528,0,0,1.21265835337283,1.07812654474315,"PPP3CB;GSTM2;PPP3CC;CASQ2;CALM3;TRDN"
"Primary Neural Tube Formation (GO:0014020)","6/28",0.411041778082514,0.999996292850528,0,0,1.21265835337283,1.07812654474315,"CSRP3;MTHFD1;COBL;TSC2;FUZ;SCRIB"
"Regulation Of Monoatomic Ion Transport (GO:0043269)","6/28",0.411041778082514,0.999996292850528,0,0,1.21265835337283,1.07812654474315,"KCNJ11;KCNJ12;NEDD4;NEDD4L;KCNJ16;KCNJ2"
"Regulation Of Protein Localization To Membrane (GO:1905475)","6/28",0.411041778082514,0.999996292850528,0,0,1.21265835337283,1.07812654474315,"PRKN;GPC1;VPS4A;AKR1B1;ZDHHC7;ZDHHC2"
"Regulation Of Protein Targeting To Membrane (GO:0090313)","6/28",0.411041778082514,0.999996292850528,0,0,1.21265835337283,1.07812654474315,"FIS1;KCNB1;MIEF2;ANK3;MFF;HRAS"
"Transcription By RNA Polymerase III (GO:0006383)","6/28",0.411041778082514,0.999996292850528,0,0,1.21265835337283,1.07812654474315,"SNAPC5;ICE1;GTF3C6;POLR3GL;SNAPC3;ZC3H8"
"Proton Transmembrane Transport (GO:1902600)","10/49",0.411937005742008,0.999996292850528,0,0,1.14016114016114,1.0111916303743,"SLC36A2;ATP5F1B;NNT;COX15;UCP3;ATP1A4;ATP5PO;ATP1A2;ATP1B1;ATP6V1D"
"Calcium Ion Homeostasis (GO:0055074)","20/102",0.411979231433511,0.999996292850528,0,0,1.08464142402169,0.961840860103862,"STOML2;SLC24A3;DMPK;CIB2;ATP2A2;ATP2A1;ATP1B1;TRDN;SLC8A3;CSRP3;JPH2;PLN;STIM1;TMEM203;VAPB;DHRS7C;CASQ2;RGN;TNNI3;TPT1"
"Protein Catabolic Process (GO:0030163)","20/102",0.411979231433511,0.999996292850528,0,0,1.08464142402169,0.961840860103862,"PRKN;HSPA8;ATE1;BNIP3;NGLY1;DAB2IP;USE1;RNF5;CLPX;MTOR;BAG6;RNF123;NEU4;CLPP;DDI2;RAB12;LONP1;CAPN3;SOCS6;SQSTM1"
"Macromolecule Modification (GO:0043412)","16/81",0.41738770829016,0.999996292850528,0,0,1.09460045013778,0.956395905096831,"UBL4A;CDKL3;USP25;USP6;ICMT;PARP1;UBE2D2;MCRS1;ST8SIA2;ARAF;RABGGTB;GNMT;CDC34;AKT2;LCMT1;UBE2M"
"Cellular Lipid Catabolic Process (GO:0044242)","5/23",0.418839564044831,0.999996292850528,0,0,1.23508118260027,1.07485080858209,"ACOT8;FAAH;NUDT19;LPIN1;SIRT2"
"Long-Chain Fatty Acid Transport (GO:0015909)","5/23",0.418839564044831,0.999996292850528,0,0,1.23508118260027,1.07485080858209,"FABP3;CPT2;SPX;SLC25A20;CPT1B"
"Negative Regulation Of Protein Depolymerization (GO:1901880)","5/23",0.418839564044831,0.999996292850528,0,0,1.23508118260027,1.07485080858209,"MID1IP1;FGF13;TRIM54;CLASP1;CLASP2"
"Positive Regulation Of Morphogenesis Of An Epithelium (GO:1905332)","5/23",0.418839564044831,0.999996292850528,0,0,1.23508118260027,1.07485080858209,"GDNF;SIX4;EGF;NOG;SIX1"
"Regulation Of Cell Junction Assembly (GO:1901888)","5/23",0.418839564044831,0.999996292850528,0,0,1.23508118260027,1.07485080858209,"MEF2C;ROCK2;RAPGEF1;PDLIM5;PRKACA"
"Translesion Synthesis (GO:0019985)","5/23",0.418839564044831,0.999996292850528,0,0,1.23508118260027,1.07485080858209,"POLDIP2;USP10;POLD2;REV1;RCHY1"
"Embryonic Organ Morphogenesis (GO:0048562)","9/44",0.419409624487422,0.999996292850528,0,0,1.14338739862757,0.993497557404217,"TBX1;MESP1;HOXA9;POLR2D;HOXA3;SIX1;FUZ;HOXC9;HOXA4"
"Positive Regulation Of Nucleocytoplasmic Transport (GO:0046824)","9/44",0.419409624487422,0.999996292850528,0,0,1.14338739862757,0.993497557404217,"YWHAE;MAVS;SMAD3;XPO4;BAG3;NEDD4;DMAP1;EMD;IPO5"
"Regulation Of DNA-templated Transcription Elongation (GO:0032784)","9/44",0.419409624487422,0.999996292850528,0,0,1.14338739862757,0.993497557404217,"INTS11;TSFM;INTS1;PARP1;DDX39B;TCEA2;KAT7;HTATSF1;THOC5"
"Response To Light Stimulus (GO:0009416)","12/60",0.422800123444612,0.999996292850528,0,0,1.11164982245288,0.956970122765688,"ZRANB3;COPS3;FECH;UBE2B;CRY2;CIRBP;REV1;UBE4B;MAP2K7;CPT1B;TRIM32;MAP4K3"
"Membrane Organization (GO:0061024)","32/167",0.425890722785251,0.999996292850528,0,0,1.0541344970348,0.899780202055878,"UBXN2A;SAR1B;USO1;VPS4A;TIMM50;SYNGR1;OPA1;MFN2;DNM1L;EMD;SH3GLB1;CHRNB1;HSPA8;CAV3;DMPK;VPS37A;ANK3;TRDN;CTDNEP1;REEP1;NSFL1C;RABEP1;BIN1;VAPB;CPTP;EXOC4;EXOC3;PICK1;UBAP1;EXOC6;TMCC1;CHMP6"
"Actin Filament Capping (GO:0051693)","4/18",0.427437599601238,0.999996292850528,0,0,1.27033446248491,1.07971692359729,"SVIL;AVIL;FLII;TWF2"
"Autophagy Of Nucleus (GO:0044804)","4/18",0.427437599601238,0.999996292850528,0,0,1.27033446248491,1.07971692359729,"ATG9A;ULK2;WIPI1;ULK1"
"Barbed-End Actin Filament Capping (GO:0051016)","4/18",0.427437599601238,0.999996292850528,0,0,1.27033446248491,1.07971692359729,"SVIL;AVIL;FLII;TWF2"
"Cardiac Atrium Morphogenesis (GO:0003209)","4/18",0.427437599601238,0.999996292850528,0,0,1.27033446248491,1.07971692359729,"MESP1;NOG;PROX1;MYH6"
"Energy Reserve Metabolic Process (GO:0006112)","4/18",0.427437599601238,0.999996292850528,0,0,1.27033446248491,1.07971692359729,"UGP2;PPP1R3C;GBE1;PYGM"
"Intracellular Lipid Transport (GO:0032365)","4/18",0.427437599601238,0.999996292850528,0,0,1.27033446248491,1.07971692359729,"FABP3;CPT2;SLC25A20;CPT1B"
"Negative Regulation Of Amyloid Precursor Protein Catabolic Process (GO:1902992)","4/18",0.427437599601238,0.999996292850528,0,0,1.27033446248491,1.07971692359729,"RTN2;BIN1;PIN1;RTN4"
"Positive Regulation Of DNA Replication (GO:0045740)","4/18",0.427437599601238,0.999996292850528,0,0,1.27033446248491,1.07971692359729,"BRPF3;EGF;FAF1;KAT7"
"Positive Regulation Of Cyclin-Dependent Protein Kinase Activity (GO:1904031)","4/18",0.427437599601238,0.999996292850528,0,0,1.27033446248491,1.07971692359729,"HSP90AB1;MAPRE3;PROX1;PKD1"
"Positive Regulation Of Phosphoprotein Phosphatase Activity (GO:0032516)","4/18",0.427437599601238,0.999996292850528,0,0,1.27033446248491,1.07971692359729,"PTPA;HSP90AB1;CALM3;MTOR"
"Regulation Of Oxidative Stress-Induced Intrinsic Apoptotic Signaling Pathway (GO:1902175)","4/18",0.427437599601238,0.999996292850528,0,0,1.27033446248491,1.07971692359729,"HSPB1;PARK7;NOL3;SOD1"
"Regulation Of Protein Deacetylation (GO:0090311)","4/18",0.427437599601238,0.999996292850528,0,0,1.27033446248491,1.07971692359729,"KAT2B;DYRK1A;SGF29;KAT14"
"Anterograde Axonal Transport (GO:0008089)","8/39",0.427535902906364,0.999996292850528,0,0,1.14745412137482,0.975011285958728,"RAB21;SNAPIN;HSPB1;KIF1C;AP3S2;KIF1B;TRAK1;SOD1"
"Histone H4 Acetylation (GO:0043967)","8/39",0.427535902906364,0.999996292850528,0,0,1.14745412137482,0.975011285958728,"VPS72;KANSL2;RUVBL2;MCRS1;KANSL3;KAT8;KAT7;DMAP1"
"Internal Peptidyl-Lysine Acetylation (GO:0018393)","8/39",0.427535902906364,0.999996292850528,0,0,1.14745412137482,0.975011285958728,"BAG6;KAT2B;TAF6L;VPS72;RUVBL2;KAT7;DMAP1;KAT14"
"Organelle Transport Along Microtubule (GO:0072384)","8/39",0.427535902906364,0.999996292850528,0,0,1.14745412137482,0.975011285958728,"TMEM201;SNAPIN;UBB;MAPT;TRAK1;DYNC1I1;LRPPRC;PEX14"
"Glucose Homeostasis (GO:0042593)","17/87",0.431179818785229,0.999996292850528,0,0,1.07990387621132,0.908447605742244,"PRKAA2;CAV3;IRS1;KCNB1;FOXK2;PARK7;SLC2A4;HK1;MLXIPL;STK11;CRY2;POLR2D;PDK4;FGFR4;PPARGC1A;PDK2;MCU"
"Glial Cell Differentiation (GO:0010001)","7/34",0.43648610058775,0.999996292850528,0,0,1.1527348406781,0.955615738635673,"EIF2B5;SLC8A3;METRN;GPC1;PICK1;HAPLN2;GPR157"
"Negative Regulation Of Ras Protein Signal Transduction (GO:0046580)","7/34",0.43648610058775,0.999996292850528,0,0,1.1527348406781,0.955615738635673,"CUL3;MAPKAP1;DAB2IP;SPRY3;MFN2;SPRY2;ARHGAP35"
"Transcription Initiation-Coupled Chromatin Remodeling (GO:0045815)","7/34",0.43648610058775,0.999996292850528,0,0,1.1527348406781,0.955615738635673,"N6AMT1;KAT2B;VPS72;USP21;PADI2;KAT7;SGF29"
"ERBB2 Signaling Pathway (GO:0038128)","3/13",0.437053535702597,0.999996292850528,0,0,1.33381471389646,1.10399788390702,"CUL5;EGF;STUB1"
"GTP Metabolic Process (GO:0046039)","3/13",0.437053535702597,0.999996292850528,0,0,1.33381471389646,1.10399788390702,"OPA1;IMPDH2;RHOQ"
"Cellular Response To Arsenic-Containing Substance (GO:0071243)","3/13",0.437053535702597,0.999996292850528,0,0,1.33381471389646,1.10399788390702,"HSF1;MKNK2;PPIF"
"Cytoplasmic Sequestering Of Protein (GO:0051220)","3/13",0.437053535702597,0.999996292850528,0,0,1.33381471389646,1.10399788390702,"KEAP1;PKD1;GET4"
"Negative Regulation Of Cartilage Development (GO:0061037)","3/13",0.437053535702597,0.999996292850528,0,0,1.33381471389646,1.10399788390702,"CHADL;PTPN11;WNT9A"
"Positive Regulation Of Cardiac Muscle Cell Proliferation (GO:0060045)","3/13",0.437053535702597,0.999996292850528,0,0,1.33381471389646,1.10399788390702,"MEF2C;ERBB4;ZFPM2"
"Positive Regulation Of Glycogen Biosynthetic Process (GO:0045725)","3/13",0.437053535702597,0.999996292850528,0,0,1.33381471389646,1.10399788390702,"EPM2AIP1;IRS1;AKT2"
"Positive Regulation Of Potassium Ion Transmembrane Transporter Activity (GO:1901018)","3/13",0.437053535702597,0.999996292850528,0,0,1.33381471389646,1.10399788390702,"LRRC38;AKAP9;ATP1B1"
"Regulation Of cAMP-dependent Protein Kinase Activity (GO:2000479)","3/13",0.437053535702597,0.999996292850528,0,0,1.33381471389646,1.10399788390702,"PKIA;PRKAR2A;ADRB2"
"Regulation Of Gastrulation (GO:0010470)","3/13",0.437053535702597,0.999996292850528,0,0,1.33381471389646,1.10399788390702,"DAG1;OXSR1;CLASP2"
"Regulation Of Myoblast Fusion (GO:1901739)","3/13",0.437053535702597,0.999996292850528,0,0,1.33381471389646,1.10399788390702,"MYOG;MYOD1;TMEM182"
"Thymus Development (GO:0048538)","3/13",0.437053535702597,0.999996292850528,0,0,1.33381471389646,1.10399788390702,"TBX1;SIX1;SOD1"
"Positive Regulation Of Cold-Induced Thermogenesis (GO:0120162)","19/98",0.437145952321992,0.999996292850528,0,0,1.06944357839164,0.884951891037016,"ACHE;PRKAB2;CEBPB;FH;THRA;ESRRG;ADRB2;OMA1;GADD45G;CNKSR2;HADHA;SLN;CPT2;HSF1;GNAS;MFN2;LPIN1;PPARGC1A;DECR1"
"TOR Signaling (GO:0031929)","6/29",0.446513327482484,0.999996292850528,0,0,1.15986293736143,0.935181283487502,"RPTOR;PINK1;MAPKAP1;MLST8;MTOR;LAMTOR5"
"Lipid Droplet Organization (GO:0034389)","6/29",0.446513327482484,0.999996292850528,0,0,1.15986293736143,0.935181283487502,"PRKAA2;PLA2G4C;FITM1;FITM2;PPID;PLIN5"
"Organic Cyclic Compound Biosynthetic Process (GO:1901362)","6/29",0.446513327482484,0.999996292850528,0,0,1.15986293736143,0.935181283487502,"MOCS2;DHRS11;LIAS;GPHN;CYP17A1;FDFT1"
"Phosphatidic Acid Biosynthetic Process (GO:0006654)","6/29",0.446513327482484,0.999996292850528,0,0,1.15986293736143,0.935181283487502,"GNPAT;DGKD;DGKB;GPAT3;AGPAT1;AGPAT3"
"Regulation Of Monoatomic Ion Transmembrane Transport (GO:0034765)","6/29",0.446513327482484,0.999996292850528,0,0,1.15986293736143,0.935181283487502,"KCNJ11;KCNJ12;NEDD4;NEDD4L;KCNJ16;KCNJ2"
"Response To Steroid Hormone (GO:0048545)","6/29",0.446513327482484,0.999996292850528,0,0,1.15986293736143,0.935181283487502,"HSPA8;URI1;AKR1B1;ATP1A2;UBE3A;NKX3-1"
"Tube Closure (GO:0060606)","6/29",0.446513327482484,0.999996292850528,0,0,1.15986293736143,0.935181283487502,"CSRP3;MTHFD1;COBL;TSC2;FUZ;SCRIB"
"Regulation Of Apoptotic Signaling Pathway (GO:2001233)","9/45",0.447755838455443,0.999996292850528,0,0,1.11155840611354,0.893145180957878,"DEPTOR;CRADD;CSNK2A1;DAPK2;DAB2IP;BCL2;ETFA;TPD52L1;NKX3-1"
"CD40 Signaling Pathway (GO:0023035)","2/8",0.44778396685011,0.999996292850528,0,0,1.4819758467266,1.19068516493849,"RNF31;PHB2"
"Cdc42 Protein Signal Transduction (GO:0032488)","2/8",0.44778396685011,0.999996292850528,0,0,1.4819758467266,1.19068516493849,"RHOBTB1;RHOBTB2"
"Golgi Ribbon Formation (GO:0090161)","2/8",0.44778396685011,0.999996292850528,0,0,1.4819758467266,1.19068516493849,"MYO18A;OPTN"
"Schwann Cell Development (GO:0014044)","2/8",0.44778396685011,0.999996292850528,0,0,1.4819758467266,1.19068516493849,"PARD3;SIRT2"
"Amyloid-Beta Formation (GO:0034205)","2/8",0.44778396685011,0.999996292850528,0,0,1.4819758467266,1.19068516493849,"DYRK1A;PSEN2"
"Autophagosome-Lysosome Fusion (GO:0061909)","2/8",0.44778396685011,0.999996292850528,0,0,1.4819758467266,1.19068516493849,"TOM1;PIP4K2B"
"Commissural Neuron Axon Guidance (GO:0071679)","2/8",0.44778396685011,0.999996292850528,0,0,1.4819758467266,1.19068516493849,"GDNF;NCAM1"
"Dehydroascorbic Acid Transport (GO:0070837)","2/8",0.44778396685011,0.999996292850528,0,0,1.4819758467266,1.19068516493849,"SLC2A4;SLC2A8"
"Embryonic Forelimb Morphogenesis (GO:0035115)","2/8",0.44778396685011,0.999996292850528,0,0,1.4819758467266,1.19068516493849,"OXSR1;ZNF358"
"Endochondral Ossification (GO:0001958)","2/8",0.44778396685011,0.999996292850528,0,0,1.4819758467266,1.19068516493849,"MEF2C;INPPL1"
"Establishment Of Protein Localization To Chromatin (GO:0071169)","2/8",0.44778396685011,0.999996292850528,0,0,1.4819758467266,1.19068516493849,"RUVBL2;SGF29"
"Exonucleolytic Trimming Involved In rRNA Processing (GO:0000459)","2/8",0.44778396685011,0.999996292850528,0,0,1.4819758467266,1.19068516493849,"EXOSC7;ERI3"
"Exonucleolytic Trimming To Generate Mature 3'-End Of 5.8S rRNA From Tricistronic rRNA Transcript (SSU-rRNA, 5.8S rRNA, LSU-rRNA) (GO:0000467)","2/8",0.44778396685011,0.999996292850528,0,0,1.4819758467266,1.19068516493849,"EXOSC7;ERI3"
"Formation Of Translation Preinitiation Complex (GO:0001731)","2/8",0.44778396685011,0.999996292850528,0,0,1.4819758467266,1.19068516493849,"EIF5;EIF2D"
"Isoprenoid Biosynthetic Process (GO:0008299)","2/8",0.44778396685011,0.999996292850528,0,0,1.4819758467266,1.19068516493849,"IDI1;IDI2"
"Isoprenoid Metabolic Process (GO:0006720)","2/8",0.44778396685011,0.999996292850528,0,0,1.4819758467266,1.19068516493849,"PHYH;IDI2"
"Modification-Dependent Macromolecule Catabolic Process (GO:0043632)","2/8",0.44778396685011,0.999996292850528,0,0,1.4819758467266,1.19068516493849,"UBB;TUT4"
"Negative Regulation By Host Of Viral Genome Replication (GO:0044828)","2/8",0.44778396685011,0.999996292850528,0,0,1.4819758467266,1.19068516493849,"PRKN;ZBED1"
"Negative Regulation Of Lipase Activity (GO:0060192)","2/8",0.44778396685011,0.999996292850528,0,0,1.4819758467266,1.19068516493849,"HDAC9;PLIN5"
"Negative Regulation Of Protein-Containing Complex Disassembly (GO:0043242)","2/8",0.44778396685011,0.999996292850528,0,0,1.4819758467266,1.19068516493849,"SLN;UBQLN4"
"Negative Regulation Of Transporter Activity (GO:0032410)","2/8",0.44778396685011,0.999996292850528,0,0,1.4819758467266,1.19068516493849,"PPIF;OXSR1"
"Neuronal Action Potential (GO:0019228)","2/8",0.44778396685011,0.999996292850528,0,0,1.4819758467266,1.19068516493849,"CHRNA1;MYH7B"
"Neuronal Ion Channel Clustering (GO:0045161)","2/8",0.44778396685011,0.999996292850528,0,0,1.4819758467266,1.19068516493849,"SPTBN4;PICK1"
"Nuclear Membrane Disassembly (GO:0051081)","2/8",0.44778396685011,0.999996292850528,0,0,1.4819758467266,1.19068516493849,"CTDNEP1;LPIN1"
"Nucleoside Diphosphate Metabolic Process (GO:0009132)","2/8",0.44778396685011,0.999996292850528,0,0,1.4819758467266,1.19068516493849,"RRM2B;ENTPD5"
"Peripheral Nervous System Axon Ensheathment (GO:0032292)","2/8",0.44778396685011,0.999996292850528,0,0,1.4819758467266,1.19068516493849,"PARD3;SIRT2"
"Positive Regulation Of Calcium Ion Import Across Plasma Membrane (GO:1905665)","2/8",0.44778396685011,0.999996292850528,0,0,1.4819758467266,1.19068516493849,"PPP3CB;PPP3CC"
"Positive Regulation Of Ligase Activity (GO:0051351)","2/8",0.44778396685011,0.999996292850528,0,0,1.4819758467266,1.19068516493849,"MID1IP1;GCLM"
"Positive Regulation Of Mitochondrial Membrane Permeability Involved In Apoptotic Process (GO:1902110)","2/8",0.44778396685011,0.999996292850528,0,0,1.4819758467266,1.19068516493849,"BNIP3;VDAC2"
"Protein Localization To Perinuclear Region Of Cytoplasm (GO:1905719)","2/8",0.44778396685011,0.999996292850528,0,0,1.4819758467266,1.19068516493849,"HOOK2;SQSTM1"
"Pyrimidine-Containing Compound Catabolic Process (GO:0072529)","2/8",0.44778396685011,0.999996292850528,0,0,1.4819758467266,1.19068516493849,"DPYSL5;UPB1"
"Pyrimidine-Containing Compound Metabolic Process (GO:0072527)","2/8",0.44778396685011,0.999996292850528,0,0,1.4819758467266,1.19068516493849,"NT5C3A;SLC19A2"
"Regulation Of Aspartic-Type Endopeptidase Activity Involved In Amyloid Precursor Protein Catabolic Process (GO:1902959)","2/8",0.44778396685011,0.999996292850528,0,0,1.4819758467266,1.19068516493849,"BIN1;ROCK2"
"Regulation Of Intrinsic Apoptotic Signaling Pathway By P53 Class Mediator (GO:1902253)","2/8",0.44778396685011,0.999996292850528,0,0,1.4819758467266,1.19068516493849,"PRKN;UBB"
"Regulation Of miRNA Metabolic Process (GO:2000628)","2/8",0.44778396685011,0.999996292850528,0,0,1.4819758467266,1.19068516493849,"SMAD3;HRAS"
"Regulation Of Mitotic Sister Chromatid Segregation (GO:0033047)","2/8",0.44778396685011,0.999996292850528,0,0,1.4819758467266,1.19068516493849,"LCMT1;CDK5RAP2"
"Regulation Of Necrotic Cell Death (GO:0010939)","2/8",0.44778396685011,0.999996292850528,0,0,1.4819758467266,1.19068516493849,"HEBP2;ATG9A"
"Regulation Of Tumor Necrosis Factor Superfamily Cytokine Production (GO:1903555)","2/8",0.44778396685011,0.999996292850528,0,0,1.4819758467266,1.19068516493849,"MAPKAPK2;PARK7"
"Somite Development (GO:0061053)","2/8",0.44778396685011,0.999996292850528,0,0,1.4819758467266,1.19068516493849,"MTHFD1;PPP2R3A"
"Macroautophagy (GO:0016236)","20/104",0.449101244235833,0.999996292850528,0,0,1.0586862722094,0.847485695887329,"PRKN;GABARAPL2;MTMR3;STX17;VTA1;VPS4A;VPS37A;TMEM74;ATG14;MAP1LC3B;MAP1LC3A;NBR1;TOM1;PLAA;PIP4K2B;ULK1;PGAM5;CHMP6;SQSTM1;UBXN6"
"Negative Regulation Of Protein Kinase Activity (GO:0006469)","17/88",0.451389127023329,0.999996292850528,0,0,1.06462847104509,0.846832636153488,"DUSP3;CAV3;TESK1;DAB2IP;HSPB1;TSC2;PARK7;SLC8A3;DBNDD1;DBNDD2;DEPTOR;SH3BP5L;AKT1S1;DVL1;TAF7;CEP85;YWHAG"
"Cellular Response To Starvation (GO:0009267)","24/126",0.457383888301256,0.999996292850528,0,0,1.0462173359341,0.818384911948718,"SH3GLB1;GABARAPL2;HSPA8;MTMR3;PRKAA2;MIOS;NPRL2;TFEB;WIPI1;ATG14;FOXO3;MTOR;RPTOR;MAP1LC3B;MAP1LC3A;RRAGB;SESN1;RRAGD;PDK4;PICK1;KPTN;PPARA;ATF4;CPEB4"
"Cellular Response To Heat (GO:0034605)","8/40",0.457692879046518,0.999996292850528,0,0,1.11152796725784,0.868722340757713,"YWHAE;HSP90AB1;BAG3;HSF1;STUB1;MAPT;PRKACA;IER5"
"Positive Regulation Of Catalytic Activity (GO:0043085)","8/40",0.457692879046518,0.999996292850528,0,0,1.11152796725784,0.868722340757713,"CHTOP;MID1IP1;FDX1;PSEN2;FDX2;FGFR4;FXN;SOD1"
"Regulation Of Autophagosome Assembly (GO:2000785)","8/40",0.457692879046518,0.999996292850528,0,0,1.11152796725784,0.868722340757713,"SH3GLB1;MOAP1;PINK1;MTMR3;RAB1B;FEZ2;PIP4K2B;WIPI1"
"Regulation Of Cytokine-Mediated Signaling Pathway (GO:0001959)","8/40",0.457692879046518,0.999996292850528,0,0,1.11152796725784,0.868722340757713,"IKBKB;SHARPIN;CDC37;MAPKAPK2;MIB2;SPATA2;PTPN11;ULK1"
"Regulation Of Cytosolic Calcium Ion Concentration (GO:0051480)","8/40",0.457692879046518,0.999996292850528,0,0,1.11152796725784,0.868722340757713,"RYR1;YWHAE;PLN;CAV3;FZD9;HRC;ATP2B2;PRKACA"
"Regulation Of Protein Dephosphorylation (GO:0035304)","8/40",0.457692879046518,0.999996292850528,0,0,1.11152796725784,0.868722340757713,"PTPA;PPP1R2;PPP6R2;ENSA;PIN1;TSC1;CALM3;ARPP19"
"Water-Soluble Vitamin Metabolic Process (GO:0006767)","8/40",0.457692879046518,0.999996292850528,0,0,1.11152796725784,0.868722340757713,"MTRR;FLAD1;HLCS;MMAB;MCCC1;MMACHC;MMADHC;SLC19A2"
"Endosome Transport Via Multivesicular Body Sorting Pathway (GO:0032509)","5/24",0.458018849674645,0.999996292850528,0,0,1.17000516558572,0.913592612408867,"LAPTM4B;VTA1;CHMP6;RILP;UBXN6"
"Multivesicular Body Sorting Pathway (GO:0071985)","5/24",0.458018849674645,0.999996292850528,0,0,1.17000516558572,0.913592612408867,"LAPTM4B;VTA1;VPS4A;CHMP6;RILP"
"Protein K48-linked Deubiquitination (GO:0071108)","5/24",0.458018849674645,0.999996292850528,0,0,1.17000516558572,0.913592612408867,"OTUD4;USP25;MINDY1;OTUD7B;OTUD3"
"Regulation Of Microtubule Depolymerization (GO:0031114)","5/24",0.458018849674645,0.999996292850528,0,0,1.17000516558572,0.913592612408867,"MID1IP1;FGF13;TRIM54;CLASP1;CLASP2"
"Stress Granule Assembly (GO:0034063)","5/24",0.458018849674645,0.999996292850528,0,0,1.17000516558572,0.913592612408867,"CSDE1;OGFOD1;CIRBP;G3BP2;MAPT"
"Potassium Ion Transmembrane Transport (GO:0071805)","26/137",0.460881727788466,0.999996292850528,0,0,1.04149776318682,0.806758565732543,"KCNE2;SLC24A3;KCNC1;KCNE5;LRRC38;HPN;KCNC4;ATP1A4;ATP1A2;GHITM;KCNA7;KCNN2;KCNJ2;CCDC51;KCNJ11;ABCC8;KCNB1;KCNJ12;KCNJ16;ATP1B1;SLC9A2;SLC9A3;KCNS3;KCNQ4;KCNQ5;HCN1"
"Peptidyl-Lysine Modification (GO:0018205)","18/94",0.463684380650213,0.999996292850528,0,0,1.053056375549,0.809327711949746,"HDAC4;LIPT2;SLF2;EYA1;SIRT4;SIRT5;PARK7;HDAC9;PIAS2;SIRT2;SIRT3;GCSH;KAT2B;METTL21EP;METTL21C;NDUFAB1;ZBED1;ETFBKMT"
"SMAD Protein Signal Transduction (GO:0060395)","10/51",0.46542629255507,0.999996292850528,0,0,1.08441035270304,0.829358702510161,"GDF9;JUN;SMAD3;MSTN;ATOH8;GDF1;INHA;BMP5;HIPK2;INHBE"
"Negative Regulation Of Protein Modification Process (GO:0031400)","15/78",0.467270607801629,0.999996292850528,0,0,1.05860605587232,0.805436955094957,"PRKN;PRKAA2;TRAF3IP1;DAB2IP;PARK7;ATG14;CRKL;KLHL31;PTPA;IBTK;ENSA;FXYD1;DMD;MAPT;SNTA1"
"Intrinsic Apoptotic Signaling Pathway (GO:0097193)","20/105",0.467651419036864,0.999996292850528,0,0,1.04616672839407,0.795120286855417,"MOAP1;CEBPB;CUL5;CUL3;BNIP3;CUL2;CUL1;DAB2IP;ATP2A1;HIPK2;BAG6;MLLT11;CUL4A;STK11;AIFM1;BCL2;CYCS;PRODH;PDK2;ATF4"
"ERAD Pathway (GO:0036503)","17/89",0.471554229287802,0.999996292850528,0,0,1.04977738268903,0.789139881437126,"PRKN;USP13;FAF1;SGTA;TMUB1;UBE4B;UBE2G2;RNF5;USP19;ECPAS;BAG6;DNAJB2;NPLOC4;PSMC6;STUB1;UBXN6;GET4"
"Arp2/3 Complex-Mediated Actin Nucleation (GO:0034314)","4/19",0.471697465287642,0.999996292850528,0,0,1.18557281729808,0.890860117716422,"WIPF3;WASH4P;WHAMM;WASHC1"
"N-glycan Processing (GO:0006491)","4/19",0.471697465287642,0.999996292850528,0,0,1.18557281729808,0.890860117716422,"MAN2A2;ST8SIA2;ST8SIA5;GANC"
"Ganglioside Metabolic Process (GO:0001573)","4/19",0.471697465287642,0.999996292850528,0,0,1.18557281729808,0.890860117716422,"NEU3;NEU4;ST8SIA2;B4GALNT1"
"Glycosphingolipid Biosynthetic Process (GO:0006688)","4/19",0.471697465287642,0.999996292850528,0,0,1.18557281729808,0.890860117716422,"ST8SIA2;ST8SIA5;B4GALNT1;LARGE1"
"Inositol Phosphate-Mediated Signaling (GO:0048016)","4/19",0.471697465287642,0.999996292850528,0,0,1.18557281729808,0.890860117716422,"PPP3CB;INPP5A;PPP3CC;GPR62"
"Intrinsic Apoptotic Signaling Pathway In Response To DNA Damage By P53 Class Mediator (GO:0042771)","4/19",0.471697465287642,0.999996292850528,0,0,1.18557281729808,0.890860117716422,"BAG6;CDIP1;USP28;HIPK2"
"Negative Regulation Of RNA Splicing (GO:0033119)","4/19",0.471697465287642,0.999996292850528,0,0,1.18557281729808,0.890860117716422,"PCBP4;RBM20;SAP18;PTBP2"
"Neuron Apoptotic Process (GO:0051402)","4/19",0.471697465287642,0.999996292850528,0,0,1.18557281729808,0.890860117716422,"FAM162A;BNIP3;BCL2;GAPDH"
"Phosphate Ion Transport (GO:0006817)","4/19",0.471697465287642,0.999996292850528,0,0,1.18557281729808,0.890860117716422,"SLC25A3;SLC20A2;SLC37A4;SLC25A11"
"Positive Regulation Of Axon Extension (GO:0045773)","4/19",0.471697465287642,0.999996292850528,0,0,1.18557281729808,0.890860117716422,"GOLGA4;RUFY3;TWF2;MAPT"
"Positive Regulation Of Histone Methylation (GO:0031062)","4/19",0.471697465287642,0.999996292850528,0,0,1.18557281729808,0.890860117716422,"KANSL2;MCRS1;KANSL3;KAT8"
"Purine Ribonucleotide Transport (GO:0015868)","4/19",0.471697465287642,0.999996292850528,0,0,1.18557281729808,0.890860117716422,"SLC25A42;SLC25A23;SLC25A4;SLC25A25"
"Regulation Of Early Endosome To Late Endosome Transport (GO:2000641)","4/19",0.471697465287642,0.999996292850528,0,0,1.18557281729808,0.890860117716422,"RAB21;MAP2K2;RDX;NF2"
"Regulation Of Insulin-Like Growth Factor Receptor Signaling Pathway (GO:0043567)","4/19",0.471697465287642,0.999996292850528,0,0,1.18557281729808,0.890860117716422,"INPPL1;MYORG;BMP5;NKX3-1"
"Regulation Of Megakaryocyte Differentiation (GO:0045652)","4/19",0.471697465287642,0.999996292850528,0,0,1.18557281729808,0.890860117716422,"CNOT4;MEF2C;PRMT1;PITHD1"
"Regulation Of Anatomical Structure Morphogenesis (GO:0022603)","24/127",0.474261872606253,0.999996292850528,0,0,1.03599603029956,0.772848517508198,"EGLN1;TBX1;MTCH2;MEF2C;ZRANB1;SEMA4D;NEDD4L;FITM2;NOL3;ARHGAP35;CAMSAP1;PAK1;BCL6;GDNF;RUFY3;NEDD4;HECW1;DAG1;TNIK;MAPT;PDLIM5;CLASP1;LZTS3;CLASP2"
"Protein Localization To Membrane (GO:0072657)","36/192",0.474414536982925,0.999996292850528,0,0,1.0260569784903,0.765103794764532,"SPTBN4;RAB3A;PLEKHF1;ROCK2;ZDHHC7;ZDHHC2;LIN7B;IKBKB;RAB40B;TMEM88;DVL1;CAPN3;MADCAM1;SCN3B;CLASP2;SH3GLB1;TMEM150A;CAV3;ACTN2;KCNB1;RDX;TTC7B;ANK3;ATP1B1;ANK1;EFR3B;RAB10;RABEP1;PACS2;PRPH2;RAB12;SLMAP;PICK1;TNIK;FGF13;RAMP1"
"Cytoskeleton Organization (GO:0007010)","21/111",0.478473373181137,0.999996292850528,0,0,1.03741328952172,0.764734098886554,"ZRANB1;DST;MAPKAP1;MAST2;TPM1;MICAL3;RANBP9;FITM2;NOL3;ANK1;CAMSAP1;MTOR;CECR2;STRIP2;DES;BIN1;MLST8;PACSIN3;TNIK;BRWD1;OBSL1"
"Endosome To Lysosome Transport (GO:0008333)","11/57",0.481134898362882,0.999996292850528,0,0,1.06315745731722,0.777814069624218,"PLEKHF1;SNAPIN;HOOK2;BIN1;AKTIP;RAB12;KIF13A;ATG14;TRAK1;RILP;UBXN6"
"Potassium Ion Transport (GO:0006813)","23/122",0.481353092416938,0.999996292850528,0,0,1.03291545592915,0.755220472104288,"KCNE2;SLC24A3;KCNC1;KCNJ11;ABCC8;KCNB1;KCNJ12;LRRC38;HPN;KCNC4;ATP1A4;KCNJ16;ATP1A2;KCNA7;SLC9A2;SLC9A3;KCNS3;KCNQ4;KCNQ5;KCNN2;KCNJ2;CCDC51;HCN1"
"Intrinsic Apoptotic Signaling Pathway In Response To Endoplasmic Reticulum Stress (GO:0070059)","6/30",0.481504723029301,0.999996292850528,0,0,1.11146713935097,0.812303798075348,"BAG6;CEBPB;DAB2IP;BCL2;ATP2A1;ATF4"
"Negative Regulation Of Epithelial To Mesenchymal Transition (GO:0010719)","6/30",0.481504723029301,0.999996292850528,0,0,1.11146713935097,0.812303798075348,"HPN;DAB2IP;SPRY2;FUZ;USF3;BMP5"
"Metal Ion Transport (GO:0030001)","32/171",0.484188849682716,0.999996292850528,0,0,1.02354677642121,0.742358275270426,"RYR1;CATSPER3;KCNC1;KCNC4;CAMK2A;PSEN2;ATP1A4;SLC41A1;ATP2A1;ATP1A2;PKD1;RYR3;PANX1;CACNG6;SLN;KCNN2;CACNA1S;SCN5A;SCN3B;CNNM4;KCNJ2;NDUFA9;KCNJ12;CACNA2D1;KCNJ16;ATP2B2;KCNS3;KCNQ4;SCN4A;FGF13;RAMP1;TPT1"
"Response To Calcium Ion (GO:0051592)","20/106",0.486141312724365,0.999996292850528,0,0,1.03393833676048,0.745734157080803,"MEF2A;RYR1;MEF2C;CAMK2D;PRKAA2;HOMER1;RYR3;TTN;STIM1;RASA4;TNNT2;NEDD4;ITPKA;PPIF;CASQ2;CAPN3;CALM3;D2HGDH;SCN5A;SLC25A12"
"Negative Regulation Of mRNA Catabolic Process (GO:1902373)","8/41",0.487534861127123,0.999996292850528,0,0,1.07777915581463,0.774269519599023,"RBM38;GDNF;THRAP3;CSDE1;CIRBP;YBX1;RBM24;PAIP1"
"Response To Amino Acid Starvation (GO:1990928)","8/41",0.487534861127123,0.999996292850528,0,0,1.07777915581463,0.774269519599023,"SH3GLB1;MIOS;RRAGB;NPRL2;SESN1;TFEB;KPTN;MTOR"
"Regulation Of Cell Differentiation (GO:0045595)","36/193",0.488126032405625,0.999996292850528,0,0,1.01945853743111,0.731136949198859,"CASZ1;CEBPB;HSP90AB1;SMARCD3;SRF;PLEKHB1;RORC;AKR1B1;GPS2;SIX1;NREP;NTF4;MTA1;BCL7A;PPP2R1A;BCL7B;CDK5RAP1;DAG1;DPF3;PRKACA;YWHAG;CLASP1;CDK5RAP2;CLASP2;MBD3;TBX1;PHF10;UQCC2;NR1D2;KLHL41;GDNF;BIN1;OCIAD1;TAF8;RAF1;ATF4"
"L-glutamate Transmembrane Transport (GO:0015813)","3/14",0.488917483789253,0.999996292850528,0,0,1.21248451820659,0.867607299445082,"SLC25A18;SLC25A12;SLC1A7"
"RNA Phosphodiester Bond Hydrolysis, Endonucleolytic (GO:0090502)","3/14",0.488917483789253,0.999996292850528,0,0,1.21248451820659,0.867607299445082,"ZC3H12C;POP7;LACTB2"
"Cellular Response To ATP (GO:0071318)","3/14",0.488917483789253,0.999996292850528,0,0,1.21248451820659,0.867607299445082,"P2RY2;PDXP;RYR3"
"Copper Ion Homeostasis (GO:0055070)","3/14",0.488917483789253,0.999996292850528,0,0,1.21248451820659,0.867607299445082,"ANKRD9;COX19;CUTC"
"Embryonic Cranial Skeleton Morphogenesis (GO:0048701)","3/14",0.488917483789253,0.999996292850528,0,0,1.21248451820659,0.867607299445082,"TBX1;MTHFD1;SIX1"
"Establishment Of Protein Localization To Chromosome (GO:0070199)","3/14",0.488917483789253,0.999996292850528,0,0,1.21248451820659,0.867607299445082,"RUVBL2;NABP2;SGF29"
"Establishment Of Spindle Localization (GO:0051293)","3/14",0.488917483789253,0.999996292850528,0,0,1.21248451820659,0.867607299445082,"MAP4;CLASP1;CLASP2"
"Genitalia Development (GO:0048806)","3/14",0.488917483789253,0.999996292850528,0,0,1.21248451820659,0.867607299445082,"DNAJC19;PTPN11;PKD1"
"Medium-Chain Fatty Acid Metabolic Process (GO:0051791)","3/14",0.488917483789253,0.999996292850528,0,0,1.21248451820659,0.867607299445082,"OXSM;ACADM;CRAT"
"Negative Regulation Of Chondrocyte Differentiation (GO:0032331)","3/14",0.488917483789253,0.999996292850528,0,0,1.21248451820659,0.867607299445082,"CHADL;PTPN11;WNT9A"
"Negative Regulation Of Cilium Assembly (GO:1902018)","3/14",0.488917483789253,0.999996292850528,0,0,1.21248451820659,0.867607299445082,"TESK1;EVI5L;MAP4"
"Negative Regulation Of mRNA Splicing, Via Spliceosome (GO:0048025)","3/14",0.488917483789253,0.999996292850528,0,0,1.21248451820659,0.867607299445082,"PCBP4;RBM20;SAP18"
"Negative Regulation Of Smooth Muscle Cell Migration (GO:0014912)","3/14",0.488917483789253,0.999996292850528,0,0,1.21248451820659,0.867607299445082,"MEF2C;TPM1;PRKG1"
"Odontogenesis Of Dentin-Containing Tooth (GO:0042475)","3/14",0.488917483789253,0.999996292850528,0,0,1.21248451820659,0.867607299445082,"TBX1;ROGDI;SCN5A"
"Pathway-Restricted SMAD Protein Phosphorylation (GO:0060389)","3/14",0.488917483789253,0.999996292850528,0,0,1.21248451820659,0.867607299445082,"USP15;AMHR2;AMH"
"Polarized Epithelial Cell Differentiation (GO:0030859)","3/14",0.488917483789253,0.999996292850528,0,0,1.21248451820659,0.867607299445082,"RAB10;SCRIB;ZDHHC7"
"Positive Regulation Of Glycogen Metabolic Process (GO:0070875)","3/14",0.488917483789253,0.999996292850528,0,0,1.21248451820659,0.867607299445082,"EPM2AIP1;IRS1;AKT2"
"Positive Regulation Of Telomerase RNA Localization To Cajal Body (GO:1904874)","3/14",0.488917483789253,0.999996292850528,0,0,1.21248451820659,0.867607299445082,"TNIP1;RUVBL2;CCT7"
"Positive Regulation Of Telomere Maintenance In Response To DNA Damage (GO:1904507)","3/14",0.488917483789253,0.999996292850528,0,0,1.21248451820659,0.867607299445082,"MCRS1;RUVBL2;UCHL5"
"Regulation Of Hemopoiesis (GO:1903706)","3/14",0.488917483789253,0.999996292850528,0,0,1.21248451820659,0.867607299445082,"BRPF3;KAT6B;IL17D"
"Regulation Of Neuron Projection Arborization (GO:0150011)","3/14",0.488917483789253,0.999996292850528,0,0,1.21248451820659,0.867607299445082,"DVL1;SPRY3;DVL3"
"Regulation Of Nuclear-Transcribed mRNA poly(A) Tail Shortening (GO:0060211)","3/14",0.488917483789253,0.999996292850528,0,0,1.21248451820659,0.867607299445082,"CNOT7;CPEB3;TOB1"
"Smooth Muscle Contraction (GO:0006939)","3/14",0.488917483789253,0.999996292850528,0,0,1.21248451820659,0.867607299445082,"SMTN;ROCK2;APBB1"
"tRNA 5'-End Processing (GO:0099116)","3/14",0.488917483789253,0.999996292850528,0,0,1.21248451820659,0.867607299445082,"POP7;RPP14;RPP25L"
"protein-RNA Complex Assembly (GO:0022618)","28/150",0.495189776688586,0.999996292850528,0,0,1.0203512559311,0.717117354347786,"HSP90AB1;TSSC4;CELF1;DDX1;MRPS11;USP39;NOL3;MRPL20;POLR2D;EIF2D;SNRPD3;MDN1;SRPK3;PRMT7;ERAL1;MRPS7;LSM4;WDR77;GCFC2;BOP1;EIF5;DDX39B;EIF3K;TNIP1;EIF3L;EIF3J;EIF3G;EIF3C"
"Regulation Of Cellular Catabolic Process (GO:0031329)","12/63",0.49528893626026,0.999996292850528,0,0,1.04606584507608,0.734980483705822,"RPTOR;PRKN;USP13;OSBPL7;MTMR3;USP10;DAPK2;HSPB1;KEAP1;KAT8;PIP4K2B;MAPT"
"fatty-acyl-CoA Biosynthetic Process (GO:0046949)","5/25",0.496401054693591,0.999996292850528,0,0,1.11143675027263,0.778418180445879,"GCDH;HACD1;TECR;HTD2;ACAT1"
"Inner Ear Morphogenesis (GO:0042472)","5/25",0.496401054693591,0.999996292850528,0,0,1.11143675027263,0.778418180445879,"TBX1;TMIE;HPN;SIX1;SOBP"
"Metanephros Development (GO:0001656)","5/25",0.496401054693591,0.999996292850528,0,0,1.11143675027263,0.778418180445879,"SIX4;GDNF;SIX1;OXSR1;PKD1"
"Negative Regulation Of Lipid Biosynthetic Process (GO:0051055)","5/25",0.496401054693591,0.999996292850528,0,0,1.11143675027263,0.778418180445879,"ACADVL;KLHL25;DCAF5;WDTC1;BMP5"
"Regulation Of Myelination (GO:0031641)","5/25",0.496401054693591,0.999996292850528,0,0,1.11143675027263,0.778418180445879,"RNF10;NSUN5;PARD3;NRDC;SIRT2"
"Calcium Ion Transport (GO:0006816)","21/112",0.49645897601834,0.999996292850528,0,0,1.0259499536608,0.718425995144632,"RYR1;SLC24A3;CACNA2D1;CAMK2A;PSEN2;ATP2A2;ATP2A1;ATP2B2;PKD1;RYR3;CACNB1;PANX1;CACNG6;SLC8A3;SLN;STIM1;CACNA1S;CACNG1;MICU1;RAMP1;TPT1"
"Negative Regulation Of Neuron Apoptotic Process (GO:0043524)","14/74",0.498106378037207,0.999996292850528,0,0,1.03734171449394,0.722966609030846,"PRKN;CNTFR;MEF2C;FZD9;SIX1;PARK7;SOD1;NTF4;PINK1;SIX4;GDNF;BCL2;PPARGC1A;CPEB4"
"Base-Excision Repair (GO:0006284)","7/36",0.500661962385309,0.999996292850528,0,0,1.07310420076378,0.742399381600433,"POLB;USP47;PARG;NEIL2;POLL;UNG;POLG"
"Histone H3 Acetylation (GO:0043966)","7/36",0.500661962385309,0.999996292850528,0,0,1.07310420076378,0.742399381600433,"TADA2B;KAT2B;TAF6L;POLE3;TAF7;SGF29;KAT14"
"Regulation Of Macroautophagy (GO:0016241)","18/96",0.502637150353369,0.999996292850528,0,0,1.02592865410923,0.705722717617155,"EPM2A;SH3GLB1;ATP6V1G2;PRKAA2;BNIP3;TSC2;TSC1;ATG14;MTOR;PINK1;SESN1;NEDD4;EXOC4;ULK1;PRKACA;ATP6V1E2;GAPDH;ATP6V1D"
"Regulation Of Signal Transduction By P53 Class Mediator (GO:1901796)","9/47",0.503715117997781,0.999996292850528,0,0,1.05292605148242,0.722038156883193,"BOP1;STK11;RNF34;USP2;SMYD2;MLF1;MTOR;MAP2K6;HIPK2"
"Negative Regulation Of Translation (GO:0017148)","20/107",0.504532580726037,0.999996292850528,0,0,1.02199105757825,0.699167446271489,"NANOS1;CSNK2A1;CELF1;ROCK2;IFRD2;TSC1;YBX1;MALSU1;TOB1;FXR1;PAIP2B;RIDA;FXR2;SERBP1;CPEB3;PAIP2;GAPDH;RBM24;CPEB4;EIF4G1"
"Regulation Of Protein Binding (GO:0043393)","22/118",0.50625330958291,0.999996292850528,0,0,1.01879051401443,0.693509166567676,"HDAC4;PRKN;HDAC5;CSF3;SNAPIN;PRMT7;AKTIP;AMFR;PARK7;PKD1;PEX14;HIPK2;DNAJB2;BTBD1;DVL1;XIRP1;SYMPK;PIN1;PRKACA;MARK3;NES;GAS8"
"Protein Autophosphorylation (GO:0046777)","30/162",0.511951489137057,0.999996292850528,0,0,1.01034362288823,0.6764507245266,"DDR1;CAMK2B;MYLK2;CAMK2D;CAMK2A;STK11;STK33;PAK1;ERBB4;MKNK2;MAP3K20;EPHB1;MARK3;MAP2K2;MUSK;DAPK2;DYRK1A;LMTK2;OXSR1;MTOR;PINK1;MAPKAPK3;STK25;WNK2;MAPKAPK2;ULK2;MAP3K10;ULK1;TNIK;FGFR4"
"Positive Regulation Of Developmental Process (GO:0051094)","43/233",0.512703375033103,0.999996292850528,0,0,1.00607655502392,0.672117307438931,"PRKN;CAMK2B;CEBPB;HSP90AB1;SMARCD3;SRF;AKR1B1;FOXO6;MIEF2;VLDLR;MFF;RTN4;BCL7A;C1QBP;HMCES;ZNF703;DVL1;BCL7B;DAG1;DPF3;DVL3;SOX6;DNM1L;TAPT1;CLASP1;CLASP2;NCOA1;FIS1;PHF10;ZBTB16;BNIP3;ESRRB;DAB2IP;TET1;COBL;BMP5;PINK1;GDNF;BRMS1L;NEURL1;PGAM5;CPEB3;MCU"
"ER-associated Misfolded Protein Catabolic Process (GO:0071712)","2/9",0.512993494287947,0.999996292850528,0,0,1.27018718138304,0.847839928898811,"BAG6;RNF5"
"ESCRT III Complex Disassembly (GO:1904903)","2/9",0.512993494287947,0.999996292850528,0,0,1.27018718138304,0.847839928898811,"VTA1;VPS4A"
"ESCRT Complex Disassembly (GO:1904896)","2/9",0.512993494287947,0.999996292850528,0,0,1.27018718138304,0.847839928898811,"VTA1;VPS4A"
"NAD Biosynthesis Via Nicotinamide Riboside Salvage Pathway (GO:0034356)","2/9",0.512993494287947,0.999996292850528,0,0,1.27018718138304,0.847839928898811,"NAXD;NUDT12"
"Actin-Mediated Cell Contraction (GO:0070252)","2/9",0.512993494287947,0.999996292850528,0,0,1.27018718138304,0.847839928898811,"CAMK2D;EPDR1"
"Alpha-Linolenic Acid Metabolic Process (GO:0036109)","2/9",0.512993494287947,0.999996292850528,0,0,1.27018718138304,0.847839928898811,"ACOT8;RAPSN"
"Aspartate Transmembrane Transport (GO:0015810)","2/9",0.512993494287947,0.999996292850528,0,0,1.27018718138304,0.847839928898811,"SLC25A18;SLC25A12"
"cAMP Biosynthetic Process (GO:0006171)","2/9",0.512993494287947,0.999996292850528,0,0,1.27018718138304,0.847839928898811,"ADCY9;ADCY2"
"Dicarboxylic Acid Biosynthetic Process (GO:0043650)","2/9",0.512993494287947,0.999996292850528,0,0,1.27018718138304,0.847839928898811,"GOT1;MTHFD1"
"Error-Prone Translesion Synthesis (GO:0042276)","2/9",0.512993494287947,0.999996292850528,0,0,1.27018718138304,0.847839928898811,"POLD2;REV1"
"Forelimb Morphogenesis (GO:0035136)","2/9",0.512993494287947,0.999996292850528,0,0,1.27018718138304,0.847839928898811,"OXSR1;ZNF358"
"Fructose 6-Phosphate Metabolic Process (GO:0006002)","2/9",0.512993494287947,0.999996292850528,0,0,1.27018718138304,0.847839928898811,"PFKM;HK1"
"Glycosphingolipid Catabolic Process (GO:0046479)","2/9",0.512993494287947,0.999996292850528,0,0,1.27018718138304,0.847839928898811,"NEU3;NEU4"
"Histone Methylation (GO:0016571)","2/9",0.512993494287947,0.999996292850528,0,0,1.27018718138304,0.847839928898811,"SMYD2;SMYD1"
"Lipid Phosphorylation (GO:0046834)","2/9",0.512993494287947,0.999996292850528,0,0,1.27018718138304,0.847839928898811,"DGKD;DGKB"
"Muscle Cell Migration (GO:0014812)","2/9",0.512993494287947,0.999996292850528,0,0,1.27018718138304,0.847839928898811,"DDR1;SIX1"
"Myelin Maintenance (GO:0043217)","2/9",0.512993494287947,0.999996292850528,0,0,1.27018718138304,0.847839928898811,"PRDX6;SOD1"
"Necroptotic Process (GO:0070266)","2/9",0.512993494287947,0.999996292850528,0,0,1.27018718138304,0.847839928898811,"PGAM5;DNM1L"
"Negative Regulation Of Delayed Rectifier Potassium Channel Activity (GO:1902260)","2/9",0.512993494287947,0.999996292850528,0,0,1.27018718138304,0.847839928898811,"KCNE2;KCNE5"
"Negative Regulation Of Leukocyte Migration (GO:0002686)","2/9",0.512993494287947,0.999996292850528,0,0,1.27018718138304,0.847839928898811,"HOXA7;BMP5"
"Negative Regulation Of Lymphocyte Apoptotic Process (GO:0070229)","2/9",0.512993494287947,0.999996292850528,0,0,1.27018718138304,0.847839928898811,"BCL6;PRKCQ"
"Negative Regulation Of Protein Localization To Cell Surface (GO:2000009)","2/9",0.512993494287947,0.999996292850528,0,0,1.27018718138304,0.847839928898811,"CAV3;NEDD4L"
"Negative Regulation Of Receptor Binding (GO:1900121)","2/9",0.512993494287947,0.999996292850528,0,0,1.27018718138304,0.847839928898811,"NOG;ATP2A2"
"Negative Regulation Of Transforming Growth Factor Beta Production (GO:0071635)","2/9",0.512993494287947,0.999996292850528,0,0,1.27018718138304,0.847839928898811,"LAPTM4B;HSP90AB1"
"Negative Regulation Of Vascular Endothelial Growth Factor Signaling Pathway (GO:1900747)","2/9",0.512993494287947,0.999996292850528,0,0,1.27018718138304,0.847839928898811,"DAB2IP;SPRY2"
"Nerve Growth Factor Signaling Pathway (GO:0038180)","2/9",0.512993494287947,0.999996292850528,0,0,1.27018718138304,0.847839928898811,"NTF4;RAPGEF1"
"Nuclear mRNA Surveillance (GO:0071028)","2/9",0.512993494287947,0.999996292850528,0,0,1.27018718138304,0.847839928898811,"EXOSC7;EXOSC5"
"Nucleobase-Containing Compound Biosynthetic Process (GO:0034654)","2/9",0.512993494287947,0.999996292850528,0,0,1.27018718138304,0.847839928898811,"POLD2;POLL"
"Oligosaccharide Catabolic Process (GO:0009313)","2/9",0.512993494287947,0.999996292850528,0,0,1.27018718138304,0.847839928898811,"NEU3;NEU4"
"Organic Hydroxy Compound Catabolic Process (GO:1901616)","2/9",0.512993494287947,0.999996292850528,0,0,1.27018718138304,0.847839928898811,"LDHD;PDXP"
"Ornithine Metabolic Process (GO:0006591)","2/9",0.512993494287947,0.999996292850528,0,0,1.27018718138304,0.847839928898811,"ARG2;ODC1"
"Peptidyl-Amino Acid Modification (GO:0018193)","2/9",0.512993494287947,0.999996292850528,0,0,1.27018718138304,0.847839928898811,"METAP1D;PFDN1"
"Peptidyl-Lysine Acetylation (GO:0018394)","2/9",0.512993494287947,0.999996292850528,0,0,1.27018718138304,0.847839928898811,"KAT2B;KAT7"
"Peptidyl-Serine Dephosphorylation (GO:0070262)","2/9",0.512993494287947,0.999996292850528,0,0,1.27018718138304,0.847839928898811,"PPP5C;PPTC7"
"Phosphatidylglycerol Biosynthetic Process (GO:0006655)","2/9",0.512993494287947,0.999996292850528,0,0,1.27018718138304,0.847839928898811,"PLA2G6;CRLS1"
"Piecemeal Microautophagy Of The Nucleus (GO:0034727)","2/9",0.512993494287947,0.999996292850528,0,0,1.27018718138304,0.847839928898811,"ULK2;ULK1"
"Pinocytosis (GO:0006907)","2/9",0.512993494287947,0.999996292850528,0,0,1.27018718138304,0.847839928898811,"MAPKAPK3;MAPKAPK2"
"Positive Regulation Of mRNA 3'-End Processing (GO:0031442)","2/9",0.512993494287947,0.999996292850528,0,0,1.27018718138304,0.847839928898811,"HSF1;CPEB3"
"Positive Regulation Of Protein Kinase A Signaling (GO:0010739)","2/9",0.512993494287947,0.999996292850528,0,0,1.27018718138304,0.847839928898811,"ADRB2;AMH"
"Positive Regulation Of Receptor Recycling (GO:0001921)","2/9",0.512993494287947,0.999996292850528,0,0,1.27018718138304,0.847839928898811,"SCRIB;BVES"
"Protein K6-linked Ubiquitination (GO:0085020)","2/9",0.512993494287947,0.999996292850528,0,0,1.27018718138304,0.847839928898811,"PRKN;UBE2D4"
"Protein Localization To Microtubule (GO:0035372)","2/9",0.512993494287947,0.999996292850528,0,0,1.27018718138304,0.847839928898811,"MAPRE3;MID2"
"Protein Localization To Microtubule Cytoskeleton (GO:0072698)","2/9",0.512993494287947,0.999996292850528,0,0,1.27018718138304,0.847839928898811,"MAPRE3;MID2"
"rRNA 3'-End Processing (GO:0031125)","2/9",0.512993494287947,0.999996292850528,0,0,1.27018718138304,0.847839928898811,"EXOSC7;ERI3"
"Regulation Of Actin Filament Length (GO:0030832)","2/9",0.512993494287947,0.999996292850528,0,0,1.27018718138304,0.847839928898811,"NEB;NAA80"
"Regulation Of Bile Acid Biosynthetic Process (GO:0070857)","2/9",0.512993494287947,0.999996292850528,0,0,1.27018718138304,0.847839928898811,"PROX1;FGFR4"
"Regulation Of Cardiac Muscle Cell Differentiation (GO:2000725)","2/9",0.512993494287947,0.999996292850528,0,0,1.27018718138304,0.847839928898811,"MEF2C;SOX6"
"Regulation Of Cellular Response To Oxidative Stress (GO:1900407)","2/9",0.512993494287947,0.999996292850528,0,0,1.27018718138304,0.847839928898811,"PRKN;PINK1"
"Regulation Of Ceramide Biosynthetic Process (GO:2000303)","2/9",0.512993494287947,0.999996292850528,0,0,1.27018718138304,0.847839928898811,"PLA2G6;SIRT3"
"Regulation Of High Voltage-Gated Calcium Channel Activity (GO:1901841)","2/9",0.512993494287947,0.999996292850528,0,0,1.27018718138304,0.847839928898811,"CALM3;NIPSNAP2"
"Regulation Of Protein Localization To Centrosome (GO:1904779)","2/9",0.512993494287947,0.999996292850528,0,0,1.27018718138304,0.847839928898811,"NSFL1C;MARK4"
"Response To Hydroxyurea (GO:0072710)","2/9",0.512993494287947,0.999996292850528,0,0,1.27018718138304,0.847839928898811,"DDI2;KAT7"
"Toxin Transport (GO:1901998)","2/9",0.512993494287947,0.999996292850528,0,0,1.27018718138304,0.847839928898811,"SLC22A3;RAB40B"
"Adenine Nucleotide Transport (GO:0051503)","4/20",0.514605012190698,0.999996292850528,0,0,1.11140637775961,0.738369094516082,"SLC25A42;SLC25A23;SLC25A4;SLC25A25"
"Ameboidal-Type Cell Migration (GO:0001667)","4/20",0.514605012190698,0.999996292850528,0,0,1.11140637775961,0.738369094516082,"NANOS1;CENPV;AMOTL1;AMOT"
"Negative Regulation Of Phosphoprotein Phosphatase Activity (GO:0032515)","4/20",0.514605012190698,0.999996292850528,0,0,1.11140637775961,0.738369094516082,"IKBKB;PTPA;ROCK2;CRY2"
"Nuclear-Transcribed mRNA poly(A) Tail Shortening (GO:0000289)","4/20",0.514605012190698,0.999996292850528,0,0,1.11140637775961,0.738369094516082,"CNOT4;CNOT7;TUT4;SAMD4A"
"Positive Regulation Of Lipid Storage (GO:0010884)","4/20",0.514605012190698,0.999996292850528,0,0,1.11140637775961,0.738369094516082,"FITM1;FITM2;OSBPL11;PLIN5"
"Receptor Metabolic Process (GO:0043112)","4/20",0.514605012190698,0.999996292850528,0,0,1.11140637775961,0.738369094516082,"SH3GLB1;NEDD4;LMTK2;PLEKHJ1"
"Regulation Of Meiotic Cell Cycle (GO:0051445)","4/20",0.514605012190698,0.999996292850528,0,0,1.11140637775961,0.738369094516082,"ANAPC15;ANAPC16;ANAPC5;ANAPC11"
"Regulation Of Protein Localization To Cell Periphery (GO:1904375)","4/20",0.514605012190698,0.999996292850528,0,0,1.11140637775961,0.738369094516082,"VPS4A;AKR1B1;ZDHHC7;ZDHHC2"
"Organic Cation Transport (GO:0015695)","6/31",0.51578402420606,0.999996292850528,0,0,1.06694300518135,0.706387924106509,"SLC22A3;SLC25A26;SLC22A5;SLC47A1;SLC25A42;SLC19A2"
"Positive Regulation Of Glucose Transmembrane Transport (GO:0010828)","6/31",0.51578402420606,0.999996292850528,0,0,1.06694300518135,0.706387924106509,"IRS1;AKT2;CLTCL1;PTPN11;ARPP19;RHOQ"
"Regulation Of Gluconeogenesis (GO:0006111)","6/31",0.51578402420606,0.999996292850528,0,0,1.06694300518135,0.706387924106509,"SDHAF3;PGPEP1;ARPP19;PPARGC1A;PDK2;GNMT"
"Regulation Of Protein Localization To Cell Surface (GO:2000008)","6/31",0.51578402420606,0.999996292850528,0,0,1.06694300518135,0.706387924106509,"HSP90AB1;CAV3;ACTN2;EGF;NEDD4L;GPD1L"
"Non-Membrane-Bounded Organelle Assembly (GO:0140694)","25/135",0.516741040817053,0.999996292850528,0,0,1.01032944577352,0.667033056829776,"FLII;FITM1;FITM2;LMOD3;LMOD2;FXR1;OGFOD1;G3BP2;CAPN3;MYOZ1;SAC3D1;TMOD1;TMOD4;PLA2G4C;CIRBP;LSM4;KLHL41;CSDE1;TUBGCP5;MAPRE3;TUBGCP4;CEP63;MAPT;ASB2;MYH6"
"Potassium Ion Import Across Plasma Membrane (GO:1990573)","8/42",0.516912813855868,0.999996292850528,0,0,1.04601556857395,0.690245859312975,"KCNE2;KCNJ11;KCNJ12;ATP1A4;KCNJ16;ATP1A2;ATP1B1;KCNJ2"
"Regulation Of Stress Fiber Assembly (GO:0051492)","14/75",0.520030394658696,0.999996292850528,0,0,1.02027338832163,0.667124138085082,"LIMCH1;ROCK2;FHOD1;TPM1;TESK1;ARHGEF10L;TSC1;TMEFF2;PAK1;SYNPO2L;NF2;CLASP1;PFN2;CLASP2"
"Exocytosis (GO:0006887)","16/86",0.520985221343758,0.999996292850528,0,0,1.01610219149186,0.662532773517846,"SNAP47;RPH3AL;RAB3A;STX17;WIPF3;WASH4P;ANK1;RAB10;SYNGR1;COPS5;RAB26;EXOC4;EXOC3;EXOC6;WASHC1;CDK16"
"Positive Regulation Of Protein Transport (GO:0051222)","13/70",0.530819064774569,0.999996292850528,0,0,1.01385293835682,0.642107597804733,"ACHE;MYOM1;ICE1;OAZ2;TTN;CNST;RUFY3;ANKRD1;MYO18A;APBB1;DNM1L;PCNT;PPID"
"Cytoplasmic Microtubule Organization (GO:0031122)","9/48",0.531079564075464,0.999996292850528,0,0,1.02586496472959,0.649211903797782,"MAP10;CLIP1;HOOK2;TUBGCP5;SLAIN2;MAPT;TUBGCP4;CLASP1;TRDN"
"Regulation Of Tumor Necrosis Factor-Mediated Signaling Pathway (GO:0010803)","9/48",0.531079564075464,0.999996292850528,0,0,1.02586496472959,0.649211903797782,"PRKN;IKBKB;SHARPIN;PELI3;MAPKAPK2;MIB2;GPS2;SPATA2;ULK1"
"Fc Receptor Signaling Pathway (GO:0038093)","5/26",0.533703551372056,0.999996292850528,0,0,1.05844627927507,0.664614021754333,"IKBKB;MAPK9;MAP2K4;PRKCQ;MAP2K7"
"Nuclear Membrane Organization (GO:0071763)","5/26",0.533703551372056,0.999996292850528,0,0,1.05844627927507,0.664614021754333,"NSFL1C;UBXN2A;VPS4A;CHMP6;EMD"
"L-glutamate Import (GO:0051938)","3/15",0.538314435756741,0.999996292850528,0,0,1.11137602179837,0.688288991891049,"SLC25A18;SLC25A12;SLC1A7"
"Amyloid-Beta Metabolic Process (GO:0050435)","3/15",0.538314435756741,0.999996292850528,0,0,1.11137602179837,0.688288991891049,"DYRK1A;PSEN2;APEH"
"Cellular Response To Sterol (GO:0036315)","3/15",0.538314435756741,0.999996292850528,0,0,1.11137602179837,0.688288991891049,"OSBPL7;MYL1;RORC"
"Ceramide Catabolic Process (GO:0046514)","3/15",0.538314435756741,0.999996292850528,0,0,1.11137602179837,0.688288991891049,"NEU3;NEU4;ASAH2"
"Endosome To Lysosome Transport Via Multivesicular Body Sorting Pathway (GO:0032510)","3/15",0.538314435756741,0.999996292850528,0,0,1.11137602179837,0.688288991891049,"VPS4A;CHMP6;UBXN6"
"Glutamine Family Amino Acid Catabolic Process (GO:0009065)","3/15",0.538314435756741,0.999996292850528,0,0,1.11137602179837,0.688288991891049,"DDAH1;NOS1;PRODH"
"Negative Regulation Of Endoplasmic Reticulum Stress-Induced Intrinsic Apoptotic Signaling Pathway (GO:1902236)","3/15",0.538314435756741,0.999996292850528,0,0,1.11137602179837,0.688288991891049,"PRKN;OPA1;PARK7"
"Negative Regulation Of Epithelial Cell Differentiation (GO:0030857)","3/15",0.538314435756741,0.999996292850528,0,0,1.11137602179837,0.688288991891049,"ZEB1;SPRY2;OXSR1"
"Negative Regulation Of Synaptic Transmission (GO:0050805)","3/15",0.538314435756741,0.999996292850528,0,0,1.11137602179837,0.688288991891049,"ATAD1;PICK1;HCN1"
"Polyol Biosynthetic Process (GO:0046173)","3/15",0.538314435756741,0.999996292850528,0,0,1.11137602179837,0.688288991891049,"PPIP5K1;ITPKA;IP6K3"
"Positive Regulation Of Cyclin-Dependent Protein Serine/Threonine Kinase Activity (GO:0045737)","3/15",0.538314435756741,0.999996292850528,0,0,1.11137602179837,0.688288991891049,"MAPRE3;PROX1;PKD1"
"Positive Regulation Of Muscle Cell Differentiation (GO:0051149)","3/15",0.538314435756741,0.999996292850528,0,0,1.11137602179837,0.688288991891049,"MESP1;MYOD1;MAPK12"
"Regulation Of Amyloid Fibril Formation (GO:1905906)","3/15",0.538314435756741,0.999996292850528,0,0,1.11137602179837,0.688288991891049,"VBP1;PFDN1;CRYAB"
"Regulation Of Dephosphorylation (GO:0035303)","3/15",0.538314435756741,0.999996292850528,0,0,1.11137602179837,0.688288991891049,"IGBP1;MTMR3;SMG5"
"Regulation Of Intrinsic Apoptotic Signaling Pathway In Response To DNA Damage (GO:1902229)","3/15",0.538314435756741,0.999996292850528,0,0,1.11137602179837,0.688288991891049,"TMEM161A;TRIM32;TPT1"
"Regulation Of Multicellular Organism Growth (GO:0040014)","3/15",0.538314435756741,0.999996292850528,0,0,1.11137602179837,0.688288991891049,"BBS2;STAT5B;SOD1"
"Regulation Of Systemic Arterial Blood Pressure (GO:0003073)","3/15",0.538314435756741,0.999996292850528,0,0,1.11137602179837,0.688288991891049,"GSK3A;DDAH1;SPX"
"Regulation Of Telomere Maintenance In Response To DNA Damage (GO:1904505)","3/15",0.538314435756741,0.999996292850528,0,0,1.11137602179837,0.688288991891049,"MCRS1;RUVBL2;UCHL5"
"Vasodilation (GO:0042311)","3/15",0.538314435756741,0.999996292850528,0,0,1.11137602179837,0.688288991891049,"ADRB2;NOS1;SOD1"
"Positive Regulation Of Cell Cycle (GO:0045787)","12/65",0.542444519943987,0.999996292850528,0,0,1.00646797194292,0.615625727127145,"DUSP3;USP2;HSF1;RAD23A;MAPRE3;PROX1;MARK4;PKD1;TTL;TRIM32;USP19;NKX3-1"
"Organelle Disassembly (GO:1903008)","10/54",0.543678463297533,0.999996292850528,0,0,1.01028714665078,0.615666226039983,"HBS1L;PRKAA2;GFM2;ULK2;EIF2D;ULK1;MTIF2;MTIF3;MAP4;MRRF"
"mRNA Destabilization (GO:0061157)","8/43",0.545692549306817,0.999996292850528,0,0,1.01606704346131,0.615431359471672,"FXR1;RIDA;FXR2;CELF1;ROCK2;TUT4;CPEB3;RBM24"
"Regulation Of Cellular Component Size (GO:0032535)","8/43",0.545692549306817,0.999996292850528,0,0,1.01606704346131,0.615431359471672,"RPTOR;SNAPIN;RDX;NEB;DNAJC16;ARHGAP35;MTOR;LAMTOR5"
"Regulation Of Chromosome Organization (GO:0033044)","8/43",0.545692549306817,0.999996292850528,0,0,1.01606704346131,0.615431359471672,"CENPV;SLF2;RUVBL2;MCRS1;SETMAR;MAPT;SMG5;UCHL5"
"Glycosphingolipid Metabolic Process (GO:0006687)","6/32",0.54915007897129,0.999996292850528,0,0,1.02584380440939,0.614873857060989,"NEU3;CPTP;ST8SIA5;B4GALNT1;LARGE1;GBA2"
"Heterochromatin Formation (GO:0031507)","6/32",0.54915007897129,0.999996292850528,0,0,1.02584380440939,0.614873857060989,"HDAC5;CTBP1;SCMH1;POLE3;SIRT2;EZH1"
"Regulation Of Metaphase/Anaphase Transition Of Cell Cycle (GO:1902099)","6/32",0.54915007897129,0.999996292850528,0,0,1.02584380440939,0.614873857060989,"SMARCD3;BCL7A;PHF10;BCL7B;MAP3K20;DPF3"
"Vesicle Budding From Membrane (GO:0006900)","6/32",0.54915007897129,0.999996292850528,0,0,1.02584380440939,0.614873857060989,"VAPB;VPS4A;MYO18A;TRAPPC9;CHMP6;RILP"
"Sodium Ion Transmembrane Transport (GO:0035725)","15/82",0.551765924244594,0.999996292850528,0,0,0.995160882302539,0.591753881721151,"SLC24A3;ATP1A4;ATP1A2;SLC6A1;ATP1B1;SLC9A2;SLC8A3;SLC9A3;SLC6A8;SCN4A;SCN5A;SCN3B;SCN1B;HCN1;SCN2B"
"Cellular Response To Nerve Growth Factor Stimulus (GO:1990090)","4/21",0.555814748880415,0.999996292850528,0,0,1.04596540169625,0.614316635816459,"NTF4;RAPGEF1;TMEM108;MAPT"
"Chaperone-Mediated Protein Complex Assembly (GO:0051131)","4/21",0.555814748880415,0.999996292850528,0,0,1.04596540169625,0.614316635816459,"HSP90AB1;LONP1;PTGES3L;NDUFAF1"
"Plasma Membrane Repair (GO:0001778)","4/21",0.555814748880415,0.999996292850528,0,0,1.04596540169625,0.614316635816459,"TRIM72;RAB3A;VPS4A;CHMP6"
"Positive Regulation Of Dendritic Spine Development (GO:0060999)","4/21",0.555814748880415,0.999996292850528,0,0,1.04596540169625,0.614316635816459,"CAMK2B;NEURL1;FOXO6;CPEB3"
"Protein Mannosylation (GO:0035268)","4/21",0.555814748880415,0.999996292850528,0,0,1.04596540169625,0.614316635816459,"POMT2;FKRP;POMGNT2;LARGE1"
"Regulation Of Cell-Substrate Junction Assembly (GO:0090109)","4/21",0.555814748880415,0.999996292850528,0,0,1.04596540169625,0.614316635816459,"DUSP3;LIMCH1;ROCK2;CLASP1"
"Regulation Of Transferase Activity (GO:0051338)","4/21",0.555814748880415,0.999996292850528,0,0,1.04596540169625,0.614316635816459,"KAT2B;PPP1R3F;FEM1A;NABP2"
"Negative Regulation Of Neuron Death (GO:1901215)","16/88",0.561186134626592,0.999996292850528,0,0,0.987755598091939,0.570629014432103,"PRKN;CNTFR;MEF2C;FZD9;SIX1;PARK7;SOD1;NTF4;PINK1;SIX4;GDNF;BCL2;PPARGC1A;ATF4;CPEB4;EIF4G1"
"mRNA Transcription By RNA Polymerase II (GO:0042789)","7/38",0.562265570098301,0.999996292850528,0,0,1.00374848212872,0.577939300817338,"RXRB;NCOA1;THRB;RXRA;TAF8;TAF7;ATF4"
"Negative Regulation Of Type I Interferon Production (GO:0032480)","7/38",0.562265570098301,0.999996292850528,0,0,1.00374848212872,0.577939300817338,"PPM1B;NPLOC4;TRAF3IP1;CUL3;KLHL22;BANF1;PTPN11"
"Positive Regulation Of Axonogenesis (GO:0050772)","7/38",0.562265570098301,0.999996292850528,0,0,1.00374848212872,0.577939300817338,"GOLGA4;SEMA4D;METRN;RUFY3;NRDC;TWF2;MAPT"
"Positive Regulation Of Response To Stimulus (GO:0048584)","14/77",0.563002845787402,0.999996292850528,0,0,0.987762290850566,0.567440392099832,"TMEM161A;EYA1;HOMER1;MCRS1;CEBPG;EYA4;UCHL5;BABAM1;MAVS;C8G;RUVBL2;VDAC1;ECHDC3;IER5"
"Regulation Of Cell Cycle (GO:0051726)","54/298",0.567504835963442,0.999996292850528,0,0,0.9835182257575,0.557168984008197,"YWHAE;HSP90AB1;ETFA;SGF29;NUDT6;PKD1;STK11;VPS72;AKT2;RUVBL2;KAT7;PRKACA;HRAS;TMEM8B;TSPYL2;MYOG;TSC2;TSC1;RAD23A;PROX1;SIRT2;UCHL5;KAT2B;PPM1A;BIN1;ANAPC5;ANAPC15;ASAH2;ANAPC16;CTBP1;ANAPC11;TBRG4;ZNF703;RPRD1B;DMAP1;HOXC9;MARK4;KAT14;MAP2K6;NEK9;ZBTB17;JUN;MCRS1;FZD9;DAB2IP;PPP2R3B;YY1AP1;MAPK12;GADD45G;HIPK2;BOP1;NF2;INHA;TRIM32"
"Cellular Response To Organonitrogen Compound (GO:0071417)","19/105",0.568323711245777,0.999996292850528,0,0,0.981972607273329,0.554877475836777,"MEF2C;ROCK2;CIB2;PDXP;AKAP6;RYR3;MTOR;IPO5;RPTOR;RRAGB;P2RY2;AKAP9;RRAGD;NEURL1;RAPGEF1;CPEB3;CPEB4;HCN1;LAMTOR5"
"Negative Regulation Of MAPK Cascade (GO:0043409)","19/105",0.568323711245777,0.999996292850528,0,0,0.981972607273329,0.554877475836777,"IGBP1;DUSP3;CAV3;DAB2IP;PEBP1;RANBP9;DUSP26;DUSP8;SYNJ2BP;DUSP13;TNIP1;PPP2R1A;WNK2;DAG1;SPRY3;PIN1;SPRY2;C3ORF33;PPEF2"
"Regulation Of Neuron Apoptotic Process (GO:0043523)","19/105",0.568323711245777,0.999996292850528,0,0,0.981972607273329,0.554877475836777,"PRKN;CNTFR;MEF2C;KCNB1;FZD9;SIX1;PARK7;FOXO3;SOD1;NTF4;PINK1;UBB;GDNF;SIX4;AKT1S1;BCL2;PPARGC1A;ATF4;CPEB4"
"Cortical Cytoskeleton Organization (GO:0030865)","5/27",0.569692647087422,0.999996292850528,0,0,1.01027312382274,0.568438537390979,"FHOD3;IKBKB;ROCK2;FHOD1;RHOQ"
"Microtubule Polymerization Or Depolymerization (GO:0031109)","5/27",0.569692647087422,0.999996292850528,0,0,1.01027312382274,0.568438537390979,"PIN1;MAP4;MAPT;FGF13;CKAP5"
"Monoubiquitinated Histone H2A Deubiquitination (GO:0035522)","5/27",0.569692647087422,0.999996292850528,0,0,1.01027312382274,0.568438537390979,"TADA2B;KAT2B;TAF6L;TAF7;SGF29"
"Monoubiquitinated Histone Deubiquitination (GO:0035521)","5/27",0.569692647087422,0.999996292850528,0,0,1.01027312382274,0.568438537390979,"TADA2B;KAT2B;TAF6L;TAF7;SGF29"
"Peptidyl-Proline Modification (GO:0018208)","5/27",0.569692647087422,0.999996292850528,0,0,1.01027312382274,0.568438537390979,"NTMT1;OGFOD1;PPIF;PIN1;PPID"
"Positive Regulation Of TORC1 Signaling (GO:1904263)","5/27",0.569692647087422,0.999996292850528,0,0,1.01027312382274,0.568438537390979,"MIOS;RRAGB;RRAGD;KLHL22;LAMTOR5"
"Regulation Of Actin Polymerization Or Depolymerization (GO:0008064)","5/27",0.569692647087422,0.999996292850528,0,0,1.01027312382274,0.568438537390979,"HAX1;GBA2;ARHGAP35;NAA80;PFN2"
"Regulation Of Chromatin Organization (GO:1902275)","5/27",0.569692647087422,0.999996292850528,0,0,1.01027312382274,0.568438537390979,"KANSL2;MCRS1;KANSL3;TLK2;KAT8"
"Epigenetic Regulation Of Gene Expression (GO:0040029)","15/83",0.572207091701646,0.999996292850528,0,0,0.980465860483067,0.547349287222733,"N6AMT1;HDAC4;HDAC5;PRMT7;USP21;DNMT3A;SGF29;HDAC9;SIRT2;ZDBF2;KAT2B;MTA1;VPS72;PADI2;KAT7"
"Actin Filament Organization (GO:0007015)","26/144",0.572364156726008,0.999996292850528,0,0,0.979291082059552,0.546424693558608,"AVIL;FLII;INPPL1;PPP1R9A;LMOD3;LMOD2;TTN;NRAP;XIRP1;XIRP2;WHAMM;GAS2L2;SVIL;TPM3;TPM2;TPM1;COBL;NEB;PROX1;ACTA1;ACTC1;RUFY3;CORO6;TCAP;ALDOA;MCU"
"CRD-mediated mRNA Stabilization (GO:0070934)","2/10",0.572882785136251,0.999996292850528,0,0,1.11134568237537,0.619101947648421,"YBX1;PAIP1"
"Alpha-Amino Acid Biosynthetic Process (GO:1901607)","2/10",0.572882785136251,0.999996292850528,0,0,1.11134568237537,0.619101947648421,"MTHFD1;BCAT2"
"Arginine Metabolic Process (GO:0006525)","2/10",0.572882785136251,0.999996292850528,0,0,1.11134568237537,0.619101947648421,"DDAH1;NOS1"
"Aromatic Amino Acid Family Catabolic Process (GO:0009074)","2/10",0.572882785136251,0.999996292850528,0,0,1.11134568237537,0.619101947648421,"GSTZ1;QDPR"
"calcineurin-NFAT Signaling Cascade (GO:0033173)","2/10",0.572882785136251,0.999996292850528,0,0,1.11134568237537,0.619101947648421,"PPP3CB;PPP3CC"
"Cellular Response To Cholesterol (GO:0071397)","2/10",0.572882785136251,0.999996292850528,0,0,1.11134568237537,0.619101947648421,"OSBPL7;MYL1"
"Coenzyme A Biosynthetic Process (GO:0015937)","2/10",0.572882785136251,0.999996292850528,0,0,1.11134568237537,0.619101947648421,"PANK4;PANK1"
"Columnar/Cuboidal Epithelial Cell Differentiation (GO:0002065)","2/10",0.572882785136251,0.999996292850528,0,0,1.11134568237537,0.619101947648421,"ENAM;ROS1"
"Copper Ion Transport (GO:0006825)","2/10",0.572882785136251,0.999996292850528,0,0,1.11134568237537,0.619101947648421,"COX17;CUTC"
"Embryonic Appendage Morphogenesis (GO:0035113)","2/10",0.572882785136251,0.999996292850528,0,0,1.11134568237537,0.619101947648421,"FBXW4;MYH3"
"Epithelial Cell Apoptotic Process (GO:1904019)","2/10",0.572882785136251,0.999996292850528,0,0,1.11134568237537,0.619101947648421,"COL4A3;DAB2IP"
"Fatty Acid Homeostasis (GO:0055089)","2/10",0.572882785136251,0.999996292850528,0,0,1.11134568237537,0.619101947648421,"MLXIPL;PRKAA2"
"Insulin-Like Growth Factor Receptor Signaling Pathway (GO:0048009)","2/10",0.572882785136251,0.999996292850528,0,0,1.11134568237537,0.619101947648421,"IRS1;TSC2"
"Lipoprotein Catabolic Process (GO:0042159)","2/10",0.572882785136251,0.999996292850528,0,0,1.11134568237537,0.619101947648421,"NOTUM;LYPLAL1"
"Maintenance Of Synapse Structure (GO:0099558)","2/10",0.572882785136251,0.999996292850528,0,0,1.11134568237537,0.619101947648421,"RAB3A;CHCHD10"
"Mesonephros Development (GO:0001823)","2/10",0.572882785136251,0.999996292850528,0,0,1.11134568237537,0.619101947648421,"ZBTB16;OXSR1"
"Mitochondrial Respirasome Assembly (GO:0097250)","2/10",0.572882785136251,0.999996292850528,0,0,1.11134568237537,0.619101947648421,"HIGD1A;HIGD2A"
"Negative Regulation Of Autophagosome Assembly (GO:1902902)","2/10",0.572882785136251,0.999996292850528,0,0,1.11134568237537,0.619101947648421,"PINK1;FEZ2"
"Negative Regulation Of Centrosome Duplication (GO:0010826)","2/10",0.572882785136251,0.999996292850528,0,0,1.11134568237537,0.619101947648421,"KAT2B;CDK5RAP2"
"Negative Regulation Of Glycolytic Process (GO:0045820)","2/10",0.572882785136251,0.999996292850528,0,0,1.11134568237537,0.619101947648421,"HDAC4;PPARA"
"Negative Regulation Of Sprouting Angiogenesis (GO:1903671)","2/10",0.572882785136251,0.999996292850528,0,0,1.11134568237537,0.619101947648421,"SYNJ2BP;EPN1"
"Negative Regulation Of Steroid Biosynthetic Process (GO:0010894)","2/10",0.572882785136251,0.999996292850528,0,0,1.11134568237537,0.619101947648421,"PROX1;BMP5"
"Negative Regulation Of Vascular Endothelial Growth Factor Receptor Signaling Pathway (GO:0030948)","2/10",0.572882785136251,0.999996292850528,0,0,1.11134568237537,0.619101947648421,"NEDD4;DAB2IP"
"Neuron Projection Fasciculation (GO:0106030)","2/10",0.572882785136251,0.999996292850528,0,0,1.11134568237537,0.619101947648421,"ARHGAP35;RTN4"
"Nuclear RNA Surveillance (GO:0071027)","2/10",0.572882785136251,0.999996292850528,0,0,1.11134568237537,0.619101947648421,"EXOSC7;EXOSC5"
"Nuclear Pore Complex Assembly (GO:0051292)","2/10",0.572882785136251,0.999996292850528,0,0,1.11134568237537,0.619101947648421,"FXR1;RTN4"
"Nuclear-Transcribed mRNA Catabolic Process, Exonucleolytic, 3'-5' (GO:0034427)","2/10",0.572882785136251,0.999996292850528,0,0,1.11134568237537,0.619101947648421,"EXOSC7;EXOSC5"
"Peptidyl-Proline Hydroxylation (GO:0019511)","2/10",0.572882785136251,0.999996292850528,0,0,1.11134568237537,0.619101947648421,"EGLN1;OGFOD1"
"Positive Regulation Of DNA-templated DNA Replication (GO:2000105)","2/10",0.572882785136251,0.999996292850528,0,0,1.11134568237537,0.619101947648421,"ENDOG;E2F8"
"Positive Regulation Of Actin Filament Depolymerization (GO:0030836)","2/10",0.572882785136251,0.999996292850528,0,0,1.11134568237537,0.619101947648421,"CFL2;PDXP"
"Positive Regulation Of Attachment Of Spindle Microtubules To Kinetochore (GO:0051987)","2/10",0.572882785136251,0.999996292850528,0,0,1.11134568237537,0.619101947648421,"KAT2B;SIRT2"
"Positive Regulation Of Cellular Senescence (GO:2000774)","2/10",0.572882785136251,0.999996292850528,0,0,1.11134568237537,0.619101947648421,"ARG2;YPEL3"
"Positive Regulation Of Mitochondrial Outer Membrane Permeabilization Involved In Apoptotic Signaling Pathway (GO:1901030)","2/10",0.572882785136251,0.999996292850528,0,0,1.11134568237537,0.619101947648421,"GSK3A;CHCHD10"
"Positive Regulation Of Phospholipid Transport (GO:2001140)","2/10",0.572882785136251,0.999996292850528,0,0,1.11134568237537,0.619101947648421,"ABCB4;TRIAP1"
"Positive Regulation Of Transcription From RNA Polymerase II Promoter In Response To Endoplasmic Reticulum Stress (GO:1990440)","2/10",0.572882785136251,0.999996292850528,0,0,1.11134568237537,0.619101947648421,"CEBPB;ATF4"
"Protein auto-ADP-ribosylation (GO:0070213)","2/10",0.572882785136251,0.999996292850528,0,0,1.11134568237537,0.619101947648421,"PARP6;PARP2"
"Protein Oxidation (GO:0018158)","2/10",0.572882785136251,0.999996292850528,0,0,1.11134568237537,0.619101947648421,"CHCHD4;PRDX3"
"Purine Nucleoside Bisphosphate Biosynthetic Process (GO:0034033)","2/10",0.572882785136251,0.999996292850528,0,0,1.11134568237537,0.619101947648421,"PANK4;PANK1"
"Regulation Of Biosynthetic Process (GO:0009889)","2/10",0.572882785136251,0.999996292850528,0,0,1.11134568237537,0.619101947648421,"MID1IP1;SLC25A33"
"Regulation Of Calcium Ion Import Across Plasma Membrane (GO:1905664)","2/10",0.572882785136251,0.999996292850528,0,0,1.11134568237537,0.619101947648421,"PPP3CB;PPP3CC"
"Regulation Of Cardiac Muscle Cell Apoptotic Process (GO:0010665)","2/10",0.572882785136251,0.999996292850528,0,0,1.11134568237537,0.619101947648421,"CAMK2D;CAMK2A"
"Regulation Of Gene Expression By Genomic Imprinting (GO:0006349)","2/10",0.572882785136251,0.999996292850528,0,0,1.11134568237537,0.619101947648421,"PRMT7;DNMT3A"
"Regulation Of mRNA Polyadenylation (GO:1900363)","2/10",0.572882785136251,0.999996292850528,0,0,1.11134568237537,0.619101947648421,"HSF1;CPEB3"
"Regulation Of Mitotic Sister Chromatid Separation (GO:0010965)","2/10",0.572882785136251,0.999996292850528,0,0,1.11134568237537,0.619101947648421,"LCMT1;CDK5RAP2"
"Regulation Of Peroxisome Proliferator Activated Receptor Signaling Pathway (GO:0035358)","2/10",0.572882785136251,0.999996292850528,0,0,1.11134568237537,0.619101947648421,"GPS2;PLIN5"
"Regulation Of Programmed Necrotic Cell Death (GO:0062098)","2/10",0.572882785136251,0.999996292850528,0,0,1.11134568237537,0.619101947648421,"PRKN;SPATA2"
"Removal Of Superoxide Radicals (GO:0019430)","2/10",0.572882785136251,0.999996292850528,0,0,1.11134568237537,0.619101947648421,"PRDX2;SOD1"
"Ribonucleoside Bisphosphate Biosynthetic Process (GO:0034030)","2/10",0.572882785136251,0.999996292850528,0,0,1.11134568237537,0.619101947648421,"PANK4;PANK1"
"Small Nucleolar Ribonucleoprotein Complex Assembly (GO:0000491)","2/10",0.572882785136251,0.999996292850528,0,0,1.11134568237537,0.619101947648421,"TNIP1;RUVBL2"
"Steroid Hormone Mediated Signaling Pathway (GO:0043401)","2/10",0.572882785136251,0.999996292850528,0,0,1.11134568237537,0.619101947648421,"CALCOCO1;ZDHHC7"
"Surfactant Homeostasis (GO:0043129)","2/10",0.572882785136251,0.999996292850528,0,0,1.11134568237537,0.619101947648421,"NKIRAS1;NKIRAS2"
"Nucleobase-Containing Compound Catabolic Process (GO:0034655)","8/44",0.5737554057363,0.999996292850528,0,0,0.987782325299378,0.548764541102331,"EXOSC7;SUPV3L1;EXOSC5;PABPC4;DIS3L;SETMAR;REXO4;DNASE1L1"
"Phosphatidylinositol Phosphate Biosynthetic Process (GO:0046854)","8/44",0.5737554057363,0.999996292850528,0,0,0.987782325299378,0.548764541102331,"TMEM150A;ITPKA;TTC7B;PIP4K2B;SOCS6;SOCS7;EFR3B;IP6K3"
"Regulation Of Insulin Receptor Signaling Pathway (GO:0046626)","8/44",0.5737554057363,0.999996292850528,0,0,0.987782325299378,0.548764541102331,"GSK3A;GRB14;IRS1;GKAP1;TSC2;PIP4K2B;PTPN11;PRKCQ"
"Protein Localization To Nucleus (GO:0034504)","22/122",0.574787278199799,0.999996292850528,0,0,0.977797863599014,0.54146070782861,"IPO13;RPAIN;YWHAE;AKIRIN2;TSC2;ARL2;CHCHD10;SIX1;IPO7;PHB2;IPO5;CTDNEP1;SIX4;DVL1;FAM53C;TAF8;KPNA4;NUP88;KPNA5;KPNA3;KPNA1;SKP1"
"Cellular Response To Hypoxia (GO:0071456)","13/72",0.575033779677927,0.999996292850528,0,0,0.979364638325461,0.541908400344558,"EGLN1;BNIP3;SIRT2;MTOR;HIPK2;RPTOR;SLC8A3;NPEPPS;PINK1;FAM162A;MLST8;STUB1;NKX3-1"
"Protein Targeting To Membrane (GO:0006612)","13/72",0.575033779677927,0.999996292850528,0,0,0.979364638325461,0.541908400344558,"NACA4P;UBL4A;ICMT;PEX19;SGTA;ZDHHC7;VPS37A;ZDHHC2;ZDHHC4;BAG6;PARD3;PEX5;GET4"
"Sodium Ion Transport (GO:0006814)","16/89",0.580831474049534,0.999996292850528,0,0,0.974164765639925,0.529258482091758,"NDUFA9;CATSPER3;SLC24A3;ATP1A4;ATP1A2;SLC6A1;ATP1B1;SLC8A3;SLC6A8;SCN4A;SCN5A;SCN3B;FGF13;SCN1B;HCN1;SCN2B"
"Carboxylic Acid Metabolic Process (GO:0019752)","6/33",0.581432844093838,0.999996292850528,0,0,0.987788988879799,0.535638260602646,"LIPT2;N6AMT1;CYP2J2;GRHPR;SIRT4;AMH"
"Epithelial Tube Morphogenesis (GO:0060562)","6/33",0.581432844093838,0.999996292850528,0,0,0.987788988879799,0.535638260602646,"MESP1;PAK1;MEF2C;SCRIB;PKD1;NKX3-1"
"Glycolipid Metabolic Process (GO:0006664)","6/33",0.581432844093838,0.999996292850528,0,0,0.987788988879799,0.535638260602646,"NEU3;SCCPDH;B3GNT5;CPTP;B4GALNT1;GBA2"
"Negative Regulation Of Small Molecule Metabolic Process (GO:0062014)","6/33",0.581432844093838,0.999996292850528,0,0,0.987788988879799,0.535638260602646,"HDAC4;BCKDK;GSK3A;ACTN3;PGPEP1;PPARA"
"Positive Regulation Of Release Of Sequestered Calcium Ion Into Cytosol (GO:0051281)","6/33",0.581432844093838,0.999996292850528,0,0,0.987788988879799,0.535638260602646,"JPH2;GSTM2;CAPN3;CALM3;CASQ1;TRDN"
"Regulation Of Amyloid-Beta Formation (GO:1902003)","6/33",0.581432844093838,0.999996292850528,0,0,0.987788988879799,0.535638260602646,"RTN2;GSK3A;ROCK2;BIN1;PIN1;RTN4"
"Positive Regulation Of Cell Death (GO:0010942)","9/50",0.58404060922531,0.999996292850528,0,0,0.975702950260944,0.524718179110011,"HEBP2;FAF1;BNIP3;ATG9A;MAP3K20;MAPT;MARK4;PRODH;EIF4G1"
"DNA Repair-Dependent Chromatin Remodeling (GO:0140861)","3/16",0.584844210267296,0.999996292850528,0,0,1.02582267868371,0.550261311700211,"BABAM1;PARP2;HDGFL2"
"Activin Receptor Signaling Pathway (GO:0032924)","3/16",0.584844210267296,0.999996292850528,0,0,1.02582267868371,0.550261311700211,"SMAD3;HJV;ACVR2B"
"Apoptotic Nuclear Changes (GO:0030262)","3/16",0.584844210267296,0.999996292850528,0,0,1.02582267868371,0.550261311700211,"CECR2;ENDOG;BLCAP"
"Cell Communication By Electrical Coupling Involved In Cardiac Conduction (GO:0086064)","3/16",0.584844210267296,0.999996292850528,0,0,1.02582267868371,0.550261311700211,"ATP1A2;ATP1B1;PRKACA"
"Extrinsic Apoptotic Signaling Pathway In Absence Of Ligand (GO:0097192)","3/16",0.584844210267296,0.999996292850528,0,0,1.02582267868371,0.550261311700211,"MOAP1;GSK3A;BCL2"
"Mesonephric Tubule Development (GO:0072164)","3/16",0.584844210267296,0.999996292850528,0,0,1.02582267868371,0.550261311700211,"SIX1;OXSR1;PKD1"
"Negative Regulation Of Intrinsic Apoptotic Signaling Pathway By P53 Class Mediator (GO:1902254)","3/16",0.584844210267296,0.999996292850528,0,0,1.02582267868371,0.550261311700211,"PRKN;BCL2;TRIAP1"
"Oligodendrocyte Development (GO:0014003)","3/16",0.584844210267296,0.999996292850528,0,0,1.02582267868371,0.550261311700211,"EIF2B5;EIF2B3;NSUN5"
"Phosphatidylinositol Dephosphorylation (GO:0046856)","3/16",0.584844210267296,0.999996292850528,0,0,1.02582267868371,0.550261311700211,"MTMR3;INPP5J;PMPCA"
"Positive Regulation Of Cardiac Muscle Tissue Growth (GO:0055023)","3/16",0.584844210267296,0.999996292850528,0,0,1.02582267868371,0.550261311700211,"MEF2C;ERBB4;ZFPM2"
"Positive Regulation Of Telomere Capping (GO:1904355)","3/16",0.584844210267296,0.999996292850528,0,0,1.02582267868371,0.550261311700211,"NABP2;PRKCQ;MAP2K7"
"Regulation Of DNA Strand Elongation (GO:0060382)","3/16",0.584844210267296,0.999996292850528,0,0,1.02582267868371,0.550261311700211,"MCRS1;RUVBL2;UCHL5"
"Regulation Of Autophagosome Maturation (GO:1901096)","3/16",0.584844210267296,0.999996292850528,0,0,1.02582267868371,0.550261311700211,"FYCO1;TOM1;UBQLN4"
"Regulation Of Triglyceride Biosynthetic Process (GO:0010866)","3/16",0.584844210267296,0.999996292850528,0,0,1.02582267868371,0.550261311700211,"CTDNEP1;FITM2;PLIN5"
"RNA Transport (GO:0050658)","7/39",0.591737666790075,0.999996292850528,0,0,0.972321672122204,0.510169279043322,"RBFOX1;DDX39B;TST;HNRNPA2B1;YBX1;NOL3;CKAP5"
"Heterochromatin Organization (GO:0070828)","7/39",0.591737666790075,0.999996292850528,0,0,0.972321672122204,0.510169279043322,"HDAC5;CTBP1;SETD7;SCMH1;POLE3;SIRT2;EZH1"
"Neuron Projection Extension (GO:1990138)","7/39",0.591737666790075,0.999996292850528,0,0,0.972321672122204,0.510169279043322,"CDKL3;PPP3CB;HSP90AB1;FLRT3;TMEM108;ULK2;ULK1"
"Cellular Response To Interferon-Beta (GO:0035458)","4/22",0.595063587341971,0.999996292850528,0,0,0.987795645195482,0.51275188762398,"NDUFA13;CDC34;CAMK2A;UBE2G2"
"Negative Regulation Of Myeloid Cell Differentiation (GO:0045638)","4/22",0.595063587341971,0.999996292850528,0,0,0.987795645195482,0.51275188762398,"HSPA9;HOXA9;PRMT1;ZBTB16"
"Oxoacid Metabolic Process (GO:0043436)","4/22",0.595063587341971,0.999996292850528,0,0,0.987795645195482,0.51275188762398,"LIPT2;THAP4;GRHPR;AMH"
"Positive Regulation Of Cilium Assembly (GO:0045724)","4/22",0.595063587341971,0.999996292850528,0,0,0.987795645195482,0.51275188762398,"FUZ;MARK4;ARHGAP35;TAPT1"
"rRNA Methylation (GO:0031167)","4/22",0.595063587341971,0.999996292850528,0,0,0.987795645195482,0.51275188762398,"NSUN5;METTL5;TFB2M;MRM3"
"Regulation Of Histone Acetylation (GO:0035065)","4/22",0.595063587341971,0.999996292850528,0,0,0.987795645195482,0.51275188762398,"CTBP1;THAP7;NOS1;PPARGC1A"
"Ubiquitin-Dependent ERAD Pathway (GO:0030433)","13/73",0.596497855783994,0.999996292850528,0,0,0.962982695810565,0.497553545002427,"FAF1;SGTA;TMUB1;UBE4B;UBE2G2;RNF5;USP19;ECPAS;BAG6;DNAJB2;NPLOC4;PSMC6;STUB1"
"Regulation Of DNA Repair (GO:0006282)","23/129",0.5984048871274,0.999996292850528,0,0,0.964287929697596,0.495149977045096,"TMEM161A;PARG;SMARCD3;PHF10;PARP1;EYA1;MCRS1;CEBPG;EYA4;SGF29;UCHL5;TADA2B;BABAM1;KAT2B;TAF6L;BCL7A;VPS72;RUVBL2;BCL7B;DPF3;TAF7;KAT7;DMAP1"
"Hexose Metabolic Process (GO:0019318)","8/45",0.600998538676271,0.999996292850528,0,0,0.961026510821872,0.489318925999071,"GALT;KCNJ11;DCXR;OMA1;SLC37A4;ALDOA;PGM1;HK1"
"Regulation Of Stem Cell Differentiation (GO:2000736)","8/45",0.600998538676271,0.999996292850528,0,0,0.961026510821872,0.489318925999071,"MBD3;MTCH2;MTA1;TCF15;GDNF;ESRRB;OCIAD1;RBM24"
"Endomembrane System Organization (GO:0010256)","35/196",0.602279411032251,0.999996292850528,0,0,0.966010947247652,0.489800204732853,"PLEKHF1;STX17;UBXN2A;RAB1B;ATL2;VPS4A;LAPTM4B;SYNGR1;VPS51;FAM174B;MYO18A;DYM;TMED1;DNM1L;SEC31B;CLASP1;PLEKHJ1;CLASP2;DMPK;CAV3;COG4;AKTIP;ANK3;TJAP1;CTDNEP1;NSFL1C;NPLOC4;HOOK2;ALS2;VAPB;PLEKHM2;TMCC1;OBSL1;SQSTM1;OPTN"
"Cell-Substrate Junction Assembly (GO:0007044)","5/28",0.604181943225871,0.999996292850528,0,0,0.966288938409748,0.48689356969688,"ACTN3;DST;ACTN2;WHAMM;PLEC"
"Membrane Fusion (GO:0061025)","5/28",0.604181943225871,0.999996292850528,0,0,0.966288938409748,0.48689356969688,"NSFL1C;RABEP1;UBXN2A;USO1;DNM1L"
"Protein Depolymerization (GO:0051261)","5/28",0.604181943225871,0.999996292850528,0,0,0.966288938409748,0.48689356969688,"CFL2;VPS4A;TWF2;MICAL3;CKAP5"
"Vascular Endothelial Growth Factor Receptor Signaling Pathway (GO:0048010)","5/28",0.604181943225871,0.999996292850528,0,0,0.966288938409748,0.48689356969688,"MAPKAPK3;MAPKAPK2;DAB2IP;VEGFB;HSPB1"
"Vesicle Coating (GO:0006901)","5/28",0.604181943225871,0.999996292850528,0,0,0.966288938409748,0.48689356969688,"PPP6C;CUL3;AP3S2;PREB;TRAPPC9"
"Positive Regulation Of Cytoskeleton Organization (GO:0051495)","14/79",0.604458481823475,0.999996292850528,0,0,0.957251876300797,0.481901934673231,"CSF3;SYNPO2;PDXP;PROX1;MYLK3;LMOD2;SYNPO2L;BIN1;CFL2;CDC42EP3;WHAMM;SYNPO;NES;PFN2"
"Positive Regulation Of Protein Modification By Small Protein Conjugation Or Removal (GO:1903322)","14/79",0.604458481823475,0.999996292850528,0,0,0.957251876300797,0.481901934673231,"HDAC4;GSK3A;RWDD3;CUL3;UBE2D1;DCUN1D2;UBE3A;RCHY1;KLHL40;RASD2;PINK1;UBB;TNIP1;STUB1"
"Positive Regulation Of Cellular Biosynthetic Process (GO:0031328)","31/174",0.605306636063232,0.999996292850528,0,0,0.963322235150901,0.483607137231583,"HSP90AB1;IRS1;PARK7;ARPP19;FXR1;EPM2AIP1;FXR2;AKT2;METTL5;PPARGC1A;ADSL;SMAD3;NSUN5;PRMT1;MID1IP1;CIRBP;SAMD4A;EEF2;SIRT2;MTOR;CTDNEP1;MLXIPL;KAT2B;DDAH1;GUF1;PRR16;CPEB3;FGFR4;EIF3C;EIF4G3;PLIN5"
"Microtubule Bundle Formation (GO:0001578)","9/51",0.609457947100876,0.999996292850528,0,0,0.952413443543356,0.471621163598249,"CLIP1;CFAP46;TOGARAM1;CCSER2;MARK4;GAS2L2;GAS8;CLASP1;CDK5RAP2"
"Regulation Of Protein Ubiquitination (GO:0031396)","20/113",0.610859201663138,0.999996292850528,0,0,0.955702927921961,0.47105525548264,"AMER1;PRKN;GSK3A;HSP90AB1;UBXN1;NXN;CUL3;UBE2D1;UBE3A;PARK7;RCHY1;KLHL40;DNAJB2;SH3RF2;PINK1;UBB;SPRY2;STUB1;WASHC1;SQSTM1"
"Cellular Response To Vascular Endothelial Growth Factor Stimulus (GO:0035924)","6/34",0.612492839702887,0.999996292850528,0,0,0.952452374459465,0.466909323735728,"MAP2K3;MAPKAPK2;DAB2IP;VEGFB;HSPB1;SPRY2"
"Embryonic Limb Morphogenesis (GO:0030326)","6/34",0.612492839702887,0.999996292850528,0,0,0.952452374459465,0.466909323735728,"FBXW4;MYH3;NOG;MAP3K20;OXSR1;ZNF358"
"Histone Deubiquitination (GO:0016578)","6/34",0.612492839702887,0.999996292850528,0,0,0.952452374459465,0.466909323735728,"BABAM1;TADA2B;KAT2B;TAF6L;TAF7;SGF29"
"Membrane Protein Proteolysis (GO:0033619)","6/34",0.612492839702887,0.999996292850528,0,0,0.952452374459465,0.466909323735728,"RET;AFG3L2;CLPP;PSEN2;DAG1;PRKCQ"
"Negative Regulation Of Cell Cycle Process (GO:0010948)","6/34",0.612492839702887,0.999996292850528,0,0,0.952452374459465,0.466909323735728,"TOM1L2;VPS4A;DAB2IP;FOXO4;AURKAIP1;E2F8"
"Negative Regulation Of Mitotic Cell Cycle (GO:0045930)","6/34",0.612492839702887,0.999996292850528,0,0,0.952452374459465,0.466909323735728,"TOM1L2;BCL6;NABP2;SCRIB;AURKAIP1;PTPN3"
"Protein Targeting To Vacuole (GO:0006623)","6/34",0.612492839702887,0.999996292850528,0,0,0.952452374459465,0.466909323735728,"NEDD4;VPS4A;VPS13A;VPS37A;ATG14;SQSTM1"
"Purine Nucleotide Metabolic Process (GO:0006163)","6/34",0.612492839702887,0.999996292850528,0,0,0.952452374459465,0.466909323735728,"NADK2;MDH1;MTHFD1;NMRK2;IDH2;GPD1L"
"Regulation Of Neuronal Synaptic Plasticity (GO:0048168)","6/34",0.612492839702887,0.999996292850528,0,0,0.952452374459465,0.466909323735728,"CAMK2B;SYNGR1;RAB3A;CAMK2A;NOL3;ZDHHC2"
"Regulation Of Protein Kinase Activity (GO:0045859)","21/119",0.617485273579698,0.999996292850528,0,0,0.952257080269128,0.459083194788806,"MAP2K3;TSPYL2;CAV3;PRKAG1;TSC2;HSPB1;PARK7;TTN;SOD1;DBNDD1;DBNDD2;DEPTOR;ALS2;ORC3;DVL1;AKT1S1;TAF7;TAB2;MAPRE3;CEP85;YWHAG"
"Regulation Of Protein-Containing Complex Assembly (GO:0043254)","21/119",0.617485273579698,0.999996292850528,0,0,0.952257080269128,0.459083194788806,"SH3GLB1;HSPA8;SLF2;ICE1;TRAF3IP1;SAR1B;FAF1;DAB2IP;PTPN11;PARK7;MTLN;CHAF1B;PINK1;PEX5;HSF1;PREB;ULK1;RAF1;CRYAB;LCMT1;ANKS1B"
"L-alpha-amino Acid Transmembrane Transport (GO:1902475)","7/40",0.620171390557375,0.999996292850528,0,0,0.942799517267602,0.450431334293726,"SLC25A38;SLC25A18;SLC47A1;SLC43A1;SLC38A3;SLC25A12;SLC1A7"
"Positive Regulation Of Monoatomic Ion Transport (GO:0043270)","7/40",0.620171390557375,0.999996292850528,0,0,0.942799517267602,0.450431334293726,"CAMK2A;FHL1;SCN5A;ANK3;GPD1L;SCN3B;SCN1B"
"Positive Regulation Of Metabolic Process (GO:0009893)","19/108",0.621239962881011,0.999996292850528,0,0,0.948697133509222,0.451615751355088,"ACHE;PRKAB2;CEBPB;FH;THRA;ESRRG;ADRB2;OMA1;GADD45G;CNKSR2;HADHA;SLN;CPT2;HSF1;GNAS;MFN2;LPIN1;PPARGC1A;DECR1"
"Wound Healing (GO:0042060)","14/80",0.624503246235658,0.999996292850528,0,0,0.942690087538407,0.443817316070741,"TRIM72;RAB3A;SMAD3;DST;SRF;NOG;TPM1;VPS4A;PAK1;ANXA6;MYOZ1;CHMP6;RAF1;PLEC"
"AMP Metabolic Process (GO:0046033)","2/11",0.627206236510741,0.999996292850528,0,0,0.987802294258301,0.460789882432056,"NT5C1A;AMPD1"
"Golgi To Lysosome Transport (GO:0090160)","2/11",0.627206236510741,0.999996292850528,0,0,0.987802294258301,0.460789882432056,"CCDC91;ASB15"
"Base-Excision Repair, AP Site Formation (GO:0006285)","2/11",0.627206236510741,0.999996292850528,0,0,0.987802294258301,0.460789882432056,"NEIL2;UNG"
"Brain Morphogenesis (GO:0048854)","2/11",0.627206236510741,0.999996292850528,0,0,0.987802294258301,0.460789882432056,"VPS51;CTNNA2"
"Calcineurin-Mediated Signaling (GO:0097720)","2/11",0.627206236510741,0.999996292850528,0,0,0.987802294258301,0.460789882432056,"PPP3CB;PPP3CC"
"Cell Differentiation In Hindbrain (GO:0021533)","2/11",0.627206236510741,0.999996292850528,0,0,0.987802294258301,0.460789882432056,"NOG;PROX1"
"Cellular Response To UV-B (GO:0071493)","2/11",0.627206236510741,0.999996292850528,0,0,0.987802294258301,0.460789882432056,"STK11;MAP3K20"
"Cellular Response To Acetylcholine (GO:1905145)","2/11",0.627206236510741,0.999996292850528,0,0,0.987802294258301,0.460789882432056,"CHRND;ROCK2"
"Cellular Response To Fluid Shear Stress (GO:0071498)","2/11",0.627206236510741,0.999996292850528,0,0,0.987802294258301,0.460789882432056,"MEF2C;MAP2K5"
"Cellular Response To Superoxide (GO:0071451)","2/11",0.627206236510741,0.999996292850528,0,0,0.987802294258301,0.460789882432056,"PRDX2;SOD1"
"Central Nervous System Projection Neuron Axonogenesis (GO:0021952)","2/11",0.627206236510741,0.999996292850528,0,0,0.987802294258301,0.460789882432056,"SPTBN4;EPHB1"
"Cochlea Morphogenesis (GO:0090103)","2/11",0.627206236510741,0.999996292850528,0,0,0.987802294258301,0.460789882432056,"TBX1;HPN"
"Digestive System Development (GO:0055123)","2/11",0.627206236510741,0.999996292850528,0,0,0.987802294258301,0.460789882432056,"COBL;PKD1"
"Intracellular Copper Ion Homeostasis (GO:0006878)","2/11",0.627206236510741,0.999996292850528,0,0,0.987802294258301,0.460789882432056,"ANKRD9;COX19"
"Intrinsic Apoptotic Signaling Pathway In Response To Oxidative Stress (GO:0008631)","2/11",0.627206236510741,0.999996292850528,0,0,0.987802294258301,0.460789882432056,"STK25;PRODH"
"Lysosomal Membrane Organization (GO:0097212)","2/11",0.627206236510741,0.999996292850528,0,0,0.987802294258301,0.460789882432056,"LAPTM4B;CHMP6"
"Lysosomal Microautophagy (GO:0016237)","2/11",0.627206236510741,0.999996292850528,0,0,0.987802294258301,0.460789882432056,"ULK2;ULK1"
"Negative Regulation Of RNA Metabolic Process (GO:0051253)","2/11",0.627206236510741,0.999996292850528,0,0,0.987802294258301,0.460789882432056,"KAT2B;PTBP2"
"Negative Regulation Of Cell Division (GO:0051782)","2/11",0.627206236510741,0.999996292850528,0,0,0.987802294258301,0.460789882432056,"VPS4A;E2F8"
"Negative Regulation Of Cellular Response To Vascular Endothelial Growth Factor Stimulus (GO:1902548)","2/11",0.627206236510741,0.999996292850528,0,0,0.987802294258301,0.460789882432056,"DAB2IP;SPRY2"
"Negative Regulation Of Voltage-Gated Potassium Channel Activity (GO:1903817)","2/11",0.627206236510741,0.999996292850528,0,0,0.987802294258301,0.460789882432056,"KCNE2;KCNE5"
"Positive Regulation Of Circadian Rhythm (GO:0042753)","2/11",0.627206236510741,0.999996292850528,0,0,0.987802294258301,0.460789882432056,"THRAP3;RORC"
"Positive Regulation Of Lipid Transport (GO:0032370)","2/11",0.627206236510741,0.999996292850528,0,0,0.987802294258301,0.460789882432056,"ABCB4;TRIAP1"
"Positive Regulation Of Metaphase/Anaphase Transition Of Cell Cycle (GO:1902101)","2/11",0.627206236510741,0.999996292850528,0,0,0.987802294258301,0.460789882432056,"CUL3;ANAPC5"
"Positive Regulation Of Mitotic Metaphase/Anaphase Transition (GO:0045842)","2/11",0.627206236510741,0.999996292850528,0,0,0.987802294258301,0.460789882432056,"CUL3;ANAPC5"
"Positive Regulation Of Pseudopodium Assembly (GO:0031274)","2/11",0.627206236510741,0.999996292850528,0,0,0.987802294258301,0.460789882432056,"CDC42EP3;WASHC1"
"Positive Regulation Of Triglyceride Biosynthetic Process (GO:0010867)","2/11",0.627206236510741,0.999996292850528,0,0,0.987802294258301,0.460789882432056,"CTDNEP1;PLIN5"
"Purine Ribonucleoside Monophosphate Metabolic Process (GO:0009167)","2/11",0.627206236510741,0.999996292850528,0,0,0.987802294258301,0.460789882432056,"AMPD1;NT5C2"
"Regulation Of Adipose Tissue Development (GO:1904177)","2/11",0.627206236510741,0.999996292850528,0,0,0.987802294258301,0.460789882432056,"NCOA1;PARP1"
"Regulation Of Amyloid Precursor Protein Catabolic Process (GO:1902991)","2/11",0.627206236510741,0.999996292850528,0,0,0.987802294258301,0.460789882432056,"ROCK2;RANBP9"
"Regulation Of Endosome Size (GO:0051036)","2/11",0.627206236510741,0.999996292850528,0,0,0.987802294258301,0.460789882432056,"SNAPIN;RILP"
"Regulation Of Lipid Kinase Activity (GO:0043550)","2/11",0.627206236510741,0.999996292850528,0,0,0.987802294258301,0.460789882432056,"RBL1;EEF1A2"
"Regulation Of Microtubule-Based Movement (GO:0060632)","2/11",0.627206236510741,0.999996292850528,0,0,0.987802294258301,0.460789882432056,"IGBP1;TTC21B"
"Regulation Of Pseudopodium Assembly (GO:0031272)","2/11",0.627206236510741,0.999996292850528,0,0,0.987802294258301,0.460789882432056,"CDC42EP3;WASHC1"
"Regulation Of Stress-Activated Protein Kinase Signaling Cascade (GO:0070302)","2/11",0.627206236510741,0.999996292850528,0,0,0.987802294258301,0.460789882432056,"MAP2K2;NBR1"
"Regulation Of Epidermal Growth Factor Receptor Signaling Pathway (GO:0042058)","8/46",0.627334870715417,0.999996292850528,0,0,0.93567889710634,0.436283487661095,"NEU3;RNF115;RNF126;DGKD;DUSP3;MVB12B;DAB2IP;PTPN3"
"Golgi To Vacuole Transport (GO:0006896)","3/17",0.628255319653389,0.999996292850528,0,0,0.952491241728299,0.442726154088081,"CCDC91;VPS52;ASB15"
"NAD Biosynthetic Process (GO:0009435)","3/17",0.628255319653389,0.999996292850528,0,0,0.952491241728299,0.442726154088081,"NMNAT1;NAXD;NUDT12"
"Amyloid Precursor Protein Metabolic Process (GO:0042982)","3/17",0.628255319653389,0.999996292850528,0,0,0.952491241728299,0.442726154088081,"ACHE;PSEN2;TMCC2"
"Carbohydrate Derivative Transport (GO:1901264)","3/17",0.628255319653389,0.999996292850528,0,0,0.952491241728299,0.442726154088081,"CPTP;VLDLR;SLC29A2"
"Central Nervous System Neuron Development (GO:0021954)","3/17",0.628255319653389,0.999996292850528,0,0,0.952491241728299,0.442726154088081,"HSP90AB1;MAPT;GBA2"
"Embryonic Digit Morphogenesis (GO:0042733)","3/17",0.628255319653389,0.999996292850528,0,0,0.952491241728299,0.442726154088081,"NOG;MAP3K20;OXSR1"
"Membrane Lipid Metabolic Process (GO:0006643)","3/17",0.628255319653389,0.999996292850528,0,0,0.952491241728299,0.442726154088081,"GAL3ST1;TECR;TEX2"
"Negative Regulation Of Cellular Senescence (GO:2000773)","3/17",0.628255319653389,0.999996292850528,0,0,0.952491241728299,0.442726154088081,"RBL1;YBX1;AMH"
"Negative Regulation Of Vascular Associated Smooth Muscle Cell Proliferation (GO:1904706)","3/17",0.628255319653389,0.999996292850528,0,0,0.952491241728299,0.442726154088081,"MEF2C;TPM1;PRKG1"
"Nuclear Envelope Organization (GO:0006998)","3/17",0.628255319653389,0.999996292850528,0,0,0.952491241728299,0.442726154088081,"DMPK;VPS4A;EMD"
"Nuclear-Transcribed mRNA Catabolic Process, Exonucleolytic (GO:0000291)","3/17",0.628255319653389,0.999996292850528,0,0,0.952491241728299,0.442726154088081,"EXOSC7;EXOSC5;CNOT7"
"Positive Regulation Of Dendrite Extension (GO:1903861)","3/17",0.628255319653389,0.999996292850528,0,0,0.952491241728299,0.442726154088081,"RNF157;NEDD4L;PLAA"
"Positive Regulation Of Dendrite Morphogenesis (GO:0050775)","3/17",0.628255319653389,0.999996292850528,0,0,0.952491241728299,0.442726154088081,"CDKL3;SS18L1;OBSL1"
"Positive Regulation Of Peptidyl-Lysine Acetylation (GO:2000758)","3/17",0.628255319653389,0.999996292850528,0,0,0.952491241728299,0.442726154088081,"PRKAA2;NOS1;PPARGC1A"
"Positive Regulation Of Regulatory T Cell Differentiation (GO:0045591)","3/17",0.628255319653389,0.999996292850528,0,0,0.952491241728299,0.442726154088081,"KLHL25;BCL6;FOXO3"
"rRNA Modification (GO:0000154)","3/17",0.628255319653389,0.999996292850528,0,0,0.952491241728299,0.442726154088081,"TSR3;METTL5;TFB2M"
"Regulation Of Cartilage Development (GO:0061035)","3/17",0.628255319653389,0.999996292850528,0,0,0.952491241728299,0.442726154088081,"ZBTB16;SOX6;TAPT1"
"Regulation Of Delayed Rectifier Potassium Channel Activity (GO:1902259)","3/17",0.628255319653389,0.999996292850528,0,0,0.952491241728299,0.442726154088081,"KCNE2;KCNE5;ANK3"
"Regulation Of Receptor Recycling (GO:0001919)","3/17",0.628255319653389,0.999996292850528,0,0,0.952491241728299,0.442726154088081,"SCRIB;BVES;OPTN"
"Regulation Of Telomerase RNA Localization To Cajal Body (GO:1904872)","3/17",0.628255319653389,0.999996292850528,0,0,0.952491241728299,0.442726154088081,"TNIP1;RUVBL2;CCT7"
"Regulation Of Vacuole Organization (GO:0044088)","3/17",0.628255319653389,0.999996292850528,0,0,0.952491241728299,0.442726154088081,"LAPTM4B;MTMR3;RAB1B"
"Ribosomal Small Subunit Assembly (GO:0000028)","3/17",0.628255319653389,0.999996292850528,0,0,0.952491241728299,0.442726154088081,"MRPS11;ERAL1;MRPS7"
"Triglyceride Biosynthetic Process (GO:0019432)","3/17",0.628255319653389,0.999996292850528,0,0,0.952491241728299,0.442726154088081,"DGAT1;GPAT3;LPIN1"
"Axon Extension (GO:0048675)","4/23",0.632163353270371,0.999996292850528,0,0,0.935749020957955,0.429141470346955,"PPP3CB;HSP90AB1;ULK2;ULK1"
"Cytosolic Pattern Recognition Receptor Signaling Pathway (GO:0002753)","4/23",0.632163353270371,0.999996292850528,0,0,0.935749020957955,0.429141470346955,"MAVS;PHB2;IPO5;MAP2K6"
"Glial Cell Development (GO:0021782)","4/23",0.632163353270371,0.999996292850528,0,0,0.935749020957955,0.429141470346955,"EIF2B5;EIF2B3;NSUN5;PICK1"
"Hepaticobiliary System Development (GO:0061008)","4/23",0.632163353270371,0.999996292850528,0,0,0.935749020957955,0.429141470346955,"CEBPG;COBL;PROX1;GFER"
"Positive Regulation Of mRNA Splicing, Via Spliceosome (GO:0048026)","4/23",0.632163353270371,0.999996292850528,0,0,0.935749020957955,0.429141470346955,"THRAP3;CIRBP;PRDX6;WDR77"
"Positive Regulation Of Neutrophil Migration (GO:1902624)","4/23",0.632163353270371,0.999996292850528,0,0,0.935749020957955,0.429141470346955,"DAPK2;C1QBP;DNM1L;MCU"
"Potassium Ion Homeostasis (GO:0055075)","4/23",0.632163353270371,0.999996292850528,0,0,0.935749020957955,0.429141470346955,"ATP1A4;ATP1A2;ATP1B1;KCNJ2"
"Cell Cycle G1/S Phase Transition (GO:0044843)","9/52",0.63406719747163,0.999996292850528,0,0,0.930207169696354,0.423802703210631,"CUL4A;PPP6C;CDC34;CUL5;CUL3;CAMK2A;CUL2;CUL1;GSPT1"
"Negative Regulation Of Cellular Biosynthetic Process (GO:0031327)","24/137",0.635763127590324,0.999996292850528,0,0,0.943732917492245,0.427444219786556,"NANOS1;ACADVL;CSNK2A1;KLHL25;ROCK2;IFRD2;MPV17L;TSC1;YBX1;PROX1;MALSU1;DCAF5;TOB1;FXR1;PAIP2B;RIDA;FXR2;SERBP1;ANKRD1;CPEB3;PGPEP1;PAIP2;GAPDH;WDTC1"
"Integrated Stress Response Signaling (GO:0140467)","5/29",0.63702954676671,0.999996292850528,0,0,0.92597010178117,0.417556254178951,"CEBPB;JUN;CEBPG;MAP3K20;OMA1"
"Multivesicular Body Assembly (GO:0036258)","5/29",0.63702954676671,0.999996292850528,0,0,0.92597010178117,0.417556254178951,"VTA1;VPS4A;UBAP1;VPS37A;CHMP6"
"Positive Regulation Of Neural Precursor Cell Proliferation (GO:2000179)","5/29",0.63702954676671,0.999996292850528,0,0,0.92597010178117,0.417556254178951,"SMARCD3;FZD9;PROX1;NES;HAPLN2"
"Positive Regulation Of Viral Genome Replication (GO:0045070)","5/29",0.63702954676671,0.999996292850528,0,0,0.92597010178117,0.417556254178951,"CNOT7;VAPB;RAD23A;PPARA;PPID"
"Protein Acetylation (GO:0006473)","5/29",0.63702954676671,0.999996292850528,0,0,0.92597010178117,0.417556254178951,"NAA50;KAT2B;NAA35;MAPT;NAA80"
"Regulation Of Developmental Growth (GO:0048638)","5/29",0.63702954676671,0.999996292850528,0,0,0.92597010178117,0.417556254178951,"STAT5B;SIX4;MUSK;SIX1;SOD1"
"Regulation Of Neuron Migration (GO:2001222)","5/29",0.63702954676671,0.999996292850528,0,0,0.92597010178117,0.417556254178951,"CAMK2B;CAMK2A;DAB2IP;PLAA;CTNNA2"
"Regulation Of Voltage-Gated Calcium Channel Activity (GO:1901385)","5/29",0.63702954676671,0.999996292850528,0,0,0.92597010178117,0.417556254178951,"CACNB1;PPP3CB;PPP3CC;STAC3;DMD"
"5S Class rRNA Transcription By RNA Polymerase III (GO:0042791)","1/5",0.637478356605362,0.999996292850528,0,0,1.11131535947712,0.500353018585513,"GTF3C6"
"CD4-positive, Alpha-Beta T Cell Activation (GO:0035710)","1/5",0.637478356605362,0.999996292850528,0,0,1.11131535947712,0.500353018585513,"STOML2"
"DNA Replication-Dependent Chromatin Assembly (GO:0006335)","1/5",0.637478356605362,0.999996292850528,0,0,1.11131535947712,0.500353018585513,"CHAF1B"
"ERBB2-EGFR Signaling Pathway (GO:0038134)","1/5",0.637478356605362,0.999996292850528,0,0,1.11131535947712,0.500353018585513,"EGF"
"GDP-mannose Metabolic Process (GO:0019673)","1/5",0.637478356605362,0.999996292850528,0,0,1.11131535947712,0.500353018585513,"MPI"
"L-ascorbic Acid Metabolic Process (GO:0019852)","1/5",0.637478356605362,0.999996292850528,0,0,1.11131535947712,0.500353018585513,"RGN"
"TORC2 Signaling (GO:0038203)","1/5",0.637478356605362,0.999996292850528,0,0,1.11131535947712,0.500353018585513,"PINK1"
"Activation Of Cysteine-Type Endopeptidase Activity Involved In Apoptotic Process By Cytochrome C (GO:0008635)","1/5",0.637478356605362,0.999996292850528,0,0,1.11131535947712,0.500353018585513,"CYCS"
"Adenylate Cyclase-Activating Dopamine Receptor Signaling Pathway (GO:0007191)","1/5",0.637478356605362,0.999996292850528,0,0,1.11131535947712,0.500353018585513,"GNAS"
"Aminophospholipid Transport (GO:0015917)","1/5",0.637478356605362,0.999996292850528,0,0,1.11131535947712,0.500353018585513,"ATP8A1"
"Amylin Receptor Signaling Pathway (GO:0097647)","1/5",0.637478356605362,0.999996292850528,0,0,1.11131535947712,0.500353018585513,"RAMP1"
"Aromatic Compound Biosynthetic Process (GO:0019438)","1/5",0.637478356605362,0.999996292850528,0,0,1.11131535947712,0.500353018585513,"PNPO"
"Astrocyte Differentiation (GO:0048708)","1/5",0.637478356605362,0.999996292850528,0,0,1.11131535947712,0.500353018585513,"EIF2B5"
"Attachment Of GPI Anchor To Protein (GO:0016255)","1/5",0.637478356605362,0.999996292850528,0,0,1.11131535947712,0.500353018585513,"TP53INP2"
"Basic Amino Acid Transport (GO:0015802)","1/5",0.637478356605362,0.999996292850528,0,0,1.11131535947712,0.500353018585513,"SLC38A3"
"Cap-Dependent Translational Initiation (GO:0002191)","1/5",0.637478356605362,0.999996292850528,0,0,1.11131535947712,0.500353018585513,"EIF4G1"
"Cardiolipin Acyl-Chain Remodeling (GO:0035965)","1/5",0.637478356605362,0.999996292850528,0,0,1.11131535947712,0.500353018585513,"PLA2G6"
"Cell-Cell Signaling Involved In Cardiac Conduction (GO:0086019)","1/5",0.637478356605362,0.999996292850528,0,0,1.11131535947712,0.500353018585513,"CASQ2"
"Centromeric Sister Chromatid Cohesion (GO:0070601)","1/5",0.637478356605362,0.999996292850528,0,0,1.11131535947712,0.500353018585513,"NAA50"
"Chemokine (C-X-C Motif) Ligand 12 Signaling Pathway (GO:0038146)","1/5",0.637478356605362,0.999996292850528,0,0,1.11131535947712,0.500353018585513,"OXSR1"
"Choline Metabolic Process (GO:0019695)","1/5",0.637478356605362,0.999996292850528,0,0,1.11131535947712,0.500353018585513,"CHDH"
"Cilium Disassembly (GO:0061523)","1/5",0.637478356605362,0.999996292850528,0,0,1.11131535947712,0.500353018585513,"MAP4"
"Contact Inhibition (GO:0060242)","1/5",0.637478356605362,0.999996292850528,0,0,1.11131535947712,0.500353018585513,"PAK1"
"Double-Strand Break Repair Via Synthesis-Dependent Strand Annealing (GO:0045003)","1/5",0.637478356605362,0.999996292850528,0,0,1.11131535947712,0.500353018585513,"HELQ"
"Ear Development (GO:0043583)","1/5",0.637478356605362,0.999996292850528,0,0,1.11131535947712,0.500353018585513,"TBX1"
"Embryonic Hindlimb Morphogenesis (GO:0035116)","1/5",0.637478356605362,0.999996292850528,0,0,1.11131535947712,0.500353018585513,"OXSR1"
"Establishment Of Lymphocyte Polarity (GO:0001767)","1/5",0.637478356605362,0.999996292850528,0,0,1.11131535947712,0.500353018585513,"SCRIB"
"Establishment Of Mitochondrion Localization, Microtubule-Mediated (GO:0034643)","1/5",0.637478356605362,0.999996292850528,0,0,1.11131535947712,0.500353018585513,"UBB"
"Establishment Of Protein Localization To Telomere (GO:0070200)","1/5",0.637478356605362,0.999996292850528,0,0,1.11131535947712,0.500353018585513,"NABP2"
"Galactolipid Biosynthetic Process (GO:0019375)","1/5",0.637478356605362,0.999996292850528,0,0,1.11131535947712,0.500353018585513,"GAL3ST1"
"Galactosylceramide Biosynthetic Process (GO:0006682)","1/5",0.637478356605362,0.999996292850528,0,0,1.11131535947712,0.500353018585513,"GAL3ST1"
"Gamma-Aminobutyric Acid Metabolic Process (GO:0009448)","1/5",0.637478356605362,0.999996292850528,0,0,1.11131535947712,0.500353018585513,"ALDH5A1"
"Glomerulus Vasculature Development (GO:0072012)","1/5",0.637478356605362,0.999996292850528,0,0,1.11131535947712,0.500353018585513,"OXSR1"
"Glucocorticoid Biosynthetic Process (GO:0006704)","1/5",0.637478356605362,0.999996292850528,0,0,1.11131535947712,0.500353018585513,"CYP17A1"
"Glycolipid Transport (GO:0046836)","1/5",0.637478356605362,0.999996292850528,0,0,1.11131535947712,0.500353018585513,"CPTP"
"Glycoside Metabolic Process (GO:0016137)","1/5",0.637478356605362,0.999996292850528,0,0,1.11131535947712,0.500353018585513,"GBA2"
"Glycosyl Compound Catabolic Process (GO:1901658)","1/5",0.637478356605362,0.999996292850528,0,0,1.11131535947712,0.500353018585513,"GBA2"
"Glycosylceramide Catabolic Process (GO:0046477)","1/5",0.637478356605362,0.999996292850528,0,0,1.11131535947712,0.500353018585513,"GBA2"
"Heparan Sulfate Proteoglycan Catabolic Process (GO:0030200)","1/5",0.637478356605362,0.999996292850528,0,0,1.11131535947712,0.500353018585513,"GPC1"
"Hexose Catabolic Process (GO:0019320)","1/5",0.637478356605362,0.999996292850528,0,0,1.11131535947712,0.500353018585513,"GALT"
"Histamine Metabolic Process (GO:0001692)","1/5",0.637478356605362,0.999996292850528,0,0,1.11131535947712,0.500353018585513,"SLC22A3"
"Histone Arginine Methylation (GO:0034969)","1/5",0.637478356605362,0.999996292850528,0,0,1.11131535947712,0.500353018585513,"WDR77"
"Hydrogen Peroxide Biosynthetic Process (GO:0050665)","1/5",0.637478356605362,0.999996292850528,0,0,1.11131535947712,0.500353018585513,"SOD1"
"Inflammatory Response To Wounding (GO:0090594)","1/5",0.637478356605362,0.999996292850528,0,0,1.11131535947712,0.500353018585513,"MAPK9"
"Intracellular Oxygen Homeostasis (GO:0032364)","1/5",0.637478356605362,0.999996292850528,0,0,1.11131535947712,0.500353018585513,"EGLN1"
"Isoleucine Metabolic Process (GO:0006549)","1/5",0.637478356605362,0.999996292850528,0,0,1.11131535947712,0.500353018585513,"ACAT1"
"Ketone Body Biosynthetic Process (GO:0046951)","1/5",0.637478356605362,0.999996292850528,0,0,1.11131535947712,0.500353018585513,"HMGCL"
"Lipid Droplet Disassembly (GO:1905691)","1/5",0.637478356605362,0.999996292850528,0,0,1.11131535947712,0.500353018585513,"PRKAA2"
"mRNA 3'-End Processing By Stem-Loop Binding And Cleavage (GO:0006398)","1/5",0.637478356605362,0.999996292850528,0,0,1.11131535947712,0.500353018585513,"LSM10"
"Medium-Chain Fatty Acid Biosynthetic Process (GO:0051792)","1/5",0.637478356605362,0.999996292850528,0,0,1.11131535947712,0.500353018585513,"OXSM"
"Metanephric Collecting Duct Development (GO:0072205)","1/5",0.637478356605362,0.999996292850528,0,0,1.11131535947712,0.500353018585513,"PKD1"
"Mitochondrial RNA 3'-End Processing (GO:0000965)","1/5",0.637478356605362,0.999996292850528,0,0,1.11131535947712,0.500353018585513,"SUPV3L1"
"Mitochondrial Protein Catabolic Process (GO:0035694)","1/5",0.637478356605362,0.999996292850528,0,0,1.11131535947712,0.500353018585513,"BNIP3"
"Negative Regulation Of B Cell Receptor Signaling Pathway (GO:0050859)","1/5",0.637478356605362,0.999996292850528,0,0,1.11131535947712,0.500353018585513,"GPS2"
"Negative Regulation Of T Cell Differentiation In Thymus (GO:0033085)","1/5",0.637478356605362,0.999996292850528,0,0,1.11131535947712,0.500353018585513,"ZC3H8"
"Negative Regulation Of Amino Acid Transport (GO:0051956)","1/5",0.637478356605362,0.999996292850528,0,0,1.11131535947712,0.500353018585513,"SLC43A1"
"Negative Regulation Of Astrocyte Differentiation (GO:0048712)","1/5",0.637478356605362,0.999996292850528,0,0,1.11131535947712,0.500353018585513,"NOG"
"Negative Regulation Of Cardiac Muscle Cell Differentiation (GO:2000726)","1/5",0.637478356605362,0.999996292850528,0,0,1.11131535947712,0.500353018585513,"SOX6"
"Negative Regulation Of Cellular Response To Hypoxia (GO:1900038)","1/5",0.637478356605362,0.999996292850528,0,0,1.11131535947712,0.500353018585513,"NOL3"
"Negative Regulation Of Endoplasmic Reticulum Calcium Ion Concentration (GO:0032471)","1/5",0.637478356605362,0.999996292850528,0,0,1.11131535947712,0.500353018585513,"FIS1"
"Negative Regulation Of Erythrocyte Differentiation (GO:0045647)","1/5",0.637478356605362,0.999996292850528,0,0,1.11131535947712,0.500353018585513,"HSPA9"
"Negative Regulation Of Glial Cell Proliferation (GO:0060253)","1/5",0.637478356605362,0.999996292850528,0,0,1.11131535947712,0.500353018585513,"RNF10"
"Negative Regulation Of Glycogen Biosynthetic Process (GO:0045719)","1/5",0.637478356605362,0.999996292850528,0,0,1.11131535947712,0.500353018585513,"GSK3A"
"Negative Regulation Of Lens Fiber Cell Differentiation (GO:1902747)","1/5",0.637478356605362,0.999996292850528,0,0,1.11131535947712,0.500353018585513,"SPRY2"
"Negative Regulation Of Lipoprotein Lipase Activity (GO:0051005)","1/5",0.637478356605362,0.999996292850528,0,0,1.11131535947712,0.500353018585513,"HDAC9"
"Negative Regulation Of Relaxation Of Muscle (GO:1901078)","1/5",0.637478356605362,0.999996292850528,0,0,1.11131535947712,0.500353018585513,"PDE4D"
"Negative Regulation Of Sequestering Of Triglyceride (GO:0010891)","1/5",0.637478356605362,0.999996292850528,0,0,1.11131535947712,0.500353018585513,"PPARA"
"Neurotransmitter-Gated Ion Channel Clustering (GO:0072578)","1/5",0.637478356605362,0.999996292850528,0,0,1.11131535947712,0.500353018585513,"GPHN"
"Nucleoside Transport (GO:0015858)","1/5",0.637478356605362,0.999996292850528,0,0,1.11131535947712,0.500353018585513,"SLC29A2"
"Nucleotide-Excision Repair, DNA Gap Filling (GO:0006297)","1/5",0.637478356605362,0.999996292850528,0,0,1.11131535947712,0.500353018585513,"POLB"
"Osmosensory Signaling Pathway (GO:0007231)","1/5",0.637478356605362,0.999996292850528,0,0,1.11131535947712,0.500353018585513,"OXSR1"
"Peptidyl-Diphthamide Biosynthetic Process From Peptidyl-Histidine (GO:0017183)","1/5",0.637478356605362,0.999996292850528,0,0,1.11131535947712,0.500353018585513,"DPH2"
"Peptidyl-Diphthamide Metabolic Process (GO:0017182)","1/5",0.637478356605362,0.999996292850528,0,0,1.11131535947712,0.500353018585513,"DPH2"
"Pericardium Morphogenesis (GO:0003344)","1/5",0.637478356605362,0.999996292850528,0,0,1.11131535947712,0.500353018585513,"FLRT3"
"Plasma Membrane Raft Assembly (GO:0044854)","1/5",0.637478356605362,0.999996292850528,0,0,1.11131535947712,0.500353018585513,"CAV3"
"Podocyte Cell Migration (GO:0090521)","1/5",0.637478356605362,0.999996292850528,0,0,1.11131535947712,0.500353018585513,"TESK1"
"poly-N-acetyllactosamine Metabolic Process (GO:0030309)","1/5",0.637478356605362,0.999996292850528,0,0,1.11131535947712,0.500353018585513,"B4GAT1"
"Positive Regulation Of CD4-positive, CD25-positive, Alpha-Beta Regulatory T Cell Differentiation (GO:0032831)","1/5",0.637478356605362,0.999996292850528,0,0,1.11131535947712,0.500353018585513,"KLHL25"
"Positive Regulation Of Wnt Signaling Pathway, Planar Cell Polarity Pathway (GO:2000096)","1/5",0.637478356605362,0.999996292850528,0,0,1.11131535947712,0.500353018585513,"RSPO3"
"Positive Regulation Of Activin Receptor Signaling Pathway (GO:0032927)","1/5",0.637478356605362,0.999996292850528,0,0,1.11131535947712,0.500353018585513,"ACVR2B"
"Positive Regulation Of Cardiac Muscle Cell Differentiation (GO:2000727)","1/5",0.637478356605362,0.999996292850528,0,0,1.11131535947712,0.500353018585513,"MEF2C"
"Positive Regulation Of Focal Adhesion Disassembly (GO:0120183)","1/5",0.637478356605362,0.999996292850528,0,0,1.11131535947712,0.500353018585513,"DUSP3"
"Positive Regulation Of Granulocyte Differentiation (GO:0030854)","1/5",0.637478356605362,0.999996292850528,0,0,1.11131535947712,0.500353018585513,"HAX1"
"Positive Regulation Of Hemoglobin Biosynthetic Process (GO:0046985)","1/5",0.637478356605362,0.999996292850528,0,0,1.11131535947712,0.500353018585513,"PRMT1"
"Positive Regulation Of Intrinsic Apoptotic Signaling Pathway By P53 Class Mediator (GO:1902255)","1/5",0.637478356605362,0.999996292850528,0,0,1.11131535947712,0.500353018585513,"UBB"
"Positive Regulation Of Necroptotic Process (GO:0060545)","1/5",0.637478356605362,0.999996292850528,0,0,1.11131535947712,0.500353018585513,"PARP1"
"Positive Regulation Of Peroxisome Proliferator Activated Receptor Signaling Pathway (GO:0035360)","1/5",0.637478356605362,0.999996292850528,0,0,1.11131535947712,0.500353018585513,"GPS2"
"Positive Regulation Of Programmed Necrotic Cell Death (GO:0062100)","1/5",0.637478356605362,0.999996292850528,0,0,1.11131535947712,0.500353018585513,"PARP1"
"Positive Regulation Of Protein Catabolic Process In The Vacuole (GO:1904352)","1/5",0.637478356605362,0.999996292850528,0,0,1.11131535947712,0.500353018585513,"RNF128"
"Positive Regulation Of Protein Localization To Cilium (GO:1903566)","1/5",0.637478356605362,0.999996292850528,0,0,1.11131535947712,0.500353018585513,"GAS8"
"Positive Regulation Of Pyruvate Dehydrogenase Activity (GO:1904184)","1/5",0.637478356605362,0.999996292850528,0,0,1.11131535947712,0.500353018585513,"PPM1J"
"Positive Regulation Of Sterol Transport (GO:0032373)","1/5",0.637478356605362,0.999996292850528,0,0,1.11131535947712,0.500353018585513,"ABCB4"
"Positive Regulation Of Tau-Protein Kinase Activity (GO:1902949)","1/5",0.637478356605362,0.999996292850528,0,0,1.11131535947712,0.500353018585513,"HSP90AB1"
"Positive Regulation Of Translation In Response To Stress (GO:0032056)","1/5",0.637478356605362,0.999996292850528,0,0,1.11131535947712,0.500353018585513,"EIF4G1"
"Presynaptic Active Zone Organization (GO:1990709)","1/5",0.637478356605362,0.999996292850528,0,0,1.11131535947712,0.500353018585513,"RAB3A"
"Pronephros Development (GO:0048793)","1/5",0.637478356605362,0.999996292850528,0,0,1.11131535947712,0.500353018585513,"OXSR1"
"Protein Geranylgeranylation (GO:0018344)","1/5",0.637478356605362,0.999996292850528,0,0,1.11131535947712,0.500353018585513,"RABGGTB"
"Protein Localization To Membrane Raft (GO:1903044)","1/5",0.637478356605362,0.999996292850528,0,0,1.11131535947712,0.500353018585513,"ZDHHC2"
"Protein Localization To Site Of Double-Strand Break (GO:1990166)","1/5",0.637478356605362,0.999996292850528,0,0,1.11131535947712,0.500353018585513,"SLF2"
"Pteridine-Containing Compound Metabolic Process (GO:0042558)","1/5",0.637478356605362,0.999996292850528,0,0,1.11131535947712,0.500353018585513,"QDPR"
"Purine Nucleobase Transmembrane Transport (GO:1904823)","1/5",0.637478356605362,0.999996292850528,0,0,1.11131535947712,0.500353018585513,"SLC29A2"
"Purine Ribonucleoside Catabolic Process (GO:0046130)","1/5",0.637478356605362,0.999996292850528,0,0,1.11131535947712,0.500353018585513,"ADAL"
"Pyrimidine Nucleoside Transport (GO:0015864)","1/5",0.637478356605362,0.999996292850528,0,0,1.11131535947712,0.500353018585513,"SLC29A2"
"Radial Glial Cell Differentiation (GO:0060019)","1/5",0.637478356605362,0.999996292850528,0,0,1.11131535947712,0.500353018585513,"GPR157"
"Regulation Of 3'-UTR-mediated mRNA Stabilization (GO:1905868)","1/5",0.637478356605362,0.999996292850528,0,0,1.11131535947712,0.500353018585513,"RBM24"
"Regulation Of cGMP-mediated Signaling (GO:0010752)","1/5",0.637478356605362,0.999996292850528,0,0,1.11131535947712,0.500353018585513,"PDE11A"
"Regulation Of Enamel Mineralization (GO:0070173)","1/5",0.637478356605362,0.999996292850528,0,0,1.11131535947712,0.500353018585513,"ENAM"
"Regulation Of Epinephrine Secretion (GO:0014060)","1/5",0.637478356605362,0.999996292850528,0,0,1.11131535947712,0.500353018585513,"ADRA2B"
"Regulation Of Focal Adhesion Disassembly (GO:0120182)","1/5",0.637478356605362,0.999996292850528,0,0,1.11131535947712,0.500353018585513,"DUSP3"
"Regulation Of Guanylate Cyclase Activity (GO:0031282)","1/5",0.637478356605362,0.999996292850528,0,0,1.11131535947712,0.500353018585513,"NOS1"
"Regulation Of Hepatocyte Proliferation (GO:2000345)","1/5",0.637478356605362,0.999996292850528,0,0,1.11131535947712,0.500353018585513,"HPN"
"Regulation Of Histone Deacetylase Activity (GO:1901725)","1/5",0.637478356605362,0.999996292850528,0,0,1.11131535947712,0.500353018585513,"CAMK2D"
"Regulation Of Hyaluronan Biosynthetic Process (GO:1900125)","1/5",0.637478356605362,0.999996292850528,0,0,1.11131535947712,0.500353018585513,"EGF"
"Regulation Of Interleukin-1-Mediated Signaling Pathway (GO:2000659)","1/5",0.637478356605362,0.999996292850528,0,0,1.11131535947712,0.500353018585513,"OTUD4"
"Regulation Of Long-Chain Fatty Acid Import Across Plasma Membrane (GO:0010746)","1/5",0.637478356605362,0.999996292850528,0,0,1.11131535947712,0.500353018585513,"AKT2"
"Regulation Of Macrophage Apoptotic Process (GO:2000109)","1/5",0.637478356605362,0.999996292850528,0,0,1.11131535947712,0.500353018585513,"MEF2C"
"Regulation Of Mast Cell Chemotaxis (GO:0060753)","1/5",0.637478356605362,0.999996292850528,0,0,1.11131535947712,0.500353018585513,"VEGFB"
"Regulation Of Natural Killer Cell Mediated Immunity (GO:0002715)","1/5",0.637478356605362,0.999996292850528,0,0,1.11131535947712,0.500353018585513,"SH2D1B"
"Regulation Of Non-Motile Cilium Assembly (GO:1902855)","1/5",0.637478356605362,0.999996292850528,0,0,1.11131535947712,0.500353018585513,"MAP4"
"Regulation Of Plasma Membrane Repair (GO:1905684)","1/5",0.637478356605362,0.999996292850528,0,0,1.11131535947712,0.500353018585513,"RAB3A"
"Regulation Of Protein Autoubiquitination (GO:1902498)","1/5",0.637478356605362,0.999996292850528,0,0,1.11131535947712,0.500353018585513,"MTA1"
"Regulation Of Protein Depolymerization (GO:1901879)","1/5",0.637478356605362,0.999996292850528,0,0,1.11131535947712,0.500353018585513,"SLN"
"Regulation Of Renal Sodium Excretion (GO:0035813)","1/5",0.637478356605362,0.999996292850528,0,0,1.11131535947712,0.500353018585513,"SPX"
"Regulation Of Resting Membrane Potential (GO:0060075)","1/5",0.637478356605362,0.999996292850528,0,0,1.11131535947712,0.500353018585513,"KCNJ2"
"Regulation Of Retrograde Transport, Endosome To Golgi (GO:1905279)","1/5",0.637478356605362,0.999996292850528,0,0,1.11131535947712,0.500353018585513,"PRKN"
"Regulation Of Tetrapyrrole Biosynthetic Process (GO:1901463)","1/5",0.637478356605362,0.999996292850528,0,0,1.11131535947712,0.500353018585513,"TMEM14B"
"Regulation Of Thymocyte Apoptotic Process (GO:0070243)","1/5",0.637478356605362,0.999996292850528,0,0,1.11131535947712,0.500353018585513,"ZC3H8"
"Regulation Of Translation In Response To Endoplasmic Reticulum Stress (GO:0036490)","1/5",0.637478356605362,0.999996292850528,0,0,1.11131535947712,0.500353018585513,"EIF4G1"
"Response To Angiotensin (GO:1990776)","1/5",0.637478356605362,0.999996292850528,0,0,1.11131535947712,0.500353018585513,"ROCK2"
"Response To Lithium Ion (GO:0010226)","1/5",0.637478356605362,0.999996292850528,0,0,1.11131535947712,0.500353018585513,"IMPA2"
"Retinal Ganglion Cell Axon Guidance (GO:0031290)","1/5",0.637478356605362,0.999996292850528,0,0,1.11131535947712,0.500353018585513,"EPHB1"
"tRNA Catabolic Process (GO:0016078)","1/5",0.637478356605362,0.999996292850528,0,0,1.11131535947712,0.500353018585513,"ELAC2"
"tRNA Pseudouridine Synthesis (GO:0031119)","1/5",0.637478356605362,0.999996292850528,0,0,1.11131535947712,0.500353018585513,"RPUSD4"
"tRNA Transport (GO:0051031)","1/5",0.637478356605362,0.999996292850528,0,0,1.11131535947712,0.500353018585513,"YBX1"
"Uridine Transport (GO:0015862)","1/5",0.637478356605362,0.999996292850528,0,0,1.11131535947712,0.500353018585513,"SLC29A2"
"Vascular Endothelial Growth Factor Receptor-2 Signaling Pathway (GO:0036324)","1/5",0.637478356605362,0.999996292850528,0,0,1.11131535947712,0.500353018585513,"DAB2IP"
"Venous Blood Vessel Morphogenesis (GO:0048845)","1/5",0.637478356605362,0.999996292850528,0,0,1.11131535947712,0.500353018585513,"PROX1"
"Ventricular Compact Myocardium Morphogenesis (GO:0003223)","1/5",0.637478356605362,0.999996292850528,0,0,1.11131535947712,0.500353018585513,"NOG"
"Xenobiotic Transport Across Blood-Brain Barrier (GO:1990962)","1/5",0.637478356605362,0.999996292850528,0,0,1.11131535947712,0.500353018585513,"ABCC2"
"Negative Regulation Of Phosphorylation (GO:0042326)","13/75",0.637896661382893,0.999996292850528,0,0,0.931804160056408,0.418919565245347,"PRKN;TRAF3IP1;NPRL2;TESK1;DAB2IP;PARK7;ATG14;CRKL;KLHL31;PRDX3;IBTK;MAPT;INHA"
"Regulation Of Bone Mineralization (GO:0030500)","10/58",0.640431151923175,0.999996292850528,0,0,0.925869050869051,0.412579891406867,"RXRB;MEF2C;PKDCC;RXRA;SLC20A2;NBR1;FZD9;OXSR1;NOTUM;ACVR2B"
"Intrinsic Apoptotic Signaling Pathway By P53 Class Mediator (GO:0072332)","6/35",0.642219913686666,0.999996292850528,0,0,0.919552767930188,0.407200484809919,"BAG6;STK11;CDIP1;USP28;PDK2;HIPK2"
"Liver Development (GO:0001889)","6/35",0.642219913686666,0.999996292850528,0,0,0.919552767930188,0.407200484809919,"CEBPB;CEBPG;COBL;PROX1;GFER;E2F8"
"Positive Regulation Of Cell Development (GO:0010720)","6/35",0.642219913686666,0.999996292850528,0,0,0.919552767930188,0.407200484809919,"MYOG;MYOD1;MYF6;TRIM32;LMOD3;MYF5"
"Regulation Of Axon Extension (GO:0030516)","6/35",0.642219913686666,0.999996292850528,0,0,0.919552767930188,0.407200484809919,"CDKL3;GOLGA4;RUFY3;TWF2;MAPT;RTN4"
"Regulation Of Cellular Senescence (GO:2000772)","6/35",0.642219913686666,0.999996292850528,0,0,0.919552767930188,0.407200484809919,"RSL1D1;ARG2;RBL1;YBX1;AMH;YPEL3"
"tRNA Aminoacylation For Protein Translation (GO:0006418)","6/35",0.642219913686666,0.999996292850528,0,0,0.919552767930188,0.407200484809919,"SARS2;NARS2;IARS2;TARS2;CARS2;EARS2"
"Protein Localization To Lysosome (GO:0061462)","7/41",0.647478891166201,0.999996292850528,0,0,0.915013959757389,0.397728281981657,"RNF128;NEDD4;VPS4A;ATG14;KPTN;RTN4;LAMTOR5"
"Stem Cell Differentiation (GO:0048863)","7/41",0.647478891166201,0.999996292850528,0,0,0.915013959757389,0.397728281981657,"MEF2C;PSMD11;SETD6;FBXL17;METTL5;FOXO4;OXSR1"
"Actin Polymerization Or Depolymerization (GO:0008154)","9/53",0.657808839441538,0.999996292850528,0,0,0.909010271933307,0.380730687160897,"SVIL;AVIL;CFL2;FLII;TWF2;MICAL3;MSRB2;COBL;MSRB1"
"Endosome Organization (GO:0007032)","9/53",0.657808839441538,0.999996292850528,0,0,0.909010271933307,0.380730687160897,"LAPTM4B;PLEKHF1;ALS2;HOOK2;TMCC1;SQSTM1;ATP6V1D;RILP;PLEKHJ1"
"Heart Morphogenesis (GO:0003007)","10/59",0.662803305897212,0.999996292850528,0,0,0.906918049775193,0.372994539897128,"TBX1;MESP1;MYLK2;SYNPO2L;NOG;ANKRD1;RBM20;TCAP;ALPK2;TTN"
"Microtubule Cytoskeleton Organization Involved In Mitosis (GO:1902850)","10/59",0.662803305897212,0.999996292850528,0,0,0.906918049775193,0.372994539897128,"PTPA;TBCE;SBDS;WDR62;MAP4;RMDN1;PCNT;CKAP5;CLASP1;CLASP2"
"Regulation Of Cell Death (GO:0010941)","10/59",0.662803305897212,0.999996292850528,0,0,0.906918049775193,0.372994539897128,"PACRG;FAF1;VPS4A;TSC1;PARK7;CHMP6;PRODH;SNCB;CRYAB;EIF4G1"
"Phosphate-Containing Compound Metabolic Process (GO:0006796)","32/184",0.663480779712948,0.999996292850528,0,0,0.935254918400093,0.38369337471897,"PFKFB1;SLC22A3;GPI;MAPKAP1;GDE1;PDXP;AGPAT1;DUSP13;HK1;RPTOR;THTPA;PPP3CB;PAK1;INPP5A;PPIP5K1;IMPA2;INPP5J;MLST8;IP6K3;DUSP3;PLA2G4C;ACYP2;DUSP28;DUSP8;THNSL2;MTOR;BCKDK;PPM1A;PLAA;COQ8A;ALDOA;PFKM"
"Cell Morphogenesis Involved In Differentiation (GO:0000904)","4/24",0.666992223956473,0.999996292850528,0,0,0.888907059144181,0.359986817529631,"MEF2C;RILPL1;PROX1;ATF4"
"Early Endosome To Late Endosome Transport (GO:0045022)","4/24",0.666992223956473,0.999996292850528,0,0,0.888907059144181,0.359986817529631,"HOOK2;LMTK2;ATG14;RILP"
"Positive Regulation Of Peptidyl-Threonine Phosphorylation (GO:0010800)","4/24",0.666992223956473,0.999996292850528,0,0,0.888907059144181,0.359986817529631,"RPTOR;CAB39;EGF;CALM3"
"Regulation Of Actin Nucleation (GO:0051125)","4/24",0.666992223956473,0.999996292850528,0,0,0.888907059144181,0.359986817529631,"PICK1;WASH4P;WHAMM;WASHC1"
"Regulation Of Muscle Cell Differentiation (GO:0051147)","4/24",0.666992223956473,0.999996292850528,0,0,0.888907059144181,0.359986817529631,"SRF;MYOD1;HDAC9;MAPK12"
"Regulation Of Ruffle Assembly (GO:1900027)","4/24",0.666992223956473,0.999996292850528,0,0,0.888907059144181,0.359986817529631,"RDX;FAM98A;HRAS;PFN2"
"Intracellular Monoatomic Cation Homeostasis (GO:0030003)","33/190",0.668124706907629,0.999996292850528,0,0,0.933733463988241,0.376556438354667,"COX19;STOML2;SLC24A3;ABCB7;ATP1A4;SLC41A1;ATP2A2;ATP2A1;ATP1A2;ANKRD9;CSRP3;PLN;TMEM203;HJV;DHRS7C;COX11;TNNI3;CNNM4;KCNJ2;SLC30A9;DMPK;SLC30A2;ATP1B1;TRDN;SOD1;SLC8A3;STIM1;VAPB;CASQ2;RGN;FXN;ISCU;TPT1"
"Multivesicular Body Organization (GO:0036257)","5/30",0.668134485436659,0.999996292850528,0,0,0.888876772082879,0.358453602777436,"VTA1;VPS4A;UBAP1;VPS37A;CHMP6"
"Nucleic Acid Metabolic Process (GO:0090304)","5/30",0.668134485436659,0.999996292850528,0,0,0.888876772082879,0.358453602777436,"DDX1;DDX54;SETMAR;POLG;DNASE1L1"
"Positive Regulation Of JUN Kinase Activity (GO:0043507)","5/30",0.668134485436659,0.999996292850528,0,0,0.888876772082879,0.358453602777436,"PAK1;DAB2IP;DVL3;MAP3K10;MAP2K7"
"3'-UTR-mediated mRNA Stabilization (GO:0070935)","3/18",0.668418827535868,0.999996292850528,0,0,0.888937329700273,0.358099793547948,"BOLL;MAPKAPK2;YBX3"
"Adrenergic Receptor Signaling Pathway (GO:0071875)","3/18",0.668418827535868,0.999996292850528,0,0,0.888937329700273,0.358099793547948,"PDE4D;ADRB2;ADRA2B"
"Establishment Of Vesicle Localization (GO:0051650)","3/18",0.668418827535868,0.999996292850528,0,0,0.888937329700273,0.358099793547948,"SNAPIN;COPS5;TESK1"
"Glucose 6-Phosphate Metabolic Process (GO:0051156)","3/18",0.668418827535868,0.999996292850528,0,0,0.888937329700273,0.358099793547948,"GPI;RBKS;HK1"
"Glycerolipid Catabolic Process (GO:0046503)","3/18",0.668418827535868,0.999996292850528,0,0,0.888937329700273,0.358099793547948,"PLA2G4C;GDE1;PRDX6"
"Heart Trabecula Morphogenesis (GO:0061384)","3/18",0.668418827535868,0.999996292850528,0,0,0.888937329700273,0.358099793547948,"NOG;POLR2D;BMP5"
"Intracellular Sodium Ion Homeostasis (GO:0006883)","3/18",0.668418827535868,0.999996292850528,0,0,0.888937329700273,0.358099793547948,"ATP1A4;ATP1A2;ATP1B1"
"Mitotic Cytokinetic Process (GO:1902410)","3/18",0.668418827535868,0.999996292850528,0,0,0.888937329700273,0.358099793547948,"VPS4A;KLHDC8B;CHMP6"
"Negative Regulation Of Signal Transduction By P53 Class Mediator (GO:1901797)","3/18",0.668418827535868,0.999996292850528,0,0,0.888937329700273,0.358099793547948,"PRKN;RNF34;DYRK1A"
"Neural Crest Cell Differentiation (GO:0014033)","3/18",0.668418827535868,0.999996292850528,0,0,0.888937329700273,0.358099793547948,"MEF2C;FBXL17;TAPT1"
"Nitric Oxide Mediated Signal Transduction (GO:0007263)","3/18",0.668418827535868,0.999996292850528,0,0,0.888937329700273,0.358099793547948,"DDAH1;RILPL1;NOS1"
"Positive Regulation Of Extracellular Matrix Organization (GO:1903055)","3/18",0.668418827535868,0.999996292850528,0,0,0.888937329700273,0.358099793547948,"SMAD3;CLASP1;CLASP2"
"Positive Regulation Of Nervous System Process (GO:0031646)","3/18",0.668418827535868,0.999996292850528,0,0,0.888937329700273,0.358099793547948,"RNF10;PARD3;NRDC"
"Positive Regulation Of Neutrophil Chemotaxis (GO:0090023)","3/18",0.668418827535868,0.999996292850528,0,0,0.888937329700273,0.358099793547948,"DAPK2;DNM1L;MCU"
"Protein Autoprocessing (GO:0016540)","3/18",0.668418827535868,0.999996292850528,0,0,0.888937329700273,0.358099793547948,"HJV;OMA1;FXN"
"Regulation Of RIG-I Signaling Pathway (GO:0039535)","3/18",0.668418827535868,0.999996292850528,0,0,0.888937329700273,0.358099793547948,"USP15;NPLOC4;C1QBP"
"Regulation Of Defense Response To Virus (GO:0050688)","3/18",0.668418827535868,0.999996292850528,0,0,0.888937329700273,0.358099793547948,"PPM1B;TRAF3IP1;C1QBP"
"Regulation Of Dendrite Extension (GO:1903859)","3/18",0.668418827535868,0.999996292850528,0,0,0.888937329700273,0.358099793547948,"RNF157;NEDD4L;PLAA"
"Regulation Of Epithelial Cell Differentiation (GO:0030856)","3/18",0.668418827535868,0.999996292850528,0,0,0.888937329700273,0.358099793547948,"CEBPB;MAFG;OXSR1"
"Regulation Of Exosomal Secretion (GO:1903541)","3/18",0.668418827535868,0.999996292850528,0,0,0.888937329700273,0.358099793547948,"PRKN;VPS4A;CHMP6"
"Regulation Of Histone Modification (GO:0031056)","3/18",0.668418827535868,0.999996292850528,0,0,0.888937329700273,0.358099793547948,"KAT2B;SGF29;KAT14"
"Regulation Of Nervous System Process (GO:0031644)","3/18",0.668418827535868,0.999996292850528,0,0,0.888937329700273,0.358099793547948,"SLC8A3;ROCK2;TMEM108"
"Response To Axon Injury (GO:0048678)","3/18",0.668418827535868,0.999996292850528,0,0,0.888937329700273,0.358099793547948,"FLRT3;NREP;SOD1"
"Negative Regulation Of Protein Kinase B Signaling (GO:0051898)","6/36",0.670531480748523,0.999996292850528,0,0,0.888846468502863,0.355258268520688,"MSTN;PPP2R1A;DAG1;TSC2;PPARA;OTUD3"
"Neural Crest Cell Migration (GO:0001755)","6/36",0.670531480748523,0.999996292850528,0,0,0.888846468502863,0.355258268520688,"TBX1;SEMA6C;SEMA4D;GDNF;ERBB4;PITX2"
"Positive Regulation Of RNA Splicing (GO:0033120)","6/36",0.670531480748523,0.999996292850528,0,0,0.888846468502863,0.355258268520688,"THRAP3;CIRBP;DYRK1A;RBM20;PRDX6;WDR77"
"Positive Regulation Of Double-Strand Break Repair Via Homologous Recombination (GO:1905168)","6/36",0.670531480748523,0.999996292850528,0,0,0.888846468502863,0.355258268520688,"HELQ;PARP1;VPS72;RUVBL2;DMAP1;HDGFL2"
"Positive Regulation Of Myeloid Cell Differentiation (GO:0045639)","6/36",0.670531480748523,0.999996292850528,0,0,0.888846468502863,0.355258268520688,"FAM210B;STAT5B;CSF3;PRMT1;PITHD1;FOXO3"
"Mitotic Cell Cycle Phase Transition (GO:0044772)","19/111",0.670986299069801,0.999996292850528,0,0,0.917591799338426,0.366125148157496,"CUL5;CUL3;CUL2;CAMK2A;CUL1;TPD52L1;ARPP19;GSPT1;CUL4A;PPP6C;WEE1;CDC34;ENSA;CCNG1;PPP2R2D;NES;LCMT1;CLASP1;CLASP2"
"Regulation Of mRNA Splicing, Via Spliceosome (GO:0048024)","16/94",0.673024051634747,0.999996292850528,0,0,0.911437846630628,0.36090588313782,"RBM38;RBFOX1;KHDRBS3;CELF1;CIRBP;PRDX6;QKI;JMJD6;WDR77;FXR1;FXR2;THRAP3;PCBP4;RBM20;SAP18;RBM24"
"Lysosome Localization (GO:0032418)","7/42",0.673592085579117,0.999996292850528,0,0,0.888816148390617,0.351198427392644,"RAB3A;KLC2;SNAPIN;S100A13;TFEB;PLEKHM2;FAM98A"
"C-terminal Protein Amino Acid Modification (GO:0018410)","2/12",0.675987812879058,0.999996292850528,0,0,0.888967583764642,0.348102132146192,"ICMT;LCMT1"
"DNA Strand Elongation Involved In DNA Replication (GO:0006271)","2/12",0.675987812879058,0.999996292850528,0,0,0.888967583764642,0.348102132146192,"POLD2;POLE3"
"NADPH Regeneration (GO:0006740)","2/12",0.675987812879058,0.999996292850528,0,0,0.888967583764642,0.348102132146192,"NNT;RBKS"
"Adipose Tissue Development (GO:0060612)","2/12",0.675987812879058,0.999996292850528,0,0,0.888967583764642,0.348102132146192,"RORC;DYRK1B"
"Alanine Transport (GO:0032328)","2/12",0.675987812879058,0.999996292850528,0,0,0.888967583764642,0.348102132146192,"SLC36A2;SLC38A3"
"Axonal Fasciculation (GO:0007413)","2/12",0.675987812879058,0.999996292850528,0,0,0.888967583764642,0.348102132146192,"ARHGAP35;RTN4"
"cAMP Metabolic Process (GO:0046058)","2/12",0.675987812879058,0.999996292850528,0,0,0.888967583764642,0.348102132146192,"ADCY9;ADCY2"
"Cardiolipin Metabolic Process (GO:0032048)","2/12",0.675987812879058,0.999996292850528,0,0,0.888967583764642,0.348102132146192,"HADHA;PLA2G6"
"Dendrite Self-Avoidance (GO:0070593)","2/12",0.675987812879058,0.999996292850528,0,0,0.888967583764642,0.348102132146192,"NEXN;MYPN"
"Endochondral Bone Morphogenesis (GO:0060350)","2/12",0.675987812879058,0.999996292850528,0,0,0.888967583764642,0.348102132146192,"MEF2C;INPPL1"
"Fatty Acid Elongation (GO:0030497)","2/12",0.675987812879058,0.999996292850528,0,0,0.888967583764642,0.348102132146192,"HACD1;TECR"
"Folic Acid Metabolic Process (GO:0046655)","2/12",0.675987812879058,0.999996292850528,0,0,0.888967583764642,0.348102132146192,"PM20D2;MTRR"
"Glucose Import (GO:0046323)","2/12",0.675987812879058,0.999996292850528,0,0,0.888967583764642,0.348102132146192,"ZDHHC7;SLC2A4"
"Mitotic DNA Integrity Checkpoint Signaling (GO:0044774)","2/12",0.675987812879058,0.999996292850528,0,0,0.888967583764642,0.348102132146192,"STK33;SETMAR"
"Negative Regulation By Host Of Viral Transcription (GO:0043922)","2/12",0.675987812879058,0.999996292850528,0,0,0.888967583764642,0.348102132146192,"JUN;PSMC3"
"Negative Regulation Of Alcohol Biosynthetic Process (GO:1902931)","2/12",0.675987812879058,0.999996292850528,0,0,0.888967583764642,0.348102132146192,"BMP5;SOD1"
"Negative Regulation Of Epidermal Growth Factor-Activated Receptor Activity (GO:0007175)","2/12",0.675987812879058,0.999996292850528,0,0,0.888967583764642,0.348102132146192,"CHMP6;SOCS6"
"Negative Regulation Of Hippo Signaling (GO:0035331)","2/12",0.675987812879058,0.999996292850528,0,0,0.888967583764642,0.348102132146192,"MAP2K3;MARK3"
"Negative Regulation Of Intrinsic Apoptotic Signaling Pathway In Response To DNA Damage By P53 Class Mediator (GO:1902166)","2/12",0.675987812879058,0.999996292850528,0,0,0.888967583764642,0.348102132146192,"BCL2;TRIAP1"
"Negative Regulation Of Macrophage Derived Foam Cell Differentiation (GO:0010745)","2/12",0.675987812879058,0.999996292850528,0,0,0.888967583764642,0.348102132146192,"ABCA5;PPARA"
"Negative Regulation Of Stem Cell Differentiation (GO:2000737)","2/12",0.675987812879058,0.999996292850528,0,0,0.888967583764642,0.348102132146192,"TCF15;N4BP2L2"
"Nuclear Body Organization (GO:0030575)","2/12",0.675987812879058,0.999996292850528,0,0,0.888967583764642,0.348102132146192,"SERBP1;HIPK2"
"Nucleotide Metabolic Process (GO:0009117)","2/12",0.675987812879058,0.999996292850528,0,0,0.888967583764642,0.348102132146192,"NMNAT1;PARK7"
"Phospholipid Homeostasis (GO:0055091)","2/12",0.675987812879058,0.999996292850528,0,0,0.888967583764642,0.348102132146192,"FABP3;SLC25A46"
"Positive Regulation Of Neuron Migration (GO:2001224)","2/12",0.675987812879058,0.999996292850528,0,0,0.888967583764642,0.348102132146192,"DAB2IP;PLAA"
"Positive Regulation Of Protein Localization To Cell Surface (GO:2000010)","2/12",0.675987812879058,0.999996292850528,0,0,0.888967583764642,0.348102132146192,"HSP90AB1;GPD1L"
"Positive Regulation Of Regulated Secretory Pathway (GO:1903307)","2/12",0.675987812879058,0.999996292850528,0,0,0.888967583764642,0.348102132146192,"RAB3A;KCNB1"
"Positive Regulation Of Ruffle Assembly (GO:1900029)","2/12",0.675987812879058,0.999996292850528,0,0,0.888967583764642,0.348102132146192,"FAM98A;HRAS"
"pre-miRNA Processing (GO:0031054)","2/12",0.675987812879058,0.999996292850528,0,0,0.888967583764642,0.348102132146192,"PRKRA;TUT4"
"Quaternary Ammonium Group Transport (GO:0015697)","2/12",0.675987812879058,0.999996292850528,0,0,0.888967583764642,0.348102132146192,"SLC22A3;SLC22A5"
"Regulation Of DNA-templated DNA Replication Initiation (GO:0030174)","2/12",0.675987812879058,0.999996292850528,0,0,0.888967583764642,0.348102132146192,"KAT7;WRNIP1"
"Regulation Of T Cell Differentiation In Thymus (GO:0033081)","2/12",0.675987812879058,0.999996292850528,0,0,0.888967583764642,0.348102132146192,"ZC3H8;SOD1"
"Regulation Of Hematopoietic Stem Cell Differentiation (GO:1902036)","2/12",0.675987812879058,0.999996292850528,0,0,0.888967583764642,0.348102132146192,"TCF15;N4BP2L2"
"Regulation Of Monooxygenase Activity (GO:0032768)","2/12",0.675987812879058,0.999996292850528,0,0,0.888967583764642,0.348102132146192,"DDAH1;GDNF"
"Regulation Of Transcription From RNA Polymerase II Promoter In Response To Stress (GO:0043618)","2/12",0.675987812879058,0.999996292850528,0,0,0.888967583764642,0.348102132146192,"BAG3;ATF4"
"Regulation Of Tube Diameter (GO:0035296)","2/12",0.675987812879058,0.999996292850528,0,0,0.888967583764642,0.348102132146192,"ROCK2;GCLM"
"Response To Iron Ion (GO:0010039)","2/12",0.675987812879058,0.999996292850528,0,0,0.888967583764642,0.348102132146192,"BCL2;FXN"
"Vascular Process In Circulatory System (GO:0003018)","2/12",0.675987812879058,0.999996292850528,0,0,0.888967583764642,0.348102132146192,"ROCK2;GCLM"
"Embryonic Organ Development (GO:0048568)","13/77",0.676996286498967,0.999996292850528,0,0,0.902574282786885,0.352084742846682,"TEAD4;PKDCC;ESRRB;TFEB;COBL;PKD1;PBX1;GDNF;POLR2D;TEAD1;NES;TEAD3;ATF4"
"Response To UV (GO:0009411)","17/100",0.677754926577222,0.999996292850528,0,0,0.910034009121827,0.353975493178202,"ZRANB3;USP47;TMEM161A;UBE2B;PARP1;CIRBP;REV1;UBE4B;TRIAP1;USP28;CUL4A;RUVBL2;NEDD4;MAP2K7;TRIM32;MAP4K3;ATF4"
"Vascular Transport (GO:0010232)","14/83",0.68146836584473,0.999996292850528,0,0,0.901537206253392,0.34574442958319,"SLC22A3;ABCC2;SLC22A5;SLC24A3;SLC16A1;ATP8A1;ATP1A4;SLC16A12;ATP1A2;LRP3;SLC2A4;SLC6A1;SLC38A3;SLC29A2"
"Histone Acetylation (GO:0016573)","10/60",0.684353137345257,0.999996292850528,0,0,0.888725088725089,0.337076728714583,"TADA2B;KAT2B;TAF6L;VPS72;RUVBL2;POLE3;TAF7;SGF29;DMAP1;KAT14"
"Response To Retinoic Acid (GO:0032526)","10/60",0.684353137345257,0.999996292850528,0,0,0.888725088725089,0.337076728714583,"RET;RXRB;TBX1;NDUFA13;TMEM161A;RXRA;POLR2D;TWF2;WNT9A;RXRG"
"Cellular Response To Peptide Hormone Stimulus (GO:0071375)","15/89",0.685818230045653,0.999996292850528,0,0,0.900636147355666,0.339668309735581,"HDAC5;GSK3A;PARP1;GOT1;IRS1;SLC2A4;HDAC9;RAB10;KAT2B;PKM;TBC1D4;AKT2;LPIN1;SLC25A33;RHOQ"
"Positive Regulation Of DNA Repair (GO:0045739)","15/89",0.685818230045653,0.999996292850528,0,0,0.900636147355666,0.339668309735581,"SMARCD3;TMEM161A;SLF2;PARP1;EYA1;PHF10;MCRS1;CEBPG;EYA4;UCHL5;BABAM1;BCL7A;RUVBL2;BCL7B;DPF3"
"Positive Regulation Of Peptidyl-Serine Phosphorylation (GO:0033138)","15/89",0.685818230045653,0.999996292850528,0,0,0.900636147355666,0.339668309735581,"CSF3;HSP90AB1;ARAF;PARK7;RPTOR;NTF4;PAK1;PINK1;HAX1;SPRY2;NOS1;AMH;RAF1;PFN2;EIF4G1"
"Positive Regulation Of Protein Localization To Nucleus (GO:1900182)","12/72",0.691869691325563,0.999996292850528,0,0,0.888664299371756,0.327346291559848,"PPP3CB;MAVS;SMAD3;BAG3;MCRS1;TESK1;KAT7;PARK7;DMAP1;CCT7;IPO5;LAMTOR5"
"Second-Messenger-Mediated Signaling (GO:0019932)","12/72",0.691869691325563,0.999996292850528,0,0,0.888664299371756,0.327346291559848,"CNKSR2;INPP5A;DDAH1;PTGDR2;PPP2R1A;RILPL1;ORC3;RCAN2;GPR62;NOS1;PPP1R9A;MCU"
"Negative Regulation Of Endothelial Cell Proliferation (GO:0001937)","6/37",0.697370384219889,0.999996292850528,0,0,0.860121220651495,0.310020898605475,"ATP5IF1;ATP5F1A;MEF2C;ATOH8;COL4A3;SYNJ2BP"
"Regulation Of Vascular Associated Smooth Muscle Cell Proliferation (GO:1904705)","6/37",0.697370384219889,0.999996292850528,0,0,0.860121220651495,0.310020898605475,"JUN;MEF2C;TPM1;MFN2;MEF2D;PRKG1"
"Bile Acid Metabolic Process (GO:0008206)","5/31",0.697432623782101,0.999996292850528,0,0,0.854636775438302,0.307967820771101,"ACOT8;OSBPL7;OSBPL6;OSBPL1A;GBA2"
"Positive Regulation Of G1/S Transition Of Mitotic Cell Cycle (GO:1900087)","5/31",0.697432623782101,0.999996292850528,0,0,0.854636775438302,0.307967820771101,"LSM10;RPTOR;MBLAC1;RDX;EIF4G1"
"Positive Regulation Of Cholesterol Transport (GO:0032376)","5/31",0.697432623782101,0.999996292850528,0,0,0.854636775438302,0.307967820771101,"EEPD1;RXRA;ABCA5;ABCB4;GPS2"
"Negative Regulation Of Protein Metabolic Process (GO:0051248)","25/147",0.697575093659836,0.999996292850528,0,0,0.910278706499856,0.32783242481078,"HSP90AB1;YBX1;MALSU1;TOB1;BAG6;FXR1;PAIP2B;RIDA;FXR2;PAIP2;RILP;PITX3;NANOS1;CSNK2A1;VBP1;IFRD2;DAB2IP;TSC1;SIRT2;SERBP1;PIN1;PFDN1;CPEB3;CRYAB;GAPDH"
"Intracellular Steroid Hormone Receptor Signaling Pathway (GO:0030518)","7/43",0.698461418034203,0.999996292850528,0,0,0.864073770988665,0.310094765986556,"CALCOCO1;NEDD4;DDX54;PADI2;UBE3A;ZDHHC7;NKX3-1"
"Regulation Of JUN Kinase Activity (GO:0043506)","7/43",0.698461418034203,0.999996292850528,0,0,0.864073770988665,0.310094765986556,"PAK1;DAB2IP;DVL3;MAP3K10;MAP2K7;PPEF2;HIPK3"
"Regulation Of Primary Metabolic Process (GO:0080090)","7/43",0.698461418034203,0.999996292850528,0,0,0.864073770988665,0.310094765986556,"PM20D2;ROCK2;OPA3;GPS2;NR1D2;FGFR4;PPARA"
"Skeletal System Morphogenesis (GO:0048705)","7/43",0.698461418034203,0.999996292850528,0,0,0.864073770988665,0.310094765986556,"HOXA9;ATG9A;HOXA3;SIX1;FUZ;HOXC9;HOXA4"
"Activation Of Protein Kinase B Activity (GO:0032148)","4/25",0.699485748469331,0.999996292850528,0,0,0.846526236550766,0.30255682281701,"PINK1;PARK7;ADRA2B;MTOR"
"Bile Acid Biosynthetic Process (GO:0006699)","4/25",0.699485748469331,0.999996292850528,0,0,0.846526236550766,0.30255682281701,"ACOT8;OSBPL7;OSBPL6;OSBPL1A"
"Late Endosome To Vacuole Transport Via Multivesicular Body Sorting Pathway (GO:0032511)","4/25",0.699485748469331,0.999996292850528,0,0,0.846526236550766,0.30255682281701,"VTA1;UBAP1;VPS37A;CHMP6"
"Mitotic Cell Cycle Checkpoint Signaling (GO:0007093)","4/25",0.699485748469331,0.999996292850528,0,0,0.846526236550766,0.30255682281701,"BABAM1;VPS4A;NABP2;SETMAR"
"Regulation Of Biomineral Tissue Development (GO:0070167)","4/25",0.699485748469331,0.999996292850528,0,0,0.846526236550766,0.30255682281701,"CEBPB;ROCK2;NBR1;NOTUM"
"Regulation Of Hippo Signaling (GO:0035330)","4/25",0.699485748469331,0.999996292850528,0,0,0.846526236550766,0.30255682281701,"MAP2K3;SCHIP1;NF2;MARK3"
"Regulation Of Intracellular Estrogen Receptor Signaling Pathway (GO:0033146)","4/25",0.699485748469331,0.999996292850528,0,0,0.846526236550766,0.30255682281701,"PAK1;CARM1;UFSP2;STRN3"
"Regulation Of Neutrophil Chemotaxis (GO:0090022)","4/25",0.699485748469331,0.999996292850528,0,0,0.846526236550766,0.30255682281701,"C1QBP;DAPK2;DNM1L;MCU"
"Regulation Of Postsynapse Organization (GO:0099175)","4/25",0.699485748469331,0.999996292850528,0,0,0.846526236550766,0.30255682281701,"HOMER1;NOL3;PDLIM5;LZTS3"
"Vesicle-Mediated Transport Between Endosomal Compartments (GO:0098927)","4/25",0.699485748469331,0.999996292850528,0,0,0.846526236550766,0.30255682281701,"HOOK2;LMTK2;ATG14;RILP"
"Regulation Of Cell Communication (GO:0010646)","8/49",0.700259980683793,0.999996292850528,0,0,0.867054869730143,0.308934781812608,"TSPYL2;CAMK2D;GRK4;CASQ2;ITGB6;YWHAG;TRDN;HCN1"
"AV Node Cell Action Potential (GO:0086016)","1/6",0.704071892459244,0.999996292850528,0,0,0.888997821350763,0.311926939938845,"SCN5A"
"AV Node Cell To Bundle Of His Cell Communication (GO:0086067)","1/6",0.704071892459244,0.999996292850528,0,0,0.888997821350763,0.311926939938845,"SCN5A"
"CENP-A Containing Chromatin Assembly (GO:0034080)","1/6",0.704071892459244,0.999996292850528,0,0,0.888997821350763,0.311926939938845,"OIP5"
"G-quadruplex DNA Unwinding (GO:0044806)","1/6",0.704071892459244,0.999996292850528,0,0,0.888997821350763,0.311926939938845,"HNRNPA2B1"
"IRE1-mediated Unfolded Protein Response (GO:0036498)","1/6",0.704071892459244,0.999996292850528,0,0,0.888997821350763,0.311926939938845,"VAPB"
"N-acetylneuraminate Catabolic Process (GO:0019262)","1/6",0.704071892459244,0.999996292850528,0,0,0.888997821350763,0.311926939938845,"HOGA1"
"RIG-I Signaling Pathway (GO:0039529)","1/6",0.704071892459244,0.999996292850528,0,0,0.888997821350763,0.311926939938845,"PHB2"
"SMAD Protein Complex Assembly (GO:0007183)","1/6",0.704071892459244,0.999996292850528,0,0,0.888997821350763,0.311926939938845,"SMAD3"
"Aggrephagy (GO:0035973)","1/6",0.704071892459244,0.999996292850528,0,0,0.888997821350763,0.311926939938845,"SQSTM1"
"Angiotensin-Activated Signaling Pathway (GO:0038166)","1/6",0.704071892459244,0.999996292850528,0,0,0.888997821350763,0.311926939938845,"CAMK2A"
"Anterograde Dendritic Transport (GO:0098937)","1/6",0.704071892459244,0.999996292850528,0,0,0.888997821350763,0.311926939938845,"STAU2"
"Antigen Processing And Presentation Of Exogenous Peptide Antigen Via MHC Class I (GO:0042590)","1/6",0.704071892459244,0.999996292850528,0,0,0.888997821350763,0.311926939938845,"IKBKB"
"Auditory Receptor Cell Morphogenesis (GO:0002093)","1/6",0.704071892459244,0.999996292850528,0,0,0.888997821350763,0.311926939938845,"SOD1"
"Auditory Receptor Cell Stereocilium Organization (GO:0060088)","1/6",0.704071892459244,0.999996292850528,0,0,0.888997821350763,0.311926939938845,"SOD1"
"Calcitonin Family Receptor Signaling Pathway (GO:0097646)","1/6",0.704071892459244,0.999996292850528,0,0,0.888997821350763,0.311926939938845,"RAMP1"
"Cardiac Muscle Cell Myoblast Differentiation (GO:0060379)","1/6",0.704071892459244,0.999996292850528,0,0,0.888997821350763,0.311926939938845,"SRF"
"Catecholamine Uptake (GO:0090493)","1/6",0.704071892459244,0.999996292850528,0,0,0.888997821350763,0.311926939938845,"SLC22A3"
"Cellular Hypotonic Response (GO:0071476)","1/6",0.704071892459244,0.999996292850528,0,0,0.888997821350763,0.311926939938845,"CAB39"
"Cellular Response To Laminar Fluid Shear Stress (GO:0071499)","1/6",0.704071892459244,0.999996292850528,0,0,0.888997821350763,0.311926939938845,"MAP2K5"
"Chromatin Remodeling At Centromere (GO:0031055)","1/6",0.704071892459244,0.999996292850528,0,0,0.888997821350763,0.311926939938845,"OIP5"
"Citrulline Metabolic Process (GO:0000052)","1/6",0.704071892459244,0.999996292850528,0,0,0.888997821350763,0.311926939938845,"DDAH1"
"Clathrin Coat Disassembly (GO:0072318)","1/6",0.704071892459244,0.999996292850528,0,0,0.888997821350763,0.311926939938845,"HSPA8"
"Clathrin-Coated Vesicle Cargo Loading (GO:0035652)","1/6",0.704071892459244,0.999996292850528,0,0,0.888997821350763,0.311926939938845,"AP3S2"
"Clathrin-Coated Vesicle Cargo Loading, AP-3-mediated (GO:0035654)","1/6",0.704071892459244,0.999996292850528,0,0,0.888997821350763,0.311926939938845,"AP3S2"
"Dense Core Granule Cytoskeletal Transport (GO:0099519)","1/6",0.704071892459244,0.999996292850528,0,0,0.888997821350763,0.311926939938845,"KIF1C"
"Enteric Nervous System Development (GO:0048484)","1/6",0.704071892459244,0.999996292850528,0,0,0.888997821350763,0.311926939938845,"GDNF"
"Epithelial Cell Differentiation Involved In Kidney Development (GO:0035850)","1/6",0.704071892459244,0.999996292850528,0,0,0.888997821350763,0.311926939938845,"MEF2C"
"Free Ubiquitin Chain Polymerization (GO:0010994)","1/6",0.704071892459244,0.999996292850528,0,0,0.888997821350763,0.311926939938845,"TRIM32"
"Galactose Metabolic Process (GO:0006012)","1/6",0.704071892459244,0.999996292850528,0,0,0.888997821350763,0.311926939938845,"GALT"
"Gamma-Aminobutyric Acid Transport (GO:0015812)","1/6",0.704071892459244,0.999996292850528,0,0,0.888997821350763,0.311926939938845,"SLC6A1"
"Glandular Epithelial Cell Development (GO:0002068)","1/6",0.704071892459244,0.999996292850528,0,0,0.888997821350763,0.311926939938845,"BMP5"
"Glycosylceramide Biosynthetic Process (GO:0046476)","1/6",0.704071892459244,0.999996292850528,0,0,0.888997821350763,0.311926939938845,"GAL3ST1"
"Heart Trabecula Formation (GO:0060347)","1/6",0.704071892459244,0.999996292850528,0,0,0.888997821350763,0.311926939938845,"POLR2D"
"Hemostasis (GO:0007599)","1/6",0.704071892459244,0.999996292850528,0,0,0.888997821350763,0.311926939938845,"GPI"
"Hepatocyte Growth Factor Receptor Signaling Pathway (GO:0048012)","1/6",0.704071892459244,0.999996292850528,0,0,0.888997821350763,0.311926939938845,"PAK1"
"Hindlimb Morphogenesis (GO:0035137)","1/6",0.704071892459244,0.999996292850528,0,0,0.888997821350763,0.311926939938845,"OXSR1"
"Histidine Catabolic Process (GO:0006548)","1/6",0.704071892459244,0.999996292850528,0,0,0.888997821350763,0.311926939938845,"CARNS1"
"Histidine Metabolic Process (GO:0006547)","1/6",0.704071892459244,0.999996292850528,0,0,0.888997821350763,0.311926939938845,"CARNS1"
"Histone H4-K12 Acetylation (GO:0043983)","1/6",0.704071892459244,0.999996292850528,0,0,0.888997821350763,0.311926939938845,"KAT7"
"Hypotonic Response (GO:0006971)","1/6",0.704071892459244,0.999996292850528,0,0,0.888997821350763,0.311926939938845,"CAB39"
"Leukotriene Transport (GO:0071716)","1/6",0.704071892459244,0.999996292850528,0,0,0.888997821350763,0.311926939938845,"ABCC2"
"Long-Term Synaptic Depression (GO:0060292)","1/6",0.704071892459244,0.999996292850528,0,0,0.888997821350763,0.311926939938845,"PICK1"
"Lymphocyte Migration Into Lymphoid Organs (GO:0097021)","1/6",0.704071892459244,0.999996292850528,0,0,0.888997821350763,0.311926939938845,"RET"
"Metanephric Nephron Tubule Development (GO:0072234)","1/6",0.704071892459244,0.999996292850528,0,0,0.888997821350763,0.311926939938845,"PKD1"
"Mitotic Nuclear Membrane Disassembly (GO:0007077)","1/6",0.704071892459244,0.999996292850528,0,0,0.888997821350763,0.311926939938845,"LPIN1"
"Monoacylglycerol Biosynthetic Process (GO:0006640)","1/6",0.704071892459244,0.999996292850528,0,0,0.888997821350763,0.311926939938845,"DGAT1"
"Monoacylglycerol Catabolic Process (GO:0052651)","1/6",0.704071892459244,0.999996292850528,0,0,0.888997821350763,0.311926939938845,"FAAH"
"Negative Regulation Of RIG-I Signaling Pathway (GO:0039536)","1/6",0.704071892459244,0.999996292850528,0,0,0.888997821350763,0.311926939938845,"NPLOC4"
"Negative Regulation Of Cardiocyte Differentiation (GO:1905208)","1/6",0.704071892459244,0.999996292850528,0,0,0.888997821350763,0.311926939938845,"SOX6"
"Negative Regulation Of Catecholamine Secretion (GO:0033604)","1/6",0.704071892459244,0.999996292850528,0,0,0.888997821350763,0.311926939938845,"ADRA2B"
"Negative Regulation Of Double-Strand Break Repair Via Nonhomologous End Joining (GO:2001033)","1/6",0.704071892459244,0.999996292850528,0,0,0.888997821350763,0.311926939938845,"HSF1"
"Negative Regulation Of Epidermal Cell Differentiation (GO:0045605)","1/6",0.704071892459244,0.999996292850528,0,0,0.888997821350763,0.311926939938845,"HOXA7"
"Negative Regulation Of Establishment Of Protein Localization To Mitochondrion (GO:1903748)","1/6",0.704071892459244,0.999996292850528,0,0,0.888997821350763,0.311926939938845,"MAPT"
"Negative Regulation Of Glycogen Metabolic Process (GO:0070874)","1/6",0.704071892459244,0.999996292850528,0,0,0.888997821350763,0.311926939938845,"GSK3A"
"Negative Regulation Of Lymphocyte Differentiation (GO:0045620)","1/6",0.704071892459244,0.999996292850528,0,0,0.888997821350763,0.311926939938845,"INHA"
"Negative Regulation Of Membrane Protein Ectodomain Proteolysis (GO:0051045)","1/6",0.704071892459244,0.999996292850528,0,0,0.888997821350763,0.311926939938845,"PTPN3"
"Negative Regulation Of Protein Sumoylation (GO:0033234)","1/6",0.704071892459244,0.999996292850528,0,0,0.888997821350763,0.311926939938845,"PARK7"
"Negative Regulation Of Response To Reactive Oxygen Species (GO:1901032)","1/6",0.704071892459244,0.999996292850528,0,0,0.888997821350763,0.311926939938845,"PARK7"
"Negative Regulation Of Ruffle Assembly (GO:1900028)","1/6",0.704071892459244,0.999996292850528,0,0,0.888997821350763,0.311926939938845,"PFN2"
"Negative Regulation Of Steroid Metabolic Process (GO:0045939)","1/6",0.704071892459244,0.999996292850528,0,0,0.888997821350763,0.311926939938845,"BMP5"
"Negative Regulation Of Stress-Activated Protein Kinase Signaling Cascade (GO:0070303)","1/6",0.704071892459244,0.999996292850528,0,0,0.888997821350763,0.311926939938845,"IGBP1"
"Norepinephrine Transport (GO:0015874)","1/6",0.704071892459244,0.999996292850528,0,0,0.888997821350763,0.311926939938845,"SLC22A3"
"Nuclear Polyadenylation-Dependent ncRNA Catabolic Process (GO:0071046)","1/6",0.704071892459244,0.999996292850528,0,0,0.888997821350763,0.311926939938845,"EXOSC7"
"Nuclear Polyadenylation-Dependent rRNA Catabolic Process (GO:0071035)","1/6",0.704071892459244,0.999996292850528,0,0,0.888997821350763,0.311926939938845,"EXOSC7"
"Nuclear Polyadenylation-Dependent tRNA Catabolic Process (GO:0071038)","1/6",0.704071892459244,0.999996292850528,0,0,0.888997821350763,0.311926939938845,"EXOSC7"
"Nucleobase Catabolic Process (GO:0046113)","1/6",0.704071892459244,0.999996292850528,0,0,0.888997821350763,0.311926939938845,"DPYSL5"
"Nucleoside Diphosphate Catabolic Process (GO:0009134)","1/6",0.704071892459244,0.999996292850528,0,0,0.888997821350763,0.311926939938845,"ENTPD5"
"Nucleotide Catabolic Process (GO:0009166)","1/6",0.704071892459244,0.999996292850528,0,0,0.888997821350763,0.311926939938845,"NUDT3"
"Nucleotide Transport (GO:0006862)","1/6",0.704071892459244,0.999996292850528,0,0,0.888997821350763,0.311926939938845,"SLC25A33"
"Pharyngeal Arch Artery Morphogenesis (GO:0061626)","1/6",0.704071892459244,0.999996292850528,0,0,0.888997821350763,0.311926939938845,"NOG"
"Phospholipase C-activating Dopamine Receptor Signaling Pathway (GO:0060158)","1/6",0.704071892459244,0.999996292850528,0,0,0.888997821350763,0.311926939938845,"GNA11"
"Placenta Blood Vessel Development (GO:0060674)","1/6",0.704071892459244,0.999996292850528,0,0,0.888997821350763,0.311926939938845,"PKD1"
"Polyadenylation-Dependent snoRNA 3'-End Processing (GO:0071051)","1/6",0.704071892459244,0.999996292850528,0,0,0.888997821350763,0.311926939938845,"EXOSC5"
"Positive Regulation Of ER-associated Ubiquitin-Dependent Protein Catabolic Process (GO:1903071)","1/6",0.704071892459244,0.999996292850528,0,0,0.888997821350763,0.311926939938845,"SGTA"
"Positive Regulation Of IRE1-mediated Unfolded Protein Response (GO:1903896)","1/6",0.704071892459244,0.999996292850528,0,0,0.888997821350763,0.311926939938845,"DAB2IP"
"Positive Regulation Of Aspartic-Type Endopeptidase Activity Involved In Amyloid Precursor Protein Catabolic Process (GO:1902961)","1/6",0.704071892459244,0.999996292850528,0,0,0.888997821350763,0.311926939938845,"ROCK2"
"Positive Regulation Of Cilium Movement (GO:0003353)","1/6",0.704071892459244,0.999996292850528,0,0,0.888997821350763,0.311926939938845,"TACR2"
"Positive Regulation Of Cilium-Dependent Cell Motility (GO:2000155)","1/6",0.704071892459244,0.999996292850528,0,0,0.888997821350763,0.311926939938845,"TACR2"
"Positive Regulation Of Flagellated Sperm Motility (GO:1902093)","1/6",0.704071892459244,0.999996292850528,0,0,0.888997821350763,0.311926939938845,"TACR2"
"Positive Regulation Of Gastrulation (GO:2000543)","1/6",0.704071892459244,0.999996292850528,0,0,0.888997821350763,0.311926939938845,"OXSR1"
"Positive Regulation Of Hormone Metabolic Process (GO:0032352)","1/6",0.704071892459244,0.999996292850528,0,0,0.888997821350763,0.311926939938845,"HPN"
"Positive Regulation Of Interleukin-5 Production (GO:0032754)","1/6",0.704071892459244,0.999996292850528,0,0,0.888997821350763,0.311926939938845,"PDE4D"
"Positive Regulation Of Intracellular Estrogen Receptor Signaling Pathway (GO:0033148)","1/6",0.704071892459244,0.999996292850528,0,0,0.888997821350763,0.311926939938845,"PAK1"
"Positive Regulation Of Kidney Development (GO:0090184)","1/6",0.704071892459244,0.999996292850528,0,0,0.888997821350763,0.311926939938845,"NOG"
"Positive Regulation Of mRNA Binding (GO:1902416)","1/6",0.704071892459244,0.999996292850528,0,0,0.888997821350763,0.311926939938845,"EIF4G1"
"Positive Regulation Of Membrane Depolarization (GO:1904181)","1/6",0.704071892459244,0.999996292850528,0,0,0.888997821350763,0.311926939938845,"MLLT11"
"Positive Regulation Of Necrotic Cell Death (GO:0010940)","1/6",0.704071892459244,0.999996292850528,0,0,0.888997821350763,0.311926939938845,"HEBP2"
"Positive Regulation Of Phospholipid Biosynthetic Process (GO:0071073)","1/6",0.704071892459244,0.999996292850528,0,0,0.888997821350763,0.311926939938845,"FABP3"
"Positive Regulation Of Protein Localization To Centrosome (GO:1904781)","1/6",0.704071892459244,0.999996292850528,0,0,0.888997821350763,0.311926939938845,"MARK4"
"Positive Regulation Of Striated Muscle Contraction (GO:0045989)","1/6",0.704071892459244,0.999996292850528,0,0,0.888997821350763,0.311926939938845,"ATP2A1"
"Positive Regulation Of Trophoblast Cell Migration (GO:1901165)","1/6",0.704071892459244,0.999996292850528,0,0,0.888997821350763,0.311926939938845,"C1QBP"
"Protein Catabolic Process In The Vacuole (GO:0007039)","1/6",0.704071892459244,0.999996292850528,0,0,0.888997821350763,0.311926939938845,"VPS13A"
"Protein Localization To Ciliary Membrane (GO:1903441)","1/6",0.704071892459244,0.999996292850528,0,0,0.888997821350763,0.311926939938845,"RABEP1"
"Proteoglycan Catabolic Process (GO:0030167)","1/6",0.704071892459244,0.999996292850528,0,0,0.888997821350763,0.311926939938845,"GPC1"
"Pyrimidine Ribonucleotide Biosynthetic Process (GO:0009220)","1/6",0.704071892459244,0.999996292850528,0,0,0.888997821350763,0.311926939938845,"DHODH"
"rDNA Heterochromatin Formation (GO:0000183)","1/6",0.704071892459244,0.999996292850528,0,0,0.888997821350763,0.311926939938845,"SIRT2"
"Regulation Of MDA-5 Signaling Pathway (GO:0039533)","1/6",0.704071892459244,0.999996292850528,0,0,0.888997821350763,0.311926939938845,"C1QBP"
"Regulation Of MHC Class I Biosynthetic Process (GO:0045343)","1/6",0.704071892459244,0.999996292850528,0,0,0.888997821350763,0.311926939938845,"TAF7"
"Regulation Of NAD(P)H Oxidase Activity (GO:0033860)","1/6",0.704071892459244,0.999996292850528,0,0,0.888997821350763,0.311926939938845,"PARK7"
"Regulation Of SA Node Cell Action Potential (GO:0098907)","1/6",0.704071892459244,0.999996292850528,0,0,0.888997821350763,0.311926939938845,"HCN1"
"Regulation Of Adiponectin Secretion (GO:0070163)","1/6",0.704071892459244,0.999996292850528,0,0,0.888997821350763,0.311926939938845,"RAB11FIP3"
"Regulation Of Aldosterone Biosynthetic Process (GO:0032347)","1/6",0.704071892459244,0.999996292850528,0,0,0.888997821350763,0.311926939938845,"BMP5"
"Regulation Of Bile Acid Metabolic Process (GO:1904251)","1/6",0.704071892459244,0.999996292850528,0,0,0.888997821350763,0.311926939938845,"FGFR4"
"Regulation Of Cardiac Muscle Hypertrophy In Response To Stress (GO:1903242)","1/6",0.704071892459244,0.999996292850528,0,0,0.888997821350763,0.311926939938845,"MLIP"
"Regulation Of Collagen Fibril Organization (GO:1904026)","1/6",0.704071892459244,0.999996292850528,0,0,0.888997821350763,0.311926939938845,"CHADL"
"Regulation Of Cortisol Biosynthetic Process (GO:2000064)","1/6",0.704071892459244,0.999996292850528,0,0,0.888997821350763,0.311926939938845,"BMP5"
"Regulation Of Endothelial Cell Chemotaxis To Fibroblast Growth Factor (GO:2000544)","1/6",0.704071892459244,0.999996292850528,0,0,0.888997821350763,0.311926939938845,"FGF16"
"Regulation Of Extracellular Matrix Assembly (GO:1901201)","1/6",0.704071892459244,0.999996292850528,0,0,0.888997821350763,0.311926939938845,"SMAD3"
"Regulation Of Hemoglobin Biosynthetic Process (GO:0046984)","1/6",0.704071892459244,0.999996292850528,0,0,0.888997821350763,0.311926939938845,"PRMT1"
"Regulation Of Lens Fiber Cell Differentiation (GO:1902746)","1/6",0.704071892459244,0.999996292850528,0,0,0.888997821350763,0.311926939938845,"SPRY2"
"Regulation Of Microtubule Binding (GO:1904526)","1/6",0.704071892459244,0.999996292850528,0,0,0.888997821350763,0.311926939938845,"GAS8"
"Regulation Of Mitochondrial Membrane Permeability Involved In Apoptotic Process (GO:1902108)","1/6",0.704071892459244,0.999996292850528,0,0,0.888997821350763,0.311926939938845,"CAMK2A"
"Regulation Of Muscle Organ Development (GO:0048634)","1/6",0.704071892459244,0.999996292850528,0,0,0.888997821350763,0.311926939938845,"SFMBT1"
"Regulation Of Myosin-Light-Chain-Phosphatase Activity (GO:0035507)","1/6",0.704071892459244,0.999996292850528,0,0,0.888997821350763,0.311926939938845,"ROCK2"
"Regulation Of Potassium Ion Export Across Plasma Membrane (GO:1903764)","1/6",0.704071892459244,0.999996292850528,0,0,0.888997821350763,0.311926939938845,"KCNE5"
"Regulation Of Respiratory Gaseous Exchange (GO:0043576)","1/6",0.704071892459244,0.999996292850528,0,0,0.888997821350763,0.311926939938845,"MTG2"
"Regulation Of Respiratory System Process (GO:0044065)","1/6",0.704071892459244,0.999996292850528,0,0,0.888997821350763,0.311926939938845,"MTG2"
"Regulation Of Striated Muscle Tissue Development (GO:0016202)","1/6",0.704071892459244,0.999996292850528,0,0,0.888997821350763,0.311926939938845,"SIRT2"
"Regulation Of Transforming Growth Factor Beta1 Production (GO:0032908)","1/6",0.704071892459244,0.999996292850528,0,0,0.888997821350763,0.311926939938845,"LAPTM4B"
"Regulation Of Transforming Growth Factor Beta2 Production (GO:0032909)","1/6",0.704071892459244,0.999996292850528,0,0,0.888997821350763,0.311926939938845,"SMAD3"
"Regulation Of Vascular Associated Smooth Muscle Cell Apoptotic Process (GO:1905459)","1/6",0.704071892459244,0.999996292850528,0,0,0.888997821350763,0.311926939938845,"MFN2"
"Response To Alkaloid (GO:0043279)","1/6",0.704071892459244,0.999996292850528,0,0,0.888997821350763,0.311926939938845,"RYR1"
"Response To Lead Ion (GO:0010288)","1/6",0.704071892459244,0.999996292850528,0,0,0.888997821350763,0.311926939938845,"PPP5C"
"Ribosomal Large Subunit Export From Nucleus (GO:0000055)","1/6",0.704071892459244,0.999996292850528,0,0,0.888997821350763,0.311926939938845,"NUP88"
"Ribosomal Small Subunit Export From Nucleus (GO:0000056)","1/6",0.704071892459244,0.999996292850528,0,0,0.888997821350763,0.311926939938845,"NUP88"
"Ribosome-Associated Ubiquitin-Dependent Protein Catabolic Process (GO:1990116)","1/6",0.704071892459244,0.999996292850528,0,0,0.888997821350763,0.311926939938845,"RNF10"
"Smooth Muscle Cell Migration (GO:0014909)","1/6",0.704071892459244,0.999996292850528,0,0,0.888997821350763,0.311926939938845,"DDR1"
"Spontaneous Synaptic Transmission (GO:0098814)","1/6",0.704071892459244,0.999996292850528,0,0,0.888997821350763,0.311926939938845,"RPH3AL"
"Synaptic Vesicle Budding From Presynaptic Endocytic Zone Membrane (GO:0016185)","1/6",0.704071892459244,0.999996292850528,0,0,0.888997821350763,0.311926939938845,"AP3S2"
"Synaptic Vesicle Docking (GO:0016081)","1/6",0.704071892459244,0.999996292850528,0,0,0.888997821350763,0.311926939938845,"UNC13C"
"Type B Pancreatic Cell Development (GO:0003323)","1/6",0.704071892459244,0.999996292850528,0,0,0.888997821350763,0.311926939938845,"BMP5"
"Ureter Development (GO:0072189)","1/6",0.704071892459244,0.999996292850528,0,0,0.888997821350763,0.311926939938845,"OXSR1"
"Vacuole Organization (GO:0007033)","1/6",0.704071892459244,0.999996292850528,0,0,0.888997821350763,0.311926939938845,"VPS4A"
"Vesicle Fusion With Golgi Apparatus (GO:0048280)","1/6",0.704071892459244,0.999996292850528,0,0,0.888997821350763,0.311926939938845,"YIPF7"
"White Fat Cell Differentiation (GO:0050872)","1/6",0.704071892459244,0.999996292850528,0,0,0.888997821350763,0.311926939938845,"CTBP1"
"Zinc Ion Import Into Organelle (GO:0062111)","1/6",0.704071892459244,0.999996292850528,0,0,0.888997821350763,0.311926939938845,"SLC30A2"
"Regulation Of Cell Growth (GO:0001558)","39/227",0.7043789303421,0.999996292850528,0,0,0.92129445309664,0.322857335767681,"N6AMT1;URI1;NDUFA13;CAMK2D;MAPKAP1;HPN;FHL1;AKAP6;TMEM97;RTN4;RPTOR;DNAJB2;STK11;PPP2R1A;FRZB;MLST8;KAT7;TEAD1;ROS1;TSPYL2;LGI1;USP47;SMAD3;CSNK2A1;OSGIN1;KLHL22;OSGIN2;MTOR;SUPV3L1;BCL6;MYL2;BCL2;NDUFS3;PRKCQ;HDGFL2;FXN;SLC25A33;TRIM32;EIF4G1"
"BMP Signaling Pathway (GO:0030509)","10/61",0.705048551383499,0.999996292850528,0,0,0.87124557712793,0.304490406878253,"GDF9;USP15;AMHR2;HJV;NOG;GDF1;RGMB;ACVR2B;RGMA;INHBE"
"COPII Vesicle Coating (GO:0048208)","3/19",0.705304045046042,0.999996292850528,0,0,0.833327656675749,0.290936601105381,"PPP6C;CUL3;PREB"
"Cardiac Ventricle Development (GO:0003231)","3/19",0.705304045046042,0.999996292850528,0,0,0.833327656675749,0.290936601105381,"HECTD1;TMEM65;SCN5A"
"Cellular Response To Catecholamine Stimulus (GO:0071870)","3/19",0.705304045046042,0.999996292850528,0,0,0.833327656675749,0.290936601105381,"PRKN;PRKACA;SIRT2"
"Fluid Transport (GO:0042044)","3/19",0.705304045046042,0.999996292850528,0,0,0.833327656675749,0.290936601105381,"AQP11;AQP4;UPK3A"
"Linoleic Acid Metabolic Process (GO:0043651)","3/19",0.705304045046042,0.999996292850528,0,0,0.833327656675749,0.290936601105381,"CYP2J2;GSTM2;RAPSN"
"Mesoderm Development (GO:0007498)","3/19",0.705304045046042,0.999996292850528,0,0,0.833327656675749,0.290936601105381,"TBX1;MESP1;TCF15"
"Nucleotide Biosynthetic Process (GO:0009165)","3/19",0.705304045046042,0.999996292850528,0,0,0.833327656675749,0.290936601105381,"MTHFD1;NMNAT1;RRM2B"
"Protein Insertion Into Membrane (GO:0051205)","3/19",0.705304045046042,0.999996292850528,0,0,0.833327656675749,0.290936601105381,"REEP1;MAIP1;GET4"
"rRNA Catabolic Process (GO:0016075)","3/19",0.705304045046042,0.999996292850528,0,0,0.833327656675749,0.290936601105381,"EXOSC7;EXOSC5;DIS3L"
"Regulation Of Nuclear Division (GO:0051783)","3/19",0.705304045046042,0.999996292850528,0,0,0.833327656675749,0.290936601105381,"PDXP;PIN1;OBSL1"
"Vesicle Targeting, Rough ER To cis-Golgi (GO:0048207)","3/19",0.705304045046042,0.999996292850528,0,0,0.833327656675749,0.290936601105381,"PPP6C;CUL3;PREB"
"Water Transport (GO:0006833)","3/19",0.705304045046042,0.999996292850528,0,0,0.833327656675749,0.290936601105381,"AQP11;AQP4;UPK3A"
"Xenobiotic Catabolic Process (GO:0042178)","3/19",0.705304045046042,0.999996292850528,0,0,0.833327656675749,0.290936601105381,"GSTM4;GSTM2;NOS1"
"DNA-templated Transcription (GO:0006351)","34/199",0.707871315096735,0.999996292850528,0,0,0.915183158876481,0.316189338636379,"NFIX;THRB;THRA;GTF3C6;CCDC124;MRPL12;FOXO3;PMF1;SNAPC3;POLR2C;HSF1;POLR2D;POLR2I;POLR2J;MEF2A;MTERF3;PARP1;TSC22D1;POLR3GL;MTERF4;TWNK;TFB2M;POLRMT;MLF1;HIPK3;PPP5C;NFIC;COPS2;TCEA3;TCEA2;TAF7;MNAT1;SLC25A33;ATF4"
"Positive Regulation Of Secretion By Cell (GO:1903532)","12/73",0.710631348542995,0.999996292850528,0,0,0.87404229785824,0.298574143205389,"ACHE;MYOM1;RAB3A;KCNB1;ANKRD1;MYO18A;APBB1;DNM1L;PPID;CLASP1;TTN;CLASP2"
"Cellular Response To UV (GO:0034644)","13/79",0.713560095050907,0.999996292850528,0,0,0.875115913230667,0.295341661802158,"USP47;TMEM161A;PARP1;GDF1;TRIAP1;USP28;CUL4A;STK11;RUVBL2;NEDD4;MAP3K20;PPID;ATF4"
"Calcium-Mediated Signaling (GO:0019722)","14/85",0.716532629748126,0.999996292850528,0,0,0.876034012217607,0.292009724579596,"FIS1;DMPK;PTGDR2;ATP2A2;PPP1R9A;ATP1B1;CNKSR2;PPP3CB;PPP3CC;ORC3;RCAN2;TNNI3;PRKACA;MCU"
"Positive Regulation Of Protein Localization (GO:1903829)","14/85",0.716532629748126,0.999996292850528,0,0,0.876034012217607,0.292009724579596,"PRKN;HSP90AB1;PRKAA2;TESK1;PARK7;RTN4;PPP3CB;PTP4A3;KAT7;MAPT;GPD1L;MARK4;GAS8;LAMTOR5"
"Regulation Of Kinase Activity (GO:0043549)","14/85",0.716532629748126,0.999996292850528,0,0,0.876034012217607,0.292009724579596,"DDR1;RET;TSPYL2;MUSK;NPRL2;TTN;SOD1;PRDX3;CSRP3;RBL1;ERBB4;MAPT;FGFR4;ROS1"
"Transport Across Blood-Brain Barrier (GO:0150104)","14/85",0.716532629748126,0.999996292850528,0,0,0.876034012217607,0.292009724579596,"SLC22A3;ABCC2;SLC22A5;SLC24A3;SLC16A1;ATP8A1;ATP1A4;SLC16A12;ATP1A2;LRP3;SLC2A4;SLC6A1;SLC38A3;SLC29A2"
"Protein Localization To Organelle (GO:0033365)","23/137",0.716841277208938,0.999996292850528,0,0,0.896176399903869,0.298337870569405,"BBS2;YWHAE;CEP68;GABARAPL2;MTCH2;PRKAA2;DDX1;SIX1;YBX1;RCSD1;CTDNEP1;MAVS;CSRP3;PAK1;OBSCN;SIX4;TTC21B;DVL1;OBSL1;ATP6V1D;OPTN;SGCG;GET4"
"Amyloid Precursor Protein Catabolic Process (GO:0042987)","2/13",0.719430359752945,0.999996292850528,0,0,0.808102820633466,0.266104660449411,"DYRK1A;PSEN2"
"Cardiocyte Differentiation (GO:0035051)","2/13",0.719430359752945,0.999996292850528,0,0,0.808102820633466,0.266104660449411,"MESP1;ASB2"
"Catecholamine Metabolic Process (GO:0006584)","2/13",0.719430359752945,0.999996292850528,0,0,0.808102820633466,0.266104660449411,"PNMT;PRKN"
"Endothelial Cell Differentiation (GO:0045446)","2/13",0.719430359752945,0.999996292850528,0,0,0.808102820633466,0.266104660449411,"MESP1;PROX1"
"Monoacylglycerol Metabolic Process (GO:0046462)","2/13",0.719430359752945,0.999996292850528,0,0,0.808102820633466,0.266104660449411,"FAAH;DGAT1"
"Negative Regulation Of NLRP3 Inflammasome Complex Assembly (GO:1900226)","2/13",0.719430359752945,0.999996292850528,0,0,0.808102820633466,0.266104660449411,"HSPA8;CPTP"
"Negative Regulation Of Cell Migration Involved In Sprouting Angiogenesis (GO:0090051)","2/13",0.719430359752945,0.999996292850528,0,0,0.808102820633466,0.266104660449411,"HDAC5;MAP2K5"
"Negative Regulation Of Lyase Activity (GO:0051350)","2/13",0.719430359752945,0.999996292850528,0,0,0.808102820633466,0.266104660449411,"MTRR;PHPT1"
"Negative Regulation Of Myoblast Differentiation (GO:0045662)","2/13",0.719430359752945,0.999996292850528,0,0,0.808102820633466,0.266104660449411,"MSTN;TMEM182"
"Negative Regulation Of Secretion (GO:0051048)","2/13",0.719430359752945,0.999996292850528,0,0,0.808102820633466,0.266104660449411,"EGF;SPX"
"Negative Regulation Of Toll-Like Receptor Signaling Pathway (GO:0034122)","2/13",0.719430359752945,0.999996292850528,0,0,0.808102820633466,0.266104660449411,"OTUD4;GPS2"
"Negative Regulation Of Translational Initiation (GO:0045947)","2/13",0.719430359752945,0.999996292850528,0,0,0.808102820633466,0.266104660449411,"PAIP2B;PAIP2"
"Negative Regulation Of Viral Transcription (GO:0032897)","2/13",0.719430359752945,0.999996292850528,0,0,0.808102820633466,0.266104660449411,"TRIM32;MID2"
"Peptidyl-Tyrosine Autophosphorylation (GO:0038083)","2/13",0.719430359752945,0.999996292850528,0,0,0.808102820633466,0.266104660449411,"DDR1;DYRK1A"
"Plasma Membrane Tubulation (GO:0097320)","2/13",0.719430359752945,0.999996292850528,0,0,0.808102820633466,0.266104660449411,"PACSIN3;WHAMM"
"Positive Regulation Of Brown Fat Cell Differentiation (GO:0090336)","2/13",0.719430359752945,0.999996292850528,0,0,0.808102820633466,0.266104660449411,"FNDC5;SIX1"
"Positive Regulation Of Cyclase Activity (GO:0031281)","2/13",0.719430359752945,0.999996292850528,0,0,0.808102820633466,0.266104660449411,"STIM1;NOS1"
"Positive Regulation Of Insulin Secretion Involved In Cellular Response To Glucose Stimulus (GO:0035774)","2/13",0.719430359752945,0.999996292850528,0,0,0.808102820633466,0.266104660449411,"PPP3CB;PLA2G6"
"Positive Regulation Of Protein Deacetylation (GO:0090312)","2/13",0.719430359752945,0.999996292850528,0,0,0.808102820633466,0.266104660449411,"CTBP1;DYRK1A"
"Positive Regulation Of Superoxide Anion Generation (GO:0032930)","2/13",0.719430359752945,0.999996292850528,0,0,0.808102820633466,0.266104660449411,"MAPT;SOD1"
"Potassium Ion Export Across Plasma Membrane (GO:0097623)","2/13",0.719430359752945,0.999996292850528,0,0,0.808102820633466,0.266104660449411,"KCNE2;KCNE5"
"Regulation Of IRE1-mediated Unfolded Protein Response (GO:1903894)","2/13",0.719430359752945,0.999996292850528,0,0,0.808102820633466,0.266104660449411,"COPS5;DAB2IP"
"Regulation Of Cell Fate Commitment (GO:0010453)","2/13",0.719430359752945,0.999996292850528,0,0,0.808102820633466,0.266104660449411,"MBD3;MTA1"
"Regulation Of Cell Projection Organization (GO:0031344)","2/13",0.719430359752945,0.999996292850528,0,0,0.808102820633466,0.266104660449411,"SEMA4D;SPRY2"
"Regulation Of Intrinsic Apoptotic Signaling Pathway In Response To DNA Damage By P53 Class Mediator (GO:1902165)","2/13",0.719430359752945,0.999996292850528,0,0,0.808102820633466,0.266104660449411,"BCL2;TRIAP1"
"Regulation Of Leukocyte Migration (GO:0002685)","2/13",0.719430359752945,0.999996292850528,0,0,0.808102820633466,0.266104660449411,"MADCAM1;HOXA7"
"Regulation Of Macrophage Cytokine Production (GO:0010935)","2/13",0.719430359752945,0.999996292850528,0,0,0.808102820633466,0.266104660449411,"CUEDC2;GPRC5B"
"Regulation Of Nitrogen Compound Metabolic Process (GO:0051171)","2/13",0.719430359752945,0.999996292850528,0,0,0.808102820633466,0.266104660449411,"PM20D2;ROCK2"
"Regulation Of Response To Endoplasmic Reticulum Stress (GO:1905897)","2/13",0.719430359752945,0.999996292850528,0,0,0.808102820633466,0.266104660449411,"AQP11;USP19"
"Regulation Of Response To Stress (GO:0080134)","2/13",0.719430359752945,0.999996292850528,0,0,0.808102820633466,0.266104660449411,"MYL1;EIF4G1"
"Regulation Of Short-Term Neuronal Synaptic Plasticity (GO:0048172)","2/13",0.719430359752945,0.999996292850528,0,0,0.808102820633466,0.266104660449411,"SYNGR1;RAB3A"
"Response To UV-A (GO:0070141)","2/13",0.719430359752945,0.999996292850528,0,0,0.808102820633466,0.266104660449411,"GDF1;PPID"
"Response To Nerve Growth Factor (GO:1990089)","2/13",0.719430359752945,0.999996292850528,0,0,0.808102820633466,0.266104660449411,"RAPGEF1;MAPT"
"Signal Peptide Processing (GO:0006465)","2/13",0.719430359752945,0.999996292850528,0,0,0.808102820633466,0.266104660449411,"IMMP1L;IMMP2L"
"Suppression Of Viral Release By Host (GO:0044790)","2/13",0.719430359752945,0.999996292850528,0,0,0.808102820633466,0.266104660449411,"TRIM32;MID2"
"Positive Regulation Of Developmental Growth (GO:0048639)","8/50",0.722396983160034,0.999996292850528,0,0,0.846358734489703,0.275219316701453,"RNF157;GOLGA4;SEMA4D;RUFY3;TWF2;PLAA;NEDD4L;MAPT"
"Positive Regulation Of Transport (GO:0051050)","8/50",0.722396983160034,0.999996292850528,0,0,0.846358734489703,0.275219316701453,"GSK3A;CEBPB;RXRA;MYL1;AKT2;PLAA;CHCHD10;CBLL1"
"tRNA Processing (GO:0008033)","8/50",0.722396983160034,0.999996292850528,0,0,0.846358734489703,0.275219316701453,"DTWD2;PTCD1;POP7;ELAC2;DDX1;TRPT1;FAM98A;ELP5"
"Regulation Of Protein Localization (GO:0032880)","16/97",0.722523494312358,0.999996292850528,0,0,0.877518845981156,0.285198312162407,"HSP90AB1;PRKAA2;PARP1;EGF;VPS4A;TESK1;ZDHHC7;RSL1D1;DNAJB6;GPC1;DVL1;DVL3;PIN1;PLEKHM2;MAPT;NKX3-1"
"G2/M Transition Of Mitotic Cell Cycle (GO:0000086)","6/38",0.722702511872677,0.999996292850528,0,0,0.833191300790837,0.270585211369151,"WEE1;ENSA;TPD52L1;ARPP19;LCMT1;NES"
"Response To Transforming Growth Factor Beta (GO:0071559)","6/38",0.722702511872677,0.999996292850528,0,0,0.833191300790837,0.270585211369151,"MEF2C;SMAD3;ROCK2;ANKRD1;SOX6;CRKL"
"Positive Regulation Of Cellular Metabolic Process (GO:0031325)","9/56",0.72340284973719,0.999996292850528,0,0,0.850831552541113,0.275489914672672,"LIPT2;CHCHD2;ARG2;ACTN3;MUSK;DCXR;HPN;GHITM;YPEL3"
"Regulation Of Reactive Oxygen Species Metabolic Process (GO:2000377)","9/56",0.72340284973719,0.999996292850528,0,0,0.850831552541113,0.275489914672672,"PRKN;PINK1;DCXR;SIRT5;BCO2;COQ7;SLC25A33;SIRT2;PLIN5"
"Protein-Containing Complex Organization (GO:0043933)","21/126",0.723656723546134,0.999996292850528,0,0,0.888389923329682,0.287339182427977,"DET1;CHCHD10;PDE4DIP;RANBP9;MITF;PEX14;PPP2R1A;PARD3;HSF1;CAPN3;TCAP;DMD;NDUFAF1;TUBGCP4;MNAT1;DNM1L;KPNA3;PPARGC1A;TEAD1;PPID;SLC25A46"
"Cell Junction Organization (GO:0034330)","10/62",0.724865869059904,0.999996292850528,0,0,0.854438354438354,0.274931475334653,"SLC8A3;SMAD3;AJM1;MYOT;DVL1;PIN1;MAPT;SLC6A1;SNCB;PPFIA4"
"Regulation Of Embryonic Development (GO:0045995)","10/62",0.724865869059904,0.999996292850528,0,0,0.854438354438354,0.274931475334653,"BAG6;KAT2B;RUVBL2;MCRS1;DAG1;SGF29;UCHL5;CLASP1;KAT14;CLASP2"
"Mesenchymal Cell Migration (GO:0090497)","5/32",0.724892326039317,0.999996292850528,0,0,0.822933074841472,0.264764028268877,"TBX1;SEMA6C;SEMA4D;GDNF;ERBB4"
"miRNA Processing (GO:0035196)","5/32",0.724892326039317,0.999996292850528,0,0,0.822933074841472,0.264764028268877,"SMAD3;PRKRA;TUT4;HNRNPA2B1;DROSHA"
"Regulation Of Ubiquitin-Protein Transferase Activity (GO:0051438)","5/32",0.724892326039317,0.999996292850528,0,0,0.822933074841472,0.264764028268877,"PINK1;FEM1A;DCUN1D2;PIN1;PARK7"
"Very Long-Chain Fatty Acid Metabolic Process (GO:0000038)","5/32",0.724892326039317,0.999996292850528,0,0,0.822933074841472,0.264764028268877,"HACD1;TECR;ACOT2;ACOT1;TECRL"
"Negative Regulation Of Developmental Process (GO:0051093)","18/109",0.728486340602693,0.999996292850528,0,0,0.878663880579065,0.278348770660813,"PRKN;TBX1;PARP1;SFMBT1;ROCK2;BNIP3;TET1;FUZ;OMA1;PINK1;BCL7A;BRMS1L;BCL7B;SPRY3;ALPK2;MAPT;AMH;NKX3-1"
"Import Into Nucleus (GO:0051170)","12/74",0.728663235162852,0.999996292850528,0,0,0.859891973812902,0.272193308067105,"IPO13;RPAIN;FAM53C;TSC2;KPNA4;NUP88;KPNA5;IPO7;PHB2;KPNA3;IPO5;KPNA1"
"Regulation Of Cell Cycle G1/S Phase Transition (GO:1902806)","12/74",0.728663235162852,0.999996292850528,0,0,0.859891973812902,0.272193308067105,"MN1;SMARCD3;BCL7A;PHF10;BCL7B;DPF3;APBB1;MNAT1;PHB2;PKD1;TMEM14B;MLF1"
"cAMP-mediated Signaling (GO:0019933)","4/26",0.729627933371076,0.999996292850528,0,0,0.807998216011299,0.254697646158332,"PDE4D;ADCY2;AKAP6;PDE7A"
"Cellular Response To Xenobiotic Stimulus (GO:0071466)","4/26",0.729627933371076,0.999996292850528,0,0,0.807998216011299,0.254697646158332,"MEF2C;KCNE2;GDF1;NKX3-1"
"Establishment Or Maintenance Of Apical/Basal Cell Polarity (GO:0035088)","4/26",0.729627933371076,0.999996292850528,0,0,0.807998216011299,0.254697646158332,"CRB1;PATJ;PARD3;SCRIB"
"Negative Regulation Of Protein Polymerization (GO:0032272)","4/26",0.729627933371076,0.999996292850528,0,0,0.807998216011299,0.254697646158332,"TWF2;DYRK1A;SSH2;PFN2"
"Positive Regulation Of Erythrocyte Differentiation (GO:0045648)","4/26",0.729627933371076,0.999996292850528,0,0,0.807998216011299,0.254697646158332,"FAM210B;STAT5B;PRMT1;FOXO3"
"Protein Export From Nucleus (GO:0006611)","4/26",0.729627933371076,0.999996292850528,0,0,0.807998216011299,0.254697646158332,"XPO4;STRADB;CCHCR1;PKD1"
"Protein Targeting To Lysosome (GO:0006622)","4/26",0.729627933371076,0.999996292850528,0,0,0.807998216011299,0.254697646158332,"HSPA8;NEDD4;VPS4A;ATG14"
"Negative Regulation Of Protein Serine/Threonine Kinase Activity (GO:0071901)","13/80",0.730839767178576,0.999996292850528,0,0,0.862001468069489,0.270290076814232,"HEXIM2;CAV3;INCA1;TESK1;DAB2IP;IPO7;IPO5;SLC8A3;PRKAR2A;PKIA;CDK5RAP1;SPRY3;SPRY2"
"Regulation Of Cytokinesis (GO:0032465)","13/80",0.730839767178576,0.999996292850528,0,0,0.862001468069489,0.270290076814232,"MAP10;SH3GLB1;SVIL;CENPV;CUL3;VPS4A;KLHL21;PDXP;KIF13A;PIN1;CALM3;RAB11FIP3;E2F8"
"Endothelial Cell Development (GO:0001885)","3/20",0.738956776100836,0.999996292850528,0,0,0.784260298124699,0.23725117028434,"PDE4D;RDX;RAPGEF1"
"Hydrogen Peroxide Catabolic Process (GO:0042744)","3/20",0.738956776100836,0.999996292850528,0,0,0.784260298124699,0.23725117028434,"PRDX3;PRDX2;PRDX5"
"Intracellular Monoatomic Ion Homeostasis (GO:0006873)","3/20",0.738956776100836,0.999996292850528,0,0,0.784260298124699,0.23725117028434,"P2RY2;COX11;CNNM4"
"Late Endosome To Vacuole Transport (GO:0045324)","3/20",0.738956776100836,0.999996292850528,0,0,0.784260298124699,0.23725117028434,"VTA1;VPS4A;CHMP6"
"Negative Regulation Of miRNA Transcription (GO:1902894)","3/20",0.738956776100836,0.999996292850528,0,0,0.784260298124699,0.23725117028434,"ZNF512B;SRF;PPARA"
"Positive Regulation Of Epithelial Cell Differentiation (GO:0030858)","3/20",0.738956776100836,0.999996292850528,0,0,0.784260298124699,0.23725117028434,"MESP1;ATOH8;VEZF1"
"Positive Regulation Of Vascular Associated Smooth Muscle Cell Proliferation (GO:1904707)","3/20",0.738956776100836,0.999996292850528,0,0,0.784260298124699,0.23725117028434,"JUN;MFN2;MEF2D"
"Regulation Of Calcium Ion Import (GO:0090279)","3/20",0.738956776100836,0.999996292850528,0,0,0.784260298124699,0.23725117028434,"PLN;SLN;EGF"
"Regulation Of Macrophage Chemotaxis (GO:0010758)","3/20",0.738956776100836,0.999996292850528,0,0,0.784260298124699,0.23725117028434,"MSTN;MTUS1;AMH"
"Regulation Of Smooth Muscle Contraction (GO:0006940)","3/20",0.738956776100836,0.999996292850528,0,0,0.784260298124699,0.23725117028434,"SETD3;SRF;TACR2"
"Transport Along Microtubule (GO:0010970)","3/20",0.738956776100836,0.999996292850528,0,0,0.784260298124699,0.23725117028434,"SNAPIN;BAG3;DYNC1I1"
"Xenobiotic Transport (GO:0042908)","3/20",0.738956776100836,0.999996292850528,0,0,0.784260298124699,0.23725117028434,"SLC22A3;ABCC2;SLC47A1"
"Regulation Of JNK Cascade (GO:0046328)","18/110",0.742904124731583,0.999996292850528,0,0,0.869059656218402,0.258274345002377,"PRKN;DUSP3;PRMT1;DAB2IP;GPS2;TPD52L1;KLHL31;GADD45G;HIPK2;PER1;SH3RF2;PINK1;COPS5;MAP3K10;TNIK;EPHB1;HRAS;ANKS1B"
"Response To Lipid (GO:0033993)","18/110",0.742904124731583,0.999996292850528,0,0,0.869059656218402,0.258274345002377,"STAT5B;TMEM161A;ALAS1;FOXO3;LIAS;STRN3;PRDX3;RXRB;RXRA;MAPKAPK3;MAPKAPK2;POLR2D;FBXO3;TAB2;NOS1;FGFR4;RXRG;NKX3-1"
"Myeloid Cell Differentiation (GO:0030099)","9/57",0.743301307214165,0.999996292850528,0,0,0.83305472161572,0.247128839269669,"ATP5IF1;PRDX3;HSPA9;SLC25A38;CEBPB;ZBTB16;KAT8;INHA;HIPK2"
"Regulation Of Stress-Activated MAPK Cascade (GO:0032872)","8/51",0.743408875532982,0.999996292850528,0,0,0.826625210190679,0.245101882299584,"IGBP1;PER1;MAP2K2;COPS5;STK25;NBR1;DAB2IP;EPHB1"
"G1/S Transition Of Mitotic Cell Cycle (GO:0000082)","10/63",0.743789307208149,0.999996292850528,0,0,0.838265366567253,0.248124430618954,"CUL4A;PPP6C;CDC34;CUL5;CUL3;CAMK2A;CUL2;CUL1;GSPT1;CDK16"
"Positive Regulation Of Mitotic Cell Cycle Phase Transition (GO:1901992)","10/63",0.743789307208149,0.999996292850528,0,0,0.838265366567253,0.248124430618954,"LSM10;RPTOR;MBLAC1;RRM2B;CUL3;RDX;ANAPC5;PHB2;ANAPC11;EIF4G1"
"Negative Regulation Of Response To Biotic Stimulus (GO:0002832)","7/45",0.744354169856863,0.999996292850528,0,0,0.81849570735349,0.241651299746561,"PPP6C;PPM1B;PARP1;TRAF3IP1;C1QBP;BANF1;CEP63"
"DNA-templated DNA Replication (GO:0006261)","11/69",0.744710480257999,0.999996292850528,0,0,0.842572364827963,0.248356422341115,"POLB;CDC34;ORC6;RRM2B;POLDIP2;ORC3;TWNK;POLD2;POLE3;WRNIP1;POLG"
"Cellular Response To Calcium Ion (GO:0071277)","11/69",0.744710480257999,0.999996292850528,0,0,0.842572364827963,0.248356422341115,"RYR1;MEF2A;MEF2C;CAMK2D;PRKAA2;RASA4;ITPKA;PPIF;CAPN3;SCN5A;RYR3"
"Establishment Of Protein Localization To Membrane (GO:0090150)","11/69",0.744710480257999,0.999996292850528,0,0,0.842572364827963,0.248356422341115,"NACA4P;RAB10;REEP1;ICMT;PARD3;RDX;AQP11;ZDHHC7;VPS37A;ZDHHC2;ZDHHC4"
"Phospholipid Metabolic Process (GO:0006644)","11/69",0.744710480257999,0.999996292850528,0,0,0.842572364827963,0.248356422341115,"PCYT2;IDI2;PLA2G4C;GDE1;PLAA;FITM1;FITM2;PGPEP1;AGPAT1;AGPAT3;FDFT1"
"Carboxylic Acid Transmembrane Transport (GO:1905039)","6/39",0.746514276008434,0.999996292850528,0,0,0.807893497285371,0.236180019855475,"SLC16A1;SLC6A8;SLC16A12;SLC38A3;SLC25A11;SLC38A4"
"Fibroblast Growth Factor Receptor Signaling Pathway (GO:0008543)","6/39",0.746514276008434,0.999996292850528,0,0,0.807893497285371,0.236180019855475,"FGF16;FLRT3;NOG;PTPN11;FGFR4;FRS3"
"Negative Regulation Of Protein Secretion (GO:0050709)","6/39",0.746514276008434,0.999996292850528,0,0,0.807893497285371,0.236180019855475,"PRKN;KCNJ11;IRS1;KCNB1;SIRT4;RAB11FIP3"
"Nuclear-Transcribed mRNA Catabolic Process, Deadenylation-Dependent Decay (GO:0000288)","6/39",0.746514276008434,0.999996292850528,0,0,0.807893497285371,0.236180019855475,"EXOSC7;CNOT4;EXOSC5;CNOT7;TUT4;SAMD4A"
"Positive Regulation Of Intrinsic Apoptotic Signaling Pathway (GO:2001244)","6/39",0.746514276008434,0.999996292850528,0,0,0.807893497285371,0.236180019855475,"FIS1;PLEKHF1;UBB;DNM1L;NKX3-1;SOD1"
"Positive Regulation Of Macromolecule Biosynthetic Process (GO:0010557)","20/122",0.747915769047131,0.999996292850528,0,0,0.870893114979362,0.252963895116635,"IRS1;NSUN5;PRMT1;EGF;CIRBP;SAMD4A;AKR1B1;EEF2;MTOR;FXR1;EPM2AIP1;FXR2;AKT2;GUF1;PRR16;METTL5;CPEB3;FGFR4;EIF3C;EIF4G3"
"Positive Regulation Of RNA Metabolic Process (GO:0051254)","5/33",0.750510061508225,0.999996292850528,0,0,0.793493924287272,0.227734519090035,"SUPV3L1;DYRK1A;RBM20;GRSF1;HRAS"
"Positive Regulation Of Protein Dephosphorylation (GO:0035307)","5/33",0.750510061508225,0.999996292850528,0,0,0.793493924287272,0.227734519090035,"PTPA;HSP90AB1;PIN1;CALM3;MTOR"
"Regulation Of Sprouting Angiogenesis (GO:1903670)","5/33",0.750510061508225,0.999996292850528,0,0,0.793493924287272,0.227734519090035,"FGF16;PKM;S100A1;SYNJ2BP;EPN1"
"Regulation Of Type I Interferon-Mediated Signaling Pathway (GO:0060338)","5/33",0.750510061508225,0.999996292850528,0,0,0.793493924287272,0.227734519090035,"MAVS;TRIM41;CNOT7;CDC37;PTPN11"
"Protein O-linked Glycosylation (GO:0006493)","15/93",0.750896203011282,0.999996292850528,0,0,0.854239391008117,0.244729205210636,"POMT2;B3GALNT2;ST6GALNAC2;FKRP;GALNT17;TET1;POMGNT2;TRAK1;POMGNT1;B4GAT1;B3GNT5;B3GALT1;GALNTL6;LARGE1;ST3GAL3"
"DNA Synthesis Involved In DNA Repair (GO:0000731)","4/27",0.757442732047113,0.999996292850528,0,0,0.772820458127437,0.214695200186223,"POLDIP2;RRM2B;USP10;WRNIP1"
"Glycerophospholipid Catabolic Process (GO:0046475)","4/27",0.757442732047113,0.999996292850528,0,0,0.772820458127437,0.214695200186223,"PLA2G4C;GDE1;PLA2G6;PRDX6"
"In Utero Embryonic Development (GO:0001701)","4/27",0.757442732047113,0.999996292850528,0,0,0.772820458127437,0.214695200186223,"ESRRB;TFEB;PKD1;MYH6"
"Negative Regulation Of NIK/NF-kappaB Signaling (GO:1901223)","4/27",0.757442732047113,0.999996292850528,0,0,0.772820458127437,0.214695200186223,"PPM1A;PPM1B;HDAC9;UACA"
"Negative Regulation Of Notch Signaling Pathway (GO:0045746)","4/27",0.757442732047113,0.999996292850528,0,0,0.772820458127437,0.214695200186223,"NEURL1;RITA1;HIF1AN;DLK1"
"Positive Regulation Of Ubiquitin-Protein Transferase Activity (GO:0051443)","4/27",0.757442732047113,0.999996292850528,0,0,0.772820458127437,0.214695200186223,"PINK1;DCUN1D2;PIN1;SKP1"
"Regulation Of Peptidase Activity (GO:0052547)","4/27",0.757442732047113,0.999996292850528,0,0,0.772820458127437,0.214695200186223,"NDUFA13;PINK1;NRDC;MAPK12"
"Aorta Development (GO:0035904)","2/14",0.757849121790662,0.999996292850528,0,0,0.740715518024153,0.205378903452377,"TBX1;HECTD1"
"Centromere Complex Assembly (GO:0034508)","2/14",0.757849121790662,0.999996292850528,0,0,0.740715518024153,0.205378903452377,"CENPV;OIP5"
"Ceramide Transport (GO:0035627)","2/14",0.757849121790662,0.999996292850528,0,0,0.740715518024153,0.205378903452377,"ABCB4;CPTP"
"Detection Of Mechanical Stimulus Involved In Sensory Perception (GO:0050974)","2/14",0.757849121790662,0.999996292850528,0,0,0.740715518024153,0.205378903452377,"TMEM120A;HPN"
"Establishment Of Apical/Basal Cell Polarity (GO:0035089)","2/14",0.757849121790662,0.999996292850528,0,0,0.740715518024153,0.205378903452377,"PATJ;SCRIB"
"Ethanol Metabolic Process (GO:0006067)","2/14",0.757849121790662,0.999996292850528,0,0,0.740715518024153,0.205378903452377,"ACSS2;ADH1C"
"Monosaccharide Transmembrane Transport (GO:0015749)","2/14",0.757849121790662,0.999996292850528,0,0,0.740715518024153,0.205378903452377,"SLC2A11;SLC2A8"
"Negative Regulation Of Blood Pressure (GO:0045776)","2/14",0.757849121790662,0.999996292850528,0,0,0.740715518024153,0.205378903452377,"RNLS;NOS1"
"Neuron Cell-Cell Adhesion (GO:0007158)","2/14",0.757849121790662,0.999996292850528,0,0,0.740715518024153,0.205378903452377,"RET;ASTN2"
"Nuclear Pore Organization (GO:0006999)","2/14",0.757849121790662,0.999996292850528,0,0,0.740715518024153,0.205378903452377,"FXR1;RTN4"
"Positive Regulation Of Histone Acetylation (GO:0035066)","2/14",0.757849121790662,0.999996292850528,0,0,0.740715518024153,0.205378903452377,"NOS1;PPARGC1A"
"Positive Regulation Of Long-Term Synaptic Potentiation (GO:1900273)","2/14",0.757849121790662,0.999996292850528,0,0,0.740715518024153,0.205378903452377,"ZDHHC2;SQSTM1"
"Positive Regulation Of Membrane Protein Ectodomain Proteolysis (GO:0051044)","2/14",0.757849121790662,0.999996292850528,0,0,0.740715518024153,0.205378903452377,"NRDC;PACSIN3"
"Positive Regulation Of Transporter Activity (GO:0032411)","2/14",0.757849121790662,0.999996292850528,0,0,0.740715518024153,0.205378903452377,"RXRA;PPARGC1A"
"Positive Regulation Of Type I Interferon-Mediated Signaling Pathway (GO:0060340)","2/14",0.757849121790662,0.999996292850528,0,0,0.740715518024153,0.205378903452377,"MAVS;TRIM41"
"Primary Alcohol Metabolic Process (GO:0034308)","2/14",0.757849121790662,0.999996292850528,0,0,0.740715518024153,0.205378903452377,"THTPA;GDE1"
"Protein Homotrimerization (GO:0070207)","2/14",0.757849121790662,0.999996292850528,0,0,0.740715518024153,0.205378903452377,"AMH;CLYBL"
"Protein Transport To Vacuole Involved In Ubiquitin-Dependent Protein Catabolic Process Via The Multivesicular Body Sorting Pathway (GO:0043328)","2/14",0.757849121790662,0.999996292850528,0,0,0.740715518024153,0.205378903452377,"UBAP1;VPS37A"
"Protein Trimerization (GO:0070206)","2/14",0.757849121790662,0.999996292850528,0,0,0.740715518024153,0.205378903452377,"AMH;CLYBL"
"Regulation Of Carbohydrate Catabolic Process (GO:0043470)","2/14",0.757849121790662,0.999996292850528,0,0,0.740715518024153,0.205378903452377,"PPP1R3B;PRKAG1"
"Regulation Of Cell Fate Specification (GO:0042659)","2/14",0.757849121790662,0.999996292850528,0,0,0.740715518024153,0.205378903452377,"MBD3;MTA1"
"Regulation Of Exit From Mitosis (GO:0007096)","2/14",0.757849121790662,0.999996292850528,0,0,0.740715518024153,0.205378903452377,"PHB2;SIRT2"
"Regulation Of Macrophage Differentiation (GO:0045649)","2/14",0.757849121790662,0.999996292850528,0,0,0.740715518024153,0.205378903452377,"HSF1;INHA"
"Regulation Of Superoxide Anion Generation (GO:0032928)","2/14",0.757849121790662,0.999996292850528,0,0,0.740715518024153,0.205378903452377,"MAPT;SOD1"
"Renal Water Homeostasis (GO:0003091)","2/14",0.757849121790662,0.999996292850528,0,0,0.740715518024153,0.205378903452377,"AQP4;PRKACA"
"Serine Family Amino Acid Metabolic Process (GO:0009069)","2/14",0.757849121790662,0.999996292850528,0,0,0.740715518024153,0.205378903452377,"MTHFD1;THNSL2"
"Synaptic Vesicle Membrane Organization (GO:0048499)","2/14",0.757849121790662,0.999996292850528,0,0,0.740715518024153,0.205378903452377,"SNAP47;SYNGR1"
"7-Methylguanosine Cap Hypermethylation (GO:0036261)","1/7",0.758435170097659,0.999996292850528,0,0,0.740786129266521,0.204825849866154,"SNRPD3"
"DNA Dealkylation (GO:0035510)","1/7",0.758435170097659,0.999996292850528,0,0,0.740786129266521,0.204825849866154,"ALKBH3"
"DNA Dealkylation Involved In DNA Repair (GO:0006307)","1/7",0.758435170097659,0.999996292850528,0,0,0.740786129266521,0.204825849866154,"ALKBH3"
"Notch Receptor Processing (GO:0007220)","1/7",0.758435170097659,0.999996292850528,0,0,0.740786129266521,0.204825849866154,"PSEN2"
"RNA Capping (GO:0036260)","1/7",0.758435170097659,0.999996292850528,0,0,0.740786129266521,0.204825849866154,"SNRPD3"
"Amino Sugar Catabolic Process (GO:0046348)","1/7",0.758435170097659,0.999996292850528,0,0,0.740786129266521,0.204825849866154,"HOGA1"
"Amino-Acid Betaine Transport (GO:0015838)","1/7",0.758435170097659,0.999996292850528,0,0,0.740786129266521,0.204825849866154,"SLC22A5"
"Anterograde Axonal Protein Transport (GO:0099641)","1/7",0.758435170097659,0.999996292850528,0,0,0.740786129266521,0.204825849866154,"HSPB1"
"Aromatic Amino Acid Transport (GO:0015801)","1/7",0.758435170097659,0.999996292850528,0,0,0.740786129266521,0.204825849866154,"SLC38A3"
"Aromatic Compound Catabolic Process (GO:0019439)","1/7",0.758435170097659,0.999996292850528,0,0,0.740786129266521,0.204825849866154,"PDXP"
"Axo-Dendritic Protein Transport (GO:0099640)","1/7",0.758435170097659,0.999996292850528,0,0,0.740786129266521,0.204825849866154,"HSPB1"
"Benzene-Containing Compound Metabolic Process (GO:0042537)","1/7",0.758435170097659,0.999996292850528,0,0,0.740786129266521,0.204825849866154,"KYAT1"
"Blood Coagulation, Intrinsic Pathway (GO:0007597)","1/7",0.758435170097659,0.999996292850528,0,0,0.740786129266521,0.204825849866154,"F8"
"Cardiolipin Biosynthetic Process (GO:0032049)","1/7",0.758435170097659,0.999996292850528,0,0,0.740786129266521,0.204825849866154,"PLA2G6"
"Catecholamine Transport (GO:0051937)","1/7",0.758435170097659,0.999996292850528,0,0,0.740786129266521,0.204825849866154,"SLC22A3"
"Cellular Biogenic Amine Catabolic Process (GO:0042402)","1/7",0.758435170097659,0.999996292850528,0,0,0.740786129266521,0.204825849866154,"CHDH"
"Cellular Response To Angiotensin (GO:1904385)","1/7",0.758435170097659,0.999996292850528,0,0,0.740786129266521,0.204825849866154,"CAMK2A"
"Collecting Duct Development (GO:0072044)","1/7",0.758435170097659,0.999996292850528,0,0,0.740786129266521,0.204825849866154,"PKD1"
"Coronary Vasculature Development (GO:0060976)","1/7",0.758435170097659,0.999996292850528,0,0,0.740786129266521,0.204825849866154,"MESP1"
"Coronary Vasculature Morphogenesis (GO:0060977)","1/7",0.758435170097659,0.999996292850528,0,0,0.740786129266521,0.204825849866154,"TBX1"
"Dendritic Spine Maintenance (GO:0097062)","1/7",0.758435170097659,0.999996292850528,0,0,0.740786129266521,0.204825849866154,"PICK1"
"Dopamine Uptake (GO:0090494)","1/7",0.758435170097659,0.999996292850528,0,0,0.740786129266521,0.204825849866154,"SLC22A3"
"Establishment Of Golgi Localization (GO:0051683)","1/7",0.758435170097659,0.999996292850528,0,0,0.740786129266521,0.204825849866154,"STK25"
"Establishment Of Centrosome Localization (GO:0051660)","1/7",0.758435170097659,0.999996292850528,0,0,0.740786129266521,0.204825849866154,"PARD3"
"Fructose Metabolic Process (GO:0006000)","1/7",0.758435170097659,0.999996292850528,0,0,0.740786129266521,0.204825849866154,"ALDOA"
"Fructose Transmembrane Transport (GO:0015755)","1/7",0.758435170097659,0.999996292850528,0,0,0.740786129266521,0.204825849866154,"SLC2A8"
"Galactosylceramide Metabolic Process (GO:0006681)","1/7",0.758435170097659,0.999996292850528,0,0,0.740786129266521,0.204825849866154,"GAL3ST1"
"Glucocorticoid Metabolic Process (GO:0008211)","1/7",0.758435170097659,0.999996292850528,0,0,0.740786129266521,0.204825849866154,"CYP17A1"
"Glutathione Catabolic Process (GO:0006751)","1/7",0.758435170097659,0.999996292850528,0,0,0.740786129266521,0.204825849866154,"GGT7"
"Glycoside Catabolic Process (GO:0016139)","1/7",0.758435170097659,0.999996292850528,0,0,0.740786129266521,0.204825849866154,"GBA2"
"Growth Hormone Receptor Signaling Pathway Via JAK-STAT (GO:0060397)","1/7",0.758435170097659,0.999996292850528,0,0,0.740786129266521,0.204825849866154,"STAT5B"
"Hair Cell Differentiation (GO:0035315)","1/7",0.758435170097659,0.999996292850528,0,0,0.740786129266521,0.204825849866154,"PITX2"
"Hepoxilin Biosynthetic Process (GO:0051122)","1/7",0.758435170097659,0.999996292850528,0,0,0.740786129266521,0.204825849866154,"GSTM2"
"Hepoxilin Metabolic Process (GO:0051121)","1/7",0.758435170097659,0.999996292850528,0,0,0.740786129266521,0.204825849866154,"GSTM2"
"Histone H2A K63-linked Deubiquitination (GO:0070537)","1/7",0.758435170097659,0.999996292850528,0,0,0.740786129266521,0.204825849866154,"BABAM1"
"Inhibition Of Cysteine-Type Endopeptidase Activity (GO:0097340)","1/7",0.758435170097659,0.999996292850528,0,0,0.740786129266521,0.204825849866154,"NOL3"
"Intermediate Filament Bundle Assembly (GO:0045110)","1/7",0.758435170097659,0.999996292850528,0,0,0.740786129266521,0.204825849866154,"NEFM"
"Kidney Epithelium Development (GO:0072073)","1/7",0.758435170097659,0.999996292850528,0,0,0.740786129266521,0.204825849866154,"OXSR1"
"Leukocyte Aggregation (GO:0070486)","1/7",0.758435170097659,0.999996292850528,0,0,0.740786129266521,0.204825849866154,"SEMA4D"
"Lymphatic Endothelial Cell Differentiation (GO:0060836)","1/7",0.758435170097659,0.999996292850528,0,0,0.740786129266521,0.204825849866154,"PROX1"
"Macromolecule Depalmitoylation (GO:0098734)","1/7",0.758435170097659,0.999996292850528,0,0,0.740786129266521,0.204825849866154,"LYPLAL1"
"Mitochondrial tRNA Modification (GO:0070900)","1/7",0.758435170097659,0.999996292850528,0,0,0.740786129266521,0.204825849866154,"RPUSD4"
"Monosaccharide Biosynthetic Process (GO:0046364)","1/7",0.758435170097659,0.999996292850528,0,0,0.740786129266521,0.204825849866154,"RGN"
"Multi-Ciliated Epithelial Cell Differentiation (GO:1903251)","1/7",0.758435170097659,0.999996292850528,0,0,0.740786129266521,0.204825849866154,"CEP63"
"Negative Regulation Of B Cell Apoptotic Process (GO:0002903)","1/7",0.758435170097659,0.999996292850528,0,0,0.740786129266521,0.204825849866154,"BCL6"
"Negative Regulation Of RNA Catabolic Process (GO:1902369)","1/7",0.758435170097659,0.999996292850528,0,0,0.740786129266521,0.204825849866154,"TNIP1"
"Negative Regulation Of SMAD Protein Signal Transduction (GO:0060392)","1/7",0.758435170097659,0.999996292850528,0,0,0.740786129266521,0.204825849866154,"FAM89B"
"Negative Regulation Of T Cell Apoptotic Process (GO:0070233)","1/7",0.758435170097659,0.999996292850528,0,0,0.740786129266521,0.204825849866154,"PRKCQ"
"Negative Regulation Of Amyloid-Beta Clearance (GO:1900222)","1/7",0.758435170097659,0.999996292850528,0,0,0.740786129266521,0.204825849866154,"SRF"
"Negative Regulation Of cAMP-dependent Protein Kinase Activity (GO:2000480)","1/7",0.758435170097659,0.999996292850528,0,0,0.740786129266521,0.204825849866154,"PRKAR2A"
"Negative Regulation Of Circadian Rhythm (GO:0042754)","1/7",0.758435170097659,0.999996292850528,0,0,0.740786129266521,0.204825849866154,"CRY2"
"Negative Regulation Of Glucose Import (GO:0046325)","1/7",0.758435170097659,0.999996292850528,0,0,0.740786129266521,0.204825849866154,"GSK3A"
"Negative Regulation Of Keratinocyte Proliferation (GO:0010839)","1/7",0.758435170097659,0.999996292850528,0,0,0.740786129266521,0.204825849866154,"KLF9"
"Negative Regulation Of Muscle Cell Differentiation (GO:0051148)","1/7",0.758435170097659,0.999996292850528,0,0,0.740786129266521,0.204825849866154,"FOXO4"
"Negative Regulation Of Neural Precursor Cell Proliferation (GO:2000178)","1/7",0.758435170097659,0.999996292850528,0,0,0.740786129266521,0.204825849866154,"SIRT2"
"Negative Regulation Of Nitric Oxide Biosynthetic Process (GO:0045019)","1/7",0.758435170097659,0.999996292850528,0,0,0.740786129266521,0.204825849866154,"ROCK2"
"Negative Regulation Of Nitric Oxide Metabolic Process (GO:1904406)","1/7",0.758435170097659,0.999996292850528,0,0,0.740786129266521,0.204825849866154,"ROCK2"
"Negative Regulation Of Osteoblast Proliferation (GO:0033689)","1/7",0.758435170097659,0.999996292850528,0,0,0.740786129266521,0.204825849866154,"MN1"
"Neurotransmitter Receptor Diffusion Trapping (GO:0099628)","1/7",0.758435170097659,0.999996292850528,0,0,0.740786129266521,0.204825849866154,"GPHN"
"Nucleolar Chromatin Organization (GO:1990700)","1/7",0.758435170097659,0.999996292850528,0,0,0.740786129266521,0.204825849866154,"SIRT2"
"Peptidyl-Tyrosine Dephosphorylation Involved In Inactivation Of Protein Kinase Activity (GO:1990264)","1/7",0.758435170097659,0.999996292850528,0,0,0.740786129266521,0.204825849866154,"DUSP3"
"Pericardium Development (GO:0060039)","1/7",0.758435170097659,0.999996292850528,0,0,0.740786129266521,0.204825849866154,"BMP5"
"Plasma Membrane To Endosome Transport (GO:0048227)","1/7",0.758435170097659,0.999996292850528,0,0,0.740786129266521,0.204825849866154,"RAB5B"
"Positive Regulation Of CD4-positive, Alpha-Beta T Cell Differentiation (GO:0043372)","1/7",0.758435170097659,0.999996292850528,0,0,0.740786129266521,0.204825849866154,"KLHL25"
"Positive Regulation Of DNA Demethylation (GO:1901537)","1/7",0.758435170097659,0.999996292850528,0,0,0.740786129266521,0.204825849866154,"OTUD4"
"Positive Regulation Of Adipose Tissue Development (GO:1904179)","1/7",0.758435170097659,0.999996292850528,0,0,0.740786129266521,0.204825849866154,"NCOA1"
"Positive Regulation Of Aspartic-Type Peptidase Activity (GO:1905247)","1/7",0.758435170097659,0.999996292850528,0,0,0.740786129266521,0.204825849866154,"ROCK2"
"Positive Regulation Of Attachment Of Mitotic Spindle Microtubules To Kinetochore (GO:1902425)","1/7",0.758435170097659,0.999996292850528,0,0,0.740786129266521,0.204825849866154,"KAT2B"
"Positive Regulation Of Cell Migration By Vascular Endothelial Growth Factor Signaling Pathway (GO:0038089)","1/7",0.758435170097659,0.999996292850528,0,0,0.740786129266521,0.204825849866154,"HSPB1"
"Positive Regulation Of Endocytic Recycling (GO:2001137)","1/7",0.758435170097659,0.999996292850528,0,0,0.740786129266521,0.204825849866154,"ZDHHC2"
"Positive Regulation Of Execution Phase Of Apoptosis (GO:1900119)","1/7",0.758435170097659,0.999996292850528,0,0,0.740786129266521,0.204825849866154,"SIRT2"
"Positive Regulation Of Glial Cell Migration (GO:1903977)","1/7",0.758435170097659,0.999996292850528,0,0,0.740786129266521,0.204825849866154,"CRKL"
"Positive Regulation Of Gluconeogenesis (GO:0045722)","1/7",0.758435170097659,0.999996292850528,0,0,0.740786129266521,0.204825849866154,"PPARGC1A"
"Positive Regulation Of Insulin-Like Growth Factor Receptor Signaling Pathway (GO:0043568)","1/7",0.758435170097659,0.999996292850528,0,0,0.740786129266521,0.204825849866154,"MYORG"
"Positive Regulation Of Intracellular Steroid Hormone Receptor Signaling Pathway (GO:0033145)","1/7",0.758435170097659,0.999996292850528,0,0,0.740786129266521,0.204825849866154,"PAK1"
"Positive Regulation Of Isomerase Activity (GO:0010912)","1/7",0.758435170097659,0.999996292850528,0,0,0.740786129266521,0.204825849866154,"SETMAR"
"Positive Regulation Of Meiotic Nuclear Division (GO:0045836)","1/7",0.758435170097659,0.999996292850528,0,0,0.740786129266521,0.204825849866154,"SIRT2"
"Positive Regulation Of Myeloid Cell Apoptotic Process (GO:0033034)","1/7",0.758435170097659,0.999996292850528,0,0,0.740786129266521,0.204825849866154,"MEF2C"
"Positive Regulation Of Plasminogen Activation (GO:0010756)","1/7",0.758435170097659,0.999996292850528,0,0,0.740786129266521,0.204825849866154,"HPN"
"Positive Regulation Of Tooth Mineralization (GO:0070172)","1/7",0.758435170097659,0.999996292850528,0,0,0.740786129266521,0.204825849866154,"ENAM"
"Post-Translational Protein Targeting To Membrane, Translocation (GO:0031204)","1/7",0.758435170097659,0.999996292850528,0,0,0.740786129266521,0.204825849866154,"SEC61A2"
"Postsynaptic Density Organization (GO:0097106)","1/7",0.758435170097659,0.999996292850528,0,0,0.740786129266521,0.204825849866154,"TMEM108"
"Postsynaptic Neurotransmitter Receptor Diffusion Trapping (GO:0098970)","1/7",0.758435170097659,0.999996292850528,0,0,0.740786129266521,0.204825849866154,"GPHN"
"Preassembly Of GPI Anchor In ER Membrane (GO:0016254)","1/7",0.758435170097659,0.999996292850528,0,0,0.740786129266521,0.204825849866154,"PIGZ"
"Protein Depalmitoylation (GO:0002084)","1/7",0.758435170097659,0.999996292850528,0,0,0.740786129266521,0.204825849866154,"LYPLAL1"
"Protein Localization To Presynapse (GO:1905383)","1/7",0.758435170097659,0.999996292850528,0,0,0.740786129266521,0.204825849866154,"HSPB1"
"Purine-Containing Compound Metabolic Process (GO:0072521)","1/7",0.758435170097659,0.999996292850528,0,0,0.740786129266521,0.204825849866154,"MACROD1"
"Pyrimidine Nucleobase Catabolic Process (GO:0006208)","1/7",0.758435170097659,0.999996292850528,0,0,0.740786129266521,0.204825849866154,"DPYSL5"
"Regulation Of Attachment Of Mitotic Spindle Microtubules To Kinetochore (GO:1902423)","1/7",0.758435170097659,0.999996292850528,0,0,0.740786129266521,0.204825849866154,"KAT2B"
"Regulation Of Chaperone-Mediated Autophagy (GO:1904714)","1/7",0.758435170097659,0.999996292850528,0,0,0.740786129266521,0.204825849866154,"EEF1A2"
"Regulation Of Chemokine (C-C Motif) Ligand 5 Production (GO:0071649)","1/7",0.758435170097659,0.999996292850528,0,0,0.740786129266521,0.204825849866154,"MAVS"
"Regulation Of Chemokine-Mediated Signaling Pathway (GO:0070099)","1/7",0.758435170097659,0.999996292850528,0,0,0.740786129266521,0.204825849866154,"PADI2"
"Regulation Of Dopamine Metabolic Process (GO:0042053)","1/7",0.758435170097659,0.999996292850528,0,0,0.740786129266521,0.204825849866154,"PRKN"
"Regulation Of Dopamine Uptake Involved In Synaptic Transmission (GO:0051584)","1/7",0.758435170097659,0.999996292850528,0,0,0.740786129266521,0.204825849866154,"GDNF"
"Regulation Of Epithelial To Mesenchymal Transition Involved In Endocardial Cushion Formation (GO:1905005)","1/7",0.758435170097659,0.999996292850528,0,0,0.740786129266521,0.204825849866154,"NOG"
"Regulation Of Hydrogen Peroxide-Induced Cell Death (GO:1903205)","1/7",0.758435170097659,0.999996292850528,0,0,0.740786129266521,0.204825849866154,"PARK7"
"Regulation Of Lipase Activity (GO:0060191)","1/7",0.758435170097659,0.999996292850528,0,0,0.740786129266521,0.204825849866154,"PLIN5"
"Regulation Of Lipoprotein Metabolic Process (GO:0050746)","1/7",0.758435170097659,0.999996292850528,0,0,0.740786129266521,0.204825849866154,"ULK1"
"Regulation Of Lysosome Size (GO:0062196)","1/7",0.758435170097659,0.999996292850528,0,0,0.740786129266521,0.204825849866154,"SNAPIN"
"Regulation Of Meiotic Nuclear Division (GO:0040020)","1/7",0.758435170097659,0.999996292850528,0,0,0.740786129266521,0.204825849866154,"SIRT2"
"Regulation Of Mesenchymal Stem Cell Differentiation (GO:2000739)","1/7",0.758435170097659,0.999996292850528,0,0,0.740786129266521,0.204825849866154,"SOX6"
"Regulation Of Microvillus Organization (GO:0032530)","1/7",0.758435170097659,0.999996292850528,0,0,0.740786129266521,0.204825849866154,"TWF2"
"Regulation Of Phospholipase A2 Activity (GO:0032429)","1/7",0.758435170097659,0.999996292850528,0,0,0.740786129266521,0.204825849866154,"PLAA"
"Regulation Of Protein Glycosylation (GO:0060049)","1/7",0.758435170097659,0.999996292850528,0,0,0.740786129266521,0.204825849866154,"RAMP1"
"Regulation Of Protein Localization To Cilium (GO:1903564)","1/7",0.758435170097659,0.999996292850528,0,0,0.740786129266521,0.204825849866154,"GAS8"
"Regulation Of Protein Localization To Nucleolus (GO:1904749)","1/7",0.758435170097659,0.999996292850528,0,0,0.740786129266521,0.204825849866154,"MCRS1"
"Regulation Of Stem Cell Division (GO:2000035)","1/7",0.758435170097659,0.999996292850528,0,0,0.740786129266521,0.204825849866154,"ESRRB"
"Regulation Of Transcription From RNA Polymerase II Promoter In Response To Hypoxia (GO:0061418)","1/7",0.758435170097659,0.999996292850528,0,0,0.740786129266521,0.204825849866154,"SIRT2"
"Regulation Of Triglyceride Metabolic Process (GO:0090207)","1/7",0.758435170097659,0.999996292850528,0,0,0.740786129266521,0.204825849866154,"FITM2"
"Response To Auditory Stimulus (GO:0010996)","1/7",0.758435170097659,0.999996292850528,0,0,0.740786129266521,0.204825849866154,"ATP1A2"
"siRNA Processing (GO:0030422)","1/7",0.758435170097659,0.999996292850528,0,0,0.740786129266521,0.204825849866154,"PRKRA"
"Sialylation (GO:0097503)","1/7",0.758435170097659,0.999996292850528,0,0,0.740786129266521,0.204825849866154,"ST6GALNAC2"
"Sinoatrial Node Development (GO:0003163)","1/7",0.758435170097659,0.999996292850528,0,0,0.740786129266521,0.204825849866154,"MESP1"
"Spermidine Metabolic Process (GO:0008216)","1/7",0.758435170097659,0.999996292850528,0,0,0.740786129266521,0.204825849866154,"DHPS"
"Spleen Development (GO:0048536)","1/7",0.758435170097659,0.999996292850528,0,0,0.740786129266521,0.204825849866154,"PITX2"
"Store-Operated Calcium Entry (GO:0002115)","1/7",0.758435170097659,0.999996292850528,0,0,0.740786129266521,0.204825849866154,"STIM1"
"tRNA Surveillance (GO:0106354)","1/7",0.758435170097659,0.999996292850528,0,0,0.740786129266521,0.204825849866154,"EXOSC7"
"tRNA Transcription By RNA Polymerase III (GO:0042797)","1/7",0.758435170097659,0.999996292850528,0,0,0.740786129266521,0.204825849866154,"GTF3C6"
"Taurine Metabolic Process (GO:0019530)","1/7",0.758435170097659,0.999996292850528,0,0,0.740786129266521,0.204825849866154,"STAT5B"
"Termination Of RNA Polymerase II Transcription (GO:0006369)","1/7",0.758435170097659,0.999996292850528,0,0,0.740786129266521,0.204825849866154,"SSU72"
"Terpenoid Metabolic Process (GO:0006721)","1/7",0.758435170097659,0.999996292850528,0,0,0.740786129266521,0.204825849866154,"FDFT1"
"Venous Blood Vessel Development (GO:0060841)","1/7",0.758435170097659,0.999996292850528,0,0,0.740786129266521,0.204825849866154,"PROX1"
"Ventricular Cardiac Muscle Cell Membrane Repolarization (GO:0099625)","1/7",0.758435170097659,0.999996292850528,0,0,0.740786129266521,0.204825849866154,"KCNE2"
"Cellular Response To Organic Cyclic Compound (GO:0071407)","25/152",0.760299563525329,0.999996292850528,0,0,0.874171156237049,0.239560277093221,"URI1;ROCK2;ABCB4;RORC;CIB2;AKR1B1;PDXP;ADCY2;AKAP6;ATP1A2;RYR3;RUVBL2;P2RY2;ZNF703;NRIP1;NKX3-1;MYOG;HSPA8;MEF2C;FAM210B;MYOD1;AKAP9;RAPGEF1;CCDC62;HCN1"
"Negative Regulation Of Cell Death (GO:0060548)","10/64",0.761810406527441,0.999996292850528,0,0,0.822691378246934,0.223819412771233,"PRKN;PACRG;PINK1;DPP8;DPP9;BNIP3;VPS4A;PARK7;CHMP6;EIF4G1"
"Negative Regulation Of Extrinsic Apoptotic Signaling Pathway (GO:2001237)","11/70",0.761951086057098,0.999996292850528,0,0,0.828240565033463,0.225176178295621,"RNF34;EYA1;GDNF;PELI3;EYA4;BCL2;AKR1B1;PARK7;NOL3;MAP2K5;BMP5"
"Regulation Of Cellular Biosynthetic Process (GO:0031326)","11/70",0.761951086057098,0.999996292850528,0,0,0.828240565033463,0.225176178295621,"AVIL;PDK4;SIRT5;KAT7;MITF;TSC1;FITM2;MSI2;FOXO3;ELP5;FGFR4"
"mRNA Transport (GO:0051028)","9/58",0.762195805410519,0.999996292850528,0,0,0.816003475626058,0.221587207572629,"FYTTD1;ALKBH5;CHTOP;DDX39B;HNRNPA2B1;NUP88;THOC5;NOL3;SMG5"
"Regulation Of Neuron Death (GO:1901214)","9/58",0.762195805410519,0.999996292850528,0,0,0.816003475626058,0.221587207572629,"PRKN;MEF2C;UBB;AKT1S1;TSC1;PARK7;MAPT;SNCB;EIF4G1"
"Positive Regulation Of Telomere Maintenance (GO:0032206)","8/52",0.763289158783041,0.999996292850528,0,0,0.807788664268883,0.218198535782493,"TNIP1;RUVBL2;MCRS1;HNRNPA2B1;NABP2;PRKCQ;MAP2K7;UCHL5"
"Regulation Of Protein Localization To Nucleus (GO:1900180)","8/52",0.763289158783041,0.999996292850528,0,0,0.807788664268883,0.218198535782493,"PPP3CB;TESK1;OTUD7B;PIN1;KAT7;PARK7;MTOR;LAMTOR5"
"Regulation Of mRNA Catabolic Process (GO:0061013)","7/46",0.765357609958104,0.999996292850528,0,0,0.79745967798341,0.21325035948756,"FXR1;FXR2;CNOT7;PCBP4;MAPKAPK2;SERBP1;RBM24"
"Protein Phosphorylation (GO:0006468)","86/500",0.768673939927553,0.999996292850528,0,0,0.92154977246067,0.242449059477199,"DDR1;GPI;MYLK2;GSK3A;AMHR2;MAST2;PRKAG1;PKD1;PRKAG3;MYLK3;IKBKB;STK11;PPP3CB;RPS6KA5;AKT2;FASTK;TLK2;PDK4;PRKACA;AMH;ROS1;EPHB1;PRKG1;PDK2;CDKL3;CSNK2A1;MUSK;DAPK2;STRADB;DYRK1A;DYRK1B;LMTK2;OXSR1;ATG14;MAPKAPK3;MYOD1;MAPKAPK2;PICK1;ULK2;PRKCQ;ULK1;TNIK;CAMK2B;CAMK2D;USP15;PRKAA2;PKDCC;CAB39;CTBP1;ROCK2;CAMK2A;MAPK9;STK33;PAK1;GRK4;ERBB4;MKNK2;MAP3K20;MARK4;MAPK6;MARK3;IP6K3;MAP4K3;HIPK4;SRPK3;DMPK;DAB2IP;ACVR2B;HIPK3;MTOR;MAPK12;HIPK2;BCKDK;PINK1;SBK1;STK25;COPS2;WNK2;NEK10;TAF8;MAP3K10;TAF7;COQ8A;COPS8;FGFR4;CDK16"
"Cell Cycle G2/M Phase Transition (GO:0044839)","6/40",0.76881005283638,0.999996292850528,0,0,0.784083799868461,0.206144526731083,"WEE1;ENSA;TPD52L1;ARPP19;LCMT1;NES"
"Negative Regulation Of Protein Localization (GO:1903828)","6/40",0.76881005283638,0.999996292850528,0,0,0.784083799868461,0.206144526731083,"NSFL1C;CAV3;ROCK2;NEDD4L;OTUD7B;MTOR"
"Nucleic Acid-Templated Transcription (GO:0097659)","6/40",0.76881005283638,0.999996292850528,0,0,0.784083799868461,0.206144526731083,"MEF2A;PPP5C;THRB;TCEA3;TCEA2;MLF1"
"Positive Regulation Of Cell Cycle G1/S Phase Transition (GO:1902808)","6/40",0.76881005283638,0.999996292850528,0,0,0.784083799868461,0.206144526731083,"LSM10;RPTOR;MBLAC1;RDX;PHB2;EIF4G1"
"Positive Regulation Of Stem Cell Population Maintenance (GO:1902459)","6/40",0.76881005283638,0.999996292850528,0,0,0.784083799868461,0.206144526731083,"BCL7A;PHF10;BRMS1L;BCL7B;ESRRB;TET1"
"Focal Adhesion Assembly (GO:0048041)","3/21",0.769480406865816,0.999996292850528,0,0,0.740644868301544,0.194078424413785,"ACTN3;ACTN2;WHAMM"
"Histone H2A Acetylation (GO:0043968)","3/21",0.769480406865816,0.999996292850528,0,0,0.740644868301544,0.194078424413785,"VPS72;RUVBL2;DMAP1"
"Negative Regulation Of Interleukin-2 Production (GO:0032703)","3/21",0.769480406865816,0.999996292850528,0,0,0.740644868301544,0.194078424413785,"HOMER2;HOMER3;HDAC9"
"Negative Regulation Of miRNA Metabolic Process (GO:2000629)","3/21",0.769480406865816,0.999996292850528,0,0,0.740644868301544,0.194078424413785,"ZNF512B;SRF;PPARA"
"Positive Regulation Of Amyloid Precursor Protein Catabolic Process (GO:1902993)","3/21",0.769480406865816,0.999996292850528,0,0,0.740644868301544,0.194078424413785,"GSK3A;ROCK2;RANBP9"
"Positive Regulation Of Granulocyte Chemotaxis (GO:0071624)","3/21",0.769480406865816,0.999996292850528,0,0,0.740644868301544,0.194078424413785,"DAPK2;DNM1L;MCU"
"Purine Nucleotide Biosynthetic Process (GO:0006164)","3/21",0.769480406865816,0.999996292850528,0,0,0.740644868301544,0.194078424413785,"ADSL;MTHFD1;NMNAT1"
"Regulation Of Anoikis (GO:2000209)","3/21",0.769480406865816,0.999996292850528,0,0,0.740644868301544,0.194078424413785,"TLE1;BCL2;PDK4"
"Regulation Of Membrane Protein Ectodomain Proteolysis (GO:0051043)","3/21",0.769480406865816,0.999996292850528,0,0,0.740644868301544,0.194078424413785,"NRDC;PACSIN3;PTPN3"
"Regulation Of Steroid Metabolic Process (GO:0019218)","3/21",0.769480406865816,0.999996292850528,0,0,0.740644868301544,0.194078424413785,"ACADVL;RORC;STUB1"
"Response To Cadmium Ion (GO:0046686)","3/21",0.769480406865816,0.999996292850528,0,0,0.740644868301544,0.194078424413785,"MAPK9;JUN;HSF1"
"Sodium Ion Import Across Plasma Membrane (GO:0098719)","3/21",0.769480406865816,0.999996292850528,0,0,0.740644868301544,0.194078424413785,"SLC9A2;SLC9A3;SLC6A1"
"Sulfur Compound Transport (GO:0072348)","3/21",0.769480406865816,0.999996292850528,0,0,0.740644868301544,0.194078424413785,"SLC25A26;SLC25A11;SLC19A2"
"Intracellular Protein Transport (GO:0006886)","55/325",0.771125225896849,0.999996292850528,0,0,0.904054828736974,0.234967916886482,"IPO13;RPAIN;C17ORF75;SNX13;PHB2;IPO7;MAIP1;PKD1;IPO5;XPO4;AKT2;KIF13A;FAM53C;TIMM17A;TIMM17B;EIF2D;HOMER3;TMED1;KPNA4;KPNA5;CCHCR1;KPNA3;TRIM23;KPNA1;STRADB;PAM16;TIMM23;TSC2;VPS37A;TIMM21;BCS1L;OXA1L;CDC37;PICK1;PREB;RTN2;RAB5B;STX17;SAR1B;RAB1B;USO1;AKAP6;TRAK1;DNAJC27;TIMM50;RAB21;GRPEL1;BAG3;NUP88;SEC31B;DNAJC19;HSPA9;AKIRIN2;TIMM44;UBAP1"
"Regulation Of Cellular Component Organization (GO:0051128)","25/153",0.771771126618006,0.999996292850528,0,0,0.867288154468202,0.224685949350969,"RAB5B;URI1;CAMK2D;ROCK2;PARK7;TMEM97;RPTOR;STK11;SLITRK4;TLK2;PACSIN3;KAT7;MARK4;ROS1;HSPA8;RAB4A;SEMA4D;DAB2IP;TSC2;PTPN11;MTOR;PINK1;NEDD4;RAPGEF1;PRKCQ"
"Positive Regulation Of Cell Projection Organization (GO:0031346)","19/118",0.771929627740031,0.999996292850528,0,0,0.852343909815174,0.220639354478187,"DDR1;RET;CAMK2B;CDKL3;MUSK;METRN;AVIL;SS18L1;AMIGO1;NRDC;TWF2;DAB2IP;ARHGAP35;LRRC7;DVL1;RAPGEF1;DVL3;OBSL1;SCN1B"
"Regulation Of DNA Biosynthetic Process (GO:2000278)","5/34",0.774306104362798,0.999996292850528,0,0,0.76608505997819,0.195955365247084,"ANKRD1;NABP2;KAT7;FGFR4;SMG5"
"Transmembrane Receptor Protein Serine/Threonine Kinase Signaling Pathway (GO:0007178)","21/130",0.775464289584997,0.999996292850528,0,0,0.855577439030517,0.217567649452632,"GPI;JUN;USP15;SMAD3;AMHR2;MSTN;ZFYVE9;WFIKKN2;GDF1;RGMB;ACVR2B;BMP5;INHBE;RGMA;HIPK2;GDF9;HJV;ATOH8;STUB1;AMH;INHA"
"Cell Morphogenesis Involved In Neuron Differentiation (GO:0048667)","12/77",0.778273252335465,0.999996292850528,0,0,0.820053369192949,0.205569004218063,"MEF2A;RAB10;AFG3L2;SPTBN4;MEF2C;RAB3A;PARD3;SLITRK4;DVL1;ANK3;APBB1;CTNNA2"
"Regulation Of Hydrolase Activity (GO:0051336)","11/71",0.77836930779512,0.999996292850528,0,0,0.81438649189878,0.204047938662877,"ATP5IF1;RABGAP1;ALS2;CAMK2A;RDX;DAB2IP;NOS1;BVES;PRKG1;SERPINA5;SOD1"
"Regulation Of Cell Division (GO:0051302)","13/83",0.778537728656293,0.999996292850528,0,0,0.824906323185012,0.206505255279414,"SH3GLB1;ESRRB;KLHL21;PDXP;SGF29;SIRT2;KAT2B;KIF13A;PIN1;CALM3;RAB11FIP3;KAT14;NKX3-1"
"Anterior/Posterior Pattern Specification (GO:0009952)","9/59",0.780086434833438,0.999996292850528,0,0,0.799634279475983,0.198589614345253,"TBX1;HES6;HOXA9;BHLHE41;HOXA3;HOXA7;HOXC9;HOXA4;HOXC6"
"Regulation Of Multicellular Organismal Development (GO:2000026)","9/59",0.780086434833438,0.999996292850528,0,0,0.799634279475983,0.198589614345253,"BAG6;KAT2B;KAT6B;BRPF3;RUVBL2;MCRS1;SGF29;UCHL5;KAT14"
"Monoatomic Ion Transport (GO:0006811)","17/107",0.78192600383066,0.999996292850528,0,0,0.838891928033066,0.206363360075275,"CHRNB1;SLC36A2;SLC24A3;SLC20A2;TMEM63C;ATP1A4;SLC1A7;SLC9A2;PANX1;SLC8A3;SLC9A3;SLC25A26;SLC25A18;VDAC2;AQP11;VDAC1;SLC26A9"
"Negative Regulation Of Cysteine-Type Endopeptidase Activity (GO:2000117)","8/53",0.782041193274033,0.999996292850528,0,0,0.789789298165833,0.194168011176856,"IGBP1;USP47;CSNK2A1;DNAJB6;TRIAP1;RAF1;MAP2K5;LAMTOR5"
"Regulation Of Alternative mRNA Splicing, Via Spliceosome (GO:0000381)","8/53",0.782041193274033,0.999996292850528,0,0,0.789789298165833,0.194168011176856,"FXR1;RBM38;RBFOX1;KHDRBS3;FXR2;THRAP3;SAP18;RBM24"
"RNA Processing (GO:0006396)","30/183",0.782391043316321,0.999996292850528,0,0,0.87053871782037,0.213630730667771,"FASTKD1;CELF1;FASTKD2;TUT4;DIS3L;WBP4;USP39;NOL3;TBRG4;EXOSC7;ALKBH5;ARVCF;EXOSC5;PPP2R1A;FASTK;DHX16;SNRPD3;PRKACA;SNRNP35;PPARGC1A;SNRPN;PRMT1;PABPC4;DDX54;LSM4;DDX39B;HNRNPA2B1;FASTKD5;RP9;SNRNP25"
"Establishment Of Endothelial Barrier (GO:0061028)","4/28",0.782986162281537,0.999996292850528,0,0,0.74057418006723,0.181174256880367,"RAB1B;PDE4D;RDX;RAPGEF1"
"Fatty Acid Derivative Biosynthetic Process (GO:1901570)","4/28",0.782986162281537,0.999996292850528,0,0,0.74057418006723,0.181174256880367,"GCDH;HMGCL;GGT7;HTD2"
"Negative Regulation Of Actin Filament Bundle Assembly (GO:0032232)","4/28",0.782986162281537,0.999996292850528,0,0,0.74057418006723,0.181174256880367,"PRKN;TMEFF2;CLASP1;CLASP2"
"Positive Regulation Of mRNA Processing (GO:0050685)","4/28",0.782986162281537,0.999996292850528,0,0,0.74057418006723,0.181174256880367,"THRAP3;CIRBP;PRDX6;WDR77"
"Positive Regulation Of Protein Import Into Nucleus (GO:0042307)","4/28",0.782986162281537,0.999996292850528,0,0,0.74057418006723,0.181174256880367,"MAVS;SMAD3;DMAP1;IPO5"
"Regulation Of DNA Damage Response, Signal Transduction By P53 Class Mediator (GO:0043516)","4/28",0.782986162281537,0.999996292850528,0,0,0.74057418006723,0.181174256880367,"COPS3;ANKRD1;SMYD2;DYRK1A"
"Regulation Of Nitric-Oxide Synthase Activity (GO:0050999)","4/28",0.782986162281537,0.999996292850528,0,0,0.74057418006723,0.181174256880367,"CAV3;DDAH1;S100A1;NOSIP"
"Regulation Of Plasma Membrane Bounded Cell Projection Organization (GO:0120035)","4/28",0.782986162281537,0.999996292850528,0,0,0.74057418006723,0.181174256880367,"GSK3A;HOMER1;CTNNA2;CAMK2G"
"Phosphorylation (GO:0016310)","73/429",0.784529093557989,0.999996292850528,0,0,0.909708957553059,0.220760548293763,"GPI;GSK3A;DGKD;AMHR2;DGKB;MAST2;PRKAG1;PRKAG3;MYLK3;HK1;IKBKB;RPTOR;STK11;PPP3CB;RPS6KA5;FASTK;TLK2;PDK4;MLST8;PRKACA;ROS1;EPHB1;PRKG1;PDK2;CDKL3;CSNK2A1;DAPK2;STRADB;DYRK1A;DYRK1B;LMTK2;OXSR1;ATG14;MYOD1;MAPKAPK2;PICK1;PRKCQ;ULK1;TNIK;CAMK2B;CAMK2D;PRKAA2;CTBP1;ROCK2;MAPKAP1;CAMK2A;MAPK9;PAK1;FGGY;GRK4;MKNK2;MAP3K20;MARK4;MAPK6;MARK3;IP6K3;MAP4K3;DMPK;ACVR2B;HIPK3;MTOR;HIPK2;BCKDK;PINK1;STK25;COPS2;WNK2;NEK10;TAF8;TAF7;COQ8A;COPS8;CDK16"
"Positive Regulation Of TOR Signaling (GO:0032008)","7/47",0.785073936004072,0.999996292850528,0,0,0.777475450081833,0.188131472147177,"RPTOR;MIOS;RRAGB;RRAGD;MLST8;KLHL22;LAMTOR5"
"Secondary Alcohol Metabolic Process (GO:1902652)","7/47",0.785073936004072,0.999996292850528,0,0,0.777475450081833,0.188131472147177,"ABCA5;IDH2;FDX1;IDH3B;OSBPL1A;GBA2;IDH3A"
"Synapse Organization (GO:0050808)","21/131",0.787334728124618,0.999996292850528,0,0,0.847747187095489,0.202697877833556,"CHRNA1;UNC13C;MUSK;CHCHD10;ANK3;SLC6A1;ZDHHC2;KY;GPHN;CACNB1;SLC8A3;FLRT3;MYOT;NEDD4;DOK7;DVL1;PIN1;MAPT;SNCB;PPFIA4;PDZRN3"
"DNA Alkylation (GO:0006305)","2/15",0.791623637052394,0.999996292850528,0,0,0.68369549273935,0.159758582835505,"MTRR;DNMT3A"
"DNA Double-Strand Break Processing (GO:0000729)","2/15",0.791623637052394,0.999996292850528,0,0,0.68369549273935,0.159758582835505,"HELQ;SETMAR"
"Golgi To Endosome Transport (GO:0006895)","2/15",0.791623637052394,0.999996292850528,0,0,0.68369549273935,0.159758582835505,"VPS13A;WIPI1"
"T Cell Homeostasis (GO:0043029)","2/15",0.791623637052394,0.999996292850528,0,0,0.68369549273935,0.159758582835505,"PPP2R1A;ZC3H8"
"Activation Of NF-kappaB-inducing Kinase Activity (GO:0007250)","2/15",0.791623637052394,0.999996292850528,0,0,0.68369549273935,0.159758582835505,"ZFP91;COPS8"
"Adenylate Cyclase-Activating Adrenergic Receptor Signaling Pathway (GO:0071880)","2/15",0.791623637052394,0.999996292850528,0,0,0.68369549273935,0.159758582835505,"ADRB2;ADRA2B"
"Anterograde Synaptic Vesicle Transport (GO:0048490)","2/15",0.791623637052394,0.999996292850528,0,0,0.68369549273935,0.159758582835505,"SNAPIN;AP3S2"
"Astrocyte Development (GO:0014002)","2/15",0.791623637052394,0.999996292850528,0,0,0.68369549273935,0.159758582835505,"EIF2B5;MAPT"
"Dendritic Spine Morphogenesis (GO:0060997)","2/15",0.791623637052394,0.999996292850528,0,0,0.68369549273935,0.159758582835505,"NOL3;EPHB1"
"Epiboly Involved In Wound Healing (GO:0090505)","2/15",0.791623637052394,0.999996292850528,0,0,0.68369549273935,0.159758582835505,"DDR1;TMEFF2"
"Ganglioside Biosynthetic Process (GO:0001574)","2/15",0.791623637052394,0.999996292850528,0,0,0.68369549273935,0.159758582835505,"ST8SIA2;B4GALNT1"
"Keratan Sulfate Biosynthetic Process (GO:0018146)","2/15",0.791623637052394,0.999996292850528,0,0,0.68369549273935,0.159758582835505,"B4GAT1;ST3GAL3"
"Midbody Abscission (GO:0061952)","2/15",0.791623637052394,0.999996292850528,0,0,0.68369549273935,0.159758582835505,"VPS4A;CHMP6"
"Neurotrophin Signaling Pathway (GO:0038179)","2/15",0.791623637052394,0.999996292850528,0,0,0.68369549273935,0.159758582835505,"NTF4;RAPGEF1"
"Nitric Oxide Biosynthetic Process (GO:0006809)","2/15",0.791623637052394,0.999996292850528,0,0,0.68369549273935,0.159758582835505,"ARG2;NOS1"
"Peptidyl-Lysine Trimethylation (GO:0018023)","2/15",0.791623637052394,0.999996292850528,0,0,0.68369549273935,0.159758582835505,"SETD3;ETFBKMT"
"Positive Regulation Of Mitotic Sister Chromatid Separation (GO:1901970)","2/15",0.791623637052394,0.999996292850528,0,0,0.68369549273935,0.159758582835505,"CUL3;ANAPC5"
"Positive Regulation Of Sprouting Angiogenesis (GO:1903672)","2/15",0.791623637052394,0.999996292850528,0,0,0.68369549273935,0.159758582835505,"PKM;S100A1"
"Protein Localization To Cell-Cell Junction (GO:0150105)","2/15",0.791623637052394,0.999996292850528,0,0,0.68369549273935,0.159758582835505,"CHAF1B;SCRIB"
"Receptor Catabolic Process (GO:0032801)","2/15",0.791623637052394,0.999996292850528,0,0,0.68369549273935,0.159758582835505,"SH3GLB1;NEDD4"
"Regulation Of Activin Receptor Signaling Pathway (GO:0032925)","2/15",0.791623637052394,0.999996292850528,0,0,0.68369549273935,0.159758582835505,"IGSF1;ACVR2B"
"Regulation Of Clathrin-Dependent Endocytosis (GO:2000369)","2/15",0.791623637052394,0.999996292850528,0,0,0.68369549273935,0.159758582835505,"NEU3;DGKD"
"Regulation Of mRNA Metabolic Process (GO:1903311)","2/15",0.791623637052394,0.999996292850528,0,0,0.68369549273935,0.159758582835505,"SRPK3;PTCD2"
"Regulation Of miRNA-mediated Gene Silencing (GO:0060964)","2/15",0.791623637052394,0.999996292850528,0,0,0.68369549273935,0.159758582835505,"FXR1;EIF4G1"
"Synaptic Vesicle Transport Along Microtubule (GO:0099517)","2/15",0.791623637052394,0.999996292850528,0,0,0.68369549273935,0.159758582835505,"SNAPIN;AP3S2"
"Positive Regulation Of Double-Strand Break Repair (GO:2000781)","13/84",0.793044916050413,0.999996292850528,0,0,0.813237897329331,0.188569877606372,"SMARCD3;HELQ;SLF2;PARP1;PHF10;SETMAR;BCL7A;VPS72;RUVBL2;BCL7B;DPF3;DMAP1;HDGFL2"
"Regulation Of Cysteine-Type Endopeptidase Activity Involved In Apoptotic Process (GO:0043281)","13/84",0.793044916050413,0.999996292850528,0,0,0.813237897329331,0.188569877606372,"IGBP1;USP47;FIS1;NDUFA13;CSNK2A1;TRIAP1;UACA;DNAJB6;CYCS;RAF1;MAP2K5;NKX3-1;LAMTOR5"
"Negative Regulation Of Catabolic Process (GO:0009895)","11/72",0.793967581037816,0.999996292850528,0,0,0.800986650670153,0.18479775158585,"HDAC4;PDCL3;CSNK2A1;SGTA;DAB2IP;PIN1;ZDHHC7;PPARA;RILP;SIRT2;HIPK2"
"Regulation Of Cellular Localization (GO:0060341)","11/72",0.793967581037816,0.999996292850528,0,0,0.800986650670153,0.18479775158585,"RSL1D1;CAMK2D;HSP90AB1;PARP1;DNAJB6;VPS4A;DVL1;TESK1;DVL3;PLEKHM2;NKX3-1"
"Dendrite Morphogenesis (GO:0048813)","5/35",0.796320438943012,0.999996292850528,0,0,0.740503453289713,0.16865233667223,"MEF2A;DVL1;CTNNA2;NOL3;EPHB1"
"Glutamate Receptor Signaling Pathway (GO:0007215)","5/35",0.796320438943012,0.999996292850528,0,0,0.740503453289713,0.16865233667223,"HOMER1;HOMER2;KCNB1;HOMER3;CPEB4"
"Positive Regulation Of Telomere Maintenance Via Telomere Lengthening (GO:1904358)","5/35",0.796320438943012,0.999996292850528,0,0,0.740503453289713,0.16865233667223,"TNIP1;HNRNPA2B1;PRKCQ;CCT7;MAP2K7"
"Regulation Of mRNA Processing (GO:0050684)","5/35",0.796320438943012,0.999996292850528,0,0,0.740503453289713,0.16865233667223,"SRPK3;PTCD2;RBM20;QKI;JMJD6"
"protein-DNA Complex Organization (GO:0071824)","9/60",0.796980525202758,0.999996292850528,0,0,0.783907012586694,0.177888126753022,"HDAC5;HIRIP3;SATB1;HDAC11;SETD7;CBX1;BANF1;HMGN3;FAM50B"
"Acylglycerol Biosynthetic Process (GO:0046463)","3/22",0.797019863203871,0.999996292850528,0,0,0.70162053635451,0.159180634911097,"DGAT1;GPAT3;LPIN1"
"Cellular Response To Cadmium Ion (GO:0071276)","3/22",0.797019863203871,0.999996292850528,0,0,0.70162053635451,0.159180634911097,"MAPK9;JUN;HSF1"
"Glucose Transmembrane Transport (GO:1904659)","3/22",0.797019863203871,0.999996292850528,0,0,0.70162053635451,0.159180634911097,"SLC2A11;SLC2A4;SLC2A8"
"Hexose Transmembrane Transport (GO:0008645)","3/22",0.797019863203871,0.999996292850528,0,0,0.70162053635451,0.159180634911097,"SLC2A11;SLC2A4;SLC2A8"
"Membrane Protein Ectodomain Proteolysis (GO:0006509)","3/22",0.797019863203871,0.999996292850528,0,0,0.70162053635451,0.159180634911097,"PSEN2;DAG1;PRKCQ"
"Modulation By Host Of Viral Process (GO:0044788)","3/22",0.797019863203871,0.999996292850528,0,0,0.70162053635451,0.159180634911097,"ROCK2;PAIP1;PITX3"
"Negative Regulation Of Cell Development (GO:0010721)","3/22",0.797019863203871,0.999996292850528,0,0,0.70162053635451,0.159180634911097,"GSK3A;CAV3;IL17D"
"peptidyl-L-cysteine S-palmitoylation (GO:0018230)","3/22",0.797019863203871,0.999996292850528,0,0,0.70162053635451,0.159180634911097,"ZDHHC7;ZDHHC2;ZDHHC4"
"peptidyl-S-diacylglycerol-L-cysteine Biosynthetic Process From Peptidyl-Cysteine (GO:0018231)","3/22",0.797019863203871,0.999996292850528,0,0,0.70162053635451,0.159180634911097,"ZDHHC7;ZDHHC2;ZDHHC4"
"Positive Regulation Of Cholesterol Efflux (GO:0010875)","3/22",0.797019863203871,0.999996292850528,0,0,0.70162053635451,0.159180634911097,"EEPD1;RXRA;GPS2"
"Positive Regulation Of Receptor Internalization (GO:0002092)","3/22",0.797019863203871,0.999996292850528,0,0,0.70162053635451,0.159180634911097,"ATAD1;EGF;PICK1"
"Protein Peptidyl-Prolyl Isomerization (GO:0000413)","3/22",0.797019863203871,0.999996292850528,0,0,0.70162053635451,0.159180634911097,"PPIF;PIN1;PPID"
"Regulation Of Intracellular Steroid Hormone Receptor Signaling Pathway (GO:0033143)","3/22",0.797019863203871,0.999996292850528,0,0,0.70162053635451,0.159180634911097,"CARM1;UFSP2;PARK7"
"Regulation Of Neural Precursor Cell Proliferation (GO:2000177)","3/22",0.797019863203871,0.999996292850528,0,0,0.70162053635451,0.159180634911097,"FZD9;PROX1;NES"
"Regulation Of Telomere Capping (GO:1904353)","3/22",0.797019863203871,0.999996292850528,0,0,0.70162053635451,0.159180634911097,"NABP2;PRKCQ;MAP2K7"
"Ribosomal Large Subunit Assembly (GO:0000027)","3/22",0.797019863203871,0.999996292850528,0,0,0.70162053635451,0.159180634911097,"MRPL20;FASTKD2;MDN1"
"snRNA 3'-End Processing (GO:0034472)","3/22",0.797019863203871,0.999996292850528,0,0,0.70162053635451,0.159180634911097,"EXOSC7;EXOSC5;INTS1"
"tRNA Aminoacylation (GO:0043039)","3/22",0.797019863203871,0.999996292850528,0,0,0.70162053635451,0.159180634911097,"GATB;IARS2;QRSL1"
"Negative Regulation Of Protein Modification By Small Protein Conjugation Or Removal (GO:1903321)","8/54",0.799677048259445,0.999996292850528,0,0,0.772572513197699,0.172706516758205,"SH3RF2;UBXN1;NXN;CAPN3;SPRY2;PARK7;KLHL40;SQSTM1"
"DNA Damage Response, Signal Transduction By P53 Class Mediator Resulting In Transcription Of P21 Class Mediator (GO:0006978)","1/8",0.802813839060383,0.999996292850528,0,0,0.634920634920635,0.139449157916047,"HIPK2"
"GMP Metabolic Process (GO:0046037)","1/8",0.802813839060383,0.999996292850528,0,0,0.634920634920635,0.139449157916047,"NT5C2"
"RNA Secondary Structure Unwinding (GO:0010501)","1/8",0.802813839060383,0.999996292850528,0,0,0.634920634920635,0.139449157916047,"DDX39B"
"T-helper 17 Cell Differentiation (GO:0072539)","1/8",0.802813839060383,0.999996292850528,0,0,0.634920634920635,0.139449157916047,"RORC"
"Actin Filament Network Formation (GO:0051639)","1/8",0.802813839060383,0.999996292850528,0,0,0.634920634920635,0.139449157916047,"COBL"
"Apoptotic DNA Fragmentation (GO:0006309)","1/8",0.802813839060383,0.999996292850528,0,0,0.634920634920635,0.139449157916047,"ENDOG"
"Astral Microtubule Organization (GO:0030953)","1/8",0.802813839060383,0.999996292850528,0,0,0.634920634920635,0.139449157916047,"CLASP1"
"Box C/D snoRNP Assembly (GO:0000492)","1/8",0.802813839060383,0.999996292850528,0,0,0.634920634920635,0.139449157916047,"RUVBL2"
"Brown Fat Cell Differentiation (GO:0050873)","1/8",0.802813839060383,0.999996292850528,0,0,0.634920634920635,0.139449157916047,"PPARGC1A"
"Cardioblast Differentiation (GO:0010002)","1/8",0.802813839060383,0.999996292850528,0,0,0.634920634920635,0.139449157916047,"SRF"
"Cellular Response To Hydroxyurea (GO:0072711)","1/8",0.802813839060383,0.999996292850528,0,0,0.634920634920635,0.139449157916047,"DDI2"
"Cellular Response To Muramyl Dipeptide (GO:0071225)","1/8",0.802813839060383,0.999996292850528,0,0,0.634920634920635,0.139449157916047,"TRIM41"
"Cilium Movement Involved In Cell Motility (GO:0060294)","1/8",0.802813839060383,0.999996292850528,0,0,0.634920634920635,0.139449157916047,"GAS8"
"Collagen-Activated Signaling Pathway (GO:0038065)","1/8",0.802813839060383,0.999996292850528,0,0,0.634920634920635,0.139449157916047,"DDR1"
"Cyclooxygenase Pathway (GO:0019371)","1/8",0.802813839060383,0.999996292850528,0,0,0.634920634920635,0.139449157916047,"PTGES2"
"Detection Of Mechanical Stimulus Involved In Sensory Perception Of Sound (GO:0050910)","1/8",0.802813839060383,0.999996292850528,0,0,0.634920634920635,0.139449157916047,"HPN"
"Fructose 1,6-Bisphosphate Metabolic Process (GO:0030388)","1/8",0.802813839060383,0.999996292850528,0,0,0.634920634920635,0.139449157916047,"PFKM"
"Glutamine Transport (GO:0006868)","1/8",0.802813839060383,0.999996292850528,0,0,0.634920634920635,0.139449157916047,"SLC38A3"
"Glycerol Transmembrane Transport (GO:0015793)","1/8",0.802813839060383,0.999996292850528,0,0,0.634920634920635,0.139449157916047,"AQP11"
"Hyaluronan Catabolic Process (GO:0030214)","1/8",0.802813839060383,0.999996292850528,0,0,0.634920634920635,0.139449157916047,"HYAL4"
"Intermembrane Lipid Transfer (GO:0120009)","1/8",0.802813839060383,0.999996292850528,0,0,0.634920634920635,0.139449157916047,"CPTP"
"Kynurenine Metabolic Process (GO:0070189)","1/8",0.802813839060383,0.999996292850528,0,0,0.634920634920635,0.139449157916047,"KYAT1"
"Lactation (GO:0007595)","1/8",0.802813839060383,0.999996292850528,0,0,0.634920634920635,0.139449157916047,"ERBB4"
"mRNA Pseudouridine Synthesis (GO:1990481)","1/8",0.802813839060383,0.999996292850528,0,0,0.634920634920635,0.139449157916047,"RPUSD4"
"Maintenance Of Apical/Basal Cell Polarity (GO:0035090)","1/8",0.802813839060383,0.999996292850528,0,0,0.634920634920635,0.139449157916047,"LIN7B"
"Maintenance Of Epithelial Cell Apical/Basal Polarity (GO:0045199)","1/8",0.802813839060383,0.999996292850528,0,0,0.634920634920635,0.139449157916047,"LIN7B"
"Monocyte Activation (GO:0042117)","1/8",0.802813839060383,0.999996292850528,0,0,0.634920634920635,0.139449157916047,"DYSF"
"ncRNA Export From Nucleus (GO:0097064)","1/8",0.802813839060383,0.999996292850528,0,0,0.634920634920635,0.139449157916047,"TSC1"
"Negative Regulation Of Cholesterol Storage (GO:0010887)","1/8",0.802813839060383,0.999996292850528,0,0,0.634920634920635,0.139449157916047,"PPARA"
"Negative Regulation Of Chromosome Organization (GO:2001251)","1/8",0.802813839060383,0.999996292850528,0,0,0.634920634920635,0.139449157916047,"SETMAR"
"Negative Regulation Of Glial Cell Differentiation (GO:0045686)","1/8",0.802813839060383,0.999996292850528,0,0,0.634920634920635,0.139449157916047,"NOG"
"Negative Regulation Of Glycoprotein Biosynthetic Process (GO:0010561)","1/8",0.802813839060383,0.999996292850528,0,0,0.634920634920635,0.139449157916047,"ACOT8"
"Negative Regulation Of Long-Term Synaptic Potentiation (GO:1900272)","1/8",0.802813839060383,0.999996292850528,0,0,0.634920634920635,0.139449157916047,"FXR1"
"Negative Regulation Of Mitotic Nuclear Division (GO:0045839)","1/8",0.802813839060383,0.999996292850528,0,0,0.634920634920635,0.139449157916047,"TOM1L2"
"Negative Regulation Of Platelet Aggregation (GO:0090331)","1/8",0.802813839060383,0.999996292850528,0,0,0.634920634920635,0.139449157916047,"PRKG1"
"Negative Regulation Of Retrograde Protein Transport, ER To Cytosol (GO:1904153)","1/8",0.802813839060383,0.999996292850528,0,0,0.634920634920635,0.139449157916047,"UBE2G2"
"Negative Regulation Of Smooth Muscle Cell Differentiation (GO:0051151)","1/8",0.802813839060383,0.999996292850528,0,0,0.634920634920635,0.139449157916047,"FOXO4"
"Negative Regulation Of Systemic Arterial Blood Pressure (GO:0003085)","1/8",0.802813839060383,0.999996292850528,0,0,0.634920634920635,0.139449157916047,"ADRB2"
"Negative Regulation Of Triglyceride Metabolic Process (GO:0090209)","1/8",0.802813839060383,0.999996292850528,0,0,0.634920634920635,0.139449157916047,"PLIN5"
"Neurotransmitter Reuptake (GO:0098810)","1/8",0.802813839060383,0.999996292850528,0,0,0.634920634920635,0.139449157916047,"SLC22A3"
"Nicotinamide Nucleotide Biosynthetic Process (GO:0019359)","1/8",0.802813839060383,0.999996292850528,0,0,0.634920634920635,0.139449157916047,"NMNAT1"
"Phototransduction, Visible Light (GO:0007603)","1/8",0.802813839060383,0.999996292850528,0,0,0.634920634920635,0.139449157916047,"GNA11"
"Positive Regulation Of Blood Pressure (GO:0045777)","1/8",0.802813839060383,0.999996292850528,0,0,0.634920634920635,0.139449157916047,"SPX"
"Positive Regulation Of Calcium Ion-Dependent Exocytosis (GO:0045956)","1/8",0.802813839060383,0.999996292850528,0,0,0.634920634920635,0.139449157916047,"KCNB1"
"Positive Regulation Of Chromatin Binding (GO:0035563)","1/8",0.802813839060383,0.999996292850528,0,0,0.634920634920635,0.139449157916047,"MED9"
"Positive Regulation Of Dendritic Cell Cytokine Production (GO:0002732)","1/8",0.802813839060383,0.999996292850528,0,0,0.634920634920635,0.139449157916047,"MAVS"
"Positive Regulation Of Macrophage Cytokine Production (GO:0060907)","1/8",0.802813839060383,0.999996292850528,0,0,0.634920634920635,0.139449157916047,"GPRC5B"
"Positive Regulation Of Megakaryocyte Differentiation (GO:0045654)","1/8",0.802813839060383,0.999996292850528,0,0,0.634920634920635,0.139449157916047,"PITHD1"
"Positive Regulation Of Opsonization (GO:1903028)","1/8",0.802813839060383,0.999996292850528,0,0,0.634920634920635,0.139449157916047,"MYO18A"
"Positive Regulation Of Peptide Secretion (GO:0002793)","1/8",0.802813839060383,0.999996292850528,0,0,0.634920634920635,0.139449157916047,"RASL10B"
"Positive Regulation Of Smooth Muscle Cell Apoptotic Process (GO:0034393)","1/8",0.802813839060383,0.999996292850528,0,0,0.634920634920635,0.139449157916047,"MFN2"
"Positive Regulation Of Tumor Necrosis Factor-Mediated Signaling Pathway (GO:1903265)","1/8",0.802813839060383,0.999996292850528,0,0,0.634920634920635,0.139449157916047,"PRKN"
"Positive Regulation Of Ubiquitin Protein Ligase Activity (GO:1904668)","1/8",0.802813839060383,0.999996292850528,0,0,0.634920634920635,0.139449157916047,"SKP1"
"Protein Hexamerization (GO:0034214)","1/8",0.802813839060383,0.999996292850528,0,0,0.634920634920635,0.139449157916047,"TWNK"
"Protein poly-ADP-ribosylation (GO:0070212)","1/8",0.802813839060383,0.999996292850528,0,0,0.634920634920635,0.139449157916047,"PARP2"
"Regulation Of DNA Demethylation (GO:1901535)","1/8",0.802813839060383,0.999996292850528,0,0,0.634920634920635,0.139449157916047,"OTUD4"
"Regulation Of ER-associated Ubiquitin-Dependent Protein Catabolic Process (GO:1903069)","1/8",0.802813839060383,0.999996292850528,0,0,0.634920634920635,0.139449157916047,"SGTA"
"Regulation Of RNA Biosynthetic Process (GO:2001141)","1/8",0.802813839060383,0.999996292850528,0,0,0.634920634920635,0.139449157916047,"MITF"
"Regulation Of Wnt Signaling Pathway, Planar Cell Polarity Pathway (GO:2000095)","1/8",0.802813839060383,0.999996292850528,0,0,0.634920634920635,0.139449157916047,"RSPO3"
"Regulation Of Dendritic Spine Maintenance (GO:1902950)","1/8",0.802813839060383,0.999996292850528,0,0,0.634920634920635,0.139449157916047,"HOMER1"
"Regulation Of Endothelial Cell Development (GO:1901550)","1/8",0.802813839060383,0.999996292850528,0,0,0.634920634920635,0.139449157916047,"ROCK2"
"Regulation Of Epidermis Development (GO:0045682)","1/8",0.802813839060383,0.999996292850528,0,0,0.634920634920635,0.139449157916047,"MAFG"
"Regulation Of Lysosomal Protein Catabolic Process (GO:1905165)","1/8",0.802813839060383,0.999996292850528,0,0,0.634920634920635,0.139449157916047,"LAPTM4B"
"Regulation Of Macrophage Migration (GO:1905521)","1/8",0.802813839060383,0.999996292850528,0,0,0.634920634920635,0.139449157916047,"MTUS1"
"Regulation Of Mitotic Centrosome Separation (GO:0046602)","1/8",0.802813839060383,0.999996292850528,0,0,0.634920634920635,0.139449157916047,"NSFL1C"
"Regulation Of Nephron Tubule Epithelial Cell Differentiation (GO:0072182)","1/8",0.802813839060383,0.999996292850528,0,0,0.634920634920635,0.139449157916047,"OXSR1"
"Regulation Of Organ Growth (GO:0046620)","1/8",0.802813839060383,0.999996292850528,0,0,0.634920634920635,0.139449157916047,"SOD1"
"Regulation Of Protein ADP-ribosylation (GO:0010835)","1/8",0.802813839060383,0.999996292850528,0,0,0.634920634920635,0.139449157916047,"KAT2B"
"Regulation Of Rhodopsin Mediated Signaling Pathway (GO:0022400)","1/8",0.802813839060383,0.999996292850528,0,0,0.634920634920635,0.139449157916047,"GRK4"
"Regulation Of Type B Pancreatic Cell Development (GO:2000074)","1/8",0.802813839060383,0.999996292850528,0,0,0.634920634920635,0.139449157916047,"GSK3A"
"Regulation Of Vesicle Fusion (GO:0031338)","1/8",0.802813839060383,0.999996292850528,0,0,0.634920634920635,0.139449157916047,"RAB3A"
"Response To Misfolded Protein (GO:0051788)","1/8",0.802813839060383,0.999996292850528,0,0,0.634920634920635,0.139449157916047,"STUB1"
"Response To Vitamin (GO:0033273)","1/8",0.802813839060383,0.999996292850528,0,0,0.634920634920635,0.139449157916047,"HLCS"
"Retrograde Transport, Vesicle Recycling Within Golgi (GO:0000301)","1/8",0.802813839060383,0.999996292850528,0,0,0.634920634920635,0.139449157916047,"COG4"
"Sensory Organ Morphogenesis (GO:0090596)","1/8",0.802813839060383,0.999996292850528,0,0,0.634920634920635,0.139449157916047,"TBX1"
"Sequestering Of Actin Monomers (GO:0042989)","1/8",0.802813839060383,0.999996292850528,0,0,0.634920634920635,0.139449157916047,"TWF2"
"Serotonin Uptake (GO:0051610)","1/8",0.802813839060383,0.999996292850528,0,0,0.634920634920635,0.139449157916047,"SLC22A3"
"Skin Morphogenesis (GO:0043589)","1/8",0.802813839060383,0.999996292850528,0,0,0.634920634920635,0.139449157916047,"AHDC1"
"tRNA Transcription (GO:0009304)","1/8",0.802813839060383,0.999996292850528,0,0,0.634920634920635,0.139449157916047,"GTF3C6"
"Transcription-Coupled Nucleotide-Excision Repair (GO:0006283)","1/8",0.802813839060383,0.999996292850528,0,0,0.634920634920635,0.139449157916047,"POLR2I"
"Type B Pancreatic Cell Differentiation (GO:0003309)","1/8",0.802813839060383,0.999996292850528,0,0,0.634920634920635,0.139449157916047,"BMP5"
"Unsaturated Fatty Acid Biosynthetic Process (GO:0006636)","1/8",0.802813839060383,0.999996292850528,0,0,0.634920634920635,0.139449157916047,"DECR2"
"Vascular Associated Smooth Muscle Cell Differentiation (GO:0035886)","1/8",0.802813839060383,0.999996292850528,0,0,0.634920634920635,0.139449157916047,"MESP1"
"Myelination (GO:0042552)","7/48",0.803522935030047,0.999996292850528,0,0,0.758466062565699,0.165914110107076,"EIF2B5;SLC8A3;GAL3ST1;AMIGO1;GPC1;PARD3;SIRT2"
"Response To Interferon-Beta (GO:0035456)","4/29",0.806339185507078,0.999996292850528,0,0,0.71090760425184,0.153023430048378,"NDUFA13;CDC34;CAMK2A;UBE2G2"
"Regulation Of RNA Metabolic Process (GO:0051252)","14/91",0.806489571072874,0.999996292850528,0,0,0.807473477601928,0.173658728398548,"RBM38;CELF1;MITF;SGF29;PRDX6;PTBP2;TADA2B;KAT2B;TAF6L;PRKRA;FASTK;MYOD1;RBM20;GRSF1"
"Inorganic Cation Import Across Plasma Membrane (GO:0098659)","16/103",0.80657021584968,0.999996292850528,0,0,0.816698568954516,0.175561054788032,"KCNE2;KCNJ11;KCNJ12;CACNA2D1;ATP1A4;KCNJ16;ATP1A2;ATP1B1;SLC6A1;SLC9A2;SLC8A3;SLC9A3;SCN4A;CACNA1S;SCN5A;KCNJ2"
"Positive Regulation Of Canonical Wnt Signaling Pathway (GO:0090263)","13/85",0.806859618057688,0.999996292850528,0,0,0.801893594414086,0.172090840860138,"AMER1;USP47;UBE2B;EGF;FZD9;RNF146;PPM1A;GPRC5B;PPM1B;WNK2;PIN1;LGR5;RNF220"
"Protein Import Into Nucleus (GO:0006606)","12/79",0.807585909025183,0.999996292850528,0,0,0.795476319576659,0.169997935599096,"IPO13;RPAIN;FAM53C;TSC2;KPNA4;NUP88;KPNA5;IPO7;PHB2;KPNA3;IPO5;KPNA1"
"Regulation Of Neuron Differentiation (GO:0045664)","12/79",0.807585909025183,0.999996292850528,0,0,0.795476319576659,0.169997935599096,"NTF4;MEF2C;GPRC5B;CASZ1;ZEB1;BIN1;CDK5RAP1;SIX1;NREP;TRIM32;YWHAG;CDK5RAP2"
"Inorganic Cation Transmembrane Transport (GO:0098662)","47/284",0.807696405596265,0.999996292850528,0,0,0.879990039122046,0.187938616174678,"KCNE2;SLC24A3;KCNC1;COX15;LRRC38;HPN;KCNC4;ATP1A4;SLC41A1;ATP2A2;ATP2A1;ATP1A2;SLC6A1;KCNA7;PKD1;RYR3;ATP5F1B;NNT;UCP3;KCNN2;CACNA1S;SCN5A;CACNG1;SCN3B;ATP6V1D;SCN1B;KCNJ2;CCDC51;SLC36A2;KCNJ11;KCNB1;SLC30A2;ABCC8;ATP1B4;ATP1B1;SLC8A3;CACNB1;SLC9A2;SLC9A3;SLC6A8;KCNS3;ATP5PO;KCNQ4;KCNQ5;SCN4A;SCN2B;HCN1"
"Amino Acid Transmembrane Transport (GO:0003333)","6/42",0.80894588721123,0.999996292850528,0,0,0.74043268793746,0.15698894686579,"SLC25A18;SLC47A1;SLC36A2;SLC38A3;SLC25A12;SLC38A4"
"Monoatomic Cation Transport (GO:0006812)","6/42",0.80894588721123,0.999996292850528,0,0,0.74043268793746,0.15698894686579,"PANX1;CHRNB1;TMEM63C;SLC41A1;ATP1A2;ATP1B1"
"Organic Hydroxy Compound Biosynthetic Process (GO:1901617)","6/42",0.80894588721123,0.999996292850528,0,0,0.74043268793746,0.15698894686579,"ACOT8;OSBPL7;OSBPL6;PNPO;PARK7;OSBPL1A"
"COPII-coated Vesicle Budding (GO:0090114)","5/36",0.816608949594644,0.999996292850528,0,0,0.716572272839202,0.145173917033364,"PPP6C;VAPB;CUL3;PREB;SEC31B"
"Lytic Vacuole Organization (GO:0080171)","5/36",0.816608949594644,0.999996292850528,0,0,0.716572272839202,0.145173917033364,"SNAPIN;HOOK2;AKTIP;TFEB;MTOR"
"Positive Regulation Of Signaling Receptor Activity (GO:2000273)","5/36",0.816608949594644,0.999996292850528,0,0,0.716572272839202,0.145173917033364,"EGF;ADRB2;PARK7;NOL3;ADRA2B"
"Protein Destabilization (GO:0031648)","5/36",0.816608949594644,0.999996292850528,0,0,0.716572272839202,0.145173917033364,"PRKN;CUL3;CAPN3;RAD23A;ISOC2"
"Regulation Of Erythrocyte Differentiation (GO:0045646)","5/36",0.816608949594644,0.999996292850528,0,0,0.716572272839202,0.145173917033364,"HSPA9;FAM210B;STAT5B;PRMT1;FOXO3"
"RNA Splicing (GO:0008380)","15/98",0.818784186259445,0.999996292850528,0,0,0.802532162548499,0.160454058212945,"SNRPN;PRMT1;WBP4;USP39;NOL3;LSM4;ARVCF;DDX39B;PPP2R1A;DHX16;RP9;SNRPD3;SNRNP25;SNRNP35;PPARGC1A"
"Positive Regulation Of Neuron Projection Development (GO:0010976)","14/92",0.819229718919494,0.999996292850528,0,0,0.797072199914507,0.158928821654403,"DDR1;RET;CAMK2B;MUSK;AVIL;TWF2;DAB2IP;COBL;VLDLR;ARHGAP35;BMP5;LRRC7;RAPGEF1;SCN1B"
"Sensory Perception Of Sound (GO:0007605)","14/92",0.819229718919494,0.999996292850528,0,0,0.797072199914507,0.158928821654403,"TBX1;TIMM8B;NDUFB9;SPTBN4;MYH7B;EYA1;HOMER2;HPN;TIMM13;PAX3;ATP2B2;SOD1;TMIE;COL4A3"
"Erythrocyte Differentiation (GO:0030218)","7/49",0.820733402199374,0.999996292850528,0,0,0.740361883978905,0.146263632384819,"ATP5IF1;HSPA9;SLC25A38;ALAS1;CEBPG;INHA;HIPK2"
"Positive Regulation Of miRNA Metabolic Process (GO:2000630)","7/49",0.820733402199374,0.999996292850528,0,0,0.740361883978905,0.146263632384819,"JUN;SMAD3;SRF;ATOH8;FOXO3;HRAS;TEAD1"
"Unsaturated Fatty Acid Metabolic Process (GO:0033559)","7/49",0.820733402199374,0.999996292850528,0,0,0.740361883978905,0.146263632384819,"CYP2J2;FAAH;ACOT8;GSTM2;PLA2G4C;DECR2;RAPSN"
"DNA-templated Transcription Termination (GO:0006353)","2/16",0.82116350259209,0.999996292850528,0,0,0.634821185352376,0.125080747256701,"MTERF2;SSU72"
"Cellular Response To Fatty Acid (GO:0071398)","2/16",0.82116350259209,0.999996292850528,0,0,0.634821185352376,0.125080747256701,"IRS1;PDK4"
"Cellular Response To Nitrogen Compound (GO:1901699)","2/16",0.82116350259209,0.999996292850528,0,0,0.634821185352376,0.125080747256701,"DDI2;HSF1"
"Glycoprotein Catabolic Process (GO:0006516)","2/16",0.82116350259209,0.999996292850528,0,0,0.634821185352376,0.125080747256701,"NEU4;NGLY1"
"Late Endosome To Lysosome Transport (GO:1902774)","2/16",0.82116350259209,0.999996292850528,0,0,0.634821185352376,0.125080747256701,"VPS4A;CHMP6"
"Maturation Of 5.8S rRNA (GO:0000460)","2/16",0.82116350259209,0.999996292850528,0,0,0.634821185352376,0.125080747256701,"NEDD4;RRP15"
"Negative Regulation Of Anoikis (GO:2000811)","2/16",0.82116350259209,0.999996292850528,0,0,0.634821185352376,0.125080747256701,"TLE1;PDK4"
"Negative Regulation Of Biosynthetic Process (GO:0009890)","2/16",0.82116350259209,0.999996292850528,0,0,0.634821185352376,0.125080747256701,"PARK7;PPARA"
"Negative Regulation Of Receptor Signaling Pathway Via JAK-STAT (GO:0046426)","2/16",0.82116350259209,0.999996292850528,0,0,0.634821185352376,0.125080747256701,"PPP2R1A;NF2"
"Nitric Oxide Metabolic Process (GO:0046209)","2/16",0.82116350259209,0.999996292850528,0,0,0.634821185352376,0.125080747256701,"ARG2;NOS1"
"Nuclear Migration (GO:0007097)","2/16",0.82116350259209,0.999996292850528,0,0,0.634821185352376,0.125080747256701,"TMEM201;SYNE2"
"Positive Regulation By Host Of Viral Transcription (GO:0043923)","2/16",0.82116350259209,0.999996292850528,0,0,0.634821185352376,0.125080747256701,"JUN;HPN"
"Positive Regulation Of Myeloid Leukocyte Cytokine Production Involved In Immune Response (GO:0061081)","2/16",0.82116350259209,0.999996292850528,0,0,0.634821185352376,0.125080747256701,"GPRC5B;MAVS"
"Positive Regulation Of Stem Cell Proliferation (GO:2000648)","2/16",0.82116350259209,0.999996292850528,0,0,0.634821185352376,0.125080747256701,"KAT7;N4BP2L2"
"Prostanoid Metabolic Process (GO:0006692)","2/16",0.82116350259209,0.999996292850528,0,0,0.634821185352376,0.125080747256701,"PLAA;PTGR2"
"Regulation Of Golgi Organization (GO:1903358)","2/16",0.82116350259209,0.999996292850528,0,0,0.634821185352376,0.125080747256701,"MAP2K2;PDE4DIP"
"Regulation Of Establishment Of Endothelial Barrier (GO:1903140)","2/16",0.82116350259209,0.999996292850528,0,0,0.634821185352376,0.125080747256701,"IKBKB;ROCK2"
"Regulation Of Protein Kinase C Signaling (GO:0090036)","2/16",0.82116350259209,0.999996292850528,0,0,0.634821185352376,0.125080747256701,"DGKD;GPD1L"
"Regulation Of Response To Cytokine Stimulus (GO:0060759)","2/16",0.82116350259209,0.999996292850528,0,0,0.634821185352376,0.125080747256701,"MAVS;MAP2K5"
"Regulation Of Steroid Biosynthetic Process (GO:0050810)","2/16",0.82116350259209,0.999996292850528,0,0,0.634821185352376,0.125080747256701,"FGFR4;BMP5"
"Regulation Of Transforming Growth Factor Beta Production (GO:0071634)","2/16",0.82116350259209,0.999996292850528,0,0,0.634821185352376,0.125080747256701,"SMAD3;ITGB6"
"Response To UV-B (GO:0010224)","2/16",0.82116350259209,0.999996292850528,0,0,0.634821185352376,0.125080747256701,"STK11;MAP3K20"
"Reticulophagy (GO:0061709)","2/16",0.82116350259209,0.999996292850528,0,0,0.634821185352376,0.125080747256701,"ULK2;ULK1"
"Diacylglycerol Metabolic Process (GO:0046339)","3/23",0.821748297508905,0.999996292850528,0,0,0.66649863760218,0.130847771160878,"DGKD;DGAT1;DGKB"
"Histone mRNA Metabolic Process (GO:0008334)","3/23",0.821748297508905,0.999996292850528,0,0,0.66649863760218,0.130847771160878,"LSM10;MBLAC1;TUT4"
"Long-Chain fatty-acyl-CoA Metabolic Process (GO:0035336)","3/23",0.821748297508905,0.999996292850528,0,0,0.66649863760218,0.130847771160878,"HACD1;DGAT1;TECR"
"Negative Regulation Of Actin Filament Polymerization (GO:0030837)","3/23",0.821748297508905,0.999996292850528,0,0,0.66649863760218,0.130847771160878,"TWF2;SSH2;PFN2"
"Negative Regulation Of Extrinsic Apoptotic Signaling Pathway Via Death Domain Receptors (GO:1902042)","3/23",0.821748297508905,0.999996292850528,0,0,0.66649863760218,0.130847771160878,"RNF34;PARK7;BMP5"
"Negative Regulation Of Protein Tyrosine Kinase Activity (GO:0061099)","3/23",0.821748297508905,0.999996292850528,0,0,0.66649863760218,0.130847771160878,"SH3BP5L;CHMP6;SOCS6"
"Positive Regulation Of Lamellipodium Assembly (GO:0010592)","3/23",0.821748297508905,0.999996292850528,0,0,0.66649863760218,0.130847771160878,"MSTN;AVIL;TWF2"
"Protein Targeting To ER (GO:0045047)","3/23",0.821748297508905,0.999996292850528,0,0,0.66649863760218,0.130847771160878,"UBL4A;SGTA;GET4"
"Regulation Of Cellular Response To Transforming Growth Factor Beta Stimulus (GO:1903844)","3/23",0.821748297508905,0.999996292850528,0,0,0.66649863760218,0.130847771160878,"SMAD3;ZNF703;NREP"
"Regulation Of Cholesterol Transport (GO:0032374)","3/23",0.821748297508905,0.999996292850528,0,0,0.66649863760218,0.130847771160878,"OSBPL6;ABCA5;ABCB4"
"Rescue Of Stalled Ribosome (GO:0072344)","3/23",0.821748297508905,0.999996292850528,0,0,0.66649863760218,0.130847771160878,"HBS1L;USP10;RCHY1"
"Glycolipid Biosynthetic Process (GO:0009247)","6/43",0.826862259767114,0.999996292850528,0,0,0.720376771644838,0.136955980134923,"SCCPDH;TP53INP2;B3GNT5;PIGZ;ST8SIA5;LARGE1"
"Intracellular Glucose Homeostasis (GO:0001678)","6/43",0.826862259767114,0.999996292850528,0,0,0.720376771644838,0.136955980134923,"PRKAA2;KCNB1;FOXK2;PRKACA;PPARGC1A;HK1"
"Positive Regulation Of Cell Division (GO:0051781)","6/43",0.826862259767114,0.999996292850528,0,0,0.720376771644838,0.136955980134923,"MAP10;SVIL;CENPV;CUL3;SIRT2;NKX3-1"
"Positive Regulation Of miRNA Transcription (GO:1902895)","6/43",0.826862259767114,0.999996292850528,0,0,0.720376771644838,0.136955980134923,"JUN;SMAD3;SRF;ATOH8;FOXO3;TEAD1"
"DNA Geometric Change (GO:0032392)","4/30",0.827601411292062,0.999996292850528,0,0,0.683523072729941,0.129338715527046,"ZRANB3;SUPV3L1;DDX1;HNRNPA2B1"
"Extrinsic Apoptotic Signaling Pathway Via Death Domain Receptors (GO:0008625)","4/30",0.827601411292062,0.999996292850528,0,0,0.683523072729941,0.129338715527046,"MOAP1;CRADD;DAB2IP;BCL2"
"Negative Regulation Of Carbohydrate Metabolic Process (GO:0045912)","4/30",0.827601411292062,0.999996292850528,0,0,0.683523072729941,0.129338715527046,"HDAC4;GSK3A;PGPEP1;PPARA"
"Negative Regulation Of Peptidyl-Tyrosine Phosphorylation (GO:0050732)","4/30",0.827601411292062,0.999996292850528,0,0,0.683523072729941,0.129338715527046,"SH3BP5L;SEMA4D;PPP2R1A;NF2"
"Positive Regulation Of Lipid Kinase Activity (GO:0090218)","4/30",0.827601411292062,0.999996292850528,0,0,0.683523072729941,0.129338715527046,"IRS1;EEF1A2;MAPT;ATG14"
"Positive Regulation Of Locomotion (GO:0040017)","4/30",0.827601411292062,0.999996292850528,0,0,0.683523072729941,0.129338715527046,"AKT2;PHPT1;BVES;TRIM32"
"Regulation Of Arp2/3 Complex-Mediated Actin Nucleation (GO:0034315)","4/30",0.827601411292062,0.999996292850528,0,0,0.683523072729941,0.129338715527046,"PICK1;WASH4P;CTNNA2;WASHC1"
"Regulation Of Dendritic Spine Morphogenesis (GO:0061001)","4/30",0.827601411292062,0.999996292850528,0,0,0.683523072729941,0.129338715527046,"CAMK2B;NOL3;PDLIM5;LZTS3"
"Fat Cell Differentiation (GO:0045444)","9/62",0.827839586485407,0.999996292850528,0,0,0.754232924116338,0.142501660861916,"BBS2;TMEM120B;CTBP1;AKT2;TMEM120A;OSBPL11;ZFPM2;PPARGC1A;TRIM32"
"mRNA Export From Nucleus (GO:0006406)","9/62",0.827839586485407,0.999996292850528,0,0,0.754232924116338,0.142501660861916,"FYTTD1;DDX19A;ALKBH5;CHTOP;DDX39B;HNRNPA2B1;NUP88;THOC5;SMG5"
"Spliceosomal Complex Assembly (GO:0000245)","9/62",0.827839586485407,0.999996292850528,0,0,0.754232924116338,0.142501660861916,"GCFC2;SRPK3;DDX39B;CELF1;DDX1;SNRPD3;USP39;HTATSF1;NOL3"
"Monoatomic Cation Transmembrane Transport (GO:0098655)","46/281",0.827917109704449,0.999996292850528,0,0,0.868465234148144,0.164002919015543,"KCNE2;SLC24A3;KCNC1;COX15;LRRC38;HPN;KCNC4;ATP1A4;SLC41A1;ATP2A2;ATP2A1;ATP1A2;SLC6A1;KCNA7;PKD1;RYR3;ATP5F1B;NNT;UCP3;KCNN2;CACNA1S;SCN5A;CACNG1;SCN3B;ATP6V1D;SCN1B;KCNJ2;CCDC51;SLC36A2;KCNJ11;KCNB1;SLC30A2;ABCC8;ATP1B1;SLC8A3;CACNB1;SLC9A2;SLC9A3;SLC6A8;KCNS3;ATP5PO;KCNQ4;KCNQ5;SCN4A;SCN2B;HCN1"
"Axon Development (GO:0061564)","15/99",0.830567035287476,0.999996292850528,0,0,0.792929391548856,0.14720467444706,"SPTBN4;RAB3A;AMIGO1;ANK3;NREP;ARHGAP35;RTN4;RAB10;AFG3L2;PARD3;SLITRK4;MAPT;APBB1;CTNNA2;SLC25A46"
"Positive Regulation Of Cellular Component Biogenesis (GO:0044089)","14/93",0.831339439997847,0.999996292850528,0,0,0.786934245712843,0.145360208461764,"SH3GLB1;SLF2;SMAD3;ICE1;FAF1;SYNPO2;VPS4A;DAB2IP;PARK7;MTLN;CHAF1B;SYNPO2L;SYNPO;PFN2"
"Peptide Metabolic Process (GO:0006518)","8/56",0.831685262655553,0.999996292850528,0,0,0.740291041382447,0.136436527133995,"NPEPPS;IMMP1L;NLN;IMMP2L;PSEN2;DMD;APEH;THOP1"
"Regulation Of Mitotic Nuclear Division (GO:0007088)","8/56",0.831685262655553,0.999996292850528,0,0,0.740291041382447,0.136436527133995,"TOM1L2;EGF;PDXP;PIN1;AURKAIP1;OBSL1;LCMT1;CDK5RAP2"
"Regulation Of Insulin Secretion (GO:0050796)","13/87",0.832443103765599,0.999996292850528,0,0,0.780124796928076,0.143067401123757,"PRKN;KCNJ11;IRS1;KCNB1;UQCC2;SIRT4;HADHA;PPP3CB;ENSA;POLR2D;PICK1;MCU;CDK16"
"Protein-Containing Complex Assembly (GO:0065003)","54/328",0.833491170408292,0.999996292850528,0,0,0.874200035094584,0.159219949614586,"DET1;HSP90AB1;CHCHD4;PPP6C;AIFM1;OPA1;PPP2R1A;OTUD6B;LONP1;CAPN3;DNM1L;TEAD1;KPNA3;SLC25A46;VBP1;COG4;MITF;NT5C3A;PARD3;CASQ2;PTGES3L;PREB;MAPT;CASQ1;PPID;STOML2;PSMD11;CUL3;OMA1;ADRB2;NOL3;HIGD1A;COX7A1;TMEM70;CAND2;SAMM50;HSF1;DMD;PPARGC1A;SMAD3;MID1IP1;ADRM1;RANBP9;CHCHD10;PDE4DIP;PEX14;HIGD2A;TBCE;TCAP;NDUFAF1;TUBGCP4;MNAT1;ASB2;MCU"
"Calcium Ion Import Across Plasma Membrane (GO:0098703)","5/37",0.835239943965487,0.999996292850528,0,0,0.694136791166848,0.124969776100513,"SLC8A3;CACNA2D1;SCN4A;CACNA1S;SCN5A"
"Negative Regulation Of Smooth Muscle Cell Proliferation (GO:0048662)","5/37",0.835239943965487,0.999996292850528,0,0,0.694136791166848,0.124969776100513,"MEF2C;TPM1;MFN2;PPARGC1A;PRKG1"
"Regulation Of Ossification (GO:0030278)","5/37",0.835239943965487,0.999996292850528,0,0,0.694136791166848,0.124969776100513,"MEF2C;ZBTB16;NBR1;PTPN11;NOTUM"
"Spliceosomal snRNP Assembly (GO:0000387)","5/37",0.835239943965487,0.999996292850528,0,0,0.694136791166848,0.124969776100513,"TSSC4;PRMT7;SNRPD3;LSM4;WDR77"
"Regulation Of DNA Replication (GO:0006275)","11/75",0.835934312143003,0.999996292850528,0,0,0.763299597214637,0.136787289782451,"TSPYL2;PPP2R1A;BRPF3;EGF;FAF1;RUVBL2;ORC3;MCRS1;POLE3;KAT7;UCHL5"
"Steroid Biosynthetic Process (GO:0006694)","7/50",0.836741631042418,0.999996292850528,0,0,0.723099760210102,0.128885258367505,"ACOT8;OSBPL7;DHRS11;OSBPL6;OSBPL1A;CYP17A1;FDFT1"
"B Cell Homeostasis (GO:0001782)","1/9",0.839041307549524,0.999996292850528,0,0,0.55552151416122,0.0974914367053233,"MEF2C"
"DNA Damage Response, Signal Transduction Resulting In Transcription (GO:0042772)","1/9",0.839041307549524,0.999996292850528,0,0,0.55552151416122,0.0974914367053233,"HIPK2"
"Golgi Inheritance (GO:0048313)","1/9",0.839041307549524,0.999996292850528,0,0,0.55552151416122,0.0974914367053233,"STK25"
"Golgi Lumen Acidification (GO:0061795)","1/9",0.839041307549524,0.999996292850528,0,0,0.55552151416122,0.0974914367053233,"ATP6V1D"
"I-kappaB Phosphorylation (GO:0007252)","1/9",0.839041307549524,0.999996292850528,0,0,0.55552151416122,0.0974914367053233,"DAB2IP"
"Adherens Junction Assembly (GO:0034333)","1/9",0.839041307549524,0.999996292850528,0,0,0.55552151416122,0.0974914367053233,"ZNF703"
"Amino Sugar Metabolic Process (GO:0006040)","1/9",0.839041307549524,0.999996292850528,0,0,0.55552151416122,0.0974914367053233,"FN3K"
"Axon Regeneration (GO:0031103)","1/9",0.839041307549524,0.999996292850528,0,0,0.55552151416122,0.0974914367053233,"NREP"
"Carbohydrate Phosphorylation (GO:0046835)","1/9",0.839041307549524,0.999996292850528,0,0,0.55552151416122,0.0974914367053233,"HK1"
"Cell Differentiation In Spinal Cord (GO:0021515)","1/9",0.839041307549524,0.999996292850528,0,0,0.55552151416122,0.0974914367053233,"SOX6"
"Cell Differentiation Involved In Metanephros Development (GO:0072202)","1/9",0.839041307549524,0.999996292850528,0,0,0.55552151416122,0.0974914367053233,"OXSR1"
"Dopamine Transport (GO:0015872)","1/9",0.839041307549524,0.999996292850528,0,0,0.55552151416122,0.0974914367053233,"SLC22A3"
"Endodermal Cell Fate Commitment (GO:0001711)","1/9",0.839041307549524,0.999996292850528,0,0,0.55552151416122,0.0974914367053233,"RTF1"
"High-Density Lipoprotein Particle Assembly (GO:0034380)","1/9",0.839041307549524,0.999996292850528,0,0,0.55552151416122,0.0974914367053233,"PRKACA"
"Histone Ubiquitination (GO:0016574)","1/9",0.839041307549524,0.999996292850528,0,0,0.55552151416122,0.0974914367053233,"UBE2B"
"Homocysteine Metabolic Process (GO:0050667)","1/9",0.839041307549524,0.999996292850528,0,0,0.55552151416122,0.0974914367053233,"MTRR"
"Iron Ion Transmembrane Transport (GO:0034755)","1/9",0.839041307549524,0.999996292850528,0,0,0.55552151416122,0.0974914367053233,"ABCB7"
"Ketone Biosynthetic Process (GO:0042181)","1/9",0.839041307549524,0.999996292850528,0,0,0.55552151416122,0.0974914367053233,"TPI1"
"Leucine Transport (GO:0015820)","1/9",0.839041307549524,0.999996292850528,0,0,0.55552151416122,0.0974914367053233,"SLC43A1"
"Leukotriene D4 Biosynthetic Process (GO:1901750)","1/9",0.839041307549524,0.999996292850528,0,0,0.55552151416122,0.0974914367053233,"GGT7"
"Lipid Import Into Cell (GO:0140354)","1/9",0.839041307549524,0.999996292850528,0,0,0.55552151416122,0.0974914367053233,"SPX"
"Long-Chain Fatty Acid Import Into Cell (GO:0044539)","1/9",0.839041307549524,0.999996292850528,0,0,0.55552151416122,0.0974914367053233,"SPX"
"Lung Epithelium Development (GO:0060428)","1/9",0.839041307549524,0.999996292850528,0,0,0.55552151416122,0.0974914367053233,"PKD1"
"Morphogenesis Of An Epithelial Sheet (GO:0002011)","1/9",0.839041307549524,0.999996292850528,0,0,0.55552151416122,0.0974914367053233,"BMP5"
"Multivesicular Body-Lysosome Fusion (GO:0061763)","1/9",0.839041307549524,0.999996292850528,0,0,0.55552151416122,0.0974914367053233,"CHMP6"
"Myelin Assembly (GO:0032288)","1/9",0.839041307549524,0.999996292850528,0,0,0.55552151416122,0.0974914367053233,"GPC1"
"Negative Regulation Of Establishment Of Protein Localization (GO:1904950)","1/9",0.839041307549524,0.999996292850528,0,0,0.55552151416122,0.0974914367053233,"MAPT"
"Negative Regulation Of Extracellular Matrix Organization (GO:1903054)","1/9",0.839041307549524,0.999996292850528,0,0,0.55552151416122,0.0974914367053233,"CHADL"
"Negative Regulation Of Heterotypic Cell-Cell Adhesion (GO:0034115)","1/9",0.839041307549524,0.999996292850528,0,0,0.55552151416122,0.0974914367053233,"MAP2K5"
"Negative Regulation Of Hormone Secretion (GO:0046888)","1/9",0.839041307549524,0.999996292850528,0,0,0.55552151416122,0.0974914367053233,"RAB11FIP3"
"Negative Regulation Of Muscle Cell Apoptotic Process (GO:0010656)","1/9",0.839041307549524,0.999996292850528,0,0,0.55552151416122,0.0974914367053233,"BAG3"
"Negative Regulation Of Phosphatidylinositol 3-Kinase Signaling (GO:0014067)","1/9",0.839041307549524,0.999996292850528,0,0,0.55552151416122,0.0974914367053233,"TSC2"
"Negative Regulation Of Protein Autophosphorylation (GO:0031953)","1/9",0.839041307549524,0.999996292850528,0,0,0.55552151416122,0.0974914367053233,"TESK1"
"Negative Regulation Of Protein Exit From Endoplasmic Reticulum (GO:0070862)","1/9",0.839041307549524,0.999996292850528,0,0,0.55552151416122,0.0974914367053233,"UBE2G2"
"Negative Regulation Of Telomerase Activity (GO:0051974)","1/9",0.839041307549524,0.999996292850528,0,0,0.55552151416122,0.0974914367053233,"GDF1"
"Negative Regulation Of Toll-Like Receptor 4 Signaling Pathway (GO:0034144)","1/9",0.839041307549524,0.999996292850528,0,0,0.55552151416122,0.0974914367053233,"DAB2IP"
"Negative Regulation Of Transcription By RNA Polymerase I (GO:0016479)","1/9",0.839041307549524,0.999996292850528,0,0,0.55552151416122,0.0974914367053233,"MAF1"
"Negative Regulation Of Tyrosine Phosphorylation Of STAT Protein (GO:0042532)","1/9",0.839041307549524,0.999996292850528,0,0,0.55552151416122,0.0974914367053233,"PPP2R1A"
"Neuron Projection Regeneration (GO:0031102)","1/9",0.839041307549524,0.999996292850528,0,0,0.55552151416122,0.0974914367053233,"NREP"
"Phosphatidylcholine Catabolic Process (GO:0034638)","1/9",0.839041307549524,0.999996292850528,0,0,0.55552151416122,0.0974914367053233,"PLA2G6"
"Phosphatidylethanolamine Acyl-Chain Remodeling (GO:0036152)","1/9",0.839041307549524,0.999996292850528,0,0,0.55552151416122,0.0974914367053233,"PLA2G4C"
"Phosphatidylethanolamine Biosynthetic Process (GO:0006646)","1/9",0.839041307549524,0.999996292850528,0,0,0.55552151416122,0.0974914367053233,"PCYT2"
"Positive Regulation Of RIG-I Signaling Pathway (GO:1900246)","1/9",0.839041307549524,0.999996292850528,0,0,0.55552151416122,0.0974914367053233,"USP15"
"Positive Regulation Of T Cell Apoptotic Process (GO:0070234)","1/9",0.839041307549524,0.999996292850528,0,0,0.55552151416122,0.0974914367053233,"ZC3H8"
"Positive Regulation Of Cardiocyte Differentiation (GO:1905209)","1/9",0.839041307549524,0.999996292850528,0,0,0.55552151416122,0.0974914367053233,"MEF2C"
"Positive Regulation Of Establishment Of Protein Localization To Telomere (GO:1904851)","1/9",0.839041307549524,0.999996292850528,0,0,0.55552151416122,0.0974914367053233,"CCT7"
"Positive Regulation Of Hippo Signaling (GO:0035332)","1/9",0.839041307549524,0.999996292850528,0,0,0.55552151416122,0.0974914367053233,"SCHIP1"
"Positive Regulation Of Keratinocyte Migration (GO:0051549)","1/9",0.839041307549524,0.999996292850528,0,0,0.55552151416122,0.0974914367053233,"MTOR"
"Positive Regulation Of Leukocyte Apoptotic Process (GO:2000108)","1/9",0.839041307549524,0.999996292850528,0,0,0.55552151416122,0.0974914367053233,"MEF2C"
"Positive Regulation Of Lipase Activity (GO:0060193)","1/9",0.839041307549524,0.999996292850528,0,0,0.55552151416122,0.0974914367053233,"PLIN5"
"Positive Regulation Of Mesenchymal Cell Proliferation (GO:0002053)","1/9",0.839041307549524,0.999996292850528,0,0,0.55552151416122,0.0974914367053233,"TBX1"
"Positive Regulation Of miRNA-mediated Gene Silencing (GO:2000637)","1/9",0.839041307549524,0.999996292850528,0,0,0.55552151416122,0.0974914367053233,"FXR1"
"Positive Regulation Of Myoblast Fusion (GO:1901741)","1/9",0.839041307549524,0.999996292850528,0,0,0.55552151416122,0.0974914367053233,"MYOD1"
"Positive Regulation Of Protein Acetylation (GO:1901985)","1/9",0.839041307549524,0.999996292850528,0,0,0.55552151416122,0.0974914367053233,"PRKAA2"
"Positive Regulation Of Tissue Remodeling (GO:0034105)","1/9",0.839041307549524,0.999996292850528,0,0,0.55552151416122,0.0974914367053233,"ROCK2"
"Positive Regulation Of Transcription Of Nucleolar Large rRNA By RNA Polymerase I (GO:1901838)","1/9",0.839041307549524,0.999996292850528,0,0,0.55552151416122,0.0974914367053233,"MTOR"
"Positive Regulation Of Vasculogenesis (GO:2001214)","1/9",0.839041307549524,0.999996292850528,0,0,0.55552151416122,0.0974914367053233,"HIF1AN"
"Protein O-linked Glycosylation Via Threonine (GO:0018243)","1/9",0.839041307549524,0.999996292850528,0,0,0.55552151416122,0.0974914367053233,"GALNTL6"
"Regulation Of RNA Polymerase II Regulatory Region Sequence-Specific DNA Binding (GO:1903025)","1/9",0.839041307549524,0.999996292850528,0,0,0.55552151416122,0.0974914367053233,"LAMTOR5"
"Regulation Of Animal Organ Morphogenesis (GO:2000027)","1/9",0.839041307549524,0.999996292850528,0,0,0.55552151416122,0.0974914367053233,"TBX1"
"Regulation Of Attachment Of Spindle Microtubules To Kinetochore (GO:0051988)","1/9",0.839041307549524,0.999996292850528,0,0,0.55552151416122,0.0974914367053233,"SIRT2"
"Regulation Of Cell-Cell Adhesion Involved In Gastrulation (GO:0070587)","1/9",0.839041307549524,0.999996292850528,0,0,0.55552151416122,0.0974914367053233,"MAP2K5"
"Regulation Of Complement Activation (GO:0030449)","1/9",0.839041307549524,0.999996292850528,0,0,0.55552151416122,0.0974914367053233,"PHB2"
"Regulation Of Endoplasmic Reticulum Unfolded Protein Response (GO:1900101)","1/9",0.839041307549524,0.999996292850528,0,0,0.55552151416122,0.0974914367053233,"COPS5"
"Regulation Of Granulocyte Differentiation (GO:0030852)","1/9",0.839041307549524,0.999996292850528,0,0,0.55552151416122,0.0974914367053233,"HAX1"
"Regulation Of Hair Cycle (GO:0042634)","1/9",0.839041307549524,0.999996292850528,0,0,0.55552151416122,0.0974914367053233,"PER1"
"Regulation Of Protein Acetylation (GO:1901983)","1/9",0.839041307549524,0.999996292850528,0,0,0.55552151416122,0.0974914367053233,"PARK7"
"Regulation Of Protein Lipidation (GO:1903059)","1/9",0.839041307549524,0.999996292850528,0,0,0.55552151416122,0.0974914367053233,"ULK1"
"Regulation Of Receptor Binding (GO:1900120)","1/9",0.839041307549524,0.999996292850528,0,0,0.55552151416122,0.0974914367053233,"ATP2A2"
"Regulation Of Tau-Protein Kinase Activity (GO:1902947)","1/9",0.839041307549524,0.999996292850528,0,0,0.55552151416122,0.0974914367053233,"HSP90AB1"
"Regulation Of Transmembrane Transporter Activity (GO:0022898)","1/9",0.839041307549524,0.999996292850528,0,0,0.55552151416122,0.0974914367053233,"BCL2"
"Response To Laminar Fluid Shear Stress (GO:0034616)","1/9",0.839041307549524,0.999996292850528,0,0,0.55552151416122,0.0974914367053233,"MAP2K5"
"Serotonin Transport (GO:0006837)","1/9",0.839041307549524,0.999996292850528,0,0,0.55552151416122,0.0974914367053233,"SLC22A3"
"Smooth Muscle Tissue Development (GO:0048745)","1/9",0.839041307549524,0.999996292850528,0,0,0.55552151416122,0.0974914367053233,"PROX1"
"Synaptic Vesicle Fusion To Presynaptic Active Zone Membrane (GO:0031629)","1/9",0.839041307549524,0.999996292850528,0,0,0.55552151416122,0.0974914367053233,"SNAP47"
"Transferrin Transport (GO:0033572)","1/9",0.839041307549524,0.999996292850528,0,0,0.55552151416122,0.0974914367053233,"LMTK2"
"Vesicle Fusion With Vacuole (GO:0051469)","1/9",0.839041307549524,0.999996292850528,0,0,0.55552151416122,0.0974914367053233,"CHMP6"
"Golgi Organization (GO:0007030)","20/130",0.840031965947137,0.999996292850528,0,0,0.807157255555832,0.14069988592269,"STX17;UBXN2A;COG4;RAB1B;ATL2;TJAP1;NSFL1C;NPLOC4;VPS51;FAM174B;STK25;MYO18A;DYM;PLEKHM2;YIPF7;TMED1;OBSL1;OPTN;CLASP1;CLASP2"
"Regulation Of G1/S Transition Of Mitotic Cell Cycle (GO:2000045)","16/106",0.840996134969831,0.999996292850528,0,0,0.789329444292529,0.136686770737484,"SMARCD3;PHF10;RDX;FHL1;PKD1;LSM10;RPTOR;MBLAC1;WEE1;RBL1;BCL7A;BCL7B;DPF3;MNAT1;TMEM14B;EIF4G1"
"Inorganic Anion Transmembrane Transport (GO:0098661)","9/63",0.84184794468315,0.999996292850528,0,0,0.740220160116448,0.127433245145728,"SLC25A3;SLC20A2;SLC26A9;SLC6A1;SLC37A4;ANO5;SLC25A11;SLC1A7;CLCN1"
"Autophagosome Maturation (GO:0097352)","6/44",0.843410837085974,0.999996292850528,0,0,0.701376429893933,0.119445169437023,"MAP1LC3B;MAP1LC3A;STX17;VPS4A;ATP2A2;CHMP6"
"Neural Crest Cell Development (GO:0014032)","6/44",0.843410837085974,0.999996292850528,0,0,0.701376429893933,0.119445169437023,"TBX1;SEMA6C;SEMA4D;GDNF;ERBB4;TAPT1"
"Positive Regulation Of Biosynthetic Process (GO:0009891)","6/44",0.843410837085974,0.999996292850528,0,0,0.701376429893933,0.119445169437023,"RPTOR;MLXIPL;MLST8;SIRT4;PPARA;MTOR"
"Gliogenesis (GO:0042063)","3/24",0.843856265501027,0.999996292850528,0,0,0.634721681588167,0.107758667792225,"METRN;NDUFS2;HAPLN2"
"Lipid Translocation (GO:0034204)","3/24",0.843856265501027,0.999996292850528,0,0,0.634721681588167,0.107758667792225,"ATP8A1;ABCB4;TRIAP1"
"mRNA Polyadenylation (GO:0006378)","3/24",0.843856265501027,0.999996292850528,0,0,0.634721681588167,0.107758667792225,"SSU72;SYMPK;GRSF1"
"Negative Regulation Of Antigen Receptor-Mediated Signaling Pathway (GO:0050858)","3/24",0.843856265501027,0.999996292850528,0,0,0.634721681588167,0.107758667792225,"DUSP3;GPS2;PHPT1"
"Negative Regulation Of Cell Junction Assembly (GO:1901889)","3/24",0.843856265501027,0.999996292850528,0,0,0.634721681588167,0.107758667792225,"IKBKB;ROCK2;CLASP2"
"Positive Regulation Of ERBB Signaling Pathway (GO:1901186)","3/24",0.843856265501027,0.999996292850528,0,0,0.634721681588167,0.107758667792225,"NEU3;DGKD;RTN4"
"Positive Regulation Of Cellular Response To Transforming Growth Factor Beta Stimulus (GO:1903846)","3/24",0.843856265501027,0.999996292850528,0,0,0.634721681588167,0.107758667792225,"STK11;HSP90AB1;HIPK2"
"Positive Regulation Of Transforming Growth Factor Beta Receptor Signaling Pathway (GO:0030511)","3/24",0.843856265501027,0.999996292850528,0,0,0.634721681588167,0.107758667792225,"STK11;HSP90AB1;HIPK2"
"Regulation Of Endoplasmic Reticulum Stress-Induced Intrinsic Apoptotic Signaling Pathway (GO:1902235)","3/24",0.843856265501027,0.999996292850528,0,0,0.634721681588167,0.107758667792225,"PRKN;OPA1;PARK7"
"Response To Purine-Containing Compound (GO:0014074)","3/24",0.843856265501027,0.999996292850528,0,0,0.634721681588167,0.107758667792225,"RYR1;KCNJ11;NDUFS4"
"Positive Regulation Of Plasma Membrane Bounded Cell Projection Assembly (GO:0120034)","13/88",0.844234557274113,0.999996292850528,0,0,0.76967577413479,0.130325282365388,"MSTN;AVIL;TWF2;FUZ;ARHGAP35;CDC42EP3;NEURL1;FAM98A;MARK4;HRAS;WASHC1;TAPT1;RHOQ"
"Post-Transcriptional Regulation Of Gene Expression (GO:0010608)","8/57",0.846115272676413,0.999996292850528,0,0,0.725138513795696,0.121170408200855,"NANOS1;PER1;CELF1;TSC1;MSI2;ATG14;FOXO3;ELP5"
"DNA Damage Response, Signal Transduction By P53 Class Mediator Resulting In Cell Cycle Arrest (GO:0006977)","2/17",0.846884540560481,0.999996292850528,0,0,0.592463452283665,0.0984620399041371,"CRADD;TRIAP1"
"Androgen Receptor Signaling Pathway (GO:0030521)","2/17",0.846884540560481,0.999996292850528,0,0,0.592463452283665,0.0984620399041371,"ZDHHC7;NKX3-1"
"Aorta Morphogenesis (GO:0035909)","2/17",0.846884540560481,0.999996292850528,0,0,0.592463452283665,0.0984620399041371,"TBX1;PROX1"
"Carbohydrate Derivative Catabolic Process (GO:1901136)","2/17",0.846884540560481,0.999996292850528,0,0,0.592463452283665,0.0984620399041371,"NEU4;NGLY1"
"Detection Of Visible Light (GO:0009584)","2/17",0.846884540560481,0.999996292850528,0,0,0.592463452283665,0.0984620399041371,"RGS9BP;GNA11"
"Diol Biosynthetic Process (GO:0034312)","2/17",0.846884540560481,0.999996292850528,0,0,0.592463452283665,0.0984620399041371,"QDPR;ASAH2"
"Embryo Development Ending In Birth Or Egg Hatching (GO:0009792)","2/17",0.846884540560481,0.999996292850528,0,0,0.592463452283665,0.0984620399041371,"CELF1;UBR3"
"Embryonic Heart Tube Development (GO:0035050)","2/17",0.846884540560481,0.999996292850528,0,0,0.592463452283665,0.0984620399041371,"MESP1;PITX2"
"Facultative Heterochromatin Formation (GO:0140718)","2/17",0.846884540560481,0.999996292850528,0,0,0.592463452283665,0.0984620399041371,"MBD3;SIRT2"
"Intracellular Estrogen Receptor Signaling Pathway (GO:0030520)","2/17",0.846884540560481,0.999996292850528,0,0,0.592463452283665,0.0984620399041371,"DDX54;PADI2"
"Intracellular Zinc Ion Homeostasis (GO:0006882)","2/17",0.846884540560481,0.999996292850528,0,0,0.592463452283665,0.0984620399041371,"SLC30A9;SLC30A2"
"Keratan Sulfate Metabolic Process (GO:0042339)","2/17",0.846884540560481,0.999996292850528,0,0,0.592463452283665,0.0984620399041371,"B4GAT1;ST3GAL3"
"Long-Chain fatty-acyl-CoA Biosynthetic Process (GO:0035338)","2/17",0.846884540560481,0.999996292850528,0,0,0.592463452283665,0.0984620399041371,"HACD1;TECR"
"mRNA Cis Splicing, Via Spliceosome (GO:0045292)","2/17",0.846884540560481,0.999996292850528,0,0,0.592463452283665,0.0984620399041371,"WBP4;CWC15"
"Mesenchyme Development (GO:0060485)","2/17",0.846884540560481,0.999996292850528,0,0,0.592463452283665,0.0984620399041371,"MESP1;CRELD1"
"ncRNA Metabolic Process (GO:0034660)","2/17",0.846884540560481,0.999996292850528,0,0,0.592463452283665,0.0984620399041371,"TUT4;MAPT"
"Negative Regulation Of Rho Protein Signal Transduction (GO:0035024)","2/17",0.846884540560481,0.999996292850528,0,0,0.592463452283665,0.0984620399041371,"CUL3;ARHGAP35"
"Negative Regulation Of Interleukin-8 Production (GO:0032717)","2/17",0.846884540560481,0.999996292850528,0,0,0.592463452283665,0.0984620399041371,"OTUD7B;MAP2K5"
"Positive Chemotaxis (GO:0050918)","2/17",0.846884540560481,0.999996292850528,0,0,0.592463452283665,0.0984620399041371,"TSC2;SCRIB"
"Positive Regulation Of Amyloid-Beta Formation (GO:1902004)","2/17",0.846884540560481,0.999996292850528,0,0,0.592463452283665,0.0984620399041371,"GSK3A;ROCK2"
"Positive Regulation Of Cell Cycle Phase Transition (GO:1901989)","2/17",0.846884540560481,0.999996292850528,0,0,0.592463452283665,0.0984620399041371,"CUL3;PHB2"
"Positive Regulation Of Transcription From RNA Polymerase II Promoter In Response To Stress (GO:0036003)","2/17",0.846884540560481,0.999996292850528,0,0,0.592463452283665,0.0984620399041371,"CEBPB;ATF4"
"Prostaglandin Biosynthetic Process (GO:0001516)","2/17",0.846884540560481,0.999996292850528,0,0,0.592463452283665,0.0984620399041371,"PTGES2;AMH"
"Purine-Containing Compound Biosynthetic Process (GO:0072522)","2/17",0.846884540560481,0.999996292850528,0,0,0.592463452283665,0.0984620399041371,"ADSL;MTHFD1"
"Regulation Of DNA Methylation-Dependent Heterochromatin Formation (GO:0090308)","2/17",0.846884540560481,0.999996292850528,0,0,0.592463452283665,0.0984620399041371,"DYRK1A;TET1"
"Regulation Of DNA-templated DNA Replication (GO:0090329)","2/17",0.846884540560481,0.999996292850528,0,0,0.592463452283665,0.0984620399041371,"WRNIP1;KAT7"
"Regulation Of Brown Fat Cell Differentiation (GO:0090335)","2/17",0.846884540560481,0.999996292850528,0,0,0.592463452283665,0.0984620399041371,"FNDC5;SIX1"
"Regulation Of Establishment Of Cell Polarity (GO:2000114)","2/17",0.846884540560481,0.999996292850528,0,0,0.592463452283665,0.0984620399041371,"ROCK2;RUFY3"
"Regulation Of Leukocyte Chemotaxis (GO:0002688)","2/17",0.846884540560481,0.999996292850528,0,0,0.592463452283665,0.0984620399041371,"MTUS1;PRSS56"
"Regulation Of Mitotic Cell Cycle Spindle Assembly Checkpoint (GO:0090266)","2/17",0.846884540560481,0.999996292850528,0,0,0.592463452283665,0.0984620399041371,"LCMT1;CDK5RAP2"
"Regulation Of Receptor Signaling Pathway Via STAT (GO:1904892)","2/17",0.846884540560481,0.999996292850528,0,0,0.592463452283665,0.0984620399041371,"EGF;TP53INP2"
"Regulation Of Viral Transcription (GO:0046782)","2/17",0.846884540560481,0.999996292850528,0,0,0.592463452283665,0.0984620399041371,"TRIM32;MID2"
"Cellular Response To cAMP (GO:0071320)","4/31",0.846885639949886,0.999996292850528,0,0,0.658167025024479,0.109380522003044,"AKAP9;RAPGEF1;AKAP6;HCN1"
"Negative Regulation Of Intracellular Steroid Hormone Receptor Signaling Pathway (GO:0033144)","4/31",0.846885639949886,0.999996292850528,0,0,0.658167025024479,0.109380522003044,"PER1;CRY2;PIAS2;STRN3"
"Regulation Of Cell Morphogenesis (GO:0022604)","4/31",0.846885639949886,0.999996292850528,0,0,0.658167025024479,0.109380522003044,"ZRANB1;FITM2;NOL3;CAMSAP1"
"Regulation Of Long-Term Synaptic Potentiation (GO:1900271)","4/31",0.846885639949886,0.999996292850528,0,0,0.658167025024479,0.109380522003044,"FXR1;NOL3;ZDHHC2;SQSTM1"
"Triglyceride Homeostasis (GO:0070328)","4/31",0.846885639949886,0.999996292850528,0,0,0.658167025024479,0.109380522003044,"FUNDC2;MLXIPL;FITM2;MTLN"
"Regulation Of Ras Protein Signal Transduction (GO:0046578)","11/76",0.848363357109239,0.999996292850528,0,0,0.751510313825988,0.123583051297335,"DENND4B;MAPKAP1;RDX;DAB2IP;SPRY3;MFN2;SPRY2;ETFA;RAF1;SQSTM1;RALGPS1"
"Negative Regulation Of Cell Growth (GO:0030308)","19/125",0.849719998714341,0.999996292850528,0,0,0.795713666078012,0.129580695026405,"TSPYL2;CDKL3;NDUFA13;GSK3A;SMAD3;FHL1;OSGIN1;OSGIN2;RTN4;DNAJB2;STK11;BCL6;PPP2R1A;FRZB;MYL2;NDUFS3;ULK2;ULK1;FGF13"
"Cellular Response To Growth Factor Stimulus (GO:0071363)","24/155",0.850003438875489,0.999996292850528,0,0,0.813155962419904,0.132149946719626,"MAP2K3;TBX1;STAT5B;MEF2C;URI1;SMAD3;DUSP3;AMHR2;TWF2;DAB2IP;HSPB1;PTPN11;ACVR2B;CRKL;HJV;MAPKAPK2;ANKRD1;RAPGEF1;SPRY2;NOS1;MAPT;SOX6;EMD;MAP2K5"
"Negative Regulation Of Gene Expression, Epigenetic (GO:0045814)","7/51",0.851589998261732,0.999996292850528,0,0,0.706622278430789,0.113518933102967,"HDAC5;CTBP1;SCMH1;POLE3;HDAC9;SIRT2;EZH1"
"Positive Regulation Of DNA Recombination (GO:0045911)","7/51",0.851589998261732,0.999996292850528,0,0,0.706622278430789,0.113518933102967,"HELQ;PARP1;VPS72;HMCES;RUVBL2;DMAP1;HDGFL2"
"Connective Tissue Development (GO:0061448)","5/38",0.852291038449499,0.999996292850528,0,0,0.673061035656455,0.107573471566502,"ZBTB16;RORC;DYRK1B;SOX6;PKD1"
"Regulation Of Protein Import Into Nucleus (GO:0042306)","5/38",0.852291038449499,0.999996292850528,0,0,0.673061035656455,0.107573471566502,"MAVS;SMAD3;BAG3;DMAP1;IPO5"
"Response To cAMP (GO:0051591)","5/38",0.852291038449499,0.999996292850528,0,0,0.673061035656455,0.107573471566502,"AKAP9;NDUFS4;RAPGEF1;AKAP6;HCN1"
"Response To Peptide (GO:1901652)","5/38",0.852291038449499,0.999996292850528,0,0,0.673061035656455,0.107573471566502,"EIF2B5;STAT5B;EIF2B3;IRS1;KAT7"
"Sensory Perception Of Mechanical Stimulus (GO:0050954)","13/89",0.855378227913182,0.999996292850528,0,0,0.759501725625539,0.118642931180944,"TBX1;TIMM8B;NDUFB9;SPTBN4;MYH7B;EYA1;HOMER2;TIMM13;PAX3;ATP2B2;SOD1;TMIE;COL4A3"
"Plasma Membrane Bounded Cell Projection Organization (GO:0120036)","20/132",0.858590853658337,0.999996292850528,0,0,0.792645966133511,0.120849004279585,"CFAP61;LGI1;SNAPIN;PRMT1;CDNF;TPM1;PPP1R9A;CAMSAP1;GDNF;FLRT3;NEDD4;TMEM108;ULK1;FAM161B;MAP4;MAPT;ATXN10;PHPT1;MARK4;CDK16"
"I-kappaB kinase/NF-kappaB Signaling (GO:0007249)","6/45",0.858650295902829,0.999996292850528,0,0,0.683350464643074,0.104138200425546,"IKBKB;ROCK2;NKIRAS1;NKIRAS2;DAB2IP;TBKBP1"
"Regulation Of Telomerase Activity (GO:0051972)","6/45",0.858650295902829,0.999996292850528,0,0,0.683350464643074,0.104138200425546,"HSP90AB1;TNIP1;NABP2;GDF1;PRKCQ;MAP2K7"
"Renal System Development (GO:0072001)","8/58",0.859542363782836,0.999996292850528,0,0,0.710592087312415,0.107551783692285,"PYGO1;BAG6;TRAF3IP1;POLR2D;GREB1L;SIX1;PROX1;PKD1"
"Response To Organic Cyclic Compound (GO:0014070)","8/58",0.859542363782836,0.999996292850528,0,0,0.710592087312415,0.107551783692285,"STAT5B;ALAS1;GLDC;HLCS;ABCB4;FGFR4;NKX3-1;STRN3"
"Transcription By RNA Polymerase II (GO:0006366)","30/192",0.860585522042427,0.999996292850528,0,0,0.821717957320483,0.123374609121682,"THRB;NFIX;ICE1;THRA;CCDC124;ZC3H8;RTF1;PMF1;SNAPC5;RXRB;RXRA;SNAPC3;POLR2C;POLR2D;RPRD1B;RPRD1A;POLR2I;PPARGC1A;POLR2J;NCOA1;PARP1;TSC22D1;ADRM1;SSU72;COPS2;NFIC;TAF8;TAF7;MNAT1;ATF4"
"Regulation Of RNA Splicing (GO:0043484)","15/102",0.862470683388524,0.999996292850528,0,0,0.765445598687808,0.113250830672429,"RBM38;CELF1;DYRK1A;SGF29;PRDX6;QKI;PTBP2;JMJD6;TADA2B;KAT2B;TAF6L;FASTK;MYOD1;RBM20;GRSF1"
"Regulation Of Protein Secretion (GO:0050708)","15/102",0.862470683388524,0.999996292850528,0,0,0.765445598687808,0.113250830672429,"ACHE;MYOM1;KCNJ11;UQCC2;TTN;HADHA;PPP3CB;ENSA;ANKRD1;MYO18A;SAA1;PICK1;APBB1;DNM1L;PPID"
"Kidney Development (GO:0001822)","10/71",0.863233671848375,0.999996292850528,0,0,0.727970891905318,0.107062575433927,"PYGO1;BAG6;GDNF;TRAF3IP1;ZBTB16;GREB1L;SIX1;OXSR1;PROX1;PKD1"
"Negative Regulation Of Protein Binding (GO:0032091)","10/71",0.863233671848375,0.999996292850528,0,0,0.727970891905318,0.107062575433927,"DNAJB2;DVL1;XIRP1;ATP2A2;SYMPK;PIN1;PARK7;ADRB2;NES;PEX14"
"RNA Polyadenylation (GO:0043631)","3/25",0.863543111370424,0.999996292850528,0,0,0.605833539757246,0.0888827209111428,"SSU72;SYMPK;GRSF1"
"Cellular Response To Hexose Stimulus (GO:0071331)","3/25",0.863543111370424,0.999996292850528,0,0,0.605833539757246,0.0888827209111428,"PRKAA2;KCNB1;PRKACA"
"Long-Chain Fatty Acid Biosynthetic Process (GO:0042759)","3/25",0.863543111370424,0.999996292850528,0,0,0.605833539757246,0.0888827209111428,"GSTM4;GSTM2;ASAH2"
"Negative Regulation Of Signaling Receptor Activity (GO:2000272)","3/25",0.863543111370424,0.999996292850528,0,0,0.605833539757246,0.0888827209111428,"SOCS6;CHMP6;PPARA"
"Negative Regulation Of Stress Fiber Assembly (GO:0051497)","3/25",0.863543111370424,0.999996292850528,0,0,0.605833539757246,0.0888827209111428,"TMEFF2;CLASP1;CLASP2"
"Peptide Hormone Secretion (GO:0030072)","3/25",0.863543111370424,0.999996292850528,0,0,0.605833539757246,0.0888827209111428,"PARK7;CAMK2G;CDK16"
"Positive Regulation Of Peptidase Activity (GO:0010952)","3/25",0.863543111370424,0.999996292850528,0,0,0.605833539757246,0.0888827209111428,"NDUFA13;PINK1;MAPK12"
"Regulation Of Cell Cycle Phase Transition (GO:1901987)","3/25",0.863543111370424,0.999996292850528,0,0,0.605833539757246,0.0888827209111428,"MN1;NEK10;MLF1"
"Sodium Ion Homeostasis (GO:0055078)","3/25",0.863543111370424,0.999996292850528,0,0,0.605833539757246,0.0888827209111428,"ATP1A4;ATP1A2;ATP1B1"
"Vesicle Cargo Loading (GO:0035459)","3/25",0.863543111370424,0.999996292850528,0,0,0.605833539757246,0.0888827209111428,"KIF13A;MIA2;SEC31B"
"Wound Healing, Spreading Of Cells (GO:0044319)","3/25",0.863543111370424,0.999996292850528,0,0,0.605833539757246,0.0888827209111428,"DDR1;TMEFF2;ARHGAP35"
"NIK/NF-kappaB Signaling (GO:0038061)","4/32",0.864313219933674,0.999996292850528,0,0,0.634622123583694,0.0925406315704892,"AMFR;ZFP91;TAB2;COPS8"
"Negative Regulation Of Fat Cell Differentiation (GO:0045599)","4/32",0.864313219933674,0.999996292850528,0,0,0.634622123583694,0.0925406315704892,"SMAD3;GPS2;LRP3;SIRT2"
"Negative Regulation Of Osteoblast Differentiation (GO:0045668)","4/32",0.864313219933674,0.999996292850528,0,0,0.634622123583694,0.0925406315704892,"SEMA4D;NOG;NBR1;HDAC9"
"Positive Regulation Of Telomere Maintenance Via Telomerase (GO:0032212)","4/32",0.864313219933674,0.999996292850528,0,0,0.634622123583694,0.0925406315704892,"TNIP1;PRKCQ;CCT7;MAP2K7"
"Regulation Of Cholesterol Efflux (GO:0010874)","4/32",0.864313219933674,0.999996292850528,0,0,0.634622123583694,0.0925406315704892,"EEPD1;RXRA;ABCA5;GPS2"
"Regulation Of Cell Development (GO:0060284)","7/52",0.865325658521793,0.999996292850528,0,0,0.690877129175002,0.0999349339259608,"FXR1;HES6;KAT6B;BRPF3;BHLHE41;PRUNE1;HDAC9"
"Regulation Of Peptide Hormone Secretion (GO:0090276)","7/52",0.865325658521793,0.999996292850528,0,0,0.690877129175002,0.0999349339259608,"HADHA;PPP3CB;KCNJ11;RASL10B;UQCC2;ENSA;PICK1"
"Cellular Response To Light Stimulus (GO:0071482)","9/65",0.867162058834166,0.999996292850528,0,0,0.713695999688085,0.101722663044904,"CUL4A;USP47;TMEM161A;PARP1;RUVBL2;NEDD4;TRIAP1;USP28;ATF4"
"Odontogenesis (GO:0042476)","5/39",0.867846412777394,0.999996292850528,0,0,0.653225030470203,0.0925884579670355,"TBX1;ROGDI;SCN5A;OXSR1;PITX2"
"Positive Regulation Of Protein Ubiquitination (GO:0031398)","12/84",0.868197541177928,0.999996292850528,0,0,0.740007283984339,0.104589675566462,"GSK3A;PINK1;MTA1;UBB;CUL3;UBE2D1;DCUN1D2;PIN1;UBE3A;STUB1;RCHY1;KLHL40"
"N-acetylneuraminate Metabolic Process (GO:0006054)","1/10",0.868614402435639,0.999996292850528,0,0,0.493766642459453,0.0695499832349492,"HOGA1"
"Rap Protein Signal Transduction (GO:0032486)","1/10",0.868614402435639,0.999996292850528,0,0,0.493766642459453,0.0695499832349492,"RAPGEF1"
"SRP-dependent Cotranslational Protein Targeting To Membrane (GO:0006614)","1/10",0.868614402435639,0.999996292850528,0,0,0.493766642459453,0.0695499832349492,"SEC61A2"
"Acidic Amino Acid Transport (GO:0015800)","1/10",0.868614402435639,0.999996292850528,0,0,0.493766642459453,0.0695499832349492,"SLC6A1"
"Angiogenesis Involved In Wound Healing (GO:0060055)","1/10",0.868614402435639,0.999996292850528,0,0,0.493766642459453,0.0695499832349492,"SRF"
"Basement Membrane Organization (GO:0071711)","1/10",0.868614402435639,0.999996292850528,0,0,0.493766642459453,0.0695499832349492,"HPN"
"Branched-Chain Amino Acid Transport (GO:0015803)","1/10",0.868614402435639,0.999996292850528,0,0,0.493766642459453,0.0695499832349492,"SLC43A1"
"Cellular Response To UV-A (GO:0071492)","1/10",0.868614402435639,0.999996292850528,0,0,0.493766642459453,0.0695499832349492,"PPID"
"Cellular Response To Forskolin (GO:1904322)","1/10",0.868614402435639,0.999996292850528,0,0,0.493766642459453,0.0695499832349492,"ADCY2"
"Endosomal Vesicle Fusion (GO:0034058)","1/10",0.868614402435639,0.999996292850528,0,0,0.493766642459453,0.0695499832349492,"VPS4A"
"Establishment Of Endothelial Intestinal Barrier (GO:0090557)","1/10",0.868614402435639,0.999996292850528,0,0,0.493766642459453,0.0695499832349492,"RAB1B"
"Glycine Transport (GO:0015816)","1/10",0.868614402435639,0.999996292850528,0,0,0.493766642459453,0.0695499832349492,"SLC36A2"
"Heme Catabolic Process (GO:0042167)","1/10",0.868614402435639,0.999996292850528,0,0,0.493766642459453,0.0695499832349492,"ABCC2"
"Heparan Sulfate Proteoglycan Biosynthetic Process, Enzymatic Modification (GO:0015015)","1/10",0.868614402435639,0.999996292850528,0,0,0.493766642459453,0.0695499832349492,"HS6ST1"
"Induction Of Positive Chemotaxis (GO:0050930)","1/10",0.868614402435639,0.999996292850528,0,0,0.493766642459453,0.0695499832349492,"VEGFB"
"Lens Fiber Cell Differentiation (GO:0070306)","1/10",0.868614402435639,0.999996292850528,0,0,0.493766642459453,0.0695499832349492,"HSF4"
"Mast Cell Activation Involved In Immune Response (GO:0002279)","1/10",0.868614402435639,0.999996292850528,0,0,0.493766642459453,0.0695499832349492,"S100A13"
"Mast Cell Degranulation (GO:0043303)","1/10",0.868614402435639,0.999996292850528,0,0,0.493766642459453,0.0695499832349492,"S100A13"
"Meiotic Sister Chromatid Cohesion (GO:0051177)","1/10",0.868614402435639,0.999996292850528,0,0,0.493766642459453,0.0695499832349492,"STAG3"
"miRNA Catabolic Process (GO:0010587)","1/10",0.868614402435639,0.999996292850528,0,0,0.493766642459453,0.0695499832349492,"TUT4"
"Mitotic G1/S Transition Checkpoint Signaling (GO:0044819)","1/10",0.868614402435639,0.999996292850528,0,0,0.493766642459453,0.0695499832349492,"FBXO31"
"Mitotic Spindle Elongation (GO:0000022)","1/10",0.868614402435639,0.999996292850528,0,0,0.493766642459453,0.0695499832349492,"MAP10"
"Mitotic Spindle Midzone Assembly (GO:0051256)","1/10",0.868614402435639,0.999996292850528,0,0,0.493766642459453,0.0695499832349492,"MAP10"
"Monoamine Transport (GO:0015844)","1/10",0.868614402435639,0.999996292850528,0,0,0.493766642459453,0.0695499832349492,"SLC22A3"
"Monocyte Differentiation (GO:0030224)","1/10",0.868614402435639,0.999996292850528,0,0,0.493766642459453,0.0695499832349492,"THOC5"
"Negative Regulation Of Activated T Cell Proliferation (GO:0046007)","1/10",0.868614402435639,0.999996292850528,0,0,0.493766642459453,0.0695499832349492,"SCRIB"
"Negative Regulation Of Activin Receptor Signaling Pathway (GO:0032926)","1/10",0.868614402435639,0.999996292850528,0,0,0.493766642459453,0.0695499832349492,"IGSF1"
"Negative Regulation Of Exocytosis (GO:0045920)","1/10",0.868614402435639,0.999996292850528,0,0,0.493766642459453,0.0695499832349492,"PRKN"
"Negative Regulation Of Hydrogen Peroxide-Induced Cell Death (GO:1903206)","1/10",0.868614402435639,0.999996292850528,0,0,0.493766642459453,0.0695499832349492,"PARK7"
"Negative Regulation Of Interferon-Beta Production (GO:0032688)","1/10",0.868614402435639,0.999996292850528,0,0,0.493766642459453,0.0695499832349492,"PPM1B"
"Negative Regulation Of Intracellular Estrogen Receptor Signaling Pathway (GO:0033147)","1/10",0.868614402435639,0.999996292850528,0,0,0.493766642459453,0.0695499832349492,"STRN3"
"Negative Regulation Of Lymphocyte Migration (GO:2000402)","1/10",0.868614402435639,0.999996292850528,0,0,0.493766642459453,0.0695499832349492,"PADI2"
"Negative Regulation Of Nuclear Division (GO:0051784)","1/10",0.868614402435639,0.999996292850528,0,0,0.493766642459453,0.0695499832349492,"TOM1L2"
"Negative Regulation Of Pathway-Restricted SMAD Protein Phosphorylation (GO:0060394)","1/10",0.868614402435639,0.999996292850528,0,0,0.493766642459453,0.0695499832349492,"NOG"
"Negative Regulation Of Response To Cytokine Stimulus (GO:0060761)","1/10",0.868614402435639,0.999996292850528,0,0,0.493766642459453,0.0695499832349492,"MAP2K5"
"Negative Regulation Of Transmembrane Transport (GO:0034763)","1/10",0.868614402435639,0.999996292850528,0,0,0.493766642459453,0.0695499832349492,"AKT2"
"Oxygen Transport (GO:0015671)","1/10",0.868614402435639,0.999996292850528,0,0,0.493766642459453,0.0695499832349492,"MB"
"Positive Regulation Of Actin Nucleation (GO:0051127)","1/10",0.868614402435639,0.999996292850528,0,0,0.493766642459453,0.0695499832349492,"WHAMM"
"Positive Regulation Of Epidermal Growth Factor-Activated Receptor Activity (GO:0045741)","1/10",0.868614402435639,0.999996292850528,0,0,0.493766642459453,0.0695499832349492,"EGF"
"Positive Regulation Of Lipid Localization (GO:1905954)","1/10",0.868614402435639,0.999996292850528,0,0,0.493766642459453,0.0695499832349492,"PLIN5"
"Positive Regulation Of Macrophage Differentiation (GO:0045651)","1/10",0.868614402435639,0.999996292850528,0,0,0.493766642459453,0.0695499832349492,"HSF1"
"Positive Regulation Of Non-Canonical Wnt Signaling Pathway (GO:2000052)","1/10",0.868614402435639,0.999996292850528,0,0,0.493766642459453,0.0695499832349492,"RSPO3"
"Positive Regulation Of Post-Transcriptional Gene Silencing By RNA (GO:1900370)","1/10",0.868614402435639,0.999996292850528,0,0,0.493766642459453,0.0695499832349492,"FXR1"
"Positive Regulation Of Protein Localization To Cajal Body (GO:1904871)","1/10",0.868614402435639,0.999996292850528,0,0,0.493766642459453,0.0695499832349492,"CCT7"
"Positive Regulation Of Voltage-Gated Potassium Channel Activity (GO:1903818)","1/10",0.868614402435639,0.999996292850528,0,0,0.493766642459453,0.0695499832349492,"LRRC38"
"Protein Localization To Endosome (GO:0036010)","1/10",0.868614402435639,0.999996292850528,0,0,0.493766642459453,0.0695499832349492,"RCSD1"
"Protein Prenylation (GO:0018342)","1/10",0.868614402435639,0.999996292850528,0,0,0.493766642459453,0.0695499832349492,"RABGGTB"
"rRNA Base Methylation (GO:0070475)","1/10",0.868614402435639,0.999996292850528,0,0,0.493766642459453,0.0695499832349492,"NSUN5"
"Regulation Of B Cell Apoptotic Process (GO:0002902)","1/10",0.868614402435639,0.999996292850528,0,0,0.493766642459453,0.0695499832349492,"BCL6"
"Regulation Of Amyloid Precursor Protein Biosynthetic Process (GO:0042984)","1/10",0.868614402435639,0.999996292850528,0,0,0.493766642459453,0.0695499832349492,"NECAB3"
"Regulation Of Chromatin Binding (GO:0035561)","1/10",0.868614402435639,0.999996292850528,0,0,0.493766642459453,0.0695499832349492,"MED9"
"Regulation Of Cysteine-Type Endopeptidase Activity Involved In Apoptotic Signaling Pathway (GO:2001267)","1/10",0.868614402435639,0.999996292850528,0,0,0.493766642459453,0.0695499832349492,"PARK7"
"Regulation Of Establishment Of Protein Localization To Telomere (GO:0070203)","1/10",0.868614402435639,0.999996292850528,0,0,0.493766642459453,0.0695499832349492,"CCT7"
"Regulation Of Glycoprotein Biosynthetic Process (GO:0010559)","1/10",0.868614402435639,0.999996292850528,0,0,0.493766642459453,0.0695499832349492,"NECAB3"
"Regulation Of Opsonization (GO:1903027)","1/10",0.868614402435639,0.999996292850528,0,0,0.493766642459453,0.0695499832349492,"MYO18A"
"Regulation Of Peptidyl-Lysine Acetylation (GO:2000756)","1/10",0.868614402435639,0.999996292850528,0,0,0.493766642459453,0.0695499832349492,"PRKAA2"
"Regulation Of Protein Localization To Cajal Body (GO:1904869)","1/10",0.868614402435639,0.999996292850528,0,0,0.493766642459453,0.0695499832349492,"CCT7"
"Regulation Of Toll-Like Receptor 9 Signaling Pathway (GO:0034163)","1/10",0.868614402435639,0.999996292850528,0,0,0.493766642459453,0.0695499832349492,"RTN4"
"Regulation Of Triglyceride Catabolic Process (GO:0010896)","1/10",0.868614402435639,0.999996292850528,0,0,0.493766642459453,0.0695499832349492,"PLIN5"
"Response To Corticosteroid (GO:0031960)","1/10",0.868614402435639,0.999996292850528,0,0,0.493766642459453,0.0695499832349492,"GOT1"
"Response To Forskolin (GO:1904321)","1/10",0.868614402435639,0.999996292850528,0,0,0.493766642459453,0.0695499832349492,"ADCY2"
"Response To Sterol (GO:0036314)","1/10",0.868614402435639,0.999996292850528,0,0,0.493766642459453,0.0695499832349492,"RORC"
"Serine Family Amino Acid Biosynthetic Process (GO:0009070)","1/10",0.868614402435639,0.999996292850528,0,0,0.493766642459453,0.0695499832349492,"MTHFD1"
"Signal Release (GO:0023061)","1/10",0.868614402435639,0.999996292850528,0,0,0.493766642459453,0.0695499832349492,"KPNA4"
"Synaptic Vesicle Transport (GO:0048489)","1/10",0.868614402435639,0.999996292850528,0,0,0.493766642459453,0.0695499832349492,"SNAPIN"
"tRNA Threonylcarbamoyladenosine Metabolic Process (GO:0070525)","1/10",0.868614402435639,0.999996292850528,0,0,0.493766642459453,0.0695499832349492,"OSGEPL1"
"Urogenital System Development (GO:0001655)","1/10",0.868614402435639,0.999996292850528,0,0,0.493766642459453,0.0695499832349492,"OXSR1"
"Vacuole Fusion (GO:0097576)","1/10",0.868614402435639,0.999996292850528,0,0,0.493766642459453,0.0695499832349492,"CHMP6"
"Very-Low-Density Lipoprotein Particle Assembly (GO:0034379)","1/10",0.868614402435639,0.999996292850528,0,0,0.493766642459453,0.0695499832349492,"DGAT1"
"Branching Involved In Ureteric Bud Morphogenesis (GO:0001658)","2/18",0.869192701503958,0.999996292850528,0,0,0.555400435848543,0.0778618244976477,"GDNF;SIX1"
"Epithelial Cell Development (GO:0002064)","2/18",0.869192701503958,0.999996292850528,0,0,0.555400435848543,0.0778618244976477,"RILPL1;ROS1"
"Excitatory Postsynaptic Potential (GO:0060079)","2/18",0.869192701503958,0.999996292850528,0,0,0.555400435848543,0.0778618244976477,"GSK3A;MEF2C"
"ncRNA-mediated Post-Transcriptional Gene Silencing (GO:0035194)","2/18",0.869192701503958,0.999996292850528,0,0,0.555400435848543,0.0778618244976477,"CNOT7;CELF1"
"Negative Regulation Of T Cell Receptor Signaling Pathway (GO:0050860)","2/18",0.869192701503958,0.999996292850528,0,0,0.555400435848543,0.0778618244976477,"DUSP3;PHPT1"
"Negative Regulation Of Viral Entry Into Host Cell (GO:0046597)","2/18",0.869192701503958,0.999996292850528,0,0,0.555400435848543,0.0778618244976477,"MID2;PITX3"
"Neuromuscular Process (GO:0050905)","2/18",0.869192701503958,0.999996292850528,0,0,0.555400435848543,0.0778618244976477,"CHRNA1;CHRND"
"Positive Regulation Of NLRP3 Inflammasome Complex Assembly (GO:1900227)","2/18",0.869192701503958,0.999996292850528,0,0,0.555400435848543,0.0778618244976477,"MAVS;MARK4"
"Positive Regulation Of Cytokine Production Involved In Inflammatory Response (GO:1900017)","2/18",0.869192701503958,0.999996292850528,0,0,0.555400435848543,0.0778618244976477,"MAPK9;IL17D"
"Positive Regulation Of Establishment Of Protein Localization (GO:1904951)","2/18",0.869192701503958,0.999996292850528,0,0,0.555400435848543,0.0778618244976477,"PTP4A3;CCT7"
"Positive Regulation Of Interleukin-4 Production (GO:0032753)","2/18",0.869192701503958,0.999996292850528,0,0,0.555400435848543,0.0778618244976477,"CEBPB;PRKCQ"
"Positive Regulation Of Neuroblast Proliferation (GO:0002052)","2/18",0.869192701503958,0.999996292850528,0,0,0.555400435848543,0.0778618244976477,"SMARCD3;HAPLN2"
"Positive Regulation Of Response To Endoplasmic Reticulum Stress (GO:1905898)","2/18",0.869192701503958,0.999996292850528,0,0,0.555400435848543,0.0778618244976477,"USP13;BAG6"
"Positive Regulation Of Triglyceride Metabolic Process (GO:0090208)","2/18",0.869192701503958,0.999996292850528,0,0,0.555400435848543,0.0778618244976477,"CTDNEP1;PLIN5"
"Regulation Of DNA Damage Checkpoint (GO:2000001)","2/18",0.869192701503958,0.999996292850528,0,0,0.555400435848543,0.0778618244976477,"DDX39B;THOC5"
"Regulation Of Epidermal Cell Differentiation (GO:0045604)","2/18",0.869192701503958,0.999996292850528,0,0,0.555400435848543,0.0778618244976477,"ROCK2;MAFG"
"Regulation Of Establishment Or Maintenance Of Cell Polarity (GO:0032878)","2/18",0.869192701503958,0.999996292850528,0,0,0.555400435848543,0.0778618244976477,"ROCK2;RUFY3"
"Regulation Of Vascular Endothelial Cell Proliferation (GO:1905562)","2/18",0.869192701503958,0.999996292850528,0,0,0.555400435848543,0.0778618244976477,"MEF2C;COL4A3"
"Response To Cholesterol (GO:0070723)","2/18",0.869192701503958,0.999996292850528,0,0,0.555400435848543,0.0778618244976477,"OSBPL7;MYL1"
"Response To Ethanol (GO:0045471)","2/18",0.869192701503958,0.999996292850528,0,0,0.555400435848543,0.0778618244976477,"GOT2;SOD1"
"Response To Organophosphorus (GO:0046683)","2/18",0.869192701503958,0.999996292850528,0,0,0.555400435848543,0.0778618244976477,"KCNJ11;NDUFS4"
"Ureteric Bud Development (GO:0001657)","2/18",0.869192701503958,0.999996292850528,0,0,0.555400435848543,0.0778618244976477,"SIX1;OXSR1"
"Ureteric Bud Morphogenesis (GO:0060675)","2/18",0.869192701503958,0.999996292850528,0,0,0.555400435848543,0.0778618244976477,"GDNF;SIX1"
"Vesicle-Mediated Transport In Synapse (GO:0099003)","2/18",0.869192701503958,0.999996292850528,0,0,0.555400435848543,0.0778618244976477,"RAB3A;SNAPIN"
"Cellular Response To Salt (GO:1902075)","16/109",0.870584846434278,0.999996292850528,0,0,0.763726069608734,0.105844838681651,"MEF2A;RYR1;MEF2C;CAMK2D;PRKAA2;ROCK2;CIB2;PDXP;RYR3;RASA4;P2RY2;ITPKA;HSF1;PPIF;CAPN3;SCN5A"
"Positive Regulation Of Wnt Signaling Pathway (GO:0030177)","16/109",0.870584846434278,0.999996292850528,0,0,0.763726069608734,0.105844838681651,"AMER1;USP47;ZRANB1;CSNK2A1;UBE2B;EGF;FZD9;RNF146;PPM1A;GPRC5B;PPM1B;WNK2;PIN1;RSPO3;LGR5;RNF220"
"Long-Chain Fatty Acid Metabolic Process (GO:0001676)","11/78",0.871002562529515,0.999996292850528,0,0,0.728987503770063,0.100680726639073,"CYP2J2;GSTM4;FAAH;ACOT8;GSTM2;ASAH2;CPT2;PLA2G4C;ACOT2;ACOT1;RAPSN"
"Negative Regulation Of Nucleic Acid-Templated Transcription (GO:1903507)","75/456",0.871787718639378,0.999996292850528,0,0,0.872422561965747,0.119704512270484,"EIF4A2;MESP1;ZNF253;NDUFA13;THRA;BHLHE41;ZC3H8;PHB2;IKZF4;RPS6KA5;BCL7A;SIX4;SCMH1;MAEL;MLX;KAT8;CAPN3;HOXA7;YAF2;NKX3-1;USP47;TLE2;ZHX2;TLE1;PARP1;SFMBT1;DNMT3A;PROX1;SIRT2;FOXP2;GCFC2;ZEB1;TFDP2;KAT6B;THAP7;CRY2;ZFPM2;CRYAB;HDAC4;HDAC5;CTBP1;CIPC;FOXK2;HDAC9;CIART;MTA1;ZNF703;ATOH8;SAP18;ZNF425;DMAP1;BEND5;MBD3;ZBTB18;HEXIM2;HSPA8;JUN;MTERF3;ZBTB16;DAB2IP;WWP1;NR1D2;FOXN3;PEX14;MLXIPL;PER1;CNOT7;NMNAT1;BCL6;ZNF219;MAP3K10;TAF7;ZNF777;RCOR3;RCOR2"
"Positive Regulation Of Protein Binding (GO:0032092)","8/59",0.872006015202641,0.999996292850528,0,0,0.696616108926517,0.0954078156583634,"PRKN;CSF3;AKTIP;AMFR;PIN1;PKD1;MARK3;HIPK2"
"Regulation Of miRNA Transcription (GO:1902893)","8/59",0.872006015202641,0.999996292850528,0,0,0.696616108926517,0.0954078156583634,"ZNF512B;JUN;SMAD3;SRF;ATOH8;PPARA;FOXO3;TEAD1"
"Regulation Of Type I Interferon Production (GO:0032479)","8/59",0.872006015202641,0.999996292850528,0,0,0.696616108926517,0.0954078156583634,"MAVS;NPLOC4;TRAF3IP1;CUL3;KLHL22;BANF1;PTPN11;GAPDH"
"Protein Sumoylation (GO:0016925)","6/46",0.872644170316237,0.999996292850528,0,0,0.666225797654759,0.0907582084746579,"HDAC4;SLF2;EYA1;ZBED1;HDAC9;PIAS2"
"Regulation Of Fibroblast Proliferation (GO:0048145)","6/46",0.872644170316237,0.999996292850528,0,0,0.666225797654759,0.0907582084746579,"NDUFS4;DAB2IP;MED9;AMH;EMD;TRIM32"
"Regulation Of Nervous System Development (GO:0051960)","6/46",0.872644170316237,0.999996292850528,0,0,0.666225797654759,0.0907582084746579,"FXR1;HES6;NSUN5;BHLHE41;PRUNE1;SIRT2"
"Response To Hydrogen Peroxide (GO:0042542)","6/46",0.872644170316237,0.999996292850528,0,0,0.666225797654759,0.0907582084746579,"OSER1;PRDX3;STK25;PPIF;FXN;SOD1"
"Vacuolar Transport (GO:0007034)","6/46",0.872644170316237,0.999996292850528,0,0,0.666225797654759,0.0907582084746579,"VPS51;NEDD4;VPS52;VPS13A;VPS37A;USE1"
"Plasma Membrane Organization (GO:0007009)","10/72",0.874405601350629,0.999996292850528,0,0,0.716185393604748,0.0961199121714011,"TRIM72;RAB3A;CAV3;BIN1;VPS4A;ANXA6;PACSIN3;ANK3;WHAMM;CHMP6"
"Axonogenesis (GO:0007409)","29/188",0.874416479766286,0.999996292850528,0,0,0.809242728634647,0.10859915655989,"RET;SPTBN4;RAB3A;HSP90AB1;NEXN;KALRN;ARHGAP35;MYPN;PPP3CB;RPS6KA5;DPYSL5;SLITRK4;DAG1;APBB1;CTNNA2;EPHB1;SCN1B;LGI1;SEMA6C;SEMA4D;ANK3;RAB10;AFG3L2;PARD3;FEZ2;ANOS1;ULK2;PRKCQ;ULK1"
"Neuron Projection Morphogenesis (GO:0048812)","22/146",0.874504293870938,0.999996292850528,0,0,0.78738039070162,0.105586194251751,"MEF2A;SPTBN4;RAB3A;DAB2IP;ANK3;NYAP2;NOL3;ARHGAP35;NTF4;RAB10;AFG3L2;PAK1;UBB;ALS2;FLRT3;PARD3;SLITRK4;DVL1;TNIK;APBB1;CTNNA2;EPHB1"
"Carboxylic Acid Transport (GO:0046942)","7/53",0.877999355552794,0.999996292850528,0,0,0.675816551625987,0.0879300991136548,"SLC36A2;SLC16A1;SLC43A1;SLC16A12;SLC38A3;SLC1A7;SLC38A4"
"Regulation Of Macromolecule Biosynthetic Process (GO:0010556)","7/53",0.877999355552794,0.999996292850528,0,0,0.675816551625987,0.0879300991136548,"KAT7;MITF;TSC1;ULK1;MSI2;FOXO3;ELP5"
"Regulation Of Receptor Signaling Pathway Via JAK-STAT (GO:0046425)","7/53",0.877999355552794,0.999996292850528,0,0,0.675816551625987,0.0879300991136548,"GPI;ERBB4;EGF;TP53INP2;CAMK2A;OCIAD1;NF2"
"mRNA Metabolic Process (GO:0016071)","12/85",0.87828046929436,0.999996292850528,0,0,0.729825296629037,0.0947235109034401,"ALKBH5;MBLAC1;RIDA;CELF1;HSF1;HNRNPA2B1;USP39;PRKACA;PPARGC1A;HIPK3;NUDT12;TBRG4"
"Negative Regulation Of Cell Cycle (GO:0045786)","12/85",0.87828046929436,0.999996292850528,0,0,0.729825296629037,0.0947235109034401,"TSPYL2;HEXIM2;ZBTB17;INCA1;CDK5RAP1;SCRIB;HOXC9;INHA;IPO7;NUDT6;IPO5;PTPN3"
"Cellular Response To BMP Stimulus (GO:0071773)","9/66",0.878533197727667,0.999996292850528,0,0,0.701131923695702,0.0907976939860286,"GDF9;USP15;AMHR2;HJV;GDF1;RGMB;ACVR2B;RGMA;INHBE"
"Lung Development (GO:0030324)","4/33",0.880010170877494,0.999996292850528,0,0,0.612701008449169,0.0783165541933761,"BAG6;POLR2D;PROX1;PKD1"
"ncRNA Catabolic Process (GO:0034661)","4/33",0.880010170877494,0.999996292850528,0,0,0.612701008449169,0.0783165541933761,"EXOSC5;TUT4;ELAC2;DIS3L"
"Negative Regulation Of Epithelial Cell Migration (GO:0010633)","4/33",0.880010170877494,0.999996292850528,0,0,0.612701008449169,0.0783165541933761,"DNAJA4;DAB2IP;SYNJ2BP;PFN2"
"Positive Regulation Of DNA Binding (GO:0043388)","4/33",0.880010170877494,0.999996292850528,0,0,0.612701008449169,0.0783165541933761,"PRKN;EGF;PARK7;SIRT2"
"Positive Regulation Of Nitrogen Compound Metabolic Process (GO:0051173)","4/33",0.880010170877494,0.999996292850528,0,0,0.612701008449169,0.0783165541933761,"EGF;HPN;MAP2K5;EIF4G1"
"Positive Regulation Of Telomerase Activity (GO:0051973)","4/33",0.880010170877494,0.999996292850528,0,0,0.612701008449169,0.0783165541933761,"HSP90AB1;TNIP1;PRKCQ;MAP2K7"
"Regulation Of NLRP3 Inflammasome Complex Assembly (GO:1900225)","4/33",0.880010170877494,0.999996292850528,0,0,0.612701008449169,0.0783165541933761,"HSPA8;MAVS;CPTP;MARK4"
"Signal Transduction By P53 Class Mediator (GO:0072331)","4/33",0.880010170877494,0.999996292850528,0,0,0.612701008449169,0.0783165541933761,"STK11;USP10;TRIAP1;PDK2"
"L-amino Acid Transport (GO:0015807)","3/26",0.881010265632014,0.999996292850528,0,0,0.579457410259448,0.0734091419768446,"SLC47A1;SLC36A2;SLC38A3"
"Camera-Type Eye Development (GO:0043010)","3/26",0.881010265632014,0.999996292850528,0,0,0.579457410259448,0.0734091419768446,"PITX2;PRSS56;NES"
"Dendritic Spine Organization (GO:0097061)","3/26",0.881010265632014,0.999996292850528,0,0,0.579457410259448,0.0734091419768446,"PICK1;NOL3;EPHB1"
"Mitotic G1 DNA Damage Checkpoint Signaling (GO:0031571)","3/26",0.881010265632014,0.999996292850528,0,0,0.579457410259448,0.0734091419768446,"CRADD;TRIAP1;FBXO31"
"Positive Regulation Of Adenylate Cyclase Activity (GO:0045762)","3/26",0.881010265632014,0.999996292850528,0,0,0.579457410259448,0.0734091419768446,"STIM1;ADRB2;RAF1"
"Positive Regulation Of Monooxygenase Activity (GO:0032770)","3/26",0.881010265632014,0.999996292850528,0,0,0.579457410259448,0.0734091419768446,"GDNF;S100A1;PARK7"
"Regulation Of Epidermal Growth Factor-Activated Receptor Activity (GO:0007176)","3/26",0.881010265632014,0.999996292850528,0,0,0.579457410259448,0.0734091419768446,"EGF;SOCS6;CHMP6"
"Regulation Of Reactive Oxygen Species Biosynthetic Process (GO:1903426)","3/26",0.881010265632014,0.999996292850528,0,0,0.579457410259448,0.0734091419768446,"PARK7;PPARA;SLC25A33"
"Positive Regulation Of Protein Localization To Membrane (GO:1905477)","11/79",0.881261119512174,0.999996292850528,0,0,0.71822292543451,0.0907843165275565,"PRKN;FIS1;KCNB1;AKT2;ARHGEF16;STAC3;MIEF2;ANK3;MFF;HRAS;SQSTM1"
"Regulation Of Cyclin-Dependent Protein Serine/Threonine Kinase Activity (GO:0000079)","11/79",0.881261119512174,0.999996292850528,0,0,0.71822292543451,0.0907843165275565,"HEXIM2;CDC37;INCA1;CCNG1;CDK5RAP1;MAPRE3;PROX1;MNAT1;IPO7;PKD1;IPO5"
"Regulation Of Programmed Cell Death (GO:0043067)","30/195",0.881317441212032,0.999996292850528,0,0,0.806627904075063,0.101907271159141,"PRKN;ETFA;OMA1;RTN4;PRDX2;DPP8;DPP9;VPS72;RUVBL2;MAP3K20;DMAP1;MARK4;LCMT1;TOMM70;MOAP1;ACTN3;ACTN2;DAPK2;BNIP3;OSGIN1;FBXO10;RSL1D1;PINK1;HAX1;AKT1S1;ALPK2;NF2;RAF1;CRYAB;TPT1"
"Establishment Or Maintenance Of Epithelial Cell Apical/Basal Polarity (GO:0045197)","5/40",0.881994432291124,0.999996292850528,0,0,0.634522511294594,0.0796766970648963,"CRB1;PATJ;PARD3;SCRIB;LIN7B"
"Negative Regulation Of Cell-Cell Adhesion (GO:0022408)","5/40",0.881994432291124,0.999996292850528,0,0,0.634522511294594,0.0796766970648963,"ZNF703;RDX;NF2;PPARA;MAP2K5"
"Negative Regulation Of Mitotic Cell Cycle Phase Transition (GO:1901991)","5/40",0.881994432291124,0.999996292850528,0,0,0.634522511294594,0.0796766970648963,"AVEN;USP47;WEE1;RBL1;FHL1"
"Positive Regulation Of Protein-Containing Complex Assembly (GO:0031334)","14/98",0.882873391697706,0.999996292850528,0,0,0.739865172633689,0.0921675740471578,"SH3GLB1;SLF2;ICE1;FAF1;DAB2IP;MED9;PARK7;MTLN;MAVS;CHAF1B;PSMC6;STUB1;MARK4;EIF4G1"
"Homophilic Cell Adhesion Via Plasma Membrane Adhesion Molecules (GO:0007156)","8/60",0.883548374385731,0.999996292850528,0,0,0.683177668170847,0.0845837048728441,"TRO;IGSF11;CDH4;MYOT;CADM2;NEXN;PKD1;MYPN"
"DNA Replication (GO:0006260)","10/73",0.884826624925027,0.999996292850528,0,0,0.704774038107371,0.0862386583288517,"POLB;POLDIP2;ORC3;POLD2;POLE3;REV1;POLL;WRNIP1;NT5M;POLG"
"Response To Organonitrogen Compound (GO:0010243)","6/47",0.885459297958258,0.999996292850528,0,0,0.649936480275629,0.0790639850078483,"PRKN;HLCS;KAT7;RNF5;UBXN6;MTOR"
"Negative Regulation Of Binding (GO:0051100)","12/86",0.887733122172615,0.999996292850528,0,0,0.719918498121175,0.0857308602837772,"DNAJB2;JUN;PLN;PEX19;SLN;DVL1;XIRP1;SYMPK;PIN1;PARK7;NES;PEX14"
"Bicarbonate Transport (GO:0015701)","2/19",0.888473666871789,0.999996292850528,0,0,0.522697774288141,0.0618091527092312,"CYB5R1;CYB5RL"
"Cellular Response To Lectin (GO:1990858)","2/19",0.888473666871789,0.999996292850528,0,0,0.522697774288141,0.0618091527092312,"IKBKB;PAK1"
"Cyclic Nucleotide Biosynthetic Process (GO:0009190)","2/19",0.888473666871789,0.999996292850528,0,0,0.522697774288141,0.0618091527092312,"ADCY9;ADCY2"
"Dopaminergic Neuron Differentiation (GO:0071542)","2/19",0.888473666871789,0.999996292850528,0,0,0.522697774288141,0.0618091527092312,"EN1;PITX3"
"Establishment Of Epithelial Cell Polarity (GO:0090162)","2/19",0.888473666871789,0.999996292850528,0,0,0.522697774288141,0.0618091527092312,"PARD3;MYO18A"
"Insulin Secretion (GO:0030073)","2/19",0.888473666871789,0.999996292850528,0,0,0.522697774288141,0.0618091527092312,"PARK7;CAMK2G"
"Interleukin-1-Mediated Signaling Pathway (GO:0070498)","2/19",0.888473666871789,0.999996292850528,0,0,0.522697774288141,0.0618091527092312,"IKBKB;RPS6KA5"
"Leukotriene Biosynthetic Process (GO:0019370)","2/19",0.888473666871789,0.999996292850528,0,0,0.522697774288141,0.0618091527092312,"GGT7;MGST3"
"Mitotic Sister Chromatid Cohesion (GO:0007064)","2/19",0.888473666871789,0.999996292850528,0,0,0.522697774288141,0.0618091527092312,"NAA50;MAU2"
"Multicellular Organismal-Level Water Homeostasis (GO:0050891)","2/19",0.888473666871789,0.999996292850528,0,0,0.522697774288141,0.0618091527092312,"AQP4;PRKACA"
"Negative Regulation Of Axon Extension Involved In Axon Guidance (GO:0048843)","2/19",0.888473666871789,0.999996292850528,0,0,0.522697774288141,0.0618091527092312,"SEMA6C;SEMA4D"
"Negative Regulation Of Execution Phase Of Apoptosis (GO:1900118)","2/19",0.888473666871789,0.999996292850528,0,0,0.522697774288141,0.0618091527092312,"RNF34;MTRNR2L8"
"Negative Regulation Of Leukocyte Cell-Cell Adhesion (GO:1903038)","2/19",0.888473666871789,0.999996292850528,0,0,0.522697774288141,0.0618091527092312,"DUSP3;PPARA"
"Pore Complex Assembly (GO:0046931)","2/19",0.888473666871789,0.999996292850528,0,0,0.522697774288141,0.0618091527092312,"FXR1;RTN4"
"Regulation Of Centriole Replication (GO:0046599)","2/19",0.888473666871789,0.999996292850528,0,0,0.522697774288141,0.0618091527092312,"KAT2B;CDK5RAP2"
"Regulation Of Transcription Involved In G1/S Transition Of Mitotic Cell Cycle (GO:0000083)","2/19",0.888473666871789,0.999996292850528,0,0,0.522697774288141,0.0618091527092312,"ESRRB;CDK16"
"Regulation Of Vascular Endothelial Growth Factor Signaling Pathway (GO:1900746)","2/19",0.888473666871789,0.999996292850528,0,0,0.522697774288141,0.0618091527092312,"DAB2IP;SPRY2"
"Stimulatory C-type Lectin Receptor Signaling Pathway (GO:0002223)","2/19",0.888473666871789,0.999996292850528,0,0,0.522697774288141,0.0618091527092312,"IKBKB;PAK1"
"tRNA Metabolic Process (GO:0006399)","2/19",0.888473666871789,0.999996292850528,0,0,0.522697774288141,0.0618091527092312,"POP7;ELAC2"
"Vesicle Docking (GO:0048278)","2/19",0.888473666871789,0.999996292850528,0,0,0.522697774288141,0.0618091527092312,"STX17;USO1"
"Activation Of Cysteine-Type Endopeptidase Activity Involved In Apoptotic Process (GO:0006919)","9/67",0.889094388434425,0.999996292850528,0,0,0.689001091703057,0.080993370473556,"BCL2L13;SMAD3;AIFM1;CRADD;FAM162A;COL4A3;CYCS;MAPT;NKX3-1"
"Extrinsic Apoptotic Signaling Pathway (GO:0097191)","9/67",0.889094388434425,0.999996292850528,0,0,0.689001091703057,0.080993370473556,"MLLT11;MOAP1;GSK3A;SMAD3;CRADD;SIVA1;BAG3;DAB2IP;BCL2"
"Regulation Of Viral Genome Replication (GO:0045069)","9/67",0.889094388434425,0.999996292850528,0,0,0.689001091703057,0.080993370473556,"MAVS;CNOT7;TNIP1;VAPB;BANF1;RAD23A;PROX1;PPARA;PPID"
"Negative Regulation Of Protein Catabolic Process (GO:0042177)","7/54",0.889664354061266,0.999996292850528,0,0,0.661396849717357,0.0773245787747276,"GABARAPL2;HSP90AB1;DAB2IP;PIN1;RILP;SIRT2;PTPN3"
"Negative Regulation Of Protein Ubiquitination (GO:0031397)","7/54",0.889664354061266,0.999996292850528,0,0,0.661396849717357,0.0773245787747276,"SH3RF2;UBXN1;NXN;SPRY2;PARK7;KLHL40;SQSTM1"
"Regulation Of Exocytosis (GO:0017157)","7/54",0.889664354061266,0.999996292850528,0,0,0.661396849717357,0.0773245787747276,"RAB21;RAB3A;RAB26;RAB12;CHMP6;CLASP1;CLASP2"
"Regulation Of Lipid Metabolic Process (GO:0019216)","7/54",0.889664354061266,0.999996292850528,0,0,0.661396849717357,0.0773245787747276,"OPA3;MID1IP1;RORC;GPS2;NR1D2;PPARA;FGFR4"
"DNA Methylation-Dependent Heterochromatin Formation (GO:0006346)","1/11",0.892755145540827,0.999996292850528,0,0,0.444362745098039,0.050409811265447,"MBD3"
"P-body Assembly (GO:0033962)","1/11",0.892755145540827,0.999996292850528,0,0,0.444362745098039,0.050409811265447,"LSM4"
"Actin Crosslink Formation (GO:0051764)","1/11",0.892755145540827,0.999996292850528,0,0,0.444362745098039,0.050409811265447,"GAS2L2"
"Biogenic Amine Biosynthetic Process (GO:0042401)","1/11",0.892755145540827,0.999996292850528,0,0,0.444362745098039,0.050409811265447,"PNMT"
"Catecholamine Biosynthetic Process (GO:0042423)","1/11",0.892755145540827,0.999996292850528,0,0,0.444362745098039,0.050409811265447,"PNMT"
"Cytidine To Uridine Editing (GO:0016554)","1/11",0.892755145540827,0.999996292850528,0,0,0.444362745098039,0.050409811265447,"APOBEC2"
"Desensitization Of G Protein-Coupled Receptor Signaling Pathway (GO:0002029)","1/11",0.892755145540827,0.999996292850528,0,0,0.444362745098039,0.050409811265447,"ADRB2"
"Detection Of Light Stimulus Involved In Sensory Perception (GO:0050962)","1/11",0.892755145540827,0.999996292850528,0,0,0.444362745098039,0.050409811265447,"RGS9BP"
"Detection Of Light Stimulus Involved In Visual Perception (GO:0050908)","1/11",0.892755145540827,0.999996292850528,0,0,0.444362745098039,0.050409811265447,"RGS9BP"
"Double-Strand Break Repair Via Break-Induced Replication (GO:0000727)","1/11",0.892755145540827,0.999996292850528,0,0,0.444362745098039,0.050409811265447,"MCMDC2"
"Endosomal Lumen Acidification (GO:0048388)","1/11",0.892755145540827,0.999996292850528,0,0,0.444362745098039,0.050409811265447,"ATP6V1D"
"Erythrocyte Development (GO:0048821)","1/11",0.892755145540827,0.999996292850528,0,0,0.444362745098039,0.050409811265447,"ALAS1"
"Inner Ear Receptor Cell Stereocilium Organization (GO:0060122)","1/11",0.892755145540827,0.999996292850528,0,0,0.444362745098039,0.050409811265447,"SOD1"
"Leukotriene D4 Metabolic Process (GO:1901748)","1/11",0.892755145540827,0.999996292850528,0,0,0.444362745098039,0.050409811265447,"GGT7"
"Lipoprotein Transport (GO:0042953)","1/11",0.892755145540827,0.999996292850528,0,0,0.444362745098039,0.050409811265447,"SAR1B"
"Macrophage Activation Involved In Immune Response (GO:0002281)","1/11",0.892755145540827,0.999996292850528,0,0,0.444362745098039,0.050409811265447,"DYSF"
"Macrophage Chemotaxis (GO:0048246)","1/11",0.892755145540827,0.999996292850528,0,0,0.444362745098039,0.050409811265447,"SAA1"
"Magnesium Ion Transport (GO:0015693)","1/11",0.892755145540827,0.999996292850528,0,0,0.444362745098039,0.050409811265447,"SLC41A1"
"Mast Cell Mediated Immunity (GO:0002448)","1/11",0.892755145540827,0.999996292850528,0,0,0.444362745098039,0.050409811265447,"S100A13"
"Methylguanosine-Cap Decapping (GO:0110156)","1/11",0.892755145540827,0.999996292850528,0,0,0.444362745098039,0.050409811265447,"NUDT12"
"Negative Regulation Of Glucose Transmembrane Transport (GO:0010829)","1/11",0.892755145540827,0.999996292850528,0,0,0.444362745098039,0.050409811265447,"GSK3A"
"Negative Regulation Of Leukocyte Chemotaxis (GO:0002689)","1/11",0.892755145540827,0.999996292850528,0,0,0.444362745098039,0.050409811265447,"PADI2"
"Negative Regulation Of Microtubule Polymerization (GO:0031115)","1/11",0.892755145540827,0.999996292850528,0,0,0.444362745098039,0.050409811265447,"DYRK1A"
"Negative Regulation Of Nitrogen Compound Metabolic Process (GO:0051172)","1/11",0.892755145540827,0.999996292850528,0,0,0.444362745098039,0.050409811265447,"HSP90AB1"
"Negative Regulation Of Vascular Permeability (GO:0043116)","1/11",0.892755145540827,0.999996292850528,0,0,0.444362745098039,0.050409811265447,"DDAH1"
"Neurotransmitter Biosynthetic Process (GO:0042136)","1/11",0.892755145540827,0.999996292850528,0,0,0.444362745098039,0.050409811265447,"NOS1"
"Nucleoside Phosphate Biosynthetic Process (GO:1901293)","1/11",0.892755145540827,0.999996292850528,0,0,0.444362745098039,0.050409811265447,"NMNAT1"
"Nucleoside Phosphate Catabolic Process (GO:1901292)","1/11",0.892755145540827,0.999996292850528,0,0,0.444362745098039,0.050409811265447,"ENTPD5"
"Nucleotide-Binding Oligomerization Domain Containing Signaling Pathway (GO:0070423)","1/11",0.892755145540827,0.999996292850528,0,0,0.444362745098039,0.050409811265447,"MAP2K6"
"Pentose-Phosphate Shunt (GO:0006098)","1/11",0.892755145540827,0.999996292850528,0,0,0.444362745098039,0.050409811265447,"RBKS"
"Phasic Smooth Muscle Contraction (GO:0014821)","1/11",0.892755145540827,0.999996292850528,0,0,0.444362745098039,0.050409811265447,"GDNF"
"Positive Regulation Of Behavior (GO:0048520)","1/11",0.892755145540827,0.999996292850528,0,0,0.444362745098039,0.050409811265447,"MEF2C"
"Positive Regulation Of Endoplasmic Reticulum Unfolded Protein Response (GO:1900103)","1/11",0.892755145540827,0.999996292850528,0,0,0.444362745098039,0.050409811265447,"DAB2IP"
"Positive Regulation Of Protein Exit From Endoplasmic Reticulum (GO:0070863)","1/11",0.892755145540827,0.999996292850528,0,0,0.444362745098039,0.050409811265447,"SAR1B"
"Positive Regulation Of Protein Localization To Chromosome, Telomeric Region (GO:1904816)","1/11",0.892755145540827,0.999996292850528,0,0,0.444362745098039,0.050409811265447,"CCT7"
"Positive Regulation Of Protein Polyubiquitination (GO:1902916)","1/11",0.892755145540827,0.999996292850528,0,0,0.444362745098039,0.050409811265447,"PRKN"
"Positive Regulation Of Vascular Permeability (GO:0043117)","1/11",0.892755145540827,0.999996292850528,0,0,0.444362745098039,0.050409811265447,"FGFBP3"
"Post-Transcriptional Gene Silencing (GO:0016441)","1/11",0.892755145540827,0.999996292850528,0,0,0.444362745098039,0.050409811265447,"CELF1"
"pre-mRNA Cleavage Required For Polyadenylation (GO:0098789)","1/11",0.892755145540827,0.999996292850528,0,0,0.444362745098039,0.050409811265447,"CPSF4"
"Presynapse Organization (GO:0099172)","1/11",0.892755145540827,0.999996292850528,0,0,0.444362745098039,0.050409811265447,"DVL1"
"Protein Polyglutamylation (GO:0018095)","1/11",0.892755145540827,0.999996292850528,0,0,0.444362745098039,0.050409811265447,"TTLL11"
"Purine Ribonucleoside Monophosphate Biosynthetic Process (GO:0009168)","1/11",0.892755145540827,0.999996292850528,0,0,0.444362745098039,0.050409811265447,"AMPD1"
"Pyrimidine Nucleobase Metabolic Process (GO:0006206)","1/11",0.892755145540827,0.999996292850528,0,0,0.444362745098039,0.050409811265447,"DPYSL5"
"Regulation Of T Cell Apoptotic Process (GO:0070232)","1/11",0.892755145540827,0.999996292850528,0,0,0.444362745098039,0.050409811265447,"PRKCQ"
"Regulation Of Actin Filament Depolymerization (GO:0030834)","1/11",0.892755145540827,0.999996292850528,0,0,0.444362745098039,0.050409811265447,"PDXP"
"Regulation Of Astrocyte Differentiation (GO:0048710)","1/11",0.892755145540827,0.999996292850528,0,0,0.444362745098039,0.050409811265447,"NOG"
"Regulation Of Cell Activation (GO:0050865)","1/11",0.892755145540827,0.999996292850528,0,0,0.444362745098039,0.050409811265447,"FUNDC2"
"Regulation Of Cytoplasmic Transport (GO:1903649)","1/11",0.892755145540827,0.999996292850528,0,0,0.444362745098039,0.050409811265447,"MAP2K2"
"Regulation Of Epithelial Cell Apoptotic Process (GO:1904035)","1/11",0.892755145540827,0.999996292850528,0,0,0.444362745098039,0.050409811265447,"CARM1"
"Regulation Of Keratinocyte Migration (GO:0051547)","1/11",0.892755145540827,0.999996292850528,0,0,0.444362745098039,0.050409811265447,"MTOR"
"Regulation Of Leukocyte Cell-Cell Adhesion (GO:1903037)","1/11",0.892755145540827,0.999996292850528,0,0,0.444362745098039,0.050409811265447,"PPARA"
"Regulation Of Mesenchymal Cell Proliferation (GO:0010464)","1/11",0.892755145540827,0.999996292850528,0,0,0.444362745098039,0.050409811265447,"TBX1"
"Regulation Of Phospholipase C Activity (GO:1900274)","1/11",0.892755145540827,0.999996292850528,0,0,0.444362745098039,0.050409811265447,"HRAS"
"Regulation Of Protein Exit From Endoplasmic Reticulum (GO:0070861)","1/11",0.892755145540827,0.999996292850528,0,0,0.444362745098039,0.050409811265447,"SAR1B"
"Regulation Of Type II Interferon-Mediated Signaling Pathway (GO:0060334)","1/11",0.892755145540827,0.999996292850528,0,0,0.444362745098039,0.050409811265447,"CDC37"
"Regulation Of Ventricular Cardiac Muscle Cell Action Potential (GO:0098911)","1/11",0.892755145540827,0.999996292850528,0,0,0.444362745098039,0.050409811265447,"CTNNA3"
"Response To Nitric Oxide (GO:0071731)","1/11",0.892755145540827,0.999996292850528,0,0,0.444362745098039,0.050409811265447,"EGLN1"
"Self Proteolysis (GO:0097264)","1/11",0.892755145540827,0.999996292850528,0,0,0.444362745098039,0.050409811265447,"CAPN3"
"Smooth Muscle Cell Differentiation (GO:0051145)","1/11",0.892755145540827,0.999996292850528,0,0,0.444362745098039,0.050409811265447,"MEF2C"
"sno(s)RNA 3'-End Processing (GO:0031126)","1/11",0.892755145540827,0.999996292850528,0,0,0.444362745098039,0.050409811265447,"EXOSC5"
"Sulfate Transport (GO:0008272)","1/11",0.892755145540827,0.999996292850528,0,0,0.444362745098039,0.050409811265447,"SLC25A11"
"Tetrahydrofolate Metabolic Process (GO:0046653)","1/11",0.892755145540827,0.999996292850528,0,0,0.444362745098039,0.050409811265447,"MTHFD1"
"Tyrosine Metabolic Process (GO:0006570)","1/11",0.892755145540827,0.999996292850528,0,0,0.444362745098039,0.050409811265447,"THAP4"
"DNA Damage Checkpoint Signaling (GO:0000077)","4/34",0.894104010088575,0.999996292850528,0,0,0.592241300990279,0.0662914451557208,"STK33;MAP3K20;CEP63;USP28"
"Cellular Response To Glucose Stimulus (GO:0071333)","4/34",0.894104010088575,0.999996292850528,0,0,0.592241300990279,0.0662914451557208,"MLXIPL;PRKAA2;KCNB1;PRKACA"
"Establishment Of Mitotic Spindle Localization (GO:0040001)","4/34",0.894104010088575,0.999996292850528,0,0,0.592241300990279,0.0662914451557208,"NSFL1C;CLASP1;CDK5RAP2;CLASP2"
"Positive Regulation Of Immunoglobulin Production (GO:0002639)","4/34",0.894104010088575,0.999996292850528,0,0,0.592241300990279,0.0662914451557208,"GPI;HMCES;POLR2D;PHB2"
"Positive Regulation Of Organelle Organization (GO:0010638)","4/34",0.894104010088575,0.999996292850528,0,0,0.592241300990279,0.0662914451557208,"FYCO1;AKT2;TOM1;PPARGC1A"
"Regulation Of Phosphatidylinositol 3-Kinase Activity (GO:0043551)","4/34",0.894104010088575,0.999996292850528,0,0,0.592241300990279,0.0662914451557208,"IRS1;DAB2IP;ATG14;WASHC1"
"Positive Regulation Of Organelle Assembly (GO:1902117)","8/61",0.89421349273184,0.999996292850528,0,0,0.670246338387088,0.0749407297813972,"SH3GLB1;MOAP1;G3BP2;PIP4K2B;WIPI1;FUZ;MARK4;TAPT1"
"Regulation Of Pathway-Restricted SMAD Protein Phosphorylation (GO:0060393)","8/61",0.89421349273184,0.999996292850528,0,0,0.670246338387088,0.0749407297813972,"GDF9;MSTN;NOG;GDF1;PIN1;INHA;BMP5;INHBE"
"O-glycan Processing (GO:0016266)","5/41",0.894825619617394,0.999996292850528,0,0,0.616859020962074,0.0685493334765498,"ST6GALNAC2;B4GAT1;B3GNT5;POMGNT1;ST3GAL3"
"Cellular Response To Retinoic Acid (GO:0071300)","5/41",0.894825619617394,0.999996292850528,0,0,0.616859020962074,0.0685493334765498,"RET;TBX1;NDUFA13;TWF2;WNT9A"
"Double-Strand Break Repair Via Nonhomologous End Joining (GO:0006303)","5/41",0.894825619617394,0.999996292850528,0,0,0.616859020962074,0.0685493334765498,"POLB;HELQ;ATP23;SETMAR;POLL"
"Non-Canonical Wnt Signaling Pathway (GO:0035567)","5/41",0.894825619617394,0.999996292850528,0,0,0.616859020962074,0.0685493334765498,"GPI;FRZB;DVL1;FZD9;DVL3"
"Positive Regulation Of Actin Filament Polymerization (GO:0030838)","5/41",0.894825619617394,0.999996292850528,0,0,0.616859020962074,0.0685493334765498,"CSF3;BIN1;CDC42EP3;LMOD2;PFN2"
"Positive Regulation Of Viral Process (GO:0048524)","5/41",0.894825619617394,0.999996292850528,0,0,0.616859020962074,0.0685493334765498,"CNOT7;VAPB;RAD23A;PPARA;PPID"
"Amino Acid Import Across Plasma Membrane (GO:0089718)","3/27",0.896456164643349,0.999996292850528,0,0,0.555279291553133,0.0606952934057368,"SLC47A1;SLC38A3;SLC38A4"
"Cellular Response To Epidermal Growth Factor Stimulus (GO:0071364)","3/27",0.896456164643349,0.999996292850528,0,0,0.555279291553133,0.0606952934057368,"STAT5B;DUSP3;PTPN11"
"Dorsal/Ventral Pattern Formation (GO:0009953)","3/27",0.896456164643349,0.999996292850528,0,0,0.555279291553133,0.0606952934057368,"NOG;TLL2;ANKS1B"
"Establishment Of Protein Localization To Vacuole (GO:0072666)","3/27",0.896456164643349,0.999996292850528,0,0,0.555279291553133,0.0606952934057368,"VPS13A;UBAP1;VPS37A"
"Positive Regulation Of Nitric Oxide Biosynthetic Process (GO:0045429)","3/27",0.896456164643349,0.999996292850528,0,0,0.555279291553133,0.0606952934057368,"HSP90AB1;SMAD3;DDAH1"
"Regulation Of Immunoglobulin Production (GO:0002637)","3/27",0.896456164643349,0.999996292850528,0,0,0.555279291553133,0.0606952934057368,"GPI;POLR2D;PHB2"
"Regulation Of Insulin Secretion Involved In Cellular Response To Glucose Stimulus (GO:0061178)","3/27",0.896456164643349,0.999996292850528,0,0,0.555279291553133,0.0606952934057368,"PPP3CB;PLA2G6;CDK16"
"Respiratory Tube Development (GO:0030323)","3/27",0.896456164643349,0.999996292850528,0,0,0.555279291553133,0.0606952934057368,"BAG6;POLR2D;PROX1"
"Ventricular Septum Morphogenesis (GO:0060412)","3/27",0.896456164643349,0.999996292850528,0,0,0.555279291553133,0.0606952934057368,"NOG;PROX1;ZFPM2"
"Oligosaccharide Metabolic Process (GO:0009311)","6/48",0.897164464148383,0.999996292850528,0,0,0.634422844676458,0.0688450830999276,"NEU3;NEU4;ST8SIA2;B3GALT1;ST8SIA5;ST3GAL3"
"Regulation Of DNA Binding (GO:0051101)","6/48",0.897164464148383,0.999996292850528,0,0,0.634422844676458,0.0688450830999276,"PRKN;JUN;EGF;CEBPG;SIRT2;RNF220"
"Activation Of Protein Kinase Activity (GO:0032147)","11/81",0.899788953086917,0.999996292850528,0,0,0.697616446906452,0.0736648364249732,"STK11;PINK1;CAB39;STRADB;ZFP91;PARK7;ADRB2;COPS8;PHB2;ADRA2B;MTOR"
"Regulation Of Mitotic Cell Cycle (GO:0007346)","18/125",0.900036810084198,0.999996292850528,0,0,0.746538476290321,0.0786251459512291,"YWHAE;NEK9;ANAPC15;DUSP3;ASAH2;ANAPC16;USP2;PDXP;SCRIB;TTL;ANAPC11;HSF1;PIN1;ANAPC5;OBSL1;TMEM8B;NKX3-1;PTPN3"
"Neuron Migration (GO:0001764)","7/55",0.900375493002262,0.999996292850528,0,0,0.647577968721586,0.0679590261746672,"MEF2C;CEP85L;POMGNT2;ASTN2;FGF13;KIAA0319L;PEX13"
"Cellular Response To Hormone Stimulus (GO:0032870)","13/94",0.902020549723751,0.999996292850528,0,0,0.71239964919382,0.0734612104837849,"NCOA1;HSPA8;STAT5B;MEF2C;URI1;THRB;RDX;AKR1B1;ATP1A2;KLF9;RAMP1;NKX3-1;PELP1"
"Retrograde Transport, Endosome To Golgi (GO:0042147)","13/94",0.902020549723751,0.999996292850528,0,0,0.71239964919382,0.0734612104837849,"WIPF3;WASH4P;RCSD1;ASB15;RNF126;VPS51;CLTCL1;VPS52;SGSM2;TBC1D17;WASHC1;RAB9B;PLEKHJ1"
"Positive Regulation Of Neurogenesis (GO:0050769)","10/75",0.903542529195877,0.999996292850528,0,0,0.683004683004683,0.069278598249603,"CDKL3;SMARCD3;METRN;AMIGO1;SS18L1;NRDC;NEURL1;OBSL1;TRIM32;HAPLN2"
"Regulation Of Fat Cell Differentiation (GO:0045598)","10/75",0.903542529195877,0.999996292850528,0,0,0.683004683004683,0.069278598249603,"CEBPB;SMAD3;FRZB;ZBTB16;CARM1;RORC;TAF8;GPS2;LRP3;SIRT2"
"Glycerophospholipid Metabolic Process (GO:0006650)","8/62",0.90404664020306,0.999996292850528,0,0,0.657793946743469,0.0663545215349856,"PLA2G4C;GDE1;PIGZ;HDHD5;PGPEP1;PLA2G6;PRDX6;IP6K3"
"Fc-gamma Receptor Signaling Pathway Involved In Phagocytosis (GO:0038096)","2/20",0.905086601982787,0.999996292850528,0,0,0.493628741790006,0.049226952054576,"PAK1;PLA2G6"
"Activation Of Adenylate Cyclase Activity (GO:0007190)","2/20",0.905086601982787,0.999996292850528,0,0,0.493628741790006,0.049226952054576,"ADRB2;RAF1"
"Calcium-Mediated Signaling Using Intracellular Calcium Source (GO:0035584)","2/20",0.905086601982787,0.999996292850528,0,0,0.493628741790006,0.049226952054576,"FIS1;PRKACA"
"Cell Projection Organization (GO:0030030)","2/20",0.905086601982787,0.999996292850528,0,0,0.493628741790006,0.049226952054576,"NPHP1;PARVB"
"Epithelial Cilium Movement Involved In Extracellular Fluid Movement (GO:0003351)","2/20",0.905086601982787,0.999996292850528,0,0,0.493628741790006,0.049226952054576,"NEK10;AQP4"
"Leukotriene Metabolic Process (GO:0006691)","2/20",0.905086601982787,0.999996292850528,0,0,0.493628741790006,0.049226952054576,"MGST3;MAPKAPK2"
"Limb Morphogenesis (GO:0035108)","2/20",0.905086601982787,0.999996292850528,0,0,0.493628741790006,0.049226952054576,"FBXW4;MYH3"
"Long-Term Synaptic Potentiation (GO:0060291)","2/20",0.905086601982787,0.999996292850528,0,0,0.493628741790006,0.049226952054576,"SLC8A3;NOL3"
"Maturation Of LSU-rRNA (GO:0000470)","2/20",0.905086601982787,0.999996292850528,0,0,0.493628741790006,0.049226952054576,"NEDD4;RRP15"
"Myoblast Differentiation (GO:0045445)","2/20",0.905086601982787,0.999996292850528,0,0,0.493628741790006,0.049226952054576,"SRF;MAPK12"
"Negative Regulation Of Cytokine Production Involved In Inflammatory Response (GO:1900016)","2/20",0.905086601982787,0.999996292850528,0,0,0.493628741790006,0.049226952054576,"CUEDC2;PPARA"
"Negative Regulation Of Phosphate Metabolic Process (GO:0045936)","2/20",0.905086601982787,0.999996292850528,0,0,0.493628741790006,0.049226952054576,"TESK1;INHA"
"Negative Regulation Of Protein Localization To Plasma Membrane (GO:1903077)","2/20",0.905086601982787,0.999996292850528,0,0,0.493628741790006,0.049226952054576,"PKDCC;RHOQ"
"Negative Regulation Of Reproductive Process (GO:2000242)","2/20",0.905086601982787,0.999996292850528,0,0,0.493628741790006,0.049226952054576,"AMH;NKX3-1"
"Negative Regulation Of Stem Cell Population Maintenance (GO:1902455)","2/20",0.905086601982787,0.999996292850528,0,0,0.493628741790006,0.049226952054576,"BRMS1L;TET1"
"Negative Regulation Of Viral Life Cycle (GO:1903901)","2/20",0.905086601982787,0.999996292850528,0,0,0.493628741790006,0.049226952054576,"MID2;PITX3"
"Peripheral Nervous System Development (GO:0007422)","2/20",0.905086601982787,0.999996292850528,0,0,0.493628741790006,0.049226952054576,"GDNF;GPC1"
"Positive Regulation Of Phospholipase Activity (GO:0010518)","2/20",0.905086601982787,0.999996292850528,0,0,0.493628741790006,0.049226952054576,"PLAA;HRAS"
"Regulation Of Mitotic Spindle Assembly (GO:1901673)","2/20",0.905086601982787,0.999996292850528,0,0,0.493628741790006,0.049226952054576,"DRG1;CHMP6"
"Regulation Of Toll-Like Receptor Signaling Pathway (GO:0034121)","2/20",0.905086601982787,0.999996292850528,0,0,0.493628741790006,0.049226952054576,"OTUD4;GPS2"
"Response To Ketone (GO:1901654)","2/20",0.905086601982787,0.999996292850528,0,0,0.493628741790006,0.049226952054576,"UBE3A;NKX3-1"
"Branching Morphogenesis Of An Epithelial Tube (GO:0048754)","5/42",0.906430957009687,0.999996292850528,0,0,0.600150313890772,0.058959016526555,"PAK1;GDNF;SIX1;PKD1;NKX3-1"
"Positive Regulation Of Calcium Ion Transmembrane Transport (GO:1904427)","5/42",0.906430957009687,0.999996292850528,0,0,0.600150313890772,0.058959016526555,"PPP3CB;PPP3CC;CAPN3;AKAP6;CASQ1"
"Positive Regulation Of Neuron Differentiation (GO:0045666)","5/42",0.906430957009687,0.999996292850528,0,0,0.600150313890772,0.058959016526555,"MEF2C;GPRC5B;ZEB1;PROX1;TRIM32"
"Regulation Of Axonogenesis (GO:0050770)","5/42",0.906430957009687,0.999996292850528,0,0,0.600150313890772,0.058959016526555,"PAK1;METRN;RUFY3;NRDC;ARHGAP35"
"Establishment Of Spindle Orientation (GO:0051294)","4/35",0.906721208835975,0.999996292850528,0,0,0.573101574657769,0.0561182513944653,"NSFL1C;MAP4;CLASP1;CDK5RAP2"
"Negative Regulation Of Cell Cycle G1/S Phase Transition (GO:1902807)","4/35",0.906721208835975,0.999996292850528,0,0,0.573101574657769,0.0561182513944653,"WEE1;RBL1;FHL1;APBB1"
"Neutral Amino Acid Transport (GO:0015804)","4/35",0.906721208835975,0.999996292850528,0,0,0.573101574657769,0.0561182513944653,"SLC36A2;SLC43A1;SLC38A3;SLC38A4"
"One-Carbon Compound Transport (GO:0019755)","4/35",0.906721208835975,0.999996292850528,0,0,0.573101574657769,0.0561182513944653,"CYB5R1;AQP11;CYB5RL;UPK3A"
"Regulation Of G2/M Transition Of Mitotic Cell Cycle (GO:0010389)","4/35",0.906721208835975,0.999996292850528,0,0,0.573101574657769,0.0561182513944653,"AVEN;USP47;RRM2B;FHL1"
"Intrinsic Apoptotic Signaling Pathway In Response To DNA Damage (GO:0008630)","6/49",0.907829234955006,0.999996292850528,0,0,0.61963077352376,0.0599176670590834,"BAG6;MOAP1;BCL2;CDIP1;USP28;HIPK2"
"Nuclear Export (GO:0051168)","6/49",0.907829234955006,0.999996292850528,0,0,0.61963077352376,0.0599176670590834,"XPO4;DDX39B;STRADB;RITA1;CCHCR1;PKD1"
"Positive Regulation Of Pathway-Restricted SMAD Protein Phosphorylation (GO:0010862)","6/49",0.907829234955006,0.999996292850528,0,0,0.61963077352376,0.0599176670590834,"GDF9;MSTN;GDF1;INHA;BMP5;INHBE"
"RNA Phosphodiester Bond Hydrolysis (GO:0090501)","3/28",0.910072522488272,0.999996292850528,0,0,0.533035422343324,0.0502284542756813,"ZC3H12C;POP7;LACTB2"
"Limb Development (GO:0060173)","3/28",0.910072522488272,0.999996292850528,0,0,0.533035422343324,0.0502284542756813,"KAT2B;NOG;MAP3K20"
"Negative Regulation Of Signaling (GO:0023057)","3/28",0.910072522488272,0.999996292850528,0,0,0.533035422343324,0.0502284542756813,"PPP3CB;HSP90AB1;OPTN"
"Negative Regulation Of Wound Healing (GO:0061045)","3/28",0.910072522488272,0.999996292850528,0,0,0.533035422343324,0.0502284542756813,"MYOZ1;CLASP1;CLASP2"
"Phospholipid Catabolic Process (GO:0009395)","3/28",0.910072522488272,0.999996292850528,0,0,0.533035422343324,0.0502284542756813,"PLA2G4C;GDE1;PRDX6"
"Positive Regulation Of Nitric Oxide Metabolic Process (GO:1904407)","3/28",0.910072522488272,0.999996292850528,0,0,0.533035422343324,0.0502284542756813,"HSP90AB1;SMAD3;DDAH1"
"Protein Localization To Golgi Apparatus (GO:0034067)","3/28",0.910072522488272,0.999996292850528,0,0,0.533035422343324,0.0502284542756813,"VPS13A;OBSL1;OPTN"
"Transcription Elongation By RNA Polymerase II (GO:0006368)","3/28",0.910072522488272,0.999996292850528,0,0,0.533035422343324,0.0502284542756813,"USP15;RTF1;POLR2I"
"Negative Regulation Of Canonical Wnt Signaling Pathway (GO:0090090)","16/114",0.910094173359656,0.999996292850528,0,0,0.724537230807007,0.0682566220836976,"PRKN;MESP1;AMER2;TLE2;GSK3A;TLE1;AMFR;NOG;DAB2IP;FUZ;STK11;TMEM88;FRZB;RUVBL2;HECW1;EMD"
"Regulation Of Cytoskeleton Organization (GO:0051493)","16/114",0.910094173359656,0.999996292850528,0,0,0.724537230807007,0.0682566220836976,"PATJ;PRKAA2;TRAF3IP1;ROCK2;TESK1;TWF2;NEXN;ARHGAP35;MTOR;PAK1;MLST8;MAP6D1;MAPT;HRAS;RHOQ;CLASP1"
"Positive Regulation Of DNA-templated Transcription Initiation (GO:2000144)","7/56",0.910188357219107,0.999996292850528,0,0,0.634323123684826,0.059692162407799,"MED14;JUN;SRF;TAF8;MED9;TAF7;MITF"
"Positive Regulation Of DNA-templated Transcription, Elongation (GO:0032786)","7/56",0.910188357219107,0.999996292850528,0,0,0.634323123684826,0.059692162407799,"MED14;PARP1;DDX39B;PWWP2B;MED9;KAT7;THOC5"
"Regulation Of Stem Cell Population Maintenance (GO:2000036)","7/56",0.910188357219107,0.999996292850528,0,0,0.634323123684826,0.059692162407799,"TAF6L;BCL7A;PHF10;BRMS1L;BCL7B;ESRRB;TET1"
"Positive Regulation Of Protein Secretion (GO:0050714)","10/76",0.911902989275504,0.999996292850528,0,0,0.672614763523854,0.062029654050934,"ACHE;MYOM1;POLR2D;ANKRD1;MYO18A;APBB1;DNM1L;PPID;MCU;TTN"
"Positive Regulation Of DNA Metabolic Process (GO:0051054)","15/108",0.912053252290321,0.999996292850528,0,0,0.715797456745269,0.0658940948552411,"OTUD4;TMEM161A;EYA1;BRPF3;ABRAXAS1;EGF;FAF1;MCRS1;CEBPG;EYA4;UCHL5;BABAM1;RUVBL2;KAT7;FGFR4"
"Gene Expression (GO:0010467)","46/296",0.91210619081505,0.999996292850528,0,0,0.815596360628619,0.0750339340839725,"MRPS17;FYTTD1;HBS1L;MRPS15;MRPS16;FASTKD2;MRPS11;MRPS33;DIS3L;MRPL14;MRPL37;MRPL12;MRPL34;MRPL35;GSPT1;MRPL10;SMG5;MRPL41;EXOSC7;ALKBH5;EXOSC5;NUP88;KPNA4;ABCF1;CHTOP;PABPC4;DHPS;MRPS18B;MRPS18A;DDX54;MRPS7;THOC5;MRPL24;RPL3L;MRPL43;MRPS5;MRPL51;COPS5;DDX39B;TNIP1;PRPH2;HNRNPA2B1;EEF1A2;STUB1;MRRF;EIF4G1"
"DNA Deamination (GO:0045006)","1/12",0.912461194253719,0.999996292850528,0,0,0.40394137452961,0.037004956732107,"EXOSC5"
"DNA Strand Elongation (GO:0022616)","1/12",0.912461194253719,0.999996292850528,0,0,0.40394137452961,0.037004956732107,"POLD2"
"MyD88-dependent Toll-Like Receptor Signaling Pathway (GO:0002755)","1/12",0.912461194253719,0.999996292850528,0,0,0.40394137452961,0.037004956732107,"TNIP1"
"Astrocyte Activation (GO:0048143)","1/12",0.912461194253719,0.999996292850528,0,0,0.40394137452961,0.037004956732107,"MAPT"
"Attachment Of Mitotic Spindle Microtubules To Kinetochore (GO:0051315)","1/12",0.912461194253719,0.999996292850528,0,0,0.40394137452961,0.037004956732107,"RMDN1"
"Calcium Ion Import (GO:0070509)","1/12",0.912461194253719,0.999996292850528,0,0,0.40394137452961,0.037004956732107,"MICU1"
"Cardiac Right Ventricle Morphogenesis (GO:0003215)","1/12",0.912461194253719,0.999996292850528,0,0,0.40394137452961,0.037004956732107,"ZFPM2"
"Cell Projection Assembly (GO:0030031)","1/12",0.912461194253719,0.999996292850528,0,0,0.40394137452961,0.037004956732107,"PARVB"
"Cellular Component Maintenance (GO:0043954)","1/12",0.912461194253719,0.999996292850528,0,0,0.40394137452961,0.037004956732107,"PICK1"
"Defense Response To Tumor Cell (GO:0002357)","1/12",0.912461194253719,0.999996292850528,0,0,0.40394137452961,0.037004956732107,"PRDX2"
"Endothelium Development (GO:0003158)","1/12",0.912461194253719,0.999996292850528,0,0,0.40394137452961,0.037004956732107,"MESP1"
"Epithelial Cell Morphogenesis (GO:0003382)","1/12",0.912461194253719,0.999996292850528,0,0,0.40394137452961,0.037004956732107,"RILPL1"
"Granulocyte Differentiation (GO:0030851)","1/12",0.912461194253719,0.999996292850528,0,0,0.40394137452961,0.037004956732107,"CSF3"
"Ionotropic Glutamate Receptor Signaling Pathway (GO:0035235)","1/12",0.912461194253719,0.999996292850528,0,0,0.40394137452961,0.037004956732107,"CPEB4"
"Lipoprotein Localization (GO:0044872)","1/12",0.912461194253719,0.999996292850528,0,0,0.40394137452961,0.037004956732107,"SAR1B"
"mRNA Cleavage Involved In mRNA Processing (GO:0098787)","1/12",0.912461194253719,0.999996292850528,0,0,0.40394137452961,0.037004956732107,"CPSF4"
"Macrophage Migration (GO:1905517)","1/12",0.912461194253719,0.999996292850528,0,0,0.40394137452961,0.037004956732107,"SAA1"
"Mesoderm Morphogenesis (GO:0048332)","1/12",0.912461194253719,0.999996292850528,0,0,0.40394137452961,0.037004956732107,"MESP1"
"Multicellular Organismal-Level Iron Ion Homeostasis (GO:0060586)","1/12",0.912461194253719,0.999996292850528,0,0,0.40394137452961,0.037004956732107,"HJV"
"Negative Regulation Of JUN Kinase Activity (GO:0043508)","1/12",0.912461194253719,0.999996292850528,0,0,0.40394137452961,0.037004956732107,"HIPK3"
"Negative Regulation Of Mononuclear Cell Migration (GO:0071676)","1/12",0.912461194253719,0.999996292850528,0,0,0.40394137452961,0.037004956732107,"BMP5"
"Organophosphate Catabolic Process (GO:0046434)","1/12",0.912461194253719,0.999996292850528,0,0,0.40394137452961,0.037004956732107,"PDXP"
"Phosphate Ion Homeostasis (GO:0055062)","1/12",0.912461194253719,0.999996292850528,0,0,0.40394137452961,0.037004956732107,"FGFR4"
"Phosphatidylcholine Acyl-Chain Remodeling (GO:0036151)","1/12",0.912461194253719,0.999996292850528,0,0,0.40394137452961,0.037004956732107,"PLA2G4C"
"Porphyrin-Containing Compound Catabolic Process (GO:0006787)","1/12",0.912461194253719,0.999996292850528,0,0,0.40394137452961,0.037004956732107,"ABCC2"
"Positive Regulation Of CD4-positive, Alpha-Beta T Cell Activation (GO:2000516)","1/12",0.912461194253719,0.999996292850528,0,0,0.40394137452961,0.037004956732107,"PRKCQ"
"Positive Regulation Of T Cell Chemotaxis (GO:0010820)","1/12",0.912461194253719,0.999996292850528,0,0,0.40394137452961,0.037004956732107,"OXSR1"
"Positive Regulation Of mRNA Metabolic Process (GO:1903313)","1/12",0.912461194253719,0.999996292850528,0,0,0.40394137452961,0.037004956732107,"CNOT7"
"Positive Regulation Of Myeloid Leukocyte Mediated Immunity (GO:0002888)","1/12",0.912461194253719,0.999996292850528,0,0,0.40394137452961,0.037004956732107,"MAVS"
"Positive Regulation Of Vasoconstriction (GO:0045907)","1/12",0.912461194253719,0.999996292850528,0,0,0.40394137452961,0.037004956732107,"SMTNL1"
"Protein Heterotetramerization (GO:0051290)","1/12",0.912461194253719,0.999996292850528,0,0,0.40394137452961,0.037004956732107,"PKD1"
"Pseudouridine Synthesis (GO:0001522)","1/12",0.912461194253719,0.999996292850528,0,0,0.40394137452961,0.037004956732107,"RPUSD4"
"Regulation Of Chemokine (C-X-C Motif) Ligand 2 Production (GO:2000341)","1/12",0.912461194253719,0.999996292850528,0,0,0.40394137452961,0.037004956732107,"MAP2K5"
"Regulation Of Interleukin-5 Production (GO:0032674)","1/12",0.912461194253719,0.999996292850528,0,0,0.40394137452961,0.037004956732107,"PDE4D"
"Regulation Of Retrograde Protein Transport, ER To Cytosol (GO:1904152)","1/12",0.912461194253719,0.999996292850528,0,0,0.40394137452961,0.037004956732107,"UBE2G2"
"Regulation Of Sensory Perception (GO:0051931)","1/12",0.912461194253719,0.999996292850528,0,0,0.40394137452961,0.037004956732107,"SPX"
"Response To Muramyl Dipeptide (GO:0032495)","1/12",0.912461194253719,0.999996292850528,0,0,0.40394137452961,0.037004956732107,"TRIM41"
"Spinal Cord Development (GO:0021510)","1/12",0.912461194253719,0.999996292850528,0,0,0.40394137452961,0.037004956732107,"PKD1"
"Triglyceride Catabolic Process (GO:0019433)","1/12",0.912461194253719,0.999996292850528,0,0,0.40394137452961,0.037004956732107,"PNPLA4"
"Cytosolic Transport (GO:0016482)","18/127",0.913337083723365,0.999996292850528,0,0,0.732750160017068,0.0664239939934925,"WIPF3;VPS13A;LMTK2;WASH4P;ATG14;RCSD1;ASB15;RNF126;CCDC91;HOOK2;VPS51;CLTCL1;VPS52;TBC1D17;WASHC1;RILP;RAB9B;PLEKHJ1"
"Negative Regulation Of Multicellular Organismal Process (GO:0051241)","35/231",0.91480299298932,0.999996292850528,0,0,0.791791015471609,0.0705062543667101,"GSK3A;SRF;HPN;HDAC9;HOXC10;STK11;RPS6KA5;SPX;HOXA7;RAB11FIP3;MAP2K6;NKX3-1;BBS2;MEF2C;ACTN3;PARP1;SFMBT1;PLCL1;NRDC;PLCL2;DAB2IP;TET1;ACOT13;USF3;ACVR2B;BMP5;TNNT1;BRMS1L;SPRY2;PGAM5;ALPK2;IL17D;ATF4;PFN2;ASB1"
"Regulation Of Epithelial To Mesenchymal Transition (GO:0010717)","11/83",0.915853207187762,0.999996292850528,0,0,0.678154772741064,0.0596092493267029,"SMAD3;HPN;ZNF703;DAG1;DAB2IP;SPRY2;USF3;CLASP1;MTOR;CLASP2;BMP5"
"Vesicle-Mediated Transport To The Plasma Membrane (GO:0098876)","11/83",0.915853207187762,0.999996292850528,0,0,0.678154772741064,0.0596092493267029,"RAB10;RABEP1;VPS51;WIPF3;VPS52;EXOC4;LMTK2;EXOC6;WASH4P;WASHC1;RAB11FIP3"
"Negative Regulation Of Epithelial Cell Proliferation (GO:0050680)","9/70",0.916296709453868,0.999996292850528,0,0,0.654994988904002,0.0572564184868666,"ATP5IF1;ATP5F1A;HPN;ATOH8;KLF9;DAB2IP;AQP11;SYNJ2BP;NKX3-1"
"Regulation Of Actin Filament Polymerization (GO:0030833)","9/70",0.916296709453868,0.999996292850528,0,0,0.654994988904002,0.0572564184868666,"CSF3;HAX1;BIN1;CDC42EP3;TWF2;SSH2;GBA2;LMOD2;PFN2"
"Regulation Of Actin Filament-Based Process (GO:0032970)","9/70",0.916296709453868,0.999996292850528,0,0,0.654994988904002,0.0572564184868666,"PAK1;ROCK2;TESK1;MLST8;TWF2;HRAS;ARHGAP35;RHOQ;MTOR"
"Negative Regulation Of Wnt Signaling Pathway (GO:0030178)","20/140",0.916740501013675,0.999996292850528,0,0,0.739437904918332,0.0642799535239355,"AMER1;PRKN;GPI;AMER2;TLE2;GSK3A;TLE1;NXN;AMFR;NOG;DAB2IP;TSC2;FUZ;STK11;TMEM88;FRZB;RUVBL2;HECW1;NOTUM;EMD"
"Regulation Of Protein Metabolic Process (GO:0051246)","13/96",0.91683313419688,0.999996292850528,0,0,0.695147804332082,0.0603595396313392,"HSP90AB1;ROCK2;FAF1;ODC1;TSC1;MSI2;FOXO3;ELP5;ZDHHC2;PM20D2;CHMP6;MAP2K5;EIF4G1"
"Ephrin Receptor Signaling Pathway (GO:0048013)","5/43",0.916900490835503,0.999996292850528,0,0,0.584321012454801,0.050693545767789,"PAK1;PTPN11;KALRN;EPHB1;ANKS1B"
"Learning (GO:0007612)","5/43",0.916900490835503,0.999996292850528,0,0,0.584321012454801,0.050693545767789,"ATAD1;SLC8A3;PPP3CB;SLC6A1;FGF13"
"Lysosome Organization (GO:0007040)","5/43",0.916900490835503,0.999996292850528,0,0,0.584321012454801,0.050693545767789,"SNAPIN;HOOK2;AKTIP;TFEB;MTOR"
"mRNA Catabolic Process (GO:0006402)","5/43",0.916900490835503,0.999996292850528,0,0,0.584321012454801,0.050693545767789,"SUPV3L1;RIDA;THRAP3;TUT4;NUDT12"
"Neurotransmitter Secretion (GO:0007269)","5/43",0.916900490835503,0.999996292850528,0,0,0.584321012454801,0.050693545767789,"RPH3AL;RAB3A;SNAPIN;DVL1;LIN7B"
"Positive Regulation Of Receptor-Mediated Endocytosis (GO:0048260)","5/43",0.916900490835503,0.999996292850528,0,0,0.584321012454801,0.050693545767789,"RAB21;ATAD1;DGKD;EGF;PICK1"
"Plasma Membrane Bounded Cell Projection Morphogenesis (GO:0120039)","6/50",0.917522970791585,0.999996292850528,0,0,0.605511069241639,0.0521209778104268,"NTF4;PAK1;UBB;DAB2IP;TNIK;NYAP2"
"Positive Regulation Of Fat Cell Differentiation (GO:0045600)","6/50",0.917522970791585,0.999996292850528,0,0,0.605511069241639,0.0521209778104268,"FNDC5;CEBPB;FRZB;ZBTB16;CARM1;SIX1"
"DNA Damage Response, Signal Transduction By P53 Class Mediator (GO:0030330)","4/36",0.917985205278514,0.999996292850528,0,0,0.555158081221041,0.0475071002771104,"CRADD;USP10;TRIAP1;HIPK2"
"Positive Regulation Of Interferon-Beta Production (GO:0032728)","4/36",0.917985205278514,0.999996292850528,0,0,0.555158081221041,0.0475071002771104,"TOMM70;MAVS;POLR3D;PTPN11"
"Regulation Of Intracellular Protein Transport (GO:0033157)","4/36",0.917985205278514,0.999996292850528,0,0,0.555158081221041,0.0475071002771104,"ICE1;RUFY3;PCNT;OAZ2"
"Regulation Of Receptor Internalization (GO:0002090)","4/36",0.917985205278514,0.999996292850528,0,0,0.555158081221041,0.0475071002771104,"ATAD1;ANKRD13B;EGF;PICK1"
"Regulation Of Wnt Signaling Pathway (GO:0030111)","15/109",0.918670535433777,0.999996292850528,0,0,0.708138966764771,0.060069816996754,"PRKN;GPI;AMER2;ZRANB1;TLE1;CSNK2A1;NXN;TSC2;STK11;PPP2R1A;FRZB;ZNF703;RSPO3;NOTUM;EMD"
"RNA Catabolic Process (GO:0006401)","7/57",0.919158563248675,0.999996292850528,0,0,0.621598472449536,0.0523986580630386,"SUPV3L1;EXOSC7;EXOSC5;RIDA;PABPC4;DIS3L;NUDT12"
"Monoatomic Anion Transport (GO:0006820)","7/57",0.919158563248675,0.999996292850528,0,0,0.621598472449536,0.0523986580630386,"CLCN4;FXYD1;VDAC2;VDAC1;SLC26A9;ANO5;CLCN1"
"Signal Transduction In Response To DNA Damage (GO:0042770)","7/57",0.919158563248675,0.999996292850528,0,0,0.621598472449536,0.0523986580630386,"USP10;MAP3K20;TRIAP1;CEP63;USP28;MAPK12;MAP2K6"
"DNA Replication Initiation (GO:0006270)","2/21",0.919360886365371,0.999996292850528,0,0,0.467619607449569,0.0393158382004809,"ORC6;ORC3"
"Maturation Of 5.8S rRNA From Tricistronic rRNA Transcript (SSU-rRNA, 5.8S rRNA, LSU-rRNA) (GO:0000466)","2/21",0.919360886365371,0.999996292850528,0,0,0.467619607449569,0.0393158382004809,"EXOSC7;ERI3"
"Modulation By Host Of Viral Genome Replication (GO:0044827)","2/21",0.919360886365371,0.999996292850528,0,0,0.467619607449569,0.0393158382004809,"PRKN;ZBED1"
"Negative Regulation Of Tumor Necrosis Factor-Mediated Signaling Pathway (GO:0010804)","2/21",0.919360886365371,0.999996292850528,0,0,0.467619607449569,0.0393158382004809,"PELI3;GPS2"
"Outer Dynein Arm Assembly (GO:0036158)","2/21",0.919360886365371,0.999996292850528,0,0,0.467619607449569,0.0393158382004809,"CCDC63;DNAAF5"
"Positive Regulation Of Smoothened Signaling Pathway (GO:0045880)","2/21",0.919360886365371,0.999996292850528,0,0,0.467619607449569,0.0393158382004809,"UCHL5;GAS8"
"Positive Regulation Of Transcription Regulatory Region DNA Binding (GO:2000679)","2/21",0.919360886365371,0.999996292850528,0,0,0.467619607449569,0.0393158382004809,"PARK7;LAMTOR5"
"Positive Regulation Of Translational Initiation (GO:0045948)","2/21",0.919360886365371,0.999996292850528,0,0,0.467619607449569,0.0393158382004809,"EIF2B5;MTOR"
"Regulation Of Neurotransmitter Transport (GO:0051588)","2/21",0.919360886365371,0.999996292850528,0,0,0.467619607449569,0.0393158382004809,"MEF2C;DYSF"
"Retrotransposon Silencing (GO:0010526)","2/21",0.919360886365371,0.999996292850528,0,0,0.467619607449569,0.0393158382004809,"ZNF91;TUT4"
"snRNA Metabolic Process (GO:0016073)","2/21",0.919360886365371,0.999996292850528,0,0,0.467619607449569,0.0393158382004809,"INTS11;SNAPC3"
"Regulation Of Secretion By Cell (GO:1903530)","8/64",0.921400636425766,0.999996292850528,0,0,0.63422334827519,0.0519177362394998,"RAB21;MEF2C;RAB3A;RAB26;RAB12;CAMK2A;DYSF;SAA1"
"RNA-mediated Gene Silencing (GO:0031047)","3/29",0.922041711616193,0.999996292850528,0,0,0.512502619995808,0.0415971808946423,"CNOT7;CELF1;MAEL"
"Chondrocyte Differentiation (GO:0002062)","3/29",0.922041711616193,0.999996292850528,0,0,0.512502619995808,0.0415971808946423,"MEF2C;OXSR1;SOX6"
"Heterotypic Cell-Cell Adhesion (GO:0034113)","3/29",0.922041711616193,0.999996292850528,0,0,0.512502619995808,0.0415971808946423,"ITGA7;CTNNA3;MADCAM1"
"Modified Amino Acid Transport (GO:0072337)","3/29",0.922041711616193,0.999996292850528,0,0,0.512502619995808,0.0415971808946423,"SLC47A1;SLC6A8;SLC16A12"
"Negative Regulation Of Plasma Membrane Bounded Cell Projection Assembly (GO:0120033)","3/29",0.922041711616193,0.999996292850528,0,0,0.512502619995808,0.0415971808946423,"TESK1;EVI5L;PFN2"
"Positive Regulation Of Dephosphorylation (GO:0035306)","3/29",0.922041711616193,0.999996292850528,0,0,0.512502619995808,0.0415971808946423,"PTPA;PIN1;CALM3"
"Cellular Response To Oxygen-Containing Compound (GO:1901701)","64/406",0.926142475032781,0.999996292850528,0,0,0.828857032208303,0.0635958755060098,"RET;RYR1;NDUFA13;IRS1;MPV17L;RORC;CIB2;RYR3;IPO5;RPTOR;RUVBL2;PDK4;ANKRD1;CAPN3;SCN5A;PDK2;MEF2A;MYOG;MEF2C;TPM1;WNT9A;FAM210B;RRAGB;RASA4;MYOD1;ITPKA;AKAP9;RRAGD;PEX5;RAPGEF1;PPIF;PLAA;MAPT;SQSTM1;CAMK2D;PRKAA2;ROCK2;ABCB4;TWF2;PDXP;AKAP6;PRDX3;MAPK9;PRDX5;P2RY2;ZNF703;NRIP1;TBX1;JUN;TRIM41;DAB2IP;GDF1;PEX10;PEX12;PEX13;MTOR;PEX14;TNIP1;NEURL1;CPEB3;CPEB4;LAMTOR5;CCDC62;HCN1"
"Negative Regulation Of MAP Kinase Activity (GO:0043407)","6/51",0.926314005582792,0.999996292850528,0,0,0.592018907372057,0.0453143129340987,"CAV3;DAB2IP;SPRY3;SPRY2;HIPK3;ANKS1B"
"Regulated Exocytosis (GO:0045055)","6/51",0.926314005582792,0.999996292850528,0,0,0.592018907372057,0.0453143129340987,"RAB10;PPP3CB;SYNGR1;RAB3A;SNAPIN;RAB26"
"Regulation Of Synapse Assembly (GO:0051963)","6/51",0.926314005582792,0.999996292850528,0,0,0.592018907372057,0.0453143129340987,"MEF2C;MUSK;SLITRK4;PDLIM5;EPHB1;EIF4G1"
"Bone Development (GO:0060348)","5/44",0.926322209858405,0.999996292850528,0,0,0.569303470066829,0.043570585620948,"ATG9A;GNAS;SBDS;DYM;NOTUM"
"Negative Regulation Of Immune System Process (GO:0002683)","5/44",0.926322209858405,0.999996292850528,0,0,0.569303470066829,0.043570585620948,"OTUD4;DAB2IP;GPS2;HOXA7;IL17D"
"Nucleus Organization (GO:0006997)","5/44",0.926322209858405,0.999996292850528,0,0,0.569303470066829,0.043570585620948,"CTDNEP1;DMPK;BIN1;VPS4A;CHMP6"
"Regulation Of Transport (GO:0051049)","5/44",0.926322209858405,0.999996292850528,0,0,0.569303470066829,0.043570585620948,"PRKN;PINK1;USP6;SAR1B;ICA1L"
"Positive Regulation Of Binding (GO:0051099)","12/91",0.926406917144536,0.999996292850528,0,0,0.674146580964598,0.0515329144046668,"PRKN;CSF3;EGF;AKTIP;AMFR;CEBPG;MED9;PIN1;PKD1;MARK3;SIRT2;HIPK2"
"Regulation Of Actin Cytoskeleton Organization (GO:0032956)","12/91",0.926406917144536,0.999996292850528,0,0,0.674146580964598,0.0515329144046668,"CSF3;PAK1;HAX1;ROCK2;TESK1;MLST8;TWF2;NEB;HRAS;ARHGAP35;RHOQ;MTOR"
"Positive Regulation Of Kinase Activity (GO:0033674)","14/104",0.92715251261969,0.999996292850528,0,0,0.690285748990313,0.0522112841291456,"MAP2K3;DDR1;RET;MUSK;PRKAG1;CSRP3;ALS2;ERBB4;ORC3;EEF1A2;TAB2;MAPRE3;FGFR4;ROS1"
"Negative Regulation Of Endothelial Cell Migration (GO:0010596)","4/37",0.928014898170924,0.999996292850528,0,0,0.538302072235024,0.0402151978957433,"MEF2C;DNAJA4;DAB2IP;SYNJ2BP"
"Positive Regulation Of Exocytosis (GO:0045921)","4/37",0.928014898170924,0.999996292850528,0,0,0.538302072235024,0.0402151978957433,"RAB3A;VPS4A;CLASP1;CLASP2"
"Positive Regulation Of Signaling (GO:0023056)","4/37",0.928014898170924,0.999996292850528,0,0,0.538302072235024,0.0402151978957433,"LGI1;HOMER1;SCRIB;BVES"
"Protein Acylation (GO:0043543)","4/37",0.928014898170924,0.999996292850528,0,0,0.538302072235024,0.0402151978957433,"KAT2B;ZDHHC7;ZDHHC2;NAA80"
"Regulation Of p38MAPK Cascade (GO:1900744)","4/37",0.928014898170924,0.999996292850528,0,0,0.538302072235024,0.0402151978957433,"PER1;PRMT1;DAB2IP;GADD45G"
"Ventricular Septum Development (GO:0003281)","4/37",0.928014898170924,0.999996292850528,0,0,0.538302072235024,0.0402151978957433,"HECTD1;NOG;PROX1;ZFPM2"
"Acute-Phase Response (GO:0006953)","1/13",0.928547026165807,0.999996292850528,0,0,0.370256899055919,0.027448718264082,"CEBPB"
"Body Fluid Secretion (GO:0007589)","1/13",0.928547026165807,0.999996292850528,0,0,0.370256899055919,0.027448718264082,"ERBB4"
"Cardiac Left Ventricle Morphogenesis (GO:0003214)","1/13",0.928547026165807,0.999996292850528,0,0,0.370256899055919,0.027448718264082,"GSK3A"
"Cranial Nerve Development (GO:0021545)","1/13",0.928547026165807,0.999996292850528,0,0,0.370256899055919,0.027448718264082,"TMEM126A"
"Embryonic Hemopoiesis (GO:0035162)","1/13",0.928547026165807,0.999996292850528,0,0,0.370256899055919,0.027448718264082,"THOC5"
"Endonucleolytic Cleavage Of Tricistronic rRNA Transcript (SSU-rRNA, 5.8S rRNA, LSU-rRNA) (GO:0000479)","1/13",0.928547026165807,0.999996292850528,0,0,0.370256899055919,0.027448718264082,"TSR1"
"Endoplasmic Reticulum Mannose Trimming (GO:1904380)","1/13",0.928547026165807,0.999996292850528,0,0,0.370256899055919,0.027448718264082,"RNF5"
"Glomerular Filtration (GO:0003094)","1/13",0.928547026165807,0.999996292850528,0,0,0.370256899055919,0.027448718264082,"TMEM63C"
"Glutamine Metabolic Process (GO:0006541)","1/13",0.928547026165807,0.999996292850528,0,0,0.370256899055919,0.027448718264082,"SIRT4"
"Heparan Sulfate Proteoglycan Metabolic Process (GO:0030201)","1/13",0.928547026165807,0.999996292850528,0,0,0.370256899055919,0.027448718264082,"HS6ST1"
"Inhibitory Synapse Assembly (GO:1904862)","1/13",0.928547026165807,0.999996292850528,0,0,0.370256899055919,0.027448718264082,"FGF13"
"Intraciliary Retrograde Transport (GO:0035721)","1/13",0.928547026165807,0.999996292850528,0,0,0.370256899055919,0.027448718264082,"TTC21B"
"Killing By Host Of Symbiont Cells (GO:0051873)","1/13",0.928547026165807,0.999996292850528,0,0,0.370256899055919,0.027448718264082,"GAPDH"
"Lipid Oxidation (GO:0034440)","1/13",0.928547026165807,0.999996292850528,0,0,0.370256899055919,0.027448718264082,"PPARGC1A"
"Microtubule-Based Transport (GO:0099111)","1/13",0.928547026165807,0.999996292850528,0,0,0.370256899055919,0.027448718264082,"DYNC1I1"
"Microvillus Organization (GO:0032528)","1/13",0.928547026165807,0.999996292850528,0,0,0.370256899055919,0.027448718264082,"TNIK"
"ncRNA Transcription (GO:0098781)","1/13",0.928547026165807,0.999996292850528,0,0,0.370256899055919,0.027448718264082,"SNAPC3"
"Negative Regulation Of DNA Damage Response, Signal Transduction By P53 Class Mediator (GO:0043518)","1/13",0.928547026165807,0.999996292850528,0,0,0.370256899055919,0.027448718264082,"DYRK1A"
"Negative Regulation Of T Cell Differentiation (GO:0045581)","1/13",0.928547026165807,0.999996292850528,0,0,0.370256899055919,0.027448718264082,"ZC3H8"
"Negative Regulation Of Receptor Internalization (GO:0002091)","1/13",0.928547026165807,0.999996292850528,0,0,0.370256899055919,0.027448718264082,"ANKRD13B"
"Positive Regulation Of T-helper 17 Type Immune Response (GO:2000318)","1/13",0.928547026165807,0.999996292850528,0,0,0.370256899055919,0.027448718264082,"PRKCQ"
"Positive Regulation Of Double-Strand Break Repair Via Nonhomologous End Joining (GO:2001034)","1/13",0.928547026165807,0.999996292850528,0,0,0.370256899055919,0.027448718264082,"SETMAR"
"Positive Regulation Of Glycoprotein Biosynthetic Process (GO:0010560)","1/13",0.928547026165807,0.999996292850528,0,0,0.370256899055919,0.027448718264082,"RAMP1"
"Positive Regulation Of Granulocyte Macrophage Colony-Stimulating Factor Production (GO:0032725)","1/13",0.928547026165807,0.999996292850528,0,0,0.370256899055919,0.027448718264082,"IL17D"
"Positive Regulation Of Histone Deacetylation (GO:0031065)","1/13",0.928547026165807,0.999996292850528,0,0,0.370256899055919,0.027448718264082,"CTBP1"
"Positive Regulation Of Macrophage Chemotaxis (GO:0010759)","1/13",0.928547026165807,0.999996292850528,0,0,0.370256899055919,0.027448718264082,"MSTN"
"Protein Hydroxylation (GO:0018126)","1/13",0.928547026165807,0.999996292850528,0,0,0.370256899055919,0.027448718264082,"OGFOD1"
"Protein Localization To Synapse (GO:0035418)","1/13",0.928547026165807,0.999996292850528,0,0,0.370256899055919,0.027448718264082,"STAU2"
"Regulation Of ERBB Signaling Pathway (GO:1901184)","1/13",0.928547026165807,0.999996292850528,0,0,0.370256899055919,0.027448718264082,"MVB12B"
"Regulation Of T Cell Chemotaxis (GO:0010819)","1/13",0.928547026165807,0.999996292850528,0,0,0.370256899055919,0.027448718264082,"OXSR1"
"Regulation Of T-helper 17 Type Immune Response (GO:2000316)","1/13",0.928547026165807,0.999996292850528,0,0,0.370256899055919,0.027448718264082,"PRKCQ"
"Regulation Of Flagellated Sperm Motility (GO:1901317)","1/13",0.928547026165807,0.999996292850528,0,0,0.370256899055919,0.027448718264082,"TACR2"
"Regulation Of Humoral Immune Response (GO:0002920)","1/13",0.928547026165807,0.999996292850528,0,0,0.370256899055919,0.027448718264082,"PHB2"
"Regulation Of Immune Effector Process (GO:0002697)","1/13",0.928547026165807,0.999996292850528,0,0,0.370256899055919,0.027448718264082,"PHB2"
"Regulation Of Lamellipodium Organization (GO:1902743)","1/13",0.928547026165807,0.999996292850528,0,0,0.370256899055919,0.027448718264082,"TWF2"
"Regulation Of Transcription Of Nucleolar Large rRNA By RNA Polymerase I (GO:1901836)","1/13",0.928547026165807,0.999996292850528,0,0,0.370256899055919,0.027448718264082,"MTOR"
"Regulation Of Trophoblast Cell Migration (GO:1901163)","1/13",0.928547026165807,0.999996292850528,0,0,0.370256899055919,0.027448718264082,"C1QBP"
"Regulation Of Vasculogenesis (GO:2001212)","1/13",0.928547026165807,0.999996292850528,0,0,0.370256899055919,0.027448718264082,"HIF1AN"
"Response To Chemokine (GO:1990868)","1/13",0.928547026165807,0.999996292850528,0,0,0.370256899055919,0.027448718264082,"OXSR1"
"Response To Progesterone (GO:0032570)","1/13",0.928547026165807,0.999996292850528,0,0,0.370256899055919,0.027448718264082,"UBE3A"
"Sodium-Independent Organic Anion Transport (GO:0043252)","1/13",0.928547026165807,0.999996292850528,0,0,0.370256899055919,0.027448718264082,"SLCO5A1"
"Sphingoid Biosynthetic Process (GO:0046520)","1/13",0.928547026165807,0.999996292850528,0,0,0.370256899055919,0.027448718264082,"ASAH2"
"Sphingosine Biosynthetic Process (GO:0046512)","1/13",0.928547026165807,0.999996292850528,0,0,0.370256899055919,0.027448718264082,"ASAH2"
"Spliceosomal tri-snRNP Complex Assembly (GO:0000244)","1/13",0.928547026165807,0.999996292850528,0,0,0.370256899055919,0.027448718264082,"TSSC4"
"Synaptic Vesicle Localization (GO:0097479)","1/13",0.928547026165807,0.999996292850528,0,0,0.370256899055919,0.027448718264082,"SNAPIN"
"RNA Export From Nucleus (GO:0006405)","8/65",0.929013044847525,0.999996292850528,0,0,0.62305832794811,0.0458773413671401,"FYTTD1;ALKBH5;CHTOP;DDX39B;HNRNPA2B1;NUP88;THOC5;SMG5"
"Regulation Of MAPK Cascade (GO:0043408)","30/204",0.929388643557925,0.999996292850528,0,0,0.764479824320615,0.0559815437896064,"RET;ROCK2;PEBP1;ETFA;ADRB2;PHB2;DUSP13;PAK1;PPP2R1A;DAG1;EPHB1;HRAS;ROS1;TBX1;DUSP3;MAP2K2;CAV3;EGF;DAB2IP;DUSP8;DUSP26;ADRA2B;SOD1;DOK5;NBR1;NEK10;SPRY3;TNIK;RAF1;PPEF2"
"Mitotic Spindle Organization (GO:0007052)","11/85",0.929686737998747,0.999996292850528,0,0,0.659745080962995,0.04810042415767,"PTPA;ABRAXAS1;TBCE;SBDS;WDR62;MAP4;RMDN1;PCNT;CKAP5;CLASP1;CLASP2"
"Nuclear-Transcribed mRNA Catabolic Process (GO:0000956)","11/85",0.929686737998747,0.999996292850528,0,0,0.659745080962995,0.04810042415767,"EXOSC7;CNOT4;HBS1L;EXOSC5;CNOT7;THRAP3;TUT4;CSDE1;SAMD4A;SMG5;GSPT1"
"Phosphatidylinositol Biosynthetic Process (GO:0006661)","13/98",0.929720067509746,0.999996292850528,0,0,0.67870781099325,0.0494586196971955,"MTMR3;TMEM150A;INPPL1;TTC7B;PIGZ;EFR3B;TP53INP2;ITPKA;INPP5J;PMPCA;SOCS6;SOCS7;IP6K3"
"Regulation Of Cell Cycle Process (GO:0010564)","18/130",0.930525685119866,0.999996292850528,0,0,0.712991010357631,0.0513393452907594,"SH3GLB1;SMARCD3;PHF10;KLHL21;PDXP;USP19;BCL7A;BIN1;BCL7B;KIF13A;DPF3;PIN1;RPRD1B;CALM3;CEP85;MARK4;OBSL1;RAB11FIP3"
"Regulation Of Transforming Growth Factor Beta Receptor Signaling Pathway (GO:0017015)","15/111",0.930660787373088,0.999996292850528,0,0,0.693300642427556,0.0498208761002014,"SMAD3;HSP90AB1;FAM89B;WFIKKN2;TET1;NREP;HIPK2;PPM1A;STK11;BRMS1L;ZNF703;PIN1;SPRY2;STUB1;PPARA"
"Fc Receptor Mediated Stimulatory Signaling Pathway (GO:0002431)","2/22",0.931594937370443,0.999996292850528,0,0,0.444211386543176,0.0314755640976571,"PAK1;PLA2G6"
"Acetylcholine Receptor Signaling Pathway (GO:0095500)","2/22",0.931594937370443,0.999996292850528,0,0,0.444211386543176,0.0314755640976571,"CHRND;GNA11"
"Mammary Gland Development (GO:0030879)","2/22",0.931594937370443,0.999996292850528,0,0,0.444211386543176,0.0314755640976571,"ERBB4;ARHGAP35"
"Natural Killer Cell Mediated Immunity (GO:0002228)","2/22",0.931594937370443,0.999996292850528,0,0,0.444211386543176,0.0314755640976571,"CEBPG;PLEKHM2"
"Negative Regulation Of Protein Localization To Nucleus (GO:1900181)","2/22",0.931594937370443,0.999996292850528,0,0,0.444211386543176,0.0314755640976571,"OTUD7B;MTOR"
"Peptidyl-Glutamic Acid Modification (GO:0018200)","2/22",0.931594937370443,0.999996292850528,0,0,0.444211386543176,0.0314755640976571,"TTLL11;NAA80"
"Positive Regulation Of Protein Autophosphorylation (GO:0031954)","2/22",0.931594937370443,0.999996292850528,0,0,0.444211386543176,0.0314755640976571,"NEK10;CALM3"
"Postreplication Repair (GO:0006301)","2/22",0.931594937370443,0.999996292850528,0,0,0.444211386543176,0.0314755640976571,"UBE2B;USP10"
"Regulation Of Dopamine Secretion (GO:0014059)","2/22",0.931594937370443,0.999996292850528,0,0,0.444211386543176,0.0314755640976571,"PRKN;GDNF"
"Regulation Of Mononuclear Cell Migration (GO:0071675)","2/22",0.931594937370443,0.999996292850528,0,0,0.444211386543176,0.0314755640976571,"MSTN;BMP5"
"Regulation Of Regulatory T Cell Differentiation (GO:0045589)","2/22",0.931594937370443,0.999996292850528,0,0,0.444211386543176,0.0314755640976571,"BCL6;FOXO3"
"Regulation Of Vascular Endothelial Growth Factor Receptor Signaling Pathway (GO:0030947)","2/22",0.931594937370443,0.999996292850528,0,0,0.444211386543176,0.0314755640976571,"NEDD4;DAB2IP"
"Regulation Of DNA Metabolic Process (GO:0051052)","17/124",0.932182299261609,0.999996292850528,0,0,0.704871265261048,0.0495009121276402,"PARG;SLF2;MCRS1;SGF29;SMG5;UCHL5;TADA2B;BABAM1;KAT2B;TAF6L;PPP2R1A;RUVBL2;ORC3;POLE3;TAF7;KAT7;KPNA1"
"Negative Regulation Of Axon Extension (GO:0030517)","3/30",0.932535036737181,0.999996292850528,0,0,0.49349076597033,0.0344696170379212,"SEMA6C;SEMA4D;RTN4"
"Phospholipid Dephosphorylation (GO:0046839)","3/30",0.932535036737181,0.999996292850528,0,0,0.49349076597033,0.0344696170379212,"MTMR3;INPP5J;PMPCA"
"Positive Regulation Of Cell Communication (GO:0010647)","3/30",0.932535036737181,0.999996292850528,0,0,0.49349076597033,0.0344696170379212,"LGI1;HOMER1;ANK3"
"Prostaglandin Metabolic Process (GO:0006693)","3/30",0.932535036737181,0.999996292850528,0,0,0.49349076597033,0.0344696170379212,"PLAA;AMH;PTGR2"
"Protein Palmitoylation (GO:0018345)","3/30",0.932535036737181,0.999996292850528,0,0,0.49349076597033,0.0344696170379212,"ZDHHC7;ZDHHC2;ZDHHC4"
"Regulation Of Cell Migration Involved In Sprouting Angiogenesis (GO:0090049)","3/30",0.932535036737181,0.999996292850528,0,0,0.49349076597033,0.0344696170379212,"HDAC5;HDAC9;MAP2K5"
"Regulation Of Macrophage Derived Foam Cell Differentiation (GO:0010743)","3/30",0.932535036737181,0.999996292850528,0,0,0.49349076597033,0.0344696170379212,"MAPK9;ABCA5;PPARA"
"Response To Epidermal Growth Factor (GO:0070849)","3/30",0.932535036737181,0.999996292850528,0,0,0.49349076597033,0.0344696170379212,"STAT5B;DUSP3;PTPN11"
"Negative Regulation Of Innate Immune Response (GO:0045824)","6/52",0.934268979354387,0.999996292850528,0,0,0.579113361235935,0.039374436172751,"PPP6C;USP15;CNOT7;PARP1;BANF1;CEP63"
"Neurotransmitter Transport (GO:0006836)","6/52",0.934268979354387,0.999996292850528,0,0,0.579113361235935,0.039374436172751,"SLC22A3;SNAPIN;DVL1;LIN7B;SLC1A7;SLC29A2"
"Positive Regulation Of Transcription Initiation By RNA Polymerase II (GO:0060261)","6/52",0.934268979354387,0.999996292850528,0,0,0.579113361235935,0.039374436172751,"MED14;PSMC6;SRF;TAF8;MED9;TAF7"
"Regulation Of Proteolysis (GO:0030162)","6/52",0.934268979354387,0.999996292850528,0,0,0.579113361235935,0.039374436172751,"BAG6;CAPN3;STUB1;AURKAIP1;FGFR4;TRIM32"
"Establishment Of Protein Localization To Extracellular Region (GO:0035592)","5/45",0.93478116790404,0.999996292850528,0,0,0.555036804798255,0.0374332484897775,"NECAB3;RAB3A;RAB12;MIA2;PREB"
"Mitotic Nuclear Division (GO:0140014)","5/45",0.93478116790404,0.999996292850528,0,0,0.555036804798255,0.0374332484897775,"PPP2R2D;KLHL22;KLHDC8B;CLASP1;CLASP2"
"Positive Regulation Of Innate Immune Response (GO:0045089)","5/45",0.93478116790404,0.999996292850528,0,0,0.555036804798255,0.0374332484897775,"AKIRIN2;MAVS;TRIM41;POLR3D;SH2D1B"
"Regulation Of Protein Modification Process (GO:0031399)","5/45",0.93478116790404,0.999996292850528,0,0,0.555036804798255,0.0374332484897775,"NDUFS4;HSPB1;PIN1;ULK1;ATG14"
"Triglyceride Metabolic Process (GO:0006641)","5/45",0.93478116790404,0.999996292850528,0,0,0.555036804798255,0.0374332484897775,"CAV3;DGAT1;PNPLA4;GPAT3;LPIN1"
"DNA-templated Transcription Initiation (GO:0006352)","7/59",0.934790088733062,0.999996292850528,0,0,0.597617398967644,0.0402993007562509,"POLR2D;TAF8;TAF7;TFB2M;POLRMT;POLR2I;PPARGC1A"
"Regulation Of Mitotic Cell Cycle Phase Transition (GO:1901990)","11/86",0.935839915839535,0.999996292850528,0,0,0.650908428909521,0.0431622893822136,"SMARCD3;BCL7A;PHF10;CUL3;BCL7B;MAP3K20;DPF3;MNAT1;PKD1;TMEM14B;SIRT2"
"Neuron Development (GO:0048666)","21/150",0.936193415698349,0.999996292850528,0,0,0.722038258743218,0.0476062807538898,"LGI1;MEF2C;SNAPIN;PRMT1;CDNF;SRF;PPP1R9A;GBA2;HS6ST1;CAMSAP1;PBX1;GDNF;FLRT3;NEDD4;TMEM108;ULK1;DMD;MAP4;MAPT;ATXN10;CDK16"
"Fatty Acid Transport (GO:0015908)","4/38",0.936923552364979,0.999996292850528,0,0,0.522437593189361,0.0340386835611085,"FABP3;FABP7;GOT2;CPT1B"
"Heart Looping (GO:0001947)","4/38",0.936923552364979,0.999996292850528,0,0,0.522437593189361,0.0340386835611085,"MESP1;MEF2C;SRF;DVL1"
"Maturation Of SSU-rRNA (GO:0030490)","4/38",0.936923552364979,0.999996292850528,0,0,0.522437593189361,0.0340386835611085,"MRPS11;TSR3;TSR1;SNU13"
"Membrane Assembly (GO:0071709)","4/38",0.936923552364979,0.999996292850528,0,0,0.522437593189361,0.0340386835611085,"NSFL1C;UBXN2A;VPS4A;CHMP6"
"Positive Regulation Of Protein Tyrosine Kinase Activity (GO:0061098)","4/38",0.936923552364979,0.999996292850528,0,0,0.522437593189361,0.0340386835611085,"GPRC5B;DOCK3;EGF;DOK7"
"Regulation Of Intracellular Transport (GO:0032386)","4/38",0.936923552364979,0.999996292850528,0,0,0.522437593189361,0.0340386835611085,"MYLK2;MYL1;TTC21B;CRYAB"
"Regulation Of Neurotransmitter Secretion (GO:0046928)","4/38",0.936923552364979,0.999996292850528,0,0,0.522437593189361,0.0340386835611085,"MEF2C;SNAPIN;CAMK2A;DYSF"
"Signal Release From Synapse (GO:0099643)","4/38",0.936923552364979,0.999996292850528,0,0,0.522437593189361,0.0340386835611085,"RAB3A;SNAPIN;DVL1;LIN7B"
"Positive Regulation Of Protein Kinase B Signaling (GO:0051897)","12/93",0.938346604922654,0.999996292850528,0,0,0.657420053213552,0.0418355058424378,"RET;RASD2;CSF3;PINK1;HSP90AB1;HAX1;EGF;C1QBP;SPRY2;PARK7;RTN4;MYORG"
"Glycoprotein Biosynthetic Process (GO:0009101)","10/80",0.939473416474086,0.999996292850528,0,0,0.634023634023634,0.0395857448654688,"B3GALNT2;ST6GALNAC2;B4GAT1;TNIP1;B3GNT5;ST8SIA2;ST8SIA5;AQP11;LARGE1;ST3GAL3"
"Regulation Of Nucleic Acid-Templated Transcription (GO:1903506)","71/452",0.940100967089487,0.999996292850528,0,0,0.82497620890115,0.0509571285648822,"GPI;ZNF253;SIX1;SGF29;YBX1;RPS6KA5;VPS72;PPP2R1A;RUVBL2;MLX;KAT7;SOX6;YAF2;PITX3;NKX3-1;HES6;MEF2C;ZNF680;TFEB;ATP1B4;MITF;ASH1L;REXO4;MLF1;GCFC2;KAT2B;TAF6L;PTP4A3;SETBP1;KAT6B;THAP7;ZSCAN21;PRKCQ;ATF4;USP13;CEBPB;ZNF273;IGSF1;PERM1;FOXK2;FOXO4;MLLT6;ZNF628;NSD2;DVL1;ZNF703;ZBED1;APBB1;DMAP1;PPARGC1A;ZNF664;KAT14;ESRRA;ZNF341;SMAD3;BRPF3;SNAI3;CNBP;ESRRB;NR1D2;ESRRG;FOXN3;ACVR2B;YY1AP1;ZNF33A;MLXIPL;ZFAT;CARM1;ZNF219;GTF2IRD1;SLC2A4RG"
"Actin Cytoskeleton Reorganization (GO:0031532)","6/53",0.941452307859689,0.999996292850528,0,0,0.566756987275818,0.0341933488564723,"PAK1;TNIK;WHAMM;PARVB;ASB2;MCU"
"COPII-coated Vesicle Cargo Loading (GO:0090110)","1/14",0.94167756492399,0.999996292850528,0,0,0.34175465057818,0.0205368403384789,"SEC31B"
"T Cell Proliferation (GO:0042098)","1/14",0.94167756492399,0.999996292850528,0,0,0.34175465057818,0.0205368403384789,"PPP3CB"
"Aminoglycan Catabolic Process (GO:0006026)","1/14",0.94167756492399,0.999996292850528,0,0,0.34175465057818,0.0205368403384789,"HYAL4"
"Blood Coagulation, Fibrin Clot Formation (GO:0072378)","1/14",0.94167756492399,0.999996292850528,0,0,0.34175465057818,0.0205368403384789,"F8"
"Calcium Ion-Regulated Exocytosis Of Neurotransmitter (GO:0048791)","1/14",0.94167756492399,0.999996292850528,0,0,0.34175465057818,0.0205368403384789,"UNC13C"
"Cellular Response To Exogenous dsRNA (GO:0071360)","1/14",0.94167756492399,0.999996292850528,0,0,0.34175465057818,0.0205368403384789,"MAVS"
"Contractile Actin Filament Bundle Assembly (GO:0030038)","1/14",0.94167756492399,0.999996292850528,0,0,0.34175465057818,0.0205368403384789,"CUL3"
"Glucosamine-Containing Compound Metabolic Process (GO:1901071)","1/14",0.94167756492399,0.999996292850528,0,0,0.34175465057818,0.0205368403384789,"LARGE1"
"Histone mRNA Catabolic Process (GO:0071044)","1/14",0.94167756492399,0.999996292850528,0,0,0.34175465057818,0.0205368403384789,"TUT4"
"Hyaluronan Metabolic Process (GO:0030212)","1/14",0.94167756492399,0.999996292850528,0,0,0.34175465057818,0.0205368403384789,"HYAL4"
"Icosanoid Transport (GO:0071715)","1/14",0.94167756492399,0.999996292850528,0,0,0.34175465057818,0.0205368403384789,"ABCC2"
"Inner Dynein Arm Assembly (GO:0036159)","1/14",0.94167756492399,0.999996292850528,0,0,0.34175465057818,0.0205368403384789,"DNAAF5"
"Lipoprotein Biosynthetic Process (GO:0042158)","1/14",0.94167756492399,0.999996292850528,0,0,0.34175465057818,0.0205368403384789,"WIPI1"
"Membrane Raft Organization (GO:0031579)","1/14",0.94167756492399,0.999996292850528,0,0,0.34175465057818,0.0205368403384789,"CAV3"
"miRNA-mediated Gene Silencing By Inhibition Of Translation (GO:0035278)","1/14",0.94167756492399,0.999996292850528,0,0,0.34175465057818,0.0205368403384789,"EIF4G1"
"Microvillus Assembly (GO:0030033)","1/14",0.94167756492399,0.999996292850528,0,0,0.34175465057818,0.0205368403384789,"TNIK"
"Negative Regulation Of Androgen Receptor Signaling Pathway (GO:0060766)","1/14",0.94167756492399,0.999996292850528,0,0,0.34175465057818,0.0205368403384789,"PIAS2"
"Negative Regulation Of Nucleocytoplasmic Transport (GO:0046823)","1/14",0.94167756492399,0.999996292850528,0,0,0.34175465057818,0.0205368403384789,"PARK7"
"Negative Regulation Of Receptor Signaling Pathway Via STAT (GO:1904893)","1/14",0.94167756492399,0.999996292850528,0,0,0.34175465057818,0.0205368403384789,"NF2"
"Negative Regulation Of Transcription Elongation By RNA Polymerase II (GO:0034244)","1/14",0.94167756492399,0.999996292850528,0,0,0.34175465057818,0.0205368403384789,"PARP1"
"Pancreas Development (GO:0031016)","1/14",0.94167756492399,0.999996292850528,0,0,0.34175465057818,0.0205368403384789,"PROX1"
"Positive Regulation Of Acute Inflammatory Response (GO:0002675)","1/14",0.94167756492399,0.999996292850528,0,0,0.34175465057818,0.0205368403384789,"PARK7"
"Positive Regulation Of Adaptive Immune Response Based On Somatic Recombination Of Immune Receptors Built From Immunoglobulin Superfamily Domains (GO:0002824)","1/14",0.94167756492399,0.999996292850528,0,0,0.34175465057818,0.0205368403384789,"PRKCQ"
"Positive Regulation Of Endothelial Cell Chemotaxis (GO:2001028)","1/14",0.94167756492399,0.999996292850528,0,0,0.34175465057818,0.0205368403384789,"HSPB1"
"Positive Regulation Of Exosomal Secretion (GO:1903543)","1/14",0.94167756492399,0.999996292850528,0,0,0.34175465057818,0.0205368403384789,"VPS4A"
"Positive Regulation Of Response To Cytokine Stimulus (GO:0060760)","1/14",0.94167756492399,0.999996292850528,0,0,0.34175465057818,0.0205368403384789,"MAVS"
"Protein Activation Cascade (GO:0072376)","1/14",0.94167756492399,0.999996292850528,0,0,0.34175465057818,0.0205368403384789,"F8"
"Regulation Of MHC Class II Biosynthetic Process (GO:0045346)","1/14",0.94167756492399,0.999996292850528,0,0,0.34175465057818,0.0205368403384789,"TAF7"
"Regulation Of Cholesterol Storage (GO:0010885)","1/14",0.94167756492399,0.999996292850528,0,0,0.34175465057818,0.0205368403384789,"PPARA"
"Regulation Of Endothelial Cell Chemotaxis (GO:2001026)","1/14",0.94167756492399,0.999996292850528,0,0,0.34175465057818,0.0205368403384789,"HSPB1"
"Regulation Of Establishment Of Protein Localization (GO:0070201)","1/14",0.94167756492399,0.999996292850528,0,0,0.34175465057818,0.0205368403384789,"PTP4A3"
"Regulation Of Feeding Behavior (GO:0060259)","1/14",0.94167756492399,0.999996292850528,0,0,0.34175465057818,0.0205368403384789,"UCN"
"Regulation Of Leukocyte Activation (GO:0002694)","1/14",0.94167756492399,0.999996292850528,0,0,0.34175465057818,0.0205368403384789,"MYO18A"
"Regulation Of Non-Canonical Wnt Signaling Pathway (GO:2000050)","1/14",0.94167756492399,0.999996292850528,0,0,0.34175465057818,0.0205368403384789,"RSPO3"
"Regulation Of Sensory Perception Of Pain (GO:0051930)","1/14",0.94167756492399,0.999996292850528,0,0,0.34175465057818,0.0205368403384789,"SPX"
"Regulation Of Vesicle Size (GO:0097494)","1/14",0.94167756492399,0.999996292850528,0,0,0.34175465057818,0.0205368403384789,"SNAPIN"
"Resolution Of Meiotic Recombination Intermediates (GO:0000712)","1/14",0.94167756492399,0.999996292850528,0,0,0.34175465057818,0.0205368403384789,"HFM1"
"Stress Fiber Assembly (GO:0043149)","1/14",0.94167756492399,0.999996292850528,0,0,0.34175465057818,0.0205368403384789,"CUL3"
"Synaptonemal Complex Assembly (GO:0007130)","1/14",0.94167756492399,0.999996292850528,0,0,0.34175465057818,0.0205368403384789,"STAG3"
"Synaptonemal Complex Organization (GO:0070193)","1/14",0.94167756492399,0.999996292850528,0,0,0.34175465057818,0.0205368403384789,"STAG3"
"Vascular Endothelial Growth Factor Signaling Pathway (GO:0038084)","1/14",0.94167756492399,0.999996292850528,0,0,0.34175465057818,0.0205368403384789,"VEGFB"
"Actin Filament Polymerization (GO:0030041)","3/31",0.941711716793257,0.999996292850528,0,0,0.4758369015181,0.0285769011047131,"MSRB2;COBL;MSRB1"
"Central Nervous System Neuron Differentiation (GO:0021953)","3/31",0.941711716793257,0.999996292850528,0,0,0.4758369015181,0.0285769011047131,"PROX1;MAPT;GBA2"
"Negative Regulation Of Cell-Matrix Adhesion (GO:0001953)","3/31",0.941711716793257,0.999996292850528,0,0,0.4758369015181,0.0285769011047131,"NF2;HOXA7;CLASP2"
"Negative Regulation Of Chemotaxis (GO:0050922)","3/31",0.941711716793257,0.999996292850528,0,0,0.4758369015181,0.0285769011047131,"SEMA6C;DUSP3;SEMA4D"
"Phospholipid Translocation (GO:0045332)","3/31",0.941711716793257,0.999996292850528,0,0,0.4758369015181,0.0285769011047131,"ATP8A1;ABCB4;TRIAP1"
"Positive Regulation Of Lamellipodium Organization (GO:1902745)","3/31",0.941711716793257,0.999996292850528,0,0,0.4758369015181,0.0285769011047131,"MSTN;AVIL;TWF2"
"Protein Localization To Chromatin (GO:0071168)","3/31",0.941711716793257,0.999996292850528,0,0,0.4758369015181,0.0285769011047131,"PARP1;RUVBL2;SGF29"
"Receptor Signaling Pathway Via STAT (GO:0097696)","3/31",0.941711716793257,0.999996292850528,0,0,0.4758369015181,0.0285769011047131,"STAT5B;SOCS6;PKD1"
"Regulation Of Extrinsic Apoptotic Signaling Pathway Via Death Domain Receptors (GO:1902041)","3/31",0.941711716793257,0.999996292850528,0,0,0.4758369015181,0.0285769011047131,"RNF34;ETFA;BMP5"
"Regulation Of Protein Autophosphorylation (GO:0031952)","3/31",0.941711716793257,0.999996292850528,0,0,0.4758369015181,0.0285769011047131,"TESK1;NEK10;CALM3"
"Regulation Of Transmembrane Receptor Protein Serine/Threonine Kinase Signaling Pathway (GO:0090092)","3/31",0.941711716793257,0.999996292850528,0,0,0.4758369015181,0.0285769011047131,"SMAD3;ZNF703;NREP"
"Toll-Like Receptor Signaling Pathway (GO:0002224)","3/31",0.941711716793257,0.999996292850528,0,0,0.4758369015181,0.0285769011047131,"MAPKAPK3;TNIP1;MAPKAPK2"
"Organic Substance Transport (GO:0071702)","29/201",0.941845978533265,0.999996292850528,0,0,0.747477535547443,0.0447840121561424,"RYR1;SLC22A3;SLC22A5;SLC47A1;ABCB6;LMAN2L;CAMK2A;PSEN2;AQP4;ATP2A1;PKD1;RYR3;PANX1;CACNG6;SLN;TOM1;CACNA1S;RILP;ABCA5;ARRDC2;CACNA2D1;ATP2B2;UPK3A;LRP1B;PICK1;AQP11;RAMP1;TPT1;SLC29A2"
"U2-type Prespliceosome Assembly (GO:1903241)","2/23",0.942056471650973,0.999996292850528,0,0,0.423032520008821,0.0252508354557759,"SNRPD3;HTATSF1"
"Artery Development (GO:0060840)","2/23",0.942056471650973,0.999996292850528,0,0,0.423032520008821,0.0252508354557759,"TBX1;HECTD1"
"Cell-Cell Signaling By Wnt (GO:0198738)","2/23",0.942056471650973,0.999996292850528,0,0,0.423032520008821,0.0252508354557759,"NXN;PKD1"
"Endocardial Cushion Development (GO:0003197)","2/23",0.942056471650973,0.999996292850528,0,0,0.423032520008821,0.0252508354557759,"NOG;CRELD1"
"Endocrine System Development (GO:0035270)","2/23",0.942056471650973,0.999996292850528,0,0,0.423032520008821,0.0252508354557759,"TBX1;SIX1"
"Heparan Sulfate Proteoglycan Biosynthetic Process (GO:0015012)","2/23",0.942056471650973,0.999996292850528,0,0,0.423032520008821,0.0252508354557759,"EXTL1;HS6ST1"
"Positive Regulation Of Cell-Substrate Junction Organization (GO:0150117)","2/23",0.942056471650973,0.999996292850528,0,0,0.423032520008821,0.0252508354557759,"DUSP3;TSC1"
"Regulation Of Axon Extension Involved In Axon Guidance (GO:0048841)","2/23",0.942056471650973,0.999996292850528,0,0,0.423032520008821,0.0252508354557759,"SEMA6C;SEMA4D"
"Regulation Of Centrosome Cycle (GO:0046605)","2/23",0.942056471650973,0.999996292850528,0,0,0.423032520008821,0.0252508354557759,"FBXW5;MARK4"
"Regulation Of Extracellular Matrix Organization (GO:1903053)","2/23",0.942056471650973,0.999996292850528,0,0,0.423032520008821,0.0252508354557759,"DDR1;FGFR4"
"Regulation Of Interleukin-4 Production (GO:0032673)","2/23",0.942056471650973,0.999996292850528,0,0,0.423032520008821,0.0252508354557759,"CEBPB;PRKCQ"
"Zinc Ion Transport (GO:0006829)","2/23",0.942056471650973,0.999996292850528,0,0,0.423032520008821,0.0252508354557759,"SLC30A9;SLC30A2"
"Positive Regulation Of Blood Vessel Endothelial Cell Migration (GO:0043536)","5/46",0.942358819763112,0.999996292850528,0,0,0.541466074420832,0.0321463882999197,"MAP2K3;ATP5F1A;ATP5F1B;HSPB1;HDAC9"
"Regulation Of Cytokine Production Involved In Inflammatory Response (GO:1900015)","5/46",0.942358819763112,0.999996292850528,0,0,0.541466074420832,0.0321463882999197,"MAPK9;PER1;CUEDC2;IL17D;PPARA"
"Response To Glucose (GO:0009749)","5/46",0.942358819763112,0.999996292850528,0,0,0.541466074420832,0.0321463882999197,"EIF2B5;EIF2B3;PRKAA2;KCNB1;PRKACA"
"Gland Development (GO:0048732)","9/74",0.943551413410015,0.999996292850528,0,0,0.614536446086664,0.0357072858813233,"TBX1;CEBPG;SIX1;COBL;PROX1;GFER;ARHGAP35;NKX3-1;SOD1"
"Negative Regulation Of Transport (GO:0051051)","4/39",0.944818047692513,0.999996292850528,0,0,0.50747965580345,0.0288060231209602,"PRKN;EGF;PACSIN3;CRYAB"
"Positive Regulation Of Cytokinesis (GO:0032467)","4/39",0.944818047692513,0.999996292850528,0,0,0.50747965580345,0.0288060231209602,"MAP10;SVIL;CENPV;CUL3"
"Regulation Of Nitric Oxide Biosynthetic Process (GO:0045428)","4/39",0.944818047692513,0.999996292850528,0,0,0.50747965580345,0.0288060231209602,"HSP90AB1;SMAD3;DDAH1;ROCK2"
"Positive Regulation Of Programmed Cell Death (GO:0043068)","36/245",0.945767896176663,0.999996292850528,0,0,0.763350624167087,0.0425629750274993,"MTCH2;FAF1;OMA1;FOXO3;PTPA;AIFM1;FRZB;FAM162A;C1QBP;ANKRD1;MAP3K20;SAP18;APBB1;MARK4;DNM1L;MOAP1;JUN;CRADD;UTP11;DAPK2;BNIP3;FZD9;DAB2IP;SCRIB;GADD45G;SOD1;MLLT11;BCL6;BIN1;NEURL1;BCL2;MAP3K10;SQSTM1;RNF122;PPID;ATF4"
"Negative Regulation Of Viral Process (GO:0048525)","7/61",0.947695041830189,0.999996292850528,0,0,0.575412701299226,0.0309126170809899,"MAVS;TNIP1;BANF1;PROX1;TRIM32;MID2;PITX3"
"ERBB Signaling Pathway (GO:0038127)","6/54",0.947925774656572,0.999996292850528,0,0,0.554915462230706,0.0296763664935339,"DGKD;CUL5;ERBB4;EGF;PTPN11;STUB1"
"Regulation Of Focal Adhesion Assembly (GO:0051893)","6/54",0.947925774656572,0.999996292850528,0,0,0.554915462230706,0.0296763664935339,"DUSP3;LIMCH1;ROCK2;TSC1;CLASP1;CLASP2"
"Ribosomal Large Subunit Biogenesis (GO:0042273)","6/54",0.947925774656572,0.999996292850528,0,0,0.554915462230706,0.0296763664935339,"MRPL20;SPATA5L1;NEDD4;MALSU1;RRP15;MDN1"
"Glycerophospholipid Biosynthetic Process (GO:0046474)","14/108",0.948027876272131,0.999996292850528,0,0,0.660749071075111,0.0352650843448636,"DGKD;PCYT2;MTMR3;PCYT1A;DGKB;PLA2G4C;INPPL1;HDHD5;AGPAT1;AGPAT3;GNPAT;INPP5J;PMPCA;GPAT3"
"Regulation Of Interleukin-2 Production (GO:0032663)","5/47",0.949132541903877,0.999996292850528,0,0,0.528541569299475,0.0275934773802853,"STOML2;HOMER2;PDE4D;HOMER3;HDAC9"
"Amide Transport (GO:0042886)","3/32",0.949718417591883,0.999996292850528,0,0,0.459400544959128,0.0237003550646143,"CPTP;AQP11;UPK3A"
"Cellular Nitrogen Compound Biosynthetic Process (GO:0044271)","3/32",0.949718417591883,0.999996292850528,0,0,0.459400544959128,0.0237003550646143,"ARG2;ASAH2;NOS1"
"Female Gamete Generation (GO:0007292)","3/32",0.949718417591883,0.999996292850528,0,0,0.459400544959128,0.0237003550646143,"NANOS1;GDF9;TOB2"
"Histone Lysine Methylation (GO:0034968)","3/32",0.949718417591883,0.999996292850528,0,0,0.459400544959128,0.0237003550646143,"BOD1;SMYD2;SMYD1"
"Negative Regulation Of G1/S Transition Of Mitotic Cell Cycle (GO:2000134)","3/32",0.949718417591883,0.999996292850528,0,0,0.459400544959128,0.0237003550646143,"WEE1;RBL1;FHL1"
"Phosphatidylinositol 3-Kinase Signaling (GO:0014065)","3/32",0.949718417591883,0.999996292850528,0,0,0.459400544959128,0.0237003550646143,"IRS1;C1QBP;NYAP2"
"Positive Regulation Of Synapse Assembly (GO:0051965)","3/32",0.949718417591883,0.999996292850528,0,0,0.459400544959128,0.0237003550646143,"SEMA4D;SLITRK4;EPHB1"
"Regulation Of Transcription By RNA Polymerase I (GO:0006356)","3/32",0.949718417591883,0.999996292850528,0,0,0.459400544959128,0.0237003550646143,"CARM1;MAF1;ATF4"
"Respiratory System Development (GO:0060541)","3/32",0.949718417591883,0.999996292850528,0,0,0.459400544959128,0.0237003550646143,"BAG6;POLR2D;PROX1"
"Transition Metal Ion Transport (GO:0000041)","3/32",0.949718417591883,0.999996292850528,0,0,0.459400544959128,0.0237003550646143,"SLC30A9;COX17;CUTC"
"Chromatin Remodeling (GO:0006338)","33/228",0.949992393689349,0.999996292850528,0,0,0.750008453085376,0.0384764094510738,"HDAC4;HDAC5;USP15;SMARCD3;SATB1;PWWP2B;SETD7;BABAM1;CECR2;PAK1;MTA1;BCL7A;RUVBL2;BCL7B;DPF3;SKP1;MBD3;CHTOP;KDM4B;PHF10;PARP2;MCRS1;TET1;SIRT2;UCHL5;TADA2B;KAT2B;TAF6L;PER1;POLE3;PADI2;HDGFL2;EZH1"
"Endoplasmic Reticulum To Golgi Vesicle-Mediated Transport (GO:0006888)","15/115",0.950191621185355,0.999996292850528,0,0,0.665404592673592,0.0339965907544546,"LMAN2L;STX17;SAR1B;CUL3;RAB1B;ATL2;USO1;MIA2;TRAPPC9;USE1;VAPB;YIPF7;PREB;TMED1;WHAMM"
"Regulation Of Phosphorylation (GO:0042325)","10/82",0.950194431622473,0.999996292850528,0,0,0.6163360330027,0.0314877761576952,"IKBKB;EGF;NDUFS4;TESK1;HSPB1;PIN1;AMH;ATG14;INHA;SIRT2"
"ERK1 And ERK2 Cascade (GO:0070371)","2/24",0.950983713821833,0.999996292850528,0,0,0.403779004977588,0.0202932632850835,"MAP2K2;EGF"
"Fc-gamma Receptor Signaling Pathway (GO:0038094)","2/24",0.950983713821833,0.999996292850528,0,0,0.403779004977588,0.0202932632850835,"PAK1;PLA2G6"
"Acylglycerol Catabolic Process (GO:0046464)","2/24",0.950983713821833,0.999996292850528,0,0,0.403779004977588,0.0202932632850835,"FAAH;PNPLA4"
"Acylglycerol Homeostasis (GO:0055090)","2/24",0.950983713821833,0.999996292850528,0,0,0.403779004977588,0.0202932632850835,"MLXIPL;MTLN"
"Amyloid Fibril Formation (GO:1990000)","2/24",0.950983713821833,0.999996292850528,0,0,0.403779004977588,0.0202932632850835,"PRKN;MAPT"
"Natural Killer Cell Mediated Cytotoxicity (GO:0042267)","2/24",0.950983713821833,0.999996292850528,0,0,0.403779004977588,0.0202932632850835,"CEBPG;PLEKHM2"
"Outflow Tract Septum Morphogenesis (GO:0003148)","2/24",0.950983713821833,0.999996292850528,0,0,0.403779004977588,0.0202932632850835,"TBX1;ZFPM2"
"Positive Regulation Of p38MAPK Cascade (GO:1900745)","2/24",0.950983713821833,0.999996292850528,0,0,0.403779004977588,0.0202932632850835,"PRMT1;GADD45G"
"Protein Exit From Endoplasmic Reticulum (GO:0032527)","2/24",0.950983713821833,0.999996292850528,0,0,0.403779004977588,0.0202932632850835,"NPLOC4;PREB"
"Protein Kinase B Signaling (GO:0043491)","2/24",0.950983713821833,0.999996292850528,0,0,0.403779004977588,0.0202932632850835,"TSC2;NKX3-1"
"Regulation Of AMPA Receptor Activity (GO:2000311)","2/24",0.950983713821833,0.999996292850528,0,0,0.403779004977588,0.0202932632850835,"MEF2C;NOL3"
"Regulation Of Execution Phase Of Apoptosis (GO:1900117)","2/24",0.950983713821833,0.999996292850528,0,0,0.403779004977588,0.0202932632850835,"MTRNR2L8;SIRT2"
"Regulation Of Neuroblast Proliferation (GO:1902692)","2/24",0.950983713821833,0.999996292850528,0,0,0.403779004977588,0.0202932632850835,"SMARCD3;HAPLN2"
"Response To Copper Ion (GO:0046688)","2/24",0.950983713821833,0.999996292850528,0,0,0.403779004977588,0.0202932632850835,"HSF1;ATP5F1D"
"Response To Hexose (GO:0009746)","2/24",0.950983713821833,0.999996292850528,0,0,0.403779004977588,0.0202932632850835,"EIF2B5;EIF2B3"
"Organic Anion Transport (GO:0015711)","11/89",0.951586255885962,0.999996292850528,0,0,0.625757957680404,0.031053203495291,"SLC22A3;CYB5R1;CPTP;SLCO5A1;CYB5RL;SLC2A4;SLC25A42;SLC25A23;SLC25A4;SLC25A25;SLC2A8"
"Positive Regulation Of Nucleic Acid-Templated Transcription (GO:1903508)","88/557",0.951765935446244,0.999996292850528,0,0,0.829982781846892,0.0410311454563821,"RET;ZNF496;MESP1;RNF10;CALCOCO1;SETD3;MSTN;RORC;AKR1B1;SIX1;SGF29;IKBKB;ZXDA;MED14;PPP3CB;SIX4;VPS72;RUVBL2;ZXDC;KAT8;CAPN3;NOS1;TEAD1;YAF2;CDK5RAP2;PITX3;NKX3-1;MAP2K3;NCOA1;MEF2C;MAP2K2;DYRK1A;TFEB;PAX3;DYRK1B;MITF;RGMB;UCHL5;JMJD6;KAT2B;TAF6L;PPM1A;KAT6B;THRAP3;MAPRE3;PPARA;ATF4;HDAC4;CEBPB;CASZ1;SMARCD3;FOXK2;MRPL12;FOXO3;RXRB;CAND2;RXRA;MTA1;ERBB4;TP53INP2;ATOH8;DVL3;TNNI2;PCBD2;APBB1;DMAP1;MAP2K7;PPARGC1A;MBD3;TBX1;JUN;SMAD3;EGF;MCRS1;ZBTB16;CNBP;SS18L1;ESRRB;NR1D2;HIPK2;MLLT11;TADA2B;MLXIPL;KANSL2;PITHD1;KANSL3;TAF7;RNF187"
"Cyclic-Nucleotide-Mediated Signaling (GO:0019935)","4/40",0.951798415088377,0.999996292850528,0,0,0.493352714938978,0.0243726184553219,"PDE4D;ADCY2;AKAP6;PDE7A"
"Positive Regulation Of Insulin Secretion (GO:0032024)","4/40",0.951798415088377,0.999996292850528,0,0,0.493352714938978,0.0243726184553219,"PPP3CB;POLR2D;PLA2G6;MCU"
"Protein Localization To Cilium (GO:0061512)","4/40",0.951798415088377,0.999996292850528,0,0,0.493352714938978,0.0243726184553219,"RABEP1;TTC21B;CFAP58;ATP6V1D"
"3'-UTR-mediated mRNA Destabilization (GO:0061158)","1/15",0.952395635274075,0.999996292850528,0,0,0.317324151882975,0.0154774053045696,"RBM24"
"N-acetylglucosamine Metabolic Process (GO:0006044)","1/15",0.952395635274075,0.999996292850528,0,0,0.317324151882975,0.0154774053045696,"LARGE1"
"Alpha-Beta T Cell Activation (GO:0046631)","1/15",0.952395635274075,0.999996292850528,0,0,0.317324151882975,0.0154774053045696,"STOML2"
"Cellular Response To Estrogen Stimulus (GO:0071391)","1/15",0.952395635274075,0.999996292850528,0,0,0.317324151882975,0.0154774053045696,"PELP1"
"Endoplasmic Reticulum To Cytosol Transport (GO:1903513)","1/15",0.952395635274075,0.999996292850528,0,0,0.317324151882975,0.0154774053045696,"NPLOC4"
"Folic Acid-Containing Compound Metabolic Process (GO:0006760)","1/15",0.952395635274075,0.999996292850528,0,0,0.317324151882975,0.0154774053045696,"MTRR"
"Gas Transport (GO:0015669)","1/15",0.952395635274075,0.999996292850528,0,0,0.317324151882975,0.0154774053045696,"MB"
"Glycosaminoglycan Catabolic Process (GO:0006027)","1/15",0.952395635274075,0.999996292850528,0,0,0.317324151882975,0.0154774053045696,"HYAL4"
"Intracellular Sterol Transport (GO:0032366)","1/15",0.952395635274075,0.999996292850528,0,0,0.317324151882975,0.0154774053045696,"VPS4A"
"Melanosome Transport (GO:0032402)","1/15",0.952395635274075,0.999996292850528,0,0,0.317324151882975,0.0154774053045696,"BBS2"
"miRNA Metabolic Process (GO:0010586)","1/15",0.952395635274075,0.999996292850528,0,0,0.317324151882975,0.0154774053045696,"TUT4"
"Mitotic Chromosome Condensation (GO:0007076)","1/15",0.952395635274075,0.999996292850528,0,0,0.317324151882975,0.0154774053045696,"TTN"
"Negative Regulation Of DNA Replication (GO:0008156)","1/15",0.952395635274075,0.999996292850528,0,0,0.317324151882975,0.0154774053045696,"TSPYL2"
"Negative Regulation Of Cell-Substrate Junction Organization (GO:0150118)","1/15",0.952395635274075,0.999996292850528,0,0,0.317324151882975,0.0154774053045696,"CLASP2"
"Negative Regulation Of Focal Adhesion Assembly (GO:0051895)","1/15",0.952395635274075,0.999996292850528,0,0,0.317324151882975,0.0154774053045696,"CLASP2"
"Negative Regulation Of Gluconeogenesis (GO:0045721)","1/15",0.952395635274075,0.999996292850528,0,0,0.317324151882975,0.0154774053045696,"PGPEP1"
"Negative Regulation Of Phagocytosis (GO:0050765)","1/15",0.952395635274075,0.999996292850528,0,0,0.317324151882975,0.0154774053045696,"DYSF"
"Negative Regulation Of Platelet Activation (GO:0010544)","1/15",0.952395635274075,0.999996292850528,0,0,0.317324151882975,0.0154774053045696,"PRKG1"
"Negative Regulation Of Telomere Maintenance (GO:0032205)","1/15",0.952395635274075,0.999996292850528,0,0,0.317324151882975,0.0154774053045696,"PARP1"
"Negative Regulation Of Type I Interferon-Mediated Signaling Pathway (GO:0060339)","1/15",0.952395635274075,0.999996292850528,0,0,0.317324151882975,0.0154774053045696,"CNOT7"
"Nucleotide-Sugar Biosynthetic Process (GO:0009226)","1/15",0.952395635274075,0.999996292850528,0,0,0.317324151882975,0.0154774053045696,"MPI"
"Oogenesis (GO:0048477)","1/15",0.952395635274075,0.999996292850528,0,0,0.317324151882975,0.0154774053045696,"NANOS1"
"Pigment Granule Transport (GO:0051904)","1/15",0.952395635274075,0.999996292850528,0,0,0.317324151882975,0.0154774053045696,"BBS2"
"Positive Regulation Of Immunoglobulin Mediated Immune Response (GO:0002891)","1/15",0.952395635274075,0.999996292850528,0,0,0.317324151882975,0.0154774053045696,"HMCES"
"Positive Regulation Of Isotype Switching (GO:0045830)","1/15",0.952395635274075,0.999996292850528,0,0,0.317324151882975,0.0154774053045696,"HMCES"
"Positive Regulation Of Syncytium Formation By Plasma Membrane Fusion (GO:0060143)","1/15",0.952395635274075,0.999996292850528,0,0,0.317324151882975,0.0154774053045696,"MYOD1"
"Presynapse Assembly (GO:0099054)","1/15",0.952395635274075,0.999996292850528,0,0,0.317324151882975,0.0154774053045696,"DVL1"
"Protein Localization To Chromosome, Telomeric Region (GO:0070198)","1/15",0.952395635274075,0.999996292850528,0,0,0.317324151882975,0.0154774053045696,"NABP2"
"Regulation Of Amyloid-Beta Clearance (GO:1900221)","1/15",0.952395635274075,0.999996292850528,0,0,0.317324151882975,0.0154774053045696,"SRF"
"Regulation Of Cholesterol Biosynthetic Process (GO:0045540)","1/15",0.952395635274075,0.999996292850528,0,0,0.317324151882975,0.0154774053045696,"SOD1"
"Regulation Of Granulocyte Macrophage Colony-Stimulating Factor Production (GO:0032645)","1/15",0.952395635274075,0.999996292850528,0,0,0.317324151882975,0.0154774053045696,"IL17D"
"Regulation Of Lipoprotein Lipase Activity (GO:0051004)","1/15",0.952395635274075,0.999996292850528,0,0,0.317324151882975,0.0154774053045696,"HDAC9"
"Regulation Of Monocyte Differentiation (GO:0045655)","1/15",0.952395635274075,0.999996292850528,0,0,0.317324151882975,0.0154774053045696,"HOXA7"
"Regulation Of rRNA Processing (GO:2000232)","1/15",0.952395635274075,0.999996292850528,0,0,0.317324151882975,0.0154774053045696,"KAT2B"
"Regulation Of Systemic Arterial Blood Pressure By Hormone (GO:0001990)","1/15",0.952395635274075,0.999996292850528,0,0,0.317324151882975,0.0154774053045696,"RASL10B"
"Renal Filtration (GO:0097205)","1/15",0.952395635274075,0.999996292850528,0,0,0.317324151882975,0.0154774053045696,"TMEM63C"
"Sphingolipid Catabolic Process (GO:0030149)","1/15",0.952395635274075,0.999996292850528,0,0,0.317324151882975,0.0154774053045696,"ASAH2"
"Stem Cell Development (GO:0048864)","1/15",0.952395635274075,0.999996292850528,0,0,0.317324151882975,0.0154774053045696,"TAPT1"
"Sympathetic Nervous System Development (GO:0048485)","1/15",0.952395635274075,0.999996292850528,0,0,0.317324151882975,0.0154774053045696,"GDNF"
"tRNA Wobble Base Modification (GO:0002097)","1/15",0.952395635274075,0.999996292850528,0,0,0.317324151882975,0.0154774053045696,"ELP5"
"tRNA Wobble Uridine Modification (GO:0002098)","1/15",0.952395635274075,0.999996292850528,0,0,0.317324151882975,0.0154774053045696,"ELP5"
"Cellular Response To Metal Ion (GO:0071248)","18/135",0.952782519181391,0.999996292850528,0,0,0.682310849205514,0.0330024259286159,"MEF2A;RYR1;PRKN;MEF2C;JUN;CAMK2D;PRKAA2;BNIP3;SLC41A1;ANK3;RYR3;MAPK9;RASA4;ITPKA;HSF1;PPIF;CAPN3;SCN5A"
"Positive Regulation Of Apoptotic Signaling Pathway (GO:2001235)","7/62",0.953250268233059,0.999996292850528,0,0,0.564915935128701,0.0270469315129562,"FIS1;PLEKHF1;CRADD;DAB2IP;DNM1L;TPD52L1;NKX3-1"
"Positive Regulation Of Phosphatidylinositol 3-Kinase Signaling (GO:0014068)","8/69",0.953396333866469,0.999996292850528,0,0,0.582058909042113,0.0277785178682909,"DDR1;CSF3;HAX1;MUSK;SEMA4D;EGF;NEDD4;NKX3-1"
"Cellular Response To Fibroblast Growth Factor Stimulus (GO:0044344)","6/55",0.953748231068255,0.999996292850528,0,0,0.543557264738456,0.0257404538246707,"TBX1;FGF16;FLRT3;PTPN11;FGFR4;FRS3"
"Response To Peptide Hormone (GO:0043434)","6/55",0.953748231068255,0.999996292850528,0,0,0.543557264738456,0.0257404538246707,"EIF2B5;STAT5B;EIF2B3;IRS1;ROCK2;TSC1"
"Endosomal Transport (GO:0016197)","25/180",0.955008623976906,0.999996292850528,0,0,0.715018392756084,0.0329158060717451,"ZFYVE9;WIPF3;VPS4A;WASH4P;RCSD1;ASB15;LAPTM4B;VPS51;CLTCL1;VPS52;TOM1;TBC1D17;AP5S1;WASHC1;RAB11FIP3;RILP;PLEKHJ1;LMTK2;EPS15L1;RAB10;RNF126;ALS2;TMCC1;SQSTM1;RAB9B"
"Chloride Transmembrane Transport (GO:1902476)","5/48",0.955175311671299,0.999996292850528,0,0,0.516218203951206,0.0236739645024881,"SLC26A9;SLC6A1;SLC1A7;ANO5;CLCN1"
"Regulation Of Protein Kinase B Signaling (GO:0051896)","18/136",0.956404574769386,0.999996292850528,0,0,0.676486818613926,0.030153899398441,"RET;CSF3;HSP90AB1;MSTN;EGF;TSC2;PARK7;RTN4;RASD2;PINK1;HAX1;PPP2R1A;C1QBP;DAG1;SPRY2;PPARA;MYORG;OTUD3"
"Negative Regulation Of Blood Vessel Endothelial Cell Migration (GO:0043537)","3/33",0.956689202670466,0.999996292850528,0,0,0.444059945504087,0.0196615100440277,"HDAC5;MEF2C;MAP2K5"
"Positive Regulation Of Epidermal Growth Factor Receptor Signaling Pathway (GO:0045742)","3/33",0.956689202670466,0.999996292850528,0,0,0.444059945504087,0.0196615100440277,"NEU3;DGKD;EGF"
"Positive Regulation Of Reproductive Process (GO:2000243)","3/33",0.956689202670466,0.999996292850528,0,0,0.444059945504087,0.0196615100440277,"C1QBP;TACR2;SIRT2"
"Regulation Of Lamellipodium Assembly (GO:0010591)","3/33",0.956689202670466,0.999996292850528,0,0,0.444059945504087,0.0196615100440277,"MSTN;AVIL;TWF2"
"Acylglycerol Metabolic Process (GO:0006639)","4/41",0.957957602393065,0.999996292850528,0,0,0.479989392499613,0.0206163884045456,"DGKD;CAV3;DGAT1;DGKB"
"Regulation Of Amide Metabolic Process (GO:0034248)","4/41",0.957957602393065,0.999996292850528,0,0,0.479989392499613,0.0206163884045456,"TSC1;MSI2;FOXO3;ELP5"
"Synaptic Vesicle Exocytosis (GO:0016079)","4/41",0.957957602393065,0.999996292850528,0,0,0.479989392499613,0.0206163884045456,"SNAP47;UNC13C;RAB3A;SNAPIN"
"Visual System Development (GO:0150063)","4/41",0.957957602393065,0.999996292850528,0,0,0.479989392499613,0.0206163884045456,"POLR2D;PBX1;FREM2;HIPK2"
"Positive Regulation Of Protein Serine/Threonine Kinase Activity (GO:0071902)","15/117",0.958025520136421,0.999996292850528,0,0,0.652277039848197,0.027970201987706,"MEF2C;MAP2K2;CAB39;EGF;DAB2IP;ADRB2;PROX1;TPD52L1;PKD1;RPTOR;NEK10;CALM3;MAPRE3;HRAS;MAP2K5"
"Negative Regulation Of Transforming Growth Factor Beta Receptor Signaling Pathway (GO:0030512)","9/77",0.958537347009857,0.999996292850528,0,0,0.587316176470588,0.0248709331982564,"PPM1A;FAM89B;BRMS1L;WFIKKN2;TET1;PIN1;SPRY2;STUB1;PPARA"
"Chemical Synaptic Transmission, Postsynaptic (GO:0099565)","2/25",0.958587196207671,0.999996292850528,0,0,0.386199708644724,0.0163342197827486,"GSK3A;MEF2C"
"Phosphatidylethanolamine Metabolic Process (GO:0046337)","2/25",0.958587196207671,0.999996292850528,0,0,0.386199708644724,0.0163342197827486,"PCYT2;PLA2G6"
"Positive Regulation Of Interleukin-2 Production (GO:0032743)","2/25",0.958587196207671,0.999996292850528,0,0,0.386199708644724,0.0163342197827486,"STOML2;PDE4D"
"Regulation Of Double-Strand Break Repair Via Nonhomologous End Joining (GO:2001032)","2/25",0.958587196207671,0.999996292850528,0,0,0.386199708644724,0.0163342197827486,"HSF1;SETMAR"
"Regulation Of Platelet Aggregation (GO:0090330)","2/25",0.958587196207671,0.999996292850528,0,0,0.386199708644724,0.0163342197827486,"PRKCQ;PRKG1"
"Response To Zinc Ion (GO:0010043)","2/25",0.958587196207671,0.999996292850528,0,0,0.386199708644724,0.0163342197827486,"SLC30A2;D2HGDH"
"Chromatin Organization (GO:0006325)","39/268",0.958857826327739,0.999996292850528,0,0,0.754425092467309,0.0316952593718363,"HDAC4;HDAC5;SMARCD3;SATB1;PWWP2B;HDAC11;SETD7;CECR2;CHAF1B;PAK1;HIRIP3;MTA1;BCL7A;RUVBL2;BCL7B;DPF3;KAT7;BANF1;HMGN3;SKP1;MBD3;CHTOP;KDM4B;PHF10;MCRS1;CBX1;TET1;UCHL5;NAP1L4;TADA2B;KAT2B;TAF6L;PER1;KAT6B;POLE3;PADI2;HDGFL2;EZH1;FAM50B"
"Nucleotide-Excision Repair (GO:0006289)","6/56",0.958975389249879,0.999996292850528,0,0,0.532653395145896,0.0223127800705881,"POLB;SLC30A9;POLL;RAD23A;POLR2I;RAD23B"
"post-Golgi Vesicle-Mediated Transport (GO:0006892)","6/56",0.958975389249879,0.999996292850528,0,0,0.532653395145896,0.0223127800705881,"RAB10;RABEP1;VPS52;VPS13A;EXOC4;EXOC6"
"Positive Regulation Of MAP Kinase Activity (GO:0043406)","11/91",0.960093594613897,0.999996292850528,0,0,0.610038913162206,0.0248435326979236,"MEF2C;PAK1;EGF;DAB2IP;NEK10;DVL3;MAP3K10;MAP2K7;TPD52L1;HRAS;MAP2K5"
"Regulation Of Epithelial Cell Proliferation (GO:0050678)","11/91",0.960093594613897,0.999996292850528,0,0,0.610038913162206,0.0248435326979236,"TBX1;FGF16;SIX4;HPN;DAB2IP;AQP11;SCN5A;OXSR1;HRAS;NKX3-1;BMP5"
"Regulation Of Canonical Wnt Signaling Pathway (GO:0060828)","29/207",0.960729977689581,0.999996292850528,0,0,0.722013406677438,0.0289252217102089,"AMER1;PRKN;AMER2;GSK3A;STK11;TMEM88;FRZB;RUVBL2;ZNF703;EMD;USP47;TLE2;TLE1;UBE2B;EGF;AMFR;NOG;FZD9;DAB2IP;FUZ;RNF146;PPM1A;GPRC5B;PPM1B;WNK2;HECW1;PIN1;LGR5;RNF220"
"Activation Of Cysteine-Type Endopeptidase Activity (GO:0097202)","1/16",0.961144378920486,0.999996292850528,0,0,0.296151053013798,0.0117366566814651,"CYCS"
"Autonomic Nervous System Development (GO:0048483)","1/16",0.961144378920486,0.999996292850528,0,0,0.296151053013798,0.0117366566814651,"GDNF"
"Cell Surface Receptor Signaling Pathway Involved In Heart Development (GO:0061311)","1/16",0.961144378920486,0.999996292850528,0,0,0.296151053013798,0.0117366566814651,"NOG"
"Establishment Of Melanosome Localization (GO:0032401)","1/16",0.961144378920486,0.999996292850528,0,0,0.296151053013798,0.0117366566814651,"BBS2"
"Establishment Of Protein Localization To Endoplasmic Reticulum (GO:0072599)","1/16",0.961144378920486,0.999996292850528,0,0,0.296151053013798,0.0117366566814651,"RAB10"
"Intracellular Cholesterol Transport (GO:0032367)","1/16",0.961144378920486,0.999996292850528,0,0,0.296151053013798,0.0117366566814651,"VPS4A"
"Intraciliary Anterograde Transport (GO:0035720)","1/16",0.961144378920486,0.999996292850528,0,0,0.296151053013798,0.0117366566814651,"TRAF3IP1"
"Male Meiosis I (GO:0007141)","1/16",0.961144378920486,0.999996292850528,0,0,0.296151053013798,0.0117366566814651,"ZSCAN21"
"Negative Regulation Of Chemokine Production (GO:0032682)","1/16",0.961144378920486,0.999996292850528,0,0,0.296151053013798,0.0117366566814651,"MAP2K5"
"Negative Regulation Of Cytokine Production Involved In Immune Response (GO:0002719)","1/16",0.961144378920486,0.999996292850528,0,0,0.296151053013798,0.0117366566814651,"CUEDC2"
"Negative Regulation Of Viral-Induced Cytoplasmic Pattern Recognition Receptor Signaling Pathway (GO:0039532)","1/16",0.961144378920486,0.999996292850528,0,0,0.296151053013798,0.0117366566814651,"NPLOC4"
"Neuron Projection Organization (GO:0106027)","1/16",0.961144378920486,0.999996292850528,0,0,0.296151053013798,0.0117366566814651,"PICK1"
"Nuclear Chromosome Segregation (GO:0098813)","1/16",0.961144378920486,0.999996292850528,0,0,0.296151053013798,0.0117366566814651,"KLHDC8B"
"Positive Regulation Of Cell Migration Involved In Sprouting Angiogenesis (GO:0090050)","1/16",0.961144378920486,0.999996292850528,0,0,0.296151053013798,0.0117366566814651,"HDAC9"
"Positive Regulation Of Positive Chemotaxis (GO:0050927)","1/16",0.961144378920486,0.999996292850528,0,0,0.296151053013798,0.0117366566814651,"VEGFB"
"Protein Alpha-1,2-Demannosylation (GO:0036508)","1/16",0.961144378920486,0.999996292850528,0,0,0.296151053013798,0.0117366566814651,"RNF5"
"Protein Localization To Endoplasmic Reticulum (GO:0070972)","1/16",0.961144378920486,0.999996292850528,0,0,0.296151053013798,0.0117366566814651,"GABARAPL2"
"Regulation Of B Cell Receptor Signaling Pathway (GO:0050855)","1/16",0.961144378920486,0.999996292850528,0,0,0.296151053013798,0.0117366566814651,"GPS2"
"Regulation Of NMDA Receptor Activity (GO:2000310)","1/16",0.961144378920486,0.999996292850528,0,0,0.296151053013798,0.0117366566814651,"MEF2C"
"Regulation Of Interleukin-1 Production (GO:0032652)","1/16",0.961144378920486,0.999996292850528,0,0,0.296151053013798,0.0117366566814651,"SAA1"
"Regulation Of Nucleocytoplasmic Transport (GO:0046822)","1/16",0.961144378920486,0.999996292850528,0,0,0.296151053013798,0.0117366566814651,"NEDD4"
"Regulation Of Osteoblast Proliferation (GO:0033688)","1/16",0.961144378920486,0.999996292850528,0,0,0.296151053013798,0.0117366566814651,"MN1"
"Regulation Of Plasminogen Activation (GO:0010755)","1/16",0.961144378920486,0.999996292850528,0,0,0.296151053013798,0.0117366566814651,"HPN"
"Regulation Of Presynapse Assembly (GO:1905606)","1/16",0.961144378920486,0.999996292850528,0,0,0.296151053013798,0.0117366566814651,"EIF4G1"
"Regulation Of Presynapse Organization (GO:0099174)","1/16",0.961144378920486,0.999996292850528,0,0,0.296151053013798,0.0117366566814651,"EIF4G1"
"Regulation Of Secretion (GO:0051046)","1/16",0.961144378920486,0.999996292850528,0,0,0.296151053013798,0.0117366566814651,"EGF"
"Regulation Of Synaptic Transmission, GABAergic (GO:0032228)","1/16",0.961144378920486,0.999996292850528,0,0,0.296151053013798,0.0117366566814651,"USP46"
"Retinal Metabolic Process (GO:0042574)","1/16",0.961144378920486,0.999996292850528,0,0,0.296151053013798,0.0117366566814651,"BCO2"
"Reverse Cholesterol Transport (GO:0043691)","1/16",0.961144378920486,0.999996292850528,0,0,0.296151053013798,0.0117366566814651,"ABCA5"
"Ruffle Organization (GO:0031529)","1/16",0.961144378920486,0.999996292850528,0,0,0.296151053013798,0.0117366566814651,"TPM1"
"Vasculature Development (GO:0001944)","1/16",0.961144378920486,0.999996292850528,0,0,0.296151053013798,0.0117366566814651,"STK11"
"Negative Regulation Of Cellular Response To Growth Factor Stimulus (GO:0090288)","8/71",0.962524159442382,0.999996292850528,0,0,0.563511552870352,0.0215239506210706,"GPC1;NEDD4;NOG;DAB2IP;SPRY3;UBE2D1;SPRY2;HIPK2"
"Regulation Of Cilium Assembly (GO:1902017)","8/71",0.962524159442382,0.999996292850528,0,0,0.563511552870352,0.0215239506210706,"RABGAP1;TESK1;TBC1D8;FUZ;EVI5L;MARK4;TBC1D17;TAPT1"
"Regulation Of Innate Immune Response (GO:0045088)","9/78",0.962677509394121,0.999996292850528,0,0,0.578768748813366,0.0220145137377018,"PPP6C;AKIRIN2;PARP1;CDC37;POLR3D;SH2D1B;BANF1;PTPN11;CEP63"
"Cellular Response To Amyloid-Beta (GO:1904646)","3/34",0.962745795463839,0.999996292850528,0,0,0.42970906214292,0.0163142799000944,"CACNB1;CACNA2D1;ADRB2"
"Cellular Response To Hydrogen Peroxide (GO:0070301)","3/34",0.962745795463839,0.999996292850528,0,0,0.42970906214292,0.0163142799000944,"OSER1;PPIF;FXN"
"Positive Regulation Of Transcription By RNA Polymerase I (GO:0045943)","3/34",0.962745795463839,0.999996292850528,0,0,0.42970906214292,0.0163142799000944,"CARM1;MTOR;ATF4"
"Endocytic Recycling (GO:0032456)","7/64",0.962797584623125,0.999996292850528,0,0,0.545027325542443,0.0206631205366113,"VPS51;WIPF3;VPS52;LMTK2;WASH4P;WASHC1;RAB11FIP3"
"DNA Integrity Checkpoint Signaling (GO:0031570)","4/42",0.963381426558374,0.999996292850528,0,0,0.467329402820215,0.0174341271573838,"MAP3K20;SETMAR;CEP63;USP28"
"Ceramide Biosynthetic Process (GO:0046513)","4/42",0.963381426558374,0.999996292850528,0,0,0.467329402820215,0.0174341271573838,"ASAH2;ST8SIA2;GDF1;B4GALNT1"
"Determination Of Heart Left/Right Asymmetry (GO:0061371)","4/42",0.963381426558374,0.999996292850528,0,0,0.467329402820215,0.0174341271573838,"MESP1;MEF2C;SRF;DVL1"
"Embryonic Heart Tube Morphogenesis (GO:0003143)","4/42",0.963381426558374,0.999996292850528,0,0,0.467329402820215,0.0174341271573838,"MESP1;MEF2C;SRF;DVL1"
"Positive Regulation Of Apoptotic Process (GO:0043065)","39/270",0.963491954979647,0.999996292850528,0,0,0.74780035594565,0.0278115484405667,"MTCH2;FAF1;OMA1;FOXO3;PTPA;AIFM1;FRZB;FAM162A;C1QBP;ANKRD1;MAP3K20;SAP18;APBB1;DNM1L;NKX3-1;MOAP1;JUN;CRADD;UTP11;DAPK2;BNIP3;FZD9;DAB2IP;SCRIB;TPD52L1;SIRT2;GADD45G;SOD1;MLLT11;BCL6;BIN1;CARM1;NEURL1;BCL2;MAP3K10;SQSTM1;RNF122;PPID;ATF4"
"Negative Regulation Of Defense Response (GO:0031348)","14/112",0.963500983742337,0.999996292850528,0,0,0.633623550540741,0.0235592451982321,"PARP1;FEM1A;TRAF3IP1;GPS2;FXR1;PPP6C;PPM1B;SHARPIN;C1QBP;SAA1;BANF1;CEP63;PPARA;TRIM45"
"Regulation Of Protein Serine/Threonine Kinase Activity (GO:0071900)","14/112",0.963500983742337,0.999996292850528,0,0,0.633623550540741,0.0235592451982321,"MAP2K2;CAB39;TESK1;DAB2IP;ADRB2;RPTOR;SLC8A3;FGF16;CDC37;CCNG1;CALM3;MNAT1;PPEF2;HRAS"
"Small GTPase Mediated Signal Transduction (GO:0007264)","14/112",0.963500983742337,0.999996292850528,0,0,0.633623550540741,0.0235592451982321,"RRAD;RRAS2;PARK7;CRKL;CNKSR2;MRAS;DOK5;ORC3;G3BP2;RAPGEF1;RGL2;HRAS;SOS2;RALGPS1"
"DNA-templated Transcription Elongation (GO:0006354)","2/26",0.96505189333489,0.999996292850528,0,0,0.370085353672932,0.0131651956572564,"TCEA2;RTF1"
"Wnt Signaling Pathway, Planar Cell Polarity Pathway (GO:0060071)","2/26",0.96505189333489,0.999996292850528,0,0,0.370085353672932,0.0131651956572564,"DVL1;DVL3"
"Acute Inflammatory Response (GO:0002526)","2/26",0.96505189333489,0.999996292850528,0,0,0.370085353672932,0.0131651956572564,"CEBPB;MYLK3"
"Calcium-Ion Regulated Exocytosis (GO:0017156)","2/26",0.96505189333489,0.999996292850528,0,0,0.370085353672932,0.0131651956572564,"PPP3CB;RAB3A"
"Cell-Cell Adhesion Mediated By Cadherin (GO:0044331)","2/26",0.96505189333489,0.999996292850528,0,0,0.370085353672932,0.0131651956572564,"CDH4;CDH15"
"miRNA-mediated Gene Silencing (GO:0035195)","2/26",0.96505189333489,0.999996292850528,0,0,0.370085353672932,0.0131651956572564,"CNOT7;EIF4G1"
"Negative Regulation Of Receptor-Mediated Endocytosis (GO:0048261)","2/26",0.96505189333489,0.999996292850528,0,0,0.370085353672932,0.0131651956572564,"ANKRD13B;NEU3"
"Nucleic Acid Phosphodiester Bond Hydrolysis (GO:0090305)","2/26",0.96505189333489,0.999996292850528,0,0,0.370085353672932,0.0131651956572564,"DDX1;SETMAR"
"Positive Regulation Of Nuclear Division (GO:0051785)","2/26",0.96505189333489,0.999996292850528,0,0,0.370085353672932,0.0131651956572564,"EGF;SIRT2"
"Positive Regulation Of Phosphatidylinositol 3-Kinase Activity (GO:0043552)","2/26",0.96505189333489,0.999996292850528,0,0,0.370085353672932,0.0131651956572564,"IRS1;ATG14"
"Regulation Of Keratinocyte Differentiation (GO:0045616)","2/26",0.96505189333489,0.999996292850528,0,0,0.370085353672932,0.0131651956572564,"ROCK2;HOXA7"
"Intracellular Iron Ion Homeostasis (GO:0006879)","5/50",0.965336883092983,0.999996292850528,0,0,0.493214588634436,0.0173996917859237,"HJV;ABCB7;FXN;ISCU;SOD1"
"Mitotic Metaphase Plate Congression (GO:0007080)","5/50",0.965336883092983,0.999996292850528,0,0,0.493214588634436,0.0173996917859237,"BOD1;CUL3;VPS4A;RMDN1;CHMP6"
"Regulation Of Epithelial Cell Migration (GO:0010632)","5/50",0.965336883092983,0.999996292850528,0,0,0.493214588634436,0.0173996917859237,"DAB2IP;RTN4;CLASP1;PFN2;CLASP2"
"Regulation Of Interferon-Beta Production (GO:0032648)","5/50",0.965336883092983,0.999996292850528,0,0,0.493214588634436,0.0173996917859237,"TOMM70;PPM1B;MAVS;POLR3D;PTPN11"
"Negative Regulation Of Apoptotic Process (GO:0043066)","74/482",0.965424894338831,0.999996292850528,0,0,0.802242180562139,0.0282284711668329,"AVEN;CNTFR;ZFAND6;ARAF;HSPB1;SIX1;PARK7;MTRNR2L8;TRIAP1;PHB2;RNF157;OPA1;SIX4;AKT2;PDK4;MLST8;MYO18A;CAPN3;AMH;USP47;MEF2C;TLE1;CSNK2A1;TSC22D1;OXSR1;SUPV3L1;RNF144B;HAX1;PAX7;PPIF;NAA35;VDAC1;RAF1;CRYAB;FXN;PRKN;ASAH2;PRKAA2;MAPKAP1;GLO1;HPN;PSEN2;NOL3;HIGD1A;PRDX3;NTF4;PRDX2;PRDX5;DNAJB6;BAG3;ERBB4;BAG1;PPARGC1A;MAP2K5;TBX1;HSPA9;IGBP1;SEMA4D;BNIP3;FZD9;HIPK3;MTOR;HIGD2A;SOD1;SH3RF2;PINK1;COPS5;GDNF;DNAJA3;BCL2;SPRY2;TPT1;CPEB4;LAMTOR5"
"Vesicle-Mediated Transport (GO:0016192)","62/411",0.966520280477697,0.999996292850528,0,0,0.786069943875725,0.0267680375440012,"RAB3A;PLEKHF1;ZFYVE9;WIPF3;INPPL1;MIA2;GOLGA4;KIF13A;TOM1;KIF1C;AP3S2;KIF1B;BVES;AP5S1;WASHC1;TRIM23;AKTIP;TSC2;SCRIB;EPS15L1;ATG14;ANK1;EPN1;RABEP1;ALS2;TBC1D4;BIN1;MYL1;LRRC7;EXOC4;EXOC3;EXOC6;CHMP6;SQSTM1;RHOQ;SNAP47;SPTBN4;RAB5B;STX17;VPS4A;WASH4P;ADRB2;TRAK1;KALRN;RHOBTB1;RHOBTB2;CECR2;VPS51;RILP;RAB11FIP3;RAB4A;RPH3AL;SNAPIN;CAV3;VTA1;RAB10;HOOK2;RAB12;OCIAD1;TMCC1;OSBPL1A;CDK16"
"Positive Regulation Of Cellular Component Organization (GO:0051130)","14/113",0.966666224651188,0.999996292850528,0,0,0.62718466435329,0.0212628200936575,"SH3GLB1;CAMK2B;SLF2;ICE1;ABCB7;FAF1;BNIP3;DAB2IP;AKR1B1;PARK7;MTLN;CHAF1B;NEURL1;CBLL1"
"Regulation Of Cell-Matrix Adhesion (GO:0001952)","7/65",0.966875005304449,0.999996292850528,0,0,0.535597381342062,0.0180421613292694,"DUSP3;LIMCH1;ROCK2;TSC1;NF2;HOXA7;CLASP1"
"Protein Localization (GO:0008104)","52/351",0.966994377771129,0.999996292850528,0,0,0.769808964614627,0.025836788538808,"C17ORF75;SNX13;CSRP3;KIF13A;TIMM17A;CAPN3;TIMM17B;EIF2D;TMED1;TRIM23;CEP68;AKTIP;ATG9A;PAM16;VPS13A;TIMM23;TSC2;WIPI1;ANK3;TIMM21;PACS2;RRAGB;PARD3;RRAGD;PEX5;PICK1;ULK1;MAPRE3;SQSTM1;ATG4D;RAB5B;STX17;SAR1B;RAB1B;USO1;DNAJC27;TIMM50;RAB21;GRPEL1;NPHP1;MFN2;DMD;SEC31B;BBS2;DNAJC19;HSPA9;CAV3;TIMM44;PEX13;PEX14;REEP1;HOOK2"
"Eye Development (GO:0001654)","6/58",0.967850270357957,0.999996292850528,0,0,0.512103794759917,0.0167344679156119,"POLR2D;PITX2;PRSS56;FREM2;PBX1;HIPK2"
"Inorganic Anion Transport (GO:0015698)","6/58",0.967850270357957,0.999996292850528,0,0,0.512103794759917,0.0167344679156119,"CLCN4;FXYD1;SLC26A9;ANO5;SLC25A11;CLCN1"
"Adherens Junction Organization (GO:0034332)","3/35",0.967998062479377,0.999996292850528,0,0,0.416255108991826,0.0135387778731035,"CDH4;ZNF703;CDH15"
"Platelet Aggregation (GO:0070527)","3/35",0.967998062479377,0.999996292850528,0,0,0.416255108991826,0.0135387778731035,"GNAS;HSPB1;MYL12A"
"Positive Regulation Of Mitotic Nuclear Division (GO:0045840)","3/35",0.967998062479377,0.999996292850528,0,0,0.416255108991826,0.0135387778731035,"EGF;CUL3;ANAPC5"
"Positive Regulation Of Substrate Adhesion-Dependent Cell Spreading (GO:1900026)","3/35",0.967998062479377,0.999996292850528,0,0,0.416255108991826,0.0135387778731035,"C1QBP;TESK1;CRKL"
"Regulation Of Regulated Secretory Pathway (GO:1903305)","3/35",0.967998062479377,0.999996292850528,0,0,0.416255108991826,0.0135387778731035,"RPH3AL;RAB3A;SNAPIN"
"Regulatory ncRNA Processing (GO:0070918)","3/35",0.967998062479377,0.999996292850528,0,0,0.416255108991826,0.0135387778731035,"ANKRD34A;PRKRA;MAEL"
"Regulation Of Filopodium Assembly (GO:0051489)","4/43",0.968148669476716,0.999996292850528,0,0,0.455318643380786,0.0147384911592869,"FXR1;FXR2;NEURL1;RHOQ"
"G Protein-Coupled Acetylcholine Receptor Signaling Pathway (GO:0007213)","1/17",0.968285555710759,0.999996292850528,0,0,0.277624591503268,0.00894735186471112,"GNA11"
"Base Conversion Or Substitution Editing (GO:0016553)","1/17",0.968285555710759,0.999996292850528,0,0,0.277624591503268,0.00894735186471112,"APOBEC2"
"Cell Migration Involved In Sprouting Angiogenesis (GO:0002042)","1/17",0.968285555710759,0.999996292850528,0,0,0.277624591503268,0.00894735186471112,"SRF"
"Cellular Response To dsRNA (GO:0071359)","1/17",0.968285555710759,0.999996292850528,0,0,0.277624591503268,0.00894735186471112,"MAVS"
"Cellular Response To Glucocorticoid Stimulus (GO:0071385)","1/17",0.968285555710759,0.999996292850528,0,0,0.277624591503268,0.00894735186471112,"KLF9"
"Embryonic Axis Specification (GO:0000578)","1/17",0.968285555710759,0.999996292850528,0,0,0.277624591503268,0.00894735186471112,"MESP1"
"Epoxygenase P450 Pathway (GO:0019373)","1/17",0.968285555710759,0.999996292850528,0,0,0.277624591503268,0.00894735186471112,"CYP2J2"
"Growth Hormone Receptor Signaling Pathway (GO:0060396)","1/17",0.968285555710759,0.999996292850528,0,0,0.277624591503268,0.00894735186471112,"STAT5B"
"Leukocyte Tethering Or Rolling (GO:0050901)","1/17",0.968285555710759,0.999996292850528,0,0,0.277624591503268,0.00894735186471112,"MADCAM1"
"Microtubule Depolymerization (GO:0007019)","1/17",0.968285555710759,0.999996292850528,0,0,0.277624591503268,0.00894735186471112,"CKAP5"
"Myeloid Cell Activation Involved In Immune Response (GO:0002275)","1/17",0.968285555710759,0.999996292850528,0,0,0.277624591503268,0.00894735186471112,"DYSF"
"Negative Regulation Of Ubiquitin-Protein Transferase Activity (GO:0051444)","1/17",0.968285555710759,0.999996292850528,0,0,0.277624591503268,0.00894735186471112,"PARK7"
"Neuron Maturation (GO:0042551)","1/17",0.968285555710759,0.999996292850528,0,0,0.277624591503268,0.00894735186471112,"PICK1"
"Positive Regulation By Host Of Viral Process (GO:0044794)","1/17",0.968285555710759,0.999996292850528,0,0,0.277624591503268,0.00894735186471112,"PAIP1"
"Positive Regulation Of SMAD Protein Signal Transduction (GO:0060391)","1/17",0.968285555710759,0.999996292850528,0,0,0.277624591503268,0.00894735186471112,"SH2B1"
"Positive Regulation Of Cell Adhesion Mediated By Integrin (GO:0033630)","1/17",0.968285555710759,0.999996292850528,0,0,0.277624591503268,0.00894735186471112,"RET"
"Positive Regulation Of Lymphocyte Chemotaxis (GO:0140131)","1/17",0.968285555710759,0.999996292850528,0,0,0.277624591503268,0.00894735186471112,"OXSR1"
"Positive Regulation Of Macrophage Derived Foam Cell Differentiation (GO:0010744)","1/17",0.968285555710759,0.999996292850528,0,0,0.277624591503268,0.00894735186471112,"MAPK9"
"Positive Regulation Of Nitric-Oxide Synthase Activity (GO:0051000)","1/17",0.968285555710759,0.999996292850528,0,0,0.277624591503268,0.00894735186471112,"S100A1"
"Protein Localization To Centrosome (GO:0071539)","1/17",0.968285555710759,0.999996292850528,0,0,0.277624591503268,0.00894735186471112,"NUDCD3"
"rRNA Transcription (GO:0009303)","1/17",0.968285555710759,0.999996292850528,0,0,0.277624591503268,0.00894735186471112,"GTF3C6"
"Regulation Of Adenylate Cyclase Activity (GO:0045761)","1/17",0.968285555710759,0.999996292850528,0,0,0.277624591503268,0.00894735186471112,"STIM1"
"Regulation Of Cellular Respiration (GO:0043457)","1/17",0.968285555710759,0.999996292850528,0,0,0.277624591503268,0.00894735186471112,"ARL2"
"Regulation Of Glucose Transmembrane Transport (GO:0010827)","1/17",0.968285555710759,0.999996292850528,0,0,0.277624591503268,0.00894735186471112,"RTN2"
"Regulation Of Ubiquitin Protein Ligase Activity (GO:1904666)","1/17",0.968285555710759,0.999996292850528,0,0,0.277624591503268,0.00894735186471112,"SKP1"
"Retrograde Protein Transport, ER To Cytosol (GO:0030970)","1/17",0.968285555710759,0.999996292850528,0,0,0.277624591503268,0.00894735186471112,"NPLOC4"
"Transepithelial Transport (GO:0070633)","1/17",0.968285555710759,0.999996292850528,0,0,0.277624591503268,0.00894735186471112,"ABCC2"
"Positive Regulation Of Protein Localization To Plasma Membrane (GO:1903078)","5/51",0.969578471557041,0.999996292850528,0,0,0.482462898866815,0.014905144794416,"CNST;ARHGEF16;STAC3;ZDHHC2;SQSTM1"
"Regulation Of Telomere Maintenance Via Telomerase (GO:0032210)","5/51",0.969578471557041,0.999996292850528,0,0,0.482462898866815,0.014905144794416,"TNIP1;PRKCQ;CCT7;MAP2K7;SMG5"
"Response To Endoplasmic Reticulum Stress (GO:0034976)","14/114",0.969584865637064,0.999996292850528,0,0,0.620874555889587,0.0191771216963941,"EIF2B5;PRKN;JUN;CEBPB;DAB2IP;ATP2A2;ATP2A1;RNF5;USP19;BAG6;AIFM1;BCL2;UBXN6;ATF4"
"Protein Glycosylation (GO:0006486)","19/147",0.969832298310172,0.999996292850528,0,0,0.658056667350848,0.0201576647283138,"B3GALNT2;GAL3ST1;ST6GALNAC2;ENTPD5;ST8SIA2;GALNT17;TET1;POMGNT2;TRAK1;POMGNT1;B4GAT1;PSMD2;B3GNT5;B3GALT1;ST8SIA5;AQP11;GALNTL6;LARGE1;ST3GAL3"
"Neuron Projection Development (GO:0031175)","26/192",0.970050250046766,0.999996292850528,0,0,0.694061136236748,0.0211045978245645,"CDNF;NYAP2;PPP1R9A;NOL3;ARHGAP35;CAMSAP1;NTF4;PAK1;UBB;FLRT3;TMEM108;MAP4;EPHB1;SLC25A46;LGI1;SNAPIN;PRMT1;DAB2IP;GDNF;ALS2;NEDD4;ULK1;TNIK;MAPT;ATXN10;CDK16"
"Sphingolipid Metabolic Process (GO:0006665)","11/94",0.970370262393474,0.999996292850528,0,0,0.587880741973903,0.0176820221173651,"NEU3;HACD1;GAL3ST1;ASAH2;PPP2R1A;CPTP;TECR;GDF1;B4GALNT1;TEX2;GBA2"
"Vesicle Organization (GO:0016050)","11/94",0.970370262393474,0.999996292850528,0,0,0.587880741973903,0.0176820221173651,"LAPTM4B;PLEKHF1;ALS2;STX17;HOOK2;SAR1B;VPS4A;TRAPPC9;CHMP6;SQSTM1;PLEKHJ1"
"GPI Anchor Metabolic Process (GO:0006505)","2/27",0.970539505842311,0.999996292850528,0,0,0.355260147098883,0.0106234047547846,"TP53INP2;PIGZ"
"mRNA Modification (GO:0016556)","2/27",0.970539505842311,0.999996292850528,0,0,0.355260147098883,0.0106234047547846,"RPUSD4;CBLL1"
"Myeloid Cell Development (GO:0061515)","2/27",0.970539505842311,0.999996292850528,0,0,0.355260147098883,0.0106234047547846,"CEBPB;ALAS1"
"Negative Regulation Of Neurogenesis (GO:0050768)","2/27",0.970539505842311,0.999996292850528,0,0,0.355260147098883,0.0106234047547846,"DPYSL5;RUFY3"
"Positive Regulation Of Filopodium Assembly (GO:0051491)","2/27",0.970539505842311,0.999996292850528,0,0,0.355260147098883,0.0106234047547846,"NEURL1;RHOQ"
"Positive Regulation Of Immune System Process (GO:0002684)","2/27",0.970539505842311,0.999996292850528,0,0,0.355260147098883,0.0106234047547846,"C8G;MADCAM1"
"Regulation Of SMAD Protein Signal Transduction (GO:0060390)","2/27",0.970539505842311,0.999996292850528,0,0,0.355260147098883,0.0106234047547846,"FAM89B;SH2B1"
"Regulation Of Androgen Receptor Signaling Pathway (GO:0060765)","2/27",0.970539505842311,0.999996292850528,0,0,0.355260147098883,0.0106234047547846,"PARK7;PIAS2"
"Regulation Of Catecholamine Secretion (GO:0050433)","2/27",0.970539505842311,0.999996292850528,0,0,0.355260147098883,0.0106234047547846,"PRKN;KCNB1"
"Regulation Of Transcription Regulatory Region DNA Binding (GO:2000677)","2/27",0.970539505842311,0.999996292850528,0,0,0.355260147098883,0.0106234047547846,"PARK7;RNF220"
"Cellular Response To Ketone (GO:1901655)","4/44",0.9723312834422,0.999996292850528,0,0,0.443908421913328,0.012455495902837,"ROCK2;KLF9;AKR1B1;ADCY2"
"Mitotic Spindle Assembly (GO:0090307)","4/44",0.9723312834422,0.999996292850528,0,0,0.443908421913328,0.012455495902837,"MAP10;ABRAXAS1;CLASP1;CLASP2"
"Positive Regulation Of Cytokine-Mediated Signaling Pathway (GO:0001961)","4/44",0.9723312834422,0.999996292850528,0,0,0.443908421913328,0.012455495902837,"PRKN;MAVS;TRIM41;AGPAT1"
"Blood Vessel Diameter Maintenance (GO:0097746)","3/36",0.972544648759038,0.999996292850528,0,0,0.403616546940798,0.0112363993999721,"ROCK2;NOS1;GCLM"
"Receptor Signaling Pathway Via JAK-STAT (GO:0007259)","3/36",0.972544648759038,0.999996292850528,0,0,0.403616546940798,0.0112363993999721,"STAT5B;SOCS6;PKD1"
"tRNA Methylation (GO:0030488)","3/36",0.972544648759038,0.999996292850528,0,0,0.403616546940798,0.0112363993999721,"THUMPD2;TRMT13;TRMT1L"
"Positive Regulation Of Transmembrane Receptor Protein Serine/Threonine Kinase Signaling Pathway (GO:0090100)","11/95",0.973224274706359,0.999996292850528,0,0,0.580846401914125,0.0157645925778552,"GDF9;STK11;HSP90AB1;MSTN;GDF1;INHA;ACVR2B;SH2B1;BMP5;HIPK2;INHBE"
"Rho Protein Signal Transduction (GO:0007266)","5/52",0.973334772322585,0.999996292850528,0,0,0.47216872781271,0.0127613957957106,"ROCK2;ARHGDIG;ARHGAP35;RHOBTB1;RHOBTB2"
"Cartilage Development (GO:0051216)","5/52",0.973334772322585,0.999996292850528,0,0,0.47216872781271,0.0127613957957106,"MEF2C;ZBTB16;OXSR1;SOX6;PKD1"
"Cellular Response To Ionizing Radiation (GO:0071479)","5/52",0.973334772322585,0.999996292850528,0,0,0.47216872781271,0.0127613957957106,"HSF1;TLK2;MAP3K20;HRAS;CRYAB"
"Sprouting Angiogenesis (GO:0002040)","5/52",0.973334772322585,0.999996292850528,0,0,0.47216872781271,0.0127613957957106,"SRF;VEGFB;RSPO3;JMJD6;E2F8"
"Protein Secretion (GO:0009306)","7/67",0.973831958226265,0.999996292850528,0,0,0.517680487361338,0.0137270838125922,"RAB3A;NECAB3;RAB12;MIA2;PREB;PARK7;CAMK2G"
"T-helper Cell Differentiation (GO:0042093)","1/18",0.974114486282291,0.999996292850528,0,0,0.261277713699859,0.00685238424586121,"RORC"
"Antigen Processing And Presentation Of Peptide Antigen Via MHC Class I (GO:0002474)","1/18",0.974114486282291,0.999996292850528,0,0,0.261277713699859,0.00685238424586121,"SAR1B"
"Associative Learning (GO:0008306)","1/18",0.974114486282291,0.999996292850528,0,0,0.261277713699859,0.00685238424586121,"SLC6A1"
"Cell Junction Maintenance (GO:0034331)","1/18",0.974114486282291,0.999996292850528,0,0,0.261277713699859,0.00685238424586121,"CHCHD10"
"Cellular Response To Inorganic Substance (GO:0071241)","1/18",0.974114486282291,0.999996292850528,0,0,0.261277713699859,0.00685238424586121,"DDI2"
"Dendritic Cell Migration (GO:0036336)","1/18",0.974114486282291,0.999996292850528,0,0,0.261277713699859,0.00685238424586121,"ASB2"
"Icosanoid Biosynthetic Process (GO:0046456)","1/18",0.974114486282291,0.999996292850528,0,0,0.261277713699859,0.00685238424586121,"MGST3"
"Lysosomal Lumen Acidification (GO:0007042)","1/18",0.974114486282291,0.999996292850528,0,0,0.261277713699859,0.00685238424586121,"ATP6V1D"
"Maintenance Of Gastrointestinal Epithelium (GO:0030277)","1/18",0.974114486282291,0.999996292850528,0,0,0.261277713699859,0.00685238424586121,"POLR2D"
"Melanosome Assembly (GO:1903232)","1/18",0.974114486282291,0.999996292850528,0,0,0.261277713699859,0.00685238424586121,"AP3S2"
"Melanosome Localization (GO:0032400)","1/18",0.974114486282291,0.999996292850528,0,0,0.261277713699859,0.00685238424586121,"BBS2"
"Mesenchyme Morphogenesis (GO:0072132)","1/18",0.974114486282291,0.999996292850528,0,0,0.261277713699859,0.00685238424586121,"NOG"
"Myoblast Fusion (GO:0007520)","1/18",0.974114486282291,0.999996292850528,0,0,0.261277713699859,0.00685238424586121,"NOS1"
"Negative Regulation Of DNA-templated Transcription, Elongation (GO:0032785)","1/18",0.974114486282291,0.999996292850528,0,0,0.261277713699859,0.00685238424586121,"PARP1"
"Negative Regulation Of Lipid Catabolic Process (GO:0050995)","1/18",0.974114486282291,0.999996292850528,0,0,0.261277713699859,0.00685238424586121,"PLIN5"
"Negative Regulation Of Lipid Storage (GO:0010888)","1/18",0.974114486282291,0.999996292850528,0,0,0.261277713699859,0.00685238424586121,"PPARA"
"Nucleosome Disassembly (GO:0006337)","1/18",0.974114486282291,0.999996292850528,0,0,0.261277713699859,0.00685238424586121,"SMARCD3"
"Positive Regulation Of CREB Transcription Factor Activity (GO:0032793)","1/18",0.974114486282291,0.999996292850528,0,0,0.261277713699859,0.00685238424586121,"RPS6KA5"
"Positive Regulation Of G Protein-Coupled Receptor Signaling Pathway (GO:0045745)","1/18",0.974114486282291,0.999996292850528,0,0,0.261277713699859,0.00685238424586121,"GSK3A"
"Positive Regulation Of Chromosome Segregation (GO:0051984)","1/18",0.974114486282291,0.999996292850528,0,0,0.261277713699859,0.00685238424586121,"SIRT2"
"Positive Regulation Of Focal Adhesion Assembly (GO:0051894)","1/18",0.974114486282291,0.999996292850528,0,0,0.261277713699859,0.00685238424586121,"TSC1"
"Positive Regulation Of Macrophage Migration (GO:1905523)","1/18",0.974114486282291,0.999996292850528,0,0,0.261277713699859,0.00685238424586121,"MSTN"
"Positive Regulation Of Stress-Activated Protein Kinase Signaling Cascade (GO:0070304)","1/18",0.974114486282291,0.999996292850528,0,0,0.261277713699859,0.00685238424586121,"STK25"
"Protein Localization To Chromosome, Centromeric Region (GO:0071459)","1/18",0.974114486282291,0.999996292850528,0,0,0.261277713699859,0.00685238424586121,"BOD1"
"Regulation Of Adaptive Immune Response (GO:0002819)","1/18",0.974114486282291,0.999996292850528,0,0,0.261277713699859,0.00685238424586121,"AKIRIN2"
"Regulation Of Cell Cycle G2/M Phase Transition (GO:1902749)","1/18",0.974114486282291,0.999996292850528,0,0,0.261277713699859,0.00685238424586121,"NEK10"
"Regulation Of Lymphocyte Activation (GO:0051249)","1/18",0.974114486282291,0.999996292850528,0,0,0.261277713699859,0.00685238424586121,"ORC3"
"Regulation Of Synaptic Vesicle Exocytosis (GO:2000300)","1/18",0.974114486282291,0.999996292850528,0,0,0.261277713699859,0.00685238424586121,"SNAPIN"
"Regulation Of I-kappaB kinase/NF-kappaB Signaling (GO:0043122)","32/232",0.974243979511189,0.999996292850528,0,0,0.708684427355122,0.0184920673076106,"PRKN;RNF31;NLRX1;USP10;ZFAND6;DDX1;OTUD7B;HSPB1;CXXC5;IKBKB;SHARPIN;S100A13;CAPN3;TLE1;PARP1;DAB2IP;MIB2;MID2;PER1;PPM1A;PPP5C;GPRC5B;MAVS;PPM1B;PINK1;TNIP1;TAB2;SQSTM1;GAPDH;TRIM32;OPTN;LAMTOR5"
"Skeletal System Development (GO:0001501)","19/149",0.974443458862328,0.999996292850528,0,0,0.647852721990653,0.0167721181354648,"TEAD4;PKDCC;ZBTB16;NOG;EN1;PKD1;COL19A1;BMP5;KIAA1217;EXTL1;FRZB;POLR2D;GNAS;SHOX;DYM;NOTUM;SOX6;INHA;PITX1"
"Negative Regulation Of Cell Differentiation (GO:0045596)","28/207",0.974674137639744,0.999996292850528,0,0,0.692988788498824,0.0177766049871151,"MSTN;HPN;GPS2;TMEM182;LRP3;HDAC9;HOXA9;BCL7A;CHADL;BCL7B;ANKRD2;TBX1;SMAD3;ABCA5;SEMA4D;ZBTB16;NOG;ESRRB;DAB2IP;PTPN11;WNT9A;OXSR1;USF3;SIRT2;BMP5;NBR1;SPRY2;PPARA"
"Regulation Of Extrinsic Apoptotic Signaling Pathway (GO:2001236)","6/60",0.97493011168357,0.999996292850528,0,0,0.493076386995122,0.012518958429765,"DEPTOR;PELI3;AKR1B1;ETFA;PARK7;NOL3"
"Determination Of Bilateral Symmetry (GO:0009855)","2/28",0.975190767682644,0.999996292850528,0,0,0.34157534103053,0.00858111308882817,"TBX1;PITX2"
"Diterpenoid Metabolic Process (GO:0016101)","2/28",0.975190767682644,0.999996292850528,0,0,0.34157534103053,0.00858111308882817,"AKR1B10;AKR1B1"
"Hematopoietic Progenitor Cell Differentiation (GO:0002244)","2/28",0.975190767682644,0.999996292850528,0,0,0.34157534103053,0.00858111308882817,"SBDS;MLF1"
"Negative Regulation Of Type II Interferon Production (GO:0032689)","2/28",0.975190767682644,0.999996292850528,0,0,0.34157534103053,0.00858111308882817,"C1QBP;INHA"
"Nuclear-Transcribed mRNA Catabolic Process, Nonsense-Mediated Decay (GO:0000184)","2/28",0.975190767682644,0.999996292850528,0,0,0.34157534103053,0.00858111308882817,"GSPT1;SMG5"
"Positive Regulation Of Defense Response To Virus By Host (GO:0002230)","2/28",0.975190767682644,0.999996292850528,0,0,0.34157534103053,0.00858111308882817,"TOMM70;MAVS"
"Positive Regulation Of Fibroblast Proliferation (GO:0048146)","2/28",0.975190767682644,0.999996292850528,0,0,0.34157534103053,0.00858111308882817,"NDUFS4;AMH"
"Pyroptosis (GO:0070269)","2/28",0.975190767682644,0.999996292850528,0,0,0.34157534103053,0.00858111308882817,"DPP9;MAP3K20"
"Regulation Of Calcium Ion-Dependent Exocytosis (GO:0017158)","2/28",0.975190767682644,0.999996292850528,0,0,0.34157534103053,0.00858111308882817,"RPH3AL;KCNB1"
"Regulation Of Platelet Activation (GO:0010543)","2/28",0.975190767682644,0.999996292850528,0,0,0.34157534103053,0.00858111308882817,"FUNDC2;PRKCQ"
"Regulation Of Protein Transport (GO:0051223)","2/28",0.975190767682644,0.999996292850528,0,0,0.34157534103053,0.00858111308882817,"HSPA8;SAA1"
"Brain Development (GO:0007420)","22/169",0.975448598566099,0.999996292850528,0,0,0.663242015513409,0.016486745799658,"BBS2;KDM4B;ABCB6;CADM2;AMIGO1;ROGDI;UBE3A;PTPN11;PROX1;RTN4;PBX1;POU6F1;BAG6;UGP2;VPS51;B3GNT5;NDUFS4;CDK5RAP1;CTNNA2;SOX6;NES;CDK5RAP2"
"Regulation Of Vesicle-Mediated Transport (GO:0060627)","10/89",0.975695520257679,0.999996292850528,0,0,0.561482080469422,0.0138151027438392,"RAB21;RAB5B;RAB4A;RAB3A;MAP2K2;USP6;RAB26;RAB12;TSC2;PACSIN3"
"Cellular Response To Organic Substance (GO:0071310)","9/82",0.975767471353687,0.999996292850528,0,0,0.546920799186457,0.0134164963598223,"NCOA1;STAT5B;CSF3;HAX1;ASAH2;GDF1;AKAP6;PARK7;RAMP1"
"Cellular Response To Transforming Growth Factor Beta Stimulus (GO:0071560)","11/96",0.97582721532239,0.999996292850528,0,0,0.573977575738105,0.0140450830328061,"GPI;GDF9;MEF2C;USP15;JUN;SMAD3;ZFYVE9;WFIKKN2;ANKRD1;SOX6;CRKL"
"Organic Hydroxy Compound Transport (GO:0015850)","4/45",0.975994677954787,0.999996292850528,0,0,0.433054796615014,0.01052242845723,"SLC22A3;ABCC2;SLC16A1;POLR2D"
"Regulation Of Plasma Membrane Bounded Cell Projection Assembly (GO:0120032)","8/75",0.976103688060442,0.999996292850528,0,0,0.529738755065057,0.0128125054455805,"FXR1;RABGAP1;FXR2;RDX;TBC1D8;TWF2;FUZ;TBC1D17"
"Melanosome Organization (GO:0032438)","3/37",0.976473708039163,0.999996292850528,0,0,0.391721429716301,0.00932588980869457,"SNAPIN;KIF13A;AP3S2"
"Positive Regulation Of Receptor Signaling Pathway Via JAK-STAT (GO:0046427)","3/37",0.976473708039163,0.999996292850528,0,0,0.391721429716301,0.00932588980869457,"ERBB4;CAMK2A;OCIAD1"
"Positive Regulation Of Receptor Signaling Pathway Via STAT (GO:1904894)","3/37",0.976473708039163,0.999996292850528,0,0,0.391721429716301,0.00932588980869457,"ERBB4;CAMK2A;OCIAD1"
"Regulation Of Defense Response To Virus By Host (GO:0050691)","3/37",0.976473708039163,0.999996292850528,0,0,0.391721429716301,0.00932588980869457,"TOMM70;MAVS;NT5C2"
"Synaptic Vesicle Cycle (GO:0099504)","3/37",0.976473708039163,0.999996292850528,0,0,0.391721429716301,0.00932588980869457,"RAB3A;SNAPIN;AP3S2"
"Type I Interferon-Mediated Signaling Pathway (GO:0060337)","3/37",0.976473708039163,0.999996292850528,0,0,0.391721429716301,0.00932588980869457,"HDAC4;MAVS;TBKBP1"
"Tight Junction Assembly (GO:0120192)","5/53",0.976655834716764,0.999996292850528,0,0,0.462303480552526,0.010920050373568,"PATJ;CHAF1B;PARD3;CLDN12;ARL2"
"Protein Maturation (GO:0051604)","14/117",0.977018787461058,0.999996292850528,0,0,0.602679388766096,0.0140119326015836,"LIPT2;NAA50;ISCA1;PSEN2;GCSH;AFG3L2;PITRM1;PRPH2;DDI2;NDUFAB1;NAA35;TLL2;STUB1;CIAO2B"
"Regulation Of Protein Phosphorylation (GO:0001932)","37/265",0.977021994750143,0.999996292850528,0,0,0.718525032327794,0.0167029152834254,"PRKN;SPTBN4;TRAF3IP1;ROCK2;TESK1;HSPB1;PARK7;CRKL;KLHL31;TTN;FXR1;PAK1;FXR2;ERBB4;AKT2;DVL3;HRAS;NKX3-1;TSPYL2;TBX1;MUSK;SEMA4D;LIMCH1;AKTIP;DAB2IP;VEGFB;ATG14;SOD1;PDCL3;FGF16;IBTK;MAVS;PINK1;NDUFS4;HRC;PIN1;TNIK"
"Neuron Projection Guidance (GO:0097485)","15/124",0.977582022295106,0.999996292850528,0,0,0.61012434728959,0.0138333983596941,"RET;LGI1;SEMA6C;SEMA4D;NEXN;KALRN;ARHGAP35;MYPN;RPS6KA5;DPYSL5;FEZ2;DAG1;PRKCQ;EPHB1;SCN1B"
"Ras Protein Signal Transduction (GO:0007265)","18/144",0.977642501993052,0.999996292850528,0,0,0.633222591362126,0.0143179325726251,"ROCK2;ARHGDIG;RRAS2;PARK7;ARHGAP35;CRKL;CNKSR2;MRAS;DOK5;NKIRAS1;ORC3;NKIRAS2;G3BP2;RAPGEF1;RGL2;HRAS;SOS2;RALGPS1"
"Apoptotic Process (GO:0006915)","31/228",0.978043063497825,0.999996292850528,0,0,0.696931177993906,0.0154729717069933,"FASTKD2;ATP2A1;MRPS30;PDCD2L;RTN4;AKAP1;FXR1;BAG6;BCL2L13;STK11;AIFM1;PPP2R1A;FAM162A;CAPN3;C19ORF12;TBX1;DMPK;PARP1;DAPK2;ZBTB16;BNIP3;PAX3;TSC2;MTOR;BCL2;MAP3K10;VDAC1;NDUFS1;RAF1;GAPDH;ARHGEF6"
"Regulation Of Phosphatidylinositol 3-Kinase Signaling (GO:0014066)","10/90",0.978154742666013,0.999996292850528,0,0,0.554429429429429,0.012245903403341,"DDR1;CSF3;HAX1;MUSK;SEMA4D;EGF;NEDD4;DAB2IP;TSC2;NKX3-1"
"Calcium Ion Transmembrane Import Into Cytosol (GO:0097553)","9/83",0.978305547006144,0.999996292850528,0,0,0.539496783901806,0.0118329110856993,"RYR1;SLC8A3;JPH2;IBTK;CACNA2D1;SCN4A;SCN5A;CACNA1S;JPH1"
"Negative Regulation Of Transmembrane Receptor Protein Serine/Threonine Kinase Signaling Pathway (GO:0090101)","13/111",0.978704203212376,0.999996292850528,0,0,0.588203970112635,0.0126615750604722,"FAM89B;IGSF1;WFIKKN2;NOG;UBE2D1;TET1;HIPK2;PPM1A;BRMS1L;PIN1;SPRY2;STUB1;PPARA"
"Transcription Initiation At RNA Polymerase II Promoter (GO:0006367)","8/76",0.978705128387058,0.999996292850528,0,0,0.521916379102801,0.0112341866813005,"TAF6L;MED14;POLR2D;TAF8;MED9;TAF7;POLR2I;PPARGC1A"
"RNA-templated DNA Biosynthetic Process (GO:0006278)","1/19",0.978872250954806,0.999996292850528,0,0,0.246747155652384,0.00526907189674436,"HSP90AB1"
"Calcium-Independent Cell-Cell Adhesion Via Plasma Membrane Cell-Adhesion Molecules (GO:0016338)","1/19",0.978872250954806,0.999996292850528,0,0,0.246747155652384,0.00526907189674436,"CLDN12"
"Dopamine Metabolic Process (GO:0042417)","1/19",0.978872250954806,0.999996292850528,0,0,0.246747155652384,0.00526907189674436,"PRKN"
"Embryonic Digestive Tract Development (GO:0048566)","1/19",0.978872250954806,0.999996292850528,0,0,0.246747155652384,0.00526907189674436,"PKDCC"
"Epithelial Structure Maintenance (GO:0010669)","1/19",0.978872250954806,0.999996292850528,0,0,0.246747155652384,0.00526907189674436,"POLR2D"
"Gastrulation (GO:0007369)","1/19",0.978872250954806,0.999996292850528,0,0,0.246747155652384,0.00526907189674436,"MESP1"
"Leukocyte Adhesion To Vascular Endothelial Cell (GO:0061756)","1/19",0.978872250954806,0.999996292850528,0,0,0.246747155652384,0.00526907189674436,"MADCAM1"
"Phosphatidylcholine Biosynthetic Process (GO:0006656)","1/19",0.978872250954806,0.999996292850528,0,0,0.246747155652384,0.00526907189674436,"PCYT1A"
"piRNA Processing (GO:0034587)","1/19",0.978872250954806,0.999996292850528,0,0,0.246747155652384,0.00526907189674436,"MAEL"
"Positive Regulation Of Hormone Secretion (GO:0046887)","1/19",0.978872250954806,0.999996292850528,0,0,0.246747155652384,0.00526907189674436,"RASL10B"
"Regulation Of B Cell Differentiation (GO:0045577)","1/19",0.978872250954806,0.999996292850528,0,0,0.246747155652384,0.00526907189674436,"INHA"
"Regulation Of Behavior (GO:0050795)","1/19",0.978872250954806,0.999996292850528,0,0,0.246747155652384,0.00526907189674436,"MTOR"
"Regulation Of Cellular Response To Growth Factor Stimulus (GO:0090287)","1/19",0.978872250954806,0.999996292850528,0,0,0.246747155652384,0.00526907189674436,"DOK5"
"Regulation Of Granulocyte Chemotaxis (GO:0071622)","1/19",0.978872250954806,0.999996292850528,0,0,0.246747155652384,0.00526907189674436,"MSTN"
"snRNA Processing (GO:0016180)","1/19",0.978872250954806,0.999996292850528,0,0,0.246747155652384,0.00526907189674436,"INTS11"
"Sphingosine Metabolic Process (GO:0006670)","1/19",0.978872250954806,0.999996292850528,0,0,0.246747155652384,0.00526907189674436,"ASAH2"
"Steroid Hormone Biosynthetic Process (GO:0120178)","1/19",0.978872250954806,0.999996292850528,0,0,0.246747155652384,0.00526907189674436,"CYP17A1"
"Telomere Maintenance Via Telomerase (GO:0007004)","1/19",0.978872250954806,0.999996292850528,0,0,0.246747155652384,0.00526907189674436,"HSP90AB1"
"RNA Biosynthetic Process (GO:0032774)","2/29",0.979127691477335,0.999996292850528,0,0,0.328904224300574,0.00693764733297609,"TCEA2;TAF7"
"Establishment Of Mitotic Spindle Orientation (GO:0000132)","2/29",0.979127691477335,0.999996292850528,0,0,0.328904224300574,0.00693764733297609,"NSFL1C;CDK5RAP2"
"Maintenance Of Blood-Brain Barrier (GO:0035633)","2/29",0.979127691477335,0.999996292850528,0,0,0.328904224300574,0.00693764733297609,"CLDN12;DMD"
"Morphogenesis Of An Epithelium (GO:0002009)","2/29",0.979127691477335,0.999996292850528,0,0,0.328904224300574,0.00693764733297609,"TRAF3IP1;DAG1"
"Peptidyl-Tyrosine Dephosphorylation (GO:0035335)","2/29",0.979127691477335,0.999996292850528,0,0,0.328904224300574,0.00693764733297609,"DUSP3;PTPN11"
"Positive Regulation Of B Cell Proliferation (GO:0030890)","2/29",0.979127691477335,0.999996292850528,0,0,0.328904224300574,0.00693764733297609,"MEF2C;BCL2"
"Positive Regulation Of Calcium Ion Transport (GO:0051928)","2/29",0.979127691477335,0.999996292850528,0,0,0.328904224300574,0.00693764733297609,"CAMK2A;ATP2A1"
"Regulation Of Establishment Of Planar Polarity (GO:0090175)","2/29",0.979127691477335,0.999996292850528,0,0,0.328904224300574,0.00693764733297609,"DVL1;DVL3"
"Regulation Of Spindle Assembly (GO:0090169)","2/29",0.979127691477335,0.999996292850528,0,0,0.328904224300574,0.00693764733297609,"DRG1;CHMP6"
"Response To Alcohol (GO:0097305)","2/29",0.979127691477335,0.999996292850528,0,0,0.328904224300574,0.00693764733297609,"GOT2;SOD1"
"Amino Acid Transport (GO:0006865)","4/46",0.979198062362299,0.999996292850528,0,0,0.422718010616621,0.00888610157120128,"SLC36A2;SLC43A1;SLC38A3;SLC38A4"
"Antiviral Innate Immune Response (GO:0140374)","4/46",0.979198062362299,0.999996292850528,0,0,0.422718010616621,0.00888610157120128,"MAVS;TRIM7;DHX16;PHB2"
"Positive Regulation Of Peptide Hormone Secretion (GO:0090277)","4/46",0.979198062362299,0.999996292850528,0,0,0.422718010616621,0.00888610157120128,"UCN;RASL10B;POLR2D;MCU"
"Replication Fork Processing (GO:0031297)","4/46",0.979198062362299,0.999996292850528,0,0,0.422718010616621,0.00888610157120128,"ZRANB3;PARP1;CARM1;SETMAR"
"Response To Molecule Of Bacterial Origin (GO:0002237)","7/69",0.979422100641719,0.999996292850528,0,0,0.500919522024532,0.0104154064690222,"PRDX3;MAPKAPK3;MAPKAPK2;FBXO3;TAB2;NOS1;LIAS"
"Monoatomic Anion Transmembrane Transport (GO:0098656)","5/54",0.979587446354805,0.999996292850528,0,0,0.452840896445819,0.00933928606873096,"SLC26A9;SLC6A1;ANO5;SLC1A7;CLCN1"
"Regulation Of Blood Vessel Endothelial Cell Migration (GO:0043535)","5/54",0.979587446354805,0.999996292850528,0,0,0.452840896445819,0.00933928606873096,"MAP2K3;MEF2C;ATP5F1A;ATP5F1B;HSPB1"
"Cellular Response To Type I Interferon (GO:0071357)","3/38",0.979863686052616,0.999996292850528,0,0,0.380506033476061,0.0077401825239006,"HDAC4;MAVS;TBKBP1"
"Import Into Cell (GO:0098657)","3/38",0.979863686052616,0.999996292850528,0,0,0.380506033476061,0.0077401825239006,"SLC47A1;SLC1A7;SLC29A2"
"Positive Regulation Of Production Of Molecular Mediator Of Immune Response (GO:0002702)","3/38",0.979863686052616,0.999996292850528,0,0,0.380506033476061,0.0077401825239006,"GPI;POLR2D;PHB2"
"Epithelial Cell Differentiation (GO:0030855)","16/132",0.980092272231195,0.999996292850528,0,0,0.611430133989609,0.0122949773412663,"FN3K;TBX1;MESP1;SIX1;ZDHHC7;SCRIB;PROX1;UPK3A;RAB10;TST;ERBB4;AKT2;ZNF703;HSF4;VDAC1;E2F8"
"RNA Methylation (GO:0001510)","6/62",0.980542330796817,0.999996292850528,0,0,0.475408079784955,0.00934151281466698,"THUMPD2;METTL5;TRMT13;SNRPD3;TFB2M;CBLL1"
"Positive Regulation Of JNK Cascade (GO:0046330)","8/77",0.981043401292274,0.999996292850528,0,0,0.514320738675683,0.00984336783506113,"SH3RF2;DAB2IP;MAP3K10;TNIK;TPD52L1;HRAS;GADD45G;HIPK2"
"Regulation Of Notch Signaling Pathway (GO:0008593)","7/70",0.981781938713205,0.999996292850528,0,0,0.492938109959387,0.00906318652259905,"MESP1;NEURL1;RITA1;HIF1AN;RFNG;SYNJ2BP;DLK1"
"Regulation Of Synaptic Transmission, Glutamatergic (GO:0051966)","5/55",0.982171341292912,0.999996292850528,0,0,0.443756815703381,0.00798296495766718,"FXR1;MEF2C;HOMER1;ATP1A2;HCN1"
"Positive Regulation Of Phosphorylation (GO:0042327)","31/231",0.982269789066896,0.999996292850528,0,0,0.686349533223504,0.0122782949119178,"DDR1;RET;ROCK2;TESK1;AKR1B1;CRKL;FXR1;CSRP3;PAK1;FXR2;ERBB4;AKT2;DVL3;AMH;HRAS;ROS1;NKX3-1;TBX1;MUSK;SEMA4D;LIMCH1;EGF;AKTIP;VEGFB;ATG14;FGF16;MAVS;PINK1;PIN1;TNIK;FGFR4"
"GPI Anchor Biosynthetic Process (GO:0006506)","2/30",0.982455696138456,0.999996292850528,0,0,0.317138187337043,0.00561335519034641,"TP53INP2;PIGZ"
"Artery Morphogenesis (GO:0048844)","2/30",0.982455696138456,0.999996292850528,0,0,0.317138187337043,0.00561335519034641,"TBX1;NOG"
"Homologous Chromosome Pairing At Meiosis (GO:0007129)","2/30",0.982455696138456,0.999996292850528,0,0,0.317138187337043,0.00561335519034641,"BAG6;STAG3"
"Innate Immune Response Activating Cell Surface Receptor Signaling Pathway (GO:0002220)","2/30",0.982455696138456,0.999996292850528,0,0,0.317138187337043,0.00561335519034641,"IKBKB;PAK1"
"Maturation Of SSU-rRNA From Tricistronic rRNA Transcript (SSU-rRNA, 5.8S rRNA, LSU-rRNA) (GO:0000462)","2/30",0.982455696138456,0.999996292850528,0,0,0.317138187337043,0.00561335519034641,"MRPS11;TSR1"
"Mitotic G2 DNA Damage Checkpoint Signaling (GO:0007095)","2/30",0.982455696138456,0.999996292850528,0,0,0.317138187337043,0.00561335519034641,"BABAM1;FOXN3"
"Negative Regulation Of Myeloid Leukocyte Differentiation (GO:0002762)","2/30",0.982455696138456,0.999996292850528,0,0,0.317138187337043,0.00561335519034641,"HOXA7;INHA"
"Positive Regulation Of Phosphate Metabolic Process (GO:0045937)","2/30",0.982455696138456,0.999996292850528,0,0,0.317138187337043,0.00561335519034641,"EGF;AMH"
"Regulation Of Calcium-Mediated Signaling (GO:0050848)","2/30",0.982455696138456,0.999996292850528,0,0,0.317138187337043,0.00561335519034641,"RGN;MAPT"
"Positive Regulation Of Endothelial Cell Migration (GO:0010595)","9/85",0.982664917190112,0.999996292850528,0,0,0.525234859802344,0.00918483172171333,"MAP2K3;GPI;ATP5F1A;ATP5F1B;ROCK2;EGF;ATOH8;HSPB1;PROX1"
"Regulation Of Osteoblast Differentiation (GO:0045667)","9/85",0.982664917190112,0.999996292850528,0,0,0.525234859802344,0.00918483172171333,"MEF2C;SEMA4D;NOG;NBR1;LRP3;PRKACA;HDAC9;ACVR2B;ATF4"
"Protein Transport (GO:0015031)","44/313",0.982699923750065,0.999996292850528,0,0,0.72377717293877,0.0126309764931302,"C17ORF75;RAB5B;NECAB3;RAB3A;LMAN2L;STX17;SAR1B;RAB1B;USO1;MIA2;SNX13;VLDLR;DNAJC27;TIMM50;RAB21;GOLGA4;GRPEL1;RAB26;KIF13A;TOM1;TIMM17A;TIMM17B;EIF2D;TMED1;RILP;SEC31B;TRIM23;BBS2;DNAJC19;HSPA9;ARRDC2;PAM16;TIMM23;LMTK2;TIMM44;ANK3;TIMM21;LRP1B;RAB10;RAB12;PICK1;PREB;RAMP1;OPTN"
"DNA Unwinding Involved In DNA Replication (GO:0006268)","1/20",0.982755649607558,0.999996292850528,0,0,0.23374613003096,0.0040659592172451,"TWNK"
"Actin Filament-Based Transport (GO:0099515)","1/20",0.982755649607558,0.999996292850528,0,0,0.23374613003096,0.0040659592172451,"SYNE2"
"Anterior/Posterior Axis Specification (GO:0009948)","1/20",0.982755649607558,0.999996292850528,0,0,0.23374613003096,0.0040659592172451,"MESP1"
"Cellular Response To Copper Ion (GO:0071280)","1/20",0.982755649607558,0.999996292850528,0,0,0.23374613003096,0.0040659592172451,"HSF1"
"Cilium-Dependent Cell Motility (GO:0060285)","1/20",0.982755649607558,0.999996292850528,0,0,0.23374613003096,0.0040659592172451,"GAS8"
"Gamma-Aminobutyric Acid Signaling Pathway (GO:0007214)","1/20",0.982755649607558,0.999996292850528,0,0,0.23374613003096,0.0040659592172451,"GPR156"
"Mesoderm Formation (GO:0001707)","1/20",0.982755649607558,0.999996292850528,0,0,0.23374613003096,0.0040659592172451,"MESP1"
"Microglial Cell Activation (GO:0001774)","1/20",0.982755649607558,0.999996292850528,0,0,0.23374613003096,0.0040659592172451,"MAPT"
"Negative Regulation Of B Cell Activation (GO:0050869)","1/20",0.982755649607558,0.999996292850528,0,0,0.23374613003096,0.0040659592172451,"INHA"
"Negative Regulation Of Protein Localization To Cell Periphery (GO:1904376)","1/20",0.982755649607558,0.999996292850528,0,0,0.23374613003096,0.0040659592172451,"RHOQ"
"Phosphatidylglycerol Metabolic Process (GO:0046471)","1/20",0.982755649607558,0.999996292850528,0,0,0.23374613003096,0.0040659592172451,"CRLS1"
"Positive Regulation Of Embryonic Development (GO:0040019)","1/20",0.982755649607558,0.999996292850528,0,0,0.23374613003096,0.0040659592172451,"OXSR1"
"Positive Regulation Of Protein Processing (GO:0010954)","1/20",0.982755649607558,0.999996292850528,0,0,0.23374613003096,0.0040659592172451,"HPN"
"protein-DNA Complex Disassembly (GO:0032986)","1/20",0.982755649607558,0.999996292850528,0,0,0.23374613003096,0.0040659592172451,"SMARCD3"
"Response To Fibroblast Growth Factor (GO:0071774)","1/20",0.982755649607558,0.999996292850528,0,0,0.23374613003096,0.0040659592172451,"TBX1"
"Digestive Tract Development (GO:0048565)","3/39",0.982784121260206,0.999996292850528,0,0,0.369913714804723,0.00642384577580466,"PKDCC;COBL;PKD1"
"Regulation Of Protein Tyrosine Kinase Activity (GO:0061097)","3/39",0.982784121260206,0.999996292850528,0,0,0.369913714804723,0.00642384577580466,"GPRC5B;SH3BP5L;DOK7"
"Release Of Sequestered Calcium Ion Into Cytosol (GO:0051209)","3/39",0.982784121260206,0.999996292850528,0,0,0.369913714804723,0.00642384577580466,"RYR1;IBTK;GHITM"
"Vitamin Transport (GO:0051180)","3/39",0.982784121260206,0.999996292850528,0,0,0.369913714804723,0.00642384577580466,"SLC2A4;SLC2A8;SLC19A2"
"Negative Regulation Of Programmed Cell Death (GO:0043069)","55/381",0.982863733141141,0.999996292850528,0,0,0.74614571993475,0.0128969734974377,"AVEN;ZFAND6;ARAF;HSPB1;TRIAP1;PHB2;RNF157;OPA1;SIX4;AKT2;MLST8;MYO18A;CAPN3;AMH;USP47;TSC22D1;OXSR1;SUPV3L1;RNF144B;HAX1;PAX7;PPIF;NAA35;VDAC1;RAF1;CRYAB;FXN;PRKAA2;MAPKAP1;GLO1;HPN;PSEN2;NOL3;HIGD1A;PRDX3;PRDX2;PRDX5;DPP8;BAG3;DPP9;ERBB4;BAG1;HSPA9;SEMA4D;BNIP3;HIPK3;MTOR;HIGD2A;SH3RF2;COPS5;GDNF;DNAJA3;BCL2;SPRY2;TPT1"
"Telomere Organization (GO:0032200)","6/63",0.98288678225171,0.999996292850528,0,0,0.46703888163277,0.00806171749139933,"PARP1;RUVBL2;MCRS1;SIRT2;UCHL5;EZH1"
"Cell-Cell Junction Assembly (GO:0007043)","7/71",0.98388823661052,0.999996292850528,0,0,0.485206117021277,0.00788118794699572,"PATJ;CDH4;ARVCF;CLDN12;ZNF703;CDH15;TLN2"
"Regulation Of Double-Strand Break Repair Via Homologous Recombination (GO:0010569)","7/71",0.98388823661052,0.999996292850528,0,0,0.485206117021277,0.00788118794699572,"HELQ;PARP1;VPS72;RUVBL2;DMAP1;HDGFL2;UBQLN4"
"Retrograde Vesicle-Mediated Transport, Golgi To Endoplasmic Reticulum (GO:0006890)","4/48",0.984432933090411,0.999996292850528,0,0,0.403454000346887,0.00632999397393889,"COG4;KIF1C;PICK1;USE1"
"RNA Polymerase II Preinitiation Complex Assembly (GO:0051123)","5/56",0.984445428178686,0.999996292850528,0,0,0.43502897342143,0.00681986805782467,"TAF6L;MED14;TAF8;MED9;TAF7"
"Positive Regulation Of Protein Phosphorylation (GO:0001934)","54/377",0.984868664217014,0.999996292850528,0,0,0.7393178588752,0.0112723664712519,"CSF3;HSP90AB1;MSTN;ARAF;TESK1;PRKAG1;PARK7;CRKL;RPTOR;AKT2;NOS1;AMH;HRAS;NKX3-1;MAP2K3;MUSK;LIMCH1;AKTIP;ATG14;HAX1;ALS2;AKAP9;MAPRE3;TNIK;RAF1;PFN2;CAB39;ROCK2;FXR1;NTF4;PAK1;FXR2;ERBB4;ORC3;DVL3;TBX1;SEMA4D;EGF;VEGFB;GDF1;PTPN11;BMP5;INHBE;GDF9;FGF16;MAVS;PINK1;NEK10;PIN1;SPRY2;CALM3;TAB2;INHA;EIF4G1"
"mRNA Processing (GO:0006397)","28/214",0.984935127176658,0.999996292850528,0,0,0.666619466938065,0.0101189506738987,"CELF1;WBP4;SNU13;HTATSF1;USP39;TBRG4;ALKBH5;DHX16;RPRD1B;SNRPD3;RPRD1A;PRKACA;SNRNP35;PPARGC1A;HSPA8;SNRPN;GPKOW;PRPF40B;CWC15;RPRD2;LSM4;GCFC2;MBLAC1;DDX39B;NCBP2L;HNRNPA2B1;SNRNP27;PIN1"
"Endodermal Cell Differentiation (GO:0035987)","2/31",0.985265584823659,0.999996292850528,0,0,0.306183601198584,0.0045450031210454,"ITGA7;RTF1"
"Leukocyte Cell-Cell Adhesion (GO:0007159)","2/31",0.985265584823659,0.999996292850528,0,0,0.306183601198584,0.0045450031210454,"SEMA4D;TNIP1"
"Modulation Of Excitatory Postsynaptic Potential (GO:0098815)","2/31",0.985265584823659,0.999996292850528,0,0,0.306183601198584,0.0045450031210454,"SLC8A3;TMEM108"
"Negative Chemotaxis (GO:0050919)","2/31",0.985265584823659,0.999996292850528,0,0,0.306183601198584,0.0045450031210454,"SEMA6C;SEMA4D"
"Negative Regulation Of DNA Biosynthetic Process (GO:2000279)","2/31",0.985265584823659,0.999996292850528,0,0,0.306183601198584,0.0045450031210454,"ANKRD1;GDF1"
"Non-Motile Cilium Assembly (GO:1905515)","2/31",0.985265584823659,0.999996292850528,0,0,0.306183601198584,0.0045450031210454,"TOGARAM1;FUZ"
"Positive Regulation Of Leukocyte Migration (GO:0002687)","2/31",0.985265584823659,0.999996292850528,0,0,0.306183601198584,0.0045450031210454,"MADCAM1;PRSS56"
"Protein Localization To Chromosome (GO:0034502)","3/40",0.985296442092995,0.999996292850528,0,0,0.359893953899403,0.00533101076165483,"SLF2;PARP1;BOD1"
"Retinoid Metabolic Process (GO:0001523)","3/40",0.985296442092995,0.999996292850528,0,0,0.359893953899403,0.00533101076165483,"AKR1B10;AKR1B1;BCO2"
"Axon Guidance (GO:0007411)","18/149",0.985636194050006,0.999996292850528,0,0,0.608865822203193,0.00880904880740806,"RET;LGI1;SEMA6C;SEMA4D;NEXN;KALRN;ARHGAP35;MYPN;RPS6KA5;GDNF;DPYSL5;FEZ2;DAG1;ANOS1;PRKCQ;NCAM1;EPHB1;SCN1B"
"Cholesterol Homeostasis (GO:0042632)","7/72",0.98576573395788,0.999996292850528,0,0,0.477712031558185,0.0068487400106466,"FABP3;ABCA5;CAV3;CNBP;TMEM97;FGFR4;HDAC9"
"Transforming Growth Factor Beta Receptor Signaling Pathway (GO:0007179)","7/72",0.98576573395788,0.999996292850528,0,0,0.477712031558185,0.0068487400106466,"GPI;GDF9;USP15;JUN;SMAD3;ZFYVE9;WFIKKN2"
"Aminoglycan Biosynthetic Process (GO:0006023)","1/21",0.985925333562443,0.999996292850528,0,0,0.222045206971678,0.00314741394943042,"B4GAT1"
"Endocardial Cushion Morphogenesis (GO:0003203)","1/21",0.985925333562443,0.999996292850528,0,0,0.222045206971678,0.00314741394943042,"NOG"
"Lipid Catabolic Process (GO:0016042)","1/21",0.985925333562443,0.999996292850528,0,0,0.222045206971678,0.00314741394943042,"SIRT2"
"Macrophage Differentiation (GO:0030225)","1/21",0.985925333562443,0.999996292850528,0,0,0.222045206971678,0.00314741394943042,"PARP1"
"Negative Regulation Of Biomineral Tissue Development (GO:0070168)","1/21",0.985925333562443,0.999996292850528,0,0,0.222045206971678,0.00314741394943042,"ROCK2"
"Negative Regulation Of Double-Strand Break Repair Via Homologous Recombination (GO:2000042)","1/21",0.985925333562443,0.999996292850528,0,0,0.222045206971678,0.00314741394943042,"UBQLN4"
"Peptide Catabolic Process (GO:0043171)","1/21",0.985925333562443,0.999996292850528,0,0,0.222045206971678,0.00314741394943042,"NPEPPS"
"poly(A)+ mRNA Export From Nucleus (GO:0016973)","1/21",0.985925333562443,0.999996292850528,0,0,0.222045206971678,0.00314741394943042,"DDX19A"
"Positive Regulation Of G2/M Transition Of Mitotic Cell Cycle (GO:0010971)","1/21",0.985925333562443,0.999996292850528,0,0,0.222045206971678,0.00314741394943042,"RRM2B"
"Positive Regulation Of Interferon-Alpha Production (GO:0032727)","1/21",0.985925333562443,0.999996292850528,0,0,0.222045206971678,0.00314741394943042,"MAVS"
"Positive Regulation Of Signal Transduction By P53 Class Mediator (GO:1901798)","1/21",0.985925333562443,0.999996292850528,0,0,0.222045206971678,0.00314741394943042,"UBB"
"Regulation Of Lipid Storage (GO:0010883)","1/21",0.985925333562443,0.999996292850528,0,0,0.222045206971678,0.00314741394943042,"PLIN5"
"Zinc Ion Transmembrane Transport (GO:0071577)","1/21",0.985925333562443,0.999996292850528,0,0,0.222045206971678,0.00314741394943042,"SLC30A2"
"Endocytosis (GO:0006897)","24/189",0.986015546598626,0.999996292850528,0,0,0.644241261615885,0.00907295093783868,"RAB5B;CAV3;ZFYVE9;INPPL1;TSC2;C1ORF43;LRP3;ADRB2;VLDLR;EPS15L1;RHOBTB1;LRP1B;EPN1;JMJD6;RHOBTB2;HOOK2;BIN1;MYL1;CLTCL1;TOM1;TMEM108;OCIAD1;RHOQ;PDLIM7"
"Regulation Of Transcription Initiation By RNA Polymerase II (GO:0060260)","5/57",0.986444030697998,0.999996292850528,0,0,0.426636817381092,0.00582303381513643,"MED14;SRF;TAF8;MED9;TAF7"
"Negative Regulation Of Cell Population Proliferation (GO:0008285)","54/379",0.986557237616748,0.999996292850528,0,0,0.734676387442345,0.00994306196214723,"MSTN;CELF1;AKR1B1;NUDT6;STK11;SPEG;EMD;HRAS;NKX3-1;MYOG;NOG;MED9;TSC2;TSC1;PROX1;WNT9A;KAT2B;MN1;DDAH1;COL4A3;ULK1;RAF1;GAS8;CTBP1;HPN;FOXO4;TOB2;TOB1;DNAJB2;PAK1;FRZB;ERBB4;POLR2D;SMYD2;MFN2;PPARGC1A;ZBTB17;SMAD3;INCA1;DAB2IP;FUZ;BMP5;FABP3;CNOT7;PRKRA;WNK2;FABP7;DNAJA3;NEURL1;AQP11;ZNF777;NF2;COPS8;TRIM32"
"Regulation Of Organelle Assembly (GO:1902115)","8/80",0.986708773910139,0.999996292850528,0,0,0.492799757465515,0.00659383076216614,"MTMR3;RABGAP1;RAB1B;RDX;TBC1D8;FUZ;NF2;TBC1D17"
"Regulation Of Protein Localization To Plasma Membrane (GO:1903076)","8/80",0.986708773910139,0.999996292850528,0,0,0.492799757465515,0.00659383076216614,"ARHGEF16;VPS4A;STAC3;AKR1B1;ZDHHC7;ZDHHC2;SQSTM1;RHOQ"
"Positive Regulation Of DNA Biosynthetic Process (GO:2000573)","6/65",0.986804584078405,0.999996292850528,0,0,0.451151590225234,0.00599275888267058,"HSP90AB1;TNIP1;PRKCQ;CCT7;MAP2K7;FGFR4"
"Cell-Matrix Adhesion (GO:0007160)","12/109",0.98708407941995,0.999996292850528,0,0,0.548438965186122,0.00712973743981379,"DDR1;ACTN3;ACTN2;ITGA7;TSC1;MADCAM1;ITGAE;ITGB6;WHAMM;PKD1;TMEM8B;BCAT2"
"Positive Regulation Of Cysteine-Type Endopeptidase Activity Involved In Apoptotic Process (GO:0043280)","12/109",0.98708407941995,0.999996292850528,0,0,0.548438965186122,0.00712973743981379,"BCL2L13;FIS1;NDUFA13;SMAD3;CRADD;AIFM1;FAM162A;COL4A3;CYCS;MAPT;UACA;NKX3-1"
"Monocarboxylic Acid Transport (GO:0015718)","7/73",0.987437122857848,0.999996292850528,0,0,0.470445039593976,0.005947581320086,"ABCC2;SLC16A1;SLC6A8;ABCB4;FABP7;GOT2;SLC16A12"
"Sterol Homeostasis (GO:0055092)","7/73",0.987437122857848,0.999996292850528,0,0,0.470445039593976,0.005947581320086,"FABP3;ABCA5;CAV3;CNBP;TMEM97;FGFR4;HDAC9"
"DNA Duplex Unwinding (GO:0032508)","3/41",0.987454738597439,0.999996292850528,0,0,0.350401548831206,0.0044236855565847,"SUPV3L1;DDX1;TWNK"
"Axoneme Assembly (GO:0035082)","3/41",0.987454738597439,0.999996292850528,0,0,0.350401548831206,0.0044236855565847,"CFAP46;TOGARAM1;GAS8"
"Positive Regulation Of Response To Biotic Stimulus (GO:0002833)","3/41",0.987454738597439,0.999996292850528,0,0,0.350401548831206,0.0044236855565847,"AKIRIN2;POLR3D;SH2D1B"
"Chromosome Condensation (GO:0030261)","2/32",0.987635356348583,0.999996292850528,0,0,0.295959320802688,0.00368224355721252,"AIFM1;TTN"
"Left/Right Pattern Formation (GO:0060972)","2/32",0.987635356348583,0.999996292850528,0,0,0.295959320802688,0.00368224355721252,"TBX1;PITX2"
"Regulation Of Double-Strand Break Repair (GO:2000779)","9/88",0.987708147397749,0.999996292850528,0,0,0.505195953789177,0.00624827479372316,"SMARCD3;SLF2;BCL7A;PHF10;VPS72;RUVBL2;BCL7B;DPF3;DMAP1"
"Cytoskeleton-Dependent Cytokinesis (GO:0061640)","8/81",0.988215393688892,0.999996292850528,0,0,0.486019174344503,0.00576156056564637,"CECR2;ROCK2;DCTN3;VPS4A;EXOC4;EXOC3;EXOC6;ANK3"
"Spindle Assembly (GO:0051225)","8/81",0.988215393688892,0.999996292850528,0,0,0.486019174344503,0.00576156056564637,"ABRAXAS1;TUBGCP5;MAPRE3;CEP63;TUBGCP4;CLASP1;SAC3D1;CLASP2"
"Protein Processing (GO:0016485)","13/117",0.98835245128758,0.999996292850528,0,0,0.554064207650273,0.00649136792890005,"STOML2;ATP23;PSEN2;OMA1;SPG7;AFG3L2;IMMP1L;IMMP2L;PITRM1;HJV;DDI2;TLL2;FXN"
"Negative Regulation Of Growth (GO:0045926)","14/124",0.988400206836422,0.999996292850528,0,0,0.564083579716266,0.00658149909488504,"TSPYL2;NDUFA13;SMAD3;FHL1;OSGIN1;OSGIN2;RTN4;DNAJB2;STK11;BCL6;PPP2R1A;FRZB;MYL2;NDUFS3"
"Negative Regulation Of Cell Projection Organization (GO:0031345)","4/50",0.988400396342562,0.999996292850528,0,0,0.385865121404956,0.00450204421219408,"DPYSL5;SPRY3;SPRY2;FKBP4"
"Blood Vessel Endothelial Cell Migration (GO:0043534)","1/22",0.988512443012983,0.999996292850528,0,0,0.211458657537089,0.00244320362263681,"SRF"
"Negative Regulation Of Cell Communication (GO:0010648)","1/22",0.988512443012983,0.999996292850528,0,0,0.211458657537089,0.00244320362263681,"HSP90AB1"
"Oligosaccharide Biosynthetic Process (GO:0009312)","1/22",0.988512443012983,0.999996292850528,0,0,0.211458657537089,0.00244320362263681,"ST3GAL3"
"Platelet Dense Granule Organization (GO:0060155)","1/22",0.988512443012983,0.999996292850528,0,0,0.211458657537089,0.00244320362263681,"AP3S2"
"Positive Regulation Of Viral Life Cycle (GO:1903902)","1/22",0.988512443012983,0.999996292850528,0,0,0.211458657537089,0.00244320362263681,"VPS4A"
"Positive Regulation Of Protein Kinase Activity (GO:0045860)","17/145",0.98885625913877,0.999996292850528,0,0,0.588465450629103,0.00659451891942708,"MAP2K3;MAP2K2;HSP90AB1;CAB39;STRADB;PRKAG1;DAB2IP;ADRB2;RPTOR;STK11;GPRC5B;ALS2;ORC3;DOK7;CALM3;TAB2;MAPRE3"
"DNA Recombination (GO:0006310)","3/42",0.989306499692252,0.999996292850528,0,0,0.341395933766506,0.00367037727727892,"SUPV3L1;ENDOG;THAP9"
"Modulation By Host Of Symbiont Process (GO:0051851)","3/42",0.989306499692252,0.999996292850528,0,0,0.341395933766506,0.00367037727727892,"JUN;ROCK2;HPN"
"Response To Cytokine (GO:0034097)","14/125",0.989513465613342,0.999996292850528,0,0,0.558967275556508,0.00589258021299403,"HDAC4;IGBP1;CSF3;SLC22A5;ASAH2;SRF;AKAP6;HAX1;MAPKAPK3;MAPKAPK2;BCL2;MAP2K7;TRIM32;MAP4K3"
"intra-Golgi Vesicle-Mediated Transport (GO:0006891)","2/33",0.989631843858857,0.999996292850528,0,0,0.286394671400076,0.0029848854289641,"GABARAPL2;COG4"
"Negative Regulation Of Double-Strand Break Repair (GO:2000780)","2/33",0.989631843858857,0.999996292850528,0,0,0.286394671400076,0.0029848854289641,"HSF1;UBQLN4"
"Negative Regulation Of Endocytosis (GO:0045806)","2/33",0.989631843858857,0.999996292850528,0,0,0.286394671400076,0.0029848854289641,"DYSF;PACSIN3"
"Regulation Of Cell Adhesion Mediated By Integrin (GO:0033628)","2/33",0.989631843858857,0.999996292850528,0,0,0.286394671400076,0.0029848854289641,"RET;PTPN11"
"Mitotic Cytokinesis (GO:0000281)","5/59",0.989735630368042,0.999996292850528,0,0,0.410784967082677,0.0042382375628443,"ROCK2;EXOC4;EXOC3;EXOC6;KLHDC8B"
"Negative Regulation Of Cytokine-Mediated Signaling Pathway (GO:0001960)","5/59",0.989735630368042,0.999996292850528,0,0,0.410784967082677,0.0042382375628443,"OTUD4;CNOT7;PELI3;PADI2;GPS2"
"protein-DNA Complex Assembly (GO:0065004)","5/59",0.989735630368042,0.999996292850528,0,0,0.410784967082677,0.0042382375628443,"CHAF1B;CENPV;KAT6B;POLE3;NAP1L4"
"Transcription Preinitiation Complex Assembly (GO:0070897)","5/59",0.989735630368042,0.999996292850528,0,0,0.410784967082677,0.0042382375628443,"TAF6L;MED14;TAF8;MED9;TAF7"
"Cholesterol Metabolic Process (GO:0008203)","6/67",0.989866861576564,0.999996292850528,0,0,0.436306088418192,0.0044437025327262,"ACAA2;ABCA5;FDX1;OSBPL1A;GBA2;FDFT1"
"Regulation Of Neurogenesis (GO:0050767)","6/67",0.989866861576564,0.999996292850528,0,0,0.436306088418192,0.0044437025327262,"FXR1;HES6;BHLHE41;PRUNE1;NF2;TRIM32"
"tRNA Modification (GO:0006400)","6/67",0.989866861576564,0.999996292850528,0,0,0.436306088418192,0.0044437025327262,"DTWD2;OSGEPL1;THUMPD2;TRMT13;DUS1L;ELP5"
"RNA Modification (GO:0009451)","4/51",0.990002234708542,0.999996292850528,0,0,0.377632029134265,0.00379447630106214,"DTWD2;TSR3;ELP5;JMJD6"
"Metaphase Plate Congression (GO:0051310)","4/51",0.990002234708542,0.999996292850528,0,0,0.377632029134265,0.00379447630106214,"BOD1;CUL3;VPS4A;CHMP6"
"Receptor Internalization (GO:0031623)","4/51",0.990002234708542,0.999996292850528,0,0,0.377632029134265,0.00379447630106214,"CAV3;GRK4;NEDD4;RAMP1"
"Regulation Of Smoothened Signaling Pathway (GO:0008589)","4/51",0.990002234708542,0.999996292850528,0,0,0.377632029134265,0.00379447630106214,"FBXL17;FUZ;UCHL5;GAS8"
"Negative Regulation Of Cell Motility (GO:2000146)","15/133",0.990570771963623,0.999996292850528,0,0,0.563276681709928,0.00533646337086193,"DUSP3;LIMCH1;TPM1;NOG;TET1;MITF;FUZ;FOXO3;TMEFF2;BRMS1L;SPOCK3;DAG1;PIN1;NF2;AMH"
"Bile Acid And Bile Salt Transport (GO:0015721)","1/23",0.990624027710483,0.999996292850528,0,0,0.201834521687463,0.00190132224904595,"ABCC2"
"Cholesterol Efflux (GO:0033344)","1/23",0.990624027710483,0.999996292850528,0,0,0.201834521687463,0.00190132224904595,"ABCA5"
"Immune Response-Activating Cell Surface Receptor Signaling Pathway (GO:0002429)","1/23",0.990624027710483,0.999996292850528,0,0,0.201834521687463,0.00190132224904595,"SH2B2"
"Negative Regulation Of Lymphocyte Activation (GO:0051250)","1/23",0.990624027710483,0.999996292850528,0,0,0.201834521687463,0.00190132224904595,"DUSP3"
"Positive Regulation Of Epithelial Cell Apoptotic Process (GO:1904037)","1/23",0.990624027710483,0.999996292850528,0,0,0.201834521687463,0.00190132224904595,"CARM1"
"Positive Regulation Of Neuron Apoptotic Process (GO:0043525)","1/23",0.990624027710483,0.999996292850528,0,0,0.201834521687463,0.00190132224904595,"FOXO3"
"Protein N-linked Glycosylation Via Asparagine (GO:0018279)","1/23",0.990624027710483,0.999996292850528,0,0,0.201834521687463,0.00190132224904595,"PSMD2"
"Protein Localization To Cell Junction (GO:1902414)","1/23",0.990624027710483,0.999996292850528,0,0,0.201834521687463,0.00190132224904595,"STAU2"
"Regulation Of Cholesterol Metabolic Process (GO:0090181)","1/23",0.990624027710483,0.999996292850528,0,0,0.201834521687463,0.00190132224904595,"ACADVL"
"Regulation Of Toll-Like Receptor 4 Signaling Pathway (GO:0034143)","1/23",0.990624027710483,0.999996292850528,0,0,0.201834521687463,0.00190132224904595,"DAB2IP"
"Response To BMP (GO:0071772)","1/23",0.990624027710483,0.999996292850528,0,0,0.201834521687463,0.00190132224904595,"HJV"
"Regulation Of Neuron Projection Development (GO:0010975)","21/174",0.990731882152134,0.999996292850528,0,0,0.607875351674076,0.00566013047931149,"DDR1;RET;CAMK2B;GSK3A;MUSK;AVIL;TWF2;DAB2IP;NOL3;ARHGAP35;PAK1;LRRC7;RUFY3;RAPGEF1;CTNNA2;RTN4IP1;FKBP4;PDLIM5;CAMK2G;SCN1B;LZTS3"
"Negative Regulation Of BMP Signaling Pathway (GO:0030514)","3/43",0.990893305708278,0.999996292850528,0,0,0.332840599455041,0.00304496350307449,"NOG;UBE2D1;HIPK2"
"Positive Regulation Of Transcription Elongation By RNA Polymerase II (GO:0032968)","3/43",0.990893305708278,0.999996292850528,0,0,0.332840599455041,0.00304496350307449,"MED14;PWWP2B;MED9"
"Response To Amyloid-Beta (GO:1904645)","3/43",0.990893305708278,0.999996292850528,0,0,0.332840599455041,0.00304496350307449,"CACNB1;CACNA2D1;ADRB2"
"Negative Regulation Of Peptidase Activity (GO:0010466)","5/60",0.991081562394795,0.999996292850528,0,0,0.403291365123426,0.00361286347954208,"UBXN1;SPOCK3;PARK7;GAPDH;SERPINA5"
"Positive Regulation Of Neuron Death (GO:1901216)","2/34",0.991312184542726,0.999996292850528,0,0,0.277427812585127,0.00242077254380843,"MAPT;FOXO3"
"Regulation Of T Cell Receptor Signaling Pathway (GO:0050856)","2/34",0.991312184542726,0.999996292850528,0,0,0.277427812585127,0.00242077254380843,"DUSP3;PHPT1"
"Response To Estrogen (GO:0043627)","2/34",0.991312184542726,0.999996292850528,0,0,0.277427812585127,0.00242077254380843,"CITED4;PELP1"
"Semaphorin-Plexin Signaling Pathway (GO:0071526)","2/34",0.991312184542726,0.999996292850528,0,0,0.277427812585127,0.00242077254380843,"SEMA6C;SEMA4D"
"Smoothened Signaling Pathway (GO:0007224)","2/34",0.991312184542726,0.999996292850528,0,0,0.277427812585127,0.00242077254380843,"MAP3K10;HIPK2"
"Superoxide Metabolic Process (GO:0006801)","2/34",0.991312184542726,0.999996292850528,0,0,0.277427812585127,0.00242077254380843,"PRDX2;SOD1"
"Arachidonic Acid Metabolic Process (GO:0019369)","4/52",0.991391162890377,0.999996292850528,0,0,0.369741982374852,0.00319682881721792,"CYP2J2;FAAH;PTGES2;PLA2G4C"
"Icosanoid Metabolic Process (GO:0006690)","4/52",0.991391162890377,0.999996292850528,0,0,0.369741982374852,0.00319682881721792,"CYP2J2;FAAH;PLA2G4C;MAPKAPK2"
"Negative Regulation Of Response To Stimulus (GO:0048585)","4/52",0.991391162890377,0.999996292850528,0,0,0.369741982374852,0.00319682881721792,"GGT7;DDAH1;AQP11;MAP2K5"
"Negative Regulation Of DNA-templated Transcription (GO:0045892)","160/1025",0.992232696298455,0.999996292850528,0,0,0.814125568285592,0.0063482469620398,"NDUFA13;RORC;UBE2D1;PHB2;IKZF4;RPS6KA5;SCMH1;MAEL;CAPN3;KAT8;HOXA7;MAF1;MYOZ1;MYOZ2;MEF2A;MEF2C;TLE2;MLIP;TLE1;SFMBT1;USP2;ZNF10;MED9;MITF;FOXP2;THAP7;BIN1;KAT6B;ZNF556;ZFPM2;ZNF554;PPID;ATF4;URI1;CTBP1;RTF1;FOXO3;ZNF25;PRDX5;ZNF703;SMYD2;ZNF425;DMAP1;MAP2K5;ZBTB18;HEXIM2;ZBTB17;CBX7;HSPA8;JUN;SMAD3;MTERF3;ZBTB16;CBX1;IRF2BP1;RITA1;NR1D2;FOXN3;NR2F6;POU6F1;THAP11;FAM220A;MLXIPL;CNOT7;SP2;BCL6;COPS2;MAFG;MAP3K10;ZNF778;GTF2IRD1;ZNF777;RCOR3;CPEB3;RCOR2;EZH1;ZNF512B;ZNF253;MESP1;THRB;THRA;BHLHE41;AKR1B1;OTUD7B;ZC3H8;N4BP2L2;TRO;BCL7A;SIX4;VPS72;HJV;C1QBP;MLX;ZNF248;ANKRD2;YAF2;ZNF641;NKX3-1;USP47;ZHX2;PARP1;DNMT3A;NOG;EN1;TET1;PROX1;OXSR1;DUSP26;SIRT2;PPM1A;GCFC2;MYH2;ZEB1;TFDP2;CRY2;PPARA;CRYAB;PRKN;HDAC4;HDAC5;CEBPB;NFIX;SATB1;CIPC;SRF;FOXK2;GPS2;MOSPD1;CXXC5;HDAC9;CIART;RXRA;MTA1;DNAJB4;HSF1;ATOH8;NRIP1;HSF4;SAP18;LINC-PINT;APBB1;E2F6;BEND5;E2F8;MBD3;IGBP1;SEMA4D;CNBP;DAB2IP;WWP1;ACVR2B;PEX14;PER1;PER3;NMNAT1;BRMS1L;NFIC;DNAJA3;ZNF219;TAF7"
"Extracellular Matrix Disassembly (GO:0022617)","3/44",0.992251471895838,0.999996292850528,0,0,0.324702598524623,0.00252576537855452,"HPN;KLK4;WASHC1"
"Positive Regulation Of Osteoblast Differentiation (GO:0045669)","3/44",0.992251471895838,0.999996292850528,0,0,0.324702598524623,0.00252576537855452,"MEF2C;LRP3;ACVR2B"
"Regulation Of B Cell Proliferation (GO:0030888)","3/44",0.992251471895838,0.999996292850528,0,0,0.324702598524623,0.00252576537855452,"MEF2C;BCL2;AMH"
"Synaptic Vesicle Recycling (GO:0036465)","3/44",0.992251471895838,0.999996292850528,0,0,0.324702598524623,0.00252576537855452,"RAB3A;AP3S2;SNCB"
"Regulation Of Apoptotic Process (GO:0042981)","106/705",0.99231403562292,0.999996292850528,0,0,0.780278129187371,0.00602035577685327,"MTCH2;ZFAND6;ARAF;PARK7;PHB2;FAM162A;AKT2;RUVBL2;CAPN3;MEF2C;ACTN3;ACTN2;DAPK2;SCRIB;FBXO10;BIN1;PPIF;VDAC1;ALPK2;RAF1;SQSTM1;RNF122;PPID;ATF4;MAPKAP1;GLO1;HPN;PSEN2;OMA1;FOXO3;HIGD1A;RTN4;PRDX3;PRDX2;PRDX5;UBB;BAG3;BAG1;MAP3K20;DMAP1;HSPA9;MOAP1;JUN;CRADD;FZD9;OSGIN1;GADD45G;HIGD2A;MLLT11;COPS5;BCL6;GDNF;BCL2;MAP3K10;NF2;AVEN;FAF1;HSPB1;ETFA;TRIAP1;RNF157;AIFM1;OPA1;SIX4;VPS72;C1QBP;ANKRD1;MLST8;MYO18A;AMH;DNM1L;TOMM70;USP47;TSC22D1;UTP11;OXSR1;SUPV3L1;RNF144B;HAX1;PAX7;AKT1S1;NAA35;CRYAB;FXN;PRKN;PRKAA2;NOL3;PTPA;FRZB;ERBB4;SAP18;APBB1;LCMT1;SEMA4D;BNIP3;DAB2IP;HIPK3;MTOR;SOD1;RSL1D1;SH3RF2;PINK1;DNAJA3;NEURL1;SPRY2;TPT1"
"Dicarboxylic Acid Transport (GO:0006835)","1/24",0.992347471276631,0.999996292850528,0,0,0.193047267216065,0.00148298130076147,"SLC1A7"
"Iron Ion Transport (GO:0006826)","1/24",0.992347471276631,0.999996292850528,0,0,0.193047267216065,0.00148298130076147,"LMTK2"
"Mononuclear Cell Differentiation (GO:1903131)","1/24",0.992347471276631,0.999996292850528,0,0,0.193047267216065,0.00148298130076147,"THOC5"
"Negative Regulation Of Ossification (GO:0030279)","1/24",0.992347471276631,0.999996292850528,0,0,0.193047267216065,0.00148298130076147,"MEF2C"
"Positive Regulation Of Cell Cycle G2/M Phase Transition (GO:1902751)","1/24",0.992347471276631,0.999996292850528,0,0,0.193047267216065,0.00148298130076147,"RRM2B"
"Positive Regulation Of Interleukin-17 Production (GO:0032740)","1/24",0.992347471276631,0.999996292850528,0,0,0.193047267216065,0.00148298130076147,"PRKCQ"
"Positive Regulation Of Natural Killer Cell Mediated Immunity (GO:0002717)","1/24",0.992347471276631,0.999996292850528,0,0,0.193047267216065,0.00148298130076147,"SH2D1B"
"Positive Regulation Of Vascular Endothelial Growth Factor Production (GO:0010575)","1/24",0.992347471276631,0.999996292850528,0,0,0.193047267216065,0.00148298130076147,"ATF4"
"Regulation Of Heterotypic Cell-Cell Adhesion (GO:0034114)","1/24",0.992347471276631,0.999996292850528,0,0,0.193047267216065,0.00148298130076147,"MAP2K5"
"Secondary Alcohol Biosynthetic Process (GO:1902653)","1/24",0.992347471276631,0.999996292850528,0,0,0.193047267216065,0.00148298130076147,"FDFT1"
"Regulation Of MAP Kinase Activity (GO:0043405)","12/114",0.992440995397882,0.999996292850528,0,0,0.521394026061668,0.00395619118533042,"FGF16;MEF2C;CAV3;EGF;DAB2IP;NEK10;SPRY3;SPRY2;TPD52L1;PPEF2;HRAS;MAP2K5"
"Chloride Transport (GO:0006821)","7/77",0.992450226957271,0.999996292850528,0,0,0.443453355155483,0.00336067437435081,"CLCN4;FXYD1;SLC26A9;SLC6A1;ANO5;SLC1A7;CLCN1"
"Monoatomic Cation Homeostasis (GO:0055080)","7/77",0.992450226957271,0.999996292850528,0,0,0.443453355155483,0.00336067437435081,"JPH2;HJV;CIB2;COX11;ANK3;CNNM4;CUTC"
"Negative Regulation Of Blood Vessel Morphogenesis (GO:2000181)","7/77",0.992450226957271,0.999996292850528,0,0,0.443453355155483,0.00336067437435081,"ROCK2;COL4A3;DAB2IP;SPRY2;FOXO4;SYNJ2BP;AMOT"
"Positive Regulation Of Synaptic Transmission (GO:0050806)","7/77",0.992450226957271,0.999996292850528,0,0,0.443453355155483,0.00336067437435081,"LGI1;SLC8A3;NOL3;ZDHHC2;SQSTM1;RAPSN;CRHR2"
"Cellular Response To Alcohol (GO:0097306)","4/53",0.992594020419858,0.999996292850528,0,0,0.362173978340314,0.00269223475707413,"OSBPL7;MYL1;KLF9;ADCY2"
"Negative Regulation Of Viral Genome Replication (GO:0045071)","4/53",0.992594020419858,0.999996292850528,0,0,0.362173978340314,0.00269223475707413,"MAVS;TNIP1;BANF1;PROX1"
"Regulation Of Cyclin-Dependent Protein Kinase Activity (GO:1904029)","4/53",0.992594020419858,0.999996292850528,0,0,0.362173978340314,0.00269223475707413,"HSP90AB1;CDC37;CCNG1;MNAT1"
"Spermatid Development (GO:0007286)","4/53",0.992594020419858,0.999996292850528,0,0,0.362173978340314,0.00269223475707413,"FXR1;CCDC63;EIF4G3;CCDC62"
"Positive Regulation Of Transcription By RNA Polymerase II (GO:0045944)","145/938",0.992667430122891,0.999996292850528,0,0,0.805099467277453,0.00592519821272554,"CSF3;PWWP2B;FHOD1;NRL;PARK7;ABRA;DCAF6;HOXA10;CHCHD2;RPS6KA5;RUVBL2;PITX2;HOXA7;IER5;MEF2A;LMO1;MEF2C;MLIP;PTOV1;MED9;MITF;LMO7;JMJD6;ZSCAN21;FIZ1;ZFPM2;SQSTM1;ATF4;CASZ1;FOXO4;FOXO3;PCBP1;DVL1;ZBED1;DVL3;CAMTA2;RPRD1B;PPARGC1A;MAP2K5;ZBTB18;ESRRA;ZBTB17;STAT5B;AKIRIN2;JUN;SMAD3;SS18L1;ANKRD23;ESRRB;NR1D2;ESRRG;PBX1;BMP5;MLXIPL;MAVS;COPS5;GDNF;MYF6;PIN1;NFE2L1;MESP1;RNF10;CALCOCO1;SETD3;THRB;THRA;AKR1B1;SIX1;TRIAP1;YBX1;PKD1;HOXC10;IKBKB;MED14;PPP3CB;CSRP3;DBP;HJV;MLX;NOS1;TEAD1;HRAS;NKX3-1;PELP1;MYOG;NCOA1;TCF15;PARP1;TFEB;PAX3;TET1;VEZF1;PROX1;OXSR1;SIRT2;RGMA;KAT2B;HAX1;TFDP2;THRAP3;MYOD1;PPARA;RHOQ;PRKN;HDAC4;HDAC5;CEBPB;NFIX;SRF;CEBPG;FOXK2;GPS2;MOSPD1;BARX2;RXRB;RXRA;HSF2;HSF1;ATOH8;NRIP1;SHOX;APBB1;MEF2D;RXRG;E2F8;TBX1;MLXIP;MCRS1;CNBP;DAB2IP;ZNF76;USF3;USF2;HIPK2;PER1;PSMC3;TNIP1;PRKRA;NFIC;KANSL3;TAF8;TAF7;LPIN1;PFKM;CCDC62"
"Macrophage Activation (GO:0042116)","2/35",0.992725125328081,0.999996292850528,0,0,0.269004399758963,0.00196412637512527,"DYSF;MAPT"
"Regulation Of Postsynaptic Membrane Potential (GO:0060078)","2/35",0.992725125328081,0.999996292850528,0,0,0.269004399758963,0.00196412637512527,"GSK3A;MEF2C"
"Golgi Vesicle Transport (GO:0048193)","24/197",0.9928487269418,0.999996292850528,0,0,0.614145612781711,0.00440770216726487,"GABARAPL2;LMAN2L;STX17;SAR1B;COG4;CUL3;RAB1B;ATL2;USO1;MIA2;TRAPPC9;USE1;GOLGA4;VPS51;VAPB;RAB12;SGSM2;MYO18A;KIF1C;PICK1;YIPF7;PREB;TMED1;WHAMM"
"Positive Regulation Of Transferase Activity (GO:0051347)","16/143",0.993051080315054,0.999996292850528,0,0,0.558092666636523,0.0038916783118257,"DDR1;RET;GSK3A;HSP90AB1;MUSK;DCUN1D2;CSRP3;PINK1;TNIP1;ERBB4;HNRNPA2B1;PIN1;PRKCQ;MAP2K7;FGFR4;ROS1"
"Regulation Of Endothelial Cell Proliferation (GO:0001936)","9/93",0.993194545473443,0.999996292850528,0,0,0.474978555832813,0.00324349425022741,"ATP5IF1;FGF16;PDCL3;ATP5F1A;EGF;ATOH8;VEGFB;PROX1;SYNJ2BP"
"Sensory Organ Development (GO:0007423)","6/70",0.993229662537961,0.999996292850528,0,0,0.415777542950641,0.00282452659981498,"NTF4;SIX4;POLR2D;FREM2;PBX1;HIPK2"
"Sulfur Compound Biosynthetic Process (GO:0044272)","6/70",0.993229662537961,0.999996292850528,0,0,0.415777542950641,0.00282452659981498,"MPST;GGT7;EXTL1;B4GAT1;LIAS;ST3GAL3"
"Protein Lipidation (GO:0006497)","5/62",0.993286056498057,0.999996292850528,0,0,0.389092961411162,0.00262115718992075,"TP53INP2;PIGZ;ZDHHC7;WIPI1;ZDHHC2"
"Response To Tumor Necrosis Factor (GO:0034612)","11/108",0.993400011502828,0.999996292850528,0,0,0.502598433620297,0.00332813884076063,"IKBKB;IGBP1;SLC22A5;ZFAND6;ANKRD1;DAB2IP;MAP2K7;YBX3;TRIM32;MAP4K3;NKX3-1"
"Epidermal Growth Factor Receptor Signaling Pathway (GO:0007173)","3/45",0.993412641603197,0.999996292850528,0,0,0.316952121448034,0.00209478436631751,"DGKD;EGF;PTPN11"
"Natural Killer Cell Activation (GO:0030101)","3/45",0.993412641603197,0.999996292850528,0,0,0.316952121448034,0.00209478436631751,"BAG6;KAT7;PBX1"
"Positive Regulation Of Cell Differentiation (GO:0045597)","37/283",0.993442771714005,0.999996292850528,0,0,0.665205443308558,0.00437626777452558,"CSF3;MTCH2;CEBPB;PKDCC;HSP90AB1;SMARCD3;SRF;AKR1B1;LRP3;MAPK9;FRZB;GPC1;ZNF703;DPF3;SMYD1;HIF1AN;SOX6;MYOG;MEF2C;SMAD3;TCF15;PHF10;ZBTB16;ADRA2B;ACVR2B;MAPK12;MTOR;GPRC5B;ZEB1;GDNF;MYOD1;CARM1;MYF6;ASB4;RBM24;TRIM32;MYF5"
"Positive Regulation Of Cellular Process (GO:0048522)","87/594",0.993580077667038,0.999996292850528,0,0,0.757020233188237,0.0048756786407085,"N6AMT1;RNF10;CSF3;HSP90AB1;IRS1;FAF1;AKR1B1;HOXC10;CRKL;RPTOR;BCL7A;AKT2;C1QBP;BCL7B;MLST8;DPF3;AMH;IER5;TEAD1;HRAS;NKX3-1;USP47;CSNK2A1;TSC22D1;PRMT1;IL11RA;SLC30A2;TPM1;DHPS;TBC1D8;RAD23A;PROX1;DUSP26;SIRT2;SUPV3L1;MYL1;PARD3;PFDN1;MAPT;PHPT1;FXN;HDGFL2;HDAC4;CTF1;PRKAA2;SMARCD3;MAPKAP1;CUL3;SRF;HPN;COX17;AKAP6;MTLN;TBRG4;PRDX3;PAK1;ERBB4;ZNF703;S100A13;RPRD1B;MARK4;PRODH;TBX1;LGI1;PHF10;EGF;CNBP;NRDC;KLHL22;MTOR;BMP5;MLXIPL;GDF9;FGF16;CNOT7;GDNF;DNAJA2;BCL2;SAA1;AQP11;ECHDC3;FAM98A;FGFR4;SLC25A33;TRIM32;EIF4G1;RNF187"
"Negative Regulation Of Angiogenesis (GO:0016525)","8/86",0.993630740291997,0.999996292850528,0,0,0.454724175324448,0.0029055192252864,"ROCK2;COL4A3;DAB2IP;SPRY2;FOXO4;SYNJ2BP;EPN1;AMOT"
"Mesenchymal Cell Differentiation (GO:0048762)","4/54",0.993634520501812,0.999996292850528,0,0,0.354908694467157,0.00226638500916994,"MEF2C;ROCK2;NOG;FBXL17"
"Nucleosome Assembly (GO:0006334)","4/54",0.993634520501812,0.999996292850528,0,0,0.354908694467157,0.00226638500916994,"CHAF1B;KAT6B;POLE3;NAP1L4"
"Peptidyl-Tyrosine Modification (GO:0018212)","4/54",0.993634520501812,0.999996292850528,0,0,0.354908694467157,0.00226638500916994,"PKDCC;ERBB4;DYRK1A;FGFR4"
"Positive Regulation Of Leukocyte Chemotaxis (GO:0002690)","4/54",0.993634520501812,0.999996292850528,0,0,0.354908694467157,0.00226638500916994,"MSTN;C1QBP;VEGFB;PRSS56"
"Hemopoiesis (GO:0030097)","10/101",0.993644656318015,0.999996292850528,0,0,0.487080487080487,0.00310544245909362,"PRDX3;CEBPB;PINK1;ZBTB16;GLRX5;MKNK2;SBDS;ARIH2;KAT8;ATF4"
"Visual Perception (GO:0007601)","10/101",0.993644656318015,0.999996292850528,0,0,0.487080487080487,0.00310544245909362,"BBS2;DNAJC19;OPA1;RGS9BP;PRPH2;PRKRA;OPA3;EYA4;RABGGTB;GPR179"
"Carbohydrate Biosynthetic Process (GO:0016051)","1/25",0.993754102772096,0.999996292850528,0,0,0.184992283950617,0.00115906627780104,"ST3GAL3"
"Cardiac Conduction System Development (GO:0003161)","1/25",0.993754102772096,0.999996292850528,0,0,0.184992283950617,0.00115906627780104,"SCN5A"
"Cholesterol Biosynthetic Process (GO:0006695)","1/25",0.993754102772096,0.999996292850528,0,0,0.184992283950617,0.00115906627780104,"FDFT1"
"Mismatch Repair (GO:0006298)","1/25",0.993754102772096,0.999996292850528,0,0,0.184992283950617,0.00115906627780104,"MLH1"
"Negative Regulation Of Intracellular Protein Transport (GO:0090317)","1/25",0.993754102772096,0.999996292850528,0,0,0.184992283950617,0.00115906627780104,"PARK7"
"Negative Regulation Of Protein Localization To Membrane (GO:1905476)","1/25",0.993754102772096,0.999996292850528,0,0,0.184992283950617,0.00115906627780104,"RHOQ"
"Negative Regulation Of Protein Transport (GO:0051224)","1/25",0.993754102772096,0.999996292850528,0,0,0.184992283950617,0.00115906627780104,"PKDCC"
"Negative Regulation Of Telomere Maintenance Via Telomere Lengthening (GO:1904357)","1/25",0.993754102772096,0.999996292850528,0,0,0.184992283950617,0.00115906627780104,"PARP1"
"Negative Regulation Of Transposition (GO:0010529)","1/25",0.993754102772096,0.999996292850528,0,0,0.184992283950617,0.00115906627780104,"ZNF91"
"Organophosphate Ester Transport (GO:0015748)","1/25",0.993754102772096,0.999996292850528,0,0,0.184992283950617,0.00115906627780104,"TRIAP1"
"Osteoclast Differentiation (GO:0030316)","1/25",0.993754102772096,0.999996292850528,0,0,0.184992283950617,0.00115906627780104,"GLO1"
"Positive Regulation Of T Cell Migration (GO:2000406)","1/25",0.993754102772096,0.999996292850528,0,0,0.184992283950617,0.00115906627780104,"OXSR1"
"Regulation Of Keratinocyte Proliferation (GO:0010837)","1/25",0.993754102772096,0.999996292850528,0,0,0.184992283950617,0.00115906627780104,"KLF9"
"Regulation Of Lysosomal Lumen pH (GO:0035751)","1/25",0.993754102772096,0.999996292850528,0,0,0.184992283950617,0.00115906627780104,"ATP6V1D"
"Secretory Granule Organization (GO:0033363)","1/25",0.993754102772096,0.999996292850528,0,0,0.184992283950617,0.00115906627780104,"AP3S2"
"Organonitrogen Compound Biosynthetic Process (GO:1901566)","13/123",0.993812109350397,0.999996292850528,0,0,0.523648782911078,0.00325034821063327,"HACD1;MOCS2;ALAS1;PCYT1A;PLA2G4C;GDF1;GPHN;B4GAT1;TNIP1;DMD;LARGE1;INHA;BCAT2"
"Regulation Of Cell Motility (GO:2000145)","13/123",0.993812109350397,0.999996292850528,0,0,0.523648782911078,0.00325034821063327,"ROCK2;OSGIN1;NEXN;AMOT;CSRP3;ERBB4;AKT2;SPOCK3;PIN1;AMOTL1;PHPT1;RAF1;TRIM32"
"Negative Regulation Of T Cell Proliferation (GO:0042130)","2/36",0.993912176953479,0.999996292850528,0,0,0.261076481804926,0.00159424510269274,"CEBPB;SCRIB"
"Negative Regulation Of Sequestering Of Calcium Ion (GO:0051283)","2/36",0.993912176953479,0.999996292850528,0,0,0.261076481804926,0.00159424510269274,"RYR1;IBTK"
"Positive Regulation Of Phospholipase C Activity (GO:0010863)","2/36",0.993912176953479,0.999996292850528,0,0,0.261076481804926,0.00159424510269274,"PHB2;HRAS"
"Substrate Adhesion-Dependent Cell Spreading (GO:0034446)","2/36",0.993912176953479,0.999996292850528,0,0,0.261076481804926,0.00159424510269274,"PARVB;BVES"
"Vesicle Fusion (GO:0006906)","7/79",0.994179077915878,0.999996292850528,0,0,0.431082166454507,0.00251662737541283,"STX17;RAB12;VPS4A;TOM1;YIPF7;PIP4K2B;CHMP6"
"Phosphatidylinositol Metabolic Process (GO:0046488)","5/63",0.994182522870623,0.999996292850528,0,0,0.382360959651036,0.00223087146980469,"MTMR3;INPPL1;INPP5J;PMPCA;IP6K3"
"Positive Regulation Of Gene Expression (GO:0010628)","68/480",0.994344481237521,0.999996292850528,0,0,0.728640103416237,0.00413253463569857,"N6AMT1;MYOM1;MYLK2;CALCOCO1;GSK3A;CELF1;PRKAG1;AKR1B1;PARK7;SGF29;VPS72;KAT7;AMH;NKX3-1;MEF2C;MAP2K2;TLE1;MUSK;NSUN5;PRMT1;NOG;DYRK1A;CIRBP;MITF;ANK3;OXSR1;KAT2B;PRR16;GUF1;PADI2;RBM20;GAPDH;RBM24;ATF4;PRKN;SLC24A3;ROCK2;HPN;LRP3;AGPAT1;TTN;FXR1;MAPK9;FXR2;S100A13;METTL5;PPARGC1A;SMAD3;EGF;USP21;RDX;SAMD4A;EEF2;MTOR;SOD1;PDCL3;FGF16;ACTC1;DNAJA4;SAA1;SPRY2;SLC26A9;FAM98A;CPEB3;EIF3C;FGFR4;EIF4G3;LAMTOR5"
"Activation Of GTPase Activity (GO:0090630)","10/102",0.994348510665481,0.999996292850528,0,0,0.48175646001733,0.00273036409518113,"TBC1D4;GRTP1;RALGAPA2;ARHGEF16;SGSM2;TBC1D8;SCRIB;TSC1;EVI5L;TBC1D17"
"B Cell Receptor Signaling Pathway (GO:0050853)","3/46",0.994404327376954,0.999996292850528,0,0,0.309562131677333,0.00173707293635964,"MEF2C;BCL2;SH2B2"
"Development Of Primary Male Sexual Characteristics (GO:0046546)","3/46",0.994404327376954,0.999996292850528,0,0,0.309562131677333,0.00173707293635964,"SIX4;CSDE1;AKR1B1"
"Epithelial Cell Migration (GO:0010631)","3/46",0.994404327376954,0.999996292850528,0,0,0.309562131677333,0.00173707293635964,"NANOS1;PTP4A3;TESK1"
"Homotypic Cell-Cell Adhesion (GO:0034109)","3/46",0.994404327376954,0.999996292850528,0,0,0.309562131677333,0.00173707293635964,"GNAS;HSPB1;MYL12A"
"Male Gonad Development (GO:0008584)","3/46",0.994404327376954,0.999996292850528,0,0,0.309562131677333,0.00173707293635964,"SIX4;CSDE1;AKR1B1"
"Mitotic G2/M Transition Checkpoint (GO:0044818)","3/46",0.994404327376954,0.999996292850528,0,0,0.309562131677333,0.00173707293635964,"BABAM1;NABP2;FOXN3"
"Positive Regulation Of Epithelial Cell Migration (GO:0010634)","9/95",0.994659702936876,0.999996292850528,0,0,0.463875418909312,0.00248387076001383,"GPI;ROCK2;EGF;ATOH8;PROX1;RTN4;CLASP1;MTOR;CLASP2"
"Response To Ionizing Radiation (GO:0010212)","6/72",0.994848833422675,0.999996292850528,0,0,0.403128641197908,0.00208194963310719,"BABAM1;STK11;MTA1;EYA1;NABP2;USP28"
"Negative Regulation Of Response To External Stimulus (GO:0032102)","16/146",0.994862833246655,0.999996292850528,0,0,0.545112639616331,0.00280755215114887,"DUSP3;PARP1;FEM1A;TRAF3IP1;GPS2;FXR1;PPP6C;PPM1B;SHARPIN;C1QBP;SAA1;BANF1;CEP63;CTNNA2;PPARA;TRIM45"
"Histone H3-K4 Methylation (GO:0051568)","1/26",0.994902146210135,0.999996292850528,0,0,0.177581699346405,0.000907600918009456,"BOD1"
"Meiosis I (GO:0007127)","1/26",0.994902146210135,0.999996292850528,0,0,0.177581699346405,0.000907600918009456,"ZSCAN21"
"Mitotic Spindle Assembly Checkpoint Signaling (GO:0007094)","1/26",0.994902146210135,0.999996292850528,0,0,0.177581699346405,0.000907600918009456,"KLHL22"
"Mitotic Spindle Checkpoint Signaling (GO:0071174)","1/26",0.994902146210135,0.999996292850528,0,0,0.177581699346405,0.000907600918009456,"KLHL22"
"Negative Regulation Of Interleukin-1 Beta Production (GO:0032691)","1/26",0.994902146210135,0.999996292850528,0,0,0.177581699346405,0.000907600918009456,"CPTP"
"Organelle Membrane Fusion (GO:0090174)","1/26",0.994902146210135,0.999996292850528,0,0,0.177581699346405,0.000907600918009456,"STX17"
"Regulation Of Interferon-Alpha Production (GO:0032647)","1/26",0.994902146210135,0.999996292850528,0,0,0.177581699346405,0.000907600918009456,"MAVS"
"Regulation Of Vascular Endothelial Growth Factor Production (GO:0010574)","1/26",0.994902146210135,0.999996292850528,0,0,0.177581699346405,0.000907600918009456,"ATF4"
"Regulation Of Vasoconstriction (GO:0019229)","1/26",0.994902146210135,0.999996292850528,0,0,0.177581699346405,0.000907600918009456,"SMTNL1"
"Response To Glucocorticoid (GO:0051384)","1/26",0.994902146210135,0.999996292850528,0,0,0.177581699346405,0.000907600918009456,"GOT1"
"Spindle Assembly Checkpoint Signaling (GO:0071173)","1/26",0.994902146210135,0.999996292850528,0,0,0.177581699346405,0.000907600918009456,"KLHL22"
"Telomere Maintenance Via Telomere Lengthening (GO:0010833)","1/26",0.994902146210135,0.999996292850528,0,0,0.177581699346405,0.000907600918009456,"HSP90AB1"
"Axonemal Dynein Complex Assembly (GO:0070286)","2/37",0.994908626541916,0.999996292850528,0,0,0.253601587733977,0.00129447853297916,"CCDC63;DNAAF5"
"Positive Regulation Of Cysteine-Type Endopeptidase Activity (GO:2001056)","5/64",0.994963650579728,0.999996292850528,0,0,0.375857161340406,0.0018977308358523,"FIS1;NDUFA13;CYCS;UACA;NKX3-1"
"Positive Regulation Of Type I Interferon Production (GO:0032481)","5/64",0.994963650579728,0.999996292850528,0,0,0.375857161340406,0.0018977308358523,"TOMM70;MAVS;POLR3D;PTPN11;GAPDH"
"Regulation Of Endothelial Cell Migration (GO:0010594)","8/88",0.995050406358191,0.999996292850528,0,0,0.443301500682128,0.00219961037969574,"GPI;ROCK2;EGF;DNAJA4;ATOH8;DAB2IP;PROX1;SYNJ2BP"
"Cellular Response To Lipid (GO:0071396)","28/228",0.995091591064602,0.999996292850528,0,0,0.619418381344307,0.00304784488652042,"RET;URI1;NDUFA13;IRS1;ROCK2;TWF2;RORC;AKR1B1;ADCY2;ATP1A2;RUVBL2;ZNF703;NRIP1;PDK4;ANKRD1;NKX3-1;MYOG;TBX1;HSPA8;MEF2C;TRIM41;DAB2IP;WNT9A;FAM210B;TNIP1;MYOD1;PLAA;CCDC62"
"Bicellular Tight Junction Assembly (GO:0070830)","3/47",0.995250401390271,0.999996292850528,0,0,0.302508050532574,0.00144021475112643,"CHAF1B;PARD3;ARL2"
"Cognition (GO:0050890)","3/47",0.995250401390271,0.999996292850528,0,0,0.302508050532574,0.00144021475112643,"NSUN5;RP9;SOBP"
"Positive Regulation Of Epithelial To Mesenchymal Transition (GO:0010718)","3/47",0.995250401390271,0.999996292850528,0,0,0.302508050532574,0.00144021475112643,"SMAD3;ZNF703;MTOR"
"Positive Regulation Of Smooth Muscle Cell Proliferation (GO:0048661)","3/47",0.995250401390271,0.999996292850528,0,0,0.302508050532574,0.00144021475112643,"JUN;MFN2;MEF2D"
"Regulation Of T Cell Differentiation (GO:0045580)","3/47",0.995250401390271,0.999996292850528,0,0,0.302508050532574,0.00144021475112643,"SMARCD3;PHF10;SOD1"
"Negative Regulation Of Transcription By RNA Polymerase II (GO:0000122)","114/763",0.995253322576835,0.999996292850528,0,0,0.77378949004477,0.00368167389093532,"RORC;UBE2D1;HOXA7;MYOZ1;MYOZ2;MEF2A;MEF2C;MLIP;USP2;MED9;ZNF10;MITF;BIN1;THAP7;ZNF556;ZFPM2;ZNF554;PPID;ATF4;URI1;CTBP1;RTF1;FOXO3;ZNF25;BAG3;SMYD2;ZNF425;DMAP1;MAP2K5;ZBTB18;HEXIM2;ZBTB17;CBX7;JUN;SMAD3;ZBTB16;CBX1;IRF2BP1;RITA1;NR1D2;NR2F6;POU6F1;THAP11;FAM220A;BCL6;SP2;COPS2;MAFG;ZNF778;GTF2IRD1;CPEB3;EZH1;THRB;THRA;BHLHE41;AKR1B1;OTUD7B;N4BP2L2;TRO;VPS72;HJV;C1QBP;MLX;ZNF248;ANKRD2;ZNF641;ZHX2;PARP1;DNMT3A;NOG;EN1;TET1;PROX1;OXSR1;DUSP26;SIRT2;PPM1A;MYH2;ZEB1;CRY2;PPARA;HDAC4;PRKN;HDAC5;CEBPB;NFIX;SATB1;GPS2;MOSPD1;CXXC5;HDAC9;RXRA;MTA1;DNAJB4;HSF1;NRIP1;HSF4;LINC-PINT;APBB1;E2F6;E2F8;MBD3;IGBP1;SEMA4D;CNBP;DAB2IP;ACVR2B;PER1;PER3;NFIC;DNAJA3;BRMS1L;ZNF219;TAF7"
"Cellular Response To Peptide (GO:1901653)","4/56",0.99530955416624,0.999996292850528,0,0,0.341216428706208,0.00160422238356337,"CACNB1;TRIM41;CACNA2D1;ADRB2"
"Mitotic DNA Damage Checkpoint Signaling (GO:0044773)","4/56",0.99530955416624,0.999996292850528,0,0,0.341216428706208,0.00160422238356337,"BABAM1;STK33;FOXN3;FBXO31"
"Pattern Recognition Receptor Signaling Pathway (GO:0002221)","4/56",0.99530955416624,0.999996292850528,0,0,0.341216428706208,0.00160422238356337,"MAVS;MAPKAPK3;MAPKAPK2;IPO5"
"RNA Metabolic Process (GO:0016070)","11/111",0.995317287566752,0.999996292850528,0,0,0.487430365920262,0.00228785711376941,"SUPV3L1;EXOSC7;EXOSC5;DDX39B;FASTKD1;FASTKD2;PABPC4;DIS3L;DDX54;NUDT3;TBRG4"
"Cellular Response To Interleukin-1 (GO:0071347)","7/81",0.995527262644891,0.999996292850528,0,0,0.419379690656286,0.00187998268393722,"IKBKB;RPS6KA5;USP10;ANKRD1;DAB2IP;MYLK3;NKX3-1"
"Canonical Wnt Signaling Pathway (GO:0060070)","5/65",0.995643550844765,0.999996292850528,0,0,0.369570156306798,0.00161353078511595,"FRZB;DVL1;FZD9;DVL3;WNT9A"
"Regulation Of Tyrosine Phosphorylation Of STAT Protein (GO:0042509)","5/65",0.995643550844765,0.999996292850528,0,0,0.369570156306798,0.00161353078511595,"CTF1;CNOT7;PPP2R1A;ERBB4;NF2"
"Calcium-Dependent Cell-Cell Adhesion Via Plasma Membrane Cell Adhesion Molecules (GO:0016339)","2/38",0.995744423338432,0.999996292850528,0,0,0.246541965555858,0.00105141701772064,"CDH4;CDH15"
"Lymphocyte Proliferation (GO:0046651)","2/38",0.995744423338432,0.999996292850528,0,0,0.246541965555858,0.00105141701772064,"PPP3CB;MEF2C"
"Negative Regulation Of Epithelial Cell Apoptotic Process (GO:1904036)","2/38",0.995744423338432,0.999996292850528,0,0,0.246541965555858,0.00105141701772064,"PRKAA2;PPARA"
"Regulation Of Telomere Maintenance (GO:0032204)","2/38",0.995744423338432,0.999996292850528,0,0,0.246541965555858,0.00105141701772064,"SLF2;SMG5"
"Tumor Necrosis Factor-Mediated Signaling Pathway (GO:0033209)","2/38",0.995744423338432,0.999996292850528,0,0,0.246541965555858,0.00105141701772064,"IKBKB;FOXO3"
"Activation Of Phospholipase C Activity (GO:0007202)","1/27",0.995839127573328,0.999996292850528,0,0,0.170741159711748,0.000711914305092168,"PHB2"
"Cell Surface Receptor Signaling Pathway Involved In Cell-Cell Signaling (GO:1905114)","1/27",0.995839127573328,0.999996292850528,0,0,0.170741159711748,0.000711914305092168,"NXN"
"Clathrin-Dependent Endocytosis (GO:0072583)","1/27",0.995839127573328,0.999996292850528,0,0,0.170741159711748,0.000711914305092168,"CLTB"
"Positive Regulation Of Cytosolic Calcium Ion Concentration Involved In Phospholipase C-activating G Protein-Coupled Signaling Pathway (GO:0051482)","1/27",0.995839127573328,0.999996292850528,0,0,0.170741159711748,0.000711914305092168,"GPR157"
"Positive Regulation Of Response To Wounding (GO:1903036)","1/27",0.995839127573328,0.999996292850528,0,0,0.170741159711748,0.000711914305092168,"HRAS"
"Synaptic Transmission, Glutamatergic (GO:0035249)","1/27",0.995839127573328,0.999996292850528,0,0,0.170741159711748,0.000711914305092168,"UNC13C"
"Cellular Response To Mechanical Stimulus (GO:0071260)","3/48",0.995971538238255,0.999996292850528,0,0,0.295767484105359,0.0011938943969026,"MAP2K4;CRADD;BNIP3"
"Positive Regulation Of Reactive Oxygen Species Metabolic Process (GO:2000379)","3/48",0.995971538238255,0.999996292850528,0,0,0.295767484105359,0.0011938943969026,"DCXR;MAPT;SOD1"
"Membrane Lipid Biosynthetic Process (GO:0046467)","4/57",0.995978625978868,0.999996292850528,0,0,0.334757812781232,0.00134890040969233,"HACD1;SCCPDH;B3GNT5;GDF1"
"Positive Regulation Of Stress-Activated MAPK Cascade (GO:0032874)","10/105",0.996044425507854,0.999996292850528,0,0,0.466456887509519,0.00184876384281503,"SH3RF2;STK25;PRMT1;DAB2IP;MAP3K10;TNIK;TPD52L1;HRAS;GADD45G;HIPK2"
"Negative Regulation Of Cell Migration (GO:0030336)","18/163",0.996206409061324,0.999996292850528,0,0,0.549603283173735,0.0020889348270064,"DUSP3;LIMCH1;TPM1;NOG;DAB2IP;TET1;MITF;FUZ;FOXO3;TMEFF2;BRMS1L;DAG1;NF2;HOXA7;AMH;CLASP1;PFN2;CLASP2"
"Nitrogen Compound Transport (GO:0071705)","18/163",0.996206409061324,0.999996292850528,0,0,0.549603283173735,0.0020889348270064,"SLC22A3;SLC22A5;ABCC2;SLC36A2;LMAN2L;ARRDC2;SLC43A1;LRP1B;SLC6A8;TOM1;PICK1;SLC38A3;SLC25A11;RILP;RAMP1;SLC19A2;SLC38A4;SLC29A2"
"Regulation Of Endocytosis (GO:0030100)","5/66",0.996234728468665,0.999996292850528,0,0,0.363489282585766,0.00137121897662247,"RAB5B;RAB4A;TSC2;PACSIN3;CBLL1"
"Positive Regulation Of DNA-templated Transcription (GO:0045893)","194/1243",0.996260649024143,0.999996292850528,0,0,0.812153871067889,0.00304262063553886,"ABRA;DCAF6;ZXDA;RPS6KA5;ZXDC;KAT8;KAT7;HOXA7;IER5;CDK5RAP2;MEF2A;MEF2C;PTOV1;MED9;JMJD6;DDX39B;ZSCAN21;ZFPM2;ATF4;CASZ1;MRPL12;PCBP1;ZBED1;PPARGC1A;STAT5B;JUN;SS18L1;NR1D2;PBX1;MLLT11;TADA2B;ZNF496;RET;MESP1;SETD3;MSTN;AKR1B1;SGF29;HOXC10;IKBKB;RPTOR;MED14;PPP3CB;CSRP3;MLX;TEAD1;HRAS;MYOG;NCOA1;TCF15;PARP1;TFEB;PAX3;TET1;PROX1;RGMB;SIRT2;UCHL5;RGMA;KAT2B;TAF6L;MAPRE3;PPARA;RHOQ;PRKN;NFIX;GPS2;RXRB;RXRA;HSF2;HSF1;SHOX;APBB1;MEF2D;RXRG;MBD3;MCRS1;DAB2IP;ZNF76;HIPK2;PER1;PSMC3;PRKRA;NFIC;CSF3;ICE1;FHOD1;RORC;NRL;PARK7;HOXA10;CHCHD2;RUVBL2;CAPN3;PITX2;PITX3;MAP2K3;LMO1;MLIP;MAP2K2;DYRK1A;DYRK1B;MITF;LMO7;THOC5;KAT6B;FIZ1;SQSTM1;FOXO4;FOXO3;DVL1;DVL3;CAMTA2;RPRD1B;DMAP1;MAP2K7;MAP2K5;ZBTB18;ESRRA;ZBTB17;AKIRIN2;SMAD3;ZBTB16;ANKRD23;ESRRB;CHCHD10;ESRRG;BMP5;MLXIPL;MAVS;COPS5;GDNF;MYF6;PIN1;NFE2L1;RNF187;RNF10;CALCOCO1;THRB;THRA;ZC3H8;SIX1;TRIAP1;YBX1;PKD1;DBP;SIX4;VPS72;HJV;NOS1;YAF2;NKX3-1;PELP1;VEZF1;OXSR1;PPM1A;HAX1;TFDP2;THRAP3;MYOD1;HDAC4;HDAC5;CEBPB;SMARCD3;SRF;CEBPG;FOXK2;MOSPD1;BARX2;CAND2;MTA1;ERBB4;TP53INP2;ATOH8;NRIP1;TNNI2;PCBD2;E2F8;TBX1;MLXIP;EGF;CNBP;USF3;USF2;MTOR;TNIP1;KANSL2;PITHD1;CARM1;KANSL3;TAF7;LPIN1;PFKM;CCDC62"
"Positive Regulation Of Multicellular Organismal Process (GO:0051240)","52/387",0.996361878825718,0.999996292850528,0,0,0.685539988541139,0.00249862546021851,"ACHE;MESP1;UCN;THRA;SIX1;SLN;BCL7A;CPT2;SIX4;C1QBP;BCL7B;AMH;SOX6;TAPT1;NCOA1;PRKAB2;NOG;TET1;CACNB1;CNKSR2;HADHA;GAPDH;SMTNL1;FH;CEBPB;OMA1;ADRB2;AGPAT1;RTN4;ZNF703;HSF1;S100A13;MFN2;CACNG1;CACNA1S;PPARGC1A;DECR1;SMAD3;PHF10;EGF;ZBTB16;ESRRB;ESRRG;PTPN11;MTOR;GADD45G;SOD1;GDNF;BRMS1L;SAA1;GNAS;LPIN1"
"Positive Regulation Of Protein Modification Process (GO:0031401)","27/225",0.996408356844183,0.999996292850528,0,0,0.603238916870294,0.0021705191296775,"ROCK2;TESK1;CRKL;FXR1;PTPA;PAK1;FXR2;ERBB4;AKT2;DVL3;HRAS;NKX3-1;TBX1;MUSK;SEMA4D;LIMCH1;AKTIP;VEGFB;DYRK1A;ATG14;FGF16;MAVS;PINK1;PIN1;CALM3;TNIK;RAMP1"
"Negative Regulation Of Cell-Substrate Adhesion (GO:0010812)","2/39",0.996444947697073,0.999996292850528,0,0,0.239863944576557,0.000854248218401004,"NF2;HOXA7"
"Positive Regulation Of Lymphocyte Differentiation (GO:0045621)","2/39",0.996444947697073,0.999996292850528,0,0,0.239863944576557,0.000854248218401004,"SMARCD3;PHF10"
"Positive Regulation Of Pattern Recognition Receptor Signaling Pathway (GO:0062208)","2/39",0.996444947697073,0.999996292850528,0,0,0.239863944576557,0.000854248218401004,"USP15;RTN4"
"Regulation Of Mitotic Spindle Organization (GO:0060236)","2/39",0.996444947697073,0.999996292850528,0,0,0.239863944576557,0.000854248218401004,"DRG1;CHMP6"
"Retina Homeostasis (GO:0001895)","2/39",0.996444947697073,0.999996292850528,0,0,0.239863944576557,0.000854248218401004,"HSPB1;SOD1"
"Vesicle Cytoskeletal Trafficking (GO:0099518)","2/39",0.996444947697073,0.999996292850528,0,0,0.239863944576557,0.000854248218401004,"TRAK1;DYNC1I1"
"Regulation Of NIK/NF-kappaB Signaling (GO:1901222)","7/83",0.996574291339663,0.999996292850528,0,0,0.40829313463692,0.00140109457074595,"PPM1A;PPM1B;PTP4A3;PHB2;HDAC9;UACA;NR3C2"
"Interferon-Mediated Signaling Pathway (GO:0140888)","3/49",0.996585610885354,0.999996292850528,0,0,0.289319985783675,0.000989541312641076,"HDAC4;MAVS;TBKBP1"
"Negative Regulation Of DNA Metabolic Process (GO:0051053)","3/49",0.996585610885354,0.999996292850528,0,0,0.289319985783675,0.000989541312641076,"TSPYL2;ZRANB3;ANKRD1"
"Positive Regulation Of Nervous System Development (GO:0051962)","3/49",0.996585610885354,0.999996292850528,0,0,0.289319985783675,0.000989541312641076,"SLITRK4;EPHB1;TRIM32"
"Glycosaminoglycan Metabolic Process (GO:0030203)","1/28",0.9966038398487,0.999996292850528,0,0,0.164407326716695,0.000559303892868282,"HYAL4"
"Mucosal Immune Response (GO:0002385)","1/28",0.9966038398487,0.999996292850528,0,0,0.164407326716695,0.000559303892868282,"OTUD7B"
"Negative Regulation Of Mitotic Metaphase/Anaphase Transition (GO:0045841)","1/28",0.9966038398487,0.999996292850528,0,0,0.164407326716695,0.000559303892868282,"KLHL22"
"Regulation Of Chemotaxis (GO:0050920)","1/28",0.9966038398487,0.999996292850528,0,0,0.164407326716695,0.000559303892868282,"DUSP3"
"Regulation Of Chromosome Segregation (GO:0051983)","1/28",0.9966038398487,0.999996292850528,0,0,0.164407326716695,0.000559303892868282,"CSNK2A1"
"Sterol Biosynthetic Process (GO:0016126)","1/28",0.9966038398487,0.999996292850528,0,0,0.164407326716695,0.000559303892868282,"FDFT1"
"Peptidyl-Tyrosine Phosphorylation (GO:0018108)","5/67",0.996748244924042,0.999996292850528,0,0,0.357604566081542,0.00116473721100159,"DDR1;PKDCC;ERBB4;DYRK1A;FGFR4"
"Nervous System Development (GO:0007399)","59/433",0.99677717969376,0.999996292850528,0,0,0.696361298456093,0.00224787152492347,"CNTFR;MESP1;COX7B;ROGDI;MSI2;VLDLR;GBA2;ZDHHC2;PKD1;DPYSL5;KAT8;SOX6;EPHB1;CDK5RAP2;MEF2C;RBFOX1;UTP11;NOG;DYRK1A;PPP2R5D;PROX1;SDHA;HPCAL4;ALDH5A1;B3GNT5;FEZ2;NDUFS2;ZNF358;HDAC4;PRKN;WDR62;SPG7;TRAK1;KALRN;PTS;BTBD1;FLRT3;ERBB4;ADAM23;BTBD2;DVL1;MARK4;NDUFV2;LGI1;ZBTB16;ST8SIA2;FZD9;RITA1;FBXL17;WWP1;ZNF76;FUZ;BTBD6;GDNF;FABP7;NEURL1;ATXN10;FGF13;NES"
"Generation Of Neurons (GO:0048699)","19/172",0.996897563728611,0.999996292850528,0,0,0.549681430682107,0.00170800246476181,"MEF2C;CTF1;CEP85L;EN2;SIX1;EN1;ATP2B2;WNT9A;POMGNT2;PEX13;RTN4;NGRN;SIX4;ANOS1;PIN1;MAPT;ASTN2;FGF13;KIAA0319L"
"Negative Regulation Of Macromolecule Metabolic Process (GO:0010605)","21/186",0.996937195803774,0.999996292850528,0,0,0.563248033456139,0.00172776569711934,"PRKN;MEF2C;SMAD3;HSP90AB1;PRKAA2;SLC24A3;CELF1;ROCK2;LRP3;PARK7;CRKL;PINK1;CNOT7;RBL1;ATOH8;TCEAL1;MAPT;AMH;HRAS;OPTN;NKX3-1"
"Ribosomal Small Subunit Biogenesis (GO:0042274)","7/84",0.997005432019603,0.999996292850528,0,0,0.402965828497743,0.00120851896778025,"UTP11;KRR1;MRPS11;TSR3;SNU13;ERAL1;MRPS7"
"Positive Regulation Of Myeloid Leukocyte Differentiation (GO:0002763)","2/40",0.997031679584126,0.999996292850528,0,0,0.23353739838564,0.000694244708371833,"HAX1;HSF1"
"Positive Regulation Of Wound Healing (GO:0090303)","2/40",0.997031679584126,0.999996292850528,0,0,0.23353739838564,0.000694244708371833,"HRAS;MTOR"
"B Cell Activation (GO:0042113)","8/92",0.997039382493728,0.999996292850528,0,0,0.422087962060677,0.00125149452345608,"HDAC4;HDAC5;MEF2C;CEBPG;BCL2;GPS2;PHB2;HDAC9"
"Wnt Signaling Pathway (GO:0016055)","6/76",0.99704751361541,0.999996292850528,0,0,0.379999220850053,0.00112360205302309,"NXN;FRZB;DVL1;FZD9;DVL3;WNT9A"
"Cilium Movement (GO:0003341)","4/59",0.997050861097822,0.999996292850528,0,0,0.322545157214004,0.000952635890106709,"CFAP61;CCDC63;DNAAF5;GAS8"
"Phospholipid Transport (GO:0015914)","4/59",0.997050861097822,0.999996292850528,0,0,0.322545157214004,0.000952635890106709,"ATP8A1;CPTP;ABCB4;TRIAP1"
"Cell Chemotaxis (GO:0060326)","3/50",0.9971080448906,0.999996292850528,0,0,0.283146849092701,0.000820034300487833,"ARHGEF16;PRKCQ;EPHB1"
"B Cell Differentiation (GO:0030183)","5/68",0.997193867832736,0.999996292850528,0,0,0.351906665974278,0.0009888847357146,"HDAC4;HDAC5;CEBPG;GPS2;HDAC9"
"Cell-Cell Junction Organization (GO:0045216)","5/68",0.997193867832736,0.999996292850528,0,0,0.351906665974278,0.0009888847357146,"CDH4;ARVCF;SMAD3;CDH15;TLN2"
"Defense Response To Fungus (GO:0050832)","1/29",0.997227947622715,0.999996292850528,0,0,0.158525910364146,0.000440052332925494,"GAPDH"
"mRNA Splice Site Recognition (GO:0006376)","1/29",0.997227947622715,0.999996292850528,0,0,0.158525910364146,0.000440052332925494,"NOL3"
"Negative Regulation Of DNA Binding (GO:0043392)","1/29",0.997227947622715,0.999996292850528,0,0,0.158525910364146,0.000440052332925494,"JUN"
"Positive Regulation Of Endopeptidase Activity (GO:0010950)","1/29",0.997227947622715,0.999996292850528,0,0,0.158525910364146,0.000440052332925494,"ROCK2"
"Vacuolar Acidification (GO:0007035)","1/29",0.997227947622715,0.999996292850528,0,0,0.158525910364146,0.000440052332925494,"ATP6V1D"
"Modulation Of Chemical Synaptic Transmission (GO:0050804)","12/123",0.997253383171949,0.999996292850528,0,0,0.478853067763202,0.00131703541900941,"FXR1;USP46;LGI1;SLC8A3;MEF2C;HOMER1;AKAP9;CAMK2A;DYSF;TMEM108;ATP1A2;NOL3"
"Positive Regulation Of Epithelial Cell Proliferation (GO:0050679)","12/123",0.997253383171949,0.999996292850528,0,0,0.478853067763202,0.00131703541900941,"TBX1;PDCL3;EGF;HPN;ZNF703;VEGFB;SCN5A;OXSR1;PROX1;HRAS;RTN4;BMP5"
"Integrin-Mediated Signaling Pathway (GO:0007229)","7/85",0.997384269337517,0.999996292850528,0,0,0.397775119951879,0.00104183575369646,"DST;CUL3;ORC3;ITGA7;MADCAM1;ITGAE;ITGB6"
"Response To Interleukin-1 (GO:0070555)","7/85",0.997384269337517,0.999996292850528,0,0,0.397775119951879,0.00104183575369646,"HDAC4;IGBP1;USP10;ANKRD1;DAB2IP;MYLK3;NKX3-1"
"Regulation Of Transcription Elongation By RNA Polymerase II (GO:0034243)","6/77",0.997435997827257,0.999996292850528,0,0,0.374624073867805,0.000961770457705755,"INTS11;MED14;PARP1;INTS1;PWWP2B;MED9"
"rRNA Processing (GO:0006364)","9/101",0.99746731780578,0.999996292850528,0,0,0.433462478640592,0.00109921527130768,"EXOSC7;EXOSC5;NEDD4;TSR3;SBDS;DDX54;SNU13;RRP15;PELP1"
"Sterol Metabolic Process (GO:0016125)","4/60",0.997477216632084,0.999996292850528,0,0,0.316765954133084,0.000800141597473082,"ABCA5;FDX1;OSBPL1A;GBA2"
"Lymphocyte Migration (GO:0072676)","2/41",0.997522773955804,0.999996292850528,0,0,0.227535290460924,0.000564355654728869,"RET;SAA1"
"Negative Regulation Of DNA Recombination (GO:0045910)","2/41",0.997522773955804,0.999996292850528,0,0,0.227535290460924,0.000564355654728869,"ZRANB3;UBQLN4"
"Negative Regulation Of Proteolysis (GO:0045861)","2/41",0.997522773955804,0.999996292850528,0,0,0.227535290460924,0.000564355654728869,"BAG6;PTPN3"
"Amide Biosynthetic Process (GO:0043604)","3/51",0.997552132055944,0.999996292850528,0,0,0.277230926430518,0.000679456647678407,"ASAH2;GDF1;DMD"
"Positive Regulation Of Protein Localization To Cell Periphery (GO:1904377)","3/51",0.997552132055944,0.999996292850528,0,0,0.277230926430518,0.000679456647678407,"ARHGEF16;STAC3;SQSTM1"
"Regulation Of Substrate Adhesion-Dependent Cell Spreading (GO:1900024)","3/51",0.997552132055944,0.999996292850528,0,0,0.277230926430518,0.000679456647678407,"C1QBP;TESK1;CRKL"
"Positive Regulation Of I-kappaB kinase/NF-kappaB Signaling (GO:0043123)","19/175",0.997700641088701,0.999996292850528,0,0,0.539010638148569,0.00124080599058061,"PRKN;RNF31;PARP1;DDX1;MIB2;CXXC5;MID2;IKBKB;PPM1A;MAVS;PPP5C;GPRC5B;PINK1;SHARPIN;S100A13;TAB2;GAPDH;TRIM32;LAMTOR5"
"Negative Regulation Of Interleukin-1 Production (GO:0032692)","1/30",0.997737296518005,0.999996292850528,0,0,0.153050108932462,0.000346699401460325,"CPTP"
"Regulation Of Vasculature Development (GO:1901342)","1/30",0.997737296518005,0.999996292850528,0,0,0.153050108932462,0.000346699401460325,"EGLN1"
"Sensory Perception Of Light Stimulus (GO:0050953)","9/102",0.997769122914578,0.999996292850528,0,0,0.428775179602761,0.000957613279332928,"BBS2;DNAJC19;OPA1;PRPH2;PRKRA;OPA3;EYA4;RABGGTB;GPR179"
"Positive Regulation Of Cell Junction Assembly (GO:1901890)","4/61",0.997843429833934,0.999996292850528,0,0,0.311189530107635,0.000671826738030859,"SLITRK4;NPHP1;TSC1;EPHB1"
"Positive Regulation Of Interleukin-8 Production (GO:0032757)","4/61",0.997843429833934,0.999996292850528,0,0,0.311189530107635,0.000671826738030859,"MAVS;PARK7;IL17D;LAMTOR5"
"Regulation Of G Protein-Coupled Receptor Signaling Pathway (GO:0008277)","5/70",0.997914845475906,0.999996292850528,0,0,0.34103682576965,0.000711856904149212,"KCTD8;ROCK2;GRK4;CAMK2A;ZDHHC7"
"Positive Regulation Of B Cell Activation (GO:0050871)","3/52",0.997929308790957,0.999996292850528,0,0,0.271556469999444,0.000562892584887849,"MEF2C;HMCES;BCL2"
"Lipid Modification (GO:0030258)","2/42",0.997933557626224,0.999996292850528,0,0,0.221833287932443,0.000458879994090626,"DGKD;DGKB"
"Regulation Of Osteoclast Differentiation (GO:0045670)","2/42",0.997933557626224,0.999996292850528,0,0,0.221833287932443,0.000458879994090626,"CEBPB;MTOR"
"Positive Regulation Of Cell Cycle Process (GO:0090068)","11/118",0.997950299429087,0.999996292850528,0,0,0.455345886268165,0.000934280548166059,"MAP10;NSFL1C;SVIL;CENPV;RRM2B;EGF;CUL3;MAP3K20;SIRT2;USP19;E2F8"
"Regulation Of Macromolecule Metabolic Process (GO:0060255)","17/162",0.997959540132465,0.999996292850528,0,0,0.518927789934355,0.00105993307308484,"MTMR3;ROCK2;CAVIN4;YBX1;PROX1;ATP1B1;TOB2;COQ7;YBX3;TOB1;NKAPL;AFF1;PM20D2;GDNF;PIN1;UBAP2;ALPK2"
"mRNA Splicing, Via Spliceosome (GO:0000398)","24/211",0.997972246600166,0.999996292850528,0,0,0.567674390317177,0.00115227233225947,"SRPK3;HSPA8;PRMT7;SNRPN;TSSC4;GPKOW;DDX1;WBP4;PRPF40B;SNU13;CWC15;HTATSF1;USP39;LSM4;WDR77;GCFC2;DDX39B;NCBP2L;HNRNPA2B1;DHX16;SNRNP27;PIN1;SNRPD3;SNRNP35"
"B Cell Proliferation (GO:0042100)","1/31",0.998152982353463,0.999996292850528,0,0,0.147939360929557,0.000273499267065446,"MEF2C"
"Positive Regulation Of Rho Protein Signal Transduction (GO:0035025)","1/31",0.998152982353463,0.999996292850528,0,0,0.147939360929557,0.000273499267065446,"SYNPO2L"
"Positive Regulation Of Extrinsic Apoptotic Signaling Pathway (GO:2001238)","1/31",0.998152982353463,0.999996292850528,0,0,0.147939360929557,0.000273499267065446,"RET"
"Positive Regulation Of Mononuclear Cell Migration (GO:0071677)","1/31",0.998152982353463,0.999996292850528,0,0,0.147939360929557,0.000273499267065446,"C1QBP"
"Presynaptic Endocytosis (GO:0140238)","1/31",0.998152982353463,0.999996292850528,0,0,0.147939360929557,0.000273499267065446,"SNCB"
"Regulation Of Centrosome Duplication (GO:0010824)","1/31",0.998152982353463,0.999996292850528,0,0,0.147939360929557,0.000273499267065446,"FBXW5"
"Regulation Of Macrophage Activation (GO:0043030)","1/31",0.998152982353463,0.999996292850528,0,0,0.147939360929557,0.000273499267065446,"MYO18A"
"Phosphatidylinositol-Mediated Signaling (GO:0048015)","4/62",0.998157709400667,0.999996292850528,0,0,0.305805396565822,0.000563902002636797,"INPP5A;IRS1;C1QBP;NYAP2"
"Cellular Component Assembly (GO:0022607)","31/260",0.998231376836344,0.999996292850528,0,0,0.598353992359877,0.00105919966983404,"DET1;RTN4;BAG6;PPP2R1A;HSF1;DVL1;CAPN3;CFAP46;TOGARAM1;DMD;DNM1L;PPARGC1A;TEAD1;KPNA3;SLC25A46;RANBP9;CHCHD10;PDE4DIP;MITF;ANK3;PARVB;PEX14;STAG3;STK25;PARD3;TCAP;NDUFAF1;TUBGCP4;MNAT1;GAS8;PPID"
"Negative Regulation Of DNA-binding Transcription Factor Activity (GO:0043433)","15/149",0.998247902679178,0.999996292850528,0,0,0.495530140440498,0.000868978521419562,"HDAC4;EGLN1;HES6;RWDD3;SETD6;CEBPG;DAB2IP;KEAP1;PROX1;PHB2;PKD1;PEX14;MAP3K10;HIF1AN;MAP2K5"
"Blood Vessel Morphogenesis (GO:0048514)","3/53",0.998249401193535,0.999996292850528,0,0,0.266108991825613,0.000466258318286067,"TBX1;TNNI3;PROX1"
"Gonad Development (GO:0008406)","3/53",0.998249401193535,0.999996292850528,0,0,0.266108991825613,0.000466258318286067,"SIX4;CSDE1;AKR1B1"
"Positive Regulation Of NIK/NF-kappaB Signaling (GO:1901224)","3/53",0.998249401193535,0.999996292850528,0,0,0.266108991825613,0.000466258318286067,"PTP4A3;PHB2;NR3C2"
"DNA-templated DNA Replication Maintenance Of Fidelity (GO:0045005)","2/43",0.998276955334516,0.999996292850528,0,0,0.216409431868767,0.000373204733767818,"ZRANB3;SETMAR"
"Regulation Of Cell-Cell Adhesion (GO:0022407)","2/43",0.998276955334516,0.999996292850528,0,0,0.216409431868767,0.000373204733767818,"NF2;ZDHHC2"
"Regulation Of Signal Transduction (GO:0009966)","21/193",0.998453579910106,0.999996292850528,0,0,0.540091125601773,0.000835854224588174,"TSPYL2;HOMER1;CAV3;AMFR;FBXL17;TSC2;ZDHHC7;FUZ;RFNG;SYNJ2BP;SLC8A3;KCTD8;STK11;SHARPIN;GDNF;PPP2R1A;DOK5;GRK4;TMEM108;NCAM1;YWHAG"
"Intracellular pH Reduction (GO:0051452)","1/32",0.998492223984861,0.999996292850528,0,0,0.143158338604259,0.000216013600331793,"ATP6V1D"
"Proteoglycan Biosynthetic Process (GO:0030166)","1/32",0.998492223984861,0.999996292850528,0,0,0.143158338604259,0.000216013600331793,"EXTL1"
"Apical Junction Assembly (GO:0043297)","3/54",0.998520840364592,0.999996292850528,0,0,0.260875140246834,0.000386161645153232,"CHAF1B;PARD3;ARL2"
"Organelle Assembly (GO:0070925)","40/322",0.998533594416732,0.999996292850528,0,0,0.626448258965784,0.000919301423801922,"ABCB6;TRAF3IP1;UBXN2A;AVIL;RAB1B;VPS4A;ATP2A2;PTPDC1;CCDC28B;FXR1;MAP1LC3B;NUDCD3;MAP1LC3A;ABLIM3;TTC21B;TP53INP2;TOGARAM1;AP3S2;EMC6;SYNPO;PCNT;ATP6V1D;RILP;BBS2;TTC36;GABARAPL2;VTA1;ATG9A;FUZ;VPS37A;WIPI1;ATG14;NSFL1C;PACS2;RILPL1;CFAP58;ULK2;UBAP1;ULK1;CHMP6"
"Negative Regulation Of NF-kappaB Transcription Factor Activity (GO:0032088)","6/81",0.998551987269531,0.999996292850528,0,0,0.354556858467412,0.000513774910877892,"RWDD3;FAF1;SETD6;G3BP2;DAB2IP;MAP2K5"
"Regulation Of Interleukin-8 Production (GO:0032677)","6/81",0.998551987269531,0.999996292850528,0,0,0.354556858467412,0.000513774910877892,"MAVS;OTUD7B;PARK7;IL17D;MAP2K5;LAMTOR5"
"Positive Regulation Of Chemotaxis (GO:0050921)","2/44",0.998563854517263,0.999996292850528,0,0,0.211243854665266,0.000303594963119135,"HSPB1;PRSS56"
"Regulation Of DNA Recombination (GO:0000018)","2/44",0.998563854517263,0.999996292850528,0,0,0.211243854665266,0.000303594963119135,"ZRANB3;KPNA1"
"Regulation Of Cell-Substrate Adhesion (GO:0010810)","2/44",0.998563854517263,0.999996292850528,0,0,0.211243854665266,0.000303594963119135,"ARL2;TSC1"
"Regulation Of Viral Entry Into Host Cell (GO:0046596)","2/44",0.998563854517263,0.999996292850528,0,0,0.211243854665266,0.000303594963119135,"MID2;PITX3"
"Supramolecular Fiber Organization (GO:0097435)","39/316",0.998600609978145,0.999996292850528,0,0,0.621834697968842,0.000870798707297597,"MAP10;PRKN;HSP90AB1;AVIL;FLII;INPPL1;SLAIN2;PPP1R9A;LMOD3;LMOD2;DNAJB6;XIRP1;CAPN3;XIRP2;MAP4;WHAMM;MYOZ1;TMOD1;TMOD4;TPM3;TPM2;TPM1;KLHL24;CKAP5;KLHL41;TRDN;CLIP1;DES;HOOK2;RUFY3;CORO6;TUBGCP5;PIN1;TLL2;MAPT;TUBGCP4;ALDOA;FGF13;MYH6"
"RNA Splicing, Via Transesterification Reactions With Bulged Adenosine As Nucleophile (GO:0000377)","19/180",0.998619554559401,0.999996292850528,0,0,0.522109693452593,0.000721241877964238,"HSPA8;SNRPN;GPKOW;WBP4;PRPF40B;SNU13;CWC15;HTATSF1;USP39;LSM4;GCFC2;DDX39B;NCBP2L;HNRNPA2B1;SNRNP27;PIN1;DHX16;SNRPD3;SNRNP35"
"Neuron Differentiation (GO:0030182)","18/173",0.998639009371947,0.999996292850528,0,0,0.513827280349499,0.000699790425190308,"MEF2C;CTF1;CDNF;SRF;EN2;EN1;ATP2B2;WNT9A;HS6ST1;RTN4;PBX1;NGRN;ERBB4;ANOS1;PIN1;DMD;PITX2;PITX3"
"Positive Regulation Of T Cell Differentiation (GO:0045582)","4/64",0.998658073380347,0.999996292850528,0,0,0.295575542836377,0.000396907058725645,"SMARCD3;PHF10;BCL6;FOXO3"
"Positive Regulation Of Interleukin-1 Production (GO:0032732)","4/64",0.998658073380347,0.999996292850528,0,0,0.295575542836377,0.000396907058725645,"PANX1;S100A13;SAA1;HSPB1"
"Regulation Of Rho Protein Signal Transduction (GO:0035023)","5/73",0.998671165350917,0.999996292850528,0,0,0.325930944897043,0.000433396352649332,"SYNPO2L;CUL3;RAF1;ABRA;ARHGAP35"
"Regulation Of Peptidyl-Tyrosine Phosphorylation (GO:0050730)","7/90",0.998683797154058,0.999996292850528,0,0,0.373697736937932,0.000492186004291107,"PDCL3;CSF3;HAX1;CNOT7;SEMA4D;PTPN11;AMH"
"Receptor-Mediated Endocytosis (GO:0006898)","11/122",0.998740079451446,0.999996292850528,0,0,0.438828779626158,0.000553237987932666,"GRK4;NEDD4;CLTCL1;CLTB;TMEM108;LRP3;ADRB2;VLDLR;RAMP1;LRP1B;PDLIM7"
"Ceramide Metabolic Process (GO:0006672)","3/55",0.998750851419462,0.999996292850528,0,0,0.255842590651855,0.000319785180163805,"ASAH2;PPP2R1A;GDF1"
"Phosphatidylcholine Metabolic Process (GO:0046470)","3/55",0.998750851419462,0.999996292850528,0,0,0.255842590651855,0.000319785180163805,"PCYT1A;PLA2G4C;PLA2G6"
"Actin Filament Bundle Assembly (GO:0051017)","1/33",0.998769075256408,0.999996292850528,0,0,0.138676130174292,0.000170805025623177,"PDXP"
"Inositol Lipid-Mediated Signaling (GO:0048017)","1/33",0.998769075256408,0.999996292850528,0,0,0.138676130174292,0.000170805025623177,"INPP5A"
"Positive Regulation Of Notch Signaling Pathway (GO:0045747)","1/33",0.998769075256408,0.999996292850528,0,0,0.138676130174292,0.000170805025623177,"MESP1"
"Regulation Of Activated T Cell Proliferation (GO:0046006)","1/33",0.998769075256408,0.999996292850528,0,0,0.138676130174292,0.000170805025623177,"SCRIB"
"Vasculogenesis (GO:0001570)","1/33",0.998769075256408,0.999996292850528,0,0,0.138676130174292,0.000170805025623177,"TNNI3"
"Chromosome Organization (GO:0051276)","2/45",0.998803417837473,0.999996292850528,0,0,0.206318536866578,0.000247024903301741,"CENPV;AIFM1"
"Determination Of Left/Right Symmetry (GO:0007368)","2/45",0.998803417837473,0.999996292850528,0,0,0.206318536866578,0.000247024903301741,"TBX1;PITX2"
"Zymogen Activation (GO:0031638)","2/45",0.998803417837473,0.999996292850528,0,0,0.206318536866578,0.000247024903301741,"CYCS;OMA1"
"Lymphocyte Differentiation (GO:0030098)","7/91",0.998854961921575,0.999996292850528,0,0,0.369226222949627,0.000423020318261999,"HDAC4;HDAC5;CEBPG;GPS2;KAT7;HDAC9;PBX1"
"rRNA Metabolic Process (GO:0016072)","7/91",0.998854961921575,0.999996292850528,0,0,0.369226222949627,0.000423020318261999,"EXOSC7;EXOSC5;DIS3L;SBDS;DDX54;MAPT;PELP1"
"Double-Strand Break Repair (GO:0006302)","17/168",0.99892469046541,0.999996292850528,0,0,0.498123378787659,0.000535925012918928,"HELQ;SLF2;PARP1;EYA1;PARP2;ATP23;DDX1;SETMAR;BABAM1;POLB;PPP5C;MTA1;NSD2;NABP2;POLL;ZSWIM7;AP5S1"
"ncRNA Processing (GO:0034470)","8/100",0.998976240843031,0.999996292850528,0,0,0.385194851414675,0.00039454875227975,"INTS11;EXOSC7;EXOSC5;POP7;INTS1;SBDS;DDX54;PELP1"
"Regulation Of Interleukin-17 Production (GO:0032660)","1/34",0.998995007122426,0.999996292850528,0,0,0.134465570740081,0.000135204892235108,"PRKCQ"
"Sister Chromatid Segregation (GO:0000819)","1/34",0.998995007122426,0.999996292850528,0,0,0.134465570740081,0.000135204892235108,"KLHL22"
"Epithelium Development (GO:0060429)","15/154",0.998997409515872,0.999996292850528,0,0,0.47755781159654,0.00047903509568863,"FN3K;TBX1;SIX1;FUZ;OXSR1;PROX1;PPP2R3A;PKD1;UPK3A;MTHFD1;TST;DVL1;DAG1;VDAC1;ZNF358"
"Cellular Component Disassembly (GO:0022411)","2/46",0.999003349228037,0.999996292850528,0,0,0.20161709714965,0.00020104203651539,"KLK4;WASHC1"
"Enzyme-Linked Receptor Protein Signaling Pathway (GO:0007167)","11/124",0.99901572421515,0.999996292850528,0,0,0.431008733561137,0.000424440376978926,"DDR1;RET;NTF4;CNKSR1;MUSK;DOK5;ERBB4;RAPGEF1;FGFR4;ROS1;ACVR2B"
"Nucleosome Organization (GO:0034728)","5/75",0.999018967071751,0.999996292850528,0,0,0.316579685309238,0.000310727537609234,"CHAF1B;SMARCD3;KAT6B;POLE3;NAP1L4"
"Negative Regulation Of Endopeptidase Activity (GO:0010951)","4/66",0.999024802105809,0.999996292850528,0,0,0.286005679670122,0.000279048222286018,"BIN1;SPOCK3;GAPDH;SERPINA5"
"Negative Regulation Of Immune Response (GO:0050777)","4/66",0.999024802105809,0.999996292850528,0,0,0.286005679670122,0.000279048222286018,"PPP6C;PARP1;BANF1;CEP63"
"Epithelial To Mesenchymal Transition (GO:0001837)","2/47",0.999170120178586,0.999996292850528,0,0,0.197124610309029,0.000163657653888371,"ROCK2;NOG"
"Negative Regulation Of Tumor Necrosis Factor Production (GO:0032720)","2/47",0.999170120178586,0.999996292850528,0,0,0.197124610309029,0.000163657653888371,"FXR1;ARG2"
"Endoderm Formation (GO:0001706)","1/35",0.999179381800703,0.999996292850528,0,0,0.130502691272587,0.00010713684875425,"ITGA7"
"Response To Exogenous dsRNA (GO:0043330)","1/35",0.999179381800703,0.999996292850528,0,0,0.130502691272587,0.00010713684875425,"MAVS"
"Negative Regulation Of Gene Expression (GO:0010629)","41/336",0.999191785488584,0.999996292850528,0,0,0.613484656163668,0.000496027677037513,"PRKN;PRKAA2;SLC24A3;CELF1;ROCK2;LRP3;MALSU1;PARK7;YBX1;HDAC9;TOB1;CRKL;FXR1;RIDA;PAIP2B;RPS6KA5;FXR2;TCEAL1;ATOH8;MAEL;PAIP2;AMH;HRAS;NUDT12;NKX3-1;NANOS1;MEF2C;SMAD3;CSNK2A1;IFRD2;TSC1;PTBP2;KAT2B;PINK1;CNOT7;RBL1;SERBP1;MAPT;CPEB3;GAPDH;ASB1"
"Central Nervous System Development (GO:0007417)","33/283",0.999229183214914,0.999996292850528,0,0,0.583012087912088,0.000449568793124844,"PRKN;COX7B;ABCB6;AMIGO1;ROGDI;UBE3A;MSI2;GBA2;PKD1;PTS;RTN4;BAG6;UGP2;ADAM23;CDK5RAP1;SOX6;CDK5RAP2;EIF2B5;KDM4B;CADM2;ZBTB16;WWP1;ZNF76;PTPN11;PROX1;HPCAL4;PBX1;POU6F1;SLC8A3;ALDH5A1;B3GNT5;NDUFS4;NES"
"Positive Regulation Of Type II Interferon Production (GO:0032729)","3/58",0.999249796215375,0.999996292850528,0,0,0.241842952687639,0.000181499587745549,"PDE4D;CEBPG;SCRIB"
"Sphingolipid Biosynthetic Process (GO:0030148)","5/77",0.9992773338136,0.999996292850528,0,0,0.307747940142978,0.000222479429141893,"HACD1;ASAH2;ST8SIA5;GDF1;LARGE1"
"Skin Development (GO:0043588)","4/68",0.999292771275559,0.999996292850528,0,0,0.277033932951758,0.000195995670084309,"RYR1;ABCB6;PKD1;AHDC1"
"Telomere Maintenance (GO:0000723)","4/68",0.999292771275559,0.999996292850528,0,0,0.277033932951758,0.000195995670084309,"PARP1;RUVBL2;MCRS1;UCHL5"
"Transmembrane Receptor Protein Tyrosine Kinase Signaling Pathway (GO:0007169)","33/284",0.999294319906146,0.999996292850528,0,0,0.580653211330502,0.000409900058840507,"DDR1;RET;GSK3A;IRS1;ADRB2;FOXO4;KALRN;NTF4;PAK1;GRB14;FLRT3;ERBB4;AKT2;PDK4;ZNF106;EPHB1;ROS1;PDK2;SH2B2;ANKS1B;MUSK;VEGFB;TSC2;PTPN11;FRS3;CNKSR1;FGF16;MAPKAPK3;DOK5;MAPKAPK2;RAPGEF1;FGFR4;RHOQ"
"DNA Damage Response (GO:0006974)","48/384",0.999305126962622,0.999996292850528,0,0,0.630187192118227,0.000438052301302485,"USP10;SETD7;PARK7;ALKBH7;UNG;ALKBH3;BABAM1;RPTOR;POLB;PAK1;STK11;HMCES;MACROD1;MLST8;TLK2;APBB1;UBQLN4;MAP2K6;NKX3-1;ZRANB3;MOAP1;USP47;ENDOG;SLF2;CRADD;PARP1;UBE2B;PARP2;CBX1;SIRT4;USP28;REXO4;MAPK12;MTOR;FBXO31;CUL4A;BCL6;RRM2B;PSME4;MAPKAPK2;POLE3;BCL2;NABP2;CEP63;MAPT;MNAT1;HDGFL2;RBM24"
"Mitotic Sister Chromatid Segregation (GO:0000070)","9/111",0.999308015389137,0.999996292850528,0,0,0.390725340354482,0.000270469513766583,"BOD1;ABRAXAS1;CUL3;VPS4A;KLHL22;CHMP6;CLASP1;TTN;CLASP2"
"Interstrand Cross-Link Repair (GO:0036297)","1/36",0.999329840697405,0.999996292850528,0,0,0.12676626206038,8.49820687184792e-05,"FANCE"
"Regulation Of Trans-Synaptic Signaling (GO:0099177)","1/36",0.999329840697405,0.999996292850528,0,0,0.12676626206038,8.49820687184792e-05,"NOL3"
"T Cell Receptor Signaling Pathway (GO:0050852)","7/95",0.999347897439206,0.999996292850528,0,0,0.352356420175569,0.000229847474119711,"IKBKB;RNF31;EIF2B5;STOML2;EIF2B3;PDE4D;ORC3"
"Regulation Of Endopeptidase Activity (GO:0052548)","4/69",0.999398140086203,0.999996292850528,0,0,0.272755099901461,0.000164209781515149,"SPOCK3;NRDC;GAPDH;SERPINA5"
"Heterophilic Cell-Cell Adhesion Via Plasma Membrane Cell Adhesion Molecules (GO:0007157)","2/49",0.999425033028721,0.999996292850528,0,0,0.188713145586164,0.000108535030778057,"CRB1;AMIGO1"
"Negative Regulation Of T Cell Activation (GO:0050868)","2/49",0.999425033028721,0.999996292850528,0,0,0.188713145586164,0.000108535030778057,"CEBPB;DUSP3"
"Negative Regulation Of Tumor Necrosis Factor Superfamily Cytokine Production (GO:1903556)","2/49",0.999425033028721,0.999996292850528,0,0,0.188713145586164,0.000108535030778057,"FXR1;ARG2"
"Regulation Of Cell Adhesion (GO:0030155)","13/144",0.999441716115792,0.999996292850528,0,0,0.43913569432278,0.00024523084170576,"RET;SEMA4D;ROCK2;TPM1;ARHGDIG;PTPN11;DUSP26;ZDHHC2;PPP1CB;PPP2R1A;C1QBP;SAA1;CBLL1"
"Aortic Valve Morphogenesis (GO:0003180)","1/37",0.99945262027069,0.999996292850528,0,0,0.12323741224885,6.74761305759475e-05,"ROCK2"
"Positive Regulation Of Immune Effector Process (GO:0002699)","1/37",0.99945262027069,0.999996292850528,0,0,0.12323741224885,6.74761305759475e-05,"MYO18A"
"Positive Regulation Of Cell Adhesion (GO:0045785)","6/88",0.999479599584834,0.999996292850528,0,0,0.324150132693037,0.00016873177148047,"RET;C1QBP;TPM1;SAA1;ARL2;DUSP26"
"Negative Regulation Of Signal Transduction (GO:0009968)","30/267",0.99948614219694,0.999996292850528,0,0,0.559074625517292,0.000287358695893955,"OTUD4;GPI;GSK3A;ASAH2;IRS1;NXN;INPPL1;GPS2;GRB14;FRZB;GPC1;PIP4K2B;HIF1AN;NKX3-1;TLE1;CSNK2A1;NOG;DAB2IP;RITA1;TSC2;DLK1;BMP5;NEDD4;NEURL1;BCL2;SPRY3;SPRY2;PRKCQ;NOTUM;PLIN5"
"DNA Metabolic Process (GO:0006259)","33/288",0.999505939315362,0.999996292850528,0,0,0.571402714932127,0.000282377378069273,"PARG;PARK7;UNG;ALKBH3;POLB;ORC6;RUVBL2;ORC3;POLD2;LONP1;NT5M;POLL;POLG;ZRANB3;ENDOG;PARP1;UBE2B;PARP2;MCRS1;CNBP;REV1;SETMAR;UCHL5;REXO4;SUPV3L1;CDC34;RRM2B;PSME4;THAP9;POLE3;NABP2;MNAT1;DNASE1L1"
"Nucleocytoplasmic Transport (GO:0006913)","2/50",0.999521549116577,0.999996292850528,0,0,0.184770271497321,8.8424654742469e-05,"RITA1;NUP88"
"Regulation Of Interleukin-12 Production (GO:0032655)","2/50",0.999521549116577,0.999996292850528,0,0,0.184770271497321,8.8424654742469e-05,"MAST2;C1QBP"
"Myeloid Leukocyte Differentiation (GO:0002573)","4/71",0.999564629834042,0.999996292850528,0,0,0.264580612879999,0.000115215587873809,"CSF3;PARP1;GLO1;THOC5"
"Positive Regulation Of Cell-Substrate Adhesion (GO:0010811)","4/71",0.999564629834042,0.999996292850528,0,0,0.264580612879999,0.000115215587873809,"C1QBP;TESK1;ARL2;CRKL"
"Synapse Assembly (GO:0007416)","4/71",0.999564629834042,0.999996292850528,0,0,0.264580612879999,0.000115215587873809,"FLRT3;DVL1;FGF13;ZDHHC2"
"Positive Regulation Of Macromolecule Metabolic Process (GO:0010604)","44/364",0.999581966279889,0.999996292850528,0,0,0.606492835491871,0.000253587463990602,"PRKN;MYOM1;MYLK2;CALCOCO1;GSK3A;SLC24A3;CELF1;ROCK2;HPN;PRKAG1;AKR1B1;LRP3;PARK7;TTN;MAPK9;AMH;BVES;PPARGC1A;MAP2K5;NKX3-1;MEF2C;MAP2K2;TLE1;SMAD3;MUSK;EGF;RDX;NOG;SCRIB;MITF;ANK3;OXSR1;MTOR;PDCL3;FGF16;ACTC1;DNAJA4;SPRY2;SLC26A9;FAM98A;FGFR4;ATF4;LAMTOR5;EIF4G1"
"Regulation Of Intracellular Signal Transduction (GO:1902531)","34/297",0.999593421165762,0.999996292850528,0,0,0.570682832892921,0.000232074742453969,"DOCK3;RNF34;ZFAND6;ARAF;AKAP7;HSPB1;AKAP6;ARHGEF10L;KALRN;ARHGAP35;RASD2;PAK1;STK11;SMYD2;CAPN3;GPAT3;ROS1;MAP2K6;DAPK2;USP2;DAB2IP;MLF1;MTOR;HIPK2;BOP1;OBSCN;RRAGB;RGN;ARHGEF4;MAPT;TNIK;NF2;SQSTM1;OPTN"
"Cholesterol Transport (GO:0030301)","2/51",0.999601908838,0.999996292850528,0,0,0.180988331044758,7.2064200026481e-05,"ABCA5;VPS4A"
"Positive Regulation Of Ras Protein Signal Transduction (GO:0046579)","2/51",0.999601908838,0.999996292850528,0,0,0.180988331044758,7.2064200026481e-05,"ALS2;SYNPO2L"
"Regulation Of T Cell Activation (GO:0050863)","3/62",0.999621827678045,0.999996292850528,0,0,0.225391400729691,8.5252910524406e-05,"DUSP3;ORC3;PRKCQ"
"Ribosome Biogenesis (GO:0042254)","14/155",0.999626809972448,0.999996292850528,0,0,0.439223986711092,0.000163944604851183,"UTP11;KRR1;DDX54;TSC1;SNU13;MALSU1;EXOSC7;CUL4A;BOP1;EXOSC5;SPATA5L1;TNIP1;SBDS;PELP1"
"Negative Regulation Of Cell Adhesion (GO:0007162)","4/72",0.999629892743589,0.999996292850528,0,0,0.260673688935918,9.64950816971422e-05,"SEMA4D;ARHGDIG;NF2;CBLL1"
"Negative Regulation Of Lymphocyte Proliferation (GO:0050672)","1/39",0.999634566329852,0.999996292850528,0,0,0.116736899438138,4.26673901288195e-05,"CEBPB"
"Nuclear Transport (GO:0051169)","1/39",0.999634566329852,0.999996292850528,0,0,0.116736899438138,4.26673901288195e-05,"NUP88"
"Regulation Of Receptor-Mediated Endocytosis (GO:0048259)","1/39",0.999634566329852,0.999996292850528,0,0,0.116736899438138,4.26673901288195e-05,"RAB21"
"Negative Regulation Of Cytokine Production (GO:0001818)","17/178",0.999644219952013,0.999996292850528,0,0,0.466895225410115,0.000166141562380484,"CUEDC2;TRAF3IP1;HOMER2;CUL3;KLHL22;OTUD7B;PTPN11;HDAC9;RPS6KA5;NPLOC4;C1QBP;BANF1;HOMER3;PPARA;INHA;MAP2K5;ASB1"
"Negative Regulation Of Cellular Process (GO:0048523)","70/537",0.999680339649487,0.999996292850528,0,0,0.659811803273622,0.000210949390181857,"NDUFA13;CELF1;FHL1;ARHGDIG;AKR1B1;PARK7;NUDT6;STK11;BCL7A;PPP2R1A;BCL7B;ANXA6;SPEG;HRAS;NKX3-1;TSPYL2;MYOG;PACRG;TSC2;TSC1;WNT9A;PROX1;KAT2B;DDAH1;MYL2;COL4A3;NDUFS3;ULK1;RAF1;CHMP6;CRYAB;CBLL1;GAS8;CTBP1;VPS4A;FOXO4;MALSU1;TOB2;TOB1;RTN4;DNAJB2;FRZB;ERBB4;SPOCK3;SMYD2;HOXC9;TBX1;ZBTB17;SMAD3;SEMA4D;INCA1;DAB2IP;OSGIN1;FUZ;OSGIN2;BMP5;FABP3;CNOT7;BCL6;PRKRA;FABP7;DNAJA3;WNK2;NEURL1;PIN1;AQP11;ZNF777;NF2;INHA;COPS8"
"Notch Signaling Pathway (GO:0007219)","1/40",0.999701277425182,0.999996292850528,0,0,0.113736662756271,3.39807844161572e-05,"CFAP58"
"Aortic Valve Development (GO:0003176)","1/40",0.999701277425182,0.999996292850528,0,0,0.113736662756271,3.39807844161572e-05,"ROCK2"
"Endothelial Cell Migration (GO:0043542)","1/40",0.999701277425182,0.999996292850528,0,0,0.113736662756271,3.39807844161572e-05,"PTP4A3"
"Synaptic Vesicle Endocytosis (GO:0048488)","1/40",0.999701277425182,0.999996292850528,0,0,0.113736662756271,3.39807844161572e-05,"SNCB"
"Protein N-linked Glycosylation (GO:0006487)","3/64",0.999731852543192,0.999996292850528,0,0,0.21797471746996,5.84572040636864e-05,"GAL3ST1;PSMD2;ENTPD5"
"Negative Regulation Of Neuron Projection Development (GO:0010977)","2/54",0.99977069559156,0.999996292850528,0,0,0.170515265176121,3.91043855866115e-05,"RUFY3;FKBP4"
"Regulation Of Smooth Muscle Cell Proliferation (GO:0048660)","2/54",0.99977069559156,0.999996292850528,0,0,0.170515265176121,3.91043855866115e-05,"MFN2;PPARGC1A"
"Collagen Fibril Organization (GO:0030199)","1/42",0.999800125464978,0.999996292850528,0,0,0.108175248419151,2.16236385579915e-05,"TLL2"
"Regulation Of Neurotransmitter Receptor Activity (GO:0099601)","1/42",0.999800125464978,0.999996292850528,0,0,0.108175248419151,2.16236385579915e-05,"MEF2C"
"Positive Regulation Of Interleukin-6 Production (GO:0032755)","4/76",0.999807072753035,0.999996292850528,0,0,0.246131249810727,4.74900056233928e-05,"AKIRIN2;MAVS;PTPN11;IL17D"
"Positive Regulation Of Tyrosine Phosphorylation Of STAT Protein (GO:0042531)","2/55",0.999809157391618,0.999996292850528,0,0,0.167287716575094,3.19286709538136e-05,"CTF1;ERBB4"
"Cellular Response To Type II Interferon (GO:0071346)","3/66",0.999809892545616,0.999996292850528,0,0,0.211028934734657,4.01219874490643e-05,"CAMK2A;AQP4;GAPDH"
"Positive Regulation Of Hydrolase Activity (GO:0051345)","16/176",0.9998106393312,0.999996292850528,0,0,0.44208367514356,8.37211873910258e-05,"NDUFA13;SEMA4D;SNX13;MAPK12;PINK1;ALS2;SGSM2;RAPGEF1;DVL3;PIN1;CALM3;EVI5L;HRAS;SOS2;RALGPS1;PLIN5"
"Cell Junction Assembly (GO:0034329)","6/95",0.999816697663707,0.999996292850528,0,0,0.298526487377552,5.47256184018597e-05,"CDH4;ARVCF;FLRT3;CDH15;TLN2;ZDHHC2"
"Recombinational Repair (GO:0000725)","6/95",0.999816697663707,0.999996292850528,0,0,0.298526487377552,5.47256184018597e-05,"HELQ;SLF2;NABP2;POLL;ZSWIM7;AP5S1"
"Positive Regulation Of Endothelial Cell Proliferation (GO:0001938)","4/77",0.999836081891734,0.999996292850528,0,0,0.242744654398011,3.97935060678038e-05,"PDCL3;EGF;VEGFB;PROX1"
"Positive Regulation Of Cell-Matrix Adhesion (GO:0001954)","1/43",0.999836363777864,0.999996292850528,0,0,0.105593163191202,1.72802801863974e-05,"TSC1"
"Regulation Of Type II Interferon Production (GO:0032649)","5/87",0.999846631562789,0.999996292850528,0,0,0.270051466872357,4.14205478241814e-05,"C1QBP;PDE4D;CEBPG;SCRIB;INHA"
"Positive Regulation Of Tumor Necrosis Factor Production (GO:0032760)","4/78",0.999860705919312,0.999996292850528,0,0,0.239449588591044,3.33562335307684e-05,"MAVS;HSPB1;PTPN11;AMH"
"Regulation Of Defense Response (GO:0031347)","6/97",0.999864106998891,0.999996292850528,0,0,0.291929504910143,3.96738722962674e-05,"BCL6;CELF1;SETD6;SPATA2;NR1D2;PARK7"
"Intermediate Filament Organization (GO:0045109)","3/68",0.999865132262859,0.999996292850528,0,0,0.204510584783064,2.75837399111341e-05,"DES;DNAJB6;KLHL24"
"Lymphocyte Chemotaxis (GO:0048247)","1/44",0.999865929870683,0.999996292850528,0,0,0.1031311749506,1.38277369262271e-05,"SAA1"
"Positive Regulation Of Leukocyte Cell-Cell Adhesion (GO:1903039)","1/44",0.999865929870683,0.999996292850528,0,0,0.1031311749506,1.38277369262271e-05,"PRKCQ"
"Positive Regulation Of Interleukin-1 Beta Production (GO:0032731)","2/57",0.999867666178226,0.999996292850528,0,0,0.161184715584062,2.13316009021019e-05,"PANX1;HSPB1"
"Positive Regulation Of DNA-binding Transcription Factor Activity (GO:0051091)","25/246",0.99987094516425,0.999996292850528,0,0,0.499436869889656,6.44589026673371e-05,"HDAC4;RNF31;HDAC5;CSF3;SRF;CAMK2A;CEBPG;AKR1B1;PARK7;PHB2;PRDX3;IKBKB;RPS6KA5;HSF1;CAPN3;PPARGC1A;SMAD3;MID2;HIPK2;MAVS;COPS5;PRKCQ;TRIM32;RNF220;LAMTOR5"
"Positive Regulation Of Defense Response (GO:0031349)","9/124",0.99988016037522,0.999996292850528,0,0,0.346278716536928,4.15003982046821e-05,"RNF31;AKIRIN2;MEF2C;GPRC5B;FEM1A;TNIP1;POLR3D;SH2D1B;OPTN"
"Glycosaminoglycan Biosynthetic Process (GO:0006024)","2/58",0.999889711145722,0.999996292850528,0,0,0.158296688329377,1.74593231939397e-05,"B4GAT1;ST3GAL3"
"Positive Regulation Of Immune Response (GO:0050778)","4/80",0.999899309402773,0.999996292850528,0,0,0.233119593751345,2.34741329522455e-05,"AKIRIN2;C8G;POLR3D;SH2D1B"
"Response To Type II Interferon (GO:0034341)","4/80",0.999899309402773,0.999996292850528,0,0,0.233119593751345,2.34741329522455e-05,"SLC22A5;CAMK2A;AQP4;GAPDH"
"Lipid Transport (GO:0006869)","7/108",0.999899334286767,0.999996292850528,0,0,0.306757844360541,3.0881551575014e-05,"FABP3;ABCC2;ABCA5;CPTP;FABP7;GOT2;TRIAP1"
"Antigen Receptor-Mediated Signaling Pathway (GO:0050851)","10/134",0.999903718061372,0.999996292850528,0,0,0.356727695437373,3.43480876557335e-05,"EIF2B5;IKBKB;RNF31;MEF2C;EIF2B3;STOML2;ORC3;PDE4D;BCL2;SH2B2"
"Positive Regulation Of Cell-Cell Adhesion (GO:0022409)","1/46",0.999909729697295,0.999996292850528,0,0,0.0985354635681433,8.8952276169514e-06,"ANK3"
"Response To Lipopolysaccharide (GO:0032496)","13/159",0.999910971032378,0.999996292850528,0,0,0.393654090875065,3.50481774853663e-05,"MEF2C;TRIM41;DAB2IP;LIAS;PRDX3;MAPKAPK3;TNIP1;MAPKAPK2;ANKRD1;FBXO3;PLAA;TAB2;NOS1"
"Regulation Of Cytokine Production (GO:0001817)","14/167",0.999911801511324,0.999996292850528,0,0,0.404474953869678,3.56756529310299e-05,"ZBTB17;MAST2;AGPAT1;HDAC9;SOD1;PER1;RPS6KA5;BCL6;MAPKAPK2;S100A13;SAA1;AMH;GAPDH;ASB1"
"Ribonucleoprotein Complex Biogenesis (GO:0022613)","8/118",0.999915463433086,0.999996292850528,0,0,0.321805779486543,2.7205505757031e-05,"CUL4A;BOP1;SPATA5L1;UTP11;TNIP1;KRR1;SNU13;MALSU1"
"Positive Regulation Of Cell Migration (GO:0030335)","28/272",0.99991682470437,0.999996292850528,0,0,0.506334750050597,4.21162940648959e-05,"RET;FAM89B;ROCK2;RTN4;SYNE2;CRKL;PAK1;AKT2;C1QBP;ZNF703;MADCAM1;HRAS;WASHC1;CLASP1;CLASP2;SEMA6C;SEMA4D;EGF;RDX;DAB2IP;ELP5;MTOR;SH3RF2;RUFY3;PLAA;SPRY2;CBLL1;TRIM32"
"Regulation Of ERK1 And ERK2 Cascade (GO:0070372)","24/244",0.999924315638042,0.999996292850528,0,0,0.481536660106131,3.64461740995452e-05,"DDR1;DUSP3;MUSK;DAB2IP;RANBP9;PTPN11;SYNJ2BP;DUSP26;PHB2;CRKL;TNIP1;ERBB4;WNK2;NEK10;SPRY3;PIN1;SPRY2;C3ORF33;MAP2K7;FGFR4;AMH;EPHB1;HRAS;ROS1"
"Adenylate Cyclase-Activating G Protein-Coupled Receptor Signaling Pathway (GO:0007189)","7/110",0.999924409674309,0.999996292850528,0,0,0.300764304895683,2.27357310748565e-05,"ADCY9;GNAS;ADCY2;ADRB2;ADRA2B;RAMP1;GPR157"
"Positive Regulation Of Lymphocyte Activation (GO:0051251)","1/47",0.999925782577954,0.999996292850528,0,0,0.0963874680306905,7.15389486990685e-06,"PRKCQ"
"Regulation Of Wound Healing (GO:0061041)","1/47",0.999925782577954,0.999996292850528,0,0,0.0963874680306905,7.15389486990685e-06,"HRAS"
"Positive Regulation Of Angiogenesis (GO:0045766)","8/119",0.99992638826399,0.999996292850528,0,0,0.318886963361725,2.34746869808639e-05,"PDCL3;PKM;STIM1;HSPB6;S100A1;VEGFB;HSPB1;HIPK2"
"Positive Regulation Of Tumor Necrosis Factor Superfamily Cytokine Production (GO:1903557)","4/82",0.999927035804214,0.999996292850528,0,0,0.22711421403163,1.6571810560043e-05,"MAVS;HSPB1;PTPN11;AMH"
"Steroid Metabolic Process (GO:0008202)","5/92",0.999929239524119,0.999996292850528,0,0,0.254452926208651,1.80058472064394e-05,"DHRS11;BDH1;GBA2;CYP17A1;FDFT1"
"Double-Strand Break Repair Via Homologous Recombination (GO:0000724)","7/111",0.99993443008564,0.999996292850528,0,0,0.297853980443997,1.95309003162653e-05,"HELQ;SLF2;MCMDC2;NABP2;POLL;ZSWIM7;AP5S1"
"Negative Regulation Of Inflammatory Response (GO:0050728)","7/111",0.99993443008564,0.999996292850528,0,0,0.297853980443997,1.95309003162653e-05,"FXR1;SHARPIN;FEM1A;SAA1;GPS2;PPARA;TRIM45"
"Cellular Defense Response (GO:0006968)","1/48",0.999938877097674,0.999996292850528,0,0,0.0943308765586613,5.76595317186688e-06,"VEZF1"
"Positive Regulation Of Peptidyl-Tyrosine Phosphorylation (GO:0050731)","9/130",0.999946452152853,0.999996292850528,0,0,0.328986069508102,1.76169674430821e-05,"CSF3;GPRC5B;HAX1;CTF1;SEMA4D;ERBB4;DOK7;PTPN11;AMH"
"DNA Repair (GO:0006281)","30/291",0.99994657619592,0.999996292850528,0,0,0.50690822582121,2.70816891524676e-05,"POLDIP2;ABRAXAS1;DDX1;PARK7;UNG;ALKBH3;BABAM1;POLB;MTA1;NSD2;POLL;ZRANB3;USP47;SLC30A9;PARP1;UBE2B;EYA1;PARP2;WRNIP1;RAD23A;MLH1;FANCE;RAD23B;REXO4;PPP5C;NEIL2;RRM2B;PSME4;NABP2;MNAT1"
"Antibacterial Humoral Response (GO:0019731)","1/49",0.999949557504809,0.999996292850528,0,0,0.0923599763979666,4.65898517167458e-06,"PLA2G6"
"Positive Regulation Of Lymphocyte Proliferation (GO:0050671)","3/74",0.999951041626512,0.999996292850528,0,0,0.187158920827417,9.16322065757356e-06,"MEF2C;BCL2;AMH"
"Positive Regulation Of Vasculature Development (GO:1904018)","6/104",0.999951642826803,0.999996292850528,0,0,0.27096052492445,1.31032018528842e-05,"PDCL3;STIM1;HSPB6;VEGFB;HSPB1;HIPK2"
"Defense Response To Virus (GO:0051607)","16/189",0.999957362835779,0.999996292850528,0,0,0.408534744515625,1.74191343456158e-05,"TRIM41;BNIP3;PHB2;MID2;AKAP1;NT5C3A;MAVS;EXOSC5;CNOT7;TRIM7;NDUFAF4;TTC4;BCL2;DHX16;TBKBP1;TRIM32"
"Regulation Of BMP Signaling Pathway (GO:0030510)","3/75",0.999958445851847,0.999996292850528,0,0,0.184548138056312,7.66890000863936e-06,"NOG;UBE2D1;HIPK2"
"Positive Regulation Of Cell Motility (GO:2000147)","20/221",0.99996224358647,0.999996292850528,0,0,0.439249141644637,1.65847853277015e-05,"RET;SEMA6C;FAM89B;SEMA4D;ROCK2;EGF;RDX;ELP5;SYNE2;SH3RF2;PAK1;AKT2;RUFY3;ZNF703;SPRY2;PHPT1;CBLL1;HRAS;WASHC1;TRIM32"
"Regulation Of GTPase Activity (GO:0043087)","19/214",0.999964619993146,0.999996292850528,0,0,0.430168554306485,1.52196356369201e-05,"RABGAP1;SEMA4D;RDX;DAB2IP;SNX13;ARL2;SOD1;ALS2;RASA4;SGSM2;RAPGEF1;DVL3;PIN1;EVI5L;BVES;HRAS;SOS2;RALGPS1;PRKG1"
"Sensory Perception (GO:0007600)","1/51",0.999965371562766,0.999996292850528,0,0,0.0886546840958606,3.07002631915746e-06,"GNAS"
"Regulation Of Immune Response (GO:0050776)","3/77",0.999969844166883,0.999996292850528,0,0,0.179538257603653,5.41420736973941e-06,"C8G;BCL6;INPPL1"
"Positive Regulation Of NF-kappaB Transcription Factor Activity (GO:0051092)","11/152",0.999971357606463,0.999996292850528,0,0,0.344821842887079,9.87666437028347e-06,"PRDX3;IKBKB;RNF31;RPS6KA5;CAMK2A;CAPN3;AKR1B1;PRKCQ;TRIM32;MID2;LAMTOR5"
"Regulation Of DNA-templated Transcription (GO:0006355)","288/1922",0.999974504068716,0.999996292850528,0,0,0.765054265976507,1.95060196573183e-05,"PHB2;IKZF4;ZXDA;HOXA9;RPS6KA5;ZSCAN31;PPP2R1A;ZXDC;HOXA3;KAT8;DPF3;KAT7;HOXA7;SOX6;PKNOX2;CDK5RAP2;HOXA4;HES6;MEF2C;SFMBT1;JMJD6;THAP7;ZSCAN21;PRKCQ;ZFPM2;ATF4;URI1;CASZ1;ZNF273;CTBP1;IGSF1;HTATSF1;MRPL12;ZNF703;ZBED1;ZNF821;HOXC9;PPARGC1A;HOXC8;KAT14;HOXC6;HEXIM2;STAT5B;JUN;MTERF3;SNAI3;SS18L1;IRF2BP1;NR1D2;PBX1;THAP10;POU6F1;THAP11;MLLT11;TADA2B;ZFAT;GTF2IRD1;SIM1;RCOR3;SIM2;RCOR2;SLC2A4RG;CDK16;ZNF496;RET;GPI;MESP1;ZNF253;SETD3;MSTN;BHLHE41;AKR1B1;SGF29;HOXC10;IKBKB;MED14;PPP3CB;MLX;ANKRD1;ANKRD2;TEAD1;HRAS;TEAD3;TEAD4;NCOA1;ZHX2;PARP1;TCF15;EN2;TFEB;EN1;PAX3;ASH1L;PROX1;RGMB;MLF1;SIRT2;UCHL5;TOX4;KAT2B;TAF6L;GCFC2;ZEB1;TAL2;PAX7;MAPRE3;ZNF358;PPARA;VGLL2;CRYAB;ASCL5;NFIX;SATB1;CIPC;GPS2;CCDC106;TRAK1;RXRB;RXRA;HSF2;NSD2;HSF1;SHOX;HSF4;APBB1;MBD3;ZNF341;MCRS1;DAB2IP;ZNF76;WWP1;PEX14;HIPK2;ZNF33A;PER1;NMNAT1;PRKRA;NFIC;ZNF219;TCEA2;ZNF579;ZNF575;NDUFA13;RORC;NRL;NR3C2;HOXA10;RUVBL2;SCMH1;MAEL;CAPN3;PITX2;PITX1;PITX3;MAP2K3;TLE2;MAP2K2;TLE1;ZNF680;MAMSTR;DYRK1A;DYRK1B;ATP1B4;MITF;PIAS2;FOXP2;KAT6B;ZNF438;ZNF433;ZNF672;FOXO6;FOXO4;FOXO3;TTC21B;DVL1;ZKSCAN2;DVL3;ZNF425;ZNF667;CAMTA2;ZNF787;DMAP1;MAP2K7;ZNF664;ZNF784;ZBTB18;ESRRA;HSPA8;SMAD3;PHF10;BRPF3;ZBTB16;ESRRB;ESRRG;FOXN3;MLXIPL;CNOT7;SP2;BCL6;SP4;MAFG;MYF6;MAP3K10;ZNF777;MNAT1;BRWD1;NFE2L1;MYF5;RNF187;ZNF771;RNF10;CALCOCO1;THRA;ZC3H8;SIX1;YBX1;DBP;SIX4;BCL7A;VPS72;BCL7B;NOS1;YAF2;NKX3-1;TSFM;USP47;DNMT3A;ZFP91;VEZF1;OXSR1;REXO4;PPM1A;MYH2;PTP4A3;SETBP1;TFDP2;THRAP3;MYOD1;DMRTA1;ZNF517;CRY2;HDAC4;USP13;HDAC5;CEBPB;CAMK2D;SMARCD3;ZBTB47;PERM1;CEBPG;ZBTB43;FOXK2;ZBTB42;HDAC9;BARX2;MLLT6;CIART;CAND2;REPIN1;MTA1;ZNF628;ERBB4;TP53INP2;ATOH8;SAP18;TNNI2;ZNF865;PCBD2;E2F6;BEND5;E2F8;TBX1;MLXIP;EGF;CNBP;USF2;YY1AP1;ACVR2B;TBX15;TEF;TNIP1;KANSL2;PITHD1;CARM1;KANSL3;KLF9;TAF7;ZNF853"
"Regulation Of Small GTPase Mediated Signal Transduction (GO:0051056)","7/118",0.999974774934203,0.999996292850528,0,0,0.278949981077641,7.0366203766871e-06,"OBSCN;DOCK3;ARHGEF4;ARHGEF10L;SQSTM1;KALRN;ARHGAP35"
"Positive Regulation Of Chemokine Production (GO:0032722)","1/53",0.999975885370865,0.999996292850528,0,0,0.0852344142785319,2.05542107284152e-06,"MAVS"
"Cellular Response To Tumor Necrosis Factor (GO:0071356)","7/119",0.999977786822494,0.999996292850528,0,0,0.276442307692308,6.14073025371038e-06,"IKBKB;ZFAND6;ANKRD1;DAB2IP;FOXO3;YBX3;NKX3-1"
"Positive Regulation Of Endocytosis (GO:0045807)","3/79",0.999977830967932,0.999996292850528,0,0,0.174792055069554,3.87501362691252e-06,"RAB21;NEDD4L;CBLL1"
"Epidermal Cell Differentiation (GO:0009913)","1/54",0.99997973422051,0.999996292850528,0,0,0.0836210794590373,1.69466352895648e-06,"PITX2"
"Cell-Cell Adhesion Via Plasma-Membrane Adhesion Molecules (GO:0098742)","13/172",0.999980167291058,0.999996292850528,0,0,0.361178128329381,7.1632117287197e-06,"CRB1;CADM2;AMIGO1;NEXN;PKD1;MYPN;IGSF11;TRO;CDH4;FLRT3;MYOT;CLDN12;CDH15"
"Cilium Organization (GO:0044782)","20/228",0.999980712683218,0.999996292850528,0,0,0.424282465413043,8.18334923315769e-06,"CFAP61;BBS2;TTC36;TRAF3IP1;AVIL;FUZ;PTPDC1;CCDC28B;NUDCD3;ABLIM3;RILPL1;TTC21B;CFAP58;TOGARAM1;MAP4;FAM161B;PCNT;MARK4;ATP6V1D;RILP"
"Positive Regulation Of Signal Transduction (GO:0009967)","25/266",0.999980781323861,0.999996292850528,0,0,0.457421107228653,8.79111259604888e-06,"MESP1;THRB;IRS1;GPS2;SLC2A4;AGPAT1;RXRB;RXRA;TMEM108;RSPO3;FGFBP3;NKX3-1;ZRANB1;RWDD3;CSNK2A1;CRADD;HOMER1;DAB2IP;PTPN11;TPD52L1;UCHL5;MN1;GKAP1;GAS8;MYORG"
"Defense Response To Symbiont (GO:0140546)","10/148",0.999982804624422,0.999996292850528,0,0,0.320260972434885,5.50705505199248e-06,"NT5C3A;MAVS;EXOSC5;CNOT7;TRIM41;NDUFAF4;BNIP3;TTC4;BCL2;TBKBP1"
"Phagocytosis (GO:0006909)","2/69",0.99998316817359,0.999996292850528,0,0,0.132218233268417,2.22549308027754e-06,"C1ORF43;JMJD6"
"Anterograde Trans-Synaptic Signaling (GO:0098916)","16/199",0.999984497051565,0.999996292850528,0,0,0.385971361159301,5.98374049232569e-06,"CHRNA1;UNC13C;CHRNB1;DTNA;HOMER1;KCNC4;SLC6A1;CACNB1;CHRND;CHRNG;AKAP9;EXOC4;CHRNA10;SNCB;RAPSN;SCN2B"
"Positive Regulation Of Intracellular Signal Transduction (GO:1902533)","61/525",0.999985978364065,0.999996292850528,0,0,0.577363648947951,8.09563964477692e-06,"RET;DDR1;CSF3;HSP90AB1;PLEKHF1;SCHIP1;GPR61;ETFA;GPR62;PARK7;PHB2;NR3C2;IKBKB;RPTOR;C1QBP;MLST8;AMH;DNM1L;HRAS;NKX3-1;MIOS;MUSK;PARP1;ADRA2B;MID2;PPM1A;GPRC5B;PTP4A3;HAX1;RRAGB;DOK5;RRAGD;RAF1;GAPDH;RNF31;PRKN;ROCK2;DDX1;ADRB2;CXXC5;RTN4;RASD2;SHARPIN;S100A13;SH2B1;TBX1;FIS1;SEMA4D;EGF;DAB2IP;MIB2;SOD1;PPP5C;PINK1;MAVS;NEDD4;SPRY2;TAB2;TRIM32;MYORG;LAMTOR5"
"Proteolysis (GO:0006508)","33/330",0.999986567158159,0.999996292850528,0,0,0.489316239316239,6.57295179959801e-06,"RET;HPN;PSEN2;KLK4;UBE3A;UFSP2;SPG7;APEH;NLN;NPEPPS;PRSS50;PSMB5;CAPN9;DPP8;PITRM1;DPP9;DDI2;ADAM23;LONP1;FBXO3;CAPN3;USP25;PRSS56;CLPX;AFG3L2;RNF123;PM20D2;NPEPL1;CLPP;TLL2;ATG4A;THOP1;ATG4D"
"Phospholipase C-activating G Protein-Coupled Receptor Signaling Pathway (GO:0007200)","3/83",0.999987315682105,0.999996292850528,0,0,0.166011580381471,2.10575701481489e-06,"HOMER1;GNA11;GPR157"
"Chemokine-Mediated Signaling Pathway (GO:0070098)","1/57",0.999987507441517,0.999996292850528,0,0,0.0791267896047308,9.88502221219039e-07,"OXSR1"
"Regulation Of Interleukin-1 Beta Production (GO:0032651)","3/84",0.999988796263226,0.999996292850528,0,0,0.163951962862045,1.83688492556501e-06,"PANX1;CPTP;HSPB1"
"Positive Regulation Of Cell Population Proliferation (GO:0008284)","54/483",0.999989137021481,0.999996292850528,0,0,0.552955748313582,6.00677904185001e-06,"CSF3;IRS1;AKR1B1;HOXC10;CRKL;BCL7A;AKT2;BCL7B;SCN5A;AMH;HRAS;NKX3-1;MEF2C;CSNK2A1;TSC22D1;PRMT1;IL11RA;DHPS;TBC1D8;PROX1;OXSR1;NDUFS4;PFDN1;ZFPM2;FXN;HDAC4;CTF1;CUL3;COX17;TBRG4;PRDX3;PAK1;ERBB4;ZNF703;S100A13;RPRD1B;TBX1;EGF;CNBP;FZD9;BMP5;MLXIPL;GDF9;FGF16;CNOT7;GDNF;DNAJA2;BCL2;AQP11;FAM98A;FGFR4;NES;SLC25A33;RNF187"
"Regulation Of Phagocytosis (GO:0050764)","1/58",0.999989201864624,0.999996292850528,0,0,0.0777338225738639,8.39384871365115e-07,"DYSF"
"Epidermis Development (GO:0008544)","3/85",0.999990031163087,0.999996292850528,0,0,0.161942579916262,1.61438721518921e-06,"NTF4;ATP2A2;YBX1"
"Regulation Of Transcription By RNA Polymerase II (GO:0006357)","296/2028",0.999990342546425,0.999996292850528,0,0,0.738612855199656,7.13315380297743e-06,"IKZF4;ABRA;DCAF6;ZXDA;HOXA9;RPS6KA5;ZSCAN31;ZXDC;HOXA3;DPF3;HOXA7;MYOZ1;SOX6;IER5;MYOZ2;PKNOX2;HOXA4;MEF2A;HES6;MEF2C;PTOV1;ZNF10;MED9;JMJD6;THAP7;BIN1;ZSCAN21;ZFPM2;ATF4;URI1;CASZ1;CTBP1;RTF1;HTATSF1;ZNF25;PCBP1;ZBED1;ZNF821;HOXC9;PPARGC1A;HOXC8;KAT14;HOXC6;HEXIM2;STAT5B;JUN;SS18L1;IRF2BP1;NR1D2;PBX1;THAP10;NR2F6;POU6F1;THAP11;FAM220A;TADA2B;GTF2IRD1;SIM1;RCOR3;CPEB3;SIM2;RCOR2;SLC2A4RG;EZH1;ZNF496;MESP1;SETD3;BHLHE41;OTUD7B;AKR1B1;SGF29;N4BP2L2;HOXC10;IKBKB;MED14;PPP3CB;CSRP3;C1QBP;MLX;ANKRD1;ZNF248;ANKRD2;TEAD1;HRAS;TEAD3;TEAD4;MYOG;NCOA1;ZHX2;PARP1;TCF15;NOG;EN2;TFEB;EN1;PAX3;TET1;PROX1;SIRT2;RGMA;TOX4;KAT2B;TAF6L;ZEB1;TAL2;PAX7;MAPRE3;ZNF358;PPARA;VGLL2;RHOQ;ASCL5;PRKN;NFIX;SATB1;GPS2;CCDC106;TRAK1;RXRB;RXRA;HSF2;HSF1;SHOX;HSF4;APBB1;LINC-PINT;MEF2D;RXRG;MBD3;MCRS1;DAB2IP;ZNF76;HIPK2;PER1;PER3;PSMC3;PRKRA;NFIC;ZNF219;ZNF579;ZNF575;CSF3;FHOD1;RORC;UBE2D1;NRL;PARK7;NR3C2;HOXA10;CHCHD2;RUVBL2;PITX2;PITX1;PITX3;LMO1;MLIP;MAMSTR;USP2;LMO7;MITF;PIAS2;FOXP2;ZNF438;FIZ1;ZNF556;ZNF433;SQSTM1;ZNF554;PPID;ZNF672;FOXO6;FOXO4;FOXO3;TTC21B;DVL1;SMYD2;ZKSCAN2;DVL3;ZNF425;RPRD1B;ZNF667;CAMTA2;ZNF787;DMAP1;MAP2K5;ZNF784;ZBTB18;ESRRA;AKIRIN2;CBX7;ZBTB17;SMAD3;PHF10;BRPF3;ZBTB16;CBX1;ANKRD23;ESRRB;RITA1;ESRRG;BMP5;MLXIPL;MAVS;COPS5;SP2;BCL6;GDNF;SP4;COPS2;MAFG;MYF6;ZNF778;PIN1;MNAT1;BRWD1;NFE2L1;MYF5;ZNF771;RNF10;CALCOCO1;THRB;THRA;SIX1;YBX1;TRIAP1;PKD1;TRO;DBP;SIX4;BCL7A;VPS72;HJV;BCL7B;NOS1;ZNF641;NKX3-1;PELP1;DNMT3A;ZFP91;VEZF1;OXSR1;DUSP26;PPM1A;MYH2;HAX1;TFDP2;THRAP3;MYOD1;DMRTA1;ZNF517;CRY2;HDAC4;HDAC5;CEBPB;CAMK2D;SMARCD3;ZBTB47;SRF;CEBPG;ZBTB43;FOXK2;ZBTB42;MOSPD1;CXXC5;HDAC9;BARX2;MLLT6;REPIN1;MTA1;DNAJB4;ATOH8;NRIP1;SAP18;ZNF865;E2F6;E2F8;TBX1;MLXIP;IGBP1;SEMA4D;CNBP;USF3;USF2;ACVR2B;TBX15;TEF;TNIP1;DNAJA3;KANSL3;BRMS1L;KLF9;TAF7;ZNF853;LPIN1;PFKM;CCDC62"
"Cellular Response To Molecule Of Bacterial Origin (GO:0071219)","6/117",0.999990345525096,0.999996292850528,0,0,0.239034780621909,2.30776643087242e-06,"MEF2C;TRIM41;TNIP1;ANKRD1;DAB2IP;PLAA"
"Cellular Response To Chemokine (GO:1990869)","1/59",0.999990580803703,0.999996292850528,0,0,0.0763888888888889,7.19525328063496e-07,"OXSR1"
"Regulation Of Response To External Stimulus (GO:0032101)","7/127",0.99999060862607,0.999996292850528,0,0,0.257885524640844,2.42191076549481e-06,"BCL6;GRK4;CELF1;SETD6;SPATA2;NR1D2;PARK7"
"Regulation Of Tumor Necrosis Factor Production (GO:0032680)","7/127",0.99999060862607,0.999996292850528,0,0,0.257885524640844,2.42191076549481e-06,"FXR1;MAVS;ARG2;MAPKAPK2;HSPB1;PTPN11;AMH"
"Regulation Of Gene Expression (GO:0010468)","149/1127",0.999991538421661,0.999996292850528,0,0,0.663577420620275,5.61493608451094e-06,"MYLK2;PARK7;CRKL;RPS6KA5;PPP2R1A;RUVBL2;KAT8;KAT7;SOX6;PITX3;NANOS1;HES6;MEF2C;ZNF680;MAP2K2;TLE1;MUSK;ATP1B4;MITF;ANK3;ATG14;ATP1B1;THAP7;KAT6B;ZSCAN21;PRKCQ;ALPK2;ATF4;ZNF273;IGSF1;HPN;FOXO4;NKAPL;ZNF703;DVL1;ZBED1;DMAP1;PPARGC1A;ZNF664;KAT14;ESRRA;ZBTB17;SMAD3;BRPF3;SNAI3;RDX;ESRRB;NR1D2;ESRRG;FOXN3;PRDX6;COQ7;TADA2B;MLXIPL;FGF16;CNOT7;BCL6;GDNF;ZFAT;PIN1;GTF2IRD1;SLC26A9;FGFR4;GRSF1;SLC2A4RG;ZNF253;GPI;MYOM1;GSK3A;CALCOCO1;CELF1;PRKAG1;AKR1B1;SIX1;SGF29;YBX1;YBX3;AFF1;VPS72;FASTK;MLX;AMH;YAF2;HRAS;NKX3-1;NOG;TFEB;ASH1L;PROX1;OXSR1;SIRT2;PTBP2;REXO4;MLF1;ACTA1;GCFC2;KAT2B;TAF6L;PTP4A3;RBL1;SETBP1;MYOD1;RBM20;MAPT;PRKN;HDAC4;USP13;HDAC5;CEBPB;PRKAA2;SLC24A3;ROCK2;PERM1;FOXK2;LRP3;TOB2;TOB1;MLLT6;TTN;MAPK9;MTA1;ZNF628;ATOH8;NSD2;TCEAL1;APBB1;RBM38;ZNF341;EGF;MCRS1;CNBP;CAVIN4;ACVR2B;YY1AP1;MTOR;ZNF33A;PDCL3;PER1;PINK1;ACTC1;DNAJA4;KANSL2;CARM1;KANSL3;ZNF219;SPRY2;UBAP2;FAM98A;LAMTOR5"
"Regulation Of Cell Population Proliferation (GO:0042127)","94/766",0.999991692569907,0.999996292850528,0,0,0.611857029763568,5.08298061478512e-06,"CSF3;IRS1;CELF1;AKR1B1;SIX1;NUDT6;HOXC10;CRKL;STK11;BCL7A;SIX4;AKT2;BCL7B;SPEG;AMH;IER5;HRAS;NKX3-1;MYOG;CSNK2A1;TSC22D1;PRMT1;IL11RA;DHPS;TBC1D8;TSC2;TSC1;WNT9A;PROX1;KLHL41;KAT2B;RNF126;DDAH1;COL4A3;PFDN1;ULK1;RAF1;FXN;GAS8;HDAC4;CTF1;CTBP1;CUL3;COX17;C1ORF56;FOXO4;TOB2;TOB1;TBRG4;PRDX3;DNAJB2;PAK1;FRZB;ERBB4;ZNF703;S100A13;SMYD2;CHRNA10;RPRD1B;TBX1;ZBTB17;STAT5B;JUN;SMAD3;EGF;CNBP;INCA1;DAB2IP;OSGIN1;FUZ;BMP5;MLXIPL;GDF9;FGF16;FABP3;CNOT7;BCL6;GDNF;PRKRA;FABP7;DNAJA3;WNK2;DNAJA2;NEURL1;BCL2;AQP11;ZNF777;NF2;FAM98A;INHA;COPS8;FGFR4;SLC25A33;RNF187"
"Positive Regulation Of Phagocytosis (GO:0050766)","1/60",0.999991702194164,0.999996292850528,0,0,0.075089546176286,6.23081059557193e-07,"MYO18A"
"Defense Response To Gram-negative Bacterium (GO:0050829)","2/75",0.999992206210259,0.999996292850528,0,0,0.121306202259099,9.45438718916301e-07,"DROSHA;OPTN"
"Positive Regulation Of GTPase Activity (GO:0043547)","19/234",0.999992331404059,0.999996292850528,0,0,0.389669174272222,2.98822690593741e-06,"SEMA4D;GRTP1;RALGAPA2;ARHGEF16;TBC1D8;SNX13;SCRIB;TSC1;ALS2;TBC1D4;SGSM2;RAPGEF1;DVL3;PIN1;EVI5L;TBC1D17;HRAS;SOS2;RALGPS1"
"Regulation Of Angiogenesis (GO:0045765)","15/205",0.999993471077872,0.999996292850528,0,0,0.348270553365371,2.2738387452802e-06,"EGLN1;HSPB6;ROCK2;DAB2IP;VEGFB;HSPB1;FOXO4;SYNJ2BP;HIPK2;AMOT;PDCL3;FGF16;STIM1;COL4A3;SPRY2"
"Plasma Membrane Bounded Cell Projection Assembly (GO:0120031)","23/275",0.999993874822829,0.999996292850528,0,0,0.401962383126767,2.46209835314031e-06,"BBS2;TTC36;TRAF3IP1;ACTN2;AVIL;FUZ;PARVB;PTPDC1;CCDC28B;NUDCD3;ABLIM2;ABLIM3;RILPL1;TTC21B;CFAP58;ARHGEF4;TOGARAM1;TNIK;WHAMM;PCNT;ATP6V1D;RILP;ARHGEF6"
"Regulation Of Cell Migration (GO:0030334)","41/434",0.999993879701451,0.999996292850528,0,0,0.457688793982805,2.80120063384063e-06,"RET;CAMK2B;FAM89B;ROCK2;CAMK2A;NEXN;FOXO3;SYNE2;AMOT;CSRP3;PAK1;ERBB4;AKT2;ZNF703;DAG1;CTNNA2;AMH;HRAS;WASHC1;SEMA6C;DUSP3;SEMA4D;LIMCH1;EGF;RDX;TPM1;NOG;OSGIN1;TET1;MITF;FUZ;ELP5;SH3RF2;TMEFF2;RUFY3;BRMS1L;SPRY2;NF2;AMOTL1;TRIM32;CBLL1"
"Positive Regulation Of MAPK Cascade (GO:0043410)","27/310",0.999993990634564,0.999996292850528,0,0,0.419829853714512,2.52291859255541e-06,"DDR1;RET;ROCK2;ETFA;ADRB2;PHB2;CRKL;ERBB4;MAP2K7;AMH;HRAS;MAP2K5;TBX1;MEF2C;MUSK;EGF;DAB2IP;PTPN11;TPD52L1;ADRA2B;SOD1;DOK5;STK25;NEK10;SPRY2;RAF1;FGFR4"
"Cellular Response To Lipopolysaccharide (GO:0071222)","6/124",0.999994053900554,0.999996292850528,0,0,0.224757687667839,1.33643553547843e-06,"MEF2C;TRIM41;TNIP1;ANKRD1;DAB2IP;PLAA"
"Regulation Of Interleukin-6 Production (GO:0032675)","5/114",0.999994206624236,0.999996292850528,0,0,0.20282032555301,1.17501776225992e-06,"AKIRIN2;MAVS;MAPKAPK2;PTPN11;IL17D"
"Positive Regulation Of Cytokine Production (GO:0001819)","21/320",0.999994424801997,0.999996292850528,0,0,0.308245447585416,1.71853419451518e-06,"AKIRIN2;CEBPB;STOML2;ROCK2;PDE4D;CEBPG;SCRIB;PTPN11;PARK7;AGPAT1;SOD1;MAPK9;MAVS;S100A13;SAA1;PRKCQ;IL17D;AMH;GAPDH;ATF4;LAMTOR5"
"Cellular Response To Virus (GO:0098586)","1/64",0.999994440826275,0.999996292850528,0,0,0.0703046650759069,3.90836933210518e-07,"TOMM70"
"Cellular Response To Cytokine Stimulus (GO:0071345)","24/308",0.999994452062836,0.999996292850528,0,0,0.371539183029115,2.06128175930716e-06,"STAT5B;CSF3;NDUFA13;GSK3A;ASAH2;IL11RA;USP10;ZFAND6;CAMK2A;DAB2IP;AQP4;AKAP6;PTPN11;UBE2G2;OXSR1;YBX3;MYLK3;IKBKB;CDC34;HAX1;ANKRD1;PRKACA;GAPDH;NKX3-1"
"Chemical Synaptic Transmission (GO:0007268)","21/273",0.999994538759213,0.999996292850528,0,0,0.366808141657539,2.00323305423156e-06,"CHRNA1;UNC13C;CHRNB1;DTNA;SNAPIN;HOMER1;KCNC4;STAC3;SLC6A1;LIN7B;CACNB1;CHRND;CHRNG;AKAP9;DVL1;EXOC4;CHRNA10;KIF1B;SNCB;RAPSN;SCN2B"
"Cilium Assembly (GO:0060271)","18/243",0.999994574419128,0.999996292850528,0,0,0.352437756497948,1.9121847376725e-06,"BBS2;TTC36;TRAF3IP1;AVIL;FUZ;PTPDC1;CCDC28B;NUDCD3;ABLIM3;RILPL1;TTC21B;CFAP58;CFAP46;TOGARAM1;PCNT;ATP6V1D;RILP;GAS8"
"Cytokine-Mediated Signaling Pathway (GO:0019221)","9/257",0.999994764918057,0.999996292850528,0,0,0.159255484927455,8.33717695680035e-07,"IKBKB;CNTFR;STAT5B;CSF3;RPS6KA5;IL11RA;PTPN11;PRKACA;FOXO3"
"Positive Regulation Of ERK1 And ERK2 Cascade (GO:0070374)","11/179",0.999994811063574,0.999996292850528,0,0,0.288921289433305,1.49919809251098e-06,"DDR1;MUSK;ERBB4;SPRY2;PTPN11;MAP2K7;FGFR4;AMH;PHB2;HRAS;CRKL"
"Antimicrobial Humoral Immune Response Mediated By Antimicrobial Peptide (GO:0061844)","1/65",0.99999483447025,0.999996292850528,0,0,0.0692018995098039,3.57465393943142e-07,"GAPDH"
"Regulation Of Inflammatory Response (GO:0050727)","15/240",0.999994857437243,0.999996292850528,0,0,0.29345726262074,1.50912626987353e-06,"FEM1A;CELF1;SETD6;GPS2;SPATA2;NR1D2;PARK7;FXR1;GPRC5B;SHARPIN;BCL6;TNIP1;SAA1;PPARA;TRIM45"
"Inflammatory Response (GO:0006954)","15/236",0.999994873648774,0.999996292850528,0,0,0.298842925318338,1.53197772343889e-06,"HDAC4;HDAC5;CEBPB;TUSC2;PLA2G4C;LIAS;HDAC9;IKBKB;MAPK9;PRDX5;ORC3;MAPKAPK2;TAB2;IL17D;PITX3"
"Sensory Perception Of Smell (GO:0007608)","2/230",0.999994933225158,0.999996292850528,0,0,0.0384688908323656,1.94913702049442e-07,"OR10Z1;UBR3"
"Adenylate Cyclase-Modulating G Protein-Coupled Receptor Signaling Pathway (GO:0007188)","9/163",0.999995090637528,0.999996292850528,0,0,0.257962697782567,1.26643549633748e-06,"VIPR2;ADCY9;GNA11;GNAS;ADCY2;ADRB2;RAMP1;CRHR2;GPR157"
"Defense Response To Bacterium (GO:0042742)","9/204",0.999995111806134,0.999996292850528,0,0,0.203207927443735,9.93322172143502e-07,"RNF31;AKIRIN2;MAVS;CEBPB;SHARPIN;TFEB;DROSHA;PLA2G6;OPTN"
"Positive Regulation Of Response To External Stimulus (GO:0032103)","8/155",0.999995235160359,0.999996292850528,0,0,0.240257631019666,1.1447918118088e-06,"RNF31;AKIRIN2;GPRC5B;FEM1A;TNIP1;POLR3D;SH2D1B;OPTN"
"Extracellular Matrix Organization (GO:0030198)","6/176",0.999995328026893,0.999996292850528,0,0,0.155507788062048,7.26529900876485e-07,"COL4A3;KLK4;TLL2;WASHC1;COL19A1;COLQ"
"Neuropeptide Signaling Pathway (GO:0007218)","1/68",0.999995614048851,0.999996292850528,0,0,0.0660911130621403,2.89873028932081e-07,"PTGDR2"
"Detection Of Chemical Stimulus Involved In Sensory Perception (GO:0050907)","1/141",0.999995643879659,0.999996292850528,0,0,0.0314873171490819,1.37162841476199e-07,"OR10Z1"
"Detection Of Chemical Stimulus Involved In Sensory Perception Of Smell (GO:0050911)","1/139",0.999995663802289,0.999996292850528,0,0,0.0319476019071075,1.38531418608271e-07,"OR10Z1"
"Positive Regulation Of Inflammatory Response (GO:0050729)","3/104",0.999995866990859,0.999996292850528,0,0,0.131324358593898,5.42765896167739e-07,"GPRC5B;FEM1A;TNIP1"
"Neutrophil Chemotaxis (GO:0030593)","1/70",0.999995909900145,0.999996292850528,0,0,0.064167534968899,2.62452162187517e-07,"SAA1"
"Positive Regulation Of T Cell Activation (GO:0050870)","3/107",0.999995911284655,0.999996292850528,0,0,0.127512575979878,5.21363691995924e-07,"SMARCD3;PHF10;PRKCQ"
"T Cell Activation (GO:0042110)","3/111",0.999995919987339,0.999996292850528,0,0,0.122759612473509,5.00861794892949e-07,"PPP3CB;ORC3;SCRIB"
"Extracellular Structure Organization (GO:0043062)","3/109",0.999995920779218,0.999996292850528,0,0,0.125091254948332,5.10275887574818e-07,"COL4A3;COL19A1;COLQ"
"External Encapsulating Structure Organization (GO:0045229)","3/110",0.999995921395582,0.999996292850528,0,0,0.123914538185337,5.05399413529818e-07,"COL4A3;COL19A1;COLQ"
"Sensory Perception Of Chemical Stimulus (GO:0007606)","2/110",0.999995979556639,0.999996292850528,0,0,0.0818174480664265,3.28943077114982e-07,"GNAS;UBR3"
"Cytoplasmic Translation (GO:0002181)","2/93",0.999996073257035,0.999996292850528,0,0,0.0972038040956592,3.81695103282263e-07,"EIF4A2;EIF2B3"
"Antimicrobial Humoral Response (GO:0019730)","2/100",0.999996077202709,0.999996292850528,0,0,0.0902217601832343,3.53922370589354e-07,"PLA2G6;GAPDH"
"Granulocyte Chemotaxis (GO:0071621)","1/73",0.999996159208649,0.999996292850528,0,0,0.061482540547083,2.36142063448065e-07,"SAA1"
"Neutrophil Migration (GO:1990266)","1/77",0.999996291532379,0.999996292850528,0,0,0.0582322841417269,2.15952940643901e-07,"SAA1"
"Regulation Of T Cell Proliferation (GO:0042129)","1/77",0.999996291532379,0.999996292850528,0,0,0.0582322841417269,2.15952940643901e-07,"CEBPB"
"Defense Response To Gram-positive Bacterium (GO:0050830)","1/85",0.999996292850528,0.999996292850528,0,0,0.0526604160182592,1.95220395273259e-07,"DROSHA"
