"","gene","log2FoldChange","padj","pvalue","baseMean","stat"
"AC005523.2","AC005523.2",3.83148061854005,6.95848300638686e-118,2.02116968931883e-122,1903.46630901334,23.5298044020353
"FEM1A","FEM1A",3.68594517874016,4.28095003307833e-100,2.4869002167296e-104,547.179605210704,21.6911503945823
"GOT1","GOT1",2.98820330760904,6.28551965540516e-91,5.477099734581e-95,858.069089427904,20.6779025000325
"PFKM","PFKM",4.16456359315989,1.9573862681403e-82,2.27417946803799e-86,2265.33862275686,19.6973025869955
"TMEM182","TMEM182",4.07790083605135,1.1671424538322e-76,1.69504829474876e-80,245.625107782855,19.0003209403879
"LRRC20","LRRC20",4.0820045092022,6.1490398152023e-76,1.07163468372295e-79,541.117464564904,18.9032870558518
"DYRK1B","DYRK1B",2.82742297040855,1.19062370337055e-74,2.42081036470137e-78,949.154297634535,18.7381085575803
"ADPRHL1","ADPRHL1",5.73659129164285,1.48872223539288e-73,3.45932900056437e-77,456.707958597345,18.596040780014
"SLC25A12","SLC25A12",2.29213724285952,2.0602811998629e-71,5.38588671975313e-75,869.85837092547,18.3233825534686
"C19orf47","C19orf47",2.07196961245695,4.08012667547585e-69,1.18511870439057e-72,537.065921811194,18.0275089706951
"SLC25A4","SLC25A4",5.28881832043794,2.25622778210681e-68,7.20881422190511e-72,1820.04320529273,17.9273876321319
"AGL","AGL",3.35924598540043,6.58345410386816e-67,2.29468598949744e-70,1309.81634345851,17.7339186413989
"PPP2R3B","PPP2R3B",3.25498189700382,4.91752702388328e-66,1.85685637592897e-69,313.282023476304,17.6159978870644
"GOT2","GOT2",2.20778088486085,5.40804213205457e-65,2.49869871981609e-68,1898.15328122917,17.4682905215893
"CYB5R1","CYB5R1",2.08525399430184,5.40804213205457e-65,2.51332270573002e-68,2393.03913805257,17.4679575355739
"FXR1","FXR1",1.95183389233832,5.40804213205457e-65,2.40991327131148e-68,3721.45197199637,17.4703548213913
"GAMT","GAMT",4.63172179402109,1.98643413226487e-64,9.80869648207934e-68,1158.4715357712,17.390085997256
"DNAJB6","DNAJB6",1.28359993772745,2.00663629138363e-63,1.04913016280078e-66,4989.0320606901,17.2537244625857
"DNAJA4","DNAJA4",3.12597485385337,3.9240468035711e-63,2.16558874369266e-66,723.100761549853,17.2118092740835
"CIPC","CIPC",2.36338734143157,8.49153110897027e-63,4.93292152258061e-66,668.893703412348,17.1640734609895
"PKIA","PKIA",6.54566226979167,8.93728722877109e-63,5.45146484850101e-66,674.546741906133,17.158268673773
"TMEM38A","TMEM38A",6.13588934620511,3.80349552311737e-62,2.43048976149013e-65,586.027548096067,17.0712243382449
"NEURL1","NEURL1",4.94644397506194,1.14720969101555e-61,7.66405916502781e-65,137.89203738646,17.0040475985769
"BIN1","BIN1",3.76243627227242,1.23587882509566e-61,8.61539787449047e-65,3921.66275847118,16.9971885199137
"SLC29A2","SLC29A2",4.37282382991701,7.06139184169158e-61,5.12765179627889e-64,100.236457730403,16.8922867239761
"MAP6D1","MAP6D1",2.79045749026364,2.77923053775728e-60,2.09887283553181e-63,60.4675466895343,16.8089410474405
"COQ10A","COQ10A",3.42496372587761,2.8641872676357e-60,2.2462256368701e-63,276.062658851711,16.804918113872
"TRAP1","TRAP1",1.57706136174751,3.48114217133295e-59,2.83118336230169e-62,1748.70863926635,16.6539825093765
"FHL3","FHL3",3.86959309970858,4.10829714398748e-59,3.46057328847557e-62,1670.45728801183,16.6419676602919
"ART3","ART3",6.13663951287861,7.38846153767998e-59,6.65279155536422e-62,75.4161181323456,16.6027878269493
"HINT3","HINT3",1.83740754904688,7.38846153767998e-59,6.60239515879435e-62,1186.16937661343,16.6032441761614
"DCAF6","DCAF6",2.36971260831732,1.95074790367449e-58,1.81317337392773e-61,3058.88889687369,16.5425068281454
"RPUSD4","RPUSD4",1.78522160373243,2.01023149482787e-58,1.92685138054257e-61,857.634160121237,16.5388438071495
"CUL3","CUL3",1.10624946935484,3.12005189343838e-58,3.08126421450287e-61,2400.37823777144,16.5105375547472
"PACSIN3","PACSIN3",4.70392092243532,3.62611636792079e-58,3.68636205638515e-61,546.554225559578,16.4997137020676
"TTN-AS1","TTN-AS1",4.76716503538924,8.85246977346594e-57,9.25667804823905e-60,382.360182822841,16.3039158751882
"NRDC","NRDC",1.46683384076765,1.14654344293532e-56,1.23219784444657e-59,4350.50369196009,16.2864276268835
"L2HGDH","L2HGDH",1.93867561138479,2.58472833149864e-56,2.85290102814419e-59,210.322563684552,16.2349909299873
"CACNB1","CACNB1",4.77066050034923,1.35666844675706e-55,1.53683250329747e-58,458.274057041636,16.1313267123756
"USP13","USP13",3.52667575355735,1.60445106021315e-55,1.8641234578984e-58,968.261424885733,16.1193993293414
"SEMA6C","SEMA6C",4.53856058131362,6.41056739773824e-54,7.63428788507226e-57,809.497013382147,15.8883228808532
"TXLNB","TXLNB",5.27763055068332,7.16425480459191e-54,8.73994137890264e-57,496.676252538024,15.8798411823725
"BEST3","BEST3",5.96983459935229,9.04592059095905e-54,1.14805265131791e-56,33.7461193404154,15.8627235585745
"PPP2R3A","PPP2R3A",3.270148871461,9.04592059095905e-54,1.15609534681712e-56,867.910846383865,15.8622851873061
"MACROD1","MACROD1",3.39789409718522,1.52812531387905e-53,1.99737536669447e-56,634.900778889463,15.8279128286094
"ASB12","ASB12",6.30048714568488,2.65212543565424e-53,3.54356250842613e-56,29.5722501433525,15.7917940921848
"FITM1","FITM1",7.56958732892322,4.00671044579554e-53,5.46983243152058e-56,177.365629195826,15.7643894977131
"YBX3","YBX3",2.90701780315887,9.25998291632174e-53,1.2910397931435e-55,14574.0281908396,15.7100368869179
"ASB11","ASB11",7.12842735820694,1.26856875377851e-51,1.80550333842068e-54,64.5909212664744,15.5418999314026
"PTGES3L","PTGES3L",5.33582738129431,1.45929732080631e-51,2.1193466376297e-54,60.7916754796937,15.5316267113313
"TMEM52","TMEM52",7.3192403226157,1.47386666564453e-51,2.18331590414404e-54,143.131999088645,15.5297198305273
"ATP5F1A","ATP5F1A",1.35568859040435,1.97200809564724e-51,2.97851809497085e-54,12455.5289648645,15.5097899153037
"PERM1","PERM1",7.00771462147297,3.93321156817398e-51,6.05496145908043e-54,215.917025059062,15.4641689841686
"DCUN1D2","DCUN1D2",2.42922345267725,1.25556223208211e-50,1.96933776380951e-53,384.578453622602,15.3880311800897
"ESRRA","ESRRA",1.625097686154,9.00750641222162e-50,1.43898237676365e-52,1604.69943116541,15.2587871052436
"TMEM143","TMEM143",2.90217650467392,9.20709300546594e-50,1.50812898879184e-52,264.063255415648,15.2557240021576
"FAF1","FAF1",1.11669278698601,9.20709300546594e-50,1.52435314660032e-52,1263.39744971993,15.2550255628277
"MYLK3","MYLK3",4.54952708556647,1.08479885747834e-49,1.82753380195607e-52,137.127237881289,15.2431804711368
"PLPP7","PLPP7",3.60707173978513,1.37507702645713e-49,2.35649891254126e-52,470.607603581781,15.2265654192174
"TRIM72","TRIM72",5.76250839722991,1.42884698300524e-49,2.49014810562084e-52,246.857099064639,15.2229574673977
"RAF1","RAF1",1.01161486697829,2.7482728747266e-49,4.86942736604864e-52,3563.04916519805,15.1790281822598
"HBS1L","HBS1L",1.13951943314209,3.46266018079999e-49,6.23576540053443e-52,1553.88864269278,15.1627955323483
"GADL1","GADL1",4.1257665432578,6.6275135636419e-49,1.21277261098362e-51,40.1150770957344,15.1190512753066
"ASB8","ASB8",1.54777779624038,1.00594633876757e-48,1.8700059742397e-51,1514.50345732493,15.0905067386438
"RTN2","RTN2",2.99649700132884,1.22304780432724e-48,2.30911198098265e-51,878.155633836789,15.0765838652122
"CASTOR3","CASTOR3",2.85326616138668,1.92475334475119e-48,3.68983736358715e-51,313.658050456751,15.0455980775637
"MYH7B","MYH7B",5.52957820499516,3.43301111959307e-48,6.68094995389613e-51,120.651290460724,15.0062605758186
"CAMK2A","CAMK2A",6.08307800620238,5.86583484173192e-48,1.16232695510387e-50,225.883889069342,14.9694764249814
"SVIL","SVIL",3.83707619289174,5.86583484173192e-48,1.17562043708465e-50,4333.80779808944,14.9687200693558
"PPM1J","PPM1J",3.36125117133298,8.66528371263442e-48,1.76185041211923e-50,87.1877779943978,14.9417874962963
"MYOM3","MYOM3",6.17696716139651,1.16897488970571e-47,2.41074756503734e-50,491.85139489559,14.9208794992168
"ACAD9","ACAD9",1.32365269953637,1.82349892120145e-47,3.81352161980088e-50,1289.62294631142,14.8902480352518
"PEBP4","PEBP4",6.67816985693272,2.64703149711098e-47,5.61267861302143e-50,193.610568290016,14.8643863805315
"ADSSL1","ADSSL1",5.15632321495311,3.63737954093148e-47,7.81823184701201e-50,876.358684276982,14.8421725619135
"ATL2","ATL2",1.76217291706826,7.57832487699982e-47,1.65090730154231e-49,956.736040260401,14.791953930662
"TECRL","TECRL",5.41469942070967,8.38650271930318e-47,1.85132510359893e-49,56.1414433223538,14.7842409886198
"KCNA7","KCNA7",6.5071134195166,9.23721527325535e-47,2.06595090054799e-49,85.5656761582335,14.7768533323726
"COQ9","COQ9",1.80557603906046,1.27027290103087e-46,2.87792745092388e-49,1035.76753024218,14.7545055712773
"ANK1","ANK1",4.6960794145724,1.31170706530145e-46,3.00990060877235e-49,762.064091514595,14.7514801898003
"KLHL33","KLHL33",5.07706362955851,1.54082767068029e-46,3.58040588051653e-49,116.960344485827,14.7397627036231
"MSS51","MSS51",5.60817661489964,3.17559672017988e-46,7.47134118550512e-49,141.386947344526,14.6900003510512
"SYPL2","SYPL2",5.86792047967139,4.36647492114261e-46,1.03999925506475e-48,338.946281760201,14.6675723043423
"PROB1","PROB1",3.98562387452944,6.97806466004135e-46,1.68229164280072e-48,314.895464123275,14.6348974427205
"RAD23A","RAD23A",1.83513328957224,8.62468704472484e-46,2.10431541697713e-48,4707.09381114345,14.6196655325283
"AL691432.2","AL691432.2",2.08243380761266,9.23488165293823e-46,2.28001899761749e-48,193.099960205268,14.6142045116327
"TRIM7","TRIM7",4.31974955126954,1.74717048045529e-45,4.36437380385601e-48,375.295159920408,14.5699144243917
"UNG","UNG",1.4272347749094,2.50304006939537e-45,6.32521453576732e-48,892.566293695363,14.5445426712872
"KLHL34","KLHL34",6.38158813313842,4.00704804449979e-45,1.02422513046352e-47,57.67146946913,14.5115219817285
"ASB14","ASB14",3.26987023363305,5.84446573520564e-45,1.51085584533897e-47,47.8587122867177,14.484834746262
"CHRNA10","CHRNA10",6.04971558589886,7.47971362961912e-45,1.96792676492912e-47,54.2148810080163,14.4666622393763
"MDH2","MDH2",1.65679167419896,7.47971362961912e-45,1.9770359599609e-47,5157.76046802463,14.4663445129565
"APOBEC2","APOBEC2",7.98557350162496,9.37607212539226e-45,2.50551480055794e-47,395.356385976516,14.4500369318149
"TUBA4A","TUBA4A",3.1064483357009,1.21523399218646e-44,3.28269900294356e-47,1558.70356539892,14.4314163757018
"CLTCL1","CLTCL1",3.68183774259153,2.09530018776019e-44,5.72087305825077e-47,232.641964988963,14.3930587618651
"FAM184B","FAM184B",4.22334998763766,2.13193653341946e-44,5.88282707897202e-47,26.9925104310923,14.3911283166297
"SH3BGR","SH3BGR",5.74247517596724,2.21616307671946e-44,6.17961122821739e-47,274.172723195649,14.3877241795797
"CAMK2B","CAMK2B",6.62848533665712,3.21115148578579e-44,9.04733629955912e-47,157.568306672741,14.3613305300083
"UBE2G1","UBE2G1",1.41499311301466,4.0457547464198e-44,1.15163229101063e-46,2075.94236617727,14.3445994647399
"MIB2","MIB2",1.71309525859542,4.07888343300892e-44,1.17291001472024e-46,1267.37633536131,14.3433292565824
"KIF1C","KIF1C",2.55344127222299,4.59674314869364e-44,1.33517577224749e-46,7315.83107851466,14.3343359266947
"ATP1B1","ATP1B1",3.45367324693215,5.22793542456e-44,1.53369779795678e-46,1165.49801193709,14.3247087196075
"PHKA1","PHKA1",4.43049573885583,5.80222937333293e-44,1.71902926710805e-46,238.597400261275,14.3167810757826
"AFG3L2","AFG3L2",1.38776295434492,6.94815379318909e-44,2.07871453670988e-46,1860.04660970026,14.3035684181715
"ZNF784","ZNF784",2.01343658597325,1.24622191503012e-43,3.7645834542562e-46,234.498615405968,14.2621889364009
"WDR62","WDR62",4.62229099063869,1.35491456338038e-43,4.13227690121239e-46,174.29445385113,14.2556849738426
"ASB16","ASB16",5.18482363176789,1.60241607113742e-43,4.93366165738837e-46,59.4101959512061,14.2433061138772
"HOMER1","HOMER1",2.41106627308916,2.73456295313574e-43,8.4988450094552e-46,188.512172561481,14.2052585138079
"RYR1","RYR1",6.58986043036161,2.78260206185004e-43,8.72897126408169e-46,2331.78152192622,14.203386777012
"RGS9BP","RGS9BP",6.11171528918263,3.2935012485909e-43,1.0427316024643e-45,15.6748456552533,14.1909256784725
"DDR1","DDR1",3.24747436586832,3.4188274519883e-43,1.10227096308441e-45,837.082756915238,14.1870313212755
"EPM2A","EPM2A",2.4146462497577,3.4188274519883e-43,1.09381046669685e-45,437.981903153275,14.1875717622222
"NOS1","NOS1",5.69652977195785,3.78363457115719e-43,1.23087914479379e-45,141.960918761241,14.179288653621
"HIF1AN","HIF1AN",1.57090045786026,4.72700587398549e-43,1.55150361264192e-45,1795.70530290772,14.1630331095277
"FANCE","FANCE",1.87848910167221,8.53664447228638e-43,2.8267034676445e-45,175.321397763181,14.1208230921792
"FSD2","FSD2",6.83520660605978,9.15151589734788e-43,3.05688488496284e-45,103.832212248671,14.1153054652243
"GUF1","GUF1",1.2922561854624,1.24395896166526e-42,4.19133378509267e-45,729.042193180188,14.093038340907
"ATP5F1B","ATP5F1B",1.44411983230882,1.29259893329141e-42,4.39276388971463e-45,15933.8451581281,14.0897237828705
"BZW2","BZW2",1.7171716220817,1.29958667254132e-42,4.45425895665957e-45,1512.49599646806,14.0887419629152
"ANKRD20A19P","ANKRD20A19P",3.44852951864814,1.9041064275223e-42,6.58152273948976e-45,28.0249078863329,14.0611422873511
"SRPK3","SRPK3",5.50154780478451,2.41989495201818e-42,8.43462862327704e-45,178.171850788419,14.0435764206971
"OBSCN","OBSCN",6.14050516785172,2.58485503659031e-42,9.08468279968131e-45,1526.29072859591,14.0383151583548
"UCP3","UCP3",5.72725288299155,2.79305082648797e-42,9.89753110350679e-45,136.318168723606,14.0322399673738
"AC069360.1","AC069360.1",4.92942044685237,4.65198260658626e-42,1.66200145407839e-44,18.7151246177005,13.9954390346077
"KEAP1","KEAP1",1.01933274874033,4.89233211340728e-42,1.76208081231121e-44,2999.52815511104,13.9912814436968
"PTPN3","PTPN3",3.10352540830384,6.17356739910216e-42,2.24147764868064e-44,528.078511755216,13.9741583409022
"HOMER2","HOMER2",3.98514042329995,9.25139341099392e-42,3.38583585972242e-44,431.788672627671,13.9447603101288
"ASB2","ASB2",5.86172375040383,1.21936038498313e-41,4.49804719684147e-44,368.676636228273,13.9244797606508
"LRRC39","LRRC39",7.06047446823618,1.25064618472818e-41,4.64978249230878e-44,181.582853946155,13.9221090187285
"DVL1","DVL1",2.27113134973444,1.8594619991929e-41,6.96731142953073e-44,2182.39795458841,13.8931789003556
"NIPSNAP2","NIPSNAP2",2.01656152474372,2.33250784663208e-41,8.80754095684239e-44,2347.99004832845,13.8763848611408
"GRSF1","GRSF1",1.01218220657763,2.81741254915184e-41,1.07203742285027e-43,2816.15755924515,13.8622867389251
"MAPK12","MAPK12",3.9602150012434,5.13882997315596e-41,1.97027290710058e-43,483.827705082151,13.8185393149981
"SHISA4","SHISA4",3.07614665772617,6.14798937603361e-41,2.37505108345669e-43,909.970191341026,13.8050810907213
"IPO13","IPO13",1.74731770497467,6.66234318615477e-41,2.59310441194592e-43,1177.00002831008,13.7987498824582
"PANK1","PANK1",2.94367809904479,7.22194601870608e-41,2.83188890590601e-43,114.601662196156,13.7923976684035
"AGBL1","AGBL1",7.48761634724741,8.22353516042859e-41,3.2485209184916e-43,67.9391434912684,13.782494100506
"NDUFS1","NDUFS1",1.67942390161264,8.39172670048313e-41,3.33933588348492e-43,2525.90728453942,13.7805038073077
"MYOM2","MYOM2",6.74557559074057,9.84821868037245e-41,3.94752578683455e-43,837.09947427017,13.7684199380742
"CUTC","CUTC",2.34698944957414,1.22792681364563e-40,4.95764572722037e-43,920.605148995569,13.7519479762105
"MRLN","MRLN",5.87456144999708,1.41626738223648e-40,5.75919116745401e-43,17.5007301831262,13.7411026715739
"PDE4DIP","PDE4DIP",3.09326874820706,2.02450319894806e-40,8.29136026059244e-43,8547.32587591017,13.7146956240094
"BLCAP","BLCAP",1.6571981298239,2.11725664060133e-40,8.73273042190625e-43,2526.88267551532,13.7109332658519
"ASB4","ASB4",4.18073950347506,2.50083287427857e-40,1.03874491989612e-42,40.6685326604509,13.6983382076405
"FAM238C","FAM238C",4.95789107725791,4.32004570131725e-40,1.80692047458372e-42,28.2438012726602,13.6580772282929
"RAB40C","RAB40C",1.80242815910082,4.32429425393541e-40,1.82125789131124e-42,792.176046851138,13.6575016077108
"CAPN3","CAPN3",6.78832121522081,4.60290857511811e-40,1.95197122100396e-42,688.181084372247,13.6524524283175
"MAMSTR","MAMSTR",3.34971859571987,6.07397371731986e-40,2.59345339969217e-42,92.1583341964672,13.631733630988
"DPF3","DPF3",3.70560156653288,6.57872512840836e-40,2.82807981586045e-42,76.6435700010101,13.625412450405
"AL592424.1","AL592424.1",6.23326480130766,1.17760495885127e-39,5.0965243077971e-42,25.581962858916,13.5823491042507
"PRKAB2","PRKAB2",2.38099233280674,1.58545273379378e-39,6.90768880182023e-42,851.354253522953,13.5600628383491
"PDHX","PDHX",1.93547534205909,1.60162632465486e-39,7.02467686252133e-42,684.156624155615,13.5588309138731
"SLC38A3","SLC38A3",5.37320182247437,1.6876530792077e-39,7.45100697221943e-42,24.5835989805506,13.5545079883346
"MYOZ3","MYOZ3",6.36119291364732,1.71602434019767e-39,7.62611026055082e-42,260.929894776496,13.5528033341992
"ZNF106","ZNF106",2.70948975923216,3.33062252262881e-39,1.4898218557129e-41,5748.83914043681,13.5035681292814
"FH","FH",1.31504085929418,4.40260276404065e-39,1.98211754509789e-41,1612.61365400407,13.4825227581579
"IMPA2","IMPA2",3.23153633622085,4.48202601163994e-39,2.03089362674518e-41,1236.83997388485,13.4807293126094
"RNF123","RNF123",2.24761782584978,4.91908994609138e-39,2.2432238919959e-41,1006.95226952232,13.4733909546134
"LMO7","LMO7",3.29135113042928,6.65861891214954e-39,3.05583184651919e-41,503.911528471274,13.4505518451411
"BLMH","BLMH",2.26391631969139,8.57533862143728e-39,3.96037771816117e-41,1753.0027347256,13.4313660468525
"CCDC9B","CCDC9B",3.08360131646115,8.94719216485571e-39,4.15810022765457e-41,290.585157634686,13.4277581010073
"CAND2","CAND2",3.92089568401245,1.1271115744344e-38,5.27085405727718e-41,302.578039237203,13.4101830896683
"MCU","MCU",1.51647396329636,2.5124905276855e-38,1.18224545569029e-40,939.112737345709,13.350141243228
"COQ8A","COQ8A",3.72462450888075,2.8818347909744e-38,1.36440998875574e-40,3071.59462885584,13.3394618030747
"TCEA3","TCEA3",3.18155411908077,3.02747541721685e-38,1.44215745446603e-40,1255.47104871517,13.3353296840406
"STAC3","STAC3",5.49681532665213,4.05959235369881e-38,1.94560456128821e-40,1393.33660499107,13.3129812783937
"RPP14","RPP14",1.07482800065333,4.99498374045739e-38,2.40840972730315e-40,808.589046731405,13.2970317691617
"PITX3","PITX3",6.44581785730496,5.74492644103027e-38,2.7866931441038e-40,20.9124277360192,13.2861168224392
"IDE","IDE",2.08976311130032,7.78304728024748e-38,3.79793175055646e-40,1643.04649847854,13.2629240353277
"VDAC3","VDAC3",1.56378899349916,8.29747345545634e-38,4.0730597594171e-40,2795.05852354692,13.2576793044989
"BTBD1","BTBD1",1.49606605266355,1.30437120398234e-37,6.44077799108276e-40,3238.1938071812,13.2232632808025
"PRKAG3","PRKAG3",5.95978036180945,1.34478608011241e-37,6.67940106016099e-40,39.5247274925278,13.2205273371842
"CFL2","CFL2",3.16727368350102,1.55974006818316e-37,7.79235772416357e-40,1971.66350150498,13.2089306281096
"NKAIN1","NKAIN1",3.95836898621894,2.01515963848467e-37,1.012613621058e-39,38.0629078708485,13.1891945462783
"MYL3","MYL3",8.23083440944578,2.45467934797469e-37,1.24060127381084e-39,1458.23283957352,13.1738767279191
"CUL4A","CUL4A",1.22411415789437,3.08875294491651e-37,1.57003533565815e-39,2834.17078224237,13.1560896913453
"SAMM50","SAMM50",1.16416822657629,3.65480191162958e-37,1.86837787976881e-39,1829.95866261673,13.1429345790164
"CORO6","CORO6",6.17982407509068,3.71137089335114e-37,1.90807670536526e-39,412.857306439728,13.1413438572709
"CARNS1","CARNS1",4.54536658896799,3.95989085386668e-37,2.05686371312157e-39,158.078583917427,13.1356614025021
"DNAJA3","DNAJA3",1.24305019448366,3.95989085386668e-37,2.05884879412727e-39,1191.43313416998,13.1355883843288
"ATP2A2","ATP2A2",3.10926064544736,4.69206250390965e-37,2.4531522327865e-39,10927.6023996494,13.1223179084088
"CSDE1","CSDE1",1.36505746254473,7.11156092105396e-37,3.73879553477044e-39,24130.6342058486,13.0903502970379
"GOLGA2P7","GOLGA2P7",2.85258986542007,7.25300801777672e-37,3.8342263832792e-39,257.87992647087,13.0884358021873
"DGCR6","DGCR6",3.05815564819407,1.15212724189236e-36,6.12406428681022e-39,428.711595839757,13.0528166852504
"PYGM","PYGM",7.32536789299426,2.94751223589358e-36,1.57529409609742e-38,4879.4718195077,12.9806541332457
"CAVIN4","CAVIN4",7.63706353979832,3.50690664228852e-36,1.8844479168798e-38,223.928330907101,12.9669228515398
"HSF2","HSF2",1.66497814346968,3.82577504266594e-36,2.06690530363618e-38,393.136610145442,12.9598354121444
"MYL6B","MYL6B",3.78692146564242,5.57845301448152e-36,3.03000672042537e-38,1659.25860124224,12.9304599686449
"CUL5","CUL5",1.09347024201715,1.0367575631572e-35,5.6613925256638e-38,1458.38774624195,12.8823118663874
"ENO3","ENO3",8.40391521594883,1.36834798247682e-35,7.55158930726723e-38,4111.12842241704,12.8600621875955
"TPM2","TPM2",5.43909214951265,1.63738325962635e-35,9.08389109412782e-38,16964.5130014106,12.8457739160501
"SUCLA2","SUCLA2",1.68628103931561,1.69808032645282e-35,9.46994953755497e-38,1243.18085882617,12.8425527558788
"POLDIP2","POLDIP2",1.31231599522441,1.84743147785752e-35,1.03565201355438e-37,3584.04482089401,12.8356239616703
"DEPTOR","DEPTOR",2.63193782100787,2.62258670360012e-35,1.4778140481539e-37,620.305890772725,12.8080609567658
"AL022323.1","AL022323.1",4.71265113960837,2.86655259491245e-35,1.6236137911233e-37,14.5646394168619,12.8007566987746
"NDUFS2","NDUFS2",1.39883750221696,2.87131515333753e-35,1.63465135951596e-37,2808.26210872799,12.8002305837825
"CTNNBIP1","CTNNBIP1",3.19027002092112,3.07814334802871e-35,1.76134030313017e-37,1922.2728254677,12.7944326701204
"AC084880.1","AC084880.1",4.74675419072531,3.66787547980121e-35,2.10944389741094e-37,49.096498053847,12.7804137384528
"LMOD3","LMOD3",7.68461533879672,3.82537550180448e-35,2.21113548524193e-37,426.093741126352,12.7767514673622
"ABLIM2","ABLIM2",3.32400433388155,4.174106781929e-35,2.42483256763623e-37,462.816558515895,12.7695722789969
"UBR3","UBR3",1.87865693757712,4.97326014769914e-35,2.90352413642247e-37,1543.64173357704,12.7555408877135
"LANCL1-AS1","LANCL1-AS1",5.08533984507134,5.00979598428759e-35,2.93940626474409e-37,7.51536449694484,12.7545837581159
"ETFDH","ETFDH",1.93201549191012,5.10931269325254e-35,3.0126364491991e-37,686.977068625757,12.7526659190017
"MIR133A1HG","MIR133A1HG",7.94271299786072,5.51680583414607e-35,3.26893339771639e-37,140.470726402428,12.746300573911
"KCNJ11","KCNJ11",6.12964775171407,6.19173848771289e-35,3.68684323800727e-37,96.7947339546777,12.7369156442517
"BAG3","BAG3",1.99070602433482,6.93866005745808e-35,4.15174849493541e-37,2124.4310108375,12.7276447560432
"MIEF2","MIEF2",1.70083775497143,7.38646205946987e-35,4.44114571369311e-37,420.761161526554,12.7223815658032
"MRPS30","MRPS30",0.742471168384354,1.10487001125142e-34,6.67517608749553e-37,900.259284949545,12.6905075936612
"AC064807.1","AC064807.1",1.79255855638753,1.15044216609754e-34,6.98392043436696e-37,70.9172589445494,12.6869659417935
"CKMT2","CKMT2",6.85328687152664,1.66310378336986e-34,1.01444113659716e-36,446.378223122553,12.6576871830586
"STAU2","STAU2",1.27770816096853,1.89667607390304e-34,1.16242201578233e-36,1056.67845729706,12.6469909185713
"UQCC1","UQCC1",1.31173823477892,2.82508406854223e-34,1.73962420858299e-36,794.444458086654,12.6152690946669
"JPH1","JPH1",7.55880139206899,2.87283397959389e-34,1.7796027547593e-36,334.160751229304,12.6134790041501
"SMTNL2","SMTNL2",6.14992002305921,2.87283397959389e-34,1.78571648551497e-36,284.963528800901,12.6132087826281
"GYS1","GYS1",2.70542296965335,3.83103369250534e-34,2.39244871583783e-36,1778.35744256355,12.5901412517089
"SRL","SRL",6.27356003241858,4.84912590362726e-34,3.04232367602965e-36,676.451808917864,12.5711586237235
"DTNA","DTNA",3.31390185598547,5.642889127001e-34,3.55671819611716e-36,342.650449829703,12.5588032183345
"TRIM16L","TRIM16L",2.21970071082547,7.94079064893931e-34,5.028152554516e-36,129.76491205853,12.5313777364461
"UQCRC1","UQCRC1",1.57405179747685,9.25710227324472e-34,5.88853664993783e-36,5380.31017695125,12.5188455772137
"COX10","COX10",1.40455961800016,1.06603197753878e-33,6.81210163409232e-36,420.038664225424,12.5072752699157
"RORC","RORC",5.25111436455581,1.1210159333949e-33,7.19601839433815e-36,151.786538892077,12.5029183982624
"ANKRD9","ANKRD9",2.04126196944002,1.46008960237169e-33,9.41500789260241e-36,994.518214257594,12.4815381527978
"SMTNL1","SMTNL1",7.64827350187996,2.02556133653952e-33,1.31201399456348e-35,293.132902179479,12.4550912130332
"VSIG10L","VSIG10L",3.06590766304533,2.22161343312881e-33,1.45190839564884e-35,183.93665992639,12.4470056129974
"NDUFV1","NDUFV1",1.30628900785826,2.22161343312881e-33,1.44968539563316e-35,3920.96529565519,12.4471279355665
"PREP","PREP",1.12391909301657,2.73030808773868e-33,1.79229007734676e-35,1408.13567635164,12.4301805873901
"TRIM63","TRIM63",7.351382584164,3.42889469741666e-33,2.2608315798582e-35,166.382262472718,12.4116020841535
"UQCRC2","UQCRC2",1.40074856165802,3.8327595803501e-33,2.5382513777153e-35,4758.58539052935,12.4023326954745
"PDLIM3","PDLIM3",3.9026075564696,4.91597089197862e-33,3.26988885286135e-35,5474.4636579343,12.3820245251059
"P2RY2","P2RY2",3.31205507121754,8.61055304659948e-33,5.75237365144034e-35,175.719730187678,12.3366151425606
"CASTOR2","CASTOR2",2.87722971719267,1.05856961094952e-32,7.10263681100671e-35,74.3626327192477,12.3196220640175
"LSMEM1","LSMEM1",4.52795861517338,1.10897754710105e-32,7.47306816914844e-35,52.7741461231624,12.3155213463063
"PAIP2B","PAIP2B",3.54202105455934,1.23938068572093e-32,8.38781514386479e-35,383.17545939956,12.3062021681157
"FAM220A","FAM220A",1.48843508151709,1.26529538329132e-32,8.5999511935102e-35,797.697926739564,12.3041855669925
"YOD1","YOD1",2.84483939185084,1.34795946960645e-32,9.20095490175191e-35,476.248227706916,12.2987298784733
"ANKRD39","ANKRD39",2.71223926510834,1.36570834911884e-32,9.36177443917873e-35,389.091811391275,12.2973300437928
"STK25","STK25",1.22610097127804,1.61895971552001e-32,1.11448080800001e-34,3157.49798506723,12.2832370473487
"MKNK2","MKNK2",1.87776013113251,1.62028228915588e-32,1.12009755088619e-34,6008.63633376479,12.2828304337639
"AC113133.1","AC113133.1",5.24929614753367,1.66551186006173e-32,1.15620231949214e-34,11.025178168881,12.2802640865371
"TNNI2","TNNI2",8.39584582129239,1.75506310899308e-32,1.22346678912031e-34,3100.46060736672,12.275688429901
"HADHB","HADHB",1.37926915844979,2.01565132401427e-32,1.41097934555431e-34,4389.88012168056,12.2641425728263
"CLPX","CLPX",0.987626714705728,2.02535937458685e-32,1.42365797795404e-34,1315.52999659519,12.2634178993841
"USO1","USO1",1.3937561276553,2.15597353752132e-32,1.52173106081585e-34,3415.60309146811,12.2580198194865
"CHRNB1","CHRNB1",1.92747874817819,2.37964589751161e-32,1.68651562388995e-34,530.257812592966,12.249684104527
"MYOG","MYOG",7.12116479703223,2.89399909753845e-32,2.05945677616162e-34,60.8698269264942,12.2334712992289
"AC068700.1","AC068700.1",6.92595644825344,3.98700241560285e-32,2.84885149947223e-34,29.2952453830133,12.2070935824908
"MYH3","MYH3",4.70528594544928,4.47717794452929e-32,3.21210338183669e-34,54.040236354293,12.1973232396611
"PGM1","PGM1",2.4936798934275,5.03224815563522e-32,3.62494929301015e-34,3952.87247517398,12.1874714598116
"FNDC5","FNDC5",5.70079887780711,6.7212692600094e-32,4.86114803573353e-34,358.193798992587,12.1635304588124
"MVK","MVK",1.44705128950029,7.69632091506802e-32,5.58870753098351e-34,387.681296647746,12.1521346472153
"SIRT2","SIRT2",1.49480411395282,8.21815560998445e-32,5.99150998636603e-34,2760.17054126857,12.1464443398676
"FBXO45","FBXO45",1.53953485745001,8.63969889967941e-32,6.3239343636552e-34,732.063326792406,12.1420274996397
"ALDH4A1","ALDH4A1",2.90313435215943,8.73684009748737e-32,6.42041519886227e-34,571.930225273939,12.1407887176271
"TOB1","TOB1",1.63967268156875,9.86099672541375e-32,7.27516314701723e-34,1736.1756532109,12.1305584215203
"LRRC47","LRRC47",1.13678626382616,1.89998489848336e-31,1.40727358287806e-33,1588.70944843591,12.0764121557319
"CASZ1","CASZ1",2.91006761452493,3.61022007211871e-31,2.68449035222026e-33,367.573857475453,12.0231765932053
"BCL2L13","BCL2L13",1.15445600404059,3.9001455675746e-31,2.91140179756789e-33,2109.19445196693,12.0164715515269
"POPDC3","POPDC3",6.05055745740523,4.60255722395758e-31,3.44911050244294e-33,101.682842483432,12.0024550865693
"TMEM79","TMEM79",3.69709539722273,4.9946000974474e-31,3.75741090170465e-33,355.951458569638,11.9953685197616
"RAB12","RAB12",1.04177883779408,6.40879169163979e-31,4.83991472007188e-33,2040.25916141987,11.9743887481384
"GPD1L","GPD1L",2.6439897042738,6.45441692404318e-31,4.89311844189401e-33,1054.95369498771,11.9734819445491
"RBM24","RBM24",5.44386465188238,6.82632146909158e-31,5.19488853520969e-33,241.783666089866,11.9685169294982
"SLC8A3","SLC8A3",4.02359726119185,9.73987253319629e-31,7.44041616193396e-33,50.5355321696359,11.9386691317454
"DENND2C","DENND2C",2.750467452883,1.09884376789396e-30,8.42612857917987e-33,208.158905994591,11.9283155148219
"LDB3","LDB3",7.01500916928026,1.46955787574367e-30,1.13115149608479e-32,2047.47880192779,11.9037727887124
"DWORF","DWORF",8.33152400017484,1.65662210983563e-30,1.2799508574889e-32,337.350308503572,11.8934581011239
"TPM1","TPM1",3.32920571167407,2.03640786967148e-30,1.57929853956746e-32,7347.29204647903,11.8758975292982
"S100A1","S100A1",7.23224293379737,2.06514644126235e-30,1.60758465858694e-32,789.520464001522,11.8744130217218
"FKBP3","FKBP3",1.76777007805679,2.31698253221162e-30,1.81035291380541e-32,1759.83973543047,11.864474633352
"HRC","HRC",5.34545734918078,2.5824572477107e-30,2.02528016986723e-32,299.039762564417,11.8550811122896
"CMYA5","CMYA5",7.90743134616068,2.72034673086529e-30,2.14132091339751e-32,4280.9908944678,11.8504132964687
"DEGS1","DEGS1",1.93147129013138,3.28385747223584e-30,2.59442672373692e-32,4183.37697171665,11.8343183440479
"NDRG2","NDRG2",3.30687333619984,4.40242744987513e-30,3.4909454334144e-32,3582.24563505537,11.8093876241137
"SLC20A2","SLC20A2",1.77759328804678,5.08413597904478e-30,4.04627994149608e-32,1396.71152086139,11.7969682811116
"HSPB8","HSPB8",3.16842017420807,5.36452172389942e-30,4.28501067175654e-32,2175.6801267416,11.7921421882675
"UCHL5","UCHL5",0.836428836477034,5.43357723250708e-30,4.35595246942011e-32,1081.8844808885,11.7907594395836
"DBNDD1","DBNDD1",4.19541581209838,5.46674282598028e-30,4.39841920180242e-32,63.5241447301062,11.7899423669207
"MAP2K4","MAP2K4",0.820542884919548,5.58222414390698e-30,4.50754708959609e-32,1014.83974069908,11.787878117455
"MOSPD1","MOSPD1",1.15299389865272,5.98709665089229e-30,4.85186466131913e-32,328.15729708576,11.7816759628875
"KLHL38","KLHL38",7.27913439554463,7.05913145965096e-30,5.74113166231634e-32,90.4804314000166,11.7674839720238
"COQ3","COQ3",1.66490509867186,7.60844015935525e-30,6.20997933303946e-32,155.24042669481,11.7608582716531
"NNT","NNT",1.80411241277717,8.48476651345487e-30,6.94987846170058e-32,2331.09019524429,11.7513509395851
"VEZT","VEZT",0.784691296230541,8.8578687397897e-30,7.28121544487186e-32,1456.77330841758,11.7474151295984
"MAPRE3","MAPRE3",1.99560655981413,8.95816211644004e-30,7.38967712637671e-32,505.977824854336,11.7461653132009
"KPNA3","KPNA3",1.27970489784983,9.30838251176246e-30,7.70561466205502e-32,2676.89300512859,11.7426259188717
"XPO4","XPO4",2.0078630257807,1.09770798896572e-29,9.15075499108751e-32,1040.53019256167,11.7280830866149
"FXR2","FXR2",1.36055465874746,1.09770798896572e-29,9.12016083714821e-32,1246.95638296205,11.7283666005093
"IDH2","IDH2",2.62863109803412,1.12498911516509e-29,9.41085352525695e-32,3950.35578682328,11.7257101014027
"CECR2","CECR2",4.69596312280822,1.32955137042275e-29,1.11606932163407e-31,42.4186484827699,11.7112612415574
"LTB4R2","LTB4R2",3.21009988873762,1.3773320392621e-29,1.16017860864996e-31,157.297881537864,11.707974689494
"TRIM16","TRIM16",1.63512791795133,1.51685006318109e-29,1.2821057522531e-31,638.862395604,11.6994974164477
"ATP2B2","ATP2B2",4.55443723044625,2.00905979199192e-29,1.70397774852341e-31,50.9920662641467,11.6753326923494
"SLC25A46","SLC25A46",0.831306167267179,2.07937705725673e-29,1.76965690070937e-31,2083.10310155855,11.6721161794725
"ANXA9","ANXA9",3.37279238086715,2.08816402633748e-29,1.78320037104456e-31,173.611887843413,11.6714676715034
"IPPK","IPPK",1.87874937094073,2.14708624225846e-29,1.83975380930129e-31,389.042486952204,11.6688115185622
"PADI2","PADI2",5.44534685580961,2.298620440117e-29,1.97627410908166e-31,848.630208121612,11.6627196124513
"AL162632.1","AL162632.1",2.82218950942804,3.2200641651554e-29,2.77785249521074e-31,23.7036198907161,11.6337015016015
"CPTP","CPTP",0.998948305584658,3.44549597475975e-29,2.98233356709192e-31,1223.79709340537,11.6276387308044
"HRASLS","HRASLS",5.32489767941397,3.80321146210456e-29,3.30300983841427e-31,43.5505802010752,11.6189158632054
"RAPSN","RAPSN",6.68303916099018,3.87085903826318e-29,3.3730036931537e-31,47.0916064656164,11.6171240344292
"CFAP46","CFAP46",5.05396751911396,4.06445413828812e-29,3.55350498322506e-31,13.9521087843689,11.6126683207941
"RPL3L","RPL3L",8.46582632998549,4.0841029364243e-29,3.58254643545992e-31,613.294792048498,11.611972478686
"ABCD3","ABCD3",1.21736706262624,4.32119491030573e-29,3.80307324800348e-31,1161.19365927975,11.6068643889614
"MFN2","MFN2",1.54023408552299,4.49208750604285e-29,3.9665231841438e-31,4042.03479465141,11.6032646924601
"PGAP2","PGAP2",1.48751066452947,4.60677862098535e-29,4.08117659870027e-31,475.629220048153,11.6008264802732
"ITGB1BP2","ITGB1BP2",5.30848872432172,5.24767287161423e-29,4.66419164259891e-31,27.3554831921685,11.5893942984808
"DNAJA2","DNAJA2",0.664481882912467,5.91372163793281e-29,5.27336047067902e-31,2715.89843319004,11.5788748894528
"PPP1R3F","PPP1R3F",1.825840500903,6.52633256516278e-29,5.83859193119013e-31,223.243301476063,11.570142059269
"AC092153.1","AC092153.1",6.40131380281596,7.10401871273347e-29,6.37603631414733e-31,8.71657299852777,11.5625845416832
"SYNPO2L","SYNPO2L",7.71714673695989,9.79124444240763e-29,8.81632908431034e-31,419.432001464805,11.5347300567662
"CHRNA1","CHRNA1",5.84393496837238,1.01842571303415e-28,9.19979077360352e-31,49.5719588927302,11.53106558067
"IDI1","IDI1",1.12065529556359,1.06625509127841e-28,9.66282062503958e-31,1299.99587577611,11.5268376634135
"ACADM","ACADM",1.7767071581526,1.10664054696608e-28,1.00609530382358e-30,1553.13977015398,11.5233601275209
"KRT17P4","KRT17P4",5.60126740714183,1.26935794363768e-28,1.15771579616077e-30,3.57274823406367,11.5112620807131
"MYLK4","MYLK4",2.46403466689782,1.27465165036408e-28,1.16624628170293e-30,63.1499838507491,11.5106290166391
"PLCD4","PLCD4",2.47415661831652,1.30395366429381e-28,1.19684372579541e-30,290.294787987494,11.5083955295127
"ACO2","ACO2",1.68761616895044,1.33769442046795e-28,1.23169841782369e-30,3816.54785440751,11.5059193205316
"SCRN3","SCRN3",0.918329005373215,1.43099419856848e-28,1.32176180767044e-30,549.517143122658,11.4998295550091
"SLC36A2","SLC36A2",4.63481506854927,1.94866152409802e-28,1.80557402749874e-30,25.5137563260583,11.4728757671178
"CYC1","CYC1",1.72973889084983,2.23306277308784e-28,2.07557827172101e-30,3766.88602098617,11.4608127557944
"STK11","STK11",0.827378866598804,2.50337113450631e-28,2.33409473154562e-30,2422.65845024235,11.4506423358302
"PATJ","PATJ",2.49396468345806,2.59316868115685e-28,2.42535237403423e-30,299.068323093701,11.4473174488702
"GLTP","GLTP",2.1022245398548,2.61020922262864e-28,2.44887178723437e-30,2585.28518714975,11.4464806654879
"OSBPL6","OSBPL6",2.51318444738739,2.84842882502457e-28,2.68064058123609e-30,239.622331052588,11.4386368809748
"CEP85","CEP85",2.26654570714004,4.0964668859204e-28,3.86706093274117e-30,333.004387186329,11.4067974533751
"GDNF","GDNF",4.27201465308502,4.14292160319915e-28,3.92294772465122e-30,26.3805312778568,11.4055489422287
"ACAD8","ACAD8",1.01776274274807,4.73098397237486e-28,4.4935278231863e-30,699.210345265121,11.3937263702064
"KBTBD12","KBTBD12",5.45185451083632,4.7358128394653e-28,4.51187002249511e-30,79.2221547179262,11.3933715268772
"SLC19A2","SLC19A2",2.61461998624826,4.92355891254777e-28,4.70503916064893e-30,307.875459324446,11.3897191227968
"SLN","SLN",5.68698263867623,5.80897226042223e-28,5.56802848245422e-30,1331.16392271676,11.3750353636816
"CLCN1","CLCN1",5.55033145481713,6.75000178830354e-28,6.48963225260971e-30,29.3006289044537,11.3616643640835
"ANKRD23","ANKRD23",7.89564188706982,6.91099579876886e-28,6.66448996511926e-30,1174.26156769429,11.3593417410757
"AL135905.2","AL135905.2",1.37050813609153,6.93029263177134e-28,6.70322832107545e-30,2171.64188474475,11.3588353703293
"ALPK3","ALPK3",4.60358438367342,7.45314336445275e-28,7.2305968506077e-30,915.835264988987,11.352216726087
"URI1","URI1",0.851584651123294,8.50169660057199e-28,8.27253503308823e-30,2070.62546952705,11.3404422394817
"MRPS9","MRPS9",1.00032467490832,1.27376046921532e-27,1.24312628574517e-29,637.7709046953,11.3047465108102
"SH3YL1","SH3YL1",1.8075958424179,1.31697631515523e-27,1.28912808820528e-29,716.554897699992,11.3015563647691
"CERS1","CERS1",4.30456303105957,1.34390563534699e-27,1.31939149746509e-29,24.0066853122496,11.2995186779768
"PPFIA3","PPFIA3",2.52584444649046,1.79086408071273e-27,1.76339875497158e-29,268.342256632443,11.2740156253105
"TRAK1","TRAK1",1.45261644771557,1.79490519408643e-27,1.77259139650688e-29,2823.72204237719,11.2735579703464
"TSPYL1","TSPYL1",1.18493519091224,1.83665229444208e-27,1.81915427095605e-29,3229.50502486292,11.2712754301165
"SPRYD7","SPRYD7",1.09042557641131,2.09487908558755e-27,2.08100571415982e-29,433.867179090542,11.2594299031112
"TPRN","TPRN",1.2485960343445,2.11674544164467e-27,2.10887558523331e-29,324.677136388966,11.2582573976963
"AC100803.1","AC100803.1",4.75467003031814,2.30046639587408e-27,2.29859544609238e-29,7.8815726939135,11.2506622967285
"ESRRG","ESRRG",4.96968025259382,2.53190429260953e-27,2.53719931727166e-29,25.6059455698703,11.2419483639338
"KAT14","KAT14",1.02447067075983,2.54107855203838e-27,2.55377361161055e-29,544.963653709298,11.2413736334682
"SOX9-AS1","SOX9-AS1",3.85001105520463,2.55487675081761e-27,2.57506167228334e-29,20.7594463499897,11.2406408542583
"SLC34A2","SLC34A2",4.73823346528151,2.63138521454354e-27,2.65981774910292e-29,20.4326450144352,11.2377817911185
"NOL3","NOL3",1.83378064929711,2.81073007302367e-27,2.84926453899518e-29,653.119630872714,11.2317050470467
"GATB","GATB",1.17248111307238,3.09041233184084e-27,3.14175762793161e-29,501.5387514046,11.2230686638457
"RNF227","RNF227",3.29159065540617,3.31422339446917e-27,3.38717667348164e-29,202.041174632385,11.2164169476754
"TOX4","TOX4",0.648081618041171,3.31422339446917e-27,3.38854024297998e-29,2420.21064214993,11.216381342546
"SCN1B","SCN1B",2.4634101257441,3.61116154628339e-27,3.70262584477181e-29,1383.48456280843,11.2085370207896
"MARK4","MARK4",0.914940492852543,4.03833777938331e-27,4.15235149849451e-29,1151.55660302753,11.1983847767521
"CHCHD3","CHCHD3",1.30278532600295,5.57684284476193e-27,5.7504914891672e-29,1595.30319659133,11.1694980561602
"STAP2","STAP2",3.34965528555324,5.59633448417531e-27,5.78684523169052e-29,234.976146475269,11.1689382494588
"TPM3","TPM3",2.0872110939693,5.64071828958788e-27,5.84912405420842e-29,25799.8907811611,11.1679872856479
"WNK2","WNK2",5.54237059758411,7.3521690278162e-27,7.64516240257407e-29,184.441056299668,11.1441725155807
"UNC45B","UNC45B",7.52899422848902,7.58895244840682e-27,7.91342491279787e-29,215.660532660382,11.1411017635381
"ATG4D","ATG4D",1.96673534799035,7.87775778783422e-27,8.23746021732404e-29,413.076382911976,11.137527441504
"TMOD4","TMOD4",8.22232824667881,8.13083974517759e-27,8.52571496459019e-29,421.397062574181,11.1344631518523
"COBL","COBL",4.50894309981102,8.31832018723264e-27,8.74646191407638e-29,353.415385514873,11.1321852203169
"NLRX1","NLRX1",1.07290579180292,9.68705339564223e-27,1.02137805931745e-28,1051.24579842166,11.1183550151936
"RN7SL431P","RN7SL431P",7.30560697926824,1.08023777067684e-26,1.14211266563951e-28,48.1346817718123,11.1083811245017
"PPP3CB","PPP3CB",1.21763893990825,1.16365265674034e-26,1.23368542962189e-28,2957.48115327423,11.1014909070473
"NSFL1C","NSFL1C",0.807787726970231,1.16991158878346e-26,1.24371918640278e-28,2947.58486715257,11.1007670104762
"JUP","JUP",3.9140828862305,1.22819198250868e-26,1.30924380614815e-28,4708.08521395122,11.0961775120761
"DLD","DLD",1.25725749859184,1.46350431701647e-26,1.56433597264454e-28,2340.15529427599,11.0802508875945
"TNNC2","TNNC2",8.43328580306883,1.51117044554211e-26,1.6196755385298e-28,4198.08315170657,11.0771379013668
"NECAB3","NECAB3",1.97166543314387,1.62845317522534e-26,1.75010943079289e-28,340.667318022932,11.0701993052036
"CCSER2","CCSER2",1.09894082935293,1.94316157989677e-26,2.09397277257378e-28,1965.42397246319,11.0541126188551
"FAM166B","FAM166B",5.15456378882712,2.14942193817389e-26,2.32248449227573e-28,79.1337096281524,11.0448138774222
"TNNT3","TNNT3",7.92055772838302,2.65770053780944e-26,2.87940717033496e-28,3897.03638406017,11.025491662962
"MYOT","MYOT",8.07982978353857,2.96164840206163e-26,3.21731294984039e-28,1230.97385054027,11.0155038973329
"FAM135A","FAM135A",1.4727607478997,3.06614459571407e-26,3.3397357482072e-28,514.210090057191,11.0121404313352
"SCNN1A","SCNN1A",3.7152040339086,3.1993506877015e-26,3.49412065346742e-28,166.749733211531,11.0080690681203
"ELOVL4","ELOVL4",3.84604250140516,3.48784240230126e-26,3.8193231836516e-28,399.344115217947,11.0000471130934
"MED9","MED9",0.805297736604993,3.70330532702309e-26,4.06602013946418e-28,529.362335113498,10.9944014858847
"C15orf41","C15orf41",1.39861648921048,3.86486340594891e-26,4.2546277182951e-28,154.073315869617,10.990309888339
"FAM83A","FAM83A",4.38281871488256,3.90038755730173e-26,4.30506352903061e-28,12.2297720677579,10.9892462287085
"POLR3E","POLR3E",1.07738835733116,3.97300257230292e-26,4.39675258524286e-28,953.722518061732,10.987343845101
"GYG1","GYG1",1.63066153278946,5.1367812458923e-26,5.69957719278163e-28,2309.10912503299,10.9638897701618
"AC005393.1","AC005393.1",4.79981774118436,5.84104788986755e-26,6.49797066869777e-28,5.69723557430189,10.9520232924495
"TBC1D4","TBC1D4",1.86320462531246,6.55360859335013e-26,7.3287420368299e-28,1192.66163954323,10.9411217938702
"FYCO1","FYCO1",2.35090649634428,6.57856261727361e-26,7.37575569381786e-28,2456.44385774443,10.940542098734
"TRIM45","TRIM45",2.25664077879551,7.93266164526619e-26,8.91698633878824e-28,73.5453764578681,10.9233255563156
"PRKCQ","PRKCQ",4.0269251125941,8.73019070152678e-26,9.86419246803159e-28,246.144285229987,10.9141553669815
"USP38","USP38",1.10780012681847,8.80069222066325e-26,9.9694143315286e-28,1257.30889822806,10.913191105684
"FBXO3","FBXO3",1.27438298653224,9.46984351748042e-26,1.07549344002987e-27,1378.31269778137,10.9062962568668
"WWP1","WWP1",1.24602498470227,9.57386859669279e-26,1.09008844251876e-27,2492.82350309095,10.9050704122014
"GAN","GAN",3.16816356050566,1.00356151019984e-25,1.14557823140623e-27,769.54673204513,10.9005538600048
"PRKAA2","PRKAA2",4.60247668682762,1.03539581947184e-25,1.18767958445041e-27,193.4850990814,10.8972695423412
"SLC25A11","SLC25A11",1.40691930278283,1.03539581947184e-25,1.18793234777325e-27,2581.51213159381,10.8972501750888
"LINP1","LINP1",6.6936825576677,1.17968043752201e-25,1.35689977128709e-27,12.5150582779805,10.8851399958996
"LIN7B","LIN7B",2.35473676954228,1.20222316663952e-25,1.38632100951519e-27,125.245611987734,10.8831853858974
"ACTN3","ACTN3",8.23882419888371,1.3662595167186e-25,1.5794448926862e-27,396.949394736852,10.8712940891213
"PDHB","PDHB",0.936823049532149,1.57939859774366e-25,1.83042883844464e-27,2254.77018025476,10.8578321658605
"CACNG6","CACNG6",6.66829816164585,1.58326909167378e-25,1.83951329345159e-27,78.7956407577294,10.8573799690102
"COQ7","COQ7",1.04736094762781,1.61079427132984e-25,1.87617201929611e-27,628.740805876314,10.8555774333009
"GFM2","GFM2",1.0548541272635,1.73647207899565e-25,2.0275989768684e-27,504.121358066651,10.8484842164325
"RBFOX1","RBFOX1",7.32192924405279,2.36482252112094e-25,2.77021321583054e-27,88.6144783270611,10.8199192569667
"ZBTB43","ZBTB43",1.15029579123292,2.36482252112094e-25,2.77503281786005e-27,631.153121464698,10.8197599385506
"TMPRSS6","TMPRSS6",4.60869145158189,3.04405995956525e-25,3.58093494720555e-27,14.4078280018971,10.7963669859393
"FGGY","FGGY",1.41878347240737,3.43642851712244e-25,4.0524862842794e-27,284.511067904717,10.7849987980354
"BDH1","BDH1",3.30805937933128,3.57242447981515e-25,4.22323911724401e-27,171.864202400345,10.7812034479373
"TOLLIP","TOLLIP",0.982076357793613,3.57582462281943e-25,4.23764507409762e-27,2996.06232826921,10.780890237292
"AKTIP","AKTIP",1.37096203471484,3.88103061073455e-25,4.61061205934248e-27,1170.03211912368,10.7731288424385
"FAM57B","FAM57B",3.83764808011642,3.93722031538381e-25,4.68880077061508e-27,21.9013091238841,10.7715809064755
"MIPEP","MIPEP",1.33325976809381,4.23118747905426e-25,5.05117361999333e-27,527.500953635956,10.7647257213725
"MLYCD","MLYCD",1.43645876163621,4.24778354249698e-25,5.08332409523863e-27,533.067154126619,10.7641412610406
"TMEM45A","TMEM45A",3.08750055619583,4.50431115314086e-25,5.40339405788073e-27,3255.98425578832,10.7585148444805
"GPC1","GPC1",2.38676677467118,4.57930895782667e-25,5.50666291547648e-27,1876.03394147522,10.7567698531391
"EPHB6","EPHB6",3.25307790789659,5.23749461334696e-25,6.31335036754673e-27,956.360208437679,10.7441606987842
"SVIL2P","SVIL2P",3.26983403896202,5.3384123115564e-25,6.45050401303434e-27,31.32665513454,10.7421770938783
"MRM3","MRM3",0.78024152634798,5.58968350710582e-25,6.77035558981971e-27,508.751802116296,10.7377090775384
"ATP6V1C2","ATP6V1C2",3.53511253711817,5.66038917705737e-25,6.87243719068776e-27,85.8740370727688,10.7363270718832
"TNNC1","TNNC1",8.87252532094505,6.18027818605424e-25,7.52160032519091e-27,5077.98486917831,10.7279880172223
"DNAJB2","DNAJB2",1.3420625160607,6.31532289230535e-25,7.70429770758757e-27,2730.80807571214,10.7257696611702
"TMEM233","TMEM233",3.22444895486073,6.69500442265817e-25,8.18693174723797e-27,100.55035687986,10.7201512818106
"KCTD1","KCTD1",2.44882895963387,7.26626881003613e-25,8.90660345601036e-27,400.881186677999,10.712355789323
"GABRP","GABRP",4.37884244115912,7.74287659359752e-25,9.51329382796489e-27,59.0034611299795,10.706254828964
"TECR","TECR",1.42298105928945,7.75179914001762e-25,9.54677249729137e-27,4212.3788617789,10.7059294918908
"CDNF","CDNF",2.80293673859084,1.06901753036894e-24,1.31965972582432e-26,74.737360837183,10.6759045148044
"TBCE","TBCE",0.804727909388055,1.14069051105351e-24,1.41145044065527e-26,782.016915559711,10.669657923068
"CCDC120","CCDC120",2.25877082216284,1.19477359434454e-24,1.48184130587057e-26,222.16720791981,10.6651347286692
"TTN","TTN",7.19791851992617,1.2071099015666e-24,1.50064783859214e-26,9397.7073583548,10.6639623036153
"PAQR7","PAQR7",1.62841620293403,1.49854427664009e-24,1.86730421365923e-26,484.383512903251,10.6436200849578
"DNAJB5","DNAJB5",2.20651652730981,1.61974683803215e-24,2.02303688960679e-26,744.437427307497,10.6361562487669
"PPARGC1A","PPARGC1A",3.08811579959642,1.88145453967209e-24,2.35537035726348e-26,126.659108395579,10.6219700344185
"KCNJ16","KCNJ16",3.24153158005008,1.91781882981169e-24,2.40646489624332e-26,6.02123623836993,10.6199668796011
"GSTO2","GSTO2",2.68611839555704,1.94520948474331e-24,2.44648456748534e-26,128.067819563287,10.6184271426529
"SPTB","SPTB",5.558404008391,2.03951846947056e-24,2.57102072658947e-26,450.153034510637,10.6137906461299
"RAD23B","RAD23B",0.83682674493415,2.06997572279206e-24,2.61542767344762e-26,5671.10498246889,10.6121910513593
"EEF1A2","EEF1A2",8.06132377672106,2.24722817396251e-24,2.84591461556772e-26,2881.31768369907,10.6042985542535
"DNAJC21","DNAJC21",0.730917270553194,2.28910728493894e-24,2.90559975461344e-26,1649.78631331613,10.6023580842044
"MAFA","MAFA",6.80485305203474,2.32507067483623e-24,2.95800207847761e-26,32.694104154217,10.6006866945742
"EXTL1","EXTL1",6.08351729525468,2.44436576058279e-24,3.1168716419654e-26,52.7786907709816,10.5957932492183
"FYTTD1","FYTTD1",0.860979559793652,2.728082475415e-24,3.48656991164924e-26,3469.65653098463,10.5853013607321
"TMEM254","TMEM254",1.95254595438167,2.88705921652636e-24,3.69813266669027e-26,548.430531631287,10.5797831156192
"MBOAT2","MBOAT2",1.98299637426194,2.92451348107789e-24,3.75460369070649e-26,732.827750155953,10.5783630671433
"PRRG2","PRRG2",2.79305332558881,3.08096558410804e-24,3.96441197211532e-26,55.0203194843905,10.573266425076
"METTL21EP","METTL21EP",3.41754657754776,3.21379839880376e-24,4.14466855196023e-26,17.6763645843447,10.5690968236246
"SCHIP1","SCHIP1",3.19628775593839,3.4221008719571e-24,4.42324528877923e-26,151.355507800007,10.5629939582234
"MEF2C","MEF2C",1.88711142800963,3.98578244838791e-24,5.16341051464218e-26,3786.19139180539,10.5484643266022
"SESN1","SESN1",1.59801311727968,4.56223914597629e-24,5.92343702292147e-26,1212.08952096976,10.5355525683385
"METTL22","METTL22",1.49947980002775,4.60794098231495e-24,6.03631167370756e-26,344.379677920379,10.5337764670981
"GIPC1","GIPC1",1.13745598007812,4.60794098231495e-24,6.01857440812047e-26,2682.82374017971,10.5340533745853
"COG4","COG4",0.956554103876361,4.60794098231495e-24,6.03331094787105e-26,1395.6723312741,10.5338232565679
"PRKN","PRKN",2.24802431157071,4.70200126144368e-24,6.17318627330238e-26,216.485023703181,10.5316663700206
"HPN","HPN",3.44554723936432,4.91106888910784e-24,6.47619750103102e-26,29.783174508461,10.5271554430738
"POPDC2","POPDC2",2.76856735066657,4.91106888910784e-24,6.46263430261752e-26,203.78222566015,10.5273528434554
"KLHL30","KLHL30",4.47730476430431,5.06620447760986e-24,6.69548924512748e-26,174.850190069776,10.5240194913081
"DES","DES",7.08192744573448,5.17056281928597e-24,6.85474694961153e-26,12750.3863431716,10.5218052220917
"SERBP1","SERBP1",0.841198166191663,5.17056281928597e-24,6.86344605673779e-26,11793.9805074306,10.5216857457286
"LRRC38","LRRC38",5.47940557525442,5.18514095474162e-24,6.91610295895509e-26,26.2354850785172,10.5209657273069
"AKAP6","AKAP6",4.1782907875531,5.18514095474162e-24,6.92797966533387e-26,247.096227069412,10.520804079053
"KPNA4","KPNA4",1.07286634333869,5.18514095474162e-24,6.90089117615785e-26,3192.63106323431,10.5211731700782
"DUSP26","DUSP26",7.42567531671192,6.04817634002276e-24,8.09866763317791e-26,229.836079483575,10.5060843081325
"CPEB3","CPEB3",1.54147231982783,6.50291553942081e-24,8.72646386433257e-26,274.62884041088,10.4990382713367
"ATPAF1","ATPAF1",1.5820092942703,6.61582612632637e-24,8.89719849102217e-26,1383.81582590283,10.4972088978244
"LINC02188","LINC02188",3.35683773921701,7.18272224204899e-24,9.68044359332732e-26,20.0581865391365,10.4892394693689
"TARSL2","TARSL2",1.60136352061667,7.76704529448589e-24,1.04905195246193e-25,415.699338671416,10.4816429974752
"GID4","GID4",1.23628857138707,8.06898430372336e-24,1.09217691574738e-25,667.035304138652,10.4778329030171
"EFNA3","EFNA3",4.33730329573083,8.46828065803448e-24,1.14868335869121e-25,267.226111297337,10.4730602330228
"ACADVL","ACADVL",1.43645989975392,8.91299758465451e-24,1.21159604671149e-25,7575.35427060409,10.4680128774535
"NUDT8","NUDT8",2.24212371929076,1.137023448504e-23,1.54892528566392e-25,173.31047222933,10.4447318323927
"SDHA","SDHA",1.34668604760345,1.14638129548064e-23,1.56500293039358e-25,4045.82287304392,10.4437519436168
"NPY6R","NPY6R",6.67403192897845,1.14679820900996e-23,1.57223409623766e-25,37.6928360828247,10.4433144720774
"DGLUCY","DGLUCY",1.17656857707966,1.14679820900996e-23,1.57107381256892e-25,1612.00286814711,10.4433845325116
"SMCO1","SMCO1",8.16936699345821,1.26499171223347e-23,1.73794899467419e-25,71.49073935063,10.4338004506934
"GGCT","GGCT",1.99064726778838,1.30321580527751e-23,1.79424971448106e-25,1165.31403794373,10.4307717706905
"KCNJ12","KCNJ12",3.71707373859019,1.34951369317561e-23,1.8619118283328e-25,346.617935527334,10.4272541302565
"PRDX2","PRDX2",1.52410571923504,1.36197630064862e-23,1.88306238848827e-25,4229.90899326985,10.4261805036726
"HAS3","HAS3",2.49999061283704,1.42993426999352e-23,1.98117418028032e-25,44.2950638523533,10.4213516146612
"CSNK2A1","CSNK2A1",0.557505170612255,1.45572746932872e-23,2.02113898669435e-25,3202.27760600358,10.4194522201766
"ACHE","ACHE",4.9381790237525,1.6740584520357e-23,2.32913325933862e-25,249.853341055079,10.4059531813449
"CSNK2A2","CSNK2A2",1.15666016282598,1.71429088544812e-23,2.39008837287991e-25,2273.03654864502,10.4034925847084
"RMND5A","RMND5A",1.61594913779461,1.74516221833934e-23,2.43819863779837e-25,1871.54616605138,10.401594022101
"RDH13","RDH13",1.48140203281822,1.76064121582732e-23,2.46493861400246e-25,308.054570015594,10.4005547784124
"MROH6","MROH6",1.91671017534852,1.76185219955434e-23,2.47175151732527e-25,123.045763179257,10.4002917822175
"PTK6","PTK6",4.04094771505201,1.80221131990687e-23,2.53360717681807e-25,211.452827656052,10.3979363376776
"NRG4","NRG4",3.83409326755597,1.80692346066831e-23,2.54548006978078e-25,10.2373270766497,10.3974907474415
"FASTK","FASTK",1.24195182785923,2.44334838675856e-23,3.44913243861003e-25,2047.17327550515,10.3684952136628
"PGAM2","PGAM2",7.73649619727029,2.57830495009796e-23,3.64713172620456e-25,752.729111276619,10.3631591525246
"RABL6","RABL6",0.896880229384721,2.72064814307259e-23,3.85638519176084e-25,4065.91435623298,10.357823171753
"TACC2","TACC2",2.70129771605943,2.84951855040567e-23,4.047329415442e-25,1499.31851712869,10.3531987363468
"ZRANB1","ZRANB1",1.44391575354501,3.4509808886795e-23,4.91164353274356e-25,1040.40056518082,10.3346573365483
"UBAC1","UBAC1",1.50252304994869,3.68336474439334e-23,5.2530849584557e-25,2253.84707914179,10.3282115544547
"NAA50","NAA50",1.02401970937406,3.83446437646105e-23,5.47971556064493e-25,4709.79391976347,10.3241585359536
"TNNT1","TNNT1",8.25892192171688,4.58249548851033e-23,6.56201427859763e-25,8192.17506291653,10.3068451573278
"LRRC37A7P","LRRC37A7P",3.31596646948165,4.64558329441773e-23,6.66584799419763e-25,21.9878701515351,10.3053357830773
"KLC2","KLC2",1.39544138341628,4.69943578224314e-23,6.75676981587764e-25,658.099271937953,10.3040331112551
"UQCRFS1","UQCRFS1",1.55989995603442,5.97120877976899e-23,8.60264771338858e-25,2341.70734693927,10.2807822997832
"LGALSL","LGALSL",2.69881287301972,7.06525612920105e-23,1.01993502271782e-24,994.525312790493,10.2643614437513
"E2F6","E2F6",0.803076226070664,8.13963286706779e-23,1.17739548268844e-24,514.013047687172,10.2504945633545
"FAM83G","FAM83G",4.17337421919497,8.28280704397354e-23,1.20051141946753e-24,485.692898217539,10.2486151801779
"TIMM21","TIMM21",0.929638299368109,8.5788170539958e-23,1.24590697310268e-24,798.104374203075,10.2450265294345
"SPEG","SPEG",3.60400281105884,8.97321562158751e-23,1.30579209550812e-24,1018.4656700887,10.240485679281
"FBXO28","FBXO28",1.00321743562317,9.66626607908942e-23,1.40945322751914e-24,1496.78479338665,10.2330924461684
"HIBCH","HIBCH",1.33737800260663,1.02849190087486e-22,1.50264733978173e-24,648.260580983411,10.2268918989329
"NDFIP2","NDFIP2",1.98164397328722,1.04562817354755e-22,1.53072092328327e-24,1626.35233916805,10.2250986056755
"FLNC","FLNC",3.96420361200806,1.08198452963528e-22,1.58708663723079e-24,5590.08889383937,10.2215943992689
"CLTB","CLTB",1.6788847684348,1.11045286840172e-22,1.63207026667616e-24,4805.00467783548,10.2188851631829
"FGFR4","FGFR4",3.69169616244095,1.17454567062896e-22,1.72968123332428e-24,12.2177029000452,10.2132522200224
"CS","CS",1.32539522202195,1.26819614443098e-22,1.87127814967741e-24,4854.67903833972,10.2056170840604
"ACADSB","ACADSB",1.70407821850513,1.55793310594143e-22,2.30784792619418e-24,787.879028621556,10.1852420688507
"PTGR2","PTGR2",1.29010297360241,1.64229645846447e-22,2.43759001474191e-24,342.210835607815,10.1799210741412
"NGRN","NGRN",1.30419694482656,1.73443838335329e-22,2.57939018321391e-24,4833.30213576528,10.1744173496237
"DDIT4L","DDIT4L",2.78726688082658,1.78664334107151e-22,2.66221689894761e-24,515.987609083371,10.1713396337035
"ENDOG","ENDOG",1.7274943213727,1.98084639992791e-22,2.9573459090361e-24,543.791998038395,10.1610955117652
"DCAF11","DCAF11",0.786081623404047,2.05859258356595e-22,3.07939810775086e-24,2640.03678286364,10.1571521630771
"FBXO40","FBXO40",7.20546477964045,2.11739728871632e-22,3.17351284122697e-24,187.869858792981,10.1542157599795
"EVI5L","EVI5L",1.04677167820238,2.26884671461001e-22,3.40709234185365e-24,869.667591299411,10.1472852371651
"PPM1B","PPM1B",1.00464762836129,2.30807493451984e-22,3.47270482189287e-24,1851.66900641526,10.1454230503245
"CFTR","CFTR",4.08092808700498,2.47083316012946e-22,3.72476591758798e-24,29.4838131835398,10.1385794329559
"DHX32","DHX32",0.885883375452676,2.51238602698633e-22,3.79470411883609e-24,864.803509679267,10.1367618093524
"LMO1","LMO1",5.71181790030627,2.7592446787079e-22,4.1755735959301e-24,23.4095729495896,10.1274113562068
"TTLL11","TTLL11",1.33825703248468,2.83037899831242e-22,4.29144253839631e-24,211.479207478258,10.1247339401356
"ABHD12B","ABHD12B",3.99289743599017,2.88841693980681e-22,4.38782984640107e-24,68.2551000414043,10.1225606956821
"SBK1","SBK1",3.16540505090176,2.92184728941839e-22,4.4471011376067e-24,107.294686940184,10.1212476636322
"UBAP2","UBAP2",0.846496366334349,3.00275947159455e-22,4.5789727041569e-24,881.786178748235,10.1183874488873
"ZNF710-AS1","ZNF710-AS1",2.07209853979583,3.08660293311572e-22,4.7157927931302e-24,184.27433040781,10.1155048832657
"B3GALNT2","B3GALNT2",1.40213615637268,3.38610175753684e-22,5.18321025392679e-24,343.58976730988,10.1062466364303
"RHBDL2","RHBDL2",2.90158449927445,3.45281497624332e-22,5.29535932222747e-24,81.6575858895476,10.1041484606855
"EGLN1","EGLN1",1.35519901908487,3.72544094380517e-22,5.72428912301887e-24,3509.72871613205,10.0965105439528
"YIPF7","YIPF7",7.28792246554058,3.94809780304653e-22,6.07787799353625e-24,20.0093438732957,10.090629030591
"SAR1B","SAR1B",0.949657988167881,4.08890334374585e-22,6.30651700804301e-24,2503.4599121378,10.0870036975865
"AQP3","AQP3",3.73684863850172,4.15127266362236e-22,6.41477012038775e-24,1819.25201155483,10.0853323964421
"ANKRD2","ANKRD2",6.70135936896537,4.22160767615201e-22,6.5357177047433e-24,258.354765165659,10.0834978333263
"PAX3","PAX3",3.33343201953103,4.29740994212601e-22,6.66555393602674e-24,14.4081237827947,10.0815654971064
"TMEM266","TMEM266",2.01943150061868,4.40164075671414e-22,6.84000756605688e-24,63.1895975531668,10.0790270122901
"SLC1A6","SLC1A6",3.72961113700075,4.42031323432819e-22,6.89173256677501e-24,58.6181032249413,10.078286675482
"BICD2","BICD2",1.53486154574315,4.42031323432819e-22,6.89841788460958e-24,2414.93518084827,10.0781913907946
"CCDC43","CCDC43",0.945348980366211,4.42031323432819e-22,6.90754188471177e-24,832.654062760392,10.0780614954679
"CASQ1","CASQ1",8.59532864654557,4.4461293600753e-22,6.96079855083242e-24,1519.01480473378,10.0773066724995
"NAA30","NAA30",1.04935677066178,4.47418381324608e-22,7.0177159845268e-24,1017.05489699239,10.0765062614768
"EPHX3","EPHX3",5.04762206438901,4.53157295041155e-22,7.12089277963473e-24,140.801248134063,10.0750715760055
"NKIRAS1","NKIRAS1",1.21261360159577,4.7444508857354e-22,7.46918897429007e-24,273.024601091746,10.0703761304857
"ADSL","ADSL",1.44735982963867,4.77364694141943e-22,7.52901791910872e-24,1885.73129207941,10.0695914487867
"ZNF385C","ZNF385C",2.54776798774394,4.96190939240002e-22,7.84035874714074e-24,25.2479425856293,10.0656052458152
"SLC25A34","SLC25A34",3.56634439769338,4.98673451083158e-22,7.89406967701641e-24,61.8756322996936,10.0649334579639
"PMPCA","PMPCA",0.729074769815443,5.82895467047212e-22,9.24424668896764e-24,1301.43369906621,10.0493850583733
"SYNC","SYNC",2.73478991748764,6.35161082014002e-22,1.00915856820512e-23,576.098697613746,10.0407384132001
"MYOZ1","MYOZ1",8.23655377891317,6.38099834653682e-22,1.01568115891198e-23,2176.6731053167,10.040102931625
"RPRD1A","RPRD1A",1.04954847016027,6.43146680666856e-22,1.0255824552286e-23,1305.96107518614,10.0391459532001
"MYLPF","MYLPF",8.58230255319487,6.59643245725466e-22,1.05380441834846e-23,2289.67999721308,10.0364676390597
"HMGCS1","HMGCS1",1.43794028219812,8.04097175586468e-22,1.28691049072889e-23,1006.36935048609,10.0167295121627
"BARX2","BARX2",5.44624991248299,8.24952477177289e-22,1.32268434821036e-23,66.8198679447539,10.0140183465431
"CDK16","CDK16",1.08770444322637,8.34945545309345e-22,1.34113188845146e-23,2665.26518597667,10.012648524631
"NDUFA10","NDUFA10",0.956972313336488,8.38551377491373e-22,1.34935942584588e-23,2649.51160183306,10.012043595363
"MIOS","MIOS",1.02348621740291,1.00766488542829e-21,1.62441620603201e-23,779.748909614954,9.99367711075767
"FBXO42","FBXO42",0.675299379372687,1.03648181701564e-21,1.67388140542784e-23,1107.79871082209,9.99070430921418
"TMEM45B","TMEM45B",4.50556192620561,1.06859690683685e-21,1.72884999740945e-23,56.6017227486516,9.98750114040019
"RMND5B","RMND5B",1.01196165084578,1.07142170868013e-21,1.73653222215497e-23,1223.12809654459,9.98706152858014
"DLAT","DLAT",1.145107895761,1.07359105281896e-21,1.74316660429243e-23,1417.31769599686,9.98668342605648
"AARD","AARD",3.58543142768693,1.09015054013031e-21,1.77322035108915e-23,16.3375565611763,9.98498828055681
"IFFO2","IFFO2",3.28322859410544,1.09308432008437e-21,1.78116737413538e-23,1559.09910626124,9.98454479400214
"ARL5A","ARL5A",1.16299179080969,1.16339622930676e-21,1.89911897545718e-23,3152.8400757169,9.97818334215873
"OTUB2","OTUB2",3.25426509087964,1.20129022960271e-21,1.96689260448217e-23,80.893541934562,9.9747028761171
"KLHDC3","KLHDC3",1.28637564972518,1.20129022960271e-21,1.96795541273361e-23,3731.76340671511,9.97464924735942
"NAP1L4","NAP1L4",0.710132596563059,1.31225041509054e-21,2.15354213002833e-23,3150.70611511401,9.96569871834169
"MSMO1","MSMO1",1.37126688298828,1.37483204592573e-21,2.26023857904603e-23,771.795209619261,9.96089275039753
"CADM4","CADM4",2.58494685355278,1.40316956751945e-21,2.31090143134521e-23,243.262231409242,9.95868886094413
"UTP11","UTP11",1.27927721522595,1.44166151453185e-21,2.37848187595588e-23,1150.46932574316,9.9558223689997
"AC019080.1","AC019080.1",1.3208316384199,1.61281363054114e-21,2.66553664394652e-23,124.057976954815,9.94448331312773
"TBX1","TBX1",2.91479091448412,1.61345698800763e-21,2.67128640398614e-23,200.50253800972,9.9442687605539
"WIPF3","WIPF3",4.10364503950845,1.65191273548254e-21,2.73975302649161e-23,71.8650849090146,9.94174849328475
"NFS1","NFS1",0.756358609423582,1.70771969729494e-21,2.837271020253e-23,514.79508502401,9.93826447566401
"CALML6","CALML6",7.03510343438195,1.71492110377382e-21,2.85421689456953e-23,20.1600265680905,9.93767116706356
"SLC44A5","SLC44A5",3.95826936541173,1.71862276425754e-21,2.86536966040382e-23,41.5478341991223,9.93728258680214
"ACAT1","ACAT1",1.65557103407834,1.79588047575507e-21,2.99939373056571e-23,2266.35296436694,9.93272666631792
"UNC13C","UNC13C",3.14717015703337,1.861149155074e-21,3.11380827617819e-23,28.3305941400747,9.92899408637104
"ARFGAP2","ARFGAP2",0.753082264997876,2.09318927214844e-21,3.50810447899863e-23,2777.47222123601,9.91709717079521
"AC053503.6","AC053503.6",4.28246736430407,2.11185803730405e-21,3.54552673858993e-23,9.8114441194116,9.91603772035991
"NEXN","NEXN",3.43747025301756,2.30983212825374e-21,3.88460788387045e-23,1332.39038048105,9.90691368917207
"EPS15L1","EPS15L1",0.800417974707904,2.45627241853315e-21,4.13802138593362e-23,1056.52715059865,9.90059586636956
"CHRNG","CHRNG",4.95562365048425,2.48891730428488e-21,4.20024675784104e-23,16.0561793136652,9.89910314903999
"CLCN4","CLCN4",2.19129902155631,2.67242938624701e-21,4.5177004263848e-23,455.399828474437,9.89181319169479
"VPS4A","VPS4A",0.664897554738531,2.80790149178395e-21,4.75486978537831e-23,2716.58433650338,9.88669063052012
"CELSR2","CELSR2",4.15752774176697,2.92130075182015e-21,4.95538410323855e-23,326.938624522352,9.88255339803592
"RNF141","RNF141",1.331505068435,2.93055233076485e-21,4.97958961745508e-23,2053.66858549259,9.88206521636068
"ACYP2","ACYP2",2.02415027398574,2.96057726973693e-21,5.039207273341e-23,453.952244421792,9.88087278419301
"USP54","USP54",2.07738101599798,3.07009413834796e-21,5.23453369121138e-23,442.435302683517,9.87706158395392
"HYAL4","HYAL4",4.10573094171067,3.41191930512598e-21,5.82725848557591e-23,10.1337973715331,9.86630350018801
"MTFR1L","MTFR1L",1.20748156875772,3.49315497824758e-21,5.97614814159355e-23,1563.84523925256,9.86377153297532
"MAPT","MAPT",4.26457947874415,3.52497913046204e-21,6.04083213364878e-23,248.292319000673,9.86269094155564
"MARVELD2","MARVELD2",2.73930904244017,3.69071842660104e-21,6.33558321750092e-23,54.5489200228132,9.85790766925266
"TOM1L2","TOM1L2",1.69721869217938,3.77967924897719e-21,6.49927418204513e-23,1631.61445998638,9.85534555629074
"TIMM44","TIMM44",0.833407336114786,4.32182021189716e-21,7.44405537834035e-23,973.08493776296,9.84170217721204
"CNBD2","CNBD2",1.87720237866713,4.80681019708005e-21,8.29338113473205e-23,55.5693493633148,9.83082831113976
"KATNB1","KATNB1",0.935913943826297,5.00507235094632e-21,8.64998852333292e-23,864.56248354906,9.82658794446815
"ARX","ARX",5.07295948154393,5.06298220790893e-21,8.76477691388904e-23,24.9655793815342,9.82525976743082
"GPX2","GPX2",4.18341754578221,5.6493215646354e-21,9.81263592323682e-23,16.2672721039149,9.81387501311372
"LYPD5","LYPD5",3.40865994388063,5.98465407361578e-21,1.04124776057158e-22,303.924652334974,9.80788821490789
"LONRF1","LONRF1",1.87302684507148,6.0974295221946e-21,1.06264020951457e-22,668.764832083,9.80583540430768
"PRODH","PRODH",3.71457089306753,6.33246127819666e-21,1.10544011507964e-22,96.2955095284358,9.80184836059657
"BX255925.3","BX255925.3",1.51786235278758,6.487420170255e-21,1.13437520114253e-22,285.606717664328,9.79923856133615
"DHCR24","DHCR24",3.14635720429971,7.13880971742829e-21,1.2503492098319e-22,2887.93728289198,9.7894005799752
"SPTLC3","SPTLC3",1.91740131019472,8.15820456961384e-21,1.43126395958138e-22,503.837744713324,9.77572675337865
"CLUH","CLUH",1.71890188029488,8.70537968111038e-21,1.52978816866265e-22,2037.64550780689,9.76898374522154
"HSD17B1","HSD17B1",1.2891208352665,8.79209406594486e-21,1.54758016845666e-22,130.697659130795,9.76781203841078
"SCN4A","SCN4A",5.72027373356409,8.88805474424914e-21,1.56705275640735e-22,202.840200338186,9.76654484054788
"DYNC1LI1","DYNC1LI1",0.787315578160324,9.63087458069863e-21,1.70081670299314e-22,1640.85850464334,9.75823968642737
"PITX2","PITX2",7.81573506112279,9.69560675819901e-21,1.71506463220146e-22,64.825994573915,9.75739346967305
"DDX1","DDX1",0.880054629546972,1.04405411541236e-20,1.84986932264883e-22,3321.26934097187,9.74971496370951
"SRPK1","SRPK1",1.29027331444755,1.08453000713722e-20,1.92473519914267e-22,965.12787096612,9.74568648569041
"ECH1","ECH1",1.56721980206818,1.09862462334334e-20,1.95294025062776e-22,3804.01756191273,9.74420889243881
"RDH16","RDH16",2.84365312520206,1.23163682412426e-20,2.1997659435322e-22,17.892548600855,9.73211239381059
"TMEM99","TMEM99",2.16126689439477,1.23163682412426e-20,2.20011806331016e-22,265.976941974907,9.73209611576482
"DEXI","DEXI",1.21045919320184,1.23163682412426e-20,2.19981366681656e-22,1303.34429982672,9.73211018747328
"NDUFA9","NDUFA9",1.04662724179539,1.24525814958835e-20,2.23168432176139e-22,1820.48590282178,9.73064722656804
"USP46","USP46",0.982209442527773,1.35967321430776e-20,2.44068213791737e-22,686.070862264542,9.72153738556629
"TRIM41","TRIM41",0.887717308971108,1.3696149810764e-20,2.46250631255458e-22,1053.72752788405,9.72063103264376
"FAM131A","FAM131A",1.09141785263607,1.42169869345333e-20,2.56027997543008e-22,536.542965029499,9.71666575207018
"AKT1S1","AKT1S1",0.852708370189725,1.58125342412336e-20,2.8522085987586e-22,2646.79321676667,9.70566123243417
"HSPB1","HSPB1",1.61490850435456,1.62172942552915e-20,2.92992826385247e-22,18271.17056861,9.70291940746923
"SENP2","SENP2",0.809605060061206,1.73553673714888e-20,3.14058146637548e-22,1051.60684721727,9.69583499524993
"JPH2","JPH2",5.48610938490965,1.80034210513092e-20,3.26308084582809e-22,639.51824536561,9.69192851070782
"UBQLN4","UBQLN4",0.960430177267634,1.83252173386706e-20,3.32672848747216e-22,1371.52459115697,9.6899557260375
"PHYH","PHYH",1.98016957934892,1.88013876358281e-20,3.41863270013604e-22,1263.09538704583,9.68717205294722
"MLANA","MLANA",4.21550405340531,1.89520791847686e-20,3.45153759987507e-22,79.363198133308,9.68619337419248
"STRIP2","STRIP2",3.0955244910512,1.96025201708277e-20,3.57568916790978e-22,102.823922647091,9.68258212030265
"GRHL1","GRHL1",4.00230079521446,2.01036324566988e-20,3.67293621914242e-22,181.550128044017,9.67983908721569
"MAPK6","MAPK6",1.25571709211944,2.20134480500282e-20,4.02825382581555e-22,1436.85911164613,9.67039370673103
"KIF1B","KIF1B",1.81295815482186,2.22881625118503e-20,4.08499783460485e-22,3287.11231722576,9.66896210076488
"SDCBP2","SDCBP2",2.61378131038846,2.27804355055842e-20,4.18183897976334e-22,192.991519815898,9.66656373157025
"TUBA8","TUBA8",4.52673571975058,2.30708947204218e-20,4.24186021785377e-22,176.827919967436,9.66510468230696
"AC245297.1","AC245297.1",2.68612004793066,2.35238633076362e-20,4.3319766867205e-22,708.845525500542,9.66295197520274
"IQANK1","IQANK1",3.67655746865659,2.42793964108705e-20,4.47816217058869e-22,26.4022697076031,9.65955240827086
"IDH3A","IDH3A",0.860822812990666,2.43770227399304e-20,4.50324923393626e-22,1630.44188552871,9.6589800656766
"MDH1","MDH1",1.53267945472044,2.53146905549606e-20,4.68382069347912e-22,3634.19299100849,9.65495123453747
"MYOM1","MYOM1",5.47966329433749,2.632353197341e-20,4.89198058593886e-22,1468.95263457989,9.6504933544782
"SLC4A11","SLC4A11",3.35530476259574,2.632353197341e-20,4.8934182824975e-22,50.3617200137603,9.65046322263874
"CEACAM19","CEACAM19",3.2478360480614,2.632353197341e-20,4.87933918527975e-22,67.4349008313329,9.65075867609893
"CNBP","CNBP",0.988638218910763,2.65579718729417e-20,4.94471359665261e-22,15865.7993318516,9.6493938472937
"COX7A1","COX7A1",2.97704593869567,2.7973924476886e-20,5.21646901189753e-22,1786.67670758792,9.64390547853812
"FAM174A","FAM174A",1.05376064762768,2.83021205093029e-20,5.29411107470403e-22,784.375333137184,9.64238934130289
"KY","KY",4.7080391884461,2.86012071654954e-20,5.3583648837413e-22,19.9421777661269,9.64115118755737
"MRPS27","MRPS27",0.715730352715421,2.8966807667343e-20,5.43527296186347e-22,1520.58485646881,9.63968836364729
"SLC12A2","SLC12A2",2.32662360827603,2.91538585237867e-20,5.47883887094517e-22,1031.23349344863,9.63886878311486
"MECR","MECR",1.15315786118412,2.92248091337442e-20,5.50066118237082e-22,619.684810515611,9.63846067353077
"CNNM4","CNNM4",1.68540358259076,2.95006173763972e-20,5.56114229036882e-22,441.07579876357,9.63733790572653
"RHPN2","RHPN2",2.4859091431524,2.98125622927037e-20,5.62860621885018e-22,92.9344022175798,9.63609967808314
"LINC02541","LINC02541",4.24785336616161,3.25226637144681e-20,6.14971943712058e-22,24.8239128653988,9.6270025510038
"CDS1","CDS1",3.6595474529653,3.25297723735173e-20,6.16051225384375e-22,186.697264806096,9.62682231326613
"TSC22D1-AS1","TSC22D1-AS1",1.84381781456306,3.30080635197217e-20,6.26067894689738e-22,46.4578312205203,9.62516430321017
"ALDOA","ALDOA",2.03174141382389,3.32397371330777e-20,6.31427561433508e-22,41434.967371083,9.62428789254746
"ABRA","ABRA",7.41263759880452,3.4078357163658e-20,6.48347970901474e-22,112.590548502096,9.6215686026998
"RORA","RORA",2.58480318870229,3.47872664191686e-20,6.62845555099762e-22,1795.06008476968,9.61929397636664
"DUSP28","DUSP28",1.87524016605024,3.52103259955534e-20,6.71929365024938e-22,183.979338952812,9.61789370735376
"LINC01634","LINC01634",6.41737915058753,3.55507336676198e-20,6.7945807927541e-22,16.2794547798937,9.61674728005974
"TUFT1","TUFT1",2.60448506026063,3.6636128593702e-20,7.01266665018288e-22,452.300841568446,9.61349599632763
"AL357060.1","AL357060.1",3.19781894795023,3.82395614802771e-20,7.34180031906098e-22,62.8481226554164,9.60877388602139
"TAPT1","TAPT1",1.11627080855284,3.82395614802771e-20,7.33356599124098e-22,698.160359188243,9.60888944826311
"PROM1","PROM1",4.82630962665055,3.88771751175685e-20,7.47551119084186e-22,9.28075906604043,9.60691509952087
"AL451062.1","AL451062.1",4.11704675407077,3.9554622415732e-20,7.61726346625721e-22,26.6924084990113,9.60498011221632
"OPTN","OPTN",1.43623024662171,4.16325139104253e-20,8.02950773687766e-22,5626.45420299957,9.59954888547133
"ENDOU","ENDOU",4.2128378809292,4.23637250125612e-20,8.18283871655432e-22,69.0045455242255,9.59759891509894
"FAM189A2","FAM189A2",3.44860310651523,4.38089288245043e-20,8.47471435956776e-22,120.593398100131,9.59398493776285
"VDAC1","VDAC1",1.49645523373673,4.49238787743023e-20,8.70344694506205e-22,5697.93822256036,9.59123785113461
"RAB40B","RAB40B",1.60782981079277,4.66234462755503e-20,9.04625947254199e-22,501.760397731455,9.58725160470108
"FADS6","FADS6",4.32016746996985,4.67204505566588e-20,9.07865151109701e-22,28.5012667968368,9.58688270858644
"TOM1L1","TOM1L1",2.05772476330296,5.09030864838715e-20,9.90620075060819e-22,241.444697940733,9.57787506541441
"MTX2","MTX2",0.902021636321288,6.24759518401312e-20,1.21946786442919e-21,679.177603071814,9.55638076685422
"PPDPFL","PPDPFL",7.13258621039307,6.34450387016221e-20,1.24022629970349e-21,110.575596662082,9.55463306482469
"RHOT1","RHOT1",0.838958336267445,6.40561972773842e-20,1.25403383771805e-21,1260.93549157116,9.55348653086718
"TMEM178B","TMEM178B",3.97735452086981,6.61526039197359e-20,1.29699685273097e-21,48.603000109757,9.5499972871843
"ATP1B4","ATP1B4",7.54157056183365,6.69675054513317e-20,1.31491906834844e-21,61.8139003320474,9.54857541739182
"ALDH5A1","ALDH5A1",2.6728152216462,6.74777001220268e-20,1.32689679861195e-21,376.969559096804,9.5476358064814
"MAP4K3","MAP4K3",1.15791067354308,6.82431415582833e-20,1.34393081144754e-21,687.305238373208,9.54631390083792
"GDF1","GDF1",4.88515477563626,7.03622117026537e-20,1.38770598774549e-21,9.09614289935668,9.54299136988636
"CES4A","CES4A",2.89612922641488,7.08639172938491e-20,1.39965910769773e-21,85.3696355088661,9.54210214661183
"WNT3","WNT3",3.43697523829751,7.36981352335756e-20,1.4577794264571e-21,81.7854990532663,9.53788279642184
"FAM84A","FAM84A",3.53716580378421,7.37435236205266e-20,1.46081919104215e-21,293.531850359251,9.5376667240804
"CLIC3","CLIC3",3.65962792045665,7.79558980826374e-20,1.54652836035905e-21,269.436993490236,9.53175067931615
"SNHG14","SNHG14",1.88429220281329,7.986208757968e-20,1.58666399164927e-21,589.946284467031,9.52909100641678
"HSPA4L","HSPA4L",2.40356660041969,8.05620280113326e-20,1.60291010769614e-21,197.098417277232,9.52803330038988
"PHLDB3","PHLDB3",1.67191886281636,8.43328250386265e-20,1.68038567376838e-21,248.42582633849,9.52313085515524
"PTCD2","PTCD2",0.857472595792561,9.32442716085014e-20,1.86066035189498e-21,285.549614142536,9.51253826584762
"TCAP","TCAP",8.73007584177283,9.37922962284803e-20,1.87432031501088e-21,6503.58511811566,9.51177751906428
"KLF5","KLF5",4.38158679338711,9.65741022694846e-20,1.93271629091655e-21,896.377026791059,9.5085860158066
"ELF3","ELF3",3.85527378255029,1.10497501233703e-19,2.2145717396089e-21,35.7964803593536,9.49441222805447
"AJUBA","AJUBA",2.91178456586091,1.18155646048827e-19,2.37148691238932e-21,307.266605684134,9.48727670790107
"DMPK","DMPK",2.77543332495246,1.20672229308038e-19,2.42550199492164e-21,1402.54425435197,9.48492811416629
"SLAIN2","SLAIN2",0.978154022859893,1.22744688830306e-19,2.47072352037301e-21,2543.48503844076,9.48300132066725
"AC002310.6","AC002310.6",1.96516736851657,1.38199967568046e-19,2.78720944546385e-21,60.7771263004926,9.47041991981136
"TMEM201","TMEM201",1.31187632344553,1.38199967568046e-19,2.78985062913303e-21,451.846158847146,9.47032098659115
"ZNF57","ZNF57",1.48433272856425,1.49485201435754e-19,3.02200825488803e-21,111.822573132434,9.46196808022932
"C3orf52","C3orf52",2.95158095370291,1.51233466821301e-19,3.0617441145128e-21,69.2895122589833,9.46060232113152
"PDK2","PDK2",1.87042871835069,1.56111107512009e-19,3.16502710129494e-21,1421.15920047654,9.4571327867767
"AC138904.3","AC138904.3",3.98598293098444,1.60468258689995e-19,3.25802581690214e-21,14.2236066745974,9.45410324223772
"AK3","AK3",1.16842863376833,1.60997913348748e-19,3.27345588893121e-21,3287.66811058138,9.45360887713827
"FREM2","FREM2",5.37157382660346,1.61796446415242e-19,3.29439145280251e-21,19.0291011615996,9.4529417940162
"PLLP","PLLP",2.46098348319986,1.71255300502371e-19,3.49605901887899e-21,407.475408610917,9.44672255961005
"ACVR2B-AS1","ACVR2B-AS1",2.38898467645171,1.71255300502371e-19,3.49693494403295e-21,26.3128559510141,9.44669632853695
"INPP5J","INPP5J",2.82164430158263,1.71725691369327e-19,3.51152802149432e-21,42.9994016124529,9.44626026743891
"PRKRA","PRKRA",0.963594181783927,1.73537534605114e-19,3.55361804044979e-21,1580.17606624754,9.44501252883863
"KRT19","KRT19",4.66238879312656,1.74319920384181e-19,3.57470267779807e-21,244.377211270689,9.44439296981847
"IP6K2","IP6K2",0.904155092934455,1.98178414197883e-19,4.06971473329566e-21,1203.20666603962,9.43080038812794
"BVES","BVES",2.24496244384928,2.01475913202841e-19,4.14328298325815e-21,301.748169088246,9.42892119539885
"PPP1R13L","PPP1R13L",2.6678331610143,2.07758179455903e-19,4.27851020199359e-21,631.384617349308,9.42555153477664
"RNF167","RNF167",0.694729848864344,2.0992665453416e-19,4.32926468918478e-21,2581.77146156469,9.42431393067515
"GMPR","GMPR",2.49107330377302,2.12147031433537e-19,4.38121701374594e-21,794.838096783154,9.42306189338221
"TMEM38B","TMEM38B",1.70021432530252,2.18948880317108e-19,4.52804701945454e-21,572.84550712047,9.41960116190776
"AC016629.2","AC016629.2",4.23464838054956,2.24396895798707e-19,4.64723442269309e-21,18.8923660685081,9.41687262009247
"KCNT1","KCNT1",4.2509825638694,2.35954774871729e-19,4.8934503676779e-21,17.5503621105665,9.41144871261078
"MPP7","MPP7",3.02587305058531,2.40643265991092e-19,4.99767442731588e-21,575.951632290676,9.40923362938028
"PCBP4","PCBP4",1.66441554272593,2.4593720654729e-19,5.11476239943825e-21,1026.02544202564,9.40679900171717
"ST6GALNAC2","ST6GALNAC2",2.34641261390632,2.48547722178864e-19,5.17627270832594e-21,336.079799904502,9.40554200515382
"WDR20","WDR20",0.503949871119771,2.66751122204151e-19,5.56312611079878e-21,774.955088000272,9.39795982322908
"CDC37L1","CDC37L1",1.05086390786369,2.7226044783261e-19,5.68593185754753e-21,824.008460442318,9.39566164897461
"PHKG1","PHKG1",3.96736542488622,2.84311617456798e-19,5.95475689870524e-21,269.076627634967,9.39079765064938
"LLGL2","LLGL2",2.13479921457301,2.84311617456798e-19,5.96238491355316e-21,333.79482187019,9.39066282338458
"GHITM","GHITM",0.840364423778126,2.84311617456798e-19,5.94649274549872e-21,7247.01326426973,9.39094391475065
"VTA1","VTA1",0.714788869719479,2.85308786601941e-19,5.99987107876744e-21,1640.65585705279,9.39000271450598
"MTIF2","MTIF2",0.664529410582255,2.85308786601941e-19,5.99608853967277e-21,831.683332487158,9.39006913744809
"GGH","GGH",2.4975711703651,2.87669465617464e-19,6.06622609615077e-21,587.613339317075,9.38884418070339
"PINK1","PINK1",1.44870419537084,2.93609647354079e-19,6.20001782346973e-21,5530.19404319211,9.38654586065805
"ARHGEF35","ARHGEF35",2.75350833037251,3.06940171124554e-19,6.49042769195642e-21,245.76170127002,9.38172141754362
"PPP1R2","PPP1R2",0.779939245729544,3.48591354224702e-19,7.38129131026512e-21,2205.94515527133,9.36815289419008
"RRM1","RRM1",1.11245358721449,3.65941446323139e-19,7.75930219053943e-21,1504.2069905082,9.36287898795611
"PLCD3","PLCD3",2.416700391814,3.69179535610245e-19,7.83868480687491e-21,1737.71016539209,9.36180379750544
"AC092117.1","AC092117.1",2.44774260678929,3.70124526580031e-19,7.86950021658484e-21,24.8363102671446,9.36138931987624
"FLJ37453","FLJ37453",1.50478252040608,4.32055738689587e-19,9.19881655801869e-21,174.113792891544,9.34488640177926
"RAB38","RAB38",3.14425520357836,4.33518282731427e-19,9.2425473313834e-21,126.759034446172,9.34438449387293
"LINGO4","LINGO4",5.7234561084248,4.43386918388125e-19,9.46582389378621e-21,10.778541796399,9.34185795645668
"PTP4A1","PTP4A1",1.49407028832756,4.52340503960911e-19,9.6701118541661e-21,1126.37193808448,9.33959739467358
"SRP68","SRP68",0.564217585033474,4.67794932410067e-19,1.00140834549268e-20,3000.63437057758,9.33589577697605
"PDHA1","PDHA1",1.39505474091797,4.73564221055931e-19,1.01513417898012e-20,1965.86192279262,9.33445366988788
"PPP1R16A","PPP1R16A",1.03106690067992,4.78089954687686e-19,1.02622422596201e-20,680.134229822841,9.33330250674585
"ELMO3","ELMO3",3.31991422168327,4.86710034228463e-19,1.04614100537081e-20,92.2548009744202,9.33126566528478
"SNTA1","SNTA1",2.70984976714351,5.02950643099038e-19,1.08250966229925e-20,1403.37705491689,9.32764336037507
"AC105233.5","AC105233.5",3.10056824564289,5.05393414621451e-19,1.08923525516764e-20,49.2864462430734,9.32698670052937
"PRPF40B","PRPF40B",1.25862605775084,5.3144617432437e-19,1.14692839410656e-20,238.078680849108,9.32151308966408
"COPS4","COPS4",0.795133810585729,5.9216882712015e-19,1.27969561803588e-20,1451.35716127665,9.30988605450886
"CTSV","CTSV",5.0934181899292,6.05186014217036e-19,1.30958400311285e-20,100.241119939556,9.30743354544292
"CLIP1","CLIP1",1.23415381609408,6.41668350336877e-19,1.39039325360553e-20,4004.35440977645,9.30106999130646
"CITED4","CITED4",2.94323901989959,6.52708781182497e-19,1.41621197729559e-20,228.184627747669,9.29911373975669
"AC091563.1","AC091563.1",2.37767423945163,6.83991707493113e-19,1.48806142939567e-20,38.6793742346277,9.29384995023839
"MAP2K7","MAP2K7",0.78246009478004,6.87014258388924e-19,1.4966326646674e-20,1693.88540460958,9.29323886336869
"CAP2","CAP2",4.54325338021938,7.05272270125073e-19,1.53845554451008e-20,672.88078311289,9.2903058821879
"GPR157","GPR157",1.73331426856881,7.13405008251515e-19,1.5582681718518e-20,391.151063677106,9.28894386405605
"PMEL","PMEL",4.8713907826099,7.35448627621931e-19,1.60855355117728e-20,235.64987015462,9.28556243381421
"GET4","GET4",0.852138404986554,7.64033900493706e-19,1.67329371724252e-20,1146.19458762826,9.2813597078927
"RNF115","RNF115",0.993519552737211,8.56319008526344e-19,1.87789256255777e-20,1580.99197848291,9.26906246190507
"ALKBH5","ALKBH5",1.02844394295946,8.70744056364337e-19,1.91205561348739e-20,3636.73538807221,9.26713911433443
"ACP7","ACP7",4.08366445635228,8.80628001886712e-19,1.93631752477124e-20,24.7802354920142,9.2657937152528
"BSPRY","BSPRY",3.95077483844689,9.59623340509046e-19,2.11279915216062e-20,107.287657273333,9.25648142961448
"AL450043.1","AL450043.1",2.13719944537817,9.69870502480147e-19,2.13817738870231e-20,15.7453498721315,9.25520598213023
"ANO5","ANO5",3.9875325310083,9.78464420782212e-19,2.15996560879076e-20,178.606993853105,9.25412284506588
"NEDD4","NEDD4",1.28484541968182,9.93110307442465e-19,2.19518108505785e-20,847.842074897729,9.25239484579697
"GNPAT","GNPAT",0.863197489310001,1.02030146083846e-18,2.25824826640789e-20,1623.0922844577,9.24936758149762
"PRPH2","PRPH2",3.26212796534131,1.06003853794093e-18,2.34927792624878e-20,73.3942244384877,9.24514234932127
"TADA2B","TADA2B",0.866264630666151,1.08077826871316e-18,2.39838096112715e-20,1475.33734285883,9.24292991126436
"IDH3B","IDH3B",0.795175201896922,1.37326218261075e-18,3.0554166140346e-20,2222.0851001398,9.21699539458937
"SUCLG1","SUCLG1",1.12265106610756,1.50533304834092e-18,3.35363787637238e-20,1941.87092608919,9.20700093134056
"CLDN3","CLDN3",5.28409466676243,1.53505220569426e-18,3.4243060705623e-20,10.6164531332504,9.20476156626122
"ZYG11B","ZYG11B",1.16685188952625,1.56632828325781e-18,3.49862452023136e-20,1812.30257522277,9.20245528997889
"ZNF768","ZNF768",0.87541509539062,1.68728938279734e-18,3.77370984301717e-20,1283.96499435448,9.19432081123126
"ZADH2","ZADH2",0.831106032503146,1.71709955221722e-18,3.84536933530695e-20,1179.7600919248,9.19229803697166
"HMGCR","HMGCR",1.74881546170873,1.72964976098631e-18,3.8835229035739e-20,983.22288859631,9.19123620439961
"SMIM13","SMIM13",0.938388801190043,1.72964976098631e-18,3.88258436520956e-20,472.007887476416,9.19126220043846
"ATMIN","ATMIN",0.670637131996076,1.8531678649221e-18,4.16623657328252e-20,1986.68324060876,9.18367525451568
"SIRT5","SIRT5",1.05293957659445,1.85768379885385e-18,4.18570001856954e-20,402.468088972642,9.18317354371947
"FDFT1","FDFT1",1.22618836369709,1.93943490455074e-18,4.37707947262671e-20,2407.77126152142,9.17835965661832
"TMEM159","TMEM159",1.8738227142275,2.02691470220517e-18,4.58039862413042e-20,1521.95626928835,9.17346824044131
"FAM160A1","FAM160A1",5.66703562713913,2.09466453188094e-18,4.73958310193811e-20,53.8673144397347,9.16978615592078
"CEBPG","CEBPG",0.856157482566637,2.11536895910018e-18,4.79257519489411e-20,1685.30276664908,9.16858747626235
"MYORG","MYORG",2.3071829376469,2.1403884944029e-18,4.85547639749236e-20,507.181153130681,9.16718154327868
"DUSP27","DUSP27",7.35891654814904,2.19362649136226e-18,4.98261855537726e-20,146.234700185958,9.16439388851821
"EPS8L1","EPS8L1",4.18998420808913,2.21758941978102e-18,5.04348935659504e-20,266.351368189377,9.16308406399168
"TMPRSS13","TMPRSS13",4.76424076967878,2.24308889756144e-18,5.10799841898503e-20,176.226659443648,9.16171289771874
"VWA7","VWA7",2.74741585614223,2.28420943968551e-18,5.20827352780622e-20,38.525414502355,9.15961512878439
"ETFA","ETFA",1.11169667279975,2.32421399321288e-18,5.30623968474882e-20,2713.29726411267,9.15760386840684
"ERBB2","ERBB2",1.93875853360932,2.33832649678521e-18,5.3452508219181e-20,1515.85474629501,9.15681316440231
"MAP7","MAP7",1.91963837128472,2.43530118963485e-18,5.57400179340148e-20,437.715617925677,9.15228845625338
"ECPAS","ECPAS",1.03917077879772,2.55593558152795e-18,5.85753797439745e-20,3473.91874520681,9.14692828001263
"ATP2A1-AS1","ATP2A1-AS1",3.23150805020983,2.63827955151167e-18,6.05391206487226e-20,12.9945725098963,9.14336416094318
"THEM5","THEM5",4.8500634988031,2.8798385418269e-18,6.61656874225942e-20,173.724091905379,9.133751684117
"LSM14B","LSM14B",0.793092933692142,2.96029370440048e-18,6.81001688708372e-20,1163.40299086566,9.13063262202726
"PSMD3","PSMD3",0.739294185247384,2.9842765435095e-18,6.87385645115323e-20,3931.11778795725,9.12962249737217
"DEGS2","DEGS2",5.12960418716736,3.20584612946846e-18,7.39352221098513e-20,175.21591135674,9.12172898960408
"MYOZ2","MYOZ2",6.65108480765493,3.2565041214273e-18,7.51981171295082e-20,307.695869186871,9.11989360469013
"RAPGEFL1","RAPGEFL1",4.65651882384406,3.26748173419652e-18,7.55465162199497e-20,349.015139673588,9.11939263141624
"ZBTB7B","ZBTB7B",1.28461619082625,3.29118085424713e-18,7.61900528882004e-20,3036.4794073983,9.11847324660191
"TEX2","TEX2",1.05186233118185,3.61393444542274e-18,8.37666924435734e-20,1434.38798399493,9.10819138831565
"CMBL","CMBL",2.28355958642057,3.84607949160915e-18,8.92592515916031e-20,819.418576357736,9.10129721779139
"PEX3","PEX3",0.792788085343672,4.00280896005813e-18,9.30128723145841e-20,416.213886126603,9.09682287615187
"GLO1","GLO1",0.895769646792465,4.09509725086932e-18,9.52763128252099e-20,3120.4464655838,9.0942103085791
"UBE2D4","UBE2D4",1.41435384223707,4.29661187234842e-18,1.00089541118375e-19,1128.66357125455,9.0888527790966
"ESRP2","ESRP2",4.85573826824553,4.37010175975298e-18,1.01928422013525e-19,84.5078853104457,9.08687291325455
"PARD3","PARD3",1.9979951440212,4.40952014062319e-18,1.0297589732372e-19,1031.11737019853,9.08576085172916
"MPZL3","MPZL3",2.62985930567552,4.41761769246148e-18,1.03293314814438e-19,279.547255314531,9.08542606909276
"SOX15","SOX15",3.9976119050671,4.44612396480071e-18,1.04088994877117e-19,92.0849713365066,9.08459130770634
"TJP3","TJP3",3.87566621065832,4.70844856011333e-18,1.10367084582649e-19,36.1031865507445,9.07821785021922
"GATA3","GATA3",3.74888603570568,4.95135167946078e-18,1.16204605466606e-19,512.974499321326,9.07260529169193
"MRS2","MRS2",1.05732754067098,5.00183949655384e-18,1.17534801693739e-19,802.737298323893,9.07136538031147
"TMEM213","TMEM213",3.12874477590953,5.09573801273805e-18,1.20037281524647e-19,40.501179294121,9.06906988654898
"PPFIA4","PPFIA4",3.48395190690015,5.10801566463952e-18,1.20474866959663e-19,72.0403260200118,9.06867335826799
"PTPN20","PTPN20",2.82358003436428,5.12198438824368e-18,1.20953099443538e-19,38.4806406883145,9.06824162124846
"PRR4","PRR4",4.80944325471298,5.22965709787822e-18,1.23647637901501e-19,39.3052728634851,9.06584014825078
"EIF2B3","EIF2B3",1.02302429669663,5.32325691835688e-18,1.26015289545163e-19,810.317275324867,9.06377231806976
"ODF3L2","ODF3L2",3.74131014452161,5.39127902504439e-18,1.27782144894743e-19,7.65550598327823,9.06225406968806
"SETD3","SETD3",0.890522623155327,5.5079599675768e-18,1.30707659274725e-19,2880.53150719393,9.05978523079974
"NDUFA5","NDUFA5",1.08588438229806,5.69362822087909e-18,1.35279071821747e-19,2399.31912923312,9.05603468701783
"ESRRB","ESRRB",3.60575209787871,5.75754049333716e-18,1.36964844430206e-19,22.6883369400767,9.05468315323887
"WDR72","WDR72",5.58020649903445,5.77980504526969e-18,1.37662371822968e-19,26.9241649806437,9.05412872693567
"CAV3","CAV3",7.82399093132381,5.9801050271801e-18,1.42606780159024e-19,85.8111212463262,9.05027649389799
"ARHGEF16","ARHGEF16",2.35063034776908,5.99757097415788e-18,1.43197494503247e-19,51.0167259213131,9.04982511760564
"NIPAL2","NIPAL2",1.57149670147327,6.23090037884162e-18,1.48949431038302e-19,843.422146834789,9.04552371945341
"PEX7","PEX7",1.15930709999436,6.48433478553884e-18,1.55196115466597e-19,237.82668907334,9.04103444561862
"MICU2","MICU2",0.56788335932804,6.83594473496467e-18,1.63810108235908e-19,1331.89760628158,9.03512833239668
"AC073349.1","AC073349.1",3.61061814687998,6.86680531151646e-18,1.64749075964697e-19,10.9171870203425,9.03450318505174
"RITA1","RITA1",1.07896761439777,6.88969107937132e-18,1.65498272413154e-19,735.283199117536,9.03400690410721
"CA14","CA14",2.44319810475387,6.90744446245079e-18,1.66125363509622e-19,41.1635779086557,9.03359321172205
"PCCB","PCCB",1.01651458015625,7.88102191255641e-18,1.89769000973314e-19,1025.50195354846,9.01902597791211
"CFAP61","CFAP61",2.86811300037299,7.94787904521999e-18,1.91609724861525e-19,79.526588655472,9.01796831651328
"UBL4A","UBL4A",0.802477891467296,7.95047772613297e-18,1.9190330517069e-19,1906.71445555048,9.01780055713675
"MAST1","MAST1",2.78304869803259,8.08115301159074e-18,1.95292183851618e-19,18.0352861004851,9.01588221612642
"SDR42E1","SDR42E1",3.76701076182296,8.12367420578946e-18,1.96555728285774e-19,102.842445509066,9.01517536942839
"RILPL1","RILPL1",1.24232989891421,8.4026663316623e-18,2.03550125496873e-19,674.557021792535,9.01134203060728
"ADH6","ADH6",3.6704623145062,8.5893221072701e-18,2.08321248970911e-19,7.84703202070734,9.00880113937264
"AC087672.1","AC087672.1",6.19600272983214,8.75496520007713e-18,2.12592973953308e-19,3.00208857394256,9.00657452792137
"PCNT","PCNT",1.78565245505332,8.8486711284974e-18,2.1512541345859e-19,1015.8969956746,9.00527528874876
"GRTP1","GRTP1",2.90549950487188,8.85887156846969e-18,2.1563071843783e-19,67.2570140051342,9.00501785715641
"GPLD1","GPLD1",2.68116173543221,9.55731831802057e-18,2.32908971442409e-19,85.4483268108717,8.9965561334072
"POLB","POLB",1.30545287743006,9.6176010176534e-18,2.34657396736054e-19,423.520525950593,8.99573470526345
"S100A2","S100A2",4.67989947448205,1.00863091806043e-17,2.46386255980255e-19,188.297831078081,8.9903759141212
"TMPRSS2","TMPRSS2",4.75526943501012,1.01355974951652e-17,2.47884660477782e-19,18.0883980041499,8.98970954185004
"CCDC63","CCDC63",5.61892085078584,1.01472152325713e-17,2.48463530877704e-19,3.92298551592515,8.98945317112009
"VSNL1","VSNL1",3.77216211166665,1.01879410110846e-17,2.4975665775983e-19,59.6085521825758,8.9888825949273
"TRPV3","TRPV3",2.73819959426879,1.03553157988193e-17,2.54160620715764e-19,68.0275538934704,8.98696106515834
"FBXO32","FBXO32",2.12617282270816,1.07943508981097e-17,2.65249821651006e-19,1438.0126349626,8.98226468322985
"AL137782.1","AL137782.1",1.83772664193705,1.12999104604411e-17,2.78001166492205e-19,63.5178136331255,8.97709842707035
"CCDC28B","CCDC28B",2.14307592917505,1.14659630209681e-17,2.82419444689815e-19,298.726692070677,8.97536281893531
"SPAG1","SPAG1",1.59368872778798,1.1617910823142e-17,2.86499543651899e-19,231.767904998026,8.97378371850697
"KLHL18","KLHL18",0.93293889433488,1.29073085255623e-17,3.18671205028697e-19,794.409072735484,8.96205901975454
"IGSF22","IGSF22",1.92952668542513,1.29563241913917e-17,3.20257693937329e-19,49.1440576573932,8.96151153479722
"KCNJ2-AS1","KCNJ2-AS1",2.32744674867644,1.31347657414959e-17,3.25049971295298e-19,43.6158411894629,8.95987388286453
"AMPD1","AMPD1",7.22174692976965,1.3140148521512e-17,3.25564850959966e-19,335.668286718199,8.95969935560897
"PDCD2L","PDCD2L",1.14578998211531,1.49136817150092e-17,3.69939705606421e-19,180.350409449585,8.94559846103975
"PCMT1","PCMT1",0.786507690309201,1.50418504121326e-17,3.73555887718525e-19,2897.25506603692,8.94452409012503
"PPIP5K1","PPIP5K1",1.29410206998749,1.51381126616193e-17,3.76386210013538e-19,547.80199766435,8.94369034294875
"SOWAHC","SOWAHC",1.77326852415996,1.58480298871653e-17,3.94957872754382e-19,795.729125619311,8.93836856585672
"ENSA","ENSA",0.892435455678374,1.61030570504559e-17,4.0178128286109e-19,5845.62109686851,8.93647518855794
"MRPL38","MRPL38",0.959591073493998,1.67726965475231e-17,4.19463568241472e-19,1372.19456565877,8.93171272112257
"GCOM1","GCOM1",2.49763412773927,1.69308558631663e-17,4.23910705067078e-19,316.321129603942,8.93054616925574
"TREX2","TREX2",3.64943163827397,1.71905250243309e-17,4.3091155733698e-19,49.4700201601374,8.92873401400611
"BVES-AS1","BVES-AS1",2.91738689178259,1.81585508321364e-17,4.5570430809126e-19,11.7722592882818,8.92254241065644
"SCGB1B2P","SCGB1B2P",5.35690775683944,1.82071299732818e-17,4.57940542688379e-19,57.1683023184468,8.92200040793955
"XDH","XDH",3.62489706167416,1.82071299732818e-17,4.57981136193275e-19,9.30252019953119,8.92199059335389
"TNNT2","TNNT2",4.24889451420973,1.83308002984858e-17,4.61624371406622e-19,29.1236915929491,8.9211132233983
"AC036108.3","AC036108.3",2.788227562591,1.85459029683639e-17,4.67579986538279e-19,17.8435806822625,8.91969360780852
"TPRXL","TPRXL",2.38547291986682,1.88741978257015e-17,4.76405190848572e-19,12.9627120348906,8.91762249076805
"DPH1","DPH1",0.737467872828377,1.92365766957188e-17,4.86110773942006e-19,708.922324347054,8.91538807924363
"DOK7","DOK7",5.72779738916943,2.01846108215647e-17,5.10654003299142e-19,43.0751790656751,8.90992868404593
"TMEM184A","TMEM184A",4.08965324767665,2.08277874845573e-17,5.27530808833912e-19,59.7208940996619,8.90632300366807
"KIAA0895","KIAA0895",1.9572142368647,2.11886720909114e-17,5.37286822800211e-19,58.3944163098086,8.9042902866481
"RRAD","RRAD",3.74857172898827,2.12381686606608e-17,5.39158807058719e-19,652.93548694948,8.9039044213708
"PLPP2","PLPP2",2.67534630229613,2.20353311033201e-17,5.600358636983e-19,219.732952480084,8.89968860561519
"SRD5A1","SRD5A1",1.36684550133216,2.21934842154078e-17,5.64700016634636e-19,521.105919346904,8.89876798267368
"THAP9","THAP9",1.0779558406594,2.28981691270425e-17,5.83960511605186e-19,135.92041170683,8.89504420136097
"AHCYL2","AHCYL2",1.5585974420639,2.35671497901998e-17,6.01705723991682e-19,812.857506801088,8.89171923795882
"SEMA4G","SEMA4G",2.69663825517841,2.44516968179042e-17,6.24999802479252e-19,57.5331288098529,8.8874986495988
"MKRN2OS","MKRN2OS",2.9619729547036,2.47020481596594e-17,6.321164293209e-19,8.87293443369192,8.88624015996731
"TACSTD2","TACSTD2",4.79036949236147,2.65307966593876e-17,6.79684055233528e-19,937.421894270461,8.8781714721317
"WDR47","WDR47",1.19535877485547,2.6605046762703e-17,6.82359018574032e-19,770.726653925147,8.87773445411519
"KLHL41","KLHL41",8.25715267979668,2.7369387874074e-17,7.02757606619073e-19,4168.15865606445,8.87445647895004
"TTC22","TTC22",3.99075408163123,2.76013480647281e-17,7.09515308390971e-19,100.934170309917,8.87339123782423
"WEE1","WEE1",1.4978022293021,2.77603335512531e-17,7.14408490949524e-19,402.803430273114,8.8726261446666
"TRIP10","TRIP10",1.35356987765882,2.78322296927098e-17,7.17875565444589e-19,2258.08677753955,8.8720871630483
"AP001542.3","AP001542.3",2.62925883636014,2.81665693764787e-17,7.27317304975299e-19,14.0489663112462,8.87063231007038
"NUDT12","NUDT12",0.991293874524048,2.94652938162769e-17,7.61708827015408e-19,354.039188318624,8.86548629829012
"SNORC","SNORC",4.0703102180113,3.24939292380909e-17,8.40946059926195e-19,24.0744229366225,8.85445377577294
"TACO1","TACO1",0.772960755847565,3.5525048759377e-17,9.20423593974795e-19,753.947171247198,8.84437458957121
"RCC1L","RCC1L",0.88375189155818,3.58942643317022e-17,9.31032242599339e-19,2132.00059094512,8.84309473637621
"TEAD4","TEAD4",2.07527737706714,3.64251187671415e-17,9.45859654287919e-19,531.148040834723,8.84132984986538
"PPARA","PPARA",1.23577566408593,3.6539536395664e-17,9.49892095797585e-19,1262.04308175907,8.84085459932442
"FERMT1","FERMT1",3.7922668511958,3.71490970305605e-17,9.6773910472361e-19,98.2356083489255,8.83877485717799
"DLK2","DLK2",3.03019276163301,3.71490970305605e-17,9.67896480667269e-19,32.1326546439285,8.83875668689689
"TMEM132B","TMEM132B",3.04750109134066,3.71987371000555e-17,9.70270300797312e-19,29.7717110817249,8.83848296422318
"CA6","CA6",5.32600065054887,3.81577868466373e-17,9.97502270302474e-19,61.7354780628689,8.83538934745672
"BCKDHA","BCKDHA",0.954779828405339,3.90283215863401e-17,1.02139298679251e-18,1806.620229305,8.83274323707121
"RNF144B","RNF144B",1.53900187598762,3.93766618208296e-17,1.0316529848492e-18,1267.33956279063,8.83162556393957
"LYPLA1","LYPLA1",1.18746861347872,3.95768019964173e-17,1.03804613113642e-18,2396.28043566865,8.83093466457306
"CA3","CA3",7.55741712221319,4.12783594999947e-17,1.08387466562087e-18,4299.77486374956,8.82610170803112
"MB","MB",9.01251782012415,4.17893917196568e-17,1.09850701482193e-18,15013.1910793584,8.82460105443815
"ERBB3","ERBB3",4.17676497092814,4.32560620034295e-17,1.13831742114288e-18,255.485484881703,8.82061601245774
"P2RY1","P2RY1",2.18755214133032,4.70544525834087e-17,1.2396418175076e-18,289.747774583371,8.81106344212041
"MYO18A","MYO18A",1.61731462748544,4.97841456435222e-17,1.31300116894151e-18,3673.71262651618,8.80461704146638
"ITPRID1","ITPRID1",4.18360703994244,4.98355873444891e-17,1.3159619904615e-18,12.7794019785943,8.8043643902598
"SLC6A9","SLC6A9",2.85551508312946,4.98355873444891e-17,1.31725294770202e-18,388.705266426281,8.80425440669966
"EGF","EGF",4.08921556861828,5.00335713118636e-17,1.32393933615394e-18,66.5956913872515,8.80368645550457
"EPHA1","EPHA1",3.40895541293911,5.01984861154127e-17,1.32976122160034e-18,95.2133721012644,8.80319423867643
"C6orf136","C6orf136",1.1252534862601,5.03243557527696e-17,1.33455724416982e-18,231.215812217937,8.80279035049939
"GPR143","GPR143",3.06596158978136,5.10685766898036e-17,1.35577666708727e-18,20.9263967118538,8.80102042779758
"AL445524.1","AL445524.1",2.28115585516129,5.12720307046193e-17,1.36266725034061e-18,63.7165170874846,8.80045156078752
"AC026464.4","AC026464.4",0.890573592243341,5.31217723898038e-17,1.41337119522076e-18,1324.37977150532,8.79635092483025
"EXOC3","EXOC3",0.703456026339705,5.52589631653301e-17,1.47183888760915e-18,2174.00642063544,8.79179902163897
"EIF2B5","EIF2B5",0.594074461731006,5.60172823253423e-17,1.49366402854259e-18,1332.25422212729,8.79014549531677
"MTHFD2L","MTHFD2L",1.37522875306454,6.06843320723262e-17,1.62163313310503e-18,210.843908705109,8.78090580801744
"NECTIN1","NECTIN1",2.89929965915299,6.12408067232313e-17,1.63828229906169e-18,1297.34609682633,8.77975699942772
"HACD1","HACD1",2.53245921362213,6.35425159438425e-17,1.7017020942321e-18,91.3240859060756,8.77548411465672
"PPP1CB","PPP1CB",0.98453287882515,6.46077982178521e-17,1.73210752164161e-18,9152.40719675591,8.77349102844361
"LPAR3","LPAR3",3.38825470536875,6.95055901999772e-17,1.86543410435631e-18,26.7036722903212,8.76514077818434
"AL157400.5","AL157400.5",3.24357461045543,7.17974382819408e-17,1.92902958088751e-18,9.81495256595336,8.76136332426492
"CYP39A1","CYP39A1",2.82381814218855,7.33075990829631e-17,1.97173337837876e-18,103.301246053693,8.75889519464163
"PARD6G","PARD6G",3.05043850988045,7.76781098341491e-17,2.09154199536006e-18,348.722900584784,8.75224258590179
"IRF6","IRF6",4.59072936888938,8.04708838059134e-17,2.16907691913232e-18,345.819448712433,8.74813499398036
"RDH12","RDH12",5.11329368256284,8.10246758499565e-17,2.18635772814598e-18,122.917070528179,8.74723927732965
"CAMK2G","CAMK2G",1.4633587249993,8.3559673888798e-17,2.25718882062804e-18,1365.06130793243,8.74363949983391
"CHMP4C","CHMP4C",4.48158559892504,8.44120786316497e-17,2.28266658551371e-18,87.3992007728984,8.74237188758162
"SLC25A23","SLC25A23",1.80467234471598,8.80492022445515e-17,2.38357896165685e-18,1247.32091276193,8.73748473099063
"EARS2","EARS2",0.807974815387856,9.09407620152026e-17,2.46449782038411e-18,633.250766745894,8.73371124956713
"SPRYD4","SPRYD4",0.858327750644038,9.24159463024468e-17,2.5071596911376e-18,379.317158825882,8.73177076794999
"MAP3K20","MAP3K20",1.83516158904112,1.02211415047787e-16,2.775870601536e-18,5249.94627067226,8.72025046513197
"LINC01996","LINC01996",3.98016056892074,1.08412777396371e-16,2.94743695953884e-18,3.54782394897399,8.7134576993743
"GDA","GDA",5.11866805055524,1.12626393470238e-16,3.0718073506609e-18,40.9326356521517,8.7087733722028
"GPS1","GPS1",0.624726733983272,1.12626393470238e-16,3.06912518345251e-18,2729.20297473914,8.70887240371472
"GRB7","GRB7",3.55559573046278,1.16122959134803e-16,3.17112452116827e-18,40.6405176025911,8.70516522374773
"UCKL1","UCKL1",0.959101761049891,1.16122959134803e-16,3.17391961618014e-18,785.545745585365,8.70506530104724
"GLB1L3","GLB1L3",2.51571662647836,1.18623494389082e-16,3.2457108084848e-18,62.2431949222191,8.70252815419078
"ZNF770","ZNF770",1.38938607095273,1.19122768679274e-16,3.2628317318623e-18,1110.44328600488,8.70193127415244
"ST3GAL3","ST3GAL3",1.55845854997206,1.19325237117206e-16,3.27184337860585e-18,614.754754149141,8.70161834560013
"ADCY2","ADCY2",3.4925630375942,1.20166951483113e-16,3.29993920838997e-18,301.660809904442,8.70064815445967
"DHCR7","DHCR7",2.47611354351035,1.20166951483113e-16,3.30190356985665e-18,647.375704841747,8.70058062745596
"C22orf39","C22orf39",1.29705729671494,1.20193706487528e-16,3.30612989554111e-18,1202.25504289721,8.70043547740227
"HDAC11","HDAC11",1.44021904020043,1.23417566349151e-16,3.39839238117217e-18,532.019160379881,8.69731162351279
"SMIM22","SMIM22",2.91708193193045,1.24658237183368e-16,3.43617599300035e-18,8.14179044377209,8.69605643372639
"HOPX","HOPX",4.92428077510558,1.27083463258529e-16,3.50671808108523e-18,2059.7885246975,8.69374903811194
"OCLN","OCLN",3.08355281084297,1.27463393958737e-16,3.52090413775876e-18,97.1053945172929,8.69329055791418
"C1orf127","C1orf127",3.14305146265166,1.31434925468442e-16,3.63442689223762e-18,27.4384652918428,8.68968597252965
"AC022784.1","AC022784.1",2.03521787008197,1.31897890255729e-16,3.6510598760808e-18,39.5795122609704,8.68916719817674
"DCAF8","DCAF8",0.827083325341244,1.38326113822609e-16,3.833017096165e-18,3386.41049989409,8.68363968036246
"UGT3A1","UGT3A1",5.86745517457193,1.43221971285422e-16,3.97700141015636e-18,4.96078018273477,8.6794463135042
"SDR16C5","SDR16C5",5.40826075269946,1.43504947081345e-16,3.98902737181502e-18,219.101231192074,8.67910288252734
"LINC00958","LINC00958",3.12702091260769,1.44771067272541e-16,4.02842693293523e-18,18.5948186890088,8.67798484795717
"FOPNL","FOPNL",0.723142850131202,1.45796375946899e-16,4.06119218464844e-18,1062.18386340484,8.67706326503532
"NSG1","NSG1",4.90003403188917,1.46619104431494e-16,4.08836819606816e-18,270.334820118256,8.67630444156259
"ARIH2","ARIH2",0.708782122229884,1.48805718233584e-16,4.15366257762502e-18,2203.30567711543,8.67450142051163
"AL138781.2","AL138781.2",2.54424488058363,1.61464295426293e-16,4.51169548623485e-18,4.75049892211602,8.66508669330855
"WFDC21P","WFDC21P",4.41739859438173,1.62568810663717e-16,4.54728025645286e-18,97.9589334739906,8.66419161067189
"IDI2-AS1","IDI2-AS1",4.91294093661101,1.68174590007088e-16,4.70896667732175e-18,6.00300432416474,8.66020982572113
"VDAC2","VDAC2",1.02759636187542,1.68535303096929e-16,4.72396210899664e-18,4153.76145745134,8.65984740419963
"PPP5C","PPP5C",0.563675513832912,1.69270873998793e-16,4.74949646458795e-18,1578.35320021861,8.65923287506981
"TFAP2C","TFAP2C",3.86380840161237,1.83333645979116e-16,5.15472781770026e-18,161.7818430286,8.64989402124984
"SOS2","SOS2",0.88817203910133,1.87518273188143e-16,5.27783219238152e-18,1527.27115550207,8.64720021924225
"FAM71E1","FAM71E1",2.76095267895682,1.87659766093157e-16,5.29271618672173e-18,11.5975837874672,8.64687873551351
"KIF21A","KIF21A",1.67567175016057,1.90150182154927e-16,5.3684784784068e-18,399.730869934775,8.64525603313938
"YWHAE","YWHAE",0.611745776989471,1.93474347216262e-16,5.46794875802902e-18,12628.7727806202,8.64315953336558
"ACSBG1","ACSBG1",2.98310448803718,1.94558061864229e-16,5.50422772905074e-18,47.2575514554233,8.64240425159233
"C11orf71","C11orf71",1.38670067353741,1.95696322421094e-16,5.54211439411429e-18,338.44357218699,8.64162072718641
"ULK3","ULK3",1.40157184998212,2.0057626240004e-16,5.68614012148365e-18,801.597136061997,8.63868966127228
"FZD9","FZD9",2.60513850580454,2.14456096275236e-16,6.08584890382555e-18,30.6819772790865,8.6309236696907
"LANCL1","LANCL1",1.40294221898586,2.20146036938682e-16,6.25371279557428e-18,1830.71944151135,8.62781132853093
"PXMP4","PXMP4",0.967060304079692,2.33390152046e-16,6.63671891637719e-18,502.196361520203,8.62100814416645
"RFESD","RFESD",1.23877451868536,2.36493290442229e-16,6.7318294595499e-18,50.597380027473,8.61937882982935
"TESK2","TESK2",1.04342728265013,2.62716584542059e-16,7.48591174148252e-18,277.389723227174,8.60721170713021
"REPIN1","REPIN1",1.03050426349613,2.71542040684518e-16,7.74527372929583e-18,2882.57761754371,8.60330508160158
"RNF39","RNF39",4.73646265436573,2.84235884706467e-16,8.11559993802886e-18,86.0664543374535,8.59794524653333
"AL139398.1","AL139398.1",3.24167119334083,2.9252338562454e-16,8.36072416215138e-18,9.39773810918774,8.594528686063
"ART1","ART1",7.59810864007126,3.17077914385184e-16,9.0809464268558e-18,22.3674969630115,8.58503413086664
"ART5","ART5",3.14273340865778,3.2202497030508e-16,9.23198111104666e-18,13.2599504441122,8.58313760562953
"DNER","DNER",4.89552637615648,3.25487378403782e-16,9.35015154064543e-18,63.983062257197,8.58167498466002
"ECI2","ECI2",1.2311100949559,3.38754485055857e-16,9.74111014887006e-18,1394.6679608584,8.57696280511458
"CSNK1A1","CSNK1A1",0.688388892855832,3.40401127869889e-16,9.79834779014349e-18,7642.28858233065,8.57628863686461
"PRICKLE3","PRICKLE3",0.678983159156408,3.52575362739397e-16,1.01590205599362e-17,396.45626529086,8.57212785916952
"AL022313.2","AL022313.2",5.75085953651567,3.6372712050859e-16,1.0490909453498e-17,2.25651745866187,8.56842597551664
"ACTR1B","ACTR1B",0.727472629935851,3.71091959947401e-16,1.07141108454664e-17,2490.34317002547,8.56600083571431
"PITHD1","PITHD1",0.77949128224939,3.7536694762228e-16,1.08484405973094e-17,1860.00248897952,8.56456522867011
"PPP1R37","PPP1R37",0.802104365660851,3.77421515331747e-16,1.09187820747769e-17,908.387862519035,8.56382045941021
"HTD2","HTD2",0.95874458861088,3.86616983119305e-16,1.11960361383161e-17,195.188692848347,8.56093031939815
"PPP1R3B","PPP1R3B",1.60021509939287,3.87308611493821e-16,1.12273148097721e-17,1382.66848470172,8.56060870978473
"TNNI1","TNNI1",8.7846400232136,3.89835860130215e-16,1.13206862757692e-17,5938.12627711818,8.55965389063937
"NIPAL1","NIPAL1",5.35469644610479,3.89835860130215e-16,1.13232212190721e-17,170.575696180599,8.55962807673923
"SPINT1","SPINT1",2.98004188836948,3.95456477962868e-16,1.14979648669929e-17,554.084161556948,8.55786223121247
"MFAP3L","MFAP3L",2.80621924946831,4.04462561099214e-16,1.17715663477812e-17,260.689812655459,8.55514990087045
"GDNF-AS1","GDNF-AS1",4.13816552569078,4.06928262221255e-16,1.18669680280626e-17,3.69452470629,8.55421875076139
"MST1R","MST1R",2.92212953500712,4.06928262221255e-16,1.18588805411659e-17,50.393622151399,8.55429740005036
"ETV3","ETV3",1.07632240273264,4.31454011833748e-16,1.26072596695931e-17,1311.34718679285,8.54723475412165
"GBP6","GBP6",2.84783619491147,4.35345824791164e-16,1.27336251180638e-17,17.2306418755146,8.54608318718117
"USP2","USP2",3.24545844430437,4.51086889820294e-16,1.32071449093429e-17,413.778663866856,8.54186607206307
"MYLK2","MYLK2",8.21401849054848,4.51480787047963e-16,1.3231791394545e-17,362.504469804178,8.54165067843308
"ARHGEF5","ARHGEF5",1.99591520260218,4.56952656887687e-16,1.34054311448985e-17,435.516369541959,8.54014431166216
"CTNNA3","CTNNA3",4.43704484762172,4.6673714684687e-16,1.37195884921875e-17,58.5090263633398,8.5374672117421
"CHTOP","CHTOP",0.607997278458144,4.6673714684687e-16,1.37156354018108e-17,2155.20151430243,8.53750052075388
"FAM83F","FAM83F",4.31476887744623,4.82268036878997e-16,1.4190122033183e-17,92.5819354276567,8.53356862357247
"MLF1","MLF1",1.64433311759311,5.00048970696852e-16,1.47278278228944e-17,512.192641133022,8.52926671152452
"SYNPO","SYNPO",2.28079343148927,5.26493360505935e-16,1.55372735643671e-17,11610.3816739449,8.52307452904939
"TGFA","TGFA",2.67570892774554,5.37985497488747e-16,1.58920428414679e-17,160.379295789918,8.52046030610909
"ZNF853","ZNF853",2.22127640540265,5.50184737007798e-16,1.62843687408779e-17,315.134374721528,8.51763556248826
"LRPPRC","LRPPRC",0.948773110970574,5.66704775324027e-16,1.6789789439715e-17,2978.42345736579,8.51409392350262
"STX19","STX19",3.89223678355897,5.72392662267289e-16,1.69749305267486e-17,10.2951883139228,8.51282285244706
"USP28","USP28",1.28084552795613,5.90539505693344e-16,1.75302479034099e-17,491.400496172653,8.50909082668939
"MIR205HG","MIR205HG",4.707144950223,6.30532911767472e-16,1.87540868377452e-17,85.5211580537985,8.50126180587755
"C9orf152","C9orf152",4.57239985471281,6.61156531219297e-16,1.97033403343499e-17,9.95209191983102,8.49552902712545
"SATB1","SATB1",1.42456685927916,6.83836963455066e-16,2.03991100693724e-17,1075.46088076922,8.49149762364106
"SYNM","SYNM",3.71153396498163,6.97218003405667e-16,2.08185229319457e-17,2807.43929005524,8.48913251516862
"EPHB1","EPHB1",2.34603236115434,7.08696111647941e-16,2.11818374255179e-17,107.574008455526,8.48712144629402
"SMARCD3","SMARCD3",1.79155363708526,7.25135565416765e-16,2.16942498076934e-17,802.785940363165,8.48434217507631
"SH3RF2","SH3RF2",4.8240527284952,7.43838331541229e-16,2.22970012243101e-17,226.847828741324,8.48115464985995
"SLC25A42","SLC25A42",1.72191848225161,7.46099994430421e-16,2.23864672431342e-17,367.877993039231,8.48068878770215
"ARSF","ARSF",4.77409508711012,7.48367316043267e-16,2.24762345994173e-17,5.06273633619905,8.48022319899664
"RPL26P6","RPL26P6",4.75003981875258,7.50520979128103e-16,2.25627167827811e-17,3.99976547340228,8.47977638115085
"RRNAD1","RRNAD1",0.660751702024169,7.54580679774588e-16,2.27066801512279e-17,568.206979900472,8.47903631599315
"TRPT1","TRPT1",1.61339424029071,7.72773097429447e-16,2.32990146140283e-17,577.983277951419,8.47603926709102
"LTB4R","LTB4R",2.22287732122795,7.73229034347077e-16,2.33352203638496e-17,324.851360073898,8.47585852201226
"RNF128","RNF128",4.3179583723381,7.73914434828248e-16,2.33783842285749e-17,46.4116639727429,8.47564340208217
"ASCL5","ASCL5",4.69424159944488,7.82172249346765e-16,2.36505551170554e-17,3.9148031910261,8.47429591717677
"SMPD3","SMPD3",3.13140908771517,8.03734456450303e-16,2.4349222669852e-17,180.530581179968,8.47090573658523
"DUPD1","DUPD1",7.62185630013745,8.20651560632839e-16,2.49094016748378e-17,31.0696390184229,8.46825616983931
"KAT7","KAT7",0.576528102586025,9.03589565002355e-16,2.74793271336548e-17,1570.21092555654,8.45680907978089
"ELMOD1","ELMOD1",5.13195732769731,9.15903683930305e-16,2.78804188671709e-17,120.699720363577,8.45511844675863
"LINC01497","LINC01497",3.24131059743405,9.51877862581746e-16,2.90031334334917e-17,3.98445762688565,8.45051069887267
"COQ6","COQ6",0.947026965478565,9.83949132918249e-16,3.00374851486313e-17,420.43176492143,8.44641876016164
"TULP1","TULP1",3.61835601845428,1.04897211528625e-15,3.208340993948e-17,4.87132057410941,8.43871909887811
"C12orf29","C12orf29",1.10618936326701,1.06655747672368e-15,3.26522476027291e-17,617.169998512213,8.4366643304438
"SPSB3","SPSB3",1.00666995458155,1.07834523588079e-15,3.30757688245066e-17,1184.10940694295,8.43515728325425
"OPLAH","OPLAH",1.77772484703177,1.09481064441601e-15,3.36126075040004e-17,349.659474839196,8.43327413632895
"CLDN4","CLDN4",4.56857445079737,1.09623364364133e-15,3.36881374164205e-17,327.708896016307,8.43301157288916
"SLC15A1","SLC15A1",4.52943834719528,1.11727118843085e-15,3.4367090407467e-17,43.6006746858118,8.43067707922009
"ARAF","ARAF",0.736602228543002,1.12466044973155e-15,3.46270499801164e-17,2458.14811662373,8.4297952664264
"TBC1D8","TBC1D8",1.5077740092008,1.16542334715138e-15,3.59159454899388e-17,507.949055449954,8.4255174484457
"FRMPD1","FRMPD1",4.23561175024789,1.24226342383301e-15,3.83922470941771e-17,25.5989592042829,8.41770762558931
"LRRC2","LRRC2",2.73761498547713,1.30078279585169e-15,4.0276358207793e-17,871.502199225197,8.41209147442105
"P2RX6","P2RX6",3.51548187218073,1.30351493033315e-15,4.03988158088029e-17,46.4665069465175,8.41173547695732
"RBM20","RBM20",3.18492967705973,1.32349262726634e-15,4.10564112327306e-17,59.7146707617633,8.40984179721086
"LYPD3","LYPD3",5.57241903532661,1.37100108216927e-15,4.25700057174088e-17,1417.71306461729,8.40559437793726
"RBM18","RBM18",0.603719016311208,1.38133865820048e-15,4.29311131716774e-17,1137.24725651466,8.40460306532342
"HSPB6","HSPB6",3.7935518765646,1.40277456649201e-15,4.36380725198368e-17,5631.53298211004,8.40268590993476
"ZBTB18","ZBTB18",1.37076890673991,1.43062981667824e-15,4.4546159041451e-17,718.09699861514,8.4002677931932
"RAMP1","RAMP1",3.67421436066613,1.52321083442277e-15,4.74731388792736e-17,195.485049126502,8.39279191910699
"FAM83H","FAM83H",3.19033971441458,1.52614720586096e-15,4.76089839402427e-17,498.138371250739,8.39245609133115
"RSAD1","RSAD1",0.733080570743814,1.56665243467479e-15,4.89180715486059e-17,992.956703026671,8.38926744470515
"UBE4B","UBE4B",0.937562550651326,1.62736018602799e-15,5.08609143768479e-17,1719.07197562421,8.38468698206785
"ZNF579","ZNF579",1.14795738812196,1.68295251149318e-15,5.26961428892078e-17,425.890142655983,8.38051605691795
"FAM50B","FAM50B",0.882954367859818,1.69690506748103e-15,5.31823099747889e-17,519.595277261026,8.37943514591022
"ARHGEF4","ARHGEF4",3.19512543240881,1.76257370563074e-15,5.52916115394795e-17,230.045411813793,8.3748556276641
"NELL2","NELL2",3.48066398916754,1.78106735002641e-15,5.59234868531006e-17,218.929276115382,8.37351726639712
"KLHL21","KLHL21",1.42007421893822,1.82492129628715e-15,5.73534577257668e-17,1903.07881144418,8.37054273436715
"C6orf106","C6orf106",1.02562691368272,1.82686089265602e-15,5.74674784113648e-17,5644.98200851275,8.37030871401495
"SSX2IP","SSX2IP",1.12670185161329,1.85551804058708e-15,5.84228405947598e-17,273.958250186598,8.36836569692659
"CHDH","CHDH",1.80631411339975,1.86032459060589e-15,5.86282148485939e-17,118.439868100291,8.36795210074666
"PLEKHH1","PLEKHH1",2.53923888719055,1.8781300785062e-15,5.92439080184076e-17,35.7716133872301,8.36672068660292
"NDUFS7","NDUFS7",1.54457148587237,1.89639303688196e-15,5.98750793276022e-17,2595.42175893265,8.36547134862425
"DDN","DDN",6.70674336331498,1.9208877055879e-15,6.07042472313128e-17,238.128845267483,8.36384969301516
"F12","F12",2.31706978223279,1.95998158192043e-15,6.19966289854581e-17,65.4323526914336,8.36136515796044
"AC092171.3","AC092171.3",1.73964084747567,1.98440859822471e-15,6.28269249466984e-17,30.4003531372977,8.35979576693914
"FAM182A","FAM182A",3.05642711279587,1.98552951045441e-15,6.29200852766865e-17,34.765302658993,8.35962095709011
"KCNK7","KCNK7",5.34231417008525,1.99064340212083e-15,6.3139961517252e-17,112.719872059716,8.35920938248372
"AC139769.1","AC139769.1",2.25557776023472,2.01221077009228e-15,6.39409371000627e-17,16.6729228805244,8.35772194043249
"DMD","DMD",2.61969779513057,2.0289911334865e-15,6.45920263245384e-17,902.027550578995,8.35652632131858
"STX17","STX17",0.797392036743825,2.14726675558474e-15,6.84196476959585e-17,564.353078336927,8.34972920903931
"NDUFAF6","NDUFAF6",1.1893242736897,2.16473678065575e-15,6.91020600075716e-17,245.246748342007,8.34855688913598
"NEB","NEB",7.51778456888024,2.30645592675201e-15,7.37599621050877e-17,6748.77359550851,8.34084751080927
"CGN","CGN",4.78939777670937,2.30748190698293e-15,7.38597961396303e-17,59.457940656161,8.34068758249629
"AP002761.4","AP002761.4",2.69562789160126,2.33711654729996e-15,7.48762504842529e-17,99.9411871676473,8.33907131007416
"FDXR","FDXR",1.5669278844493,2.3534025165399e-15,7.56030900224564e-17,332.571375065656,8.33792877087953
"CLYBL","CLYBL",1.2968172716358,2.40671319594034e-15,7.73856020653525e-17,214.85633687187,8.3351720189744
"AGMAT","AGMAT",3.19112201073685,2.52346068959182e-15,8.12128048120058e-17,99.3383743136893,8.32945872460982
"HADHA","HADHA",0.688931863144485,2.5378690371706e-15,8.1750225462478e-17,8270.68227611378,8.32867779627411
"PDLIM2","PDLIM2",1.41393395317589,2.58970815428697e-15,8.34952960165719e-17,2104.94090852041,8.32617648892368
"SLC6A14","SLC6A14",5.48706845370894,2.62339144394538e-15,8.4657485018686e-17,22.8910246506092,8.32453909841629
"CYP2J2","CYP2J2",6.12921866524563,2.65057877219157e-15,8.56118158091386e-17,42.8165915448858,8.32321104652722
"C15orf62","C15orf62",2.71033269255197,2.67934567815901e-15,8.66187910941961e-17,49.3829328198039,8.32182547092466
"ERAL1","ERAL1",0.549205561005178,2.73364434163873e-15,8.84535783834537e-17,1028.91181349008,8.31934119935285
"DKFZp451B082","DKFZp451B082",5.35450712292833,2.77561186983816e-15,8.98921585590087e-17,5.75803685142056,8.31742867279204
"TMEM117","TMEM117",1.10002379678133,2.79455364554241e-15,9.05867860005032e-17,243.652451429632,8.31651597705866
"HES2","HES2",4.18952938258137,3.05309486718736e-15,9.90562032836145e-17,60.8285842537427,8.30591131387013
"ATP13A4","ATP13A4",5.49980868497378,3.11513920197808e-15,1.01250167509395e-16,34.9251858171816,8.30331008162661
"SAPCD1","SAPCD1",4.37242620509779,3.20989498100377e-15,1.04423213045318e-16,37.5784050490706,8.29964470078911
"CMAS","CMAS",0.650280148906312,3.29911305040883e-15,1.07421451420597e-16,1086.44762874103,8.29628080157265
"TAL2","TAL2",4.92231421812007,3.49330283868458e-15,1.13845875014642e-16,2.85571069191238,8.28937417682544
"NAXD","NAXD",0.572758215977885,3.50011596301162e-15,1.14169577857036e-16,1312.37639249055,8.28903642788152
"PNPLA4","PNPLA4",1.38308061074731,3.53684188916673e-15,1.15470265000099e-16,595.184713846577,8.28768875440876
"KRT7","KRT7",3.89307526763063,3.5631476254327e-15,1.1643258622667e-16,169.927181887091,8.28670126961118
"CPT1B","CPT1B",4.04430597826974,3.63945156057803e-15,1.19031673556723e-16,198.141244107235,8.28407390942305
"ATP2A1","ATP2A1",8.44642632996973,3.67303878537392e-15,1.20236862760439e-16,5012.41908384426,8.28287474984302
"HSPA2","HSPA2",2.01718862727268,3.71336627930735e-15,1.21664841496999e-16,2489.93017429497,8.28146916212346
"TP63","TP63",4.73019536466277,3.76272118061809e-15,1.23391199399263e-16,380.084663359969,8.27979143490056
"RGS20","RGS20",3.89610841689539,3.83777606035251e-15,1.25963952253931e-16,16.4461146941465,8.27733361880409
"ATP5F1D","ATP5F1D",1.47413310336357,3.84178528589064e-15,1.26207132518366e-16,2963.05483234188,8.27710386854892
"KIAA1522","KIAA1522",1.93421707027263,3.90081006439229e-15,1.28372772248067e-16,1322.04059203371,8.27507687209726
"TOB1-AS1","TOB1-AS1",2.13267436278154,4.02031735574925e-15,1.32422443401291e-16,29.5455169295765,8.27137533846375
"KTN1","KTN1",0.919897583258303,4.14576378188534e-15,1.36915691297886e-16,6798.57845844731,8.26739678133531
"UBE2QL1","UBE2QL1",3.37541958539554,4.19308282678214e-15,1.38600216593415e-16,96.0088377335695,8.2659383098715
"PPP2R1A","PPP2R1A",0.543467307481708,4.52002082630158e-15,1.49669563784821e-16,7369.56017242541,8.2567683002552
"RGS12","RGS12",1.02090082637763,4.59474183445031e-15,1.5227722879946e-16,806.126160440722,8.25470552103288
"PSMC6","PSMC6",0.603364461142123,5.01618301444416e-15,1.66535877353017e-16,1995.76480317896,8.24400809883728
"PRADC1","PRADC1",1.34619564137511,5.14332726129091e-15,1.70906424622888e-16,839.308632663363,8.24090953083112
"RNF10","RNF10",0.958063442097616,5.26135776089686e-15,1.74981254683017e-16,5518.96282373263,8.23809019637547
"AC116407.1","AC116407.1",3.56168222830117,5.28158614384396e-15,1.75807416081247e-16,6.40374513470865,8.23752648220016
"SIRT3","SIRT3",0.856879386618808,5.34801898173573e-15,1.78174095853691e-16,654.812024622364,8.23592596743221
"PNPLA1","PNPLA1",4.94400836595191,5.4009362527295e-15,1.80093958932656e-16,35.8759967499851,8.2346429440903
"TMEM11","TMEM11",1.14390663054335,5.71013445925306e-15,1.90735872782067e-16,1061.52906320343,8.22776684963344
"PRRG4","PRRG4",1.98460593022123,5.72471647704603e-15,1.91389237396305e-16,430.698031177908,8.227357103463
"PTCD3","PTCD3",0.948778752324942,5.74457098612195e-15,1.9221987266215e-16,1041.61156232067,8.22683817150812
"MYBPH","MYBPH",5.17858806980889,5.82308737090734e-15,1.95016258239112e-16,25.9002032330563,8.22510726041177
"MCUR1","MCUR1",1.07361033845453,6.12629181595703e-15,2.05348575450634e-16,1046.07195555637,8.21891730310573
"PPP1R3C","PPP1R3C",2.94346705561375,6.28018690536591e-15,2.10689435218358e-16,1544.45148349753,8.21583702760277
"ATP1A2","ATP1A2",4.73830244109739,6.38829610959034e-15,2.14687422992797e-16,1215.07435729741,8.21358120438417
"AC092611.3","AC092611.3",5.07048722950648,6.66215734393998e-15,2.24277923830209e-16,18.9215237192458,8.2083343656058
"FASTKD2","FASTKD2",0.56291517528122,6.7957626889884e-15,2.28973066086515e-16,790.346587829715,8.20584584045239
"ARHGAP32","ARHGAP32",1.75507060550634,7.00626540764383e-15,2.36269145412876e-16,538.692344045736,8.20207686286267
"SELENOKP3","SELENOKP3",5.34871718716139,7.07584400499528e-15,2.38821039090406e-16,2.37898132198828,8.20078564819739
"FAM57A","FAM57A",1.72119226078281,7.12787824711579e-15,2.40784315132905e-16,748.592170881335,8.19980148730708
"AL118508.3","AL118508.3",3.33598212808123,7.29257515072082e-15,2.46559703597044e-16,8.92578461743035,8.1969515786064
"MYBPC2","MYBPC2",8.35910810310579,7.60614767913162e-15,2.57382422626593e-16,2540.04641787729,8.19178391698727
"FHDC1","FHDC1",2.98533811264613,7.79702293109597e-15,2.6406787317468e-16,78.3739988716061,8.18869770449848
"NEDD1","NEDD1",0.613260091786463,7.83540995836208e-15,2.65595544946222e-16,729.998237403218,8.18800329923801
"MYH15","MYH15",2.82073684065951,7.88426434741346e-15,2.67480561106626e-16,21.3784324101547,8.18715186864732
"IL20RB","IL20RB",4.55542524657539,7.94792553448016e-15,2.69871178976627e-16,245.038051478514,8.18608053307767
"AC009831.1","AC009831.1",1.45042033639042,8.08138750550597e-15,2.74637602574706e-16,77.4166911696639,8.18397213797209
"IL20RA","IL20RA",4.60085638476724,8.10982292624648e-15,2.75839509894116e-16,91.1474179986589,8.18344617701111
"CDC42BPG","CDC42BPG",4.71624765064798,8.13021803707228e-15,2.77005511719699e-16,110.194118837129,8.18293808279345
"MFSD3","MFSD3",1.12209752026651,8.30598661940138e-15,2.83235398256571e-16,416.508677631921,8.18025858602195
"SLC9A2","SLC9A2",6.78474827310925,9.07235123244422e-15,3.09895580613292e-16,20.6783232147258,8.16941221691943
"ESYT3","ESYT3",3.91660767031969,9.10402749303207e-15,3.11242022751794e-16,61.1316199119897,8.16888913059166
"RTN4R","RTN4R",2.17424887992802,9.20836247576251e-15,3.1507642025236e-16,67.0562317544775,8.16741161568984
"PRKCQ-AS1","PRKCQ-AS1",2.92590581769692,9.28392437489432e-15,3.17931533577333e-16,80.0620753960002,8.16632291634796
"TMCC1","TMCC1",0.67210696020151,9.5986977463327e-15,3.29268677774454e-16,897.165209355573,8.16209294170939
"SYNPO2","SYNPO2",2.96206885925873,9.65577595125925e-15,3.31507121365994e-16,6156.55603800169,8.16127475478445
"TEAD3","TEAD3",1.66275841738991,9.8153690790676e-15,3.37271454064627e-16,612.1517237663,8.15919260819731
"MRPL35","MRPL35",0.716010915731221,9.90765768869763e-15,3.41018193363155e-16,1027.80735552303,8.15785796570225
"RCOR3","RCOR3",0.852919637284029,9.93444267883854e-15,3.4222868064083e-16,929.143295163997,8.15742986013034
"FRAS1","FRAS1",3.57879371943148,1.01087031304442e-14,3.485253461089e-16,38.7609235720927,8.15522675532565
"PAK6","PAK6",5.06496701156192,1.01645689750247e-14,3.50746716112737e-16,69.4048842815995,8.15445888301698
"DUOX1","DUOX1",3.55444269443842,1.05853036283674e-14,3.6587984540947e-16,211.015883199136,8.14935188951207
"RNF157","RNF157",2.66153662908182,1.0674733137108e-14,3.69281026092007e-16,253.786344029684,8.14823276981486
"AC083880.1","AC083880.1",2.58789272997006,1.07155490393295e-14,3.71004253946809e-16,5.51196182956679,8.14766963280571
"NARS2","NARS2",0.825509177900126,1.08987241374197e-14,3.77662887647896e-16,437.815761614082,8.1455176052341
"TFAP2A","TFAP2A",4.68857048950709,1.09228265182731e-14,3.78815349797202e-16,194.031480599071,8.14514893684411
"OSBPL2","OSBPL2",0.717015686756561,1.09625147168986e-14,3.8051019770808e-16,1283.47961096705,8.14460876452548
"CYSRT1","CYSRT1",5.0169618086843,1.16220570703032e-14,4.04078143172794e-16,58.7564473943224,8.1373336139784
"LARGE1","LARGE1",1.30755918365764,1.20023082427316e-14,4.17647417067284e-16,836.058602391902,8.13333238741048
"SRRD","SRRD",0.604821468046536,1.22270972341274e-14,4.25824607404402e-16,817.91969455997,8.13098256165173
"RAB5B","RAB5B",0.909537119487364,1.25326133759658e-14,4.36828629347011e-16,5361.05560922618,8.12788964199198
"ECI1","ECI1",1.3567654110049,1.27386670860086e-14,4.44750721429718e-16,1337.0046299583,8.12571014165485
"PPTC7","PPTC7",1.00989303062726,1.29001341751634e-14,4.50762792283069e-16,2020.70404622094,8.12408150525433
"LINC00346","LINC00346",1.67162357364836,1.30794898645976e-14,4.5740983493016e-16,400.000431387285,8.12230559134235
"BCHE","BCHE",4.71068320917617,1.31844792001727e-14,4.61464431166727e-16,46.9384498379567,8.12123475674203
"VWA8","VWA8",1.42310242142682,1.34018625962828e-14,4.69462248493003e-16,613.867793403721,8.1191494173354
"TTLL12","TTLL12",1.27804985819595,1.36671102517578e-14,4.79547728131852e-16,1225.77833413085,8.11656909804519
"CYP2E1","CYP2E1",3.25257220059143,1.45345471241982e-14,5.10406281897166e-16,34.7145732613333,8.10899385373272
"CYCS","CYCS",1.30224187053991,1.47322273117746e-14,5.17776084792822e-16,3367.23122511368,8.10725152165618
"BCO2","BCO2",2.31370516220027,1.48828759306188e-14,5.23503042639114e-16,36.5611309527138,8.10591437476622
"NR2F6","NR2F6",1.2913927886238,1.54179990087179e-14,5.42773753879576e-16,1070.31709159744,8.10151853117741
"FAT2","FAT2",4.50853892458743,1.5576762000479e-14,5.48815275548422e-16,151.452095075293,8.1001720251652
"PROM2","PROM2",5.53347438713652,1.58859735734899e-14,5.60776197431007e-16,218.075442615305,8.09754878256947
"AL031058.1","AL031058.1",4.57977758372429,1.58859735734899e-14,5.61093989350637e-16,10.9662059399992,8.09747983952084
"EEF2","EEF2",0.923502977111212,1.6164140285303e-14,5.71388367817294e-16,104952.609440132,8.09526709981159
"WRNIP1","WRNIP1",0.504872898942691,1.66273510089621e-14,5.88245426075167e-16,1419.19441278543,8.09172719871444
"SH3GLB2","SH3GLB2",1.06404424719993,1.70724001889925e-14,6.04486343394385e-16,1814.73665614193,8.08840998843979
"HSDL2","HSDL2",1.93696996378568,1.71272068994782e-14,6.06924376012648e-16,1728.57951087999,8.08791961563211
"CRB3","CRB3",4.82362640271472,1.75198279024222e-14,6.21346284096012e-16,44.3255225076112,8.08505798393167
"SPINT1-AS1","SPINT1-AS1",3.83460385310196,1.80598391450323e-14,6.41022523388796e-16,31.2852014688856,8.08125757803197
"KRTCAP3","KRTCAP3",3.93801105688554,1.81374424647917e-14,6.44303826375049e-16,20.103388381427,8.08063500789702
"SLC23A1","SLC23A1",2.76687677149685,1.83798804680483e-14,6.5344991555975e-16,17.6629820712413,8.07891604746406
"BCAN","BCAN",4.32983906975349,1.84751965122939e-14,6.57375268024866e-16,49.2742675010582,8.07818555677411
"RASAL1","RASAL1",4.76188633261917,1.89342901735588e-14,6.74356334221305e-16,44.8553413153124,8.07507418702391
"CUL2","CUL2",0.587622695788723,2.05045807102242e-14,7.31370544677451e-16,1224.50072331035,8.06516494315126
"TENT5B","TENT5B",3.67778033472816,2.10674022055566e-14,7.52669475799774e-16,446.771523698778,8.06165732026315
"SYNGR1","SYNGR1",1.81223264927913,2.10674022055566e-14,7.52061708362253e-16,527.101465679159,8.0617560478655
"HDAC5","HDAC5",0.91466502440802,2.11246405174152e-14,7.55328002699491e-16,2784.80515586527,8.06122638224323
"AKR1B10","AKR1B10",4.33523606635465,2.11725792594438e-14,7.58212377627787e-16,19.0941651375339,8.06076052204293
"PPP2R2A","PPP2R2A",0.624665880975893,2.13862605680098e-14,7.66545995728014e-16,1805.97573611789,8.05942429138416
"AMOT","AMOT",2.63680636646409,2.14142932092013e-14,7.68172769645743e-16,511.34552464787,8.05916512131039
"CNKSR1","CNKSR1",4.62424673263442,2.20947480676143e-14,7.93223789112678e-16,80.8196355938467,8.05524097452438
"NT5C1A","NT5C1A",7.55189498538604,2.21212061278245e-14,7.94816195541968e-16,26.8196904874475,8.05499567450332
"CRISP3","CRISP3",6.67591181616942,2.26371341971819e-14,8.14011041481095e-16,23.2928768896574,8.05207634140528
"ALDH3A1","ALDH3A1",4.93463684763261,2.29879031572212e-14,8.27292088178141e-16,185.378893624628,8.05009586739243
"PERP","PERP",5.11049876567857,2.29902775763963e-14,8.28045317611579e-16,6883.00912548699,8.04998448622911
"GRIP1","GRIP1",2.6191487889364,2.30567020621724e-14,8.31107449144763e-16,42.7458241324931,8.04953270968336
"HR","HR",3.30164610249966,2.37525069695587e-14,8.56878519117925e-16,590.503637975589,8.04579424839992
"LIPH","LIPH",3.27456258896426,2.41179125880545e-14,8.7100737136633e-16,24.7783654710834,8.04379140258692
"AC079336.5","AC079336.5",2.09444494386137,2.41179125880545e-14,8.71461695699424e-16,23.9722740883346,8.04372753196762
"CHP2","CHP2",5.28309013194713,2.41455984435007e-14,8.73163415306098e-16,249.456094237608,8.04348858905266
"PCBD2","PCBD2",1.18439986177934,2.43904550625648e-14,8.82726472869634e-16,246.639555792525,8.04215429001012
"TSNARE1","TSNARE1",1.14603727445714,2.49051012215366e-14,9.02799068330362e-16,294.328931196252,8.03939934844695
"HSD11B2","HSD11B2",2.56073178209063,2.49625542044562e-14,9.0633184488121e-16,165.385890364937,8.03892073138566
"HPGD","HPGD",2.56596695134931,2.49857311958077e-14,9.07899085800959e-16,843.878994211606,8.03870899140762
"C19orf33","C19orf33",4.0566239049441,2.58547790704772e-14,9.4097938234309e-16,282.617539826962,8.03432178965651
"FMO5","FMO5",1.07613803363041,2.63791110795692e-14,9.60828549255833e-16,201.721790969204,8.03176170708751
"TMEM97","TMEM97",1.09118588077459,2.68751518460542e-14,9.79676878319916e-16,260.683025426374,8.02937848773358
"EXOSC7","EXOSC7",0.8023758041328,2.77184891153061e-14,1.01122407136123e-15,961.506509693447,8.02548889131543
"AC018682.2","AC018682.2",2.38139339542109,2.78878602835645e-14,1.01821309330895e-15,5.64625841105147,8.02464337101525
"A2ML1","A2ML1",5.8838625984164,2.85185394580953e-14,1.0420681607495e-15,205.405586915615,8.02179987895346
"THAP4","THAP4",0.800626825983746,2.98055372206098e-14,1.08996082725536e-15,1457.7162541581,8.01627977414812
"SEPT5","SEPT5",2.07714468331358,3.16239845575771e-14,1.15829686671037e-15,637.782723083138,8.00880362883374
"TTYH1","TTYH1",2.87603669574663,3.23781575479225e-14,1.18686054448351e-15,34.0724712802181,8.00580667869066
"SP6","SP6",3.34229320460032,3.26368508601771e-14,1.19729123493679e-15,105.98259666003,8.00472995287967
"TOMM70","TOMM70",0.711814419509778,3.6106236756169e-14,1.32771278416725e-15,2245.5659402244,7.99199606438351
"CSTA","CSTA",3.35955685332976,3.62642951045312e-14,1.33457830537473e-15,1153.96945673052,7.99136035504706
"BAP1","BAP1",0.53447701981925,3.63068572842601e-14,1.33825380195556e-15,3065.55558131684,7.99102134701784
"NEK10","NEK10",2.08335305069288,3.63242082273441e-14,1.33994842711534e-15,23.509332482419,7.99086535270429
"ALDH3A2","ALDH3A2",1.60745370697385,3.66694961009358e-14,1.35375071291651e-15,3738.72553913208,7.98960200875808
"GPT2","GPT2",3.42952559913119,3.70438279354646e-14,1.36864613494571e-15,811.105985177731,7.98825276466186
"ACTR3B","ACTR3B",0.809676628287702,3.72165182440288e-14,1.37610746266552e-15,206.809001417588,7.98758233698211
"DAPK2","DAPK2",2.57246034372316,3.93643977472029e-14,1.45895699795024e-15,322.980830141586,7.98036965092644
"SCRIB","SCRIB",1.14667079121156,4.10652912002319e-14,1.52318975434809e-15,1815.5072657834,7.97505013675204
"F2RL1","F2RL1",3.67053971162774,4.40369229558268e-14,1.63469233000891e-15,125.989595902649,7.96632005672242
"NPTX1","NPTX1",3.95607112599154,4.40875916458999e-14,1.63785377353044e-15,17.5937216708232,7.96608117347165
"CYP4F22","CYP4F22",4.97520550423484,4.42569875494277e-14,1.64543232436585e-15,144.816477092241,7.9655103713905
"SLC46A2","SLC46A2",3.42876021266638,4.68992650165565e-14,1.74639414869366e-15,129.137027915494,7.95814373386194
"NEBL","NEBL",2.69572781265037,4.80980575881279e-14,1.79243080880586e-15,504.89563427236,7.95492290958129
"MAP2K6","MAP2K6",1.90593889256127,4.82261460449862e-14,1.79860495880569e-15,508.806262558778,7.95449716190401
"CCDC85C","CCDC85C",1.65564257261529,4.82270927605721e-14,1.80004107695292e-15,593.329446072897,7.95439833859881
"METAP1","METAP1",0.651615299343268,4.88923403889417e-14,1.82629109272043e-15,1148.45484854764,7.95260555442392
"APLF","APLF",0.69512924419374,5.05650373636546e-14,1.89170930999149e-15,149.538800463874,7.94824586447009
"ZNF711","ZNF711",3.45853858244944,5.17886692253322e-14,1.93899136259595e-15,44.9682090026045,7.94518630854566
"FAM185A","FAM185A",0.800917221390044,5.24052047685196e-14,1.96359690227112e-15,120.897002250064,7.94362306454047
"PSAT1","PSAT1",3.22270789022649,5.32831270093409e-14,1.99865534848609e-15,330.485239003478,7.94142873207297
"ABHD17B","ABHD17B",0.806270343119416,5.32831270093409e-14,1.99958754781191e-15,457.590444635548,7.94137090383838
"COPS3","COPS3",0.828449293459032,5.3607654040667e-14,2.01332336106025e-15,1711.21270431309,7.94052187793867
"ZNF76","ZNF76",0.911173597038888,5.38004403747409e-14,2.0221264623247e-15,759.217540048163,7.93998074282726
"VPS36","VPS36",0.604370583606681,5.4124976531225e-14,2.03589649726782e-15,1777.90001573813,7.93913892097291
"INAVA","INAVA",5.04317541887354,5.42071327242467e-14,2.04056128763285e-15,119.022075166787,7.93885501322739
"AC008556.1","AC008556.1",2.64001001729022,5.48594166266346e-14,2.06670917174233e-15,71.5830094304575,7.9372753429038
"RHOBTB1","RHOBTB1",1.32108097972306,5.63004568265243e-14,2.12263253633172e-15,827.981694155671,7.93396189174848
"FGFR3","FGFR3",4.80810569981285,5.83520529983202e-14,2.20167645070344e-15,517.565749587838,7.92942230873781
"DTWD2","DTWD2",0.991379527701577,6.15885060622987e-14,2.32557969911085e-15,220.428174886429,7.9226197326487
"SLC38A4","SLC38A4",4.01605482702379,6.3434978987974e-14,2.39898752882369e-15,19.2951379131761,7.91875591791181
"AC138474.1","AC138474.1",4.32108694456164,6.41981715936364e-14,2.42971469694749e-15,3.31292720749681,7.91717305285577
"TUFM","TUFM",0.697383878722943,6.52512595280906e-14,2.47715220759889e-15,5876.89394515785,7.91476767554909
"FHL1","FHL1",3.03135984519386,6.56288967156157e-14,2.49339482119279e-15,28745.3902907028,7.91395448743947
"PLEKHN1","PLEKHN1",2.90134238541637,6.56494753596382e-14,2.49608351474865e-15,84.0597119444926,7.91382038114062
"SLC25A3","SLC25A3",0.863740797888603,6.73002041540021e-14,2.5666657387651e-15,13274.1394772402,7.91034984945024
"FAM110C","FAM110C",2.77548335806941,7.14580830036647e-14,2.72938826390784e-15,88.1894206226147,7.90269410644397
"AL033384.1","AL033384.1",3.945046001496,7.17773172039325e-14,2.74366647613498e-15,36.0752358497397,7.90204394414963
"BTBD6","BTBD6",1.29976451051476,7.3083254490471e-14,2.79570832357239e-15,2109.47998170134,7.89970208233412
"CORIN","CORIN",1.92243215221937,7.35895404910836e-14,2.81935064214417e-15,45.0319689641874,7.89865233375528
"CEP76","CEP76",0.804021642289768,7.35895404910836e-14,2.81872711725299e-15,188.064898660844,7.89867990757839
"SLC35A4","SLC35A4",0.688438480348309,7.39501762408401e-14,2.83746319316108e-15,3270.54341844732,7.89785396138155
"ANKRD35","ANKRD35",2.03024149954877,7.48628871280538e-14,2.87465832413405e-15,537.404800955105,7.89623007480369
"GOLGA4","GOLGA4",1.11680013968478,7.51404198897292e-14,2.88749783647356e-15,4342.36224161199,7.89567431993324
"ANKRD46","ANKRD46",1.267170630755,7.51683903496195e-14,2.89075603644987e-15,568.393085788759,7.89553367671398
"ASPRV1","ASPRV1",5.48819262439098,7.95945715290158e-14,3.06790973681317e-15,1456.94121026048,7.88811257024155
"FAM83E","FAM83E",4.14385415112789,8.03391549867286e-14,3.09894265778946e-15,5.94447647482193,7.8868561528683
"SLC9A4","SLC9A4",2.87897242062783,8.08232284924816e-14,3.11996254985791e-15,9.77304797426564,7.88601214699649
"CDH1","CDH1",5.05555693315683,8.13543504145718e-14,3.14282810652319e-15,289.014417904243,7.88510036715258
"POU3F1","POU3F1",4.87427278214229,8.13866695908695e-14,3.14644060722224e-15,97.9484239418796,7.88495691396508
"RHOD","RHOD",2.14302370101329,8.24987463827199e-14,3.1918302016319e-15,467.911985193443,7.88316817516883
"CKM","CKM",8.99544116639541,8.34822736386821e-14,3.23230715581397e-15,26719.9095120546,7.88159403786298
"HCCS","HCCS",0.817995502554457,8.39611016031028e-14,3.25328539382303e-15,758.94379484585,7.88078582009517
"MYHAS","MYHAS",8.59106687333118,8.41802102426843e-14,3.26422042157498e-15,26.7064069606009,7.88036656416672
"KAT2B","KAT2B",1.11225454039507,8.78082788235767e-14,3.41000548353439e-15,1591.83537083906,7.87490548129248
"CACNA2D1","CACNA2D1",2.19574875207878,8.80414193250603e-14,3.42358494245629e-15,1020.13995774656,7.87440855611438
"MMADHC","MMADHC",0.803953513791135,8.80414193250603e-14,3.42417394203136e-15,2966.70376836536,7.87438704626837
"SERHL2","SERHL2",1.67841327113559,9.01912372934283e-14,3.51040600596009e-15,98.1831051727517,7.87127657940691
"GCFC2","GCFC2",0.80306645420613,9.03203383183496e-14,3.51805430710198e-15,608.856131113371,7.87100434059414
"AQP4","AQP4",7.06766972473758,9.17266822496355e-14,3.57549690888262e-15,45.6767671755996,7.86897812109776
"TMEM63B","TMEM63B",1.0765593426451,9.21510359076813e-14,3.594714802603e-15,814.828523210353,7.86830738197
"NIPAL4","NIPAL4",5.25758276292963,9.44736881035505e-14,3.69080720632263e-15,127.583333357178,7.86500567356418
"ZNF185","ZNF185",1.78952914424672,9.65883318776069e-14,3.7762255927518e-15,981.960947708293,7.86214101716991
"KCMF1","KCMF1",0.727562995998778,9.7992511726019e-14,3.83396982964295e-15,2177.05569733303,7.86024038042619
"IP6K3","IP6K3",5.44124168234629,9.80608882266772e-14,3.83949335800978e-15,125.039671434912,7.86006005417325
"C15orf61","C15orf61",1.6361499625926,9.94114247557811e-14,3.89526002078392e-15,304.405381118429,7.85825361783339
"CENPP","CENPP",1.3071717388887,1.02410748300452e-13,4.01575781937986e-15,332.244894930123,7.85443577500702
"NDUFAF5","NDUFAF5",1.01102877130539,1.06463816370274e-13,4.17778017649125e-15,279.684687429508,7.84947632894948
"SPTSSB","SPTSSB",5.11919548535247,1.08793623176004e-13,4.27552492613959e-15,141.654119877141,7.84657517865886
"FKBP4","FKBP4",1.10803197238423,1.13777169057441e-13,4.47468011222769e-15,1899.27084906062,7.84086087075019
"SGPP2","SGPP2",3.98136203020578,1.17454727152e-13,4.6227243897688e-15,133.263205309362,7.83677305829647
"DCAF5","DCAF5",0.624346217350277,1.17817978682076e-13,4.64386537328851e-15,2550.25640456945,7.83619985359374
"EI24","EI24",0.803397729133199,1.18365198181741e-13,4.66887240417115e-15,3609.05456170501,7.83552513438048
"MAP3K10","MAP3K10",1.13716414875334,1.18858886473205e-13,4.69525054036131e-15,451.24509623076,7.83481726588472
"CD1A","CD1A",4.19351232999609,1.19516369187681e-13,4.72469439016014e-15,39.6538750134618,7.83403173688859
"SDHC","SDHC",0.735143241457172,1.19742853719496e-13,4.73712579197028e-15,4332.05599533864,7.83370152688022
"NDEL1","NDEL1",0.823938378547192,1.21788474069383e-13,4.82512718225394e-15,2146.38596929546,7.83138809239482
"TRMT2B","TRMT2B",0.702623861717772,1.22534189253785e-13,4.85823075204532e-15,474.4201028481,7.83052858129261
"HECTD1","HECTD1",1.11210066645514,1.24153972142469e-13,4.92605803260754e-15,3870.81326955958,7.82878535788043
"RNF43","RNF43",4.90274760525618,1.33333378988435e-13,5.2980150591431e-15,28.8799537304284,7.81962684871889
"TUBB4B","TUBB4B",0.978007631372782,1.34833111474121e-13,5.36935621677182e-15,6379.27867731382,7.8179428360068
"SLC6A8","SLC6A8",1.93445392007695,1.34911537202067e-13,5.37639796215973e-15,1383.71710511439,7.81777781112658
"FAM222A","FAM222A",2.32340452785352,1.35704268823638e-13,5.41587270139652e-15,43.8712272711199,7.81685663307551
"EREG","EREG",3.62161284599221,1.3600195692286e-13,5.43170357758023e-15,248.572698280366,7.81648906103822
"AC103974.1","AC103974.1",2.21640562337889,1.39080280340176e-13,5.55868670117584e-15,11.1297521325855,7.813578273856
"EHF","EHF",5.79061881106516,1.40523813655743e-13,5.62046274555475e-15,87.7147133243158,7.8121857907091
"PLEKHF1","PLEKHF1",1.2178275110398,1.41440786022229e-13,5.66124675086068e-15,988.056706945902,7.81127471780442
"POLD2","POLD2",0.925287196863112,1.4510378695123e-13,5.81207511925601e-15,2168.08522891376,7.80796059154475
"LDHD","LDHD",2.48399258868306,1.45283661493606e-13,5.82349985073709e-15,349.164438900378,7.80771301784815
"ABHD5","ABHD5",1.47415389179954,1.45487036416531e-13,5.83587769522569e-15,971.932215541765,7.80744532921917
"MRPL37","MRPL37",0.97537406645479,1.45549810619422e-13,5.84262339595796e-15,2249.81157394218,7.80729967895954
"CACNA2D3","CACNA2D3",2.87568486866813,1.50053784589155e-13,6.03213773299031e-15,81.2917593327345,7.80327401222592
"RTN4IP1","RTN4IP1",0.914628840359879,1.58317877784725e-13,6.37814849794974e-15,175.830143803994,7.79623514627512
"STARD10","STARD10",1.58986953610537,1.6441811530032e-13,6.62868432778101e-15,851.493330293616,7.79136932932376
"MYPN","MYPN",5.29658438896308,1.68361270425317e-13,6.79254689847696e-15,522.714561169867,7.78828381491667
"PTPRZ1","PTPRZ1",4.3045002118335,1.69987628320928e-13,6.86309990025821e-15,141.787236634071,7.78697781131964
"NDUFV3","NDUFV3",0.979610867851938,1.7042513370284e-13,6.88571398224265e-15,1140.14606698024,7.78656199842287
"FAM182B","FAM182B",2.43874142732525,1.73366028206722e-13,7.00957102543734e-15,24.7794692928796,7.78430817045335
"HSF1","HSF1",0.701786053774776,1.79837849034389e-13,7.27646461324805e-15,2842.22811810728,7.77958186557562
"BOLL","BOLL",4.86630943291638,1.81403421389426e-13,7.34507869806144e-15,3.22849477347929,7.77839438083931
"LRRC14B","LRRC14B",7.4269813435088,1.81444275419291e-13,7.35200314307863e-15,37.1727901246228,7.77827514850676
"ECSIT","ECSIT",1.20189286291075,1.83593060482537e-13,7.44440317281345e-15,1303.4996694964,7.7766946006163
"ATP6V1B1","ATP6V1B1",5.73254710428928,1.88225547873498e-13,7.6541119734779e-15,53.6602089563927,7.77317790745313
"PRDX6","PRDX6",1.11326453303109,1.88366082465134e-13,7.66529805779168e-15,5957.29100484708,7.7729929974178
"PRUNE1","PRUNE1",0.711875498543916,1.90889248398842e-13,7.77351941022357e-15,753.670779089722,7.77121764948048
"MRPL30","MRPL30",0.843715870610252,1.92468156828106e-13,7.84340722754247e-15,638.344505576495,7.77008403590557
"PEX13","PEX13",0.504805917278939,1.98588106878177e-13,8.09857389499712e-15,716.753495701658,7.76602787127008
"TRIM54","TRIM54",8.30929585937602,2.06819071859523e-13,8.45826807186617e-15,336.627198305342,7.76051877542093
"GADD45G","GADD45G",1.8366383950142,2.06819071859523e-13,8.45727967253682e-15,301.826407942008,7.76053359553164
"PGPEP1L","PGPEP1L",6.35959771554125,2.10559427967321e-13,8.62958501399705e-15,13.1796752560341,7.75797545066301
"NDUFB9","NDUFB9",1.38602013861149,2.13367978217894e-13,8.75088838281824e-15,3542.40372632152,7.75620448635841
"RNF185","RNF185",0.595554893768021,2.16489953439012e-13,8.8852185491264e-15,1769.19781613404,7.75427131107007
"POU2F3","POU2F3",4.23167211234432,2.20652029836662e-13,9.06244830338796e-15,68.6905538156014,7.75176430564232
"NCAM1","NCAM1",2.59390103821234,2.23643445596705e-13,9.19830135253091e-15,164.309088677145,7.74987505022466
"SLC6A11","SLC6A11",4.46375936807257,2.38745679051213e-13,9.82638048145605e-15,24.0717270587062,7.74148304119672
"GRTP1-AS1","GRTP1-AS1",5.21255469815121,2.41288815660987e-13,9.93806031739511e-15,1.83128597030013,7.74004631798578
"SUCLG2","SUCLG2",0.76970182189004,2.4229764607358e-13,9.9866492325552e-15,3138.4509101687,7.73942619156521
"MAP3K9","MAP3K9",3.1328659526285,2.4707471206951e-13,1.01978960686294e-14,97.4110786693901,7.73676417644345
"C2orf68","C2orf68",0.738439505093905,2.47687779928853e-13,1.0230394535228e-14,930.58018099383,7.73635947194332
"GEMIN8P4","GEMIN8P4",2.077474580312,2.4841857603384e-13,1.0267794635069e-14,7.30144567204858,7.73589529003935
"POLR3B","POLR3B",1.08630159428992,2.48518478857395e-13,1.0279142380996e-14,336.578331137708,7.7357547793173
"RAB3D","RAB3D",1.45002754797747,2.5397972640994e-13,1.05124058944512e-14,1105.59917818324,7.7328997760889
"ITPRID2","ITPRID2",1.27896953576505,2.62413302785859e-13,1.08690998539745e-14,4066.12423565094,7.72865241251744
"ARHGEF37","ARHGEF37",2.93734100380727,2.65677660106611e-13,1.10120257050114e-14,441.144088872788,7.72698888534688
"USP25","USP25",0.857834661822223,2.65775750818189e-13,1.10238112050765e-14,1621.50653976611,7.7268526624513
"MNAT1","MNAT1",1.01756739999426,2.66819640041138e-13,1.10762940703159e-14,362.149797223271,7.72624777330231
"KBTBD13","KBTBD13",5.77757228438891,2.71661014250026e-13,1.12994821774729e-14,29.4660637261582,7.72370653840097
"AIMP2","AIMP2",1.06403093702623,2.74559772068626e-13,1.14280281565685e-14,737.863968548331,7.72226522898679
"DNASE1L2","DNASE1L2",5.41241173852018,2.93604900746751e-13,1.22463296581949e-14,60.6037918581376,7.7134479674301
"GDPD2","GDPD2",4.88228672123496,3.00522901605814e-13,1.25523391573475e-14,46.1697758427749,7.7102989108409
"CRYBG2","CRYBG2",5.01461876420607,3.01004750867708e-13,1.25812082171091e-14,44.8829002084165,7.71000573725336
"SLC9A3","SLC9A3",0.99090484967877,3.11095938924513e-13,1.30210656439591e-14,214.379438397253,7.70561891892723
"KLC3","KLC3",5.20718315967936,3.12576899879149e-13,1.30921311033383e-14,206.360013568981,7.70492387563816
"ADHFE1","ADHFE1",3.07665243182568,3.14478662763399e-13,1.31809199014635e-14,119.208526668619,7.70406069016187
"CDC34","CDC34",1.10320695813787,3.15360043817317e-13,1.32270217053621e-14,1532.28550773614,7.70361475228621
"KIAA1191","KIAA1191",0.577579230408236,3.15859837706929e-13,1.32571588673903e-14,2922.42098117735,7.70332406457786
"RRAGD","RRAGD",1.68014826628057,3.23957250171618e-13,1.36252497458029e-14,1248.78299827382,7.69982519146842
"TRPV6","TRPV6",4.99092827830224,3.52329439769924e-13,1.4859484911872e-14,22.5278528171107,7.68873674856339
"TRIM62","TRIM62",1.13544125607051,3.64044602866075e-13,1.53641456943304e-14,240.42637330437,7.68446184480362
"KMT2E-AS1","KMT2E-AS1",1.80718966432656,3.72912542648172e-13,1.57492400665285e-14,70.1356798043185,7.68129170134593
"DOHH","DOHH",0.719525818335171,3.83784938596784e-13,1.62195621487836e-14,703.084316719612,7.67752182393979
"SLC52A1","SLC52A1",3.08134000080012,3.85000956076474e-13,1.62821364019794e-14,13.3320538705705,7.677028384535
"BEX2","BEX2",2.97065724132286,3.86880275799346e-13,1.63728523829339e-14,51.0338754374225,7.67631633192579
"RXRA","RXRA",1.10510678473866,3.88500499726384e-13,1.64527050250107e-14,7132.86291550803,7.67569275313302
"SOCS7","SOCS7",1.12758730736782,3.89005167077696e-13,1.64853764019507e-14,579.141318995778,7.67543847639197
"EPHX2","EPHX2",1.87755095756177,3.89496659555391e-13,1.6528831753527e-14,473.950642749425,7.67510103667089
"SLC2A4","SLC2A4",4.11652435497543,3.90848844902645e-13,1.65975662614055e-14,427.672836735489,7.67456907709548
"NPAS1","NPAS1",2.79857719478016,3.94798328531644e-13,1.67767501638723e-14,22.4936540919557,7.67319243676333
"BNC1","BNC1",3.85418747300614,3.95090294059179e-13,1.68006329296688e-14,61.1015081766235,7.67301004287371
"GCAT","GCAT",1.17848185260315,3.99228396472301e-13,1.69881956788638e-14,266.902812657718,7.67158642190129
"TSR1","TSR1",0.734300434443342,4.04081520360019e-13,1.72064455921863e-14,1699.5542542781,7.66994921975607
"LYSMD4","LYSMD4",1.16366164645739,4.26089949552074e-13,1.8168352676381e-14,297.228171525177,7.66296877725507
"GTF2IRD1","GTF2IRD1",1.26143035307264,4.33321008990302e-13,1.85018555598857e-14,508.660863862547,7.66063321974597
"RPS6KB2","RPS6KB2",1.37031084066673,4.37218003665983e-13,1.86809481640717e-14,1607.49344055821,7.65939604989077
"AP005717.1","AP005717.1",2.44414228250512,4.47348993203105e-13,1.91268071916745e-14,5.77292035776678,7.65636603732549
"VANGL2","VANGL2",2.54016104451415,4.47501220326433e-13,1.9146313975277e-14,105.042237881821,7.65623506297127
"C10orf95","C10orf95",2.8724294543164,4.57618491240823e-13,1.95924728735033e-14,16.181956868666,7.6532747194628
"PRSS42","PRSS42",4.91839210470191,4.76704273072931e-13,2.04511505556152e-14,3.68331652115262,7.64775933663686
"EFR3B","EFR3B",1.58295080801319,4.77234931067447e-13,2.0487778207206e-14,92.1179399645632,7.64752916969394
"KCNC1","KCNC1",3.03118397573378,4.93886766999935e-13,2.12456808971449e-14,5.42075338690361,7.64285524276948
"PTP4A3","PTP4A3",2.37185600754979,4.97338044352391e-13,2.14085913131824e-14,2523.22027936444,7.64187202626913
"MAST2","MAST2",1.31734362512637,5.09709515232557e-13,2.19559431593436e-14,1592.76450448349,7.63862166080193
"LYRM7","LYRM7",0.97437902998537,5.11092059811959e-13,2.20303420692735e-14,782.777018007164,7.63818602015961
"SH3BP5L","SH3BP5L",0.731799817187855,5.24153624400467e-13,2.26085782570784e-14,1414.28079052412,7.63484869561242
"NCCRP1","NCCRP1",5.24858277749667,5.38425686834836e-13,2.32554605647555e-14,450.079661671862,7.63121326068375
"FBXL17","FBXL17",1.10903966821804,5.39308726734167e-13,2.33092652893122e-14,1161.75045304609,7.63091537713768
"RCHY1","RCHY1",0.613079009660089,5.39467485951656e-13,2.33317964035673e-14,724.927485708621,7.63079083713377
"WNT4","WNT4",3.96042669533799,5.72144385296369e-13,2.47616804371904e-14,208.104410032669,7.62311983500256
"MARVELD3","MARVELD3",2.47918547643236,5.72729632658353e-13,2.48036447744163e-14,22.3341628050054,7.62290134604
"RAB10","RAB10",0.91858324440328,5.76859080781452e-13,2.49992374963962e-14,7006.04609243977,7.62188775813676
"GPRC5C","GPRC5C",1.98890692014583,5.81554598386214e-13,2.5241470135709e-14,671.818079942686,7.62064323337932
"STIM1","STIM1",1.04528830167125,5.81554598386214e-13,2.52534020154348e-14,2710.46670169275,7.62058223463766
"AC008438.1","AC008438.1",1.48045267368117,5.89978687371987e-13,2.56363458902199e-14,16.5646375117142,7.61863943690215
"TTPAL","TTPAL",0.928391700840397,5.94189145027439e-13,2.58365618132356e-14,582.281346533496,7.61763501079564
"PRR15L","PRR15L",5.74214084017481,6.18406248634532e-13,2.69075334162463e-14,15.6116878963402,7.61238896324062
"ZBTB5","ZBTB5",0.813932905085031,6.21589172710165e-13,2.70640806870146e-14,495.084160303906,7.61163938790858
"NFX1","NFX1",0.516905311459048,6.2641298294985e-13,2.72923049385609e-14,1789.58169257784,7.61055421630448
"COX11","COX11",0.863976250921484,6.60392408076717e-13,2.87919427362366e-14,1316.55219306435,7.60363822055559
"TRIM55","TRIM55",5.62002446691378,6.6141235938285e-13,2.88556222781759e-14,35.6152514543442,7.60335244577147
"SDR39U1","SDR39U1",1.09617155960266,6.72625747212094e-13,2.93643690618037e-14,838.428622586707,7.60109136655333
"GTPBP6","GTPBP6",0.893348805206859,6.92037774894907e-13,3.0272129923078e-14,2234.1348859383,7.59715097341608
"FBXW4","FBXW4",1.118183966327,6.94393525665394e-13,3.03953480648817e-14,1604.32705857173,7.59662508988675
"SPTBN2","SPTBN2",4.69335353626913,7.11265265125743e-13,3.11545259617062e-14,469.425242949875,7.59343052565417
"LINC01554","LINC01554",3.53044508414506,7.14249540545554e-13,3.13059880528419e-14,13.8066888118299,7.59280235409655
"UBE3A","UBE3A",0.658416030870349,7.24655114235263e-13,3.17831190454063e-14,2958.56355796856,7.59084286799355
"SEC14L5","SEC14L5",2.39990858784882,7.35506959541439e-13,3.23018044274037e-14,77.7063400828151,7.58874527789372
"MIR194-2HG","MIR194-2HG",1.68214066463097,7.36016801273266e-13,3.2345573960917e-14,27.2158819571356,7.58856979005568
"RAB27B","RAB27B",2.96682392717946,7.80847106249477e-13,3.43384024300485e-14,357.846764892696,7.58081761883447
"MRPS35","MRPS35",0.615195810120714,7.91027494666982e-13,3.48090697810061e-14,1375.06480634199,7.57905136179364
"HSPB7","HSPB7",5.07326267065729,8.06716801700852e-13,3.55229078476383e-14,2302.95867242894,7.57641689177923
"KLK4","KLK4",3.68141998935869,8.08737276375322e-13,3.56353679639062e-14,13.5151694242352,7.57600660322647
"WDTC1","WDTC1",1.011207717072,8.18687921615677e-13,3.6121382390328e-14,3170.67103270432,7.57424799485557
"RNF8","RNF8",0.567444637335546,8.22132035326827e-13,3.62972201027297e-14,513.840190694704,7.57361746576975
"ADAL","ADAL",0.924968713000686,8.50845908866619e-13,3.7589654565648e-14,267.253324319185,7.56907311824992
"FAM3D","FAM3D",3.34108049181046,8.54850637896564e-13,3.77914102148998e-14,11.0231553917727,7.56837762015827
"CNOT7","CNOT7",0.528345599809797,8.60053686411013e-13,3.80464088649928e-14,2428.48734716279,7.56750378658095
"GRAMD2B","GRAMD2B",1.37663969889819,8.72360935613482e-13,3.86415251193958e-14,550.978791103573,7.56548663365358
"UBE3B","UBE3B",0.711034600818644,8.72527961057908e-13,3.86742671248509e-14,1332.06209027656,7.56537654273134
"BCL2L10","BCL2L10",3.91519271610902,8.81603484771171e-13,3.91021413165324e-14,19.8359591830403,7.56394623397703
"BCL7A","BCL7A",1.8415714255012,8.98509248725507e-13,3.99041664140031e-14,254.361537621546,7.56130618849485
"PACS2","PACS2",0.937034242791054,9.10110048427853e-13,4.04458107962883e-14,2758.61750736465,7.55955260090107
"STAR","STAR",2.95898589903693,9.14422673891233e-13,4.06640267726118e-14,20.5990040052632,7.55885263858234
"NFE2L1","NFE2L1",1.48035076348458,9.14485867682662e-13,4.06933992474102e-14,14414.2627172609,7.5587587038872
"EML2","EML2",1.14932993313641,9.41636734924322e-13,4.19289274613392e-14,766.404197261712,7.55486662961681
"ST8SIA5","ST8SIA5",1.83338543990522,9.71504409663508e-13,4.32942926724142e-14,21.5985958854706,7.55069461474566
"ADGRF2","ADGRF2",3.93078740961963,9.83219357159444e-13,4.38661825431889e-14,13.4956847355042,7.5489854635182
"SLMAP","SLMAP",1.1335703726172,9.849487857616e-13,4.39719496838497e-14,1727.73469711968,7.5486717699409
"OLA1","OLA1",0.878288792210429,1.00011252291722e-12,4.46779673593203e-14,2131.87084451456,7.54659661434219
"S100A16","S100A16",1.56628568067576,1.00776344655272e-12,4.50782998632275e-14,3463.03985555915,7.54543422041429
"NT5C3A","NT5C3A",1.1144503563627,1.00885241390437e-12,4.51856170047794e-14,912.691764417741,7.54512434258485
"ANO7L1","ANO7L1",1.68058223376248,1.03435978212507e-12,4.63581138555532e-14,60.2123428742559,7.54178513180486
"ANO8","ANO8",1.72104671661001,1.03513649846536e-12,4.64229915658916e-14,425.67170384088,7.54160279634042
"EXPH5","EXPH5",3.33116265942898,1.0521988382555e-12,4.72187523267325e-14,169.93284321309,7.53938651231627
"PSMD6","PSMD6",0.576196532979067,1.07442746496406e-12,4.82474979910086e-14,2225.26334601344,7.53657514877168
"GOLGA2P10","GOLGA2P10",2.36328923561969,1.14359060530648e-12,5.14197239750908e-14,33.1017162671114,7.52826305049502
"TNS4","TNS4",4.81179142051485,1.17149990108403e-12,5.27086483902393e-14,143.437071359856,7.5250289396508
"KLHL30-AS1","KLHL30-AS1",2.65858068660028,1.19195787170564e-12,5.36637243274003e-14,12.0615483827921,7.52268227586417
"PKP3","PKP3",5.07472629308612,1.19718719175174e-12,5.39339297782896e-14,690.80646498545,7.52202581896128
"APCDD1","APCDD1",2.99475018757093,1.21100931517287e-12,5.4626751070042e-14,1347.25857466619,7.52035729095444
"FAM110A","FAM110A",1.43070916085755,1.21100931517287e-12,5.46269741624103e-14,596.490230244594,7.52035675703711
"PAQR3","PAQR3",0.963493836269651,1.24766925334874e-12,5.63634746707752e-14,639.232673044509,7.51626448359035
"MAP2","MAP2",2.37539682920686,1.2680468857367e-12,5.73471883667955e-14,336.394543258446,7.51400090341167
"GREB1L","GREB1L",3.73195257076273,1.27811590149882e-12,5.78768063912123e-14,18.4038139345072,7.51279798183542
"KRT8","KRT8",2.07838184666999,1.28188132919441e-12,5.80845495975159e-14,343.113862987616,7.51232908729101
"CXorf57","CXorf57",1.44793820210604,1.29157172077305e-12,5.85611553423588e-14,61.3554548104617,7.51125954705937
"MBNL1-AS1","MBNL1-AS1",2.42147374095033,1.3120127666947e-12,5.95260817235133e-14,616.937163778524,7.50912013314783
"PHKB","PHKB",0.819746365320608,1.33658380498783e-12,6.06796934819325e-14,3014.91270209085,7.50660667441062
"TFCP2L1","TFCP2L1",2.62797783687135,1.35431440521632e-12,6.15239842499802e-14,352.167691782653,7.50479675293742
"IFITM10","IFITM10",2.39352561906216,1.36826757037156e-12,6.23162152032819e-14,43.2352477998718,7.50312050322284
"SLC41A1","SLC41A1",1.11606029948648,1.36826757037156e-12,6.2316822073388e-14,915.815109792036,7.50311922721849
"TG","TG",2.79726228283429,1.3755851421287e-12,6.26900513535472e-14,45.2441998255017,7.50233678075711
"HAL","HAL",4.78665515808501,1.38670736328667e-12,6.32372069350548e-14,190.244451711066,7.50119795013921
"FASTKD5","FASTKD5",0.701822006196086,1.39232350937127e-12,6.35337583717402e-14,563.524186759159,7.50058475966466
"WDR53","WDR53",0.744532166504725,1.39467624149127e-12,6.3681626920654e-14,268.059543476223,7.50028005686491
"DHRS1","DHRS1",1.05260614644127,1.39724360282195e-12,6.38394384582005e-14,803.25588966243,7.49995563155053
"CHAF1B","CHAF1B",1.05444251421623,1.44045981414103e-12,6.58976474750819e-14,182.603123325338,7.49579513578536
"ACPP","ACPP",2.56394667559112,1.46121232601609e-12,6.68894686244148e-14,166.237973412709,7.49383565830289
"FOXO4","FOXO4",1.4150982200289,1.54845588235375e-12,7.09731434400549e-14,1118.29319605287,7.48605781047098
"RASEF","RASEF",2.63194622031828,1.58078487928137e-12,7.25008517597676e-14,20.3471403859053,7.48326071036152
"GSTA4","GSTA4",1.34155625413743,1.58154466563986e-12,7.25816362179325e-14,809.958077502723,7.48311441862139
"PLA2G12A","PLA2G12A",0.978832605313101,1.59906220099349e-12,7.34320128898195e-14,1114.99087665395,7.48158411788889
"TTC39A","TTC39A",2.18186245476111,1.62312801289387e-12,7.45843068548305e-14,58.1078105117569,7.47953806507665
"CDH3","CDH3",4.08263532512864,1.6260315270442e-12,7.47649560622449e-14,72.5748315735049,7.47922011865748
"HTATSF1","HTATSF1",0.987520579075141,1.63011706887441e-12,7.50001579266023e-14,2723.9393958032,7.47880728820692
"SUPV3L1","SUPV3L1",0.579524582646921,1.68770233990239e-12,7.77476446812242e-14,526.356723372932,7.47407693922352
"APOO","APOO",1.21172930089121,1.72624660493203e-12,7.96235508490781e-14,210.106643141257,7.47094067135348
"FOXCUT","FOXCUT",2.88248995889102,1.74255935912627e-12,8.04772098585678e-14,10.7419677623387,7.46953743947386
"GPHN","GPHN",0.907147961023619,1.81134748345197e-12,8.38645256367621e-14,440.94567725827,7.46410999150971
"SORD","SORD",1.13155031529499,1.8442781869338e-12,8.54427706564251e-14,603.572954563855,7.46165438141404
"PET117","PET117",0.734861410916697,1.9052333716709e-12,8.83220768324256e-14,276.057092306929,7.45728715449631
"STBD1","STBD1",2.11367001510552,1.93416056584688e-12,8.97192524589713e-14,1017.93341910755,7.45521815508525
"LIPT2","LIPT2",1.34499279912373,2.04245613312519e-12,9.48020477731512e-14,49.6076372895758,7.44794956321193
"AC068647.1","AC068647.1",4.69045143096361,2.04427005972137e-12,9.49456205848283e-14,10.7227026042252,7.4477498574476
"PTPN13","PTPN13",1.86330840118603,2.06541851227301e-12,9.60478400763647e-14,1107.59372571449,7.44622651430131
"STX17-AS1","STX17-AS1",2.32906922190573,2.07821204093727e-12,9.67031395835225e-14,11.0490852660236,7.44532896873316
"ZC3H12C","ZC3H12C",1.26790188842072,2.09485030386415e-12,9.75381967321436e-14,407.394424349848,7.44419383737993
"TMEM54","TMEM54",1.73403702847101,2.11063421041892e-12,9.83344159844299e-14,1078.9902786267,7.44312036088691
"IGSF9","IGSF9",4.38276818158119,2.13849027972529e-12,9.969434468918e-14,27.4856815699616,7.44130648600383
"SULT2B1","SULT2B1",5.28890407366218,2.16615756817262e-12,1.01172922319669e-13,224.561418267939,7.43936174634611
"IL1RL2","IL1RL2",1.99154305497566,2.16712082694863e-12,1.01280858910199e-13,66.6412795717751,7.43922087574773
"AC108134.1","AC108134.1",2.94529330286882,2.20550531361959e-12,1.03331011701766e-13,3.73172505157516,7.43657282588099
"RAET1E","RAET1E",2.74350168381056,2.20550531361959e-12,1.03282689063208e-13,97.0603524228836,7.43663464470688
"FEZ2","FEZ2",0.934596495209031,2.2466990559033e-12,1.05326254102124e-13,2731.39727096807,7.43404482207269
"PPME1","PPME1",0.65416414811892,2.25434126557678e-12,1.05750004179926e-13,1057.42262578874,7.43351398690243
"SDC4","SDC4",1.50864731477504,2.26136480323522e-12,1.06145158650753e-13,2464.89179710656,7.43302085400191
"MYCL","MYCL",2.81274975621646,2.26966965087912e-12,1.06600901169732e-13,310.551548567991,7.43245434576273
"OTX1","OTX1",4.44185898183564,2.28740691624569e-12,1.07500417987845e-13,18.4917111947693,7.43134315805827
"SLCO5A1","SLCO5A1",3.29613352364246,2.32332790172039e-12,1.09323550621211e-13,79.7709496872899,7.42911877099005
"AC244154.1","AC244154.1",1.21117998608156,2.39488160682934e-12,1.12899176480888e-13,107.065580735168,7.42486010655664
"MYADML2","MYADML2",7.98171629351707,2.5178662939746e-12,1.18916306320515e-13,82.8695206926248,7.41798417334305
"TTC37","TTC37",0.665382712425187,2.5890617291794e-12,1.22353997716245e-13,2320.10776561045,7.4142077478022
"ROPN1","ROPN1",4.77573174844932,2.63785869971527e-12,1.24736666757769e-13,2.78708004775103,7.41165099560001
"DCT","DCT",5.48049800981791,2.82894496584987e-12,1.33936920365263e-13,364.604525712825,7.4022095484715
"MYL2","MYL2",8.37984385770541,2.92501804018121e-12,1.38705861725219e-13,9360.82297112601,7.39756354819032
"QARS","QARS",0.777606348242523,2.92501804018121e-12,1.38740399082605e-13,5951.7869093861,7.39753047699416
"KCNS3","KCNS3",1.88554019447903,2.95967974942719e-12,1.40470451683631e-13,437.124317391463,7.39588413562861
"MRPL23-AS1","MRPL23-AS1",3.9498162576535,3.04642596931447e-12,1.44853006615772e-13,9.76514283789889,7.39180118679785
"AC073389.2","AC073389.2",3.46694297539804,3.10951555375728e-12,1.48033460921581e-13,2.7419864312234,7.38891346936167
"MISP3","MISP3",1.80840889774157,3.11235661286677e-12,1.48259115984126e-13,79.1089360397477,7.3887109064566
"PFN2","PFN2",1.44742354139068,3.12626192302077e-12,1.49012310203238e-13,1781.37808934017,7.38803697588808
"MRPL19","MRPL19",0.636995231774389,3.17443138309917e-12,1.5140049759059e-13,1023.92303158271,7.38592203256627
"TCAIM","TCAIM",0.761303547915412,3.21107725978999e-12,1.53334815124165e-13,778.206873518396,7.38423292029628
"HSD52","HSD52",2.33364228751739,3.29862703292182e-12,1.57611289332996e-13,19.6773715373312,7.3805716831257
"TRDN","TRDN",7.85011363958517,3.31436329582488e-12,1.58555720582769e-13,1037.44630839694,7.37977629058106
"AL731577.2","AL731577.2",1.48540399045463,3.32103761332319e-12,1.58971476320338e-13,72.2037785963724,7.37942761902113
"CEACAM5","CEACAM5",5.50721862715008,3.32465430596511e-12,1.59241168541201e-13,12.7685934434627,7.37920192171471
"NOTUM","NOTUM",4.52962131560965,3.35787512024926e-12,1.60929881155202e-13,11.2634966845645,7.37779717067524
"IL22RA1","IL22RA1",4.81811047712204,3.36629380973298e-12,1.61431133956929e-13,58.5292299042547,7.37738299172557
"OGFOD1","OGFOD1",0.588411268546734,3.37312285495045e-12,1.6185659801261e-13,1361.95765801931,7.37703242634535
"HILS1","HILS1",3.87807417434748,3.38094058714859e-12,1.62329928853161e-13,3.27753092133544,7.37664348303534
"CLCA2","CLCA2",5.32727420541111,3.40894393754113e-12,1.63773477189875e-13,466.43349092908,7.37546414149299
"MRPS10","MRPS10",0.604754846684762,3.45572238527905e-12,1.66221571686479e-13,1455.73195045236,7.37348726620074
"ZNF658","ZNF658",0.987449225884636,3.50095313544363e-12,1.68600566357777e-13,197.425279895775,7.37159340867459
"AAMP","AAMP",0.512147538967734,3.50412289851449e-12,1.68854998508062e-13,3069.26734789767,7.37139241805601
"LMTK3","LMTK3",2.24298558747232,3.53653408440696e-12,1.70519535846275e-13,45.4864945452017,7.37008479965604
"TMEM40","TMEM40",4.23608088141421,3.59237790534109e-12,1.73316477889263e-13,106.555309858709,7.36791557810519
"ROPN1B","ROPN1B",5.00972720816241,3.66070024659731e-12,1.76719060353338e-13,8.26298288159771,7.36532254517857
"AKAP1","AKAP1",1.94401856562375,3.70874933356399e-12,1.79146338495321e-13,1490.5675704399,7.36350257594885
"FAM201A","FAM201A",2.85816338945826,3.74993455589011e-12,1.81244658446646e-13,7.7999907972378,7.3619486785655
"NRAP","NRAP",8.24415654816187,3.80055240790826e-12,1.83911941198303e-13,3291.17900092177,7.35999875708271
"PKP1","PKP1",5.03227312420636,3.9146039529293e-12,1.89544695873508e-13,4048.0686994249,7.35597062694776
"AC020907.5","AC020907.5",2.00669626821052,4.05510148806832e-12,1.96583141152144e-13,14.2118251801942,7.35109941043614
"KYAT1","KYAT1",0.95879830605871,4.06605827453024e-12,1.97232407298289e-13,102.961704481384,7.35065872819568
"MACC1","MACC1",2.6096461997777,4.16662130962514e-12,2.02231445578703e-13,67.1250427978373,7.34731265854283
"COL17A1","COL17A1",5.32872585328646,4.16855187626577e-12,2.02446227986417e-13,1939.6480833377,7.34717072259552
"RASD2","RASD2",2.30103837054316,4.3546501277061e-12,2.11863569301374e-13,96.6973238254887,7.34108855270738
"D2HGDH","D2HGDH",1.32550702720512,4.36995435352844e-12,2.12735084713421e-13,353.414026856378,7.3405391799255
"C1QTNF12","C1QTNF12",2.61133200428446,4.44266471797056e-12,2.16532804599588e-13,17.7042350374791,7.33817075673605
"KLK1","KLK1",4.11023775743155,4.44271531803651e-12,2.16664314481913e-13,64.4782626360772,7.3380894743761
"TMEM63C","TMEM63C",3.64261031941353,4.46183088623354e-12,2.17726149903344e-13,21.4137523053142,7.33743495533746
"XIRP1","XIRP1",7.31800743013648,4.60658315268392e-12,2.24923500629188e-13,312.55235683921,7.33307945010325
"IPO5","IPO5",0.841673953751401,4.64356173065284e-12,2.26863913993205e-13,4554.5977335214,7.33192862853683
"CDK5RAP1","CDK5RAP1",0.587870246725121,4.70714996225363e-12,2.30244003033435e-13,484.297356382949,7.3299468637048
"HDGF","HDGF",0.657375851207183,4.72140834435383e-12,2.31215710136533e-13,7202.61542414761,7.32938243397488
"SPDEF","SPDEF",5.32002829636649,4.73428961034182e-12,2.31984041264281e-13,11.3444379980997,7.32893778526482
"SLC27A4","SLC27A4",1.02849727862134,4.77800601804793e-12,2.34264963357294e-13,1140.26007276427,7.32762624151138
"KRT17","KRT17",4.91952979831706,4.82206145980462e-12,2.36565057674277e-13,180.747617560371,7.32631631549775
"IMPDH2","IMPDH2",0.933706056662175,5.04127849591308e-12,2.4775889436171e-13,4406.47903068344,7.32011480855714
"GID8","GID8",0.561462800094882,5.06949033493129e-12,2.49439892743511e-13,2651.59244488664,7.31920736549929
"EIF4B","EIF4B",0.772518430585533,5.27576071488647e-12,2.59895729419294e-13,18882.7747943084,7.31369446403228
"MED24","MED24",0.701945964674883,5.27576071488647e-12,2.59769718461667e-13,1766.0153698687,7.31375959763825
"GATM","GATM",1.48536610263818,5.37052453356472e-12,2.6487599215734e-13,1484.39448524466,7.31114475576553
"CEACAM6","CEACAM6",6.25957989963639,5.41656971789941e-12,2.6746161613887e-13,44.4244418232631,7.30983952345582
"EPPK1","EPPK1",5.16620955279559,5.46863313136575e-12,2.70191267469883e-13,463.41316616074,7.3084749664085
"RAB3IP","RAB3IP",1.26814049659805,5.57348061079068e-12,2.7553340303142e-13,218.103053102535,7.30584316798596
"SH3GL3","SH3GL3",3.84200659954752,5.6186816830493e-12,2.78094387937609e-13,3.79697914756409,7.30459922379054
"MLIP","MLIP",2.38440298472834,5.82483364344245e-12,2.88515512683721e-13,522.934920589672,7.2996508118032
"ABCB7","ABCB7",0.563661478596107,5.93499588107463e-12,2.9426739772843e-13,734.50872379546,7.29699423512501
"RNF222","RNF222",4.89535853083068,5.98848881184037e-12,2.97267554880771e-13,14.973661398704,7.29562874758186
"AAMDC","AAMDC",1.6588043211502,5.98982017505067e-12,2.97507624588609e-13,697.475772139727,7.29552006815489
"PPP6C","PPP6C",0.532731867768726,6.10006056245982e-12,3.03160323642638e-13,2796.62415338452,7.29298568087588
"FGFR2","FGFR2",3.8870455385092,6.10315878389984e-12,3.03491571919267e-13,198.525485224809,7.29283860889382
"NAA35","NAA35",0.557784390506773,6.10408101619905e-12,3.03714731635557e-13,493.448500244894,7.2927396163564
"RALBP1","RALBP1",0.724232702328846,6.15423025061311e-12,3.0638871411499e-13,4508.75463505379,7.29155897618159
"AL731569.1","AL731569.1",1.77757020263574,6.22355330835655e-12,3.10020736721026e-13,19.4988037067096,7.28997144021883
"ETF1","ETF1",0.637003746097836,6.27617323047953e-12,3.12824249549869e-13,4370.38677962218,7.28875848340502
"AK7","AK7",2.11347117992725,6.44141027570883e-12,3.21247282543048e-13,51.8390111144255,7.28517740747899
"ALS2CL","ALS2CL",1.72575200768563,6.45342246042033e-12,3.22033803503024e-13,353.325389968861,7.2848477370479
"PTGES2","PTGES2",0.983948874907772,6.4673441502661e-12,3.22916364421617e-13,1534.28576491628,7.28447875165813
"CDH4","CDH4",2.45695051399045,6.56918948793893e-12,3.28192341096054e-13,14.4330485135928,7.28229339284369
"NPEPPS","NPEPPS",0.753324459542872,6.63751389739677e-12,3.31798577245842e-13,2760.02654159248,7.28081941909384
"ALPK2","ALPK2",4.30764656849618,6.68463626279915e-12,3.34348310809229e-13,120.672477839201,7.2797867330324
"FAAH","FAAH",1.55438606423152,6.84447613839254e-12,3.42740701248657e-13,119.988222002052,7.2764414749201
"LINC01091","LINC01091",2.17562789775534,6.9445951065873e-12,3.48300748981649e-13,40.090164527169,7.27426922285775
"TMEM186","TMEM186",0.763090057970914,7.09479734365871e-12,3.56306047611999e-13,269.215169061642,7.27120071776174
"AC010503.4","AC010503.4",4.28712047734626,7.18337264325407e-12,3.61171663921017e-13,15.0796441184477,7.2693685939217
"PDLIM5","PDLIM5",1.46953663900002,7.19356819289258e-12,3.61893229641279e-13,7017.95777850936,7.26909895779097
"MOAP1","MOAP1",0.928782149073408,7.36670705498667e-12,3.70817454580339e-13,911.746940793717,7.26580709673522
"MCF2L2","MCF2L2",1.51140177030901,7.38841170190349e-12,3.72124604714205e-13,46.700713181561,7.26533147500753
"LPIN1","LPIN1",1.2480401125435,7.46203255944555e-12,3.76049334571803e-13,1272.72082080944,7.2639132128066
"TGM1","TGM1",5.42749238362795,7.47216929484153e-12,3.76937394399527e-13,144.014942831134,7.26359431569853
"ZDHHC3","ZDHHC3",0.630809113614205,7.47216929484153e-12,3.76994250759258e-13,3206.13463792435,7.26357392404959
"AC008124.1","AC008124.1",1.00745091515524,7.47801749138271e-12,3.77506517951178e-13,643.660661628382,7.26339033444932
"CHCHD10","CHCHD10",2.00762238374987,7.49447962737962e-12,3.78555247821923e-13,1319.90789887527,7.26301524580511
"RWDD2B","RWDD2B",0.857178739550273,7.71052139642511e-12,3.89691740146964e-13,698.249366585025,7.25909395314461
"TINCR","TINCR",5.26371732241242,7.72293204284176e-12,3.90543298669325e-13,211.187127485095,7.25879865396985
"SS18L1","SS18L1",0.866594143195636,7.87132757574716e-12,3.98276189059822e-13,331.691819673586,7.25614565987586
"CRAT","CRAT",1.25223278837194,7.981918666766e-12,4.04103759619296e-13,2902.91443535079,7.25417955502987
"GLS2","GLS2",2.67326622963997,8.08812037181238e-12,4.10185261100977e-13,14.4883278861885,7.25215724792221
"ABCA5","ABCA5",1.50741455542304,8.1732197865882e-12,4.14738438688556e-13,359.873696122858,7.25066234270717
"TRPM1","TRPM1",3.47337421857863,8.24516019399300e-12,4.18628442520616e-13,12.7275757643915,7.24939788257075
"VAV3","VAV3",1.83640020319248,8.2974844333086e-12,4.21526091374949e-13,679.400059810848,7.24846346700302
"RAB4A","RAB4A",0.910580775070708,8.30567968567336e-12,4.22183671718612e-13,1916.58945504527,7.24825229286938
"PSMC3","PSMC3",0.673152631504718,8.40436734057113e-12,4.27444150497852e-13,4640.43126821268,7.24657448741508
"KLK10","KLK10",5.45392462763295,8.50333137356726e-12,4.32724426817992e-13,92.5051571639696,7.24491063547656
"ACTN2","ACTN2",7.93469270302787,8.60246239867264e-12,4.3801895506196e-13,3874.9389769019,7.2432621907243
"FUT2","FUT2",2.27982165503682,9.0130310647842e-12,4.59447819179048e-13,42.2978721162207,7.2367843475585
"IRX5","IRX5",2.15946719901515,9.15017617706129e-12,4.66704698702208e-13,118.698455976067,7.23465771472783
"CDH15","CDH15",3.77564084514058,9.33411194276135e-12,4.76357461468331e-13,80.4361572850032,7.23187873872851
"DYNLL2","DYNLL2",1.13750549121344,9.33616072299755e-12,4.76733198298759e-13,4106.8151866003,7.2317716875367
"MISP","MISP",4.21640172195254,9.44283348803395e-12,4.82454516830827e-13,4.60880034593367,7.23015178217946
"AC011374.1","AC011374.1",3.23768222644552,9.58473502669983e-12,4.90261368131126e-13,10.3387793275815,7.227971557106
"WFDC3","WFDC3",2.60293330957628,9.6931469669725e-12,4.96192156145732e-13,43.6900820998709,7.22633792721852
"PEBP1","PEBP1",0.912096379412941,9.6931469669725e-12,4.96369760159536e-13,8925.20321387201,7.22628930255449
"AL049629.1","AL049629.1",2.96166573558331,9.71833210848547e-12,4.97941728807028e-13,2.33650722724802,7.22585967008882
"FARSB","FARSB",0.576232336172814,9.81916476018928e-12,5.03393336869236e-13,1120.9133628355,7.22437994796607
"TIMM23B","TIMM23B",0.889352423039418,9.88540002334182e-12,5.07076113663926e-13,261.579878466025,7.22338921535726
"KCNS1","KCNS1",3.98224168196043,1.00962929827474e-11,5.18480480814959e-13,7.6778618683622,7.2203654489348
"NATD1","NATD1",1.34997008142578,1.04598628883166e-11,5.37758722909272e-13,1162.76251854679,7.21539947978634
"GPR12","GPR12",4.23212787448622,1.04663504035822e-11,5.38396263644247e-13,53.8180315401284,7.21523825468518
"GKAP1","GKAP1",2.12431371439768,1.05403147895822e-11,5.42507197837216e-13,127.676414555797,7.21420313649311
"AC024610.2","AC024610.2",2.38846830022885,1.05933489214862e-11,5.45544546235476e-13,10.9767588839298,7.21344327830673
"RABGEF1","RABGEF1",0.670419773073438,1.06408566391005e-11,5.48609287045526e-13,1604.03953923313,7.21268076561958
"DDX59","DDX59",0.599316617422724,1.08491430456682e-11,5.59978133848973e-13,555.732664798119,7.20988825048677
"TBL3","TBL3",0.589460678194778,1.12864253888348e-11,5.83204100346726e-13,1167.00122733437,7.204352277524
"AC055854.1","AC055854.1",3.72781685720793,1.14465156527498e-11,5.92232224123171e-13,5.80287198657529,7.202258624867
"GTF3C3","GTF3C3",0.516096030186137,1.1825098957061e-11,6.13099850074179e-13,889.364856550732,7.19753684570495
"ZSCAN31","ZSCAN31",1.43157102346717,1.1827504021343e-11,6.1356808940742e-13,108.604714923546,7.19743271536765
"NUDT19","NUDT19",0.696616959589013,1.20748041943741e-11,6.26747853356176e-13,569.4501726476,7.1945332665076
"ELF5","ELF5",5.10810908190932,1.22160555501134e-11,6.34434394202471e-13,8.43777207685228,7.19286979597348
"LYPD2","LYPD2",5.3508129939675,1.24278345091681e-11,6.4615498348469e-13,23.3754713662997,7.19037100724778
"MYF6","MYF6",7.06828323246647,1.24360620354437e-11,6.46943973088174e-13,153.066129173553,7.19020439954717
"AC115522.1","AC115522.1",2.61072735440757,1.26181228045988e-11,6.56781575050573e-13,12.2098806581128,7.18814361921098
"BAIAP2L1","BAIAP2L1",1.63615934806934,1.27463087423989e-11,6.63823968139922e-13,155.719605794288,7.18668690570512
"AC114811.2","AC114811.2",1.64732428311668,1.29779881087507e-11,6.76266720898652e-13,20.1718935883146,7.18414982637098
"FLRT3","FLRT3",3.86717251027017,1.30773094583135e-11,6.822019224797e-13,22.6484931817306,7.18295573742325
"PRMT1","PRMT1",0.762906638349355,1.35026908964488e-11,7.0556933085603e-13,3494.0956673245,7.17835157263973
"KRT23","KRT23",4.98591748517767,1.35165967724003e-11,7.06688572973175e-13,408.635925480679,7.17813481824774
"CES2","CES2",0.517491537427434,1.35888260603728e-11,7.10859641417781e-13,2148.50359508566,7.1773299990589
"OGDHL","OGDHL",5.72887541768649,1.37014819896912e-11,7.17150881416973e-13,2.69677172973576,7.17612481355309
"SLC47A2","SLC47A2",3.46140982092197,1.37679421114212e-11,7.2102938384142e-13,27.9536910324416,7.17538698621072
"GSTM2","GSTM2",1.72657043045653,1.41773020749357e-11,7.43291223575545e-13,542.574447452269,7.17122592320199
"HEBP2","HEBP2",1.60928307247982,1.45844317062956e-11,7.65483562602419e-13,2107.35178760108,7.16719787106222
"SLC25A25","SLC25A25",1.08411737368613,1.45844317062956e-11,7.6510728911445e-13,800.941503220478,7.16726520675396
"PPP2R2C","PPP2R2C",5.13477748705578,1.47305110803246e-11,7.73578599780029e-13,149.994108665106,7.16575704494934
"LNX2","LNX2",0.907302211712629,1.48808354166326e-11,7.81905172205427e-13,411.982432144071,7.16429036695403
"TBC1D17","TBC1D17",0.870476154798163,1.49026281897015e-11,7.8348312487974e-13,1819.14787822476,7.16401414841171
"FAM53C","FAM53C",0.768279692156576,1.4974003184098e-11,7.88105430742e-13,1563.20291634142,7.16320815127361
"MCCC2","MCCC2",0.763508087663009,1.52270424237315e-11,8.0186557204093e-13,999.421805786656,7.16083595907763
"MRPL15","MRPL15",1.03215473055603,1.52847549748629e-11,8.05348713965415e-13,1345.21372386544,7.16024181722562
"AC044839.1","AC044839.1",2.83533986497735,1.54507941032232e-11,8.14546046745387e-13,3.36623211221405,7.15868501030983
"LINC01448","LINC01448",1.98860887757928,1.62775835859331e-11,8.59551729964748e-13,10.6589372618674,7.1513075383407
"AC007613.1","AC007613.1",2.2246094554259,1.63407020186107e-11,8.63359386890117e-13,11.8836827799349,7.15070087782124
"SENP8","SENP8",0.950073112150389,1.65645367194297e-11,8.75666806940919e-13,99.2560264657831,7.14875778788734
"VPS72","VPS72",0.631515453092779,1.66181590167318e-11,8.78984186402597e-13,1296.73437333377,7.1482386272143
"UGT1A7","UGT1A7",4.4156955896797,1.67523542955219e-11,8.86568767469528e-13,7.34821117014413,7.14705884960366
"PCM1","PCM1",0.805972417742063,1.67724460005989e-11,8.88119236060528e-13,3133.93255591361,7.14681889488834
"SGCA","SGCA",3.36124978074428,1.68839394059322e-11,8.94513346009652e-13,801.062780832375,7.14583364989695
"DNAJC11","DNAJC11",0.566134153809959,1.71787212041326e-11,9.1112887529761e-13,1280.9804105625,7.14330538949986
"GPT","GPT",4.3700515806245,1.73036855262375e-11,9.18259366110023e-13,120.82311289626,7.14223424442013
"ACTA1","ACTA1",8.81310614879441,1.74959373568233e-11,9.29478024446085e-13,48773.2624404019,7.14056538832588
"ISPD","ISPD",0.942533452581767,1.7552870670216e-11,9.33012470271152e-13,62.4517470704648,7.14004370748427
"TBRG4","TBRG4",0.738967243719905,1.76372175288132e-11,9.38520463366616e-13,1139.02873320777,7.1392345868222
"TRIM29","TRIM29",5.07444604640715,1.80096730987428e-11,9.58903132730537e-13,2496.39998460395,7.13628038636471
"RNF126","RNF126",0.863480632485514,1.81425490308154e-11,9.66991328905143e-13,1532.6554613035,7.13512515549072
"ZNF213-AS1","ZNF213-AS1",1.16661711131204,1.82213357900588e-11,9.7171989399756e-13,140.247170349481,7.13445416288758
"FAM234B","FAM234B",1.30295654125336,1.83932686059933e-11,9.81957351510856e-13,191.898280966214,7.13301235999793
"NUP88","NUP88",0.612046512231209,1.83932686059933e-11,9.8173088188324e-13,956.028529764052,7.13304409521218
"KCTD4","KCTD4",4.45350204388245,1.85815614344247e-11,9.93089143701098e-13,11.4050391369872,7.1314612491791
"PRSS8","PRSS8",5.54234031699833,1.85985118500607e-11,9.95075485878118e-13,124.826957338958,7.13118626612558
"SLC6A17","SLC6A17",3.96627220016644,1.87507542474237e-11,1.00376554194266e-12,44.7863055116051,7.1299895412213
"MANEAL","MANEAL",1.17189280505746,1.90970250396088e-11,1.02285680762863e-12,123.766235378225,7.12739576020668
"HOXA4","HOXA4",1.35938081208432,1.92720594058692e-11,1.03279161159024e-12,71.4065265125994,7.1260647307096
"AC018529.1","AC018529.1",2.62202143236405,1.94142694305023e-11,1.04210438908935e-12,5.47868982158824,7.12482839884433
"ATP2C2","ATP2C2",5.24293973249772,1.95937620041905e-11,1.05320926309441e-12,63.7165414512356,7.1233682499742
"MRPL39","MRPL39",0.754416537365386,2.1188064326536e-11,1.14224025183138e-12,524.879540736826,7.1121801521543
"PSMD2","PSMD2",0.725476369230726,2.12860408356975e-11,1.14814040408651e-12,6771.66363332886,7.11146925488265
"GAPDH","GAPDH",1.66169554811922,2.14929300429624e-11,1.15992401591217e-12,70269.5397779282,7.11006013803606
"UBOX5","UBOX5",0.584605529433506,2.22167859392819e-11,1.20157010046889e-12,437.631097424004,7.10519012715444
"TGM5","TGM5",5.18484172307381,2.32832591050748e-11,1.26060168966712e-12,56.3473261686331,7.09856360561483
"APOOL","APOOL",0.935185502483989,2.33691633880486e-11,1.2659315010663e-12,656.047189168485,7.09798038046004
"PRSS12","PRSS12",4.46750855198147,2.33980827432463e-11,1.26817771578069e-12,47.2849741593754,7.09773530532886
"GUCD1","GUCD1",0.663258103970979,2.36321129765646e-11,1.28223501336769e-12,2697.38376941192,7.09621117843328
"VSIG10","VSIG10",1.23182810598803,2.37394483849913e-11,1.28874837433336e-12,516.726387264674,7.09551053384519
"GSDMC","GSDMC",4.27340211985814,2.42019464500789e-11,1.31455907580015e-12,55.9449403633915,7.09276781616063
"UPK3A","UPK3A",3.0718582082924,2.438877091518e-11,1.32541508023416e-12,26.5162035249204,7.09162997981957
"MAP2K3","MAP2K3",0.993747032576929,2.44468969670305e-11,1.32928404561058e-12,2599.04804688726,7.09122667599973
"FXYD3","FXYD3",5.62005295598243,2.5730207475872e-11,1.40280002998175e-12,306.235931985851,7.08377460600237
"LIMCH1","LIMCH1",2.01970131459593,2.72311540408211e-11,1.48779483997864e-12,2419.41448212276,7.07562238975475
"IMMT","IMMT",0.719956922893,2.72884194929117e-11,1.49171620441675e-12,2575.26370539206,7.07525739253584
"MVD","MVD",0.764307318443948,2.74960848200310e-11,1.50386684431621e-12,940.585454905523,7.07413236972081
"RNF208","RNF208",1.74227308867182,2.78316172012533e-11,1.52302680397239e-12,100.13687647677,7.07237634913102
"CCT7","CCT7",0.572161081785154,2.85164933663052e-11,1.56216180111687e-12,6690.23070085021,7.06885597063141
"AC006262.2","AC006262.2",3.55356875809099,2.87462332168377e-11,1.57558214477091e-12,21.3391201476671,7.06766864297078
"KRR1","KRR1",0.649676176220307,2.92214624547508e-11,1.60247824777999e-12,1388.55844570425,7.06531866334476
"TYSND1","TYSND1",0.998681894718683,2.95075897028811e-11,1.61902628525451e-12,593.98707969869,7.06389197238229
"SLC5A1","SLC5A1",5.75561808086829,2.95816586567408e-11,1.62444591893896e-12,51.6810258290896,7.06342782650591
"CNFN","CNFN",5.16899552844905,2.95816586567408e-11,1.62566800797472e-12,170.72508214226,7.06332337481775
"KDF1","KDF1",4.92531900445452,2.95816586567408e-11,1.62543135993911e-12,28.4418611325052,7.06334359505912
"GDF9","GDF9",2.03746294158693,3.00480753442411e-11,1.65217284264692e-12,7.50719843976674,7.06107676567637
"IGFL2-AS1","IGFL2-AS1",2.55289039260055,3.09210277310656e-11,1.70106966778896e-12,5.15367827742774,7.05702341699565
"UPK1A","UPK1A",4.97014662383305,3.10899472284734e-11,1.71126553961767e-12,17.9750209036081,7.05619263663704
"MIR1-1HG","MIR1-1HG",9.11792771316541,3.14779444776924e-11,1.7335361545749e-12,248.663596713208,7.05439474209143
"CENPV","CENPV",1.9656930174633,3.1535127532391e-11,1.73760128177488e-12,74.296561115532,7.05406901365161
"SLC26A9","SLC26A9",4.25131828130691,3.16701718578928e-11,1.74641826229072e-12,8.5022435731863,7.05336509266961
"RAB5A","RAB5A",0.515937145526086,3.16701718578928e-11,1.74688208313403e-12,2285.08727431408,7.05332815920977
"AC018629.1","AC018629.1",2.72249936932629,3.1796095866638e-11,1.75475142751865e-12,18.5830431170364,7.05270299531825
"FOXJ1","FOXJ1",3.95074536980061,3.18018872288338e-11,1.7559947607184e-12,4.68960059928981,7.05260447294319
"ZW10","ZW10",0.720300176673744,3.26474942311582e-11,1.80458294184658e-12,554.586675742236,7.0488069582479
"KMT5A","KMT5A",0.822225044256461,3.3095375791589e-11,1.83126207978904e-12,861.743000505473,7.04676423348091
"PPP6R2","PPP6R2",0.680623004524837,3.50398265274831e-11,1.94292520160815e-12,1682.24207681179,7.03851992698141
"SLC25A30","SLC25A30",0.856344097345731,3.53802414613153e-11,1.96282854627374e-12,676.213411985975,7.03709938804092
"MID2","MID2",1.43080095683905,3.53809605170811e-11,1.96389611793139e-12,362.912822371415,7.03702359326991
"RAET1L","RAET1L",4.82425925957963,3.56560601788954e-11,1.98020178523435e-12,4.61178711912148,7.03587092980831
"GSTM4","GSTM4",1.08822494213977,3.63056612840154e-11,2.01733269537358e-12,547.518901055624,7.03328047331924
"LAMB4","LAMB4",5.00165557685745,3.65462243620184e-11,2.03176116617007e-12,58.9912104106555,7.03228646202849
"DUSP13","DUSP13",8.48166986779815,3.73294478209285e-11,2.07638818917968e-12,180.675381789477,7.02925525559765
"AC021087.3","AC021087.3",7.36286781120412,3.75387504883614e-11,2.09021101098492e-12,16.4591415443537,7.0283293194499
"HCN1","HCN1",2.36853074628082,3.77509201455713e-11,2.10312143717921e-12,16.2464822403571,7.02746990976554
"TMEM246","TMEM246",2.1467991457931,3.80617621359336e-11,2.12264968342606e-12,328.309672882059,7.02617975467557
"NTF4","NTF4",5.80299452822328,3.92220661729168e-11,2.19305441451333e-12,7.075106605656,7.02162311890337
"FAM234A","FAM234A",0.729660052150622,3.93871740563747e-11,2.20343026700876e-12,2865.60886599379,7.02096374773207
"PPM1A","PPM1A",0.78959201920149,3.94817704257909e-11,2.20986904875389e-12,2569.28231401233,7.02055610159237
"TFDP1","TFDP1",0.582583912185271,3.94845572023847e-11,2.21117190328215e-12,2620.50332543441,7.02047375821023
"INHBE","INHBE",2.84023396182485,3.96014247047313e-11,2.21903378889667e-12,9.90353710342316,7.01997787682116
"LINC00511","LINC00511",1.96783205431969,3.96014247047313e-11,2.22001712792295e-12,135.210274316498,7.01991597487622
"RPS6KL1","RPS6KL1",1.42306490487631,4.0144483980184e-11,2.25162654135399e-12,97.887964639274,7.01794033255702
"WHAMM","WHAMM",0.821806032587808,4.07620052111798e-11,2.28744609236666e-12,431.841603598231,7.01573416515022
"AC007424.1","AC007424.1",3.07003759643788,4.11467873426115e-11,2.31142926456984e-12,3.79955083379544,7.01427587284185
"SYNE2","SYNE2",1.64151007967009,4.18284765627231e-11,2.3509382522618e-12,2550.21444038856,7.01190559316675
"OXR1","OXR1",0.844822363516291,4.39070556496711e-11,2.47286455515023e-12,1644.74580795334,7.0048296896307
"PPP1R14C","PPP1R14C",3.22466803285413,4.42501481770235e-11,2.4960435622104e-12,504.02967054796,7.00352331211981
"B3GALT5","B3GALT5",3.65944880927517,4.43761909150985e-11,2.50444228383979e-12,10.1728557441354,7.00305289174976
"RIPK4","RIPK4",5.33198351453592,4.46399814300829e-11,2.52062634774257e-12,63.8439396067703,7.00215075412979
"C19orf57","C19orf57",1.47668229879459,4.50973258459533e-11,2.54776050802775e-12,26.5243804881883,7.00065090281838
"POLE3","POLE3",0.505064617751407,4.5261842120999e-11,2.558369489005e-12,2142.18540164432,7.00006874325839
"PPP1R1C","PPP1R1C",2.18316124395837,4.54052376218243e-11,2.5677935880589e-12,15.0728900007537,6.99955358544324
"FHOD3","FHOD3",3.05449388082727,4.54949575141113e-11,2.57418895194286e-12,274.769191442742,6.99920504509269
"DNAAF5","DNAAF5",0.636556637173399,4.59757133717973e-11,2.60272642505034e-12,827.049435816633,6.99766006250605
"STRN3","STRN3",0.686583883186394,4.62432430076825e-11,2.61921470503604e-12,1116.31598103119,6.99677496285858
"RPP25L","RPP25L",1.20578821180418,4.63040935092496e-11,2.62400622855077e-12,474.121907286607,6.99651877589246
"LSMEM2","LSMEM2",4.39276139608911,4.67885672398474e-11,2.65417891888643e-12,13.6863541501681,6.99491600612931
"MYO5B","MYO5B",2.86149235416917,4.68704181175016e-11,2.66018348441960e-12,255.178277121979,6.9945991770964
"AUH","AUH",0.870552781329464,4.88071296828492e-11,2.77577436734689e-12,384.972517962849,6.98863301342885
"DUOXA1","DUOXA1",3.84036170552373,4.9279744936089e-11,2.80408447571158e-12,84.1509662147203,6.98720896333307
"KRT10","KRT10",5.80095516916464,5.05272398073278e-11,2.88093911182132e-12,61966.1390292704,6.98341298550106
"SBK3","SBK3",2.84384790600678,5.09541012720731e-11,2.90738100775284e-12,5.17909052310701,6.98212990323694
"VBP1","VBP1",0.793220819108337,5.09541012720731e-11,2.90823774252422e-12,1503.93344205085,6.98208852218273
"NMRAL2P","NMRAL2P",2.42214372472186,5.10411992172114e-11,2.9155051464729e-12,17.5795434791225,6.9817379801115
"SH2D3A","SH2D3A",2.10735666704623,5.10411992172114e-11,2.9161740112773e-12,121.112636308993,6.98170576059648
"IRX2","IRX2",3.03976607037976,5.16257561856348e-11,2.95407051486292e-12,89.1945511562863,6.97989200597595
"PAIP1","PAIP1",0.617879310812509,5.16257561856348e-11,2.95305666316485e-12,2956.44029756767,6.97994023189735
"ARG1","ARG1",5.60539036968538,5.19669496561549e-11,2.97510333949928e-12,420.595238620378,6.97889518090247
"SCNN1G","SCNN1G",3.96480555885752,5.20773856562998e-11,2.98293843715067e-12,9.31495609557125,6.97852561171052
"ARPP21","ARPP21",7.806077684415,5.21006223044602e-11,2.98880937177033e-12,69.838809018023,6.97824931232999
"DNAH3","DNAH3",1.97981118718379,5.21006223044602e-11,2.98625673952222e-12,21.6261528386689,6.97836937948743
"AGBL1-AS1","AGBL1-AS1",2.80828118437287,5.26592890845443e-11,3.02238745297606e-12,3.89803353023359,6.97667920717361
"MIR1-1HG-AS1","MIR1-1HG-AS1",3.22821909257803,5.30642886811026e-11,3.04871508688338e-12,12.9859328980887,6.97546004958243
"MAPK9","MAPK9",0.518100014340979,5.38054582436177e-11,3.09452417530493e-12,1523.85429089529,6.97336316512509
"RWDD4","RWDD4",0.691396056901134,5.43648670724578e-11,3.1313329674882e-12,1048.93753744512,6.97170020283061
"FAM81A","FAM81A",1.38353136698626,5.47307075672131e-11,3.15399453390702e-12,39.9321470722752,6.97068589661755
"AC090579.1","AC090579.1",1.75726656783437,5.59965310257297e-11,3.2318202378333e-12,9.58047747742742,6.96725611319406
"ISOC1","ISOC1",0.955409132665242,5.62202231996366e-11,3.24636353319617e-12,587.396275995574,6.96662418086227
"PSMD4","PSMD4",0.589549560977952,5.65920574230542e-11,3.2694783959119e-12,4382.9411317221,6.9656254883214
"MIR193BHG","MIR193BHG",2.20267053554489,5.84765843200529e-11,3.38174972061187e-12,192.924413063685,6.96087114980468
"ATP5S","ATP5S",0.677030226354398,6.04944298700965e-11,3.50020054319833e-12,640.798019595487,6.95602005593839
"KCTD9","KCTD9",0.777524735804243,6.10832093212618e-11,3.536041483016e-12,1198.52860251802,6.95458390039863
"RYR3","RYR3",2.63762779815505,6.21829579590555e-11,3.6033171002764e-12,83.7228314978631,6.95192627680372
"ZCWPW2","ZCWPW2",1.19505948468235,6.45198332475732e-11,3.74622826367779e-12,37.248122503836,6.94643861408606
"DLX5","DLX5",2.12146423390315,6.69859568279522e-11,3.89136498361521e-12,141.834233484003,6.94107167618436
"PRKAG1","PRKAG1",0.63865831205999,6.73459197620594e-11,3.91423217857212e-12,1943.52151846225,6.94024402382236
"DHRS11","DHRS11",1.46510497655941,6.83876013983528e-11,3.97676246077328e-12,237.133473599938,6.9380047870141
"AL139158.2","AL139158.2",3.58693652227182,6.86750047524334e-11,3.99546980710829e-12,7.98871096924628,6.93734157446072
"SUDS3","SUDS3",0.696655056392416,6.89769324716664e-11,4.01503928991575e-12,1056.31590426458,6.93665104762076
"CHRNB2","CHRNB2",3.09009972007667,7.01439465897225e-11,4.08500676520256e-12,4.6284582175675,6.93420888628488
"AP1M2","AP1M2",5.39426837665016,7.08939046851321e-11,4.1307416288595e-12,58.4299860349432,6.93263461130334
"TOM1","TOM1",0.790312976263852,7.13775438083884e-11,4.16099484208886e-12,2919.5721159454,6.93160260502703
"KREMEN2","KREMEN2",2.73088482590894,7.16156970856842e-11,4.17695828244609e-12,23.6749142287441,6.93106101657118
"SLC37A4","SLC37A4",0.916655621750289,7.30207976689694e-11,4.26103121055419e-12,663.913230809202,6.92824175933703
"DOK4","DOK4",1.29485344514885,7.81784535710446e-11,4.57562402537629e-12,993.516801535122,6.91815534352486
"ZNF774","ZNF774",1.27208007218461,7.85913316053204e-11,4.60207170083438e-12,91.691018771649,6.91733861714902
"PA2G4","PA2G4",0.573765894720862,7.88360113569760e-11,4.61868929089754e-12,4787.42218842715,6.91682780247626
"CDKN2B","CDKN2B",2.39503880712624,8.32451277176639e-11,4.88183783147332e-12,462.866279547948,6.90897040413372
"HS6ST1","HS6ST1",0.94463735068493,8.35609148944389e-11,4.9027840155329e-12,1399.09247588551,6.9083629243962
"ANKK1","ANKK1",3.7400639432006,8.5896196147509e-11,5.04978218318108e-12,7.35613526843702,6.90416993412805
"ADAMTSL5","ADAMTSL5",1.92872641508792,8.73598093456784e-11,5.14090199065715e-12,70.8158137959402,6.90163048152365
"C2orf72","C2orf72",4.09993162795473,8.90842885975807e-11,5.24497075018288e-12,6.42002955924246,6.89878356973559
"ZBTB44","ZBTB44",0.823103585173928,8.95232972902208e-11,5.27341834856999e-12,1707.83438541159,6.8980149899152
"TBX3","TBX3",2.36989520655159,8.99886422594072e-11,5.30344356757108e-12,252.718482738809,6.89720818272971
"ACTC1","ACTC1",4.95401882870011,9.06501026962827e-11,5.3450595002165e-12,390.23920255962,6.8960972939147
"MUT","MUT",0.782489554682374,9.08887728943579e-11,5.3617723291635e-12,1185.90667129524,6.89565354864913
"AL161668.4","AL161668.4",4.01900783093836,9.74807611782067e-11,5.76197714063119e-12,1.74676081514333,6.88541386214831
"TMOD1","TMOD1",2.11432934384511,9.84431703656911e-11,5.82172344790714e-12,1137.67064699289,6.88394530565678
"SPATA2","SPATA2",0.588991572653073,9.92608667554843e-11,5.87296344780184e-12,451.654295919702,6.88269755226188
"DUSP14","DUSP14",1.29583268586826,1.01027724669411e-10,5.98337198213458e-12,1142.35744903311,6.8800448498883
"CNTN1","CNTN1",3.25658010759237,1.01382320492747e-10,6.00731770085988e-12,197.440276626093,6.87947585826939
"SCNN1B","SCNN1B",3.34324129439345,1.01692539572248e-10,6.02865322606478e-12,149.543158870953,6.87897075887965
"BNIPL","BNIPL",5.39784084847583,1.03606759688529e-10,6.14815295816386e-12,185.058003037575,6.87617369807841
"LDB1","LDB1",0.638932944800341,1.04162778664425e-10,6.18417333536901e-12,1385.34258749805,6.87534103534893
"HSPB3","HSPB3",8.02533458810873,1.04795418208682e-10,6.22477722309618e-12,47.3891013336736,6.87440809822127
"CXADR","CXADR",3.44546686880888,1.08248428681648e-10,6.43617211314432e-12,373.87646726275,6.86964532545608
"MYPOP","MYPOP",0.845559967340155,1.08248428681648e-10,6.43468745485183e-12,303.736530383131,6.86967823743357
"AC010307.2","AC010307.2",4.40848376184884,1.0885141481434e-10,6.47518582374139e-12,1.59419537186174,6.86878312373805
"STUB1","STUB1",0.863715592024006,1.08985898275691e-10,6.48635138744309e-12,4131.94598980972,6.86853730207357
"CLDN1","CLDN1",4.9859275950471,1.10057253843795e-10,6.5533103979255e-12,906.870788872868,6.86707177297547
"AL445253.1","AL445253.1",3.7999546439764,1.11964291155523e-10,6.67662047584204e-12,4.91907723716387,6.8644108826984
"LMOD2","LMOD2",8.24087491755195,1.14530445452193e-10,6.83629793784873e-12,975.544132161218,6.86103589915809
"CDCA4","CDCA4",1.07151728014673,1.15152754802622e-10,6.886822416016e-12,535.31786187913,6.85998407632119
"AC002351.1","AC002351.1",4.35088093310541,1.18294870682205e-10,7.08504773285427e-12,3.18387218094813,6.85592917005666
"RANBP9","RANBP9",0.557462936605695,1.186310563795e-10,7.10862871241164e-12,2106.6350310286,6.85545421517595
"RPUSD2","RPUSD2",0.506716883259624,1.23842556655567e-10,7.43170448618573e-12,417.67927758451,6.84909805849986
"KCNQ5","KCNQ5",3.32795097614993,1.24342265162486e-10,7.4689149632863e-12,113.320608875088,6.84838344641969
"GGT6","GGT6",5.24072448851394,1.27396341451507e-10,7.66346645596814e-12,137.13628564237,6.84470305736682
"HOOK1","HOOK1",3.68570876671049,1.28785225154425e-10,7.75075480771371e-12,90.3331660150247,6.8430814581095
"VPS52","VPS52",0.675919989592754,1.30997413334137e-10,7.88769716049917e-12,1227.15269467595,6.8405731245202
"AC010329.1","AC010329.1",1.92344058256103,1.32351661140198e-10,7.97692857168324e-12,46.7032402715173,6.83896155744746
"RHBG","RHBG",3.55696347918305,1.33449560771684e-10,8.04697595451424e-12,8.70433890827645,6.8377087924115
"NFE2L2","NFE2L2",0.623229478035412,1.36608410391431e-10,8.2414217608633e-12,4368.10524565671,6.83428642321193
"NKPD1","NKPD1",5.24036011335238,1.38466716623407e-10,8.36157499303076e-12,50.4285998060795,6.8322109818944
"ZNF778","ZNF778",0.924226330569373,1.4005980650308e-10,8.4659131327091e-12,352.770904773748,6.83043228888917
"MTLN","MTLN",1.77057481429001,1.43224635515783e-10,8.66553142149925e-12,769.559865453957,6.82708838209145
"AC011247.1","AC011247.1",2.98596484707894,1.43231956542763e-10,8.67013469952124e-12,6.92874280377603,6.82701216376926
"ORC4","ORC4",0.528792875432881,1.43275524512481e-10,8.67693356014068e-12,818.491761045801,6.82689966479976
"AC099489.1","AC099489.1",2.2720160367823,1.4385052184925e-10,8.72011267280658e-12,39.3675120724509,6.82618720104011
"AKR1B15","AKR1B15",2.90930351352815,1.44983434382764e-10,8.79721141006138e-12,32.4374844165022,6.82492361037239
"HS3ST5","HS3ST5",5.00058636670547,1.47768921681917e-10,8.97481164275845e-12,4.45065878681399,6.82205367824237
"PLCXD1","PLCXD1",1.76648950361424,1.48177431331277e-10,9.00392663950943e-12,239.039649731598,6.82158850959723
"WWC1","WWC1",3.23989265110787,1.48231973365403e-10,9.01364118063222e-12,105.312605126709,6.82143362877203
"AL137002.2","AL137002.2",1.96631266251708,1.48636937333246e-10,9.04911759760904e-12,12.5395998598391,6.82086940716615
"USP30","USP30",0.839772609721113,1.50700819966425e-10,9.18352272248051e-12,454.858909852588,6.81875129143276
"AL392046.2","AL392046.2",4.16185726071105,1.54059003590973e-10,9.39264112168733e-12,4.62951634139022,6.81551539977606
"HSPA9","HSPA9",0.631870593628917,1.5477409264324e-10,9.44073412776819e-12,6133.60099979744,6.81478119760776
"GPR37","GPR37",4.01655483210384,1.54905076775873e-10,9.45772253348682e-12,19.0906473055872,6.81452272307899
"TMEM134","TMEM134",1.43453429242276,1.56326231223399e-10,9.54903172600231e-12,1178.77377586116,6.81314122128501
"NPEPL1","NPEPL1",0.746985664184836,1.57354798378016e-10,9.61643127069088e-12,1284.31547236946,6.81212974828153
"SLC39A2","SLC39A2",5.47464882013319,1.57710869890592e-10,9.64277277563893e-12,46.5716854090564,6.81173632467925
"AC073896.2","AC073896.2",1.69011255365254,1.60646781435867e-10,9.83161288734088e-12,31.0714486591662,6.80894635483406
"MRPL46","MRPL46",0.919997682264279,1.62000332154105e-10,9.92386140679121e-12,508.54750471561,6.80760248505602
"ZNF839","ZNF839",0.907306470146303,1.65889966176118e-10,1.01717706110661e-11,223.330987446759,6.80405071236328
"KPNA1","KPNA1",0.692417263747904,1.66332171746826e-10,1.02037163567241e-11,2020.10500260705,6.80359920973368
"PSCA","PSCA",3.19786117673305,1.66514855129669e-10,1.02197597562737e-11,14.0261714854604,6.80337298373917
"IPO7","IPO7",0.763969725144797,1.68418104443701e-10,1.03414625535606e-11,4584.82475106917,6.80166811240855
"S100A7","S100A7",9.34048659705742,1.6843684606382e-10,1.03475057925229e-11,66.2422571021828,6.80158396887941
"GRHL3","GRHL3",5.59336054782296,1.68446634272638e-10,1.0352999829235e-11,99.0338845245658,6.80150751398045
"AK8","AK8",1.41642938638488,1.69696354137688e-10,1.04347386345267e-11,37.015468842199,6.80037470918097
"LINC01956","LINC01956",4.47426294394344,1.69863589902575e-10,1.04548898281502e-11,5.43226387092188,6.80009677287828
"TFB2M","TFB2M",0.670455399288741,1.74456715366049e-10,1.07578600767434e-11,491.66198237298,6.79598013681937
"CAMSAP1","CAMSAP1",0.98248209234075,1.80139045695653e-10,1.1134422250504e-11,1218.60127521604,6.79101904691429
"CCDC51","CCDC51",0.61387610363631,1.81046858466051e-10,1.11957930078489e-11,340.123623712905,6.79022611662132
"CDH22","CDH22",4.67143948553687,1.84916787792052e-10,1.14404774601217e-11,11.7027573893298,6.78710648027137
"MTMR1","MTMR1",0.956521168860351,1.88136735911295e-10,1.16451546481634e-11,746.087229928022,6.78454672076873
"SLC22A5","SLC22A5",1.05061844904315,1.88188828272238e-10,1.16538451805626e-11,205.164593699651,6.78443901195423
"SULT1E1","SULT1E1",3.80929565128008,1.91511188740551e-10,1.18651494592656e-11,5.23516014075788,6.78184407716064
"EN1","EN1",4.12012117234028,1.93467648744234e-10,1.19919821778842e-11,109.80157523652,6.78030815416511
"CALN1","CALN1",3.20223214927641,1.96149332217717e-10,1.2169599558994e-11,12.9549234320797,6.77818377120945
"LAD1","LAD1",5.08602834158203,1.99402289607149e-10,1.23778128514216e-11,550.26692956601,6.77573178025823
"PHGDH","PHGDH",2.60814442505507,2.01357684280228e-10,1.25102848459222e-11,1115.61420316977,6.77419268661756
"AL117340.1","AL117340.1",3.20446691976164,2.029887504293e-10,1.26175184709743e-11,4.28635452635219,6.7729584652551
"MRPL49","MRPL49",0.501613439186046,2.0570686178608e-10,1.27924477484605e-11,1591.8821401593,6.77096697322316
"GEMIN4","GEMIN4",0.772695462239316,2.07100491159686e-10,1.28851298961325e-11,675.428043804416,6.76992261201316
"POF1B","POF1B",5.58915680195415,2.07558321863818e-10,1.29196434226258e-11,918.742179017104,6.76953558573557
"DECR2","DECR2",0.977859299851346,2.09077464589643e-10,1.30324224180717e-11,538.31078775868,6.76827793340404
"TTC1","TTC1",0.531525735506088,2.10394341497988e-10,1.31206184267509e-11,1802.66836061726,6.76730182332612
"SPPL3","SPPL3",0.715427800096099,2.25071849033311e-10,1.40686249308611e-11,2194.77096126735,6.75719761533207
"SNRNP35","SNRNP35",0.58716347831929,2.26203852528335e-10,1.41459537148108e-11,740.099499972007,6.75640307317937
"ELL3","ELL3",1.91976744126426,2.26400245855296e-10,1.41648114782244e-11,101.5192600977,6.75620995757567
"NAF1","NAF1",0.644710885152991,2.33283990176063e-10,1.46090473689901e-11,383.158644830728,6.75173207227734
"PWWP2B","PWWP2B",0.732070643469174,2.38871439012458e-10,1.49728292491253e-11,868.725910631045,6.74816338359373
"MYO18B","MYO18B",7.72012995791158,2.43157884942004e-10,1.5248573068136e-11,303.159852688978,6.74551447623739
"SGCG","SGCG",4.5296649301981,2.43444124762853e-10,1.52735944431208e-11,154.656092026402,6.7452764369335
"CPA4","CPA4",5.65306838058995,2.47368294302812e-10,1.55269804806662e-11,124.19181161735,6.74288715361881
"COQ5","COQ5",0.75884676967379,2.50640018496974e-10,1.57396224000946e-11,727.490733289793,6.7409113496522
"ZNF16","ZNF16",0.620591433738468,2.5296364379246e-10,1.58928883909344e-11,259.808700199994,6.73950339339963
"GRPEL1","GRPEL1",0.639994089210482,2.53816915918703e-10,1.5953869119556e-11,1067.25011852557,6.73894689704978
"NNT-AS1","NNT-AS1",0.904130181526688,2.56743146663618e-10,1.61527145251945e-11,604.336553389343,6.73714664076076
"CYB561D1","CYB561D1",0.82642883570765,2.56813456507216e-10,1.61645974279986e-11,793.789223459096,6.737039746677
"ZDHHC5","ZDHHC5",0.610306443838873,2.68660196293359e-10,1.694148036926e-11,3653.24170230453,6.73021308237682
"TLCD1","TLCD1",1.45125626341264,2.74093303880221e-10,1.73000101467329e-11,109.961584588973,6.72716536124672
"CST6","CST6",5.08361478333244,2.78785261984818e-10,1.7612348809602e-11,268.026020696354,6.72456028706973
"FUT3","FUT3",3.25290817291463,2.79501216036681e-10,1.7673816292316e-11,5.03201505150173,6.72405294621377
"NDUFB10","NDUFB10",1.27604317108419,2.85986010065368e-10,1.80921787476e-11,3038.83273141651,6.72064508403145
"CYP4F12","CYP4F12",3.04050326255402,2.90674095131592e-10,1.83972015014448e-11,60.372304187118,6.71820874933041
"SLC6A4","SLC6A4",2.43716182754031,2.9307794238936e-10,1.85617974915867e-11,22.7040368165911,6.71691043791199
"MIR4458HG","MIR4458HG",1.59803548161446,2.9307794238936e-10,1.85748829526427e-11,139.801757589182,6.71680770575717
"DBT","DBT",0.821735379925281,2.9307794238936e-10,1.85666550415145e-11,895.857722277003,6.71687229368189
"ZNF41","ZNF41",0.710594645474247,2.94275239713351e-10,1.86678611459846e-11,376.9742866564,6.71607978091362
"BICDL2","BICDL2",5.25500565642588,2.9501909291898e-10,1.8723617928081e-11,76.0536762643968,6.71564496275312
"DLEU1","DLEU1",1.02779912437828,2.95483605723779e-10,1.87616812510799e-11,182.954531805143,6.7153488542694
"NDUFS3","NDUFS3",0.948253019655797,2.98322031058502e-10,1.89592367827351e-11,1999.6905221253,6.71382138494002
"GALNTL6","GALNTL6",3.16770794601236,3.07957980058479e-10,1.95805744843735e-11,4.391107971044,6.70911691349008
"AL161772.1","AL161772.1",1.77927799835685,3.08863506522243e-10,1.96471209272602e-11,103.030543829313,6.70862174949406
"SLC38A2","SLC38A2",0.979594615405395,3.10860470303233e-10,1.97831791110255e-11,6651.73471867907,6.70761444776029
"PITPNM3","PITPNM3",2.39830732439875,3.13528171103393e-10,1.99711653081718e-11,277.899344863383,6.70623380260384
"AC005618.1","AC005618.1",1.86991724000777,3.14515230986799e-10,2.00431746481072e-11,12.18547110459,6.70570830547297
"ARG2","ARG2",1.54493449625277,3.22871153296774e-10,2.05854312078752e-11,129.824631810404,6.70180948787995
"INPP5A","INPP5A",1.36413793107523,3.22871153296774e-10,2.05944304821574e-11,1085.43320135178,6.70174563506371
"CLASP2","CLASP2",0.775416164153984,3.24404509807319e-10,2.07016587674765e-11,1532.19253639485,6.70098690998911
"AC092611.2","AC092611.2",5.76308646229671,3.27159616970289e-10,2.08869768241168e-11,4.201324827449,6.6996846638954
"OLFM2","OLFM2",2.64733762279974,3.2951470992788e-10,2.10469050520334e-11,984.747469383534,6.6985698959527
"KLHDC2","KLHDC2",0.792880651221584,3.38509970043227e-10,2.16411189748212e-11,1611.6369067878,6.69449938931679
"DCST1-AS1","DCST1-AS1",1.59813224009969,3.42032610557193e-10,2.1876257942574e-11,14.2104860920835,6.69291877590112
"KLRG2","KLRG2",4.47928940814277,3.42573504760386e-10,2.19307541678834e-11,16.0906080990601,6.69255482475229
"VPS51","VPS51",0.803657753886736,3.45937968022961e-10,2.21561873908049e-11,5658.84983080057,6.6910586244553
"AC098847.1","AC098847.1",4.48021102177229,3.55482681899541e-10,2.27984710594338e-11,1.37331680015351,6.68687611816263
"COX5A","COX5A",1.40378472502542,3.55482681899541e-10,2.27922239531679e-11,2898.9093448561,6.68691624053641
"RALGPS1","RALGPS1",1.0369230539819,3.6561065370622e-10,2.34798755473583e-11,169.490905471671,6.68256313118157
"SQLE","SQLE",1.4611609774285,3.67993122364056e-10,2.36435688006649e-11,827.048846896217,6.68154528699418
"POMGNT1","POMGNT1",0.560476439808785,3.69357750914464e-10,2.37419746361598e-11,1588.70784025881,6.68093671476588
"PPP2CA","PPP2CA",0.515429703375261,3.6936479631346e-10,2.3753156124027e-11,5342.31124064884,6.68086772126761
"MYH14","MYH14",4.89916442614211,3.7017145213416e-10,2.38157826907507e-11,847.021931138884,6.68048188128839
"DMKN","DMKN",5.69487976883383,3.79827416136266e-10,2.44921826368802e-11,6001.56854258302,6.67637676823939
"TMEM116","TMEM116",1.18997643071211,3.79827416136266e-10,2.44814210916446e-11,201.973311844058,6.67644120750415
"LINC01563","LINC01563",6.88528751773833,3.8459487428151e-10,2.48107707615671e-11,3.37877249770569,6.67448153856455
"GPRIN2","GPRIN2",5.71348324258089,3.90653537237011e-10,2.5247011744869e-11,57.190374195194,6.67192469604594
"SELENOI","SELENOI",1.30947703466054,3.92734695391159e-10,2.53929194824189e-11,766.961683141103,6.67107916261827
"LINC00844","LINC00844",5.03158900672242,3.9337611950659e-10,2.54458178848953e-11,4.42581994808032,6.67077379128671
"LGI3","LGI3",4.9196315863199,3.97918656575136e-10,2.57627711602759e-11,38.3596499635192,6.66895700197771
"IL17RC","IL17RC",0.78175551830376,3.97918656575136e-10,2.57575857960061e-11,1437.48939436168,6.66898654825856
"LIMK2","LIMK2",1.35983461526964,4.05663232265382e-10,2.62995333570446e-11,1131.35765296012,6.6659295878038
"CCHCR1","CCHCR1",0.777578125192853,4.17863326456373e-10,2.71268890040082e-11,427.255306272316,6.66137964856029
"RGMB","RGMB",1.13452261737043,4.29968329919838e-10,2.79377005353398e-11,834.7138895097,6.65705061161982
"LONRF2","LONRF2",2.80450181589945,4.30126818338807e-10,2.79604920251612e-11,70.2197690667521,6.65693070958531
"TLL2","TLL2",1.76035803799984,4.39302989103011e-10,2.85697511502742e-11,24.0757774837973,6.65376046663512
"STARD7","STARD7",0.678759142709654,4.48660799203193e-10,2.92043932559067e-11,4520.63711260604,6.65052774871351
"ATP5MC1","ATP5MC1",1.26901818497702,4.53729171796728e-10,2.95554441510979e-11,1545.49194823063,6.64876899119889
"BBOX1","BBOX1",5.05163219617077,4.5685869767489e-10,2.97778237940761e-11,103.881353779443,6.64766542152808
"AC139100.1","AC139100.1",2.53096978083163,4.5796972528995e-10,2.98635422701272e-11,3.752122649377,6.64724219200395
"VWA3A","VWA3A",3.68234678595267,4.58301624081962e-10,2.98984967958664e-11,4.564268582288,6.64706994744486
"PIK3C2G","PIK3C2G",4.80547782315182,4.62758153385898e-10,3.02026713912546e-11,25.8033249865472,6.64557933997021
"NMU","NMU",5.34921766899104,4.67957612600824e-10,3.05692073527144e-11,64.147281030471,6.64380252928639
"AC008014.1","AC008014.1",2.08870367265909,4.76092047987932e-10,3.11420730820501e-11,42.3873555326652,6.64106685628922
"TPPP2","TPPP2",4.83970259950766,4.81328244103972e-10,3.15265246443144e-11,1.50885159144617,6.63925842079631
"TMLHE","TMLHE",0.825198344295359,4.90613336245778e-10,3.21774402591776e-11,460.099861792141,6.63624520308407
"PPP1R27","PPP1R27",7.40631194582874,4.98675995363649e-10,3.27496928522485e-11,180.317143445408,6.63364500694476
"HSD11B1L","HSD11B1L",1.15510371711901,5.03497295827565e-10,3.30955728028866e-11,217.859656328228,6.63209487583686
"KCNK5","KCNK5",1.88335789552171,5.11683854929729e-10,3.36634115085348e-11,289.243455044751,6.62958404842305
"AL139385.1","AL139385.1",1.30398874873079,5.12578564623464e-10,3.37371624095727e-11,25.0798489225546,6.62926098779669
"B3GALT1","B3GALT1",2.50610479596835,5.1414340878691e-10,3.38550920099897e-11,34.1213874921828,6.62874583888505
"INSYN1","INSYN1",1.81597468338356,5.18702104371683e-10,3.41703373043736e-11,185.748213872979,6.62737733493663
"KLHL25","KLHL25",1.35245072818109,5.20702847958349e-10,3.43172639136021e-11,211.895294335198,6.62674373125091
"MRPL2","MRPL2",0.712831267787813,5.23204627500107e-10,3.44973424080760e-11,983.168136080127,6.62597077495659
"ZDHHC22","ZDHHC22",4.07233411863437,5.35696083195148e-10,3.53520826367892e-11,0.99577092147129,6.6223549812426
"FBXO27","FBXO27",2.52929005892322,5.3797569395971e-10,3.55181466355995e-11,218.106567105455,6.62166241941073
"ZFYVE9","ZFYVE9",1.27630261450492,5.41818077057862e-10,3.58033032795003e-11,852.457700586624,6.62048054673662
"WNT2B","WNT2B",1.57551225506528,5.51049711764425e-10,3.64293349592143e-11,130.784637834337,6.61791785407963
"LINC01489","LINC01489",2.88287664414937,5.52145440472803e-10,3.65338478388825e-11,3.19825859197002,6.61749422759632
"MAP7D1","MAP7D1",0.893963386563005,5.56416078832968e-10,3.68487469425807e-11,7586.18330013763,6.6162249662561
"METTL8","METTL8",0.582728434287974,5.5777320221141e-10,3.69710249635889e-11,542.582927633861,6.61573496015739
"DSG3","DSG3",5.9434220292129,5.58489412809482e-10,3.70347196887431e-11,175.348656928481,6.61548034341262
"NMRK2","NMRK2",8.33677109569484,5.72661914808365e-10,3.80244317779691e-11,197.092334573828,6.6115781386644
"ACADS","ACADS",1.29289647928711,5.75588154189515e-10,3.82354510465732e-11,1235.55140754722,6.61075900382439
"AC044810.2","AC044810.2",3.41826553157798,5.98358016655713e-10,3.97827785559698e-11,3.55990096275503,6.60488435031703
"IGSF11","IGSF11",3.12658134724524,5.99664534902177e-10,3.99044803491602e-11,14.872783387302,6.60443182075121
"AES","AES",0.865963159947265,6.37049375239743e-10,4.25032652180112e-11,13463.3740139931,6.59507789208269
"OTUD6B","OTUD6B",0.647737858265724,6.43187928513824e-10,4.29315051622158e-11,326.448263893352,6.59359042981929
"LIN9","LIN9",0.726879375117785,6.44926582756464e-10,4.3085022084927e-11,155.99289230581,6.593060731872
"PRKAR2A","PRKAR2A",0.726417440932866,6.46686742325336e-10,4.32438303835906e-11,2837.95666244391,6.59251471614403
"FOXA1","FOXA1",5.09784845851613,6.59278518881823e-10,4.4139566225822e-11,6.77844731658686,6.58947126020262
"GLB1L2","GLB1L2",2.32344135829247,6.71165165509644e-10,4.49938771347815e-11,95.3448378418625,6.58662433933538
"TAF7","TAF7",0.763621026952197,6.86106162309118e-10,4.60552846838728e-11,2934.76413499009,6.58316006599171
"EFNA4","EFNA4",1.20303878296969,6.89253162997723e-10,4.62865491126622e-11,230.432785501614,6.58241562453456
"NPLOC4","NPLOC4",0.667508430682579,6.9646608324518e-10,4.67911598276432e-11,3928.64260045893,6.58080383312373
"PON3","PON3",2.83085383048229,6.98017866094104e-10,4.69156890363006e-11,28.4784077028904,6.58040868728352
"TGM3","TGM3",5.56549445227633,7.09489494595884e-10,4.77279443907304e-11,251.931322046272,6.57785620736359
"ALOX12","ALOX12",1.93075613146109,7.27414695055736e-10,4.89971731681844e-11,152.323021075205,6.57395157309405
"POLRMT","POLRMT",0.787485477632453,7.28300545006853e-10,4.90991508353929e-11,1193.41177337313,6.5736421585933
"RNF223","RNF223",4.69177759115334,7.32400843449386e-10,4.93968501943033e-11,8.69951427428955,6.57274248066467
"WFDC12","WFDC12",6.25091852955551,7.39053988542996e-10,4.98885055586709e-11,68.0181448647492,6.57126819806526
"IBA57","IBA57",0.723627018308904,7.59810355919285e-10,5.13337657682194e-11,448.024330486826,6.56701532457702
"AC092139.1","AC092139.1",3.23027218020111,7.59926692214525e-10,5.13636985239689e-11,14.7841717644166,6.56692848704723
"MIR3936HG","MIR3936HG",1.97704182128472,7.82514078133099e-10,5.29131164718791e-11,20.5851067235596,6.56249978608361
"ZNF703","ZNF703",1.1594006625678,7.85690097631283e-10,5.31506981928447e-11,2834.2767822852,6.56183194728995
"FAM162A","FAM162A",1.16084646791151,8.11586549542633e-10,5.49732727295637e-11,1340.83414136631,6.5568037741422
"ZER1","ZER1",0.816631377276337,8.31881371758825e-10,5.64204427517386e-11,2077.36439017151,6.55292609690053
"AC104564.1","AC104564.1",2.54124010939817,8.32176079227034e-10,5.64646020992899e-11,7.43857659778815,6.55280930804135
"KLK11","KLK11",5.66744398455205,8.33178138362697e-10,5.66051953535015e-11,226.150896140643,6.55243807318811
"UBE3C","UBE3C",0.70379605030835,8.4382094148531e-10,5.73772750092109e-11,3351.67457874092,6.55041534582427
"PGP","PGP",1.20847122328693,8.66461481940338e-10,5.89670980651276e-11,791.479760586986,6.54633280046605
"DKFZp779M0652","DKFZp779M0652",2.28789491649957,8.70597028905933e-10,5.92738304797114e-11,16.5686775092175,6.54555753980731
"ATP13A5","ATP13A5",5.48079290982624,8.70653763954089e-10,5.93029823536755e-11,7.10538214862746,6.54548406328097
"USP19","USP19",0.828010099384305,8.76151572006317e-10,5.97029042618456e-11,2006.17149658156,6.54447962201088
"LRRC3B","LRRC3B",3.90851663034172,8.80600052965845e-10,6.00571896236727e-11,3.03274526318554,6.54359528348287
"ADK","ADK",0.855795590497559,8.90661030565955e-10,6.08727025944490e-11,1178.6598046036,6.54157890429376
"EIF4H","EIF4H",0.633356594550929,9.10223726707372e-10,6.22890409005045e-11,13923.7524371171,6.53813895335596
"ASAH2B","ASAH2B",0.99382475046236,9.11873363703664e-10,6.24284163544074e-11,97.9923016223032,6.53780458803942
"MIGA2","MIGA2",0.77087397305445,9.24920916980532e-10,6.33938241282247e-11,557.478371093827,6.53550839924358
"RAB18","RAB18",0.540719253349251,9.39639044487616e-10,6.44930597805343e-11,3555.20418231283,6.53293518370566
"HTR3A","HTR3A",4.91510784246369,9.45256597189272e-10,6.4933538176851e-11,16.3948907995812,6.53191608139073
"DUSP3","DUSP3",0.808170681895531,9.6101528959084e-10,6.60998084626208e-11,4104.86170800327,6.52925007473487
"FAHD2A","FAHD2A",0.794076466078161,9.65043994680885e-10,6.64049385209428e-11,483.114021353597,6.52856016289452
"ATG9A","ATG9A",0.922312115167441,9.67868984452755e-10,6.66274396756427e-11,2242.90004780753,6.52805903042999
"FBXO21","FBXO21",0.786902540032261,9.72819847515853e-10,6.69965103537843e-11,1421.61941749077,6.52723138200016
"PDCL3","PDCL3",0.850066516579309,9.88987365575304e-10,6.81673933574473e-11,686.182440209487,6.52463485821342
"LINC01018","LINC01018",3.47903185995775,1.0001426552481e-09,6.8965338200273e-11,4.49522990574537,6.52289022682011
"MFSD2A","MFSD2A",2.41866914465366,1.00111876787154e-09,6.90617251567011e-11,196.996767787055,6.52268082356792
"ERG28","ERG28",0.797034289930206,1.00350202206932e-09,6.92844285598577e-11,816.104737292733,6.52219808550831
"RAB21","RAB21",0.578103829498241,1.03100581667494e-09,7.13031500378478e-11,3083.1103976597,6.5178902066844
"SARS2","SARS2",0.757435117782857,1.0326207899994e-09,7.14448333269018e-11,360.685469762358,6.51759235511516
"HRAS","HRAS",1.04970547114649,1.05564800759288e-09,7.30993624404965e-11,1086.26760139508,6.51415627740954
"S1PR5","S1PR5",2.40457478966976,1.05749168670556e-09,7.32884618473184e-11,94.9774607927859,6.51376841493936
"GTPBP8","GTPBP8",0.708305194211086,1.05808047698856e-09,7.3360000539436e-11,442.386571407503,6.51362193677736
"SFTPD","SFTPD",2.71390202216942,1.06184528230322e-09,7.36827111485536e-11,21.9792252504112,6.51296290627132
"STK40","STK40",0.825451496442977,1.06589876317945e-09,7.39949472522042e-11,3126.38301666601,6.5123279477392
"LINC02478","LINC02478",3.13469867285923,1.08714300863389e-09,7.55328824402309e-11,8.01688231337948,6.50923817415443
"GTF2F2","GTF2F2",0.865718252548897,1.10934955058842e-09,7.71079782316164e-11,850.277114784558,6.50613686766831
"AC131097.2","AC131097.2",5.1624493257757,1.13399912055768e-09,7.89201200434586e-11,2.59048900443973,6.50264455816959
"PDAP1","PDAP1",0.621339409551081,1.19942746654993e-09,8.36477677235502e-11,4975.9179322941,6.49389011966129
"PMVK","PMVK",0.895844123274953,1.21982488444729e-09,8.51411408541545e-11,1620.70171185648,6.4912251225426
"C16orf87","C16orf87",0.73816072559295,1.22806299419296e-09,8.57518135831262e-11,298.843022831369,6.49014849119215
"NDUFA7","NDUFA7",1.47431793780642,1.23279690065647e-09,8.61539834721585e-11,713.890950684642,6.48944354220442
"ZG16B","ZG16B",3.50689101426316,1.2596099120702e-09,8.81009837418683e-11,42.5599800817465,6.48607557951111
"AC241952.1","AC241952.1",2.32663087722804,1.26752996565467e-09,8.87653871033286e-11,219.764849084977,6.48494291528723
"SLC22A23","SLC22A23",1.36360035750802,1.29088156027516e-09,9.04381992385174e-11,615.705700781102,6.48212743666015
"CLDN16","CLDN16",3.49148918181656,1.29828886006525e-09,9.09948593975091e-11,5.93334400985202,6.48120181355859
"IQCH-AS1","IQCH-AS1",1.08650611699217,1.30098213366073e-09,9.12386357675255e-11,111.975669937784,6.48079820032731
"LINC02009","LINC02009",2.59773560623617,1.30385763685143e-09,9.14987815334336e-11,8.42903720962036,6.48036864606789
"FGF22","FGF22",4.89086118636215,1.30726765797856e-09,9.17760523217779e-11,20.535963473421,6.47991212745159
"GALNT3","GALNT3",2.14181810535877,1.31740621293065e-09,9.25260898938743e-11,91.7296371320936,6.47868393632841
"NOC2L","NOC2L",0.619168492943437,1.32999661005224e-09,9.34876204347166e-11,2104.96846243963,6.47712358504776
"TMEM125","TMEM125",4.74198963116286,1.38156877967304e-09,9.72330996034556e-11,31.6364459990275,6.47119151591619
"PRR36","PRR36",1.94956946313067,1.39347156966583e-09,9.81112781709648e-11,12.776715466715,6.46983301539039
"ZC3HC1","ZC3HC1",0.58976881788197,1.41407416184852e-09,9.97261550182472e-11,442.698791209386,6.46736562165616
"PIK3R2","PIK3R2",0.698400981903018,1.4182457372445e-09,1.0006154571183e-10,2154.97218718653,6.46685807481318
"DRG1","DRG1",0.679478646918497,1.43085463307192e-09,1.00992702403996e-10,1659.4538094481,6.46545762547426
"HES5","HES5",2.6204795556993,1.44800760639518e-09,1.02264109616929e-10,19.2387748969027,6.46356569210249
"RAB17","RAB17",1.55342864617039,1.45143393876485e-09,1.02571708290197e-10,20.7521358459974,6.46311142119234
"EPHB3","EPHB3",2.03017697793091,1.46841475762387e-09,1.03857033078137e-10,642.113044288015,6.46122751376059
"PCOTH","PCOTH",1.91640577513527,1.48142340965833e-09,1.04820129717895e-10,25.9320658269082,6.45983077634179
"MCAT","MCAT",0.646806358703441,1.48503560104352e-09,1.05118849765977e-10,531.1524003317,6.45940010387698
"ATP7A","ATP7A",1.07506093804055,1.53252806832615e-09,1.08569651407211e-10,699.947178596687,6.45450994098189
"AC008443.3","AC008443.3",3.65060247634121,1.54776106750022e-09,1.09693766838055e-10,2.41315669379304,6.45294971265494
"VWA2","VWA2",2.96983505750966,1.5625785299416e-09,1.10789304972332e-10,23.6067746401065,6.45144411508605
"PCDH7","PCDH7",3.03082817344408,1.56671256278389e-09,1.11127921410429e-10,206.093663067567,6.45098169805316
"SOSTDC1","SOSTDC1",5.12946769135976,1.57826154739215e-09,1.11992940637824e-10,41.3303389726733,6.44980664637988
"DOCK3","DOCK3",2.15985177549448,1.60037842624294e-09,1.13608832163871e-10,33.5943502667933,6.44763517484128
"NEU4","NEU4",3.17140332310811,1.68368577882375e-09,1.197672380719e-10,16.0782140481071,6.43962728779833
"LINC00327","LINC00327",1.47587416974694,1.69483271039585e-09,1.20609391787784e-10,14.060193798799,6.43856363812964
"NPHP1","NPHP1",1.00338880564089,1.7326716291173e-09,1.23503432608745e-10,183.634794030879,6.43496297389946
"HSDL1","HSDL1",0.635145775260137,1.79640355217271e-09,1.28307085360541e-10,582.465656568623,6.42916465496387
"MYL12A","MYL12A",1.01943854505593,1.79991532229579e-09,1.28610192077601e-10,14368.6035894604,6.42880593709005
"AC004471.2","AC004471.2",2.40946657145755,1.80830022978202e-09,1.2926184691221e-10,2.62258878664701,6.42803751245826
"ACVR1B","ACVR1B",1.1853171617189,1.84890606043652e-09,1.323255644509e-10,1125.14112253809,6.4244748169912
"RAB1B","RAB1B",0.50534495267634,1.85794392279004e-09,1.33026367191747e-10,8942.78858989353,6.42367121193057
"FBP2","FBP2",8.4853561692052,1.88663169001888e-09,1.3518997267563e-10,145.12371823321,6.42121607479586
"DIS3L","DIS3L",0.684141967045052,1.88663169001888e-09,1.35172562942602e-10,1099.06582200931,6.42123567668229
"AADACL2","AADACL2",5.67806320620733,1.89553777388426e-09,1.35993328148429e-10,122.00183300749,6.42031423756979
"PNPLA7","PNPLA7",1.77575030831064,1.92706624118369e-09,1.38311278086584e-10,219.451938554949,6.41774102425577
"TOMM20","TOMM20",0.705167973290219,1.92909039582253e-09,1.38512590289104e-10,6349.79477909496,6.41751953555237
"DCTN4","DCTN4",0.522661389131764,1.93627432284916e-09,1.39084652039212e-10,2349.15916302555,6.41689185192951
"SLC10A6","SLC10A6",2.34487615824748,2.01500195111791e-09,1.44973853634224e-10,43.5608051397272,6.41057285471582
"EVPL","EVPL",5.12565538243157,2.02443240165905e-09,1.45711150555104e-10,427.60627945691,6.4097994839583
"AL357033.1","AL357033.1",2.19667575585346,2.02518809249294e-09,1.45824366251017e-10,7.97245693248445,6.40968106776191
"OVCH2","OVCH2",3.58383881575869,2.03402937224666e-09,1.46520066317292e-10,2.48965215842167,6.40895537748798
"SNX21","SNX21",1.14940426083946,2.0475973742765e-09,1.47675853384703e-10,1627.0473226931,6.40775717828368
"HIP1R","HIP1R",1.67482973208995,2.07191823111078e-09,1.49490091962332e-10,675.569106812753,6.40589472427829
"BTBD16","BTBD16",3.23801618399361,2.07719853027508e-09,1.4993140315248e-10,17.5107201127731,6.40544502516432
"CTDSPL","CTDSPL",1.24993932204674,2.09516290328998e-09,1.51410633884788e-10,1726.36474913111,6.40394705698847
"CPEB2","CPEB2",0.964187522890528,2.11166737113276e-09,1.52664694049885e-10,773.257721731763,6.4026882708847
"LANCL2","LANCL2",0.598491142142207,2.12263966029214e-09,1.53519598992896e-10,729.587310949254,6.40183592316125
"NEFM","NEFM",3.26121189846736,2.1271878040934e-09,1.53972115946345e-10,12.2261370005491,6.40138663525758
"DAB1-AS1","DAB1-AS1",3.41113542249652,2.19729577863208e-09,1.59238206334584e-10,3.54255777573215,6.39625096247429
"CALML3-AS1","CALML3-AS1",4.04862520321418,2.23357711707374e-09,1.61997271445717e-10,11.1317349737308,6.39362610816714
"NYAP2","NYAP2",2.39691118756804,2.2729866987416e-09,1.6505364084042e-10,7.80173681747416,6.39076893063613
"FXYD1","FXYD1",2.16588467547543,2.28383170966531e-09,1.65907491166287e-10,1580.52457447398,6.38997996466638
"CBARP","CBARP",1.82278259650105,2.2996966704015e-09,1.6726038290593e-10,35.9315008795084,6.38873796677785
"AL137246.2","AL137246.2",9.17125061653793,2.32441492450313e-09,1.69193209039295e-10,15.5645793136586,6.38698049476753
"CDK7","CDK7",0.722360891645749,2.33399822694656e-09,1.70026360903392e-10,612.374340278345,6.38622897273462
"AC090403.1","AC090403.1",2.24344504675746,2.34026756890702e-09,1.70551043638542e-10,10.679753518579,6.38575754121492
"OR7E47P","OR7E47P",3.34280644636439,2.39242334505107e-09,1.74560457847342e-10,16.6016360486729,6.38220115165785
"BMP7","BMP7",3.13905019488708,2.39875082831272e-09,1.75091809909081e-10,238.237178988002,6.38173583837236
"CYHR1","CYHR1",0.535203631901705,2.43579529150267e-09,1.78008044423745e-10,1356.5880116056,6.37920635803605
"KLHL31","KLHL31",5.38369964410086,2.43707767714374e-09,1.78172548895399e-10,216.760842946092,6.37906487938119
"KRT42P","KRT42P",3.67969592292404,2.45164902866579e-09,1.79380269060332e-10,3.28121575048129,6.37803009591614
"HAGH","HAGH",1.00611244169496,2.48420182390319e-09,1.81834222035437e-10,1421.97454724259,6.37594833472314
"GFM1","GFM1",0.611614231645428,2.48543144589311e-09,1.81996417889408e-10,1744.94996823308,6.37581170792764
"PSMD11","PSMD11",0.516624639541818,2.51549387216568e-09,1.84270812873296e-10,2169.24471329452,6.37390828539958
"LMTK2","LMTK2",1.13639901949171,2.517711372292e-09,1.84506384114462e-10,617.271679331042,6.37371245124792
"LRP4","LRP4",2.19954110244855,2.54612080618915e-09,1.86736233171477e-10,273.288164539733,6.37187074913966
"AC091152.2","AC091152.2",1.27806623479518,2.55084031224021e-09,1.87230552719618e-10,11.4675789453502,6.37146538556019
"PAK4","PAK4",0.706111296931035,2.55444215515535e-09,1.87569123046146e-10,1169.61856062728,6.37118834602161
"CARD14","CARD14",2.1558753956905,2.56640083479364e-09,1.8852845684237e-10,92.1833148656852,6.37040600408017
"AC040169.1","AC040169.1",1.54998465302481,2.56640083479364e-09,1.88596320205295e-10,27.2768419137938,6.37035080852955
"FSTL4","FSTL4",4.39298168086896,2.58991430960221e-09,1.90399474776438e-10,17.4057617223526,6.36889130565707
"SRCIN1","SRCIN1",2.45202984045474,2.63066347540005e-09,1.9347159055748e-10,37.8560261828188,6.36643551020936
"PCAT6","PCAT6",1.56611181996769,2.65044696889767e-09,1.95252880144054e-10,38.3093103948231,6.36502896945922
"AL133444.1","AL133444.1",3.71038306567182,2.70283194783585e-09,1.99485766801757e-10,13.7033500879432,6.36173625921336
"CSRP3","CSRP3",8.13616045274109,2.70674761502461e-09,1.99932008394551e-10,825.201359245409,6.36139311923541
"POMGNT2","POMGNT2",0.764764807868914,2.70963157159396e-09,2.00270410557493e-10,726.297380767635,6.36113340146114
"FOXK2","FOXK2",0.540200108925555,2.70963157159396e-09,2.00302438413693e-10,1749.41470021983,6.36110884285102
"ASPG","ASPG",5.18227632075284,2.74456475778572e-09,2.02964501955456e-10,18.8730619612102,6.35908089631956
"NXN","NXN",1.53064075789988,2.75854317144589e-09,2.04078350693409e-10,1239.52886030424,6.3582400721547
"AC009123.1","AC009123.1",2.76890906671055,2.79892785386566e-09,2.07228624942011e-10,8.39800900592323,6.35588603624087
"DSP","DSP",5.26849365461846,2.79989799102956e-09,2.07381778701213e-10,7142.73942677341,6.35577248540046
"PLCL1","PLCL1",1.23624762121038,2.8113826674482e-09,2.08314081115963e-10,415.630877339037,6.3550830224619
"PCMTD1","PCMTD1",0.742146404897683,2.81280585145079e-09,2.08501235416011e-10,2360.61649555978,6.35494498013244
"LINC01854","LINC01854",8.46812256990337,2.85456521556363e-09,2.11762506115647e-10,13.0256441558173,6.35255875073218
"ANXA8","ANXA8",4.96444139368533,2.87957645592636e-09,2.13701575603922e-10,185.231442860663,6.35115691938739
"PGAM5","PGAM5",0.528584020396302,2.89376732092307e-09,2.14838772867415e-10,774.24205969661,6.35034056285755
"AC244669.2","AC244669.2",3.12975654735938,2.93919842906497e-09,2.18382409130597e-10,13.0018943475178,6.34782350708389
"PTOV1","PTOV1",0.637328557385547,2.97024538880773e-09,2.20775471998344e-10,2246.32754379436,6.3461461770171
"NTPCR","NTPCR",0.756693460286026,3.06346092467844e-09,2.28060019459476e-10,1047.31668629028,6.34114752802454
"HSPBP1","HSPBP1",0.573332976912963,3.11103251843372e-09,2.31962950935848e-10,1338.90426678728,6.33853314007685
"TNFRSF19","TNFRSF19",1.87511696026891,3.12915760181234e-09,2.33405272494891e-10,978.603828222341,6.33757785761562
"SFN","SFN",5.63952042804813,3.14354587561229e-09,2.34589149590714e-10,1934.18819247866,6.33679804776929
"ASB18","ASB18",2.1949738269667,3.16844516886454e-09,2.36703874007192e-10,12.1942593497597,6.33541461404224
"JMJD7","JMJD7",0.890718189987642,3.16966257742373e-09,2.3688688891923e-10,262.265705499625,6.33529545550682
"ZNF556","ZNF556",2.01588641893333,3.18945959525715e-09,2.38459073957009e-10,21.9930118734095,6.33427551552015
"EDC3","EDC3",0.50882491811104,3.28069935359597e-09,2.45757047546299e-10,883.15212328876,6.32962543093115
"SLC30A2","SLC30A2",1.36278509613133,3.34229284297244e-09,2.50468093844223e-10,26.3294571477823,6.3266947736959
"MAP1LC3A","MAP1LC3A",1.17865276379774,3.37940477208414e-09,2.53347383430613e-10,890.926579523347,6.32493001271063
"KRT80","KRT80",5.59684186977189,3.39469342793538e-09,2.54592146826105e-10,642.102959058728,6.32417313504426
"NSUN7","NSUN7",1.66967953844895,3.44855255919624e-09,2.58931926499427e-10,20.8097715611288,6.32156231035372
"LINC00319","LINC00319",3.99599756940508,3.45950405791796e-09,2.59854696577665e-10,2.88586569675365,6.32101268166999
"EEF2K","EEF2K",0.928904760955304,3.49233184528018e-09,2.62726254190649e-10,2522.64151727451,6.31931441338789
"TPRG1","TPRG1",2.14844456908887,3.50213301328594e-09,2.63565314204249e-10,372.167764600074,6.31882160639
"SBDS","SBDS",0.914359585147498,3.51489011296203e-09,2.64627488462809e-10,4659.45308004672,6.31819995007619
"ERVE-1","ERVE-1",3.30954355233575,3.53732897484116e-09,2.66419601247913e-10,7.55228425371769,6.317156587904
"TMEM154","TMEM154",1.91506970999729,3.59767161221747e-09,2.71173400537479e-10,680.480313622344,6.31442179936903
"NT5DC1","NT5DC1",0.777668920546344,3.60300123537783e-09,2.71679772482888e-10,977.047086918529,6.31413325548172
"ACP6","ACP6",1.10421322249519,3.62328510422603e-09,2.73314494471796e-10,158.042099875704,6.31320532010729
"MRRF","MRRF",0.567866434516038,3.69077791145633e-09,2.78727273434021e-10,667.269465312284,6.31017103131127
"ESPN","ESPN",3.73286584592818,3.73675569799882e-09,2.8230805072891e-10,73.1781737555393,6.30819518886985
"PM20D2","PM20D2",1.26333846037376,3.76228843557568e-09,2.84455582601472e-10,462.866852615715,6.30702190645594
"KCTD15","KCTD15",1.48710943566997,3.78604204641245e-09,2.8636926104639e-10,1037.26630074173,6.30598365323309
"PRKACA","PRKACA",0.73072966117323,3.78604204641245e-09,2.86471463079599e-10,5184.31924812477,6.30592839497639
"PCYT2","PCYT2",0.850224173496068,3.86539804253487e-09,2.92925046269707e-10,799.165070527062,6.30247751504611
"GAREM1","GAREM1",1.41856218402923,3.89470830796005e-09,2.9525934366724e-10,416.074964132204,6.30124756965334
"GRHPR","GRHPR",0.732096714362594,3.90165589032235e-09,2.95899370559767e-10,2945.44732556524,6.30091199691228
"ALS2","ALS2",0.610446143949667,3.93344015937434e-09,2.98424122699133e-10,713.409637751874,6.29959511985857
"RBM38","RBM38",1.92547420836652,3.96197162217556e-09,3.00703841313603e-10,1745.24350736884,6.29841536247822
"HMGB1P5","HMGB1P5",1.63553506179092,4.05428420034499e-09,3.08063421287977e-10,176.372287653122,6.29466551011802
"ATP5F1C","ATP5F1C",0.851899457315841,4.14233110639816e-09,3.1535522917014e-10,4219.13616241462,6.29103548515339
"AC133552.5","AC133552.5",1.80543139697399,4.21155279505319e-09,3.20747398298753e-10,43.6367541333499,6.28840347546199
"SMARCD2","SMARCD2",0.523328871692987,4.23301269786391e-09,3.22504714374841e-10,3168.48077571024,6.28755502740925
"AC099066.2","AC099066.2",2.61511085813063,4.37027710849504e-09,3.33978130372094e-10,43.9579787708862,6.28212407241127
"HIST2H2BE","HIST2H2BE",2.02439164955675,4.41550356178263e-09,3.37562605280931e-10,390.547861860626,6.28046466167582
"ARHGEF19","ARHGEF19",1.44538456304527,4.42443052300405e-09,3.38373578687977e-10,255.713800717911,6.28009161360068
"GABRG3","GABRG3",2.29153130830454,4.44141448387427e-09,3.39930497415147e-10,7.47693156386737,6.27937787064769
"BRMS1L","BRMS1L",0.713299914479438,4.44141448387427e-09,3.39848819143924e-10,385.55120541508,6.27941523525981
"ASF1A","ASF1A",0.622490739389688,4.59496591814737e-09,3.52083190777064e-10,727.994739116682,6.27391392895927
"TARS2","TARS2",0.640099396740745,4.60320084108737e-09,3.52847886012245e-10,701.541814252688,6.27357630200864
"HMGB1P10","HMGB1P10",3.81570737525943,4.61057858433638e-09,3.53681249019181e-10,0.916154367915169,6.27320916950116
"SCT","SCT",3.93008432091089,4.62657040839664e-09,3.55042378848144e-10,16.9532973087274,6.27261134520989
"C10orf71","C10orf71",7.94780507395443,4.67789200144698e-09,3.5911666549972e-10,491.647588833293,6.27083515203777
"USP7","USP7",0.561262011112854,4.6883754644485e-09,3.60057648658122e-10,3863.57182596279,6.27042772583695
"SYT9","SYT9",3.31796468200263,4.72100843251008e-09,3.6270092087804e-10,2.8385581001211,6.2692887809107
"IDI2","IDI2",8.91370074202448,4.72180276418845e-09,3.62899097073389e-10,81.8978223671863,6.26920371670957
"CHRM4","CHRM4",2.9400329569927,4.74542434530678e-09,3.64990230811327e-10,9.64456177975376,6.26830888231646
"HADH","HADH",1.76113120423151,4.75834298250376e-09,3.66122068103069e-10,1684.67084039054,6.26782663390005
"GRAMD1C","GRAMD1C",1.55203342261908,4.7888313319992e-09,3.68607035837048e-10,98.207305214376,6.26677293502274
"TEAD1","TEAD1",1.52070151649832,4.87025787559913e-09,3.75157542874663e-10,1923.75230803943,6.26402821752305
"KLK14","KLK14",5.52439428414033,4.90373250720366e-09,3.77878539026702e-10,21.9942250899961,6.26290182667461
"SDHB","SDHB",1.03316523026843,4.93438414725767e-09,3.80813834067144e-10,2272.37068791207,6.26169556788689
"FGF7P6","FGF7P6",1.89290566285102,4.98352724965699e-09,3.85040736728465e-10,43.495234417225,6.25997437504348
"KIAA0232","KIAA0232",0.945771772197266,5.00859047931313e-09,3.87268149643649e-10,1702.41575793271,6.25907478040421
"ETFB","ETFB",0.956536734918436,5.14688004534827e-09,3.98259801347967e-10,2722.70788669449,6.25470821451395
"N4BP3","N4BP3",1.76850051834814,5.17273616874894e-09,4.00861510927796e-10,254.666721534855,6.25369188080087
"C17orf75","C17orf75",0.629637192183013,5.17273616874894e-09,4.00724100336442e-10,268.094212019714,6.25374539769497
"SERINC2","SERINC2",1.57810310495483,5.24017270369268e-09,4.06239716107696e-10,894.586072637615,6.25161119204697
"NEIL2","NEIL2",0.67625801585057,5.27493244384604e-09,4.09240866664133e-10,659.218884470889,6.25046178322932
"KCNJ13","KCNJ13",2.35900928756589,5.35516539338535e-09,4.16087702663698e-10,10.871049089537,6.247870019181
"NDUFAF1","NDUFAF1",0.693408624922643,5.38369336196196e-09,4.18617030613807e-10,621.037707487043,6.24692309891622
"ADAM11","ADAM11",1.94000823486871,5.44772220985384e-09,4.23912158713792e-10,10.3826585064352,6.24495868217135
"ZNF584","ZNF584",0.638948911353614,5.44890850852388e-09,4.24162739713141e-10,330.018824399104,6.24486631480133
"CDKN2AIPNL","CDKN2AIPNL",0.885534013305322,5.46235803890823e-09,4.25527020458693e-10,680.653418557684,6.24436435597217
"ACER1","ACER1",5.87826132261762,5.48177140403078e-09,4.27198578976838e-10,119.884028507211,6.24375147774212
"LAPTM4B","LAPTM4B",1.0774123813182,5.54667359520567e-09,4.32417565049727e-10,2706.35408658968,6.24185288585926
"C12orf73","C12orf73",0.879944608032575,5.59315047229213e-09,4.36365811797858e-10,169.185399368115,6.24043137330993
"EMC9","EMC9",1.16027701673602,5.62399355467128e-09,4.38935479301782e-10,324.266842476067,6.23951292814991
"RANGAP1","RANGAP1",0.834816847675569,5.7791933235319e-09,4.51551935642524e-10,2346.66623483624,6.23507838310945
"H19","H19",2.61013119563535,5.88109750141387e-09,4.59855770704256e-10,14337.5790740432,6.23222519373395
"XKRX","XKRX",5.20258459931613,5.88773743073053e-09,4.60716993098294e-10,43.7468285793495,6.23193216212818
"MRPL45","MRPL45",0.763199808880797,5.88773743073053e-09,4.60714736482726e-10,1169.05315145332,6.2319329292446
"SLC2A4RG","SLC2A4RG",1.11814793533686,5.8996030971718e-09,4.61816845209655e-10,3862.1248211606,6.23155871295958
"ANKRD1","ANKRD1",5.43980332434484,5.9140753197145e-09,4.63286301507242e-10,117.858693615653,6.2310611189486
"AC005165.1","AC005165.1",3.0475817267981,5.9140753197145e-09,4.6329328271378e-10,8.48692810309269,6.23105875861904
"ATG2A","ATG2A",0.866896054811198,5.93093740184297e-09,4.64958755883995e-10,1208.89277081175,6.23049665568819
"SMIM5","SMIM5",2.77206710805115,5.94377439390957e-09,4.66137761808872e-10,72.5485571079838,6.23009992384944
"AC005355.1","AC005355.1",4.73807801742034,6.02533267375364e-09,4.72883957374298e-10,1.29127849525175,6.22784851500922
"EIF3B","EIF3B",0.510619666367744,6.10266220358621e-09,4.79484758356591e-10,5157.12928739787,6.22567576756402
"UNC79","UNC79",0.965206821766955,6.13986872224152e-09,4.82586405320831e-10,23.8502418958826,6.22466487877435
"JPT2","JPT2",0.596210738593169,6.17877694662802e-09,4.85824015177241e-10,1664.80279258886,6.22361641863536
"FAN1","FAN1",0.978381646632023,6.26701066241358e-09,4.93125708274613e-10,487.628398821093,6.22127666962823
"AC013275.1","AC013275.1",4.3391361184077,6.31799448686508e-09,4.97504445622495e-10,5.78653102957238,6.21988971486462
"AACS","AACS",1.02417833068517,6.38728189779847e-09,5.03331468244663e-10,1193.04869119105,6.21806238102413
"CSE1L","CSE1L",0.649745659864921,6.49759421565089e-09,5.12213044651926e-10,2086.62365334639,6.2153164875483
"AC005920.3","AC005920.3",2.60862347794855,6.5121361360716e-09,5.13548553776995e-10,2.54472152862249,6.21490761559859
"LIPM","LIPM",5.36645843692594,6.53620559195182e-09,5.15636528051038e-10,55.3753231314184,6.21427044787449
"RTL10","RTL10",0.833038736217552,6.54180736099852e-09,5.16268461712356e-10,759.374031580949,6.21407810283453
"AC009126.1","AC009126.1",1.1057501737789,6.79581088336577e-09,5.36708777502949e-10,67.7389640377404,6.20797736803612
"PPIF","PPIF",1.43784577679604,6.80759521136616e-09,5.37837195739397e-10,1147.48631846407,6.20764721238914
"MTA3","MTA3",0.79221389652338,6.96426659770663e-09,5.50619660710975e-10,715.430870529872,6.20395377200808
"GUCY2C","GUCY2C",1.06160305655281,6.98845997292793e-09,5.52735462596804e-10,57.4590699519929,6.2033505025079
"PKDREJ","PKDREJ",1.58082744329459,6.99200080542073e-09,5.53218606772571e-10,14.3363785501028,6.2032130617421
"PSMD7","PSMD7",0.616318572996439,7.08014278599151e-09,5.6080949742648e-10,2961.47918785955,6.20106891072993
"ACAT2","ACAT2",0.966302432610092,7.09764619265275e-09,5.62608239216608e-10,564.36056792545,6.20056498282245
"AC108860.2","AC108860.2",2.56249710813465,7.17601658310118e-09,5.69445721651924e-10,3.69508789588897,6.19866366287926
"EDAR","EDAR",4.18936948225236,7.22792748739523e-09,5.74090747483997e-10,11.9991107999052,6.19738467162079
"LIPN","LIPN",2.95128614519641,7.22792748739523e-09,5.74404833435383e-10,77.2559928918846,6.19729855402835
"C1orf21","C1orf21",1.4615010643718,7.3512820248287e-09,5.84634895549581e-10,2905.34174047796,6.19451845864935
"TMEM68","TMEM68",0.513593880323206,7.40017912424384e-09,5.88738544826998e-10,351.530114959692,6.19341657945089
"IPP","IPP",0.833336979125378,7.43630680367886e-09,5.91828762695483e-10,251.141431830897,6.19259175412579
"DCXR","DCXR",1.26541547081541,7.55473474988392e-09,6.01912321916219e-10,1165.7135873544,6.18992923149358
"OSBPL1A","OSBPL1A",1.19472676039615,7.55477347375123e-09,6.02162574960239e-10,1983.74045661279,6.18986370809924
"ZNF865","ZNF865",0.902775234402033,7.60934262886316e-09,6.06926189696126e-10,1077.82262020916,6.1886214982922
"IGFL2","IGFL2",2.71203247123431,7.61717780161084e-09,6.07772377745584e-10,76.5044973340022,6.18840183291539
"AMN1","AMN1",0.797439493386419,7.68551904906153e-09,6.13895009437644e-10,195.920420891729,6.1868212685052
"MAPK13","MAPK13",2.16943715301946,7.75411389735826e-09,6.19824603390553e-10,1067.47719758354,6.1853051300138
"PLA2G4D","PLA2G4D",3.04285028661449,7.88093585029327e-09,6.30191018817746e-10,60.1955403653082,6.18268822159775
"AC005722.2","AC005722.2",2.54464564379372,8.00580540237896e-09,6.40873698412815e-10,5.77582864907056,6.18003505424965
"KCTD2","KCTD2",0.695421234057894,8.19843305149039e-09,6.57008155834262e-10,1679.36870987954,6.17610856975908
"LINC00515","LINC00515",1.95428733692221,8.20417344799615e-09,6.57706480668914e-10,7.7135343144277,6.17594075677549
"HIBADH","HIBADH",0.914365591794274,8.24602242176642e-09,6.6130091514166e-10,1605.29206570669,6.17507972648092
"MPP5","MPP5",0.618495642787327,8.3032142720896e-09,6.66611021495749e-10,925.900288150936,6.17381603368932
"DMAC2","DMAC2",0.552508665110691,8.44525994411545e-09,6.78260245889369e-10,1336.04551065875,6.17107782464152
"RN7SL398P","RN7SL398P",1.2779754159508,8.65191653103771e-09,6.95359969832152e-10,13.1776461686028,6.16714043636459
"AQP5","AQP5",6.09134410599971,8.67024532797206e-09,6.97108360752886e-10,162.299236355286,6.16674318783688
"RINT1","RINT1",0.53309898427928,8.67024532797206e-09,6.97336740825916e-10,516.259411857607,6.16669136982865
"SLC39A6","SLC39A6",0.982353299998155,8.68773225936023e-09,6.98995537307652e-10,2529.25681462773,6.16631549537143
"AC023509.4","AC023509.4",1.4662769665183,8.82147983876512e-09,7.10269028495902e-10,20.497228061007,6.16378380230312
"MID1IP1","MID1IP1",0.774962193162964,8.84227980643487e-09,7.12200589730565e-10,2760.35548174744,6.16335396798975
"FBRSL1","FBRSL1",0.731103606074512,8.87473738303462e-09,7.15072658897933e-10,1298.57798151606,6.16271693852967
"RNF187","RNF187",0.561395522645847,8.88087059710448e-09,7.15824791070203e-10,4434.59998059933,6.16255052683538
"VAPB","VAPB",0.754957882032605,9.2131406930716e-09,7.43141968881719e-10,2138.98507609475,6.15661930482384
"PLA2G4E","PLA2G4E",5.44849111195292,9.21998133124823e-09,7.43961546944568e-10,81.6586735378838,6.1564446593348
"RPUSD3","RPUSD3",0.770423611921238,9.75201533112389e-09,7.89440767045494e-10,564.437338976685,6.14703628142702
"ZNF252P","ZNF252P",0.61537308324384,9.77980816883053e-09,7.91974705899254e-10,523.156295298639,6.14652775360136
"SPTY2D1OS","SPTY2D1OS",1.57295300984954,1.0012184352184e-08,8.1137429832094e-10,22.4306685991705,6.142686292816
"AC068305.2","AC068305.2",3.38777410957884,1.0014514354911e-08,8.11854001526569e-10,1.54253014347778,6.14259244239082
"AC093512.2","AC093512.2",1.47576410169475,1.00190266577133e-08,8.12510817600079e-10,1000.19839997531,6.14246402881923
"MSH5-SAPCD1","MSH5-SAPCD1",2.789024300543,1.04949591634538e-08,8.52936439506903e-10,29.9909438522566,6.13474920284458
"HSPA1L","HSPA1L",0.76120784288525,1.05214782890246e-08,8.5539728508713e-10,90.9553662745145,6.13429116379714
"TMEM203","TMEM203",0.561154114814793,1.06177349223952e-08,8.63531363503738e-10,1580.26121165268,6.13278625385933
"USP47","USP47",0.729222769609306,1.07115303681788e-08,8.71781924353343e-10,2506.27985757229,6.1312738512929
"GNAI1","GNAI1",1.95701316863337,1.07582442008934e-08,8.76121829968206e-10,954.26812388544,6.13048390074988
"FNTB","FNTB",0.618775105719666,1.10537842884561e-08,9.01884514531001e-10,689.12148913863,6.12587171512846
"ARID1B","ARID1B",0.620948743748754,1.1378714573519e-08,9.29717790615461e-10,2803.2491650002,6.12103105738261
"LRRFIP2","LRRFIP2",0.63362386817652,1.19541528563918e-08,9.78471091823863e-10,2175.51162005668,6.1128830016325
"CCL28","CCL28",1.20670402399311,1.21105577916254e-08,9.91976675159276e-10,134.328110919014,6.11069583616059
"RND2","RND2",1.77299541225246,1.23321163805141e-08,1.01119915598325e-09,115.525625235384,6.10763240704159
"APOPT1","APOPT1",1.09585811022879,1.24005012262321e-08,1.01716670915765e-09,910.58418971109,6.10669291969731
"OGDH","OGDH",1.02742871932177,1.24644867270972e-08,1.02313929042572e-09,7746.98133794624,6.10575800678381
"FOXE1","FOXE1",4.11056466555945,1.25406343301514e-08,1.03011833059336e-09,2.86010108178221,6.10467226756234
"AC127029.2","AC127029.2",7.04273438353608,1.26923291801338e-08,1.04368490498892e-09,3.60955444497579,6.1025820665995
"FBXW5","FBXW5",0.712546147118864,1.30066036786283e-08,1.07103873094317e-09,5693.6282053529,6.0984470348219
"DDAH1","DDAH1",1.15944945694043,1.32290616986156e-08,1.09050996574507e-09,676.622128905377,6.09556586880583
"PMPCB","PMPCB",0.516704959509391,1.34554927618811e-08,1.1099569955775e-09,1849.85242701504,6.0927379204629
"PDCD4","PDCD4",0.803449423566703,1.3512580390546e-08,1.11505869901072e-09,4365.80853380929,6.09200403970946
"SPINT2","SPINT2",1.7910326861517,1.35400743935554e-08,1.11781132956508e-09,2473.27182964426,6.0916094319595
"CBR4","CBR4",0.528485400154797,1.35400743935554e-08,1.11811407868241e-09,640.90138547086,6.09156608872168
"AL592437.1","AL592437.1",3.98600863126217,1.3679633623205e-08,1.13043330016319e-09,0.794538116726107,6.08981203717138
"SERAC1","SERAC1",0.576915198613944,1.36962562168133e-08,1.13220475174424e-09,341.186876008485,6.08956134594361
"AC082651.3","AC082651.3",2.59613299220546,1.4037031388034e-08,1.16282135234904e-09,18.1572800915189,6.08528794555656
"AC008474.1","AC008474.1",4.82602657324296,1.41103436793747e-08,1.16936296165863e-09,0.977352746261561,6.08438911659378
"USP15","USP15",0.604533702246231,1.41103436793747e-08,1.16971421113441e-09,2074.92315883499,6.08434099306119
"NDUFS8","NDUFS8",1.09242770400791,1.418338359482e-08,1.17700496486583e-09,1872.42217394955,6.0833452792354
"GJA1","GJA1",1.64510926657451,1.41961325467301e-08,1.17847527647713e-09,9259.21720249792,6.08314520440882
"B3GNT4","B3GNT4",1.87165057860096,1.43584142106068e-08,1.19236395457548e-09,13.2536744327203,6.08126719883488
"LIVAR","LIVAR",3.33528788396199,1.45444310640986e-08,1.20865624707755e-09,1.17692090860893,6.07909117337292
"GRHL2","GRHL2",5.17028272682255,1.46833764942359e-08,1.22105573669680e-09,65.1786473719072,6.07745415568036
"TIMM29","TIMM29",0.515010563988925,1.47350291648435e-08,1.2257791195571e-09,440.995763426948,6.07683481962061
"TAF6L","TAF6L",0.537048882580352,1.47368626275478e-08,1.22635969059848e-09,473.992157561936,6.07675885501005
"UQCRFS1P1","UQCRFS1P1",1.60012053736865,1.47445929654348e-08,1.22743126057094e-09,211.374352734819,6.07661873784488
"STXBP5","STXBP5",0.85257463201594,1.4760097584988e-08,1.22915068479611e-09,959.022043551995,6.07639415705593
"ZFAND5","ZFAND5",0.526631937547083,1.5008716559787e-08,1.25029043492126e-09,5428.12943937924,6.07365776662156
"EYA4","EYA4",2.96434641207265,1.51444302379044e-08,1.26247574017618e-09,115.270094661301,6.07210088589367
"USH1G","USH1G",5.25104806513377,1.53845021713228e-08,1.28293556796409e-09,24.546132804868,6.06951944703045
"CALCOCO1","CALCOCO1",0.9855926588381,1.54749938312146e-08,1.29093128509493e-09,2978.15387329121,6.06852151004655
"PWAR5","PWAR5",1.83452309383956,1.57114956561611e-08,1.31157309503331e-09,59.3915689084246,6.06597282250027
"GPR61","GPR61",2.37804980634009,1.57565134941526e-08,1.31624645083022e-09,2.61768413511293,6.06540122376217
"FAAH2","FAAH2",2.69559085386239,1.62547952359208e-08,1.36117621311606e-09,49.2043879679535,6.06000464072849
"AC110285.1","AC110285.1",1.78540098091738,1.64606152281711e-08,1.37936780914586e-09,6.25532390956051,6.05786885263441
"CRYAB","CRYAB",2.93811046939842,1.65210436690252e-08,1.38491146824697e-09,5853.34411104286,6.05722345433397
"FKBPL","FKBPL",0.770611731273313,1.66191446862506e-08,1.39410043725723e-09,231.929899752594,6.05615919141363
"MRPS28","MRPS28",0.900285721531683,1.66299610230255e-08,1.39549080386664e-09,849.968863400881,6.05599875551409
"P2RY4","P2RY4",3.39740617945165,1.66446837620437e-08,1.3972097151245e-09,1.74699360429186,6.05580062373456
"ASB15","ASB15",7.97412823545823,1.67136970762451e-08,1.40445932501386e-09,47.0469036821064,6.05496759695968
"LINC02568","LINC02568",2.54929732109385,1.67696271357987e-08,1.41062043061674e-09,3.85302858861655,6.05426293421888
"OPA1","OPA1",0.623210339056476,1.68206211635366e-08,1.41588707249707e-09,2139.58651011143,6.05366294790131
"PCYT1A","PCYT1A",0.641424754046787,1.70236408268093e-08,1.43445980128308e-09,3190.54059476725,6.05156432951529
"AL021068.1","AL021068.1",1.72045388726545,1.7184748998213e-08,1.45003182990033e-09,8.22927799774677,6.04982508554903
"INKA1","INKA1",1.11992780291775,1.72506878554733e-08,1.45609674997112e-09,282.75251516243,6.04915261443289
"AKT2","AKT2",0.782709026176527,1.74069324417745e-08,1.47029625713606e-09,5330.17569821845,6.04758880736635
"COPS5","COPS5",0.670077610816918,1.74829903093368e-08,1.47773619728623e-09,1498.73602039415,6.04677530565473
"BAG1","BAG1",0.957374657707531,1.74877094571081e-08,1.47864302979092e-09,3674.82881391915,6.04667642336946
"KRT15","KRT15",5.9337934707051,1.75238394204336e-08,1.48220693599113e-09,530.748520622003,6.04628838179502
"CACNG1","CACNG1",8.31181174782819,1.77196087882089e-08,1.49979493461255e-09,156.550968810569,6.04438660304862
"EXOC4","EXOC4",0.538647656122758,1.77286348788624e-08,1.50107385476601e-09,2703.48915339485,6.04424916322229
"ANKFN1","ANKFN1",4.06183013813688,1.78025218294534e-08,1.50784691688992e-09,10.9718397824387,6.04352318983004
"SBF1","SBF1",0.81657856608647,1.78164948093071e-08,1.5095479074808e-09,3594.07924323125,6.04334136779451
"C1orf210","C1orf210",5.43257665627154,1.78791524193513e-08,1.51537605320283e-09,17.731951884993,6.04271989711846
"LIAS","LIAS",0.905551802523399,1.80232048859936e-08,1.52810895382292e-09,287.704246314153,6.04137021876754
"MPST","MPST",1.10072840122641,1.81636818287021e-08,1.54107455041358e-09,1665.72483214996,6.040007090965
"ST13","ST13",0.63907083878811,1.83217637296581e-08,1.5555511613161e-09,9971.17067725677,6.03849824837422
"NIPSNAP3B","NIPSNAP3B",2.22707127312112,1.83530034245792e-08,1.55926963567138e-09,137.550309041113,6.03811289486144
"AC004816.1","AC004816.1",4.51819000413844,1.83530193719778e-08,1.55980407466037e-09,7.48007200540124,6.03805758342099
"NDUFA8","NDUFA8",0.907247345272676,1.83990777690874e-08,1.56425295196116e-09,1448.0349907628,6.03759786504834
"INA","INA",3.89881880176585,1.84963477754851e-08,1.57359714866956e-09,8.41530763597543,6.03663643036112
"PPID","PPID",0.656420930370269,1.86988801008806e-08,1.59137093922331e-09,949.726368906969,6.03482292441013
"S100A14","S100A14",5.62153776078184,1.88825556520134e-08,1.60783595744063e-09,674.853480185978,6.03316048275233
"UBR4","UBR4",0.836964477515426,1.88825556520134e-08,1.60809960415079e-09,3554.17140471546,6.03313399802301
"ATAD1","ATAD1",0.641077902842049,1.89951818303539e-08,1.6182429507502e-09,1587.1825942074,6.03211824428483
"P2RX6P","P2RX6P",3.75001252957193,1.91527025016468e-08,1.63277512031874e-09,1.46240033839169,6.03067375463734
"ANKRD33B","ANKRD33B",1.99552504276039,1.91925974199416e-08,1.63673364775614e-09,319.935224753083,6.03028245025134
"CTXND1","CTXND1",2.51342136568836,1.92627250271294e-08,1.64327359720806e-09,18.8524787282882,6.02963798575452
"ANKRD18B","ANKRD18B",3.11263955567276,1.98682034904564e-08,1.6995427930578e-09,12.9289893899447,6.02419412926928
"PLEKHH3","PLEKHH3",1.04915683303641,2.01526889826979e-08,1.72563399329015e-09,781.018463195169,6.02172923625882
"CAPN9","CAPN9",2.94642718575023,2.04022503925246e-08,1.7487812509684e-09,3.82105582215756,6.01957267709675
"CLIP4","CLIP4",1.01181405353266,2.04226672689114e-08,1.75112448523952e-09,1507.59231216889,6.01935591767529
"SPAG7","SPAG7",0.88215856728428,2.05607473710855e-08,1.76356125789518e-09,1728.0871787674,6.01821017175981
"AGR2","AGR2",4.89435858578666,2.09088798213096e-08,1.79524366073519e-09,4.0040450538934,6.01532661167569
"OXCT1","OXCT1",1.21134446643496,2.13364875054209e-08,1.83505691598557e-09,1137.25963641698,6.0117725320319
"AC126773.2","AC126773.2",2.43238017802009,2.13790610928328e-08,1.83933946081593e-09,10.7906616720277,6.01139471998129
"SPACA9","SPACA9",0.936682033898639,2.16147157175781e-08,1.86086956508951e-09,186.688457334045,6.00950819627482
"CLCN3","CLCN3",0.822891845766869,2.19767382325581e-08,1.89267540547039e-09,2337.58912089013,6.00675984387759
"PROSER2-AS1","PROSER2-AS1",1.57611481370019,2.20545249745349e-08,1.90065573368901e-09,10.897875419729,6.00607732392777
"PANK4","PANK4",0.662476609929289,2.25409435538566e-08,1.94453939685587e-09,747.95525674657,6.00237334170895
"C4orf54","C4orf54",7.6661270680584,2.27891397305147e-08,1.96859827926545e-09,89.9079264731746,6.00037708022727
"RSPO1","RSPO1",3.5920171774329,2.28345228109835e-08,1.9731818683245e-09,36.0897598926962,5.99999945865987
"C11orf52","C11orf52",2.06881354822664,2.29893834620257e-08,1.98789922639859e-09,52.6067642143652,5.9987927123876
"ORAI1","ORAI1",0.768866635229777,2.323335567335e-08,2.01034525824647e-09,1675.08960194813,5.99696891348463
"USP6","USP6",1.14237893760681,2.33241365688128e-08,2.01955533611105e-09,53.8315952007489,5.99622630442774
"STAG3L4","STAG3L4",1.15914654296184,2.33776824045152e-08,2.02487071367098e-09,211.781451377577,5.99579922538264
"AC022706.1","AC022706.1",1.6780866050801,2.34753563605447e-08,2.03401266479334e-09,41.6948518416668,5.99506723771604
"ZNRF1","ZNRF1",0.657999800878474,2.45666147054109e-08,2.13284568823263e-09,1144.08933192351,5.98735222756671
"THOP1","THOP1",0.634150440283741,2.45757056561308e-08,2.134348783311e-09,1029.49589654515,5.98723760355067
"RN7SL785P","RN7SL785P",0.928971450606729,2.46026149715889e-08,2.13772301469234e-09,27.7433506239783,5.98698057533108
"PLS1","PLS1",1.7861911937746,2.46299002946948e-08,2.14120168415306e-09,61.8216746239175,5.98671600508416
"UCHL3","UCHL3",1.06373192181858,2.50663125560709e-08,2.18205352418219e-09,636.323883772131,5.98363997010725
"LYPD6B","LYPD6B",5.21924047052553,2.51017228979499e-08,2.18586514604548e-09,62.8601920719921,5.98335583239321
"DIRC2","DIRC2",0.858888762712562,2.52201397114626e-08,2.19690946307298e-09,758.451303176362,5.98253524986197
"PRMT7","PRMT7",0.638902274002508,2.54148310177843e-08,2.21534529697835e-09,749.691574575947,5.98117439557143
"C12orf66","C12orf66",0.530152347993701,2.54480887702706e-08,2.21898345789336e-09,240.679435366719,5.98090714589141
"IGSF3","IGSF3",2.21120493673053,2.57358113890536e-08,2.24706195641615e-09,608.423332730613,5.97885881802688
"SLC35G1","SLC35G1",0.727219284426561,2.57363292102137e-08,2.24785470939679e-09,206.410580370888,5.9788013492512
"JMY","JMY",0.96353698241402,2.59037055129212e-08,2.26322604225824e-09,784.479982277876,5.97769092578522
"CD207","CD207",5.31511272289295,2.60742061663447e-08,2.27888016598499e-09,57.5073871128549,5.97656759838172
"EFCAB1","EFCAB1",1.7785055754004,2.62288334773442e-08,2.29391825259334e-09,20.900129168282,5.97549553350284
"FAHD1","FAHD1",0.671551690443619,2.62416367229207e-08,2.29580021521544e-09,901.53418210401,5.97536185068324
"AMN","AMN",2.4631948804991,2.6423953265438e-08,2.31251804312666e-09,14.1727025064843,5.97417898509905
"E2F8","E2F8",2.42296221569867,2.675918124841e-08,2.34496484914758e-09,57.5752755816273,5.97190680271374
"SLC24A3","SLC24A3",1.69610342950888,2.67796024589183e-08,2.34831009130575e-09,794.87910038875,5.97167428626838
"MMP7","MMP7",3.34722998706909,2.68361735564678e-08,2.35405031197086e-09,102.128078067713,5.97127605374207
"ACAP3","ACAP3",0.880018933136544,2.76911442827024e-08,2.43065638498683e-09,1253.31011458895,5.96605012769322
"NECTIN4","NECTIN4",2.93964153588986,2.79192205835212e-08,2.45148727268458e-09,447.872375710724,5.9646568199069
"CEP170B","CEP170B",1.23150346701128,2.81379137511015e-08,2.47150723781024e-09,1451.55921529134,5.96332857632012
"C7orf55-LUC7L2","C7orf55-LUC7L2",0.786615020202889,2.82628514723059e-08,2.48330212918919e-09,581.447410919847,5.96255093011004
"HOXA9","HOXA9",1.13075755562586,2.88094613901509e-08,2.53467696499265e-09,294.978383246382,5.95920517813443
"OTOP2","OTOP2",4.24763500011181,2.9061173940127e-08,2.55766692920253e-09,4.81819633020498,5.95772931039204
"TESK1","TESK1",0.6809524876154,2.91999003646449e-08,2.57157249638676e-09,1365.33177566463,5.95684288428797
"RELCH","RELCH",0.705942188798978,2.95358970912392e-08,2.60373671639105e-09,796.117522424263,5.95481029716633
"MRPS18B","MRPS18B",0.702623187983093,2.99857967826175e-08,2.64513956165939e-09,2002.09099608356,5.9522295849688
"AC053503.2","AC053503.2",2.3868918967713,3.04670924731492e-08,2.69113594199043e-09,1.93363459229218,5.94940827927702
"BAIAP2","BAIAP2",1.08630103834016,3.09008982846743e-08,2.73214634537437e-09,1439.03561626272,5.94693212445205
"MAF1","MAF1",0.734316351812643,3.09388217817726e-08,2.73729671044729e-09,5359.79435069609,5.94662371383467
"RHCG","RHCG",5.47058192510929,3.22653128807603e-08,2.86028043778554e-09,19.2375321588978,5.9394223897823
"PRB2","PRB2",4.39845764136934,3.28105713011384e-08,2.9124290082572e-09,2.313158918439,5.93645945296019
"MUSTN1","MUSTN1",3.77635687005724,3.28105713011384e-08,2.91168114285666e-09,776.113452449069,5.9365015782802
"PIP4K2B","PIP4K2B",0.903730155316682,3.2810923453968e-08,2.91341329728071e-09,3038.13086604425,5.93640402656162
"DHRS7B","DHRS7B",0.56008391410677,3.29452322254125e-08,2.92629604232925e-09,958.146623301046,5.93568026135633
"AARSD1","AARSD1",0.587654120611022,3.32031676171289e-08,2.95209992087928e-09,685.232648895604,5.93423985851462
"BTRC","BTRC",0.599735143716089,3.32135721794363e-08,2.95398971806187e-09,606.533514321009,5.93413485014374
"SIRT4","SIRT4",1.35692217419173,3.33817327642501e-08,2.9708850118991e-09,31.2751760114681,5.9331989431757
"CTDNEP1","CTDNEP1",0.659955515596807,3.36550032882593e-08,2.99716045317192e-09,5699.17845889776,5.93175367509129
"UACA","UACA",1.10996213654519,3.38399955383227e-08,3.01658377794564e-09,3231.50849382988,5.93069321343425
"USP5","USP5",0.73390425747722,3.39510400684522e-08,3.02746871761788e-09,2952.5331943713,5.93010182808964
"PARD6B","PARD6B",1.28296907876417,3.39922985975623e-08,3.03213515142076e-09,66.0732970110174,5.92984893170776
"LCMT1","LCMT1",0.74354829010829,3.43113581525478e-08,3.06358530733508e-09,904.269359982782,5.92815431683705
"ATG9B","ATG9B",1.70742380748588,3.48601234921238e-08,3.11764610875593e-09,42.9491031430829,5.9252805806313
"FIGNL1","FIGNL1",0.779903778318002,3.50032167244649e-08,3.13247678424760e-09,231.495683445564,5.92450069897823
"HMGN3-AS1","HMGN3-AS1",0.977671563570229,3.57562394502371e-08,3.20194278567099e-09,80.5220688616831,5.92089498656918
"MCMDC2","MCMDC2",0.912145829213117,3.5880538242977e-08,3.21411583424367e-09,31.5612839589947,5.92027098301964
"TPD52L1","TPD52L1",1.86947096718309,3.60576654820924e-08,3.23102991786496e-09,926.896810633151,5.91940775795612
"RTN4","RTN4",0.772794423854319,3.6193632948168e-08,3.2442648796923e-09,18938.8161253201,5.91873536281626
"CDHR1","CDHR1",5.13040643379785,3.63036442303426e-08,3.25518036885871e-09,261.955063557025,5.91818281379443
"CAPNS2","CAPNS2",5.53110619086656,3.72572377493057e-08,3.34501341591448e-09,106.299366272465,5.9137027402226
"EXOC6","EXOC6",0.784004885954515,3.75952729772051e-08,3.37754674446658e-09,528.258443639396,5.91210910897445
"ADRB2","ADRB2",0.918001984447118,3.78952928026304e-08,3.40560113661376e-09,331.783875377768,5.9107468308157
"AC025165.5","AC025165.5",1.17727581777394,3.83074686941869e-08,3.44486821997219e-09,20.5976105049519,5.90885831677278
"AL035661.1","AL035661.1",3.79083879956722,3.83625789063366e-08,3.452052673749e-09,18.9813548966149,5.90851505638672
"OXSM","OXSM",0.678079455701894,3.83625789063366e-08,3.45177540394641e-09,231.165668976183,5.90852829093558
"CHADL","CHADL",1.55569238781853,3.83837686325544e-08,3.45646693539512e-09,73.4414189943007,5.90830449560618
"TMEM177","TMEM177",0.773975260330602,3.83837686325544e-08,3.45730412831274e-09,157.701375869571,5.90826459094389
"BNIP3","BNIP3",1.19201255888042,3.86150183802909e-08,3.48037649686426e-09,1379.77624476476,5.90716853629245
"TNNI3","TNNI3",5.87673916401455,3.92158508768465e-08,3.53908587993384e-09,6.28272704924657,5.90441112826943
"NAPA","NAPA",0.569049345551631,3.99268014613582e-08,3.60671472647169e-09,4738.14406046487,5.90128946115415
"AC020909.2","AC020909.2",3.29171097342726,4.00628949782676e-08,3.62018317292293e-09,22.3699482724311,5.9006745828777
"CDCA7L","CDCA7L",1.18047831707574,4.02434054360195e-08,3.63883237836438e-09,504.271103413936,5.89982685253797
"AL160191.3","AL160191.3",3.82874655765292,4.13682011070674e-08,3.74217644159967e-09,1.58680731266988,5.8952044950903
"C18orf25","C18orf25",0.610551624510001,4.1759473162313e-08,3.78319381878861e-09,683.186767030675,5.89340423930724
"DHTKD1","DHTKD1",0.756526639334917,4.19012862896803e-08,3.79725842987692e-09,682.779949887989,5.89279131419625
"FAM222B","FAM222B",0.630352091052727,4.20558513146372e-08,3.81248727643148e-09,553.613731825314,5.89213013935328
"UBE2M","UBE2M",0.577368218670402,4.21584750717573e-08,3.82301496380929e-09,2293.13814480157,5.89167457095593
"AMMECR1","AMMECR1",0.850577174269206,4.22523555093054e-08,3.83275549714072e-09,404.535125361067,5.89125415164205
"IGFL3","IGFL3",4.93781596130114,4.27800048781763e-08,3.881861718352e-09,13.4578892828711,5.88915034937788
"CDK5RAP2","CDK5RAP2",0.646358382293141,4.34070135938942e-08,3.94127816005906e-09,1488.83914576367,5.88663920118304
"APOL5","APOL5",2.71060503374068,4.37682181201136e-08,3.9753461735098e-09,4.70458125779659,5.88521593654877
"ZBED1","ZBED1",0.605859235369661,4.38509752595052e-08,3.98413647646486e-09,2836.43604266178,5.88485062952687
"WNT7B","WNT7B",5.08176704366346,4.43147848225135e-08,4.02869254614711e-09,94.1678534330244,5.88301095265937
"PLEKHB1","PLEKHB1",1.28794879233337,4.43147848225135e-08,4.02885083346309e-09,128.354126603361,5.88300445249693
"PAWR","PAWR",1.90531822678869,4.46711769529264e-08,4.06254952479414e-09,499.598887021226,5.8816262243396
"TP73","TP73",2.55646300306919,4.58258765764901e-08,4.1728861120976e-09,64.9347412935199,5.87719021980148
"AMHR2","AMHR2",2.83189538759195,4.61146228368096e-08,4.20051868293932e-09,6.79809561972718,5.87609715059237
"TOB2","TOB2",0.961477332022574,4.62828455260332e-08,4.2171861977218e-09,2552.92824273926,5.87544120783844
"FBXW7","FBXW7",0.977585726360625,4.71895809148352e-08,4.30254718518844e-09,982.383109791558,5.87212092059787
"FALEC","FALEC",1.87677249666278,4.78246897930054e-08,4.36323198094081e-09,5.05000004197671,5.86979922617116
"LRBA","LRBA",0.892609385087476,4.87016374448578e-08,4.44606850497235e-09,1655.63308848853,5.86668026529029
"DLST","DLST",0.532307024019984,4.89422575429159e-08,4.4722999369703e-09,3412.99897842377,5.86570438098362
"GAS2L2","GAS2L2",5.39767083105068,4.90909628685482e-08,4.48874030179476e-09,12.3141578248533,5.86509558795929
"PLA2G4F","PLA2G4F",5.63443277497434,4.94966352272866e-08,4.5272715327851e-09,187.975309440878,5.86367722157471
"DCD","DCD",6.31410928693456,4.98479995057657e-08,4.56230528763412e-09,1507.48678112073,5.86239775971357
"CA13","CA13",1.04149971047337,5.00124225615918e-08,4.580259333586e-09,117.930637945958,5.86174576375439
"PLA2G4C","PLA2G4C",1.28136880270292,5.01414511956904e-08,4.59498891955394e-09,521.688614783461,5.86121271762545
"WNT7A","WNT7A",2.88653261210528,5.07725780858229e-08,4.65577521252884e-09,6.91113054673124,5.8590303823974
"SMPX","SMPX",8.18929892208294,5.0797603246195e-08,4.65954545868142e-09,372.801033504319,5.85889593867111
"C17orf80","C17orf80",0.571211401914128,5.08386553965431e-08,4.66478774246775e-09,541.546542119598,5.85870917916997
"VGF","VGF",3.88448994177602,5.1741258904168e-08,4.75061343662354e-09,2.87948889333433,5.85568028895211
"AC010680.1","AC010680.1",3.13283989318865,5.20170440500043e-08,4.7804672758863e-09,5.34661050001436,5.85463918127087
"DLX1","DLX1",3.32582734877571,5.26836208519609e-08,4.84478748743198e-09,6.26479718759227,5.8524174440061
"AP000785.2","AP000785.2",1.83067064638751,5.32675246564591e-08,4.90157773067452e-09,15.6334873270348,5.85047953499177
"CDH12","CDH12",2.55309019513012,5.38786830417584e-08,4.96619838194438e-09,9.47401941722765,5.84830081900486
"TKFC","TKFC",0.514085971897345,5.38786830417584e-08,4.96720518108926e-09,848.286914100939,5.84826709298834
"PABPC4","PABPC4",0.848222106521275,5.39811176601337e-08,4.97978475916651e-09,7408.52351467874,5.84784625888437
"MICALL1","MICALL1",1.12976148926488,5.45347756993445e-08,5.03402803452181e-09,1194.54556839409,5.84604338512441
"SPINK5","SPINK5",5.08946772204812,5.47605338742224e-08,5.05963919640704e-09,873.689558993187,5.84519871108969
"LINC01903","LINC01903",2.68690178346567,5.47605338742224e-08,5.05953636811675e-09,3.16136525088139,5.84520209411341
"NLRP10","NLRP10",5.50688268071548,5.53079681954418e-08,5.11343275142591e-09,36.0210685959639,5.84343802511459
"ITGB6","ITGB6",8.20345316749648,5.53384498465457e-08,5.11946563149901e-09,63.7670248057369,5.84324169144417
"AC097639.1","AC097639.1",1.76879425186439,5.53384498465457e-08,5.11849226362986e-09,31.0313255530337,5.84327335343199
"AC005523.1","AC005523.1",2.65812134238239,5.54030476678096e-08,5.1325049362436e-09,2.95869046223455,5.84281810907454
"KIF13A","KIF13A",1.00413453905374,5.54030476678096e-08,5.13050034185478e-09,2865.69517498061,5.84288316025155
"HORMAD1","HORMAD1",2.59909546203335,5.58517756202766e-08,5.17831032240975e-09,9.90677392218069,5.84133837370345
"ZXDC","ZXDC",0.674397309575154,5.63123605784408e-08,5.22527412915799e-09,634.132623366945,5.83983437969382
"C10orf71-AS1","C10orf71-AS1",8.44265064123816,5.63738731664864e-08,5.23326648774516e-09,15.1202938573922,5.83957973839551
"BICDL1","BICDL1",2.62799680653565,5.65254899572065e-08,5.24898313562185e-09,195.721400192731,5.83908009835354
"MAP2K2","MAP2K2",0.762992959016822,5.68306794909857e-08,5.27897388788696e-09,4681.94028706308,5.8381307031622
"ERCC6","ERCC6",0.7387096812707,5.7235616151627e-08,5.32157567390955e-09,450.639426512868,5.83679107239596
"OIP5","OIP5",1.64271357642407,5.73858796850519e-08,5.33721351084978e-09,48.3243858008682,5.83630195062537
"CD24","CD24",2.95570648315077,5.76808142763807e-08,5.36631951107376e-09,653.087220938543,5.83539527158821
"PLN","PLN",3.13045305125829,5.81225542220294e-08,5.4124813766651e-09,1289.32662294653,5.83396705164593
"PCF11","PCF11",0.651697621309326,5.85487989633714e-08,5.45387470301882e-09,1512.96353423601,5.83269640937017
"LGALSL-DT","LGALSL-DT",2.27899903601365,5.91037174288258e-08,5.50899933859364e-09,3.77701352090468,5.83101874967901
"APEH","APEH",0.655426682440885,5.9974636191475e-08,5.59540291178743e-09,2553.40879801643,5.82842173050372
"AC083798.2","AC083798.2",0.804611711093608,6.19626792170161e-08,5.79707766231001e-09,209.330719229113,5.82250871279137
"AL139300.1","AL139300.1",1.03161791314827,6.44897523612865e-08,6.03725083828356e-09,370.081680038846,5.81572261387871
"CAMK2D","CAMK2D",0.71395538008457,6.55322048202767e-08,6.14055108487896e-09,1816.7183005215,5.81288428186956
"SERPINB2","SERPINB2",5.53178956700504,6.61106929867911e-08,6.19667730534376e-09,141.273732575896,5.81136154116065
"NDUFA4","NDUFA4",1.2821909068193,6.83506523478007e-08,6.41258879642721e-09,4965.47982663411,5.80562618594736
"MYH8","MYH8",7.82855534078103,6.93698796815523e-08,6.51425644854358e-09,18.2851567592589,5.80299029221978
"DCAF4","DCAF4",0.576100816658165,7.00157626783464e-08,6.57897618985856e-09,362.725106127567,5.80133309424224
"SAA1","SAA1",4.37499888455491,7.00501279203815e-08,6.58423997764478e-09,383.52604889684,5.80119900902463
"HIGD1A","HIGD1A",0.786534813271461,7.13781855363168e-08,6.71321496359341e-09,3920.53806033761,5.7979457750595
"ETFRF1","ETFRF1",0.927558459569924,7.15081930619315e-08,6.73167345514465e-09,771.597876447364,5.79748516245795
"ARPC5L","ARPC5L",0.889845472361179,7.15081930619315e-08,6.73013597736916e-09,1299.22604099105,5.79752348170257
"NHLRC1","NHLRC1",0.693452034342892,7.17712441938667e-08,6.75852136855222e-09,171.948279711718,5.79681738848716
"MRPS22","MRPS22",0.586227827045467,7.27748829433376e-08,6.8551453870467e-09,1126.2566316745,5.79443527657426
"HHATL","HHATL",7.77094287121111,7.29320968635668e-08,6.87207279613718e-09,145.139732965515,5.79402132230667
"ZBTB47","ZBTB47",1.28033783827854,7.42036927334537e-08,7.00051103747699e-09,2125.55080283172,5.7909123364965
"MPC1","MPC1",0.965263883457805,7.53623945936238e-08,7.12077000154113e-09,1652.27341574288,5.78805122120853
"MTSS1L","MTSS1L",1.28365070679861,7.57136005610638e-08,7.15615360246607e-09,1365.4910228405,5.78721834376458
"SOX21-AS1","SOX21-AS1",5.04459932957429,7.68107888309614e-08,7.2687138836389e-09,30.8012320684568,5.78459522553038
"DST","DST",1.09589830201999,7.68107888309614e-08,7.26877977260579e-09,6618.42464380621,5.78459370164526
"POLR3G","POLR3G",0.942367466914814,7.69197939353785e-08,7.28132939570694e-09,80.3152293863794,5.78430369765172
"MYH4","MYH4",5.85835963986381,7.72323168299237e-08,7.31315652566374e-09,1.45714747950885,5.78357039170449
"AC012317.2","AC012317.2",2.58371753442225,7.73706865799595e-08,7.32850612690972e-09,2.49549864752087,5.78321784120393
"MOB4","MOB4",0.610290750881655,7.7815947974446e-08,7.37294127723489e-09,1679.06831228985,5.78220128575962
"CLASP1","CLASP1",0.743309483959024,7.8338681989126e-08,7.42702039074321e-09,1569.57275334617,5.78097210993186
"PPP1R9A","PPP1R9A",2.29477165476929,8.2513822026078e-08,7.84681809322003e-09,58.6829758630205,5.77171623103682
"ZNF750","ZNF750",5.43257175508491,8.34101117017731e-08,7.93932078676398e-09,232.1699323558,5.76974153603955
"FO393414.3","FO393414.3",3.91303853977897,8.35795041638386e-08,7.95787192544042e-09,4.98977178962131,5.76934821122041
"RNASE7","RNASE7",5.72110552135371,8.36143281511252e-08,7.96361630090448e-09,75.739490196036,5.76922659862425
"SPATA5L1","SPATA5L1",0.678346754833359,8.41003563148628e-08,8.01479229316443e-09,242.9367208304,5.76814691515045
"AP004607.7","AP004607.7",4.41758738516061,8.46184191102944e-08,8.06907952652192e-09,3.40306009947036,5.76700889470066
"CLDN10","CLDN10",4.37963203122866,8.52886590832596e-08,8.14436250821058e-09,36.9783619973423,5.76544300030097
"RAB3A","RAB3A",0.931035620246388,8.52886590832596e-08,8.14344401902603e-09,89.8853475335431,5.765462020033
"PTPN4","PTPN4",0.796318605436201,8.5585351516247e-08,8.17868614175824e-09,592.526100265032,5.76473373035875
"GLRX5","GLRX5",1.04062556331049,8.65804779420777e-08,8.28887113097154e-09,1844.05755793935,5.76247624712195
"IL17D","IL17D",2.04007386467826,8.66729693972637e-08,8.30024340951488e-09,755.301370476334,5.76224491391163
"C12orf56","C12orf56",4.42880194152673,8.67594194450329e-08,8.31104232978153e-09,4.07046860233028,5.76202552894197
"SLC25A29","SLC25A29",0.839630342144555,8.72538619166784e-08,8.36347578497266e-09,569.97741604269,5.76096424386219
"NOA1","NOA1",0.600554772085991,8.85917346752857e-08,8.49686034326111e-09,1116.3939489937,5.75829334717078
"MAP7D2","MAP7D2",2.439134806628,8.9048260982168e-08,8.54323242779426e-09,14.8620820985872,5.75737433204864
"MRPS7","MRPS7",0.812395439061997,8.99811308735734e-08,8.63534496358448e-09,1768.9566231404,5.75556311639065
"C2orf15","C2orf15",1.42930060110292,9.00234199407243e-08,8.64201820913483e-09,18.9437291104304,5.75543263051499
"ECHDC2","ECHDC2",1.19030343824128,9.01594590175964e-08,8.65769639572945e-09,649.09540569834,5.75512645077287
"RMDN1","RMDN1",0.509393813515732,9.08335719903924e-08,8.72506746172382e-09,1598.33219773782,5.75381686499202
"FABP6","FABP6",3.71943961788838,9.16718162471991e-08,8.81357359643979e-09,0.926540953171645,5.75211130860217
"UBE2E3","UBE2E3",0.647632990770346,9.18295001561967e-08,8.83140104034992e-09,2605.64853478655,5.7517697805855
"AC005616.1","AC005616.1",2.69035907688262,9.41989987851035e-08,9.07569649617138e-09,8.14649116870999,5.74715604726371
"AP005435.1","AP005435.1",4.71436507789654,9.46362450514505e-08,9.12332105628454e-09,4.81661756310439,5.74627069497638
"IGSF1","IGSF1",2.08386122911728,9.61945333517291e-08,9.27913457828199e-09,16.8340009286867,5.74340515763466
"ACOX1","ACOX1",0.670640470952963,9.81074593108824e-08,9.4750581564042e-09,1669.2066655827,5.73986763109249
"C8orf34-AS1","C8orf34-AS1",1.57374283916232,9.91308363310037e-08,9.58941281472357e-09,11.0836465519297,5.73783560448474
"CHL1","CHL1",3.8021548552975,1.00371398355476e-07,9.72869049355829e-09,248.450832201776,5.73539228639576
"PEX1","PEX1",0.609401577921956,1.00388278694765e-07,9.73324254336953e-09,499.15254067216,5.73531300579931
"FBXO34","FBXO34",0.564530083289311,1.00680085472261e-07,9.76445931776107e-09,1018.48701544976,5.73477028915853
"FAM153B","FAM153B",2.45683299647289,1.02083621861587e-07,9.90947671260088e-09,7.66647719174054,5.73227101475031
"C1orf116","C1orf116",5.62258271624481,1.02189437121505e-07,9.92271663463432e-09,157.192294030571,5.73204460781584
"DAPL1","DAPL1",5.41335442864979,1.03039258133213e-07,1.00112210542465e-08,114.971819044399,5.73053865338035
"ZMYND19","ZMYND19",0.752582707052894,1.03039258133213e-07,1.00096296683411e-08,425.748165844289,5.73056561730793
"AC096536.2","AC096536.2",3.03712796406103,1.03526536664465e-07,1.00617482409144e-08,2.28593991686704,5.72968469601341
"NDUFC1","NDUFC1",1.19727044570099,1.03926157167316e-07,1.01094661424812e-08,1423.23757468456,5.72888203657821
"UBL7","UBL7",0.698954623023051,1.05220982576781e-07,1.02445896827399e-08,1418.52048109864,5.72662895298242
"LINC00885","LINC00885",4.15777591205624,1.05572671894026e-07,1.02849640273198e-08,2.88737022941868,5.7259613438869
"COL7A1","COL7A1",3.34191105057644,1.06773471576545e-07,1.04112508447328e-08,197.796492719929,5.7238894545907
"AL021328.1","AL021328.1",2.44402574101985,1.06818381732616e-07,1.041873259725e-08,6.82494578171337,5.72376747497084
"DPP6","DPP6",2.64522309693267,1.08059987931128e-07,1.05492511745242e-08,36.1269880007965,5.72165313689743
"TUBB4A","TUBB4A",2.25575592055363,1.08394741583419e-07,1.05850796213388e-08,20.8101880232019,5.72107718037445
"KRT31","KRT31",4.07717200907412,1.08777508855969e-07,1.06287771520704e-08,50.5876024692109,5.72037728435792
"PLEKHD1","PLEKHD1",1.81538114139567,1.08777508855969e-07,1.06278380820239e-08,17.4133612960514,5.72039229585924
"COPS2","COPS2",0.543211148916416,1.09537551198248e-07,1.07062234164664e-08,2699.96354345163,5.71914368298935
"NCAPH2","NCAPH2",0.500991286697132,1.09555325840047e-07,1.07111428714302e-08,1307.18433717101,5.71906561676244
"SP5","SP5",4.18429503865175,1.10630739064948e-07,1.08259254069307e-08,10.8661529592114,5.71725397001856
"MYBPC1","MYBPC1",8.30813664598191,1.15397063947698e-07,1.13057481322059e-08,10053.5657560469,5.70987755790854
"IL17RE","IL17RE",2.07252918020532,1.17928950632577e-07,1.15675051204315e-08,221.146694864531,5.70598078097594
"LINC00842","LINC00842",2.13304325842567,1.21752808223696e-07,1.19638012728234e-08,9.8940963578918,5.70024122646567
"AC104109.2","AC104109.2",1.56225878845669,1.22724727104947e-07,1.20628696561851e-08,11.8955939724547,5.69883529301143
"AP001574.1","AP001574.1",2.37884990012179,1.229405467798e-07,1.20876539691421e-08,2.6038166819615,5.69848531994819
"AC245041.1","AC245041.1",4.73441390613173,1.23134810358329e-07,1.21103307735942e-08,12.5959554139931,5.69816571679204
"PRR9","PRR9",3.65804136420689,1.23774474708588e-07,1.21804322154262e-08,1.00328933015702,5.69718138322771
"EIF3J","EIF3J",0.751136281970208,1.24057655556615e-07,1.22175603045346e-08,2350.94396264312,5.69666227447424
"TSFM","TSFM",0.657482817516636,1.24057655556615e-07,1.22191097360428e-08,829.088225775786,5.69664064433204
"EIF3L","EIF3L",0.84948308010961,1.25067261764144e-07,1.23294494721594e-08,11588.6719039355,5.69510710836492
"REEP6","REEP6",1.16087411903683,1.26117348602531e-07,1.2440296150058e-08,156.874456846807,5.69357989554606
"LINC01954","LINC01954",3.90666329343948,1.29608570673382e-07,1.28034956680659e-08,2.33873335448043,5.68866687488099
"VPS13A","VPS13A",1.03189860557016,1.30063145578989e-07,1.28559569073225e-08,961.157709886381,5.68796844579041
"UBL3","UBL3",0.680425699003465,1.32997717366024e-07,1.3169200026164e-08,3479.52673436946,5.68385492663087
"MRPS16","MRPS16",0.620053474747992,1.38303422135262e-07,1.37146474721095e-08,2156.47143162017,5.67691387917779
"PTGES3L-AARSD1","PTGES3L-AARSD1",3.37627867170097,1.38389861858894e-07,1.37279642498455e-08,12.2289427643472,5.67674779252576
"MAL2","MAL2",5.17272163628711,1.41748885232683e-07,1.40810150893394e-08,661.15641826592,5.67240069047582
"KARS","KARS",0.511053589738474,1.42334230252676e-07,1.41474304613877e-08,4644.46081202473,5.6715947679568
"PRLR","PRLR",1.84400569861512,1.44304268286157e-07,1.43600099671307e-08,95.4324278894492,5.66903969226088
"DNAJB1","DNAJB1",0.732915569297168,1.46607005191964e-07,1.46061934416299e-08,4392.98580004441,5.66612623648901
"LMCD1","LMCD1",1.39769743752692,1.47262639183308e-07,1.4682515104159e-08,3601.59242953957,5.66523268991331
"AL713852.1","AL713852.1",2.88983063982003,1.47881217062258e-07,1.47503223943242e-08,3.14934400088477,5.66444260337536
"TBC1D22B","TBC1D22B",0.53774472807038,1.49170591443282e-07,1.48919287437714e-08,481.378815545531,5.66280392948438
"SNRNP25","SNRNP25",1.16306196156893,1.49959575197187e-07,1.49881171794331e-08,781.504759905531,5.66169944338738
"COPG2","COPG2",0.904903720611297,1.5194530519023e-07,1.51909997811309e-08,857.586620780393,5.65939224091155
"AP005329.2","AP005329.2",1.41233507420726,1.53350689864387e-07,1.53404140784521e-08,46.567890940258,5.65771214431104
"KIAA1958","KIAA1958",1.28706332725697,1.58861127969399e-07,1.59101071580832e-08,77.6605119899389,5.65144880906723
"AC006333.2","AC006333.2",1.00395520111291,1.5962730411075e-07,1.60007501593528e-08,199.988362216451,5.6504723955733
"RASSF10","RASSF10",3.47900018530811,1.59720585394421e-07,1.60193790335464e-08,53.6768947149696,5.65027238952983
"OIP5-AS1","OIP5-AS1",0.664571246125641,1.61042316319297e-07,1.61612990264659e-08,4853.20055263827,5.64875606169285
"HDHD3","HDHD3",0.867372316060946,1.61875102942922e-07,1.62636801754261e-08,386.632176221063,5.64767019076812
"ACBD3-AS1","ACBD3-AS1",2.22220703529357,1.62495710741322e-07,1.63354727220785e-08,6.05915077102406,5.64691270022355
"CLN8","CLN8",0.724549069701352,1.6431840098991e-07,1.65282509186726e-08,1155.73144350509,5.64489456389736
"COX5B","COX5B",1.14776749209103,1.65372573231569e-07,1.6639090091616e-08,4869.66086000814,5.64374454807767
"AC137932.2","AC137932.2",2.6482028834093,1.65660426068668e-07,1.66728644222126e-08,13.8030001840403,5.6433955999456
"AC073349.2","AC073349.2",2.22682774671198,1.6735261784092e-07,1.68480357103703e-08,8.39839738498643,5.641596714843
"MEIOB","MEIOB",2.00082066584429,1.70181383305387e-07,1.71377615870738e-08,2.83614316142487,5.63866092587957
"ZDHHC13","ZDHHC13",0.830007272447177,1.71193961172781e-07,1.72596212161822e-08,399.719255674421,5.63744049823932
"SPATA24","SPATA24",1.06607470325138,1.71397730940453e-07,1.72851435408753e-08,63.696829620439,5.63718595150359
"CFAP73","CFAP73",2.99234261769663,1.71461100471467e-07,1.72975685674307e-08,7.38870034515156,5.63706216265234
"KCNG3","KCNG3",3.64304539271694,1.71691161623627e-07,1.73296963704573e-08,1.75152931271371,5.63674247758709
"B3GALT5-AS1","B3GALT5-AS1",2.54908471329894,1.71724177187384e-07,1.73422711830474e-08,3.52484959168942,5.63661750964235
"CERS3","CERS3",5.68665455316925,1.72692845671458e-07,1.74508658676369e-08,160.587430543347,5.6355419470715
"PP7080","PP7080",0.744802921391235,1.73182860250638e-07,1.75054128521036e-08,258.938218599137,5.63500414316851
"RARG","RARG",1.08465722235066,1.7765364630691e-07,1.79779628132124e-08,2470.53180615536,5.63041202144387
"LONP1","LONP1",0.596108421628764,1.78115934446139e-07,1.80299184252584e-08,2530.67899663023,5.62991430086748
"SLURP1","SLURP1",5.72927901979354,1.78527346197786e-07,1.80767494145893e-08,626.724401470173,5.62946686477528
"AL132642.1","AL132642.1",3.76880155629546,1.81978078655786e-07,1.84367241301087e-08,2.56946884505443,5.6260646782958
"PCSK2","PCSK2",3.57623474262565,1.82990493988315e-07,1.85499251777396e-08,83.1239433808464,5.62500811719269
"CHRND","CHRND",7.85635382800602,1.83406142099894e-07,1.85973870707195e-08,94.1454949279869,5.62456699355056
"FCGBP","FCGBP",3.08289825326199,1.84062476887176e-07,1.86853246404288e-08,427.194006533855,5.62375255932439
"RSPH1","RSPH1",1.55974491327885,1.84500249227557e-07,1.87351246456238e-08,16.6615073012118,5.62329298540448
"DPH2","DPH2",0.625339570383342,1.85610185061396e-07,1.88532246183253e-08,610.515364512103,5.62220783716984
"ZNF219","ZNF219",1.15363915378857,1.85973749648598e-07,1.89009570704207e-08,1648.70125631274,5.62177112474251
"CAMSAP3","CAMSAP3",4.94054217393887,1.8827178155612e-07,1.91673229451086e-08,131.336722453936,5.61935358715277
"AC002070.1","AC002070.1",1.73740623505774,1.91553820535421e-07,1.95237119861389e-08,10.1396117745278,5.61616952432131
"EPS8L2","EPS8L2",1.73635841268906,1.94891400419807e-07,1.98978526918677e-08,797.835850746621,5.61288701683406
"CNST","CNST",0.707481134490776,1.97712451800315e-07,2.02088450646366e-08,1241.39530832078,5.61020382847986
"SOX6","SOX6",2.06457296335902,2.01793720477614e-07,2.06494503672195e-08,208.361942959341,5.60647020448674
"RDH14","RDH14",0.531693882149309,2.02184699762331e-07,2.07070771279766e-08,691.258156004499,5.60598761380404
"FAM47E-STBD1","FAM47E-STBD1",1.83773855313566,2.02586135991155e-07,2.07599595613104e-08,196.460943455104,5.6055458999761
"SIX1","SIX1",1.61497103575079,2.0398623370674e-07,2.09093592062009e-08,917.372790927083,5.60430387888539
"ECHS1","ECHS1",0.955288918386,2.04740856915139e-07,2.09926578630894e-08,3554.99178841369,5.60361511835461
"SNORD62A","SNORD62A",2.50134401416289,2.05595222639483e-07,2.10922018811042e-08,1.58949746941482,5.60279550332001
"SNORD62B","SNORD62B",2.50134401416289,2.05595222639483e-07,2.10922018811042e-08,1.58949746941482,5.60279550332001
"USF3","USF3",0.843125817049607,2.06029542571121e-07,2.11487278798171e-08,772.222613633238,5.60233175554327
"NUDCD3","NUDCD3",0.713976869792684,2.08665658082858e-07,2.14314443761178e-08,3072.69261799568,5.60003021741852
"CEL","CEL",1.96302617963677,2.08855529268067e-07,2.14570119385718e-08,11.0539469459203,5.59982353245897
"OMA1","OMA1",0.885880647105865,2.09962922133418e-07,2.15829784312236e-08,258.636436113385,5.59880871304969
"TSTA3","TSTA3",0.830484402084661,2.10664880231393e-07,2.16612546769819e-08,1530.66553245255,5.59818099143215
"RNFT1-DT","RNFT1-DT",1.49413983062631,2.11645453718869e-07,2.17682279429103e-08,36.5293320689447,5.59732669105818
"SLC5A9","SLC5A9",1.81021703838962,2.13280538111497e-07,2.19487901280654e-08,16.0552831109711,5.59589390395917
"AC046168.2","AC046168.2",4.37413529943204,2.18915037873576e-07,2.25667906765808e-08,2.80116535979232,5.59107512739501
"KLHL40","KLHL40",7.96967066418963,2.19340945293031e-07,2.26170662190734e-08,206.025449409035,5.59068876344674
"CIART","CIART",2.25165407152717,2.20856291864306e-07,2.27797342979595e-08,157.413147485583,5.58944435852529
"VTCN1","VTCN1",5.83475583019794,2.22029430908578e-07,2.29136333222428e-08,7.56117380370139,5.5884264910102
"TFAP2E","TFAP2E",1.53335794135445,2.22536810059587e-07,2.2978922962758e-08,39.0258454372186,5.58793226730803
"PCAT18","PCAT18",2.34702710473283,2.24089210954477e-07,2.31457312116335e-08,3.2488656647861,5.58667574040866
"RBBP9","RBBP9",0.550566615639532,2.2480666979099e-07,2.32263658779642e-08,822.971199082629,5.58607148675222
"ATP5IF1","ATP5IF1",1.02346202684136,2.26888175744042e-07,2.3466612540318e-08,2449.69802503634,5.58428314201535
"AC062015.1","AC062015.1",7.74380527761034,2.31881752710511e-07,2.40516364275948e-08,3.85036824236187,5.58000160569186
"COA7","COA7",0.504762736891207,2.34696643273377e-07,2.43504243572819e-08,732.289458560384,5.5778537482767
"PRR16","PRR16",1.70809322827106,2.34865231839909e-07,2.43747378112001e-08,135.543306142319,5.57768009640926
"CEP72","CEP72",0.939124968258097,2.37555122348424e-07,2.46676996164638e-08,61.5132762390145,5.57560081631256
"MLXIP","MLXIP",0.746223536544335,2.38174050157291e-07,2.47388870501473e-08,3532.56745704728,5.57509918740894
"LINC01144","LINC01144",1.43851199945734,2.39389637647319e-07,2.48790555217296e-08,15.5545594529765,5.57411555886273
"AC008035.1","AC008035.1",1.9286556081563,2.47492252612095e-07,2.57570797347838e-08,10.4436378273566,5.56807375963765
"IRX3","IRX3",1.85953980114666,2.49374868843704e-07,2.59747379944673e-08,553.670286126391,5.56660695200303
"SLCO4A1-AS1","SLCO4A1-AS1",4.33698847096837,2.54818396049691e-07,2.65861414723623e-08,7.01769723299554,5.56254961119158
"MN1","MN1",1.77971971169167,2.56255827512778e-07,2.67510004670886e-08,1120.66597202127,5.56147108641905
"ARV1","ARV1",0.651143970765022,2.60184331271005e-07,2.71686612907884e-08,576.693607508898,5.55876731171785
"COX6A2","COX6A2",8.74084645483991,2.61287424501254e-07,2.72990259652321e-08,705.263077386368,5.5579316364733
"KRT1","KRT1",5.74653238669332,2.61287424501254e-07,2.72952857735989e-08,26123.4197746021,5.55795555817716
"LARGE2","LARGE2",3.63782458481211,2.62197828502717e-07,2.74093756471848e-08,50.2691926459133,5.55722728382238
"PLCH2","PLCH2",2.85342436653467,2.636548213869e-07,2.7584659772151e-08,75.3735203248243,5.55611409714479
"ALDH9A1","ALDH9A1",0.861136586232976,2.65778842143385e-07,2.78223233148821e-08,3468.14081131913,5.5546156666926
"TRIM35","TRIM35",0.667464883244778,2.66243015362245e-07,2.78786473330107e-08,960.866882580369,5.5542623735631
"CNTF","CNTF",1.75943940918071,2.68459510570022e-07,2.81341325123922e-08,26.2753804310888,5.5526684862251
"SLC16A11","SLC16A11",1.59190998429629,2.68942705885134e-07,2.81925823614339e-08,32.0368199693231,5.5523058114467
"AL020996.1","AL020996.1",1.00731025001115,2.73953086556753e-07,2.8757594249335e-08,24.4037444335897,5.54883711407999
"GJB5","GJB5",5.6240373634464,2.77095743544548e-07,2.91035845433102e-08,111.489992606814,5.54674552298191
"BAG5","BAG5",0.578148623800214,2.77640876752962e-07,2.91689047059215e-08,2012.74950806867,5.54635335639938
"SPRR2B","SPRR2B",8.77599761388292,2.78959899882342e-07,2.93398918750425e-08,15.27843045219,5.54533081106223
"AC079610.2","AC079610.2",1.60294730869729,2.79311641078234e-07,2.93849995348369e-08,10.7033471458407,5.54506201998297
"FTCDNL1","FTCDNL1",1.39200421427519,2.81351562666301e-07,2.96232813768833e-08,87.955657850405,5.54364873678774
"MRPL41","MRPL41",1.11287730667873,2.81351562666301e-07,2.96241261376014e-08,2293.38633152211,5.54364374603996
"NT5C1B","NT5C1B",1.22540159560401,2.82149731852185e-07,2.97245578432635e-08,11.0670280607239,5.54305138907278
"NIPAL3","NIPAL3",0.657264754055027,2.84394290739077e-07,2.99775438913707e-08,1170.67671601756,5.54156781366494
"MYO19","MYO19",0.919442985390761,2.8534330111132e-07,3.01024418971858e-08,514.476930460727,5.54083985261079
"SPOCK3","SPOCK3",2.68116151940906,2.86264550935172e-07,3.02079445087568e-08,3.03548307631723,5.54022721599761
"AC092809.4","AC092809.4",5.03005515440038,2.88860941512532e-07,3.05070983890893e-08,29.0846769715431,5.53850129967182
"SNHG21","SNHG21",1.2792531282095,2.89256213325392e-07,3.05656472661141e-08,35.181626358529,5.53816543416354
"RRAS2","RRAS2",1.07385817143803,2.91506988330228e-07,3.08288876644115e-08,616.837338980418,5.53666302702168
"AC116345.1","AC116345.1",3.28290698772039,2.93564472848914e-07,3.10550078458157e-08,9.94082201356766,5.535382382074
"SETD6","SETD6",0.810204567062089,2.94499120886269e-07,3.11624345703694e-08,335.646058893179,5.53477713105394
"CEP63","CEP63",0.500588120294949,2.98353059304617e-07,3.15875711968551e-08,1017.79252594192,5.53240156752326
"SLC2A1","SLC2A1",1.77260258339213,2.98523386485329e-07,3.16142752156823e-08,1906.07934229485,5.53225338889368
"CAHM","CAHM",1.51426927126618,3.02246967862482e-07,3.20437269866986e-08,20.6405709961198,5.529886925512
"MTCH2","MTCH2",0.65346757921468,3.05305742024846e-07,3.23768811471103e-08,2359.23025018552,5.52807219988313
"AL162231.4","AL162231.4",1.85407360957672,3.06637759760273e-07,3.25270448078459e-08,22.3371329819011,5.5272601575727
"ABCC8","ABCC8",2.59200633572899,3.07877515143878e-07,3.26764389547964e-08,7.6282729213431,5.52645587725237
"CASQ2","CASQ2",3.0170420781832,3.08685727521565e-07,3.27711843293633e-08,513.753072982265,5.52594765112986
"MICU1","MICU1",0.531043949547908,3.08755856734742e-07,3.27875976595276e-08,1659.28552646336,5.52585975282967
"CXCL17","CXCL17",3.79354322021033,3.1138706754027e-07,3.30760574530838e-08,0.815465293420394,5.52432189163647
"ATP10B","ATP10B",3.00679292009573,3.12473908833208e-07,3.3209655873728e-08,86.8054886052299,5.52361404343133
"OCA2","OCA2",4.50850340785493,3.12898033146381e-07,3.32638201846101e-08,23.7850212754559,5.52332784981446
"AC011591.2","AC011591.2",4.50141033215907,3.1487417905138e-07,3.34921936704471e-08,4.69587763515006,5.52212611907878
"SELENOW","SELENOW",1.14587847972221,3.15723903009039e-07,3.36009172947925e-08,6951.33629020045,5.52155679147001
"MYEOV","MYEOV",2.64756580774192,3.18873447456264e-07,3.39638936860149e-08,71.1521699434862,5.51966893484449
"HSD17B8","HSD17B8",1.27632504979951,3.20012622400866e-07,3.41224101555007e-08,369.443981292493,5.51885061546343
"TCERG1L","TCERG1L",2.62688258123434,3.20082955564807e-07,3.41392068326354e-08,3.16037868685711,5.5187641211002
"AL118508.1","AL118508.1",3.10926404028521,3.22146844533332e-07,3.43874071587079e-08,16.3798843166032,5.51749080441383
"MYH1","MYH1",7.5790025853962,3.34373017800045e-07,3.57798942016778e-08,1738.32803489236,5.51050829774288
"SBSN","SBSN",5.6002851123097,3.35117149523504e-07,3.58715726884303e-08,3918.16263814565,5.51005787879274
"MOB2","MOB2",0.671370993419155,3.35117149523504e-07,3.58789884147681e-08,1521.08847660388,5.51002149394593
"AC084759.3","AC084759.3",2.16853360578867,3.35697075608539e-07,3.59677891176322e-08,4.37251870156568,5.5095863639638
"TCF15","TCF15",1.84854103631536,3.43325051841919e-07,3.68375375131884e-08,34.817533979272,5.50537877423691
"ERMP1","ERMP1",1.06094008298194,3.44737379319468e-07,3.69990884334099e-08,781.764838380994,5.5046078607408
"AC018521.5","AC018521.5",1.27021470568798,3.48816166299626e-07,3.74773730435203e-08,253.48008620712,5.5023445011025
"USP43","USP43",3.10564271115474,3.50180436005017e-07,3.76341237718881e-08,4.96091709844836,5.50160880986276
"EN2","EN2",2.65814042670075,3.56528064236297e-07,3.83375209991791e-08,7.47944158402817,5.49834366669324
"MAPK8IP2","MAPK8IP2",1.5100096137416,3.56528064236297e-07,3.83473748654295e-08,56.3938892443997,5.49829833929765
"DNAJC19","DNAJC19",0.894983469640555,3.57022026660997e-07,3.84108744844991e-08,896.560152596564,5.49800651419718
"AC009171.2","AC009171.2",1.91093464780552,3.60292387361422e-07,3.87941175772276e-08,4.58715625198252,5.49625511523926
"ALDOC","ALDOC",1.35735441660263,3.61302312697068e-07,3.89343435606518e-08,875.572515272176,5.49561848040482
"SMAGP","SMAGP",1.09525018793317,3.64679282761407e-07,3.93300272131144e-08,301.353581652374,5.49383396870854
"CROT","CROT",0.570014348901834,3.65037943718452e-07,3.93793111121857e-08,558.509028167933,5.49361292138385
"CYB5R2","CYB5R2",1.3140567835044,3.66967109310088e-07,3.9608742250386e-08,241.960828368325,5.49258739927638
"DLG1","DLG1",0.690232998092286,3.70615365243343e-07,4.00132831593327e-08,1688.0836195091,5.49079311642874
"DLG2","DLG2",1.59995367896454,3.70760532611661e-07,4.00397252309212e-08,144.972291109283,5.4906764497033
"EPDR1","EPDR1",1.35021827223507,3.74468251402686e-07,4.04618884401648e-08,1363.25258434206,5.48882384668931
"PHTF2","PHTF2",0.898593858334724,3.76159268442144e-07,4.06555314823172e-08,1425.07567079158,5.48798033382013
"LAMA5-AS1","LAMA5-AS1",3.6924961924659,3.79960644288517e-07,4.10869845220298e-08,2.01443731739449,5.48611484041049
"SIX4","SIX4",1.42430837098809,3.83364774235989e-07,4.15011186701967e-08,196.07949516845,5.48434201048654
"HIRIP3","HIRIP3",0.602329508385911,3.97046524433048e-07,4.30398986053251e-08,753.646212261587,5.4779017499902
"EEF1G","EEF1G",1.05158156300328,3.97735436976409e-07,4.31376821677097e-08,65541.8053935804,5.47750007602207
"GPAT3","GPAT3",1.45871383489095,3.98285875991517e-07,4.32089504713697e-08,196.043048445729,5.47720787685092
"PAX7","PAX7",7.82303158689321,3.98371627412405e-07,4.32315820889846e-08,8.51886138514755,5.47711518524282
"TRAPPC8","TRAPPC8",0.534405268770248,3.98371627412405e-07,4.32413957139583e-08,1472.39794505578,5.47707500650841
"CR769775.1","CR769775.1",1.76581107161228,4.01438453446474e-07,4.36325866386867e-08,9.74965893784449,5.47548055888146
"ANKRD40","ANKRD40",0.902769606936023,4.03259381830851e-07,4.3853930683592e-08,2315.88153709598,5.47458451559506
"TYR","TYR",5.65548868504043,4.133015497302e-07,4.4994022551086e-08,41.7103222000193,5.47003755621877
"ZDHHC23","ZDHHC23",1.26151183407022,4.13580760920074e-07,4.50364317616288e-08,101.753090342174,5.46987058105424
"RIMS3","RIMS3",1.4586433210302,4.14019983620937e-07,4.50962861211372e-08,270.067746188829,5.46963517938563
"GTPBP3","GTPBP3",0.645818688816684,4.1463876356757e-07,4.51757291199592e-08,374.843947143388,5.46932320478936
"LINC01287","LINC01287",1.89926485854602,4.15175540987746e-07,4.52583305834499e-08,22.000515731654,5.46899939032338
"PANK3","PANK3",0.752750988611688,4.16555115245718e-07,4.54208174344262e-08,2218.7317652536,5.46836407760747
"DHPS","DHPS",0.66490987326267,4.1810577265931e-07,4.56141885125005e-08,1214.39272105791,5.46761087469883
"FUNDC2","FUNDC2",0.826842453956648,4.22326828977259e-07,4.60992280497427e-08,2758.62165146512,5.46573512478792
"MCC","MCC",1.0454690301796,4.22722235161568e-07,4.61669456316805e-08,1110.11941171147,5.46547476999643
"HSPA1B","HSPA1B",1.11099063374044,4.28181608237153e-07,4.68004935458466e-08,5689.81799375608,5.46305673740746
"SCMH1","SCMH1",0.832004860322814,4.35127400635999e-07,4.75849501392627e-08,934.958157448893,5.46010633158231
"SLC8A2","SLC8A2",3.32637287055528,4.36370964471963e-07,4.77462943872976e-08,3.97588038711816,5.45950535224964
"PYGO1","PYGO1",1.08515436408552,4.46303138471348e-07,4.88589673782535e-08,295.064621712676,5.45541366230965
"AC020907.1","AC020907.1",1.61568077642461,4.53169745285675e-07,4.96633394028945e-08,7.8911219323365,5.45251157157248
"PARG","PARG",0.548435139767503,4.55610156147032e-07,4.99440202538311e-08,762.548923624659,5.45150961732819
"TIMMDC1","TIMMDC1",0.568366452602647,4.5721962706629e-07,5.01337310379704e-08,2179.11513905675,5.45083548793269
"AL357153.1","AL357153.1",3.483551423321,4.72155929722993e-07,5.18949122246952e-08,1.80101288639557,5.44469264846336
"ISCA1","ISCA1",0.686876362619817,4.75435442335176e-07,5.22691747774672e-08,1777.30110179295,5.44341331710356
"EIF3C","EIF3C",0.746118700103304,4.82269847764292e-07,5.3076578749242e-08,11925.2197116406,5.44068336021465
"AP001350.2","AP001350.2",1.45065564992191,4.83572855381603e-07,5.32340281717286e-08,10.0757657956702,5.4401556923437
"AL034546.1","AL034546.1",1.66010588709238,4.8636306390743e-07,5.35553147226985e-08,8.60350662506787,5.43908362533364
"TSPAN5","TSPAN5",1.48956625128878,4.90433231023403e-07,5.40462320931448e-08,496.656633361475,5.43745751382587
"MAPKBP1","MAPKBP1",0.805650748604513,4.94709808212371e-07,5.45318845755184e-08,726.29407904369,5.43586286616119
"B3GNT5","B3GNT5",1.38601390459719,4.95674439172584e-07,5.46670107336557e-08,553.831079221063,5.43542162449577
"EIF3EP1","EIF3EP1",1.23432762654456,4.95674439172584e-07,5.46591176597988e-08,23.290937535961,5.43544736949819
"KIAA0319L","KIAA0319L",0.643320478266029,4.982866043272e-07,5.4969574858682e-08,1393.85737270284,5.43443745078085
"OSBP","OSBP",0.571944086959369,4.99515334241851e-07,5.51355281007063e-08,2471.36826921673,5.43389986892566
"AC010226.1","AC010226.1",1.37758840786181,5.02332999556669e-07,5.54889159205882e-08,97.5392783757671,5.43276032509041
"RAB9B","RAB9B",1.63226913087116,5.04678583398856e-07,5.57773326894576e-08,98.5290624889756,5.43183548892617
"ASH1L-AS1","ASH1L-AS1",1.02702070859347,5.12635149478604e-07,5.67013665973778e-08,41.9743528736033,5.4289033851152
"NDUFS4","NDUFS4",1.05405306935026,5.14031354850699e-07,5.68856588236657e-08,1559.71994141046,5.42832413939737
"IARS2","IARS2",0.53716391386805,5.18184216609094e-07,5.73903920625792e-08,3774.53395699903,5.42674698257104
"DDI2","DDI2",0.669461370340979,5.20798868331271e-07,5.77102266377309e-08,1539.35900872504,5.42575452708231
"ATP5MC3","ATP5MC3",0.878434083188659,5.29486882671379e-07,5.87652311690293e-08,4402.50838821669,5.42251819349284
"CAB39","CAB39",0.625206492520037,5.37712149810574e-07,5.97405882719138e-08,4967.83712625117,5.41957588510188
"OBSL1","OBSL1",0.927864061302927,5.39031565763412e-07,5.99028340481821e-08,1213.89323990803,5.41909096689515
"BCL6","BCL6",0.958166058556168,5.41792563296356e-07,6.02568759399833e-08,2672.82141437148,5.41803721413508
"AP1AR","AP1AR",0.530812789503849,5.44663267903458e-07,6.06236099281414e-08,811.839940056934,5.41695199192404
"ABCA12","ABCA12",5.54681080159736,5.51865270995775e-07,6.14893452869697e-08,124.26552666805,5.41441517143907
"CASP14","CASP14",5.54830909240785,5.60961629860316e-07,6.25730943213545e-08,1168.68368177676,5.41128785157692
"GPN3","GPN3",0.659180417891347,5.65230882865309e-07,6.30770608797641e-08,784.001139394912,5.40985141581649
"GRB14","GRB14",3.00614985661178,5.6738493313702e-07,6.33504032467383e-08,23.0937550005972,5.40907696310755
"NSUN2","NSUN2",0.541965837360481,5.70873026495174e-07,6.37730236987464e-08,1729.13134843431,5.40788591452317
"ZNF425","ZNF425",0.81625115260284,5.77199701232424e-07,6.45133162060639e-08,107.614117565062,5.40581789862855
"MYH6","MYH6",7.43705897154095,5.77256380809156e-07,6.45364183145823e-08,55.2414200383717,5.40575373318362
"TMEM237","TMEM237",0.986921676931007,5.8299003527631e-07,6.51943660919541e-08,1138.51858211119,5.40393558213197
"PPL","PPL",2.67572821246871,5.85662564212403e-07,6.55272509976233e-08,3208.81298564406,5.40302246023626
"AC068473.5","AC068473.5",1.0528802494762,5.91038015693175e-07,6.61458543762578e-08,133.14810411166,5.4013374684534
"VGLL2","VGLL2",5.18446511622605,5.99385715179295e-07,6.71323143293645e-08,93.8268353545904,5.39868181159964
"CDH20","CDH20",3.39424474960705,6.01902982249683e-07,6.74317358701355e-08,15.0068851926189,5.39788321215298
"SDHD","SDHD",0.604553043773722,6.04092318927866e-07,6.77296488631801e-08,3925.07211684922,5.39709203819348
"EXOSC5","EXOSC5",0.791208784960507,6.11032209873423e-07,6.85609802120667e-08,559.810827456758,5.3949019536727
"QRSL1","QRSL1",0.520537603425279,6.17428222733776e-07,6.92965798955301e-08,583.772522923217,5.39298541361046
"PRSS44","PRSS44",4.09520956592788,6.21983483143729e-07,6.98259022409234e-08,1.5550335167979,5.39161846491447
"AC092171.5","AC092171.5",1.21902868602389,6.3815989260509e-07,7.16975271464066e-08,20.8117972372037,5.38686429224304
"MBLAC1","MBLAC1",0.832773983600278,6.44997722192277e-07,7.24844948054467e-08,69.6238762743336,5.3849010950476
"PAM16","PAM16",0.975470108224394,6.4564442749515e-07,7.25759246661505e-08,305.532249478184,5.38467435090105
"PCMTD2","PCMTD2",0.725169377437416,6.48737061291908e-07,7.29424063047803e-08,1530.14208435739,5.38376825262629
"HJV","HJV",8.63159988254394,6.49799315472671e-07,7.30807177155275e-08,297.557599278934,5.38342743371979
"MAP4","MAP4",0.968321619939848,6.51460781210378e-07,7.32864995244509e-08,14354.8703343769,5.38292151267042
"ZNF658B","ZNF658B",0.901210702484544,6.51933284353505e-07,7.33585902052248e-08,90.270590433669,5.38274460085359
"TMEM139","TMEM139",2.51419736417287,6.5290315721752e-07,7.34866891546965e-08,23.8594988788263,5.38243065878179
"ATP6V1E2","ATP6V1E2",0.709545344263021,6.5381968099646e-07,7.36468201145658e-08,172.90290129032,5.38203895795098
"TM7SF2","TM7SF2",2.73277029314485,6.5709735251569e-07,7.40541921622191e-08,538.697230815385,5.38104618027484
"C10orf90","C10orf90",2.85895389993094,6.665611285499e-07,7.52175550254549e-08,7.30934800629504,5.37823988268602
"FOXO6","FOXO6",1.73751921727095,6.79309945598211e-07,7.67551527304598e-08,57.0029609631263,5.37459465822438
"COQ2","COQ2",1.10992711716195,6.79309945598211e-07,7.6774572973238e-08,584.646320778896,5.3745490718838
"APPL1","APPL1",0.518191256892733,6.8298970229131e-07,7.72499680702441e-08,2956.2853204376,5.37343661623996
"DLG5","DLG5",1.09506557632545,6.84722257703078e-07,7.7485706866829e-08,1257.99324704604,5.37288742874595
"METAP1D","METAP1D",0.785153590064913,6.84722257703078e-07,7.74822906883973e-08,160.581861426224,5.372895375665
"AL450326.1","AL450326.1",0.914274481920699,6.87801512772719e-07,7.78889731769014e-08,67.1239933963217,5.37195170252424
"SCAPER","SCAPER",0.61757094246474,6.87801512772719e-07,7.78941006826081e-08,593.38997155784,5.37193983505725
"SOAT2","SOAT2",2.34486682347465,6.99177321403715e-07,7.92839625525765e-08,9.27827367949296,5.3687506121817
"SREBF2","SREBF2",0.786422104080636,7.00343270129692e-07,7.94568610760595e-08,3407.00965172635,5.36835766616465
"AC119674.1","AC119674.1",2.13969125537518,7.02571124458156e-07,7.97504343668664e-08,23.589799502091,5.36769235565613
"PSME4","PSME4",0.722543613619183,7.03142161237984e-07,7.98356775961217e-08,1722.82063844598,5.36749961745834
"LGR6","LGR6",2.31233919091736,7.04202565536102e-07,7.99765316383803e-08,38.7376809775006,5.36718157737765
"ADI1","ADI1",0.666963158531686,7.0867768973393e-07,8.05259417404187e-08,4104.62039752041,5.36594620443001
"PHYHD1","PHYHD1",1.17735620075571,7.1431691347852e-07,8.12704586410876e-08,359.65132197045,5.36428508651499
"NKD2","NKD2",2.35283815023373,7.2798146657691e-07,8.29519952765545e-08,48.2650186308068,5.36058693537339
"NHLH2","NHLH2",4.85109860866456,7.43959126989388e-07,8.48374443058074e-08,8.25388471057923,5.35652568613436
"ANXA8L1","ANXA8L1",5.44053711643674,7.52486614184902e-07,8.58535906970574e-08,325.168294772145,5.35437301010126
"AC091544.4","AC091544.4",3.33783471339897,7.52486614184902e-07,8.58475219704584e-08,0.981861985414766,5.35438579313726
"MUC7","MUC7",6.50408673412514,7.64516234981945e-07,8.72482946219375e-08,6.32557422573558,5.35145819646355
"FAM227B","FAM227B",0.790476484139391,7.87619251800229e-07,9.00351936526775e-08,71.3213077506646,5.34576654640006
"DIO2-AS1","DIO2-AS1",2.83402408118276,7.97096267926002e-07,9.1197926088083e-08,1.9480234301798,5.34344218511377
"SIM1","SIM1",3.96675018922125,7.97970505558554e-07,9.13443058674992e-08,13.9624638168285,5.34315160014866
"NDUFAB1","NDUFAB1",0.89564268525517,7.99077749845631e-07,9.14942630966504e-08,1774.62875912797,5.34285438054105
"UBFD1","UBFD1",0.760356674104779,7.99890571826542e-07,9.16105647935418e-08,1500.90501501808,5.34262419172218
"NRAV","NRAV",0.790798700176717,8.01481402337038e-07,9.18160407464063e-08,135.855419605168,5.34221819636574
"AL359710.1","AL359710.1",2.13482369747148,8.14737881874335e-07,9.34056703775416e-08,2.09132780642798,5.33910668555636
"KLHDC10","KLHDC10",0.613034376452771,8.15820342697219e-07,9.35534655794302e-08,1410.97851589043,5.33882000371258
"AC044860.1","AC044860.1",1.4862159485157,8.33423034831263e-07,9.56204539207473e-08,11.706122221466,5.33485591834288
"NEDD4L","NEDD4L",1.0172622285739,8.45026943196085e-07,9.70008853116919e-08,611.735260582336,5.33225445380813
"ALDH7A1","ALDH7A1",0.76546852231436,8.58780248458678e-07,9.86295196469621e-08,1389.9510002016,5.3292309359007
"PAQR9","PAQR9",3.31699538352018,8.6040735232537e-07,9.88413813886035e-08,8.90167344546424,5.32884117745867
"TBX15","TBX15",1.26847289740855,8.61514302779214e-07,9.89935686590732e-08,1610.51609624013,5.32856169989344
"TMEM161B-AS1","TMEM161B-AS1",0.953015389762187,8.63753644089929e-07,9.92759721640482e-08,94.182540835507,5.32804419263576
"SERPINB8","SERPINB8",1.03608205650815,8.65296136485668e-07,9.94783928259055e-08,1379.48381316914,5.32767413073971
"BEST2","BEST2",1.95521777216071,8.66819972959405e-07,9.96787577828013e-08,6.32113635362311,5.32730854416938
"PHF10","PHF10",0.535559919976258,8.708042870848e-07,1.00212808918031e-07,1817.55964340624,5.32633757640404
"TRIM31","TRIM31",1.75933192070372,8.75999113354381e-07,1.00836077792013e-07,6.16729008401963,5.32521071393403
"FBXL16","FBXL16",2.11813535278755,8.76652099602057e-07,1.00936706251381e-07,80.5583846896683,5.32502941128811
"ARIH1","ARIH1",0.545650640033948,8.78899470965244e-07,1.0124652323249e-07,2539.91928655058,5.32447230945744
"MAB21L4","MAB21L4",5.60986793567494,8.81584175215846e-07,1.01607006136182e-07,98.4042854124112,5.32382617512456
"IFRD2","IFRD2",0.657500435965624,8.93938420909778e-07,1.03108791374251e-07,1882.64578651388,5.32115801723772
"UGT2B7","UGT2B7",3.55289538824748,9.01080800788615e-07,1.04037300544172e-07,1.60790735832813,5.31952712819382
"FAM102A","FAM102A",0.985293450796816,9.01152696300466e-07,1.04071776475272e-07,1577.10953116269,5.31946684421875
"CYP2W1","CYP2W1",5.22769673687477,9.03239942931143e-07,1.04339062769756e-07,9.70623360887562,5.31900012710016
"AC139491.5","AC139491.5",1.99318215573035,9.03741912888436e-07,1.04423298753056e-07,9.38232196220989,5.31885327975286
"AL445205.1","AL445205.1",2.57031900622591,9.07392332535023e-07,1.0489780072875e-07,1.8933888351634,5.31802822329622
"ZNF273","ZNF273",0.68909795459351,9.14615011664667e-07,1.05918730437639e-07,146.182834527091,5.31626522559614
"FOXQ1","FOXQ1",5.11078029894189,9.15566628240532e-07,1.06055527867528e-07,65.8131886158069,5.31603024678937
"CAMTA1-DT","CAMTA1-DT",1.62276041527053,9.15722481913027e-07,1.06100179515251e-07,5.90843939560763,5.315953611544
"CISD1","CISD1",0.918824806115593,9.18039725428214e-07,1.06395332417177e-07,721.671392030865,5.3154478268333
"HSP90AB1","HSP90AB1",0.504542298686633,9.23159426494458e-07,1.07015489460305e-07,27032.1555279352,5.3143895126823
"GJB3","GJB3",5.39947397369406,9.24344813388286e-07,1.07179751802197e-07,230.298195384086,5.31411018900581
"ELOVL7","ELOVL7",2.16975769643596,9.36020378486718e-07,1.08615121762938e-07,713.370712528559,5.31168686021752
"SBK2","SBK2",4.18886264841962,9.36974047340986e-07,1.08753000266486e-07,1.9838072235652,5.31145571448398
"SLC35F5","SLC35F5",0.542211682753837,9.42644812919548e-07,1.09438576659679e-07,1458.12504097542,5.31031057796551
"ALG1L","ALG1L",2.57646816434568,9.49032271763026e-07,1.10235275205657e-07,11.7669928707427,5.30898852067728
"DSC3","DSC3",5.76342304110301,9.5396028158904e-07,1.10835399278383e-07,1748.37757575718,5.30799875477005
"EPN2","EPN2",1.04593657028085,9.54159231911041e-07,1.10886228850821e-07,1179.71589129831,5.30791516153124
"AC138305.1","AC138305.1",4.13564471653074,9.61343833298636e-07,1.11749100176053e-07,1.16882045734371,5.30650173124172
"TMEM64","TMEM64",0.820650603690776,9.63083436483467e-07,1.12007263845701e-07,933.61498799947,5.30608089738644
"ATP5PB","ATP5PB",0.642299589724419,9.6621938595239e-07,1.12428106777195e-07,5619.46925271315,5.30539688738316
"AC022068.1","AC022068.1",1.91412484173763,9.72207629354586e-07,1.13181369189415e-07,3.36159475312197,5.30417874825465
"MEF2D","MEF2D",0.855333580174859,9.96493478440225e-07,1.16182317371299e-07,3743.80658758166,5.29940240622422
"AC245033.3","AC245033.3",2.65916698130265,9.97358150970939e-07,1.16312099922979e-07,3.16253254324314,5.29919854614205
"FAHD2B","FAHD2B",1.01131436307147,1.02296549002062e-06,1.19476711844223e-07,288.913668913508,5.29429457080808
"AZGP1","AZGP1",4.62167372588941,1.02477756262744e-06,1.19747883538114e-07,728.084344872171,5.29388021980301
"NDUFA6-DT","NDUFA6-DT",0.644363353017921,1.03144283522239e-06,1.20556697134161e-07,196.186069006807,5.29264972137506
"AC005323.1","AC005323.1",8.50553784501067,1.04141645984136e-06,1.21782928643003e-07,7.9453249671308,5.2907993306411
"NDUFAF4","NDUFAF4",0.815486213818998,1.05054934344733e-06,1.22911954089864e-07,446.7940736862,5.28911149579254
"ZNF74","ZNF74",0.605931212163613,1.05947557336629e-06,1.2398707694588e-07,258.850544108625,5.28751812836186
"FSD1L","FSD1L",1.13019436858683,1.05970277599208e-06,1.24044446010459e-07,158.62106323568,5.28743348165589
"PPA2","PPA2",0.635047544170479,1.07266545491981e-06,1.25717587736767e-07,1263.28653920205,5.28498131616402
"LRRC8E","LRRC8E",1.86400586388696,1.08003822275791e-06,1.26707168052724e-07,154.692293988735,5.28354579952968
"LINC00640","LINC00640",2.03758217061462,1.08487359781506e-06,1.27337463947097e-07,13.604893363038,5.28263711595856
"AC090644.1","AC090644.1",3.03384548295621,1.08664617846585e-06,1.27577084157051e-07,1.34487546780901,5.28229280200577
"PIP4K2C","PIP4K2C",0.661311374687021,1.08786360218208e-06,1.27751613327006e-07,823.568220695538,5.28204241194895
"LINC01950","LINC01950",3.68243197154481,1.08938844289884e-06,1.27993965711799e-07,1.14721126411504,5.28169526690712
"MRPL14","MRPL14",1.02568628292159,1.10121249428243e-06,1.29479150019033e-07,1252.6705216879,5.2795816809436
"TTC39C","TTC39C",0.833216420003486,1.10178502402294e-06,1.29578469916024e-07,631.11125272909,5.27944117537023
"COL4A5","COL4A5",2.20031393370621,1.10874584594881e-06,1.3046152613973e-07,109.654838638361,5.27819649743816
"TMEM211","TMEM211",4.66708287459438,1.1102793313714e-06,1.30674214323136e-07,1.38228918444384,5.27789792903797
"PEX10","PEX10",0.513293036211205,1.11579624094549e-06,1.3138834555574e-07,872.274245707573,5.27689887051589
"AC104564.2","AC104564.2",3.69977124058006,1.11774616636144e-06,1.31650421302302e-07,0.678424517411213,5.27653354777214
"AC090587.2","AC090587.2",1.27678373666488,1.12174591929286e-06,1.32154102726032e-07,14.5986945034326,5.27583340780746
"SLC45A2","SLC45A2",4.69703719877048,1.12489509922812e-06,1.32590458715805e-07,4.06776746911483,5.27522893700883
"MFSD5","MFSD5",0.563227460770787,1.13783499249561e-06,1.34247872066841e-07,1510.50872441352,5.2729503762182
"PTGS1","PTGS1",1.31146148879977,1.15156990497822e-06,1.36002185245772e-07,2241.66615179993,5.2705680569225
"AL109955.1","AL109955.1",2.32768081809217,1.15327051012595e-06,1.36266642654838e-07,9.15560935353379,5.27021151026696
"PDZK1IP1","PDZK1IP1",3.08107382951298,1.17196868615748e-06,1.386155597198e-07,257.264429192024,5.26707371096499
"RAB11A","RAB11A",0.595897497377228,1.17230183700435e-06,1.3868901423605e-07,6417.0872563007,5.26697641829152
"C4orf19","C4orf19",2.42038862751197,1.17470422854146e-06,1.39007349456196e-07,30.9209797603329,5.26655534916631
"RAMAC","RAMAC",0.557499654909949,1.20230139348617e-06,1.42447640990766e-07,884.700017695883,5.26206338034341
"AL596244.1","AL596244.1",1.16462519642328,1.22415484890668e-06,1.45107933611832e-07,92.1358045201913,5.25866122271137
"HCN3","HCN3",1.12271959733199,1.23335449107326e-06,1.46305906283932e-07,48.5594061382562,5.2571488321049
"ERBB4","ERBB4",3.00721543811286,1.24248778755696e-06,1.47425427331538e-07,22.0525003495204,5.2557462708955
"WFIKKN1","WFIKKN1",1.86721537026568,1.24572657977171e-06,1.47882088170296e-07,13.2876003402761,5.25517711168763
"DICER1-AS1","DICER1-AS1",0.975699425237062,1.25267198541848e-06,1.48852128858691e-07,99.0976102158949,5.25397372077798
"SLC6A10P","SLC6A10P",4.06010059045737,1.25267626902879e-06,1.48889023262049e-07,1.05551299524764,5.25392810102745
"RNLS","RNLS",0.63249928642186,1.26572203847907e-06,1.50696951194543e-07,258.415536790112,5.2517058960544
"AC009570.1","AC009570.1",1.6338834315025,1.28454381939033e-06,1.5304980676017e-07,8.7998608490293,5.24885219566294
"GPR156","GPR156",1.6544392414628,1.30540398347338e-06,1.55648987805223e-07,12.3755473993246,5.24574864322132
"PRSS3","PRSS3",5.20519998289185,1.31802654570821e-06,1.57268881427016e-07,44.0033687408841,5.24383966124961
"SPAG16","SPAG16",0.928268985945642,1.31898092814096e-06,1.57459382324252e-07,450.522667343437,5.2436164140869
"AGFG2","AGFG2",0.721860098994802,1.32280222366285e-06,1.57953989237771e-07,771.408600227772,5.24303800356171
"KIAA1324","KIAA1324",1.8391918487653,1.32373305360088e-06,1.58103587673022e-07,141.752241236866,5.24286340290489
"SCN5A","SCN5A",1.90967890885305,1.33019321235641e-06,1.58913810921979e-07,11.4745269822903,5.24192053478904
"KLK7","KLK7",5.87156071260383,1.35654464293177e-06,1.62219539181773e-07,553.711741771407,5.23812118107467
"AC239804.1","AC239804.1",2.09574446977387,1.36003216187798e-06,1.62676090467454e-07,17.0905475879686,5.23760234941612
"TTC33","TTC33",0.636926574345796,1.37485235843758e-06,1.64528631252552e-07,532.136497842327,5.23551144201097
"NPM2","NPM2",1.6724322420038,1.38467598281964e-06,1.65744444208194e-07,8.523569459688,5.23415152721387
"AL451069.1","AL451069.1",2.87702947815651,1.39346156404804e-06,1.66836544876438e-07,2.05068651067004,5.23293818572044
"GSKIP","GSKIP",0.654864368531192,1.3935748305126e-06,1.66890584007304e-07,974.072661297705,5.23287834695619
"CHRNA9","CHRNA9",4.28137633698223,1.40110846564198e-06,1.67833487635283e-07,3.51701725657745,5.23183725254647
"SOX21","SOX21",5.15063427939976,1.40422139602804e-06,1.68328735372596e-07,59.732703454596,5.23129269445651
"MRPS15","MRPS15",0.944778207184398,1.40584436194558e-06,1.68564120079916e-07,1604.93597812287,5.23103441607007
"PLA2G6","PLA2G6",1.07909012869095,1.41057218685487e-06,1.69212940969868e-07,178.634493374145,5.2303242916513
"PLXNB1","PLXNB1",1.4541596744346,1.41413507347603e-06,1.69763572054039e-07,372.660585395203,5.22972369658894
"SPTBN4","SPTBN4",1.57190797284303,1.41666193091074e-06,1.70108063854566e-07,66.6728521602205,5.22934890283523
"LBX1","LBX1",7.64758420169286,1.41802372921726e-06,1.7032356914516e-07,19.026118506554,5.22911481436786
"EIF4A2","EIF4A2",0.893114172218816,1.42599707606308e-06,1.71353256177326e-07,7421.64536505183,5.22800027484691
"NAA80","NAA80",0.651687957096685,1.43237533480918e-06,1.7220290202089e-07,217.051776975041,5.22708547824481
"CLDN12","CLDN12",0.77551273785426,1.44070698358982e-06,1.73246395726207e-07,472.482394146824,5.22596792184755
"BOD1","BOD1",0.711663739428054,1.44431959734752e-06,1.73761639036056e-07,1195.81707182721,5.22541850662336
"EGR3","EGR3",1.91327939234629,1.45256657114879e-06,1.74841288220071e-07,568.347448382146,5.22427234301761
"LRSAM1","LRSAM1",0.64602027266163,1.45743880431189e-06,1.75681742706353e-07,652.721603798838,5.22338483700027
"LINC00592","LINC00592",4.68141112546203,1.47082820784467e-06,1.77423121926113e-07,2.68920380661869,5.22155895900993
"PGAP1","PGAP1",1.07770901412259,1.47082820784467e-06,1.77466607859496e-07,397.369560410351,5.22151358502926
"KRT5","KRT5",5.56344245013634,1.47406944353597e-06,1.77943319604261e-07,14362.7048506841,5.22101687926038
"AL118516.1","AL118516.1",1.41013441340125,1.48890159985742e-06,1.79906780974987e-07,72.0378714652829,5.21898453711288
"AC092384.2","AC092384.2",2.96022732896188,1.49138504337269e-06,1.80250179083124e-07,8.82382191360134,5.21863129661077
"AC011352.1","AC011352.1",2.98794888010744,1.5073443493874e-06,1.82441730681344e-07,2.17255975101334,5.21639213981013
"OR9M1P","OR9M1P",1.96127848789605,1.56151331360496e-06,1.89360929600926e-07,6.6802910396634,5.20948949384646
"CC2D1A","CC2D1A",0.557817844831787,1.56787404292574e-06,1.9017782047339e-07,1074.22335062619,5.20869070595006
"C19orf73","C19orf73",1.26677726455291,1.5683152146719e-06,1.90276886594763e-07,19.6906571279631,5.20859406079813
"PWAR6","PWAR6",1.4004126281869,1.58006122267457e-06,1.91839662797133e-07,57.3207712566508,5.20707587711577
"TCFL5","TCFL5",0.700330575517748,1.58533156302644e-06,1.92525597333959e-07,480.099487574189,5.20641328666145
"TMEM17","TMEM17",0.910550474578062,1.5855853520361e-06,1.9260247305144e-07,86.8051483466136,5.20633916946606
"MUM1L1","MUM1L1",4.93463415494784,1.58614709547037e-06,1.92762423992647e-07,20.9627230462734,5.2061850496238
"AC002398.2","AC002398.2",3.13392960740898,1.58614709547037e-06,1.92808922811186e-07,13.8340631470365,5.20614026913552
"NDUFV2","NDUFV2",0.941501719412541,1.58897589505526e-06,1.93245093313477e-07,2438.80326417797,5.20572072446759
"CERS4","CERS4",1.20406138503654,1.59470836785085e-06,1.9403489464759e-07,929.465963800968,5.20496335251935
"KRT16","KRT16",5.61631255041465,1.6095914341187e-06,1.95986037290159e-07,210.931392120819,5.20310502272148
"DNAJC28","DNAJC28",0.809892242337661,1.61650134163426e-06,1.97015209407963e-07,44.3888763286797,5.20213199805038
"STOML2","STOML2",0.656240273238594,1.62101694627946e-06,1.97706812984415e-07,2773.75582202294,5.20148088168276
"AP000894.4","AP000894.4",2.09655769998743,1.6214708967504e-06,1.97809276355051e-07,5.79197316320283,5.20138460391299
"GRIP2","GRIP2",1.63191998788969,1.62813328004042e-06,1.98669336280058e-07,195.915061922879,5.20057835997932
"LINC01229","LINC01229",2.28774061753411,1.62981689342606e-06,1.98922115318238e-07,8.71361099630251,5.20034203931771
"C16orf70","C16orf70",0.531104340968568,1.64773983373097e-06,2.01301084601849e-07,714.856329702104,5.19813207623997
"RNF11","RNF11",0.748934747677553,1.65243323274063e-06,2.01922464567789e-07,5104.62366295593,5.19755899796742
"SLC28A1","SLC28A1",2.65919989380438,1.66419070225763e-06,2.03407530937032e-07,3.50268555105558,5.19619624519222
"MCRIP2","MCRIP2",1.33219595770549,1.67043473083182e-06,2.04219233823374e-07,566.370578761738,5.19545545480895
"UBE2B","UBE2B",0.700236772543592,1.67479033537176e-06,2.04849021210946e-07,3417.48090019665,5.19488264516573
"C15orf56","C15orf56",2.70774922760766,1.68175492118339e-06,2.05798579149111e-07,2.59797783408626,5.19402220460464
"PEX5","PEX5",0.814793852383305,1.68781101011201e-06,2.06588695149646e-07,1718.84015060054,5.19330916167438
"CAMTA2","CAMTA2",0.659308802207468,1.70017104707302e-06,2.08397868556064e-07,1665.77120462437,5.19168634316241
"EPCAM","EPCAM",2.48184824381433,1.71953031968561e-06,2.10920661671672e-07,67.5430487455593,5.18944599649078
"PSMB5","PSMB5",0.68820286645367,1.74217498181093e-06,2.13748899824833e-07,2959.33235162193,5.18696498530705
"TMPRSS11E","TMPRSS11E",5.08640142833991,1.74485466533233e-06,2.14128353695512e-07,6.28606260830173,5.18663453391103
"FAM89A","FAM89A",1.55900013087189,1.75500225643821e-06,2.15475616880572e-07,689.01708342742,5.18546580965149
"AGBL5","AGBL5",0.675768343870717,1.76125912395205e-06,2.16294980134462e-07,711.437296145158,5.18475847652207
"AHNAK2","AHNAK2",1.9563509296577,1.79264195959161e-06,2.2035728979295e-07,4710.37108313517,5.1812894011529
"USP21","USP21",0.547358077061723,1.79960986648412e-06,2.21266078913306e-07,539.664347783596,5.1805217889748
"OSER1","OSER1",0.572928752780979,1.81075500732992e-06,2.22741589869938e-07,1208.47540920539,5.179281957838
"DLK1","DLK1",5.94430048365036,1.83456045873517e-06,2.26042914661165e-07,14.6737351724767,5.1765364436553
"PRDX3","PRDX3",0.603191057486476,1.85476993791114e-06,2.28586872503688e-07,4445.13534089715,5.17444709014458
"SC5D","SC5D",0.61064464380518,1.87818420339263e-06,2.31581617967983e-07,759.392255334319,5.17201610575203
"EMP2","EMP2",1.0503051519176,1.88513615838226e-06,2.32493555492363e-07,3857.96694518572,5.17128187134702
"RANBP6","RANBP6",0.547165720019763,1.88685138225302e-06,2.32759899512855e-07,1011.7829925171,5.17106795297246
"MYH7","MYH7",8.13584891846809,1.91192152302126e-06,2.36130193908633e-07,17649.3897595102,5.16838129108344
"ERI3","ERI3",0.57442090463025,1.91879783974473e-06,2.37035181028069e-07,1565.41076703068,5.16766618161937
"EXOC6B","EXOC6B",0.865019855039004,1.94434881278391e-06,2.4036100113885e-07,1259.21723850658,5.16506062784022
"AC018647.2","AC018647.2",0.508234421899446,1.95384564035865e-06,2.41648505189006e-07,415.991200545553,5.16406129742187
"ADGRV1","ADGRV1",1.16251941124986,1.96049080761958e-06,2.42641202836848e-07,33.3816096648215,5.1632942945925
"TST","TST",0.993971186288704,1.98496386427375e-06,2.45958401446259e-07,723.546122337182,5.16075308845841
"AL512274.1","AL512274.1",1.89694046497006,1.98914696424832e-06,2.4659228661008e-07,52.4003223172157,5.16027125848409
"STARD7-AS1","STARD7-AS1",0.509231985485192,2.003698637963e-06,2.48570840093528e-07,127.552556794688,5.15877497580755
"FHOD1","FHOD1",1.06834971788384,2.00700398963821e-06,2.49039184493274e-07,1697.58015918464,5.15842247426889
"AXIN2","AXIN2",1.30474694703055,2.01618226883659e-06,2.5038882385746e-07,396.013147996989,5.15741023226724
"ZNRF3","ZNRF3",1.28246278094142,2.01701870239756e-06,2.50574793486534e-07,286.219201691902,5.15727116667686
"LY6D","LY6D",5.38094735216498,2.03046641992424e-06,2.52363361532933e-07,533.262862951525,5.15593876695411
"TRMT44","TRMT44",0.531604715775477,2.05259466355043e-06,2.55173264784357e-07,254.719055566794,5.15386383167451
"CYB561","CYB561",0.685277903990989,2.05693021316412e-06,2.55771994962112e-07,2203.2962254806,5.15342456096103
"CACNA1S","CACNA1S",8.02208235085237,2.06281326525611e-06,2.56563448409047e-07,420.315723987493,5.15284541669803
"AIPL1","AIPL1",2.28008110317805,2.0729998634868e-06,2.58011049582925e-07,4.44126085761937,5.15179058857816
"LINC01719","LINC01719",1.21647607264484,2.1020889360667e-06,2.62120012853908e-07,21.9978855481862,5.14882734805321
"CARM1","CARM1",0.670308914003491,2.11830178646993e-06,2.64264731407237e-07,2986.2870335998,5.14729842685038
"ACVR2A","ACVR2A",0.663153202650859,2.11883152542493e-06,2.64392361834132e-07,545.198178625417,5.14720782026084
"C1orf43","C1orf43",0.705743213912307,2.12557328634331e-06,2.6539205964663e-07,7170.30626528069,5.14649957899229
"CU639417.3","CU639417.3",4.88860141582107,2.15290316757688e-06,2.69081629199585e-07,3.45026914682329,5.14390780139628
"HSPB2","HSPB2",1.70306018013929,2.17500324230208e-06,2.72033343829231e-07,416.745169681252,5.14185893381402
"VLDLR","VLDLR",2.21585870447835,2.20941297885788e-06,2.76593759116924e-07,403.20426079317,5.13873525547939
"ABCB6","ABCB6",0.806200260712999,2.20941297885788e-06,2.76578209422216e-07,610.150223427956,5.13874582156035
"AL137077.2","AL137077.2",1.33347058432901,2.21132197042852e-06,2.77025434485251e-07,9.29612648650629,5.13844215909888
"AC007388.1","AC007388.1",0.931839837269084,2.21799377616243e-06,2.77990099458025e-07,155.517498896027,5.13778876761677
"ZNF287","ZNF287",0.544277410834736,2.22679562008087e-06,2.7915794981611e-07,192.309627678515,5.13700067750186
"OTUD4","OTUD4",0.734270955444181,2.22705434482305e-06,2.79319758944637e-07,1525.48132575684,5.13689173651065
"FAM98A","FAM98A",0.558730639398109,2.22705434482305e-06,2.79308919470948e-07,1443.81665255149,5.13689903248204
"ALAS1","ALAS1",0.693370006121476,2.22847940868879e-06,2.79563220812329e-07,1452.1920001639,5.13672793608944
"AP003498.2","AP003498.2",4.96746193156873,2.24293615632692e-06,2.81441971515403e-07,10.7254850362147,5.13546853196937
"ZNF749","ZNF749",0.927756512995592,2.24641649019554e-06,2.82009180626964e-07,104.633984655321,5.1350899036619
"LINC00518","LINC00518",3.71555039170694,2.26940830925926e-06,2.85027347776142e-07,1.10728932683226,5.13308747726911
"PGRMC2","PGRMC2",0.785444754098785,2.27107474066971e-06,2.85302609893009e-07,3360.56411598381,5.13290587263422
"DUSP9","DUSP9",3.03534723481397,2.27303503763227e-06,2.8561489406289e-07,1.8390184992578,5.13270004739873
"TMEM265","TMEM265",1.47663662758081,2.31681032826254e-06,2.91384591651469e-07,157.590111208359,5.12893586022088
"AC007182.1","AC007182.1",2.54391239436403,2.33036956912934e-06,2.93225310022897e-07,7.23344860930091,5.12775009765635
"GSTZ1","GSTZ1",0.824753581655707,2.33627327736425e-06,2.94036020414177e-07,611.448977452587,5.12723012884579
"EGFR","EGFR",1.49890118526807,2.34480112102346e-06,2.95245522819702e-07,2781.30823642198,5.12645695275093
"KCNJ4","KCNJ4",5.04440529795279,2.38230787821673e-06,3.00106578012837e-07,1.46564800067723,5.12338005704301
"GCSH","GCSH",1.05625205394789,2.40419617452272e-06,3.0307341110226e-07,767.9052999778,5.12152570741846
"PPDPF","PPDPF",0.916655103345509,2.40636412086487e-06,3.03465199228053e-07,6782.44116163103,5.12128214067457
"GATA3-AS1","GATA3-AS1",3.72355460402854,2.41917608967253e-06,3.0524285272271e-07,1.6937706924005,5.12018080997628
"MBTD1","MBTD1",0.703652296753735,2.43029883697788e-06,3.07069825167124e-07,427.320731386852,5.11905535843733
"HNRNPA1P33","HNRNPA1P33",4.66190854973678,2.43087370811806e-06,3.07278819810917e-07,4.9712597941037,5.11892702590372
"DHRS7C","DHRS7C",9.26486725946111,2.44949804699826e-06,3.09922548295701e-07,99.8677296682704,5.11731088829906
"BOP1","BOP1",0.582250572215349,2.46560518459625e-06,3.12103735171096e-07,1320.26818173851,5.11598749700457
"SHROOM3","SHROOM3",2.14860636590916,2.48201161289684e-06,3.14468881592193e-07,118.571208659074,5.11456254537576
"AC025183.1","AC025183.1",6.21473443518937,2.52569690411449e-06,3.20150496385374e-07,3.56465630919184,5.1111813339979
"APPL2","APPL2",0.597862089046563,2.54133670150261e-06,3.22428218663978e-07,1513.87086690978,5.10984207055932
"AC012417.1","AC012417.1",2.80724248292177,2.55564571920624e-06,3.24402616522838e-07,2.16532947763026,5.10868852670205
"PSMD14","PSMD14",0.603658992619633,2.56922964261766e-06,3.26265597697351e-07,1886.3943542362,5.10760627639109
"PHB","PHB",0.539024273389385,2.57267185665434e-06,3.26777449435036e-07,3861.5114530033,5.10730997416666
"FITM2","FITM2",0.73905080743236,2.57754066628858e-06,3.27470746902122e-07,489.405507128806,5.10690934976701
"SLC12A9-AS1","SLC12A9-AS1",1.86234990069786,2.58189702268371e-06,3.28324188605475e-07,5.07618663034888,5.1064173083191
"SMPD2","SMPD2",0.878146534275077,2.60331455942642e-06,3.31198959285689e-07,345.313317292048,5.10476893090955
"NUDT15","NUDT15",0.599044576295221,2.60395347421049e-06,3.31355878079359e-07,591.444226067546,5.10467935257385
"TSSK1A","TSSK1A",3.09334593724744,2.60872316604263e-06,3.32038599790833e-07,1.12968877692266,5.10429009156144
"AC092916.1","AC092916.1",1.16261684343987,2.64952686853654e-06,3.37462975442452e-07,9.82201073049869,5.10122450228258
"NOP9","NOP9",0.672577662782541,2.67401157536737e-06,3.40736864794256e-07,1541.42947193502,5.09939719878231
"PLA2G4B","PLA2G4B",2.81675382582024,2.68554825889793e-06,3.42413636844437e-07,74.3227170593107,5.09846787034347
"VEPH1","VEPH1",2.24994778774095,2.68554825889793e-06,3.42440945061053e-07,30.8106665849145,5.09845277151361
"GDPD3","GDPD3",1.86729652773036,2.76368389528847e-06,3.52725311836224e-07,75.6099194600761,5.09284755127283
"LEO1","LEO1",0.515843007217982,2.78635047686316e-06,3.55699150279238e-07,808.78916387965,5.0912561297431
"DGUOK-AS1","DGUOK-AS1",1.66915168910583,2.79906096789995e-06,3.57403044466369e-07,15.0130727748982,5.09035008409604
"TMEM9B-AS1","TMEM9B-AS1",1.05443488709296,2.81377210124855e-06,3.59363190693327e-07,33.7358660122415,5.08931291901091
"SH2B1","SH2B1",0.652621524156045,2.81625597503389e-06,3.59762221976271e-07,1130.22172611614,5.08910245009083
"AL354920.1","AL354920.1",1.00392821903887,2.82535228639655e-06,3.61088360059974e-07,44.1176370580229,5.08840459407906
"AC008592.5","AC008592.5",2.4223736489485,2.83325512970839e-06,3.62345252007263e-07,2.27842548829235,5.08774545713331
"RGMB-AS1","RGMB-AS1",1.07329455808302,2.84573172904714e-06,3.64188857853541e-07,20.1142643805599,5.08678261818331
"TMEM238L","TMEM238L",5.29800233859618,2.8980330968337e-06,3.70966418547291e-07,3.21718632782764,5.08328296243408
"SOX10","SOX10",3.14896191719771,2.90751137780075e-06,3.72264149917094e-07,105.477228779223,5.08261991209379
"RASA4CP","RASA4CP",0.934521405662617,2.92070083259273e-06,3.74037701025367e-07,125.232085707263,5.08171734950395
"BCL2L2","BCL2L2",0.807982659227373,2.94062893848511e-06,3.76760609029215e-07,1769.07209652658,5.08033966443458
"PKHD1","PKHD1",1.95277937275186,2.94567548214303e-06,3.77578305527396e-07,7.14432325843545,5.07992781770211
"AP002884.1","AP002884.1",1.56845508714524,2.95152756264813e-06,3.78671350186382e-07,208.810555645179,5.07937862945956
"SYPL1","SYPL1",0.522732391268553,2.95152756264813e-06,3.78658169909574e-07,3847.38709601461,5.07938524262716
"GAS8","GAS8",0.606041061505032,2.96447929834416e-06,3.80505228865541e-07,362.4621828628,5.07846064472291
"OTUD6B-AS1","OTUD6B-AS1",0.71083197089836,2.96516154195786e-06,3.80678924580392e-07,835.870752329453,5.0783739193203
"TP53AIP1","TP53AIP1",5.36941117387916,2.96786343442942e-06,3.81112008934951e-07,23.3850923129981,5.07815784866459
"AIFM1","AIFM1",0.546996104773991,3.00323704823907e-06,3.86090599962418e-07,1070.08544989649,5.07569085106641
"ALAD","ALAD",0.718960350913892,3.0214791997102e-06,3.8861130174035e-07,1977.41199565716,5.07445347225016
"MMAB","MMAB",0.770148945045503,3.04952414451409e-06,3.9239549088525e-07,748.597780505475,5.07261032991897
"PRR34-AS1","PRR34-AS1",1.38267112856957,3.08956480655986e-06,3.97727176213353e-07,142.431555670812,5.07004235702959
"FAM160A1-DT","FAM160A1-DT",3.98336779277751,3.14963266463348e-06,4.05917280497814e-07,1.23947401877958,5.06616163642185
"WNT16","WNT16",3.51551767920527,3.15047527815367e-06,4.06208892753693e-07,53.153094576531,5.06602485882839
"TFEB","TFEB",0.610476904575088,3.15383047855917e-06,4.06733104589367e-07,1295.26967537838,5.06577922096758
"PNPLA3","PNPLA3",2.69169264262327,3.16560159399703e-06,4.08343112552016e-07,17.8060280667578,5.06502670050137
"BRINP2","BRINP2",3.96164012541183,3.21777823599676e-06,4.15540898026072e-07,1.72602981326452,5.06169707570336
"MRPS18A","MRPS18A",0.718041932820534,3.22185340550442e-06,4.16160743995531e-07,1135.21295509677,5.06141294871126
"VPS13D","VPS13D",0.887762135227568,3.2249750815033e-06,4.1675131107262e-07,2490.00613870257,5.06114262224753
"RNF212","RNF212",1.26107560594533,3.22719942929057e-06,4.17132492748432e-07,70.7891603022295,5.06096833615722
"ALOX12B","ALOX12B",5.50671798697316,3.29002575944022e-06,4.25444251220747e-07,152.257156486628,5.05720570598856
"AC124242.1","AC124242.1",1.33772104712863,3.30655761824386e-06,4.27870169317892e-07,15.2873670701461,5.05612088879132
"KANSL3","KANSL3",0.547098219223431,3.33251409078878e-06,4.31712932639652e-07,1724.65824754026,5.05441457484188
"AC012378.2","AC012378.2",2.12454092209946,3.35900824291875e-06,4.35437835138445e-07,5.67445525630798,5.05277452332437
"AC244153.1","AC244153.1",1.71518253016522,3.35983538591744e-06,4.35642650247922e-07,17.3322937400072,5.05268473752625
"MCCC1","MCCC1",0.987202575571996,3.40307223575167e-06,4.41446514606337e-07,572.66469940504,5.05015725119358
"ENDOD1","ENDOD1",1.17546480445635,3.41777266042933e-06,4.43452726679965e-07,2326.71520098692,5.04929102968575
"NWD1","NWD1",1.55544784731904,3.44146576300103e-06,4.47006301424052e-07,10.8745588944902,5.04776594121386
"NAB1","NAB1",0.605063936301493,3.44146576300103e-06,4.47026690256204e-07,2075.5893831071,5.04775722472415
"PDF","PDF",0.875663952205283,3.4459757945586e-06,4.47712609767068e-07,234.351143490754,5.04746420850291
"ANK3","ANK3",1.84592115274949,3.44693916007712e-06,4.47937893638464e-07,992.818207279987,5.04736806452186
"ESRP1","ESRP1",5.72893709387433,3.44755080585718e-06,4.48217654438735e-07,212.945770070651,5.04724873642947
"SLC25A5-AS1","SLC25A5-AS1",0.666106037025064,3.453158775527e-06,4.49047050018427e-07,50.9871320357857,5.04689539101356
"BBS2","BBS2",0.542585654198539,3.46022879022204e-06,4.50066937452489e-07,1122.9776757759,5.04646175285574
"SKP1","SKP1",0.573719523763646,3.46866244561947e-06,4.51264641975416e-07,8209.85893048669,5.04595371859184
"AMZ2","AMZ2",0.628558407224875,3.47358926065425e-06,4.52107397379799e-07,1567.23801178699,5.0455970232694
"ASB5","ASB5",7.8770300897003,3.4809531311453e-06,4.53166955204869e-07,149.695895242793,5.04514947555454
"ZC2HC1A","ZC2HC1A",0.70862671609941,3.51060730751306e-06,4.57537323945949e-07,354.692459630296,5.04331407663125
"EEPD1","EEPD1",1.21356435848119,3.53907902493807e-06,4.61453634917712e-07,665.016423621725,5.04168367614704
"ZNF358","ZNF358",0.861652074055777,3.57714112156259e-06,4.66624281890832e-07,3107.14756980624,5.03955140731449
"LSR","LSR",1.06956950689334,3.59358296250357e-06,4.68977816037195e-07,664.847004119407,5.03858839523378
"RGMA","RGMA",1.65579646147318,3.61051989153828e-06,4.71491982579685e-07,1811.6192678394,5.03756479201912
"AC006942.1","AC006942.1",1.41518779814141,3.62899017584091e-06,4.7402023994297e-07,27.9266644629474,5.03654074718616
"ATXN7L2","ATXN7L2",0.744701308092195,3.64520816477574e-06,4.76244519727003e-07,129.975502680123,5.03564417208654
"MRPS2","MRPS2",0.569731398389126,3.6633335059442e-06,4.78825397256562e-07,1028.25340216754,5.03460890566341
"QDPR","QDPR",0.853956274943128,3.69501471786727e-06,4.83073697139554e-07,1270.0443096046,5.032916450701
"AC093249.6","AC093249.6",0.876053621466864,3.70551427168027e-06,4.84554004040449e-07,30.7838848585504,5.03233009086852
"C1orf167","C1orf167",1.42604310683848,3.70589656268829e-06,4.84711636510554e-07,41.5169626558506,5.03226775336694
"AMIGO1","AMIGO1",1.56108387219021,3.70890445567843e-06,4.85212782281157e-07,232.843631978608,5.03206969954559
"RPAP1","RPAP1",0.712505269545118,3.71407148799885e-06,4.85996632201546e-07,561.9186884466,5.03176031574053
"AC005586.1","AC005586.1",1.29579950022273,3.73607918660542e-06,4.89201956930906e-07,9.15065740238453,5.03050016878165
"TSGA10","TSGA10",1.08286295766297,3.77575382258809e-06,4.94616293129786e-07,46.346068105203,5.02838954327466
"DPP10","DPP10",2.1679355222435,3.78714259692702e-06,4.96438205528397e-07,6.55353917068912,5.02768433018853
"ARHGEF34P","ARHGEF34P",1.57683138333763,3.80930695133312e-06,4.99896851577874e-07,152.850926855243,5.02635242142579
"FTH1P19","FTH1P19",3.68281158456591,3.81770554882544e-06,5.01123897167941e-07,0.648437028151012,5.02588202662417
"HES1","HES1",1.08913459787059,3.81770554882544e-06,5.01220781941763e-07,976.932406888601,5.02584493263183
"URB1-AS1","URB1-AS1",1.06961176154255,3.85470514378673e-06,5.0619036699953e-07,112.03326132919,5.02395145633172
"C9orf3","C9orf3",1.06286882302223,3.88156058850714e-06,5.09829702022461e-07,1545.42935801434,5.02257615960918
"AHDC1","AHDC1",0.942038960697814,3.90697287427378e-06,5.13394483653264e-07,1429.71994768155,5.02123818416619
"AC091946.1","AC091946.1",2.30132885867631,3.92063324773546e-06,5.15417278937223e-07,4.32100471262851,5.02048294365364
"ZNF662","ZNF662",1.04866316710719,3.9210104703094e-06,5.15611402262153e-07,161.143492619011,5.0204106152164
"PAXIP1-AS1","PAXIP1-AS1",1.0071390087403,3.95317605356926e-06,5.20039919443917e-07,223.374879099184,5.01876768641933
"SYTL1","SYTL1",2.32663375837602,3.96009306181454e-06,5.21064876554544e-07,426.006436351152,5.01838936206805
"AC129492.1","AC129492.1",3.15409522274354,3.97487045379211e-06,5.23124724820846e-07,5.76721548283531,5.01763121192971
"AP001362.2","AP001362.2",1.24233193170204,3.98216505460629e-06,5.24200419062266e-07,42.6471396241155,5.01723643405673
"RBP1","RBP1",1.72542329236291,4.0214926444553e-06,5.29611004123398e-07,87.3496121262427,5.01526252960719
"ANKRD18A","ANKRD18A",2.25239995511572,4.04189576668211e-06,5.32650200227626e-07,6.54933902534498,5.01416227363665
"PSMC1","PSMC1",0.513694515523695,4.10954105086614e-06,5.41922748080988e-07,3573.61914370481,5.01084242955196
"AC004231.1","AC004231.1",2.42513073415931,4.14127404848451e-06,5.46227647675385e-07,2.65605082051979,5.00931972436735
"ULK1","ULK1",0.797893556989135,4.15679095247409e-06,5.48395042004685e-07,1801.7392216112,5.00855745951123
"HSPB2-C11orf52","HSPB2-C11orf52",1.718937937929,4.16072365238696e-06,5.49034726176193e-07,546.702533842495,5.00833303997572
"LINC02028","LINC02028",2.74724313361099,4.16188058219307e-06,5.49308277143178e-07,3.81472702591839,5.00823714740299
"GTF2IRD2B","GTF2IRD2B",0.694021792968127,4.18451840705999e-06,5.52417687930976e-07,746.319221214332,5.00715037602052
"IPO4","IPO4",0.641948733203229,4.24437782122625e-06,5.60566572357261e-07,978.658523619229,5.0043299970396
"AC022916.1","AC022916.1",0.915792647234142,4.25921288783994e-06,5.62649593757873e-07,65.8234437047513,5.00361539459354
"ILDR1","ILDR1",1.87316934777377,4.27782563267217e-06,5.65232624695762e-07,16.5895736630228,5.00273279265719
"ROGDI","ROGDI",0.987756266814907,4.28414540074806e-06,5.66316536505298e-07,550.79809214186,5.00236358594843
"KRT2","KRT2",6.20583442757543,4.32617326384119e-06,5.72374788451162e-07,36581.3332627371,5.00031245997872
"C10orf111","C10orf111",1.36266746370593,4.43849732903766e-06,5.8788044093214e-07,6.41545076688096,4.99515659919035
"ADRM1","ADRM1",0.501227011484869,4.52595182203022e-06,6.00121124304867e-07,3590.52403628566,4.991178156929
"PYDC1","PYDC1",5.24736411717915,4.53263324209257e-06,6.01138706384184e-07,28.7600834752466,4.99085095469973
"NOXO1","NOXO1",2.86317401752719,4.57397879414355e-06,6.07153569456141e-07,1.39314963997166,4.98892772002343
"AP001999.1","AP001999.1",3.11416498260964,4.59669684224183e-06,6.105697298586e-07,3.47273756105199,4.98784357406943
"STAC2","STAC2",2.22120158379834,4.62821394590791e-06,6.14890513203868e-07,447.303504116229,4.98648068234639
"RPRML","RPRML",3.08229143353535,4.63520592437166e-06,6.15954081096791e-07,7.52563556011809,4.98614662019092
"DLG3","DLG3",0.979942413839506,4.63709991079228e-06,6.16340455204643e-07,440.987804649984,4.9860253993856
"OSBPL11","OSBPL11",0.784791655135951,4.65294896072069e-06,6.185821829098e-07,1389.33921963363,4.98532352295351
"DSC1","DSC1",5.8857065947659,4.66257661968887e-06,6.19997553297771e-07,1820.9755807644,4.98488163736365
"GREM2","GREM2",2.64966157908977,4.66600910195396e-06,6.2058951080072e-07,46.3480372015413,4.9846971136164
"SHMT1","SHMT1",1.32228768612704,4.69651815397989e-06,6.24920113378119e-07,786.940098477662,4.98335232492346
"NAP1L2","NAP1L2",1.92111685472029,4.70799143680578e-06,6.26583500739052e-07,72.6978666166242,4.98283817697922
"TFB1M","TFB1M",0.581138288959748,4.71788871464494e-06,6.28037759359177e-07,202.444610291917,4.98238974677367
"AC108215.1","AC108215.1",1.82618105546685,4.7345010625576e-06,6.30661725133297e-07,17.3882803377818,4.98158315574835
"ATG14","ATG14",0.522805105473804,4.76987600932107e-06,6.35923252379425e-07,688.153927116188,4.97997549381623
"EPN3","EPN3",5.39701522644199,4.7825732588086e-06,6.38037614084695e-07,87.6264208904058,4.97933305795118
"ERICH5","ERICH5",2.88801700881756,4.7828806144008e-06,6.38217542191161e-07,2.80468818055112,4.97927848266581
"RUFY3","RUFY3",0.508486037520396,4.79506729797678e-06,6.39982985773303e-07,733.03665991644,4.97874377846969
"LEXM","LEXM",2.52068585456452,4.81860045901036e-06,6.43543769911979e-07,3.41604640886942,4.97766962656739
"EFS","EFS",1.1806956752398,4.82304082398338e-06,6.44276889435912e-07,916.13215987937,4.97744918375382
"C3orf33","C3orf33",0.889083904515106,4.83005652209104e-06,6.45354362775032e-07,88.7311586575574,4.97712563502029
"LBX1-AS1","LBX1-AS1",6.62662473108002,4.83825205067706e-06,6.46589917659032e-07,3.47049748475361,4.97675525698268
"MRPL58","MRPL58",0.776815047886653,4.84223240582881e-06,6.47448319050211e-07,637.381421851616,4.97649833828517
"EIF1AX","EIF1AX",0.631877328408784,4.87108304369414e-06,6.51543436046575e-07,5209.80013343355,4.97527717479023
"KRT8P26","KRT8P26",3.52984274393794,4.88107558567674e-06,6.5316356521473e-07,1.92033521159104,4.97479609339367
"CCDC113","CCDC113",0.952127705190943,4.9111991728884e-06,6.57622521988368e-07,227.162975602404,4.97347796414201
"HNRNPA1P27","HNRNPA1P27",4.28750633235951,4.9549678410954e-06,6.63915029945773e-07,3.43866099794367,4.97163239143785
"C19orf12","C19orf12",0.681222602167226,4.96052958878281e-06,6.64804331434992e-07,1322.14051010223,4.97137292266133
"AL162424.1","AL162424.1",2.09445990938614,5.0059300150314e-06,6.71325051684674e-07,14.9713513555813,4.96948054689657
"CHP1","CHP1",0.611388403700496,5.00856024511515e-06,6.7182326048396e-07,4143.18429340974,4.96933669114814
"GBA2","GBA2",0.698104188500955,5.01690579185474e-06,6.73088412123186e-07,883.762456371687,4.96897184527435
"GABRQ","GABRQ",4.45208614671657,5.05387093333131e-06,6.7834139604171e-07,4.15294146528659,4.96746401827584
"AC092118.1","AC092118.1",1.7818039992021,5.08883164359808e-06,6.83477330080095e-07,4.08642266676666,4.96600062867016
"COMTD1","COMTD1",0.804348076551112,5.10448895978858e-06,6.85876784244859e-07,307.950640913803,4.96532057650549
"AC079848.1","AC079848.1",1.56417107236287,5.12159605041499e-06,6.88324181633268e-07,11.3116070291667,4.9646292938274
"GRIN1","GRIN1",3.25328601260817,5.12808051737365e-06,6.89344621656943e-07,5.13092821062467,4.96434176353933
"SUGCT","SUGCT",1.17235880225279,5.14565363667166e-06,6.92155280336542e-07,69.5620102990199,4.96355191718564
"RASL10B","RASL10B",2.2292865952709,5.15985215578525e-06,6.94514781280029e-07,124.648259256106,4.96289123693476
"NMNAT3","NMNAT3",1.24831979096145,5.15985215578525e-06,6.94393527419915e-07,417.912975335649,4.96292513628995
"TRAPPC9","TRAPPC9",0.689441576599344,5.17805678282241e-06,6.9726592439772e-07,1162.64853109782,4.96212361911048
"CCNG1","CCNG1",0.747430627879734,5.18536371372098e-06,6.98400474628912e-07,2271.91310942692,4.96180790900724
"TENM2","TENM2",2.7027960515177,5.21603320938216e-06,7.02834264503423e-07,74.3801611649011,4.96057884379805
"IL34","IL34",1.07700521699548,5.25958253716063e-06,7.09466170052689e-07,558.893599181079,4.95875432548707
"MRPS26","MRPS26",0.614847835580498,5.27879546662524e-06,7.12364463167795e-07,1011.61186479108,4.95796212414251
"ATP8A1","ATP8A1",1.39884264411692,5.32304086011056e-06,7.18644531131459e-07,522.553418052231,4.95625617047862
"NAPRT","NAPRT",0.689754153324087,5.36389160201334e-06,7.24315442597886e-07,1409.04748936111,4.9547279878072
"ZNF672","ZNF672",0.548365982916971,5.43787161698057e-06,7.35253060794834e-07,1444.48808334076,4.95181282873607
"C8orf74","C8orf74",2.77214545816502,5.49698340205021e-06,7.43724546495581e-07,1.79044962009287,4.94958352780312
"SLITRK4","SLITRK4",1.39218488932395,5.50504625889014e-06,7.44975325902439e-07,234.345199534118,4.94925645526425
"PFKFB2","PFKFB2",0.884057667638965,5.52708250692116e-06,7.48278481606818e-07,723.258649981914,4.94839523331513
"RXRG","RXRG",2.45986351316909,5.52932918976524e-06,7.49064463258542e-07,114.65692734063,4.94819084612095
"PTPN21","PTPN21",1.07191712652393,5.54917530603459e-06,7.51914221059932e-07,1305.76775244834,4.94745152173173
"BDNF-AS","BDNF-AS",0.979884590838594,5.55320577938104e-06,7.52782949121974e-07,66.5356941285185,4.9472266808452
"PLEKHA1","PLEKHA1",0.927291174633752,5.7117526820516e-06,7.75436622397733e-07,2112.05503256324,4.94145010392324
"BRD1","BRD1",0.642161990702477,5.75873325981762e-06,7.8231658696895e-07,1371.12494161767,4.93972790612918
"LYSMD1","LYSMD1",0.641350848182479,5.82597679311391e-06,7.917899795219e-07,169.811932259276,4.93738024238848
"AP002800.1","AP002800.1",3.62355747942222,5.88580180907126e-06,8.00775405881544e-07,2.46478024729956,4.93517837294296
"PGLYRP4","PGLYRP4",5.44087117454205,5.90147682394657e-06,8.0307943883437e-07,19.4644554325689,4.93461760571534
"C3orf18","C3orf18",0.994249631965998,5.92840477438378e-06,8.06916021051539e-07,373.193534987073,4.9336872683393
"AC107027.3","AC107027.3",0.831488452531046,6.0107542560047e-06,8.19172155488964e-07,76.5713147883117,4.93074355043228
"MRPL4","MRPL4",0.617888956030513,6.0107542560047e-06,8.19021536653122e-07,1530.55970930223,4.93077946840146
"AL034376.1","AL034376.1",4.38328099248286,6.02456479019577e-06,8.21229306389821e-07,0.578126169612722,4.93025361875145
"SPRR2A","SPRR2A",7.54023068338739,6.22537195838088e-06,8.48963673306559e-07,6.81051121436344,4.9237613399388
"AC139491.7","AC139491.7",4.19464327769124,6.34135570893437e-06,8.66622476197752e-07,8.41865018829618,4.91973322840134
"ARID3C","ARID3C",1.87526164382353,6.34320572221788e-06,8.67059548296658e-07,3.12509721175629,4.91963453444624
"BX664615.2","BX664615.2",1.8066987883573,6.36545980853675e-06,8.70841050836763e-07,19.3060897710051,4.91878263937709
"STK24","STK24",0.512619450391974,6.40146124440655e-06,8.75952245916094e-07,4526.2139710835,4.91763683570822
"ENAM","ENAM",2.12213428835391,6.48634117843509e-06,8.88508917087833e-07,16.7542190862394,4.91484904974378
"SP8","SP8",4.29663232436808,6.4870541357396e-06,8.8879500285476e-07,7.29972132249354,4.91478597704336
"SFXN4","SFXN4",0.790233838138906,6.59261273688827e-06,9.04023606682048e-07,429.202307776355,4.91145646531857
"PLA2G4E-AS1","PLA2G4E-AS1",2.25388900303184,6.61129492828368e-06,9.06969500008244e-07,2.75404896201836,4.91081862766485
"SLC16A12","SLC16A12",1.7494436396253,6.66009940677036e-06,9.14051635209421e-07,14.599346661578,4.90929334629696
"COPS8","COPS8",0.536959489865238,6.75258685615623e-06,9.2733329429263e-07,2191.26995274259,4.90646330308063
"ACSS2","ACSS2",1.22334508447991,6.76458511978287e-06,9.29177501784977e-07,1671.06546082915,4.9060734304052
"EIF4G1","EIF4G1",0.71922629505337,6.83301830188509e-06,9.39569787415011e-07,11476.6877625246,4.90389029192946
"AC008687.8","AC008687.8",6.4806737719155,6.84631409087933e-06,9.41596875226955e-07,2.74426651576945,4.90346716651249
"CERS3-AS1","CERS3-AS1",2.77055478388182,6.85324270010141e-06,9.42748850577444e-07,6.22575456138882,4.90322709886815
"AC068506.1","AC068506.1",6.16728837477311,6.88027796464815e-06,9.47067424028918e-07,3.51559657601775,4.90232963014185
"KRT8P12","KRT8P12",0.660968581554519,6.91989646918441e-06,9.52922887196564e-07,108.30020340661,4.90111904331189
"TMPRSS4","TMPRSS4",1.33492246827575,7.11474811139434e-06,9.80788734073357e-07,21.7796191842528,4.89545431988336
"AC011239.1","AC011239.1",3.10819115687824,7.13947553008345e-06,9.84404854807312e-07,4.33078476454033,4.89473060138496
"RHOV","RHOV",5.70050672468857,7.14701398781707e-06,9.85651865172402e-07,114.416156156572,4.89448162215286
"RAB11FIP3","RAB11FIP3",0.711580729306663,7.18700014794719e-06,9.91583905621852e-07,1616.88796255237,4.89330136224583
"PTPRU","PTPRU",1.38773554998292,7.22135620238265e-06,9.96743484190843e-07,578.161871184919,4.89228030788598
"AC091729.1","AC091729.1",3.57321769651192,7.23766011105863e-06,9.99414318809478e-07,1.92802314914881,4.89175376006585
"PKLR","PKLR",2.54433795734423,7.28168988903836e-06,1.0057056878813e-06,2.04236195449785,4.89051876741584
"TRIM67","TRIM67",2.30248711527861,7.31970339215867e-06,1.01138111526951e-06,3.76515092422007,4.8894110473677
"PMF1","PMF1",0.606687498451817,7.32405421351879e-06,1.01219501417225e-06,1542.16307481301,4.88925268276695
"UVRAG-DT","UVRAG-DT",2.16087407710865,7.37567445666544e-06,1.01984107251788e-06,5.80618384263447,4.88777090472737
"POP7","POP7",0.760061780990094,7.37567445666544e-06,1.01997171163542e-06,993.31532640329,4.88774568037099
"AL031123.3","AL031123.3",1.92891804547764,7.39217525301949e-06,1.02246829774831e-06,3.25004266395054,4.88726422553465
"N4BP2L2","N4BP2L2",0.50272589334331,7.4673833587025e-06,1.03373850027815e-06,2163.93033322857,4.88510480866737
"PTS","PTS",0.898345012607207,7.46983935016162e-06,1.03429546247881e-06,435.311788663223,4.88499868093045
"AC015660.1","AC015660.1",3.19180153525707,7.5272213885634e-06,1.04289665456743e-06,1.45321939611066,4.88336669224281
"AC006116.9","AC006116.9",1.97878080350278,7.5272213885634e-06,1.04288176843071e-06,3.32310739396167,4.88336950552868
"SLC38A1","SLC38A1",1.31582124474377,7.55087797626273e-06,1.0466129227003e-06,1520.19320890872,4.88266557238427
"FGF13","FGF13",1.35968168404557,7.61861761986026e-06,1.05644476929281e-06,273.097899628079,4.88082216457304
"CCDC160","CCDC160",2.10341589855799,7.62148396928805e-06,1.0570636096593e-06,4.4406644119397,4.88070668902215
"HOXA10","HOXA10",1.21189795643049,7.64605040472521e-06,1.06103575523157e-06,1090.82405590052,4.87996703252457
"NOSIP","NOSIP",0.605677726216025,7.64605040472521e-06,1.06113712192916e-06,1974.79283561012,4.87994819184096
"ADGRG1","ADGRG1",1.39501019660131,7.70021383492988e-06,1.06910137478113e-06,1342.19662923586,4.8784732912482
"AL118505.1","AL118505.1",1.90677008734039,7.70308817484412e-06,1.06972419437463e-06,5.50685598157399,4.87835839744433
"NDRG4","NDRG4",1.65671118471774,7.72012341380205e-06,1.07231410958526e-06,372.179517818284,4.87788131578815
"EPO","EPO",3.34480509666036,7.74634677313594e-06,1.0764064994389e-06,1.17522338020624,4.87712972298001
"TRIM52-AS1","TRIM52-AS1",1.28135651124266,7.79958363614364e-06,1.08403066396385e-06,303.815140660441,4.87573680281327
"AL391421.1","AL391421.1",3.59154323404205,7.8051326027071e-06,1.08502859987673e-06,1.00153850406222,4.8755551800623
"GSTA8P","GSTA8P",3.69254622968605,7.81895536151727e-06,1.08740438802558e-06,0.833263217871434,4.87512343649541
"EMC6","EMC6",1.03174503790378,7.91258833436211e-06,1.10111568229142e-06,875.589438578849,4.87264933048503
"RSPH14","RSPH14",1.64453147036781,8.23261875766942e-06,1.1480423682924e-06,5.71358625603614,4.86440050859644
"LINC01805","LINC01805",4.33191426223459,8.33953510872372e-06,1.16392082599679e-06,11.3406926206546,4.86168270517516
"EPGN","EPGN",5.45024359063473,8.42700912856546e-06,1.17710836816752e-06,2.74497999255261,4.85945246930833
"LAMB3","LAMB3",1.49894751969724,8.43285260805087e-06,1.17816954353214e-06,909.47783934006,4.85927405314381
"AC016205.1","AC016205.1",2.69626322300721,8.43719790330076e-06,1.17902170073138e-06,4.24189551095263,4.8591308912486
"AC092745.2","AC092745.2",1.76764953519802,8.48030539266711e-06,1.18603086051157e-06,5.96785871218803,4.85795711952781
"PICK1","PICK1",0.615261485910353,8.48259331025143e-06,1.18659722848179e-06,490.40135115437,4.85786256574557
"MSH3","MSH3",0.618504425320812,8.49821741238565e-06,1.18902966409497e-06,496.898353471584,4.85745696950107
"HSD17B10","HSD17B10",0.646918917082264,8.50822379885608e-06,1.1906768404464e-06,2274.60054296696,4.85718276431857
"AC022960.1","AC022960.1",3.77852169792237,8.51903952433862e-06,1.19268532901453e-06,1.17004751325296,4.85684890494712
"LINC01819","LINC01819",2.02776594158883,8.57121649308253e-06,1.20048814713733e-06,4.37919986824615,4.85555700010824
"ZFP3","ZFP3",0.535395922591994,8.57397528430102e-06,1.20112358534286e-06,250.835896787631,4.85545214725546
"RAB25","RAB25",5.55860480902457,8.70394021640111e-06,1.21958311850584e-06,205.971301659062,4.85242922728449
"AC008038.1","AC008038.1",1.0273442915849,8.70896762306356e-06,1.22073119588332e-06,114.653205064641,4.85224267587931
"AC015912.3","AC015912.3",1.50024199740293,8.72229342535323e-06,1.22291478924654e-06,13.7038521529103,4.85188832853662
"TYRO3","TYRO3",1.95829325094887,8.78880212487498e-06,1.23249496511259e-06,570.231183081019,4.85034084380378
"PLEKHJ1","PLEKHJ1",0.797699109787769,8.94261483437809e-06,1.25510383640394e-06,1063.71034193502,4.84673423087407
"HSBP1L1","HSBP1L1",1.06346204124654,9.03161694282139e-06,1.26812002734979e-06,213.303406691055,4.84468610652063
"PRR33","PRR33",1.7568236710587,9.27562732817948e-06,1.3050754844226e-06,240.836972228863,4.83897943487066
"SLITRK2","SLITRK2",2.33929518293287,9.30600482839123e-06,1.30989018817195e-06,24.9257337199906,4.83824742057638
"TTC39B","TTC39B",0.879614293276965,9.33455273324681e-06,1.31499305089599e-06,689.839019630888,4.83747441493522
"UBTD1","UBTD1",0.716387212493796,9.42595850453926e-06,1.32814350835134e-06,1182.34507745467,4.8354955425866
"PARD3-AS1","PARD3-AS1",2.79056802068039,9.46338985469133e-06,1.33369256346469e-06,1.49984321038167,4.83466617244673
"AL391650.1","AL391650.1",1.53363362352855,9.55458117133517e-06,1.34820946120443e-06,7.74342392581689,4.83251205379761
"SNRPN","SNRPN",0.774385867181559,9.56318794680365e-06,1.34970170307653e-06,3300.39802153044,4.8322918903884
"EMD","EMD",0.612475028504515,9.76694610630008e-06,1.38016128753195e-06,1927.57168879247,4.82784834837965
"SMYD2","SMYD2",0.778333591733307,9.83282395954258e-06,1.39004165827506e-06,1013.72228919964,4.8264272095793
"AC092164.1","AC092164.1",1.68314792815384,9.85377933311029e-06,1.39386270919737e-06,16.6623153099093,4.82588021378404
"FLJ37035","FLJ37035",1.0873702727471,9.89485234642969e-06,1.4002474913386e-06,33.6900055925581,4.82496942136846
"ZFAT","ZFAT",0.663072030993832,9.95342263415223e-06,1.40882504055489e-06,388.68549156987,4.82375209613749
"DGCR2","DGCR2",0.747219149426651,1.01209071729041e-05,1.43311904461216e-06,3566.83485388804,4.82034258179557
"CACNG4","CACNG4",2.80471473289449,1.01583636223235e-05,1.43901299483187e-06,3.17586851899291,4.81952378181544
"SMARCAD1","SMARCAD1",0.53169673209341,1.02173694726805e-05,1.44885551776537e-06,933.310734852937,4.81816359995167
"ATP5PO","ATP5PO",0.916688879390385,1.03229354853525e-05,1.464424796981e-06,4633.42744630469,4.81603005010816
"NUP35","NUP35",0.526637199843626,1.03723190769594e-05,1.4720329676433e-06,309.563922514133,4.81499537868258
"LNCOC1","LNCOC1",1.44331868140018,1.04769793826271e-05,1.4881035546952e-06,13.823141157695,4.81282665938295
"KIF22","KIF22",0.659448465934083,1.05417051173388e-05,1.4979093015575e-06,713.996515546733,4.81151441299585
"LAMC2","LAMC2",2.45411017763916,1.05887239326526e-05,1.50516748432161e-06,222.59452031596,4.81054840095233
"TOLLIP-AS1","TOLLIP-AS1",1.36111132440467,1.05887239326526e-05,1.50520549919837e-06,49.8307993489063,4.81054335324478
"CTF1","CTF1",1.16054188955741,1.06447073123012e-05,1.51384459884635e-06,100.556795226569,4.80939939970629
"AMER1","AMER1",0.786805508512046,1.06447073123012e-05,1.51409119636166e-06,252.346282468513,4.80936683850934
"ADAD2","ADAD2",2.16519188447588,1.07102668207034e-05,1.52372739885574e-06,5.86054350302672,4.80809843226108
"F3","F3",1.65924219656616,1.07200756856822e-05,1.52543426234916e-06,667.806274897031,4.80787456336818
"CCKBR","CCKBR",3.5238417524765,1.0776234922312e-05,1.53373855929269e-06,3.28711598363638,4.80678881252124
"AL359715.3","AL359715.3",1.0523243967603,1.08996410476207e-05,1.55225223819229e-06,15.4749544927131,4.8043884342022
"STARD5","STARD5",1.19065897335457,1.10658991652285e-05,1.57721526675312e-06,394.961539305488,4.80119508068476
"AC105046.1","AC105046.1",2.93930256781071,1.10929572165341e-05,1.58171624770437e-06,6.45918831571438,4.80062447495286
"XIRP2","XIRP2",7.49230794455333,1.10974565222078e-05,1.58268013024399e-06,3012.31128664735,4.8005024830004
"RAB3B","RAB3B",1.43128779314632,1.11472659634042e-05,1.59021337078727e-06,41.4035117256773,4.79955150577249
"ULK2","ULK2",0.567820533665048,1.11472659634042e-05,1.59043134693393e-06,756.238459814145,4.79952405352938
"AMY2B","AMY2B",1.14346072253636,1.12015809958974e-05,1.59850608321262e-06,147.498741342613,4.79850964934478
"DLX6","DLX6",1.44102128809832,1.12135640592634e-05,1.60054182023993e-06,33.2602404059963,4.79825468348566
"KANK1","KANK1",1.73583591638625,1.12411279138315e-05,1.6054556161354e-06,1176.75810338765,4.79764053722987
"AL590004.3","AL590004.3",1.5405166440388,1.12411279138315e-05,1.60514546572913e-06,18.7745120003918,4.79767924763291
"C16orf91","C16orf91",0.686129456013643,1.12522721248938e-05,1.60770089991729e-06,359.726419674141,4.79736051371899
"GRIK2","GRIK2",1.59927826689049,1.13046920307951e-05,1.61683233297418e-06,11.493385597911,4.79622553498271
"C21orf91","C21orf91",0.764277031610217,1.13878736526028e-05,1.63005232252895e-06,851.68395995239,4.79459324487045
"HAP1","HAP1",1.42987074488057,1.14333336458099e-05,1.63698595258572e-06,11.9022197067947,4.79374222027664
"ARRDC1-AS1","ARRDC1-AS1",0.635551238571208,1.14333336458099e-05,1.63722362245389e-06,245.085211921308,4.7937131104483
"FOLH1","FOLH1",1.78088271940116,1.14873680575013e-05,1.64596220017585e-06,19.5452572014089,4.79264561905135
"ZBTB33","ZBTB33",0.593252430897996,1.15303612808375e-05,1.65279228886178e-06,1101.50354167798,4.79181505180685
"PRB3","PRB3",2.15201241374453,1.15637401154535e-05,1.65791278058204e-06,2.27404237686109,4.79119453958668
"EIF2D","EIF2D",0.588907589425911,1.16024044547647e-05,1.6637931565346e-06,1526.2075022745,4.79048421127773
"MROH8","MROH8",0.742095840756661,1.16537282308524e-05,1.67210581123127e-06,75.2905467959202,4.7894841780883
"C1orf105","C1orf105",3.12502022901305,1.16821288927737e-05,1.67726162184793e-06,1.86932366139125,4.78886631934543
"AC018742.1","AC018742.1",2.5748590536994,1.16821288927737e-05,1.67716420385968e-06,3.99167259871479,4.78887797673057
"AC005833.1","AC005833.1",0.706845353980924,1.18368479920405e-05,1.70085067435298e-06,373.463978122354,4.78606255141371
"ARMC5","ARMC5",0.51668743576034,1.19705240208203e-05,1.72075413555942e-06,532.867401852398,4.7837257676626
"MPPED1","MPPED1",3.74132394052,1.19875380917623e-05,1.72354808743533e-06,2.60265216938588,4.7833998223807
"DDC","DDC",3.12011177284539,1.1996436128262e-05,1.7251758821606e-06,0.990268530731318,4.78321015621187
"AC068831.6","AC068831.6",2.09725309666942,1.20097389887488e-05,1.72743776787162e-06,2.35157145421783,4.78294689283944
"AC005696.1","AC005696.1",1.16848923835573,1.20841328393256e-05,1.73848930966597e-06,7.30793752078484,4.78166533662414
"TMPRSS11D","TMPRSS11D",2.63859895370716,1.22181024750152e-05,1.75918246684822e-06,2.60786699114168,4.77928663679738
"NXPE3","NXPE3",0.739766259417074,1.23377384637567e-05,1.77748294354111e-06,1508.55184223325,4.77720527752651
"LRRN1","LRRN1",1.95011045728027,1.23387425146945e-05,1.77798598859648e-06,152.867435491915,4.77714835622145
"AC119427.1","AC119427.1",3.30465433719277,1.23598987458043e-05,1.78139356270132e-06,2.21540677903239,4.77676318429908
"L3MBTL4","L3MBTL4",0.787831447682234,1.24261198190694e-05,1.79202059084698e-06,166.154001940297,4.77556649913434
"KIF1A","KIF1A",3.56327856451281,1.25349523246967e-05,1.80990031387438e-06,17.7047083931589,4.77356840931204
"LINC02012","LINC02012",1.67429010363669,1.25916537864575e-05,1.81918455715811e-06,6.21969214189301,4.77253834853901
"SLPI","SLPI",2.47316354528333,1.26333408002831e-05,1.82557425587918e-06,558.848859878832,4.77183235981369
"NEU3","NEU3",0.889162394153441,1.26432468619006e-05,1.82737296342563e-06,507.184307659959,4.77163405143087
"PPP1R1A","PPP1R1A",3.01783035389417,1.26577623047991e-05,1.82983859042015e-06,2160.59959511481,4.77136251940684
"AL162595.1","AL162595.1",1.10360758399406,1.27052938914384e-05,1.83707891807773e-06,8.99761872377988,4.77056719126425
"FOXN3","FOXN3",0.691384815497988,1.27248331757818e-05,1.84027374178627e-06,6137.83969182711,4.77021720680969
"ECHDC3","ECHDC3",1.95466270342776,1.28182715252217e-05,1.85453149956806e-06,317.837575770084,4.76866238994995
"INSYN1-AS1","INSYN1-AS1",3.20172480534803,1.29993220356272e-05,1.88223598081798e-06,1.07495853490225,4.76567376729079
"PRKG1","PRKG1",1.31923129058925,1.30385054241702e-05,1.88828825505148e-06,656.694900238064,4.76502650554621
"FBL","FBL",0.709642453338686,1.3179425886332e-05,1.91252502986274e-06,4334.38594711131,4.76245431659982
"AC104170.1","AC104170.1",2.27533143966665,1.32457000003344e-05,1.92329656970116e-06,2.18532764952071,4.76132119693422
"SRF","SRF",0.542512848382809,1.32955456524504e-05,1.93130660531848e-06,2237.09993197781,4.76048252139985
"MCM4","MCM4",0.858731630259263,1.33732500595154e-05,1.94414768641438e-06,986.751358254715,4.75914496801254
"SYNE4","SYNE4",1.82314512514612,1.34174189794033e-05,1.95095850502186e-06,5.83300277283024,4.75843897985077
"AL355596.1","AL355596.1",2.89114612297446,1.34205194663795e-05,1.95179914511914e-06,7.4239147060081,4.758352005936
"AL135936.1","AL135936.1",2.48240975018142,1.36500706165751e-05,1.98875201036193e-06,1.40429836098533,4.75456393363034
"SERPINB10","SERPINB10",1.84259634666395,1.36896849163437e-05,1.99730705631446e-06,8.05307979080854,4.75369659111995
"SLC7A11","SLC7A11",1.78530712602169,1.38020104104637e-05,2.01449698828221e-06,80.1903051539565,4.75196454892569
"HMCES","HMCES",0.63237095340838,1.38859249822089e-05,2.02714822123219e-06,1734.74980665096,4.75069886765323
"TPRG1L","TPRG1L",0.631748855704414,1.39166508324894e-05,2.03349650901733e-06,3500.11535579468,4.75006661508625
"FBXO10","FBXO10",0.811828639479534,1.42538939487361e-05,2.08376461728793e-06,298.055672778191,4.74512612086614
"TMEM253","TMEM253",1.50462654979795,1.43545893939516e-05,2.09890214386988e-06,7.54312068765947,4.74366077641808
"SERPINB5","SERPINB5",5.83241775131095,1.44513690961688e-05,2.11557163485217e-06,1166.5911653643,4.74205883189443
"AP005264.3","AP005264.3",4.69745809371648,1.44833502790214e-05,2.12067412444948e-06,2.57301412806185,4.74157090355123
"ADGRB1","ADGRB1",1.85722490006825,1.45289974280497e-05,2.12820187143182e-06,41.1510504384619,4.74085311354269
"BTBD3","BTBD3",0.748210458982195,1.45665267945718e-05,2.13412225955096e-06,711.721806252325,4.74029030030172
"EIF4E3","EIF4E3",0.697957735311048,1.45670720533176e-05,2.13462526167618e-06,1638.54600355047,4.74024255225862
"PRKCZ","PRKCZ",1.29536020401689,1.46379196566269e-05,2.14585745634356e-06,179.472789906338,4.73917912879369
"LAMA3","LAMA3",1.5630696622162,1.46398981673378e-05,2.14699796232394e-06,452.063383833164,4.73907144895999
"MRPS24","MRPS24",1.02298019367472,1.46836186303893e-05,2.15383624037022e-06,2135.93690725359,4.73842696902609
"MRPL12","MRPL12",0.822480828200333,1.47206796153044e-05,2.16012761172643e-06,1585.42545242377,4.73783576613601
"AADAC","AADAC",6.11073596109889,1.47216641336211e-05,2.16069968825338e-06,46.3254160698611,4.73778208990478
"CREB3L4","CREB3L4",0.529661267387012,1.49218397544271e-05,2.19181316481171e-06,206.617496706499,4.73488317139688
"AL158070.2","AL158070.2",5.83822230842958,1.50559848852025e-05,2.21326651283867e-06,1.02769357160433,4.73290723988427
"MSI2","MSI2",0.938761069392309,1.51374189179462e-05,2.22655656443823e-06,1342.78288004178,4.73169238335386
"PNMT","PNMT",3.10727421024227,1.52009504682071e-05,2.23678445079404e-06,19.894430388592,4.73076217459616
"FAM210A","FAM210A",0.593001737859838,1.52009504682071e-05,2.23666224142237e-06,508.703767195453,4.73077326519878
"AL365356.3","AL365356.3",2.62644612523277,1.52325779233086e-05,2.24220576369916e-06,1.48011358382637,4.73027077043576
"COL4A3","COL4A3",2.04708527918152,1.52325779233086e-05,2.24232325186848e-06,40.2448830462466,4.73026013358924
"AC015813.5","AC015813.5",0.931660071490551,1.52621326969712e-05,2.24711719068627e-06,27.1016655408384,4.72982656789442
"AC022748.2","AC022748.2",2.68015055102591,1.54214052167856e-05,2.27101558176783e-06,1.44869361378589,4.72767835187644
"FXYD4","FXYD4",5.83883117057535,1.54225592456703e-05,2.27163349409766e-06,0.843014134641955,4.7276230963665
"INHA","INHA",2.14446544724375,1.54940727564238e-05,2.28261696934418e-06,1.80270955717654,4.72664332298276
"ARHGEF26","ARHGEF26",1.54119651670319,1.56814074425254e-05,2.31067096421318e-06,248.237533044701,4.72416118669517
"AC040174.1","AC040174.1",2.69458982338767,1.58986687558063e-05,2.34499360816731e-06,1.66803600207386,4.72116347903548
"PLA2R1","PLA2R1",1.07212961651143,1.59292923309402e-05,2.35102762219005e-06,637.012196424287,4.72064083172585
"AL162377.1","AL162377.1",0.911641381938854,1.61671579408485e-05,2.38882108879681e-06,63.9839102150316,4.71739628457303
"EEF1DP1","EEF1DP1",4.47736920989595,1.62608454911021e-05,2.40408108370251e-06,0.899911566488023,4.71610017010323
"TBILA","TBILA",2.01439324880326,1.63292579853241e-05,2.41609272037996e-06,4.81271466136288,4.7150854998568
"MTERF2","MTERF2",0.757203176181745,1.63413965576611e-05,2.41836340947145e-06,203.602645658709,4.71489423022737
"CHRM3","CHRM3",1.69675876683234,1.64323254553353e-05,2.43468375007741e-06,42.6076081199173,4.71352455117351
"KLF4","KLF4",1.24010201415851,1.6433139176096e-05,2.43528163345074e-06,6058.97990003534,4.71347454154854
"PAFAH1B1","PAFAH1B1",0.520113754866534,1.64864537650978e-05,2.44461910278914e-06,5511.99270210272,4.71269503980488
"LRP1B","LRP1B",2.30512897003069,1.66100085043063e-05,2.4639047702885e-06,93.3073883310297,4.7110940599384
"ABCC12","ABCC12",5.82690709923441,1.67305393267309e-05,2.48615775518634e-06,2.95926068541653,4.70926163232207
"AL050341.2","AL050341.2",0.927754238700117,1.67471659510638e-05,2.48960135173535e-06,142.08952202879,4.70897947617399
"ITGA2","ITGA2",1.48898626923428,1.67756868102232e-05,2.49481574498498e-06,406.379173064323,4.70855293954421
"ANAPC16","ANAPC16",0.732939733098348,1.67981656174952e-05,2.49864662853471e-06,3127.64248042988,4.70824011877829
"PXMP2","PXMP2",1.04080551122891,1.6838541387934e-05,2.50611961402851e-06,350.022968618565,4.70763121548851
"ACOT8","ACOT8",0.650480804711955,1.68594430244892e-05,2.50972015512104e-06,537.382285680067,4.70733846317883
"AC104187.1","AC104187.1",2.77329601868406,1.69251720409928e-05,2.5204878893392e-06,1.56920812653001,4.70646536125752
"GPD2","GPD2",0.700419737627567,1.70905456221352e-05,2.5461080659908e-06,1089.10993964732,4.70440225877964
"SVOPL","SVOPL",2.26141291039387,1.72520026641919e-05,2.5721659601283e-06,4.98731535200735,4.70232424878344
"MPC2","MPC2",0.774821403980727,1.74986200790193e-05,2.61045987933783e-06,2269.74293056926,4.69930684343343
"CRY2","CRY2",1.1727650800346,1.76146046754422e-05,2.62980910978776e-06,2526.26823076994,4.69779832253629
"DYNC1I1","DYNC1I1",1.14087967671785,1.76905784115651e-05,2.64311513177868e-06,117.836867080688,4.6967671164767
"AL512625.2","AL512625.2",2.05928951341744,1.7855101880396e-05,2.6709008563971e-06,4.89076557499401,4.69462971467783
"MBLAC2","MBLAC2",0.580239829483015,1.7855101880396e-05,2.67065688135752e-06,317.003143967789,4.69464838928381
"MINCR","MINCR",1.25842321535888,1.78773319406633e-05,2.67526473098342e-06,40.7341280411821,4.69429596642125
"SPRR2G","SPRR2G",8.26549140938934,1.79668283374015e-05,2.68917934305304e-06,552.172875866074,4.69323525786339
"AL356740.1","AL356740.1",3.23959701151506,1.81059055801507e-05,2.71104749813166e-06,0.828160898069768,4.69157884913484
"SPG7","SPG7",0.538345802480639,1.81335956242684e-05,2.71677373736424e-06,1829.65192954979,4.69114723219303
"AL135905.1","AL135905.1",0.943934320502189,1.84474440432841e-05,2.76540196082809e-06,14.7306710844514,4.68751665947988
"SNHG19","SNHG19",1.50443023658073,1.85149291431169e-05,2.77659402712654e-06,231.829829468301,4.68668973875076
"JSRP1","JSRP1",3.16456457456695,1.86032711239372e-05,2.79038259800197e-06,580.512141512409,4.68567536300174
"ASB1","ASB1",0.668722754050615,1.86157451823961e-05,2.79279434957232e-06,1056.1527276274,4.68549843345488
"GAPDHS","GAPDHS",4.81111614004326,1.86705278237742e-05,2.80209763173699e-06,3.19809581733036,4.6848173021832
"AL035701.1","AL035701.1",1.9249953017574,1.87023045731895e-05,2.80740995800638e-06,5.17961624331239,4.68442933777699
"SIM2","SIM2",1.56300797602179,1.87253561627545e-05,2.81195803884747e-06,104.81995708682,4.68409774627551
"PFKFB1","PFKFB1",3.45070751374428,1.87561154805613e-05,2.81766670342347e-06,83.145106374662,4.68368226654039
"AMD1P3","AMD1P3",2.75995656347647,1.87604552897304e-05,2.81886357655907e-06,1.64557221799141,4.68359525989193
"UQCR10","UQCR10",1.17961714089201,1.89336459773616e-05,2.84653629542302e-06,1853.22577679026,4.6815934149741
"SLC25A26","SLC25A26",0.662075062441178,1.89529794177753e-05,2.84999344852512e-06,862.118687600401,4.6813446378057
"RRP15","RRP15",0.576969191732028,1.90694555138365e-05,2.86806206142226e-06,848.448943866789,4.6800491111625
"CRYBG1","CRYBG1",0.941273925177071,1.91527630305859e-05,2.88170420873808e-06,2206.11861144397,4.67907614188662
"AC009061.1","AC009061.1",3.99895497950002,1.92342461266088e-05,2.89452274840131e-06,0.821330610745672,4.67816593193384
"DBNDD2","DBNDD2",0.898518871614145,1.93074060509351e-05,2.90665404792601e-06,2027.83692978266,4.67730807613121
"FABP5","FABP5",1.46541553104438,1.93463958423531e-05,2.91468893240277e-06,5294.898002703,4.67674178431862
"AC018413.1","AC018413.1",0.932450296316591,1.9348254552035e-05,2.91561358824089e-06,13.1588975396831,4.67667671148973
"TMEM56","TMEM56",1.89933104391046,1.93961055219745e-05,2.92395107642174e-06,228.492906159999,4.67609085175209
"DDR1-DT","DDR1-DT",0.745475589226756,1.9521202935753e-05,2.94451048115968e-06,61.8600292343153,4.67465300193841
"LINC00957","LINC00957",0.716399030891191,1.96680475397637e-05,2.97294409773818e-06,245.762259032125,4.67268025016361
"AC233263.6","AC233263.6",1.47834141234293,1.97086680417582e-05,2.97965659223166e-06,22.5847330088682,4.67221717239497
"CENPU","CENPU",1.56803844293419,1.97603610753471e-05,2.98861973159442e-06,207.118686781857,4.67160038640621
"PTPRF","PTPRF",1.98754287254238,1.97726200532682e-05,2.99104813632569e-06,3460.58169514345,4.67143358464059
"TFAP2B","TFAP2B",4.33479353852318,1.99139851751832e-05,3.01328036312345e-06,27.696240721447,4.66991251310127
"RASA4B","RASA4B",1.06177799007062,1.99139851751832e-05,3.01358960040387e-06,1622.5554949817,4.66989143189615
"MYOD1","MYOD1",8.6694764439073,2.00682522828585e-05,3.03810069996103e-06,73.5408412971676,4.66822703718622
"REEP1","REEP1",1.77211907282684,2.00832139539333e-05,3.04094906302586e-06,124.81767226453,4.66803445888166
"TP53INP2","TP53INP2",0.82588756712057,2.02451332185204e-05,3.06781863602362e-06,1271.36763802749,4.66622627056271
"LINC00992","LINC00992",5.04861405370976,2.02733233529754e-05,3.07267925106964e-06,2.16450940431836,4.66590079889366
"AP3S2","AP3S2",0.565295797890759,2.02846375697645e-05,3.07498325422914e-06,1253.14576032339,4.66574669303172
"MOSPD3","MOSPD3",0.659523700181117,2.03458397150727e-05,3.08485196098175e-06,853.267199240354,4.66508786423597
"ZNF250","ZNF250",0.518616877108036,2.04502861296255e-05,3.10306421346473e-06,250.863222801648,4.66387731638585
"USP31","USP31",0.660046123405628,2.07226058803949e-05,3.14679282975208e-06,399.361261167006,4.6609983262822
"AC007098.1","AC007098.1",1.27784630355052,2.08009085610648e-05,3.16049589528668e-06,17.4769448818513,4.66010404208123
"MED14","MED14",0.567705649816729,2.09799964470631e-05,3.1901441094567e-06,1310.87727919886,4.65818181220187
"ITPKC","ITPKC",0.832122684112795,2.11749392329337e-05,3.22409177004294e-06,835.982232993458,4.65600176049543
"SLITRK6","SLITRK6",3.20920584075287,2.12667278396541e-05,3.23992063201422e-06,34.0787506092799,4.65499277808294
"PCAT7","PCAT7",1.93154805200984,2.14144228458864e-05,3.26423593854211e-06,12.5091308872814,4.65345201491192
"LINC01152","LINC01152",1.76823549768147,2.14144228458864e-05,3.26428753035936e-06,7.58185044427359,4.65344875746374
"LINC00462","LINC00462",3.44475795855553,2.15320565005982e-05,3.2828443293726e-06,2.73117110421649,4.6522802935268
"FGF11","FGF11",1.11187263027927,2.16155496050406e-05,3.29620179581919e-06,184.669276366579,4.65144312978894
"SLC25A48","SLC25A48",1.52064904202444,2.16390961428662e-05,3.30104952196855e-06,30.8537727311981,4.65114010863501
"GBE1","GBE1",0.903168550034195,2.17312534762841e-05,3.31637056362253e-06,1996.28214560665,4.65018522063595
"PRSS22","PRSS22",3.47181092247243,2.17352978607788e-05,3.31871821898446e-06,4.03662268482196,4.65003927632328
"ATP1A4","ATP1A4",1.6827593448895,2.17352978607788e-05,3.31918117285412e-06,9.41768407871548,4.65001050802697
"PSORS1C1","PSORS1C1",1.52081661164135,2.18544533121215e-05,3.34025018381502e-06,56.7540373554642,4.64870531998524
"MYL1","MYL1",8.56022643831639,2.18829168468507e-05,3.3452361846455e-06,4100.40240411998,4.64839760146016
"LRRC28","LRRC28",0.537530672410453,2.20083465638273e-05,3.36504985221294e-06,557.381736586665,4.64717910244824
"FABP3","FABP3",1.69349528783212,2.21488136404674e-05,3.38845711177941e-06,1919.77646307937,4.64574843935549
"TCHP","TCHP",0.563984877553809,2.23438621109051e-05,3.42024379355379e-06,609.953039592653,4.64382072139769
"TLE2","TLE2",1.18568426476113,2.24339745733124e-05,3.43534082579595e-06,948.864669030297,4.64291116483226
"ZNF181","ZNF181",0.536315254347859,2.25037954456106e-05,3.44733987394419e-06,373.399538936338,4.64219098338309
"CIB2","CIB2",1.21861394918609,2.25142732138171e-05,3.44959890794949e-06,201.325952348419,4.64205566534738
"GABRB3","GABRB3",1.5076684830452,2.28188100507317e-05,3.49957351771417e-06,39.9382423664191,4.63908367540775
"FLG","FLG",4.94710954808906,2.3145894426747e-05,3.55355343916964e-06,10549.7361891748,4.63591886420289
"TRIAP1","TRIAP1",0.685975516574746,2.3145894426747e-05,3.55377012721577e-06,914.659251149382,4.63590625304254
"CCDC197","CCDC197",2.91084743076479,2.32224454878216e-05,3.56754717628351e-06,0.921639667739064,4.63510594395048
"TLE1","TLE1",0.911871853830529,2.32224454878216e-05,3.56694583683002e-06,1163.3136248184,4.63514081387695
"WFIKKN2","WFIKKN2",2.30728215039153,2.32890392841698e-05,3.57845410169798e-06,17.8888122479182,4.6344744592045
"THAP10","THAP10",0.618237211219323,2.34205550370553e-05,3.59934229990297e-06,79.884686281335,4.633270217231
"TYRP1","TYRP1",5.85501246907393,2.3465694473921e-05,3.60764264117764e-06,504.844242784332,4.63279354709072
"SLC35F2","SLC35F2",0.973737020698095,2.34889910277312e-05,3.61190654411552e-06,481.548665766965,4.63254908928572
"EIF4BP6","EIF4BP6",0.863584252980187,2.3542268322806e-05,3.62146662709366e-06,18.2013360522629,4.63200199531796
"ENPP5","ENPP5",1.98539245215601,2.37789232314204e-05,3.65994290122275e-06,95.9103333843637,4.6298140278472
"AC073283.2","AC073283.2",3.37956654830999,2.38473912713604e-05,3.6725592111291e-06,0.917485713199009,4.62910139566935
"FAM66B","FAM66B",0.979098600358607,2.40368157902442e-05,3.70452686462063e-06,37.1902241325938,4.62730615747054
"UGP2","UGP2",0.732388273004219,2.41003208037732e-05,3.71823647624264e-06,7561.30205995322,4.62654079986765
"CR381653.1","CR381653.1",1.10057840490734,2.41023354210225e-05,3.71952213581656e-06,32.2148985329173,4.62646916498671
"CCNB1IP1","CCNB1IP1",0.823730055411061,2.41662235581845e-05,3.73008342012875e-06,796.318616904992,4.62588160401889
"TOMM40L","TOMM40L",0.50565617943268,2.41974458263494e-05,3.73560545390516e-06,626.539758598318,4.62557502870351
"DDX31","DDX31",0.514482029726701,2.43231833620952e-05,3.75642982271001e-06,343.516706452943,4.6244227851139
"ENTPD3","ENTPD3",1.98100476304773,2.44997667914346e-05,3.786547551331e-06,78.7150821202774,4.62276711210071
"LINC02137","LINC02137",1.95298529924436,2.47287433617167e-05,3.82480999190023e-06,5.54288638353737,4.6206818087207
"FEM1B","FEM1B",0.503289505137703,2.47928398036282e-05,3.8354439640445e-06,2915.67053723546,4.62010580791474
"TSPAN8","TSPAN8",3.65608744784177,2.48350529611313e-05,3.84269568734595e-06,82.1058790686171,4.61971388758389
"AC010457.1","AC010457.1",1.84223884932498,2.49162056389149e-05,3.85814721334539e-06,6.08770265047815,4.61888116706223
"CHAF1A","CHAF1A",0.672753719202837,2.49479984332606e-05,3.86451945058031e-06,427.894539709545,4.61853868226106
"FOXN1","FOXN1",5.62603612301972,2.51112233818723e-05,3.89199163371879e-06,55.4693496784397,4.6170683218825
"KLHDC8B","KLHDC8B",0.820771148937989,2.51606291647606e-05,3.90037986093666e-06,1021.13930478066,4.61662135110051
"LINC01405","LINC01405",8.50468530977648,2.5230397433749e-05,3.91192812540235e-06,63.4476621720218,4.61600750124798
"SHOX","SHOX",1.99770355604453,2.53173634632915e-05,3.92614742449498e-06,17.5954753460026,4.61525405365575
"LINC01806","LINC01806",1.83833673941148,2.55008215545686e-05,3.95904180344979e-06,22.9564897992588,4.61352103245407
"MEF2C-AS2","MEF2C-AS2",2.48979840104757,2.56256542081003e-05,3.98214389489185e-06,1.23730638097159,4.61231214263479
"AC104819.3","AC104819.3",2.45253587464907,2.59485742651174e-05,4.03316942255294e-06,1.1916819148146,4.60966571575056
"LINC01703","LINC01703",1.30239911746867,2.59485742651174e-05,4.03383203981958e-06,8.99440038836487,4.60963156076293
"CADM2","CADM2",2.62502690614728,2.59584624916898e-05,4.03612320547274e-06,25.3745278180447,4.60951350273903
"LINC01451","LINC01451",2.5469587639422,2.6294657703078e-05,4.09145118262428e-06,3.09561768798436,4.60668192235459
"SLC25A10","SLC25A10",1.45089546112269,2.63730405523874e-05,4.10441359590134e-06,362.198087577783,4.60602383806646
"LINC01003","LINC01003",0.888928635632537,2.63746887526757e-05,4.1054361864061e-06,257.4953671708,4.60597200731548
"AC006329.1","AC006329.1",2.8221405249136,2.66995899728234e-05,4.15988731887488e-06,1.80378046844882,4.60322982815515
"IMMP2L","IMMP2L",0.860052808009659,2.66995899728234e-05,4.15976739615817e-06,295.841782304391,4.60323582962576
"NRG2","NRG2",1.46427561631371,2.67178842449637e-05,4.16428973098859e-06,75.5681186019868,4.60300962638941
"RPTN","RPTN",4.71317170453473,2.68441552949502e-05,4.18552996465937e-06,46.8553113170125,4.60195034783778
"TWNK","TWNK",0.640485286710304,2.69174952981486e-05,4.19774695758567e-06,332.227486764231,4.60134340137426
"RASSF7","RASSF7",1.14460880234885,2.7026199546278e-05,4.21626925069883e-06,244.274428423528,4.60042642528251
"FMC1","FMC1",1.16436992244715,2.70687852111834e-05,4.22369914472166e-06,353.661198353628,4.6000596807059
"KRT18","KRT18",1.18035413482762,2.72393167874164e-05,4.25347295948504e-06,367.416389499086,4.59859620085752
"MRPS25","MRPS25",0.607672157733142,2.72712430629677e-05,4.25925043422729e-06,1010.08643485304,4.59831335675418
"TSPAN3","TSPAN3",0.688839855010639,2.72854970061899e-05,4.26226916751741e-06,7923.10725826159,4.5981657167691
"TXN2","TXN2",0.677499597908645,2.72936663791882e-05,4.26635098690438e-06,2474.0644293428,4.59796624270278
"MYB","MYB",1.5898190830068,2.76826386151223e-05,4.33073926981088e-06,47.542551466275,4.59484361944351
"AL356476.1","AL356476.1",4.14196935301354,2.77513368349542e-05,4.34309872390883e-06,2.27740050832236,4.59424931858324
"AHCY","AHCY",0.512196384381024,2.77941834528503e-05,4.35061155534479e-06,2807.8546534537,4.59388885758076
"CORO2A","CORO2A",0.946066187021824,2.79443936494632e-05,4.3757472453891e-06,287.380149920592,4.59268718337581
"TTC7B","TTC7B",0.502170995981767,2.81003016039325e-05,4.40097671222273e-06,951.741210508819,4.5914876583567
"AC107241.1","AC107241.1",2.10775164260221,2.8140181336721e-05,4.40803990789289e-06,2.39140997587393,4.59115302187736
"AC002470.1","AC002470.1",1.48233186262089,2.83806112346249e-05,4.44899961755753e-06,6.29394408330411,4.58922252298362
"FUZ","FUZ",0.589931762530989,2.83910677238417e-05,4.45146344758039e-06,577.450161223222,4.58910694221361
"AC109583.3","AC109583.3",4.13297652709957,2.84780642631683e-05,4.46593089801457e-06,1.88565405335524,4.58842949346836
"AC093912.1","AC093912.1",3.13022893103831,2.86964189765687e-05,4.50267385010526e-06,1.28515946319736,4.58671838378484
"HIPK4","HIPK4",1.24299848797057,2.8957414238699e-05,4.54699028042311e-06,12.9539377913113,4.58467228765077
"ELOVL1","ELOVL1",0.556585810628533,2.91159372146532e-05,4.57272779480742e-06,3817.45996653417,4.58349273471308
"AL022068.1","AL022068.1",1.49312466855622,2.91980496522432e-05,4.58647184034308e-06,15.4878879592383,4.58286544611958
"NT5M","NT5M",1.22964895285816,2.9235052170457e-05,4.59313341437208e-06,102.226712016359,4.58256205449756
"CARD18","CARD18",5.50593838673044,2.93433819361255e-05,4.61356240328358e-06,22.2280708535154,4.58163426761639
"PIGN","PIGN",0.525375276138648,2.97298437784644e-05,4.67864219797027e-06,1066.23728267346,4.57870467326442
"ALOXE3","ALOXE3",5.56480334354915,2.97456006756138e-05,4.68198588535934e-06,105.64530347708,4.57855521213758
"AC037441.1","AC037441.1",1.92851704463088,2.99194440978725e-05,4.71021804956631e-06,2.93833030861013,4.57729730944273
"PICSAR","PICSAR",2.6729982518066,3.00197357909504e-05,4.72687892769671e-06,9.52972837263471,4.57655835729952
"SCN3B","SCN3B",1.37515414261955,3.0319238589234e-05,4.78196425989139e-06,122.280894577466,4.57413282012854
"AIRE","AIRE",1.81475500555807,3.04968950688448e-05,4.81175595486131e-06,5.21131232893813,4.57283214940528
"FGFBP1","FGFBP1",4.42047526482132,3.05329744149635e-05,4.81833536646035e-06,95.4415076247911,4.57254593995853
"RPL4","RPL4",0.834440602390439,3.05839232975734e-05,4.8272638317362e-06,51370.727013965,4.57215814293679
"PLA2G2F","PLA2G2F",5.12503992112932,3.09292341616719e-05,4.88356328868504e-06,16.1461538558551,4.56972855337797
"MALSU1","MALSU1",0.720216941727352,3.09544377310303e-05,4.88844190611165e-06,797.916138796507,4.56951928254206
"SGCB","SGCB",0.830282921521349,3.10791720097605e-05,4.90904314479719e-06,2837.07620974748,4.56863778170551
"BARD1","BARD1",0.683080595013331,3.11792911786028e-05,4.92576288835892e-06,231.04363680887,4.56792496573725
"SCEL","SCEL",5.49861303191176,3.19427072697659e-05,5.05286347714492e-06,723.812649012085,4.56258081326861
"SYT8","SYT8",5.05752478845916,3.20730658131355e-05,5.07516343801027e-06,87.915959256044,4.56165646996628
"AC020637.1","AC020637.1",2.42025380293028,3.2461120939281e-05,5.13958319507438e-06,2.5205238107408,4.55900792542894
"VN1R2","VN1R2",3.10940393640429,3.2572813423888e-05,5.15821362806545e-06,1.06626051947684,4.55824788152142
"AC084125.2","AC084125.2",1.98967655648743,3.27647456164968e-05,5.19241466491247e-06,21.5235259943602,4.55685943869594
"FLII","FLII",0.579021552690725,3.27855770496482e-05,5.19666823399356e-06,7556.5621588102,4.55668737127267
"IMMP1L","IMMP1L",0.60826201351685,3.28203623869765e-05,5.20313517799808e-06,212.760736834868,4.55642602554598
"KDM4B","KDM4B",0.638210963636444,3.28300350427906e-05,5.2056222057219e-06,1451.04362539833,4.55632560120138
"TMEM120B","TMEM120B",0.674788391635643,3.32021925300909e-05,5.27191638093621e-06,393.931502530232,4.55366548657916
"LINC00964","LINC00964",1.54930046313176,3.32024186847504e-05,5.27334801232181e-06,4.00502160912967,4.5536083950709
"TRIM32","TRIM32",0.510563089142568,3.32443363417203e-05,5.28097117035169e-06,644.250388966561,4.55330464359367
"MAGIX","MAGIX",0.735772766572721,3.40109088939071e-05,5.41064679946349e-06,59.4451628863645,4.54820091684162
"DMRTA1","DMRTA1",2.74544235717123,3.42293209802349e-05,5.44638725251907e-06,21.1136945285267,4.5468148413582
"AFDN-DT","AFDN-DT",1.38068583174324,3.42479705223834e-05,5.45034943918143e-06,7.61861566487232,4.54666171757945
"PLEKHG5","PLEKHG5",1.12778197661842,3.42835252157626e-05,5.45700354892469e-06,628.482496189712,4.54640480059171
"TMC5","TMC5",2.00633245455857,3.44481550386586e-05,5.48721047496234e-06,25.3964753166205,4.54524226123689
"UNC13B","UNC13B",0.795408385613355,3.45385372786208e-05,5.50361378850104e-06,1256.73153967613,4.54461352998838
"AC096751.1","AC096751.1",2.92013057159164,3.45733196059453e-05,5.51200322650617e-06,2.4571480004998,4.54429265984945
"STRN","STRN",0.669955169309843,3.47351686713638e-05,5.53999102981465e-06,1441.81684796595,4.5432255838889
"DCDC2","DCDC2",1.60493047368783,3.48328752630532e-05,5.55658623633926e-06,6.13105831231029,4.5425953019226
"AC093827.4","AC093827.4",0.678669991995294,3.49017630781702e-05,5.56858907251042e-06,112.285518481713,4.54214055907823
"C6orf132","C6orf132",1.40802600305335,3.49824367875338e-05,5.58349280084518e-06,1463.96468865803,4.54157721629312
"KRT6B","KRT6B",6.2700894335665,3.51289320103742e-05,5.60993575557794e-06,168.247617983453,4.54058123816486
"AC090587.1","AC090587.1",1.11028270620975,3.51767492533903e-05,5.61961545525871e-06,11.7277547265275,4.54021777401065
"AL139289.2","AL139289.2",1.34954106865094,3.54641312890976e-05,5.67067627357042e-06,12.8968158617581,4.53831034861945
"FUT9","FUT9",2.57807125685143,3.56344466339735e-05,5.69968268740454e-06,3.70539027744033,4.53723409601984
"ANXA3","ANXA3",1.89056851916945,3.56344466339735e-05,5.69997959838771e-06,224.356802168245,4.53722310657933
"SAC3D1","SAC3D1",0.628906321558523,3.57709695399826e-05,5.72389541058918e-06,364.732837348715,4.53633971544686
"ARHGAP10","ARHGAP10",0.667964649350669,3.59804885049829e-05,5.76055689088724e-06,882.233502439595,4.53499236618588
"NDUFB5","NDUFB5",0.744830267620399,3.61108472361609e-05,5.78457425663492e-06,2769.7912544423,4.53411414437036
"RALGAPA1","RALGAPA1",0.55955100976318,3.65068963559878e-05,5.85331903930094e-06,780.633155761996,4.53161957143257
"AC021097.2","AC021097.2",0.773787290080621,3.66865700573186e-05,5.88532376050223e-06,338.295741895131,4.53046775352875
"PPP1R3A","PPP1R3A",8.72136475825112,3.67090517545721e-05,5.89106282514263e-06,197.41446235118,4.53026184441265
"ADORA2BP1","ADORA2BP1",2.03777829801192,3.67380204146078e-05,5.89677880827009e-06,3.25579443680545,4.53005695416893
"HOOK2","HOOK2",1.29169290637206,3.67879089210776e-05,5.90746964669104e-06,673.34160763702,4.52967424923237
"EIF6","EIF6",0.599965066964158,3.67879089210776e-05,5.90685270657191e-06,3295.23951775232,4.52969631609692
"CD3EAP","CD3EAP",0.69462862050471,3.68502983669036e-05,5.9222929262251e-06,207.286476286695,4.52914470862823
"DNAJC27","DNAJC27",0.634597433207529,3.70542915186481e-05,5.95722968385375e-06,170.740870780441,4.52790164360937
"AC013717.1","AC013717.1",1.31082079112214,3.71946228449755e-05,5.98087115341536e-06,14.5915525315577,4.52706442169628
"TSC22D1","TSC22D1",0.861753160620414,3.72548958345849e-05,5.99272723166989e-06,4261.02470011658,4.52664575083124
"GIN1","GIN1",0.512277679612371,3.72899514461913e-05,6.0016155734677e-06,187.480606129313,4.52633239851354
"CYP3A4","CYP3A4",2.86574490033997,3.74734080919054e-05,6.03331884086882e-06,4.40026115778424,4.52521832753602
"PLEKHF2","PLEKHF2",0.596322509458531,3.77005424810256e-05,6.07098313915435e-06,1252.85127363706,4.52390204109388
"LCMT1-AS1","LCMT1-AS1",1.12427938708097,3.77940248472724e-05,6.08713453520755e-06,9.43665417416033,4.52333997703726
"LINC00526","LINC00526",0.791466785798796,3.7913037311326e-05,6.10850522731281e-06,128.566689552363,4.52259847242079
"FSBP","FSBP",1.25649128623456,3.80567491174021e-05,6.13276531030984e-06,19.0924025597503,4.52175971653178
"PPP3CC","PPP3CC",0.620257317158579,3.8179752395189e-05,6.15480497831123e-06,855.875862820483,4.52100047608983
"AC125232.2","AC125232.2",0.73134736919869,3.82855562229239e-05,6.17297323670996e-06,256.162985306968,4.52037655486831
"FLG2","FLG2",5.3185677134265,3.92057865953312e-05,6.32931805207536e-06,4777.10786477046,4.51507895399717
"IRX4","IRX4",4.07897133427059,3.99893348796344e-05,6.46394355191023e-06,33.7785237025698,4.51061667653343
"AMH","AMH",2.10968874570731,4.03803510910421e-05,6.53301253564264e-06,5.54696007223097,4.50836172407193
"AC097478.1","AC097478.1",1.48156019213921,4.05776949089073e-05,6.56965468288164e-06,6.37482754919963,4.50717468042617
"AF131215.7","AF131215.7",2.97952807205153,4.08268997480449e-05,6.61355930913344e-06,1.41374866983546,4.50576067790012
"NUPR2","NUPR2",4.65473854775415,4.11555933991598e-05,6.66919529376997e-06,1.19140879366714,4.50398169702919
"EPB41L5","EPB41L5",1.0331773098113,4.11620391591002e-05,6.67305867287837e-06,351.463977806983,4.50385869180378
"KLF8","KLF8",0.760036466991144,4.11620391591002e-05,6.67382661165612e-06,383.530983248546,4.50383424969722
"LINC00365","LINC00365",2.11865523879834,4.15769034990616e-05,6.74833672454852e-06,1.33190111619617,4.50147542970953
"LINC01300","LINC01300",3.49838804125749,4.2383445196486e-05,6.88663275325731e-06,1.14062524900248,4.4971625830497
"RRAGB","RRAGB",0.503294165443669,4.2591860996628e-05,6.92504465982736e-06,444.521883121956,4.49597938325923
"ENTPD2","ENTPD2",2.44951540681183,4.27579162156779e-05,6.95368807051182e-06,35.6964087074,4.49510116069813
"AC079305.1","AC079305.1",1.43899241695393,4.30037076386216e-05,6.99990640196454e-06,7.18298390164265,4.49369135123662
"AK1","AK1",1.31033113739478,4.30404860521098e-05,7.00714314866025e-06,5487.1204916446,4.49347141347406
"FABP5P7","FABP5P7",1.65625746722039,4.31220208160366e-05,7.02166982382657e-06,450.945616059161,4.49303057664866
"PSAPL1","PSAPL1",5.92744671603611,4.32473282467544e-05,7.04346819471288e-06,464.110041378104,4.49237070161178
"QPCT","QPCT",1.34095517357526,4.35518885040022e-05,7.09799135575567e-06,834.977099210693,4.4907287039425
"RAVER2","RAVER2",1.03771023466586,4.39060767222487e-05,7.1608173810685e-06,471.604347264711,4.48885155316282
"AC226101.1","AC226101.1",1.96815999441158,4.3946504849555e-05,7.16868744147499e-06,14.9069896237742,4.4886175181729
"TAF7L","TAF7L",1.77398386325295,4.42813392043107e-05,7.22845144441229e-06,4.01717416724462,4.48684826931353
"TUBBP5","TUBBP5",2.72925873444492,4.43167464905814e-05,7.23680576188129e-06,2.7427554458669,4.48660206398582
"MSTN","MSTN",2.93817990494724,4.44268738758066e-05,7.26382226812232e-06,17.0548442225809,4.48580773256006
"ABHD1","ABHD1",1.0016734282779,4.45810588907234e-05,7.29550615168861e-06,30.6510237417905,4.48487976404482
"NXT2","NXT2",0.549893742151646,4.45810588907234e-05,7.29462113974553e-06,626.641392753609,4.48490563221316
"CHCHD4","CHCHD4",0.582892800441904,4.46008639317606e-05,7.30004264713231e-06,413.847736753465,4.48474721312679
"AC009802.1","AC009802.1",2.1298578923762,4.466235255134e-05,7.31140406004857e-06,2.3013433634421,4.4844155917305
"CTAGE4","CTAGE4",2.32181597466962,4.48724532709434e-05,7.34710175114174e-06,35.4018351195525,4.48337683082697
"DSG1","DSG1",5.84435011061141,4.55781455710483e-05,7.46794234827127e-06,4360.25581815043,4.47989598297577
"FAM78B","FAM78B",0.995865750030398,4.55857363687456e-05,7.47051018335257e-06,77.0008198416279,4.47982260169505
"PCLO","PCLO",2.7771647793449,4.55875215967052e-05,7.47212688422816e-06,17.7587139090127,4.47977641344387
"SHC3","SHC3",1.3253624603018,4.59381893076905e-05,7.53227252939215e-06,121.059567017342,4.47806484100857
"MYH2","MYH2",8.02894544643364,4.5938708250751e-05,7.53369195956024e-06,10570.8869498732,4.47802460614606
"AC023157.3","AC023157.3",0.873477354040765,4.61206180560516e-05,7.56754302889032e-06,103.680794559802,4.47706721251905
"AP000439.2","AP000439.2",4.82936667717288,4.6426275403586e-05,7.62039277058396e-06,5.75412639398141,4.47558064494047
"BEND7","BEND7",1.01798525279703,4.64895900739381e-05,7.63213556111008e-06,163.610152244332,4.47525168026285
"AP4E1","AP4E1",0.5240628973016,4.68875638863912e-05,7.70291801270561e-06,532.521564252715,4.47327895908673
"AC009118.2","AC009118.2",1.80193380183486,4.7541821572179e-05,7.81868809520382e-06,7.53796826687431,4.47008947622615
"PTPN11","PTPN11",0.692792778353527,4.75687522219146e-05,7.82449877520339e-06,4898.75807949758,4.46993058362793
"CEP70","CEP70",0.629472802452603,4.76902552740643e-05,7.84586981155746e-06,223.540105538931,4.46934716312679
"HK1","HK1",0.62499803490556,4.81333636815511e-05,7.92436114055512e-06,6421.04052690506,4.46721734090565
"CDH18","CDH18",1.87467424109693,4.81964498807493e-05,7.93754707865251e-06,2.93597749884138,4.4668615270943
"ATP13A5-AS1","ATP13A5-AS1",5.75040145987907,4.84364722306616e-05,7.97848361856866e-06,0.953714706147088,4.46576047093035
"AC012158.1","AC012158.1",1.67218841670494,4.86088723343061e-05,8.01111716117268e-06,4.010257235403,4.46488659948101
"KIAA1671","KIAA1671",1.28805848283123,4.92557972075667e-05,8.12488882135968e-06,1730.81213007933,4.46186637279405
"HIST1H2BD","HIST1H2BD",1.49852691402392,4.93253287633215e-05,8.13922367562534e-06,95.7415966799288,4.46148870569156
"AP003068.4","AP003068.4",2.8560145876241,4.94835310044054e-05,8.166766096405e-06,2.36502967859571,4.4607648521222
"AL355355.2","AL355355.2",1.03957631323261,4.97718416841321e-05,8.21579459425243e-06,17.7216025365946,4.45948206922119
"AC005225.2","AC005225.2",1.94973418876426,4.98024292718398e-05,8.22229022833558e-06,10.3881030350303,4.45931266651367
"AL139011.2","AL139011.2",2.35709369725172,4.98908962856769e-05,8.23979424539209e-06,86.8523174964205,4.45885680701019
"AL138781.1","AL138781.1",1.21686866297548,5.00739811005316e-05,8.27294076042243e-06,7.07346054897624,4.45799609816242
"GALNT17","GALNT17",2.28339203358373,5.10879643482855e-05,8.44936879862721e-06,59.2750250414668,4.45346956961732
"ARHGEF28","ARHGEF28",1.371642335815,5.11806322028287e-05,8.46766820690462e-06,306.925048476764,4.45300525315512
"PLD1","PLD1",0.705372493183274,5.29755393353477e-05,8.77847832892293e-06,1102.11113377633,4.44526208268413
"AC244033.2","AC244033.2",1.01367138687584,5.33592542873284e-05,8.84826253997786e-06,37.2477910245649,4.44355961257344
"LRRC26","LRRC26",3.74290350898215,5.38331342564963e-05,8.93153429978816e-06,17.7482926429129,4.44154480806994
"CECR7","CECR7",1.10148730811875,5.38469465535578e-05,8.9353899634157e-06,78.5714108949434,4.44145195362677
"C1orf50","C1orf50",0.535236316828943,5.44460962002737e-05,9.04588330038241e-06,292.418848704853,4.43880712644261
"AC244230.1","AC244230.1",4.23942467637421,5.51958956673467e-05,9.17687076797642e-06,2.65807964183095,4.43571143912588
"LINC02502","LINC02502",4.68140239131746,5.52623229019847e-05,9.18952011774899e-06,1.55278600623482,4.43541473015673
"RIN1","RIN1",0.930153412917386,5.56693191221263e-05,9.2669010075783e-06,598.382886641021,4.43360809904251
"CSPG4P10","CSPG4P10",1.52397741837171,5.59460714251431e-05,9.3194701877308e-06,17.8832568870862,4.43238895667637
"SMYD1","SMYD1",8.30488180527731,5.61862442511828e-05,9.3643740418638e-06,489.274243678602,4.43135277418958
"FXN","FXN",0.574643266239542,5.62850494428966e-05,9.38574616160303e-06,361.774433422293,4.43086126636691
"ZNF433","ZNF433",0.665251919637179,5.68283386157369e-05,9.48129362753551e-06,84.2833595451313,4.42867689671169
"LINC01659","LINC01659",2.72233159879035,5.72502081808387e-05,9.56331902079712e-06,1.46305225090007,4.42681837470267
"SAA2-SAA4","SAA2-SAA4",4.56992816989855,5.72571222501496e-05,9.56613707397643e-06,3.75418265026347,4.42675479450351
"WDR66","WDR66",0.941284865907025,5.78098312461845e-05,9.67023405794053e-06,96.5485844214513,4.4244186347383
"AC015802.6","AC015802.6",1.3055136367735,5.78698766073261e-05,9.68195913960144e-06,22.8702219303893,4.42415700568911
"AC005329.1","AC005329.1",2.54914121270469,5.79182403541698e-05,9.69173296968666e-06,4.6784691841862,4.42393914732562
"AC006254.1","AC006254.1",2.07178709042304,5.83454215404348e-05,9.76490992552532e-06,35.1740920873658,4.42231467158512
"COQ4","COQ4",0.525063301548594,5.85124710046143e-05,9.79456751480169e-06,1110.54268876832,4.42165960366874
"BHLHB9","BHLHB9",0.641842832558611,5.92406156980479e-05,9.92333654962944e-06,161.207387235982,4.4188371885178
"PRSS56","PRSS56",8.56553313077118,5.97931101859353e-05,1.00176211093434e-05,11.4099018685831,4.41679271667643
"MRPS17","MRPS17",0.640236232303979,6.00848213199036e-05,1.00717295177519e-05,454.86948139913,4.41562771133413
"NMNAT1","NMNAT1",0.555941000512242,6.03458755288673e-05,1.0118994406534e-05,329.237744227423,4.41461493453628
"DANCR","DANCR",1.17194867117997,6.06924336840335e-05,1.01788692950973e-05,666.753437292378,4.41333842198216
"ZDHHC9","ZDHHC9",0.709083099592703,6.07107296694692e-05,1.01854645803083e-05,1501.51897259979,4.41319825144607
"MRPL1","MRPL1",0.636518557200158,6.09902887121903e-05,1.02394524444191e-05,752.806569485492,4.41205408780435
"IFRD1","IFRD1",0.631722504218073,6.13903966243575e-05,1.03101915092958e-05,768.507422938658,4.41056360526377
"ATP5PF","ATP5PF",0.853032675875919,6.14245441498426e-05,1.03177105500912e-05,2903.28227430107,4.4104057525855
"CCDC192","CCDC192",1.09161991724349,6.14314553097878e-05,1.03206557892359e-05,10.0490614230291,4.41034395098546
"DCST1","DCST1",1.42585507903356,6.16234187644614e-05,1.03613381670297e-05,7.3736683331246,4.40949200866052
"BRWD1-AS2","BRWD1-AS2",1.13402152579344,6.16234187644614e-05,1.0362133090926e-05,13.0432145883746,4.40947539375139
"ZNF91","ZNF91",0.657443635177986,6.16234187644614e-05,1.03654356356743e-05,469.898148206392,4.40940637944353
"LINC01535","LINC01535",1.56484823426367,6.16584627209054e-05,1.03731211827432e-05,7.58117478424399,4.40924585342873
"IER5","IER5",0.653359066637828,6.17253900803854e-05,1.03861736010129e-05,1680.99335734107,4.4089734910397
"ZNF706","ZNF706",0.659305256541731,6.17481173157881e-05,1.03935848682756e-05,2466.96231342196,4.40881898695661
"SNHG16","SNHG16",0.694346895869268,6.21406405449626e-05,1.04668750586801e-05,1568.77043846503,4.40729673188824
"SPRR2E","SPRR2E",7.2590339500305,6.27180298691343e-05,1.05714165019922e-05,412.362475789493,4.40514290253248
"RUSC2","RUSC2",0.678825305085399,6.31749205196938e-05,1.06594374723743e-05,1166.51907748449,4.40334515208991
"LINC01254","LINC01254",1.54967015983984,6.33530539663685e-05,1.06913339010283e-05,6.36636446061319,4.40269719302424
"NDUFA6","NDUFA6",0.835424500113187,6.4054955057273e-05,1.08172275096719e-05,2623.68323249689,4.40015762335097
"ZNF25","ZNF25",0.565145887994311,6.42332116933127e-05,1.08491961774316e-05,783.184350168728,4.39951723374567
"KRT71","KRT71",3.79973632548085,6.4936128151373e-05,1.09716933152242e-05,1.01669529715756,4.3970799621936
"MEGF9","MEGF9",0.915083762819608,6.52108123862242e-05,1.10218925663831e-05,1841.71325554908,4.39608866711294
"SMAD5-AS1","SMAD5-AS1",1.5624304885482,6.61594853804353e-05,1.11899234161228e-05,12.1074032936875,4.39280160506904
"POLR2I","POLR2I",0.983348583509813,6.63048977360455e-05,1.12183696210197e-05,1136.67092314644,4.39224980177835
"LINC02210","LINC02210",0.886982279024629,6.63851418827974e-05,1.12362953479834e-05,200.774972455858,4.39190276180998
"PPFIBP2","PPFIBP2",0.549849781230157,6.66809538919676e-05,1.12897432391158e-05,814.906203361621,4.39087114544984
"AC006077.2","AC006077.2",1.40050716904156,6.66882644764702e-05,1.12929180288667e-05,7.63822854710154,4.39081001451845
"DZIP3","DZIP3",0.540033329031581,6.74103157717697e-05,1.14230214422129e-05,467.297430421141,4.38831886643723
"ADH7","ADH7",5.86912762771069,6.74312207961179e-05,1.14285225207781e-05,4.39467471978576,4.38821413265988
"DNAJC27-AS1","DNAJC27-AS1",0.918246901621861,6.74506377942633e-05,1.14337725736993e-05,38.7570506941305,4.38811422297282
"AL590326.1","AL590326.1",1.32945662262685,6.79712595378567e-05,1.15318963332352e-05,9.27879307964535,4.38625491951652
"TIMM17B","TIMM17B",0.768616573139149,6.8189894948097e-05,1.1578155886075e-05,1084.51063177766,4.38538359997507
"DLEU1-AS1","DLEU1-AS1",2.85105897510807,6.83897551443009e-05,1.16148163799444e-05,1.13325553854735,4.38469544007487
"CKMT1B","CKMT1B",5.51976240988818,6.87601743319593e-05,1.16857145351544e-05,49.1323846129036,4.3833704614433
"HEXIM2","HEXIM2",0.667692911124674,6.88527393604319e-05,1.17094454791254e-05,279.121140064512,4.38292867974979
"AC113167.1","AC113167.1",4.24877851695538,6.97467701351739e-05,1.18756699933888e-05,0.78376362013926,4.37985794552088
"CLEC12B","CLEC12B",2.83058460945551,6.98662104479219e-05,1.19020949307849e-05,15.3491242081131,4.37937356967295
"MINDY1","MINDY1",0.616603194504279,6.98662104479219e-05,1.19006545577043e-05,650.494936927984,4.37939994561803
"AC016876.1","AC016876.1",0.645676752468514,7.07511878378663e-05,1.20692961011906e-05,191.869195649902,4.3763323164038
"AL162311.3","AL162311.3",0.837183017133016,7.07700005778644e-05,1.20745609211797e-05,18.8384009883888,4.37623720801445
"SIK1","SIK1",2.62067047391868,7.08817270192621e-05,1.20956821842153e-05,379.797170781215,4.37585605219057
"KU-MEL-3","KU-MEL-3",2.60651862438798,7.1044912117257e-05,1.21276562249657e-05,1.64181943848135,4.37528025327224
"IGFN1","IGFN1",6.40042323356751,7.31097333038901e-05,1.25034887211951e-05,164.443000353213,4.36861863901162
"EIF3G","EIF3G",0.693642973675684,7.35969625761653e-05,1.25932295380559e-05,6818.0598595156,4.36705626469515
"BRPF3","BRPF3",0.683364583038304,7.36796287734039e-05,1.26095147186272e-05,849.487751258653,4.36677388145154
"NR2E1","NR2E1",2.84609799604312,7.37201443705017e-05,1.26185898331407e-05,0.830705252604239,4.36661667092017
"DIP2B","DIP2B",0.740139822868911,7.45319320863776e-05,1.2770531758381e-05,1611.17102194653,4.36400044334912
"AL358473.2","AL358473.2",6.30675644639427,7.45607616065096e-05,1.27776371987454e-05,1.25567523475079,4.36387882578891
"RIOK3","RIOK3",0.513378145982404,7.47390724000267e-05,1.28103655812873e-05,2751.49347627738,4.3633194747349
"TMC4","TMC4",1.29804060615208,7.56500442401046e-05,1.29792372764493e-05,69.6303890176176,4.3604548320446
"OR7A5","OR7A5",1.63776441064364,7.60403425405668e-05,1.30532829213068e-05,7.08767724221576,4.35920996264587
"AC006372.2","AC006372.2",3.16752805250932,7.61315746524241e-05,1.30711553901034e-05,1.19008322523187,4.35891049675557
"TIMM23","TIMM23",0.523551857193106,7.6419096547102e-05,1.31227401762074e-05,1759.84200012104,4.35804834291083
"ASTL","ASTL",2.70622322928625,7.68507252134243e-05,1.31990919654635e-05,2.65300561574434,4.35677816600473
"SCGB3A1","SCGB3A1",1.66786183826627,7.68629781014701e-05,1.32034289674711e-05,16.871098803597,4.35670622685058
"SLC25A20","SLC25A20",0.588318290802556,7.69235549043296e-05,1.32160691082581e-05,744.016364202173,4.35649668956441
"LGALS7B","LGALS7B",5.48006971022543,7.69574897929029e-05,1.32241347047407e-05,3018.56108847241,4.35636308500204
"AC015813.7","AC015813.7",1.75248082163666,7.72664330059132e-05,1.32884439940749e-05,3.56307544679938,4.35530059040369
"FOXP2","FOXP2",1.54267323136787,7.79394821587391e-05,1.3406460245848e-05,138.042067297815,4.35336346710519
"KRT14","KRT14",5.34674038224028,7.89439997834387e-05,1.35884205506175e-05,13827.1944210848,4.35040840864718
"AC068413.1","AC068413.1",3.15481998048507,7.89439997834387e-05,1.35864038623458e-05,1.1675600702812,4.35044095255606
"ATP5MF-PTCD1","ATP5MF-PTCD1",1.08226188451988,7.97359204444555e-05,1.37386278632657e-05,114.983299938682,4.34799732649862
"ACY1","ACY1",0.590912741965624,8.00831804192544e-05,1.38054396360019e-05,586.553628314806,4.3469329535712
"AC022211.2","AC022211.2",0.751059575181785,8.14473388416492e-05,1.40595310426374e-05,55.2906072835896,4.34292942368864
"AC022968.1","AC022968.1",1.09311452841496,8.20053946505836e-05,1.41630090795971e-05,7.72028683375764,4.34131873954655
"GSE1","GSE1",0.776585857419891,8.24172357031923e-05,1.42437130368884e-05,1536.11745197272,4.34007031581787
"RTKN","RTKN",0.677372885969158,8.2526502362374e-05,1.426739113689e-05,493.607195700413,4.33970531497232
"ZNF138","ZNF138",0.752057796741588,8.26190831619652e-05,1.42881962689189e-05,93.2495154367817,4.3393850777818
"OTUD3","OTUD3",0.841790583326068,8.26425524267252e-05,1.42946555042741e-05,218.216515098875,4.33928574626404
"CLTRN","CLTRN",1.4955994468266,8.29895883918168e-05,1.43595032546199e-05,8.48385067477887,4.33829086883027
"NPBWR1","NPBWR1",3.84045170510375,8.33223602351098e-05,1.44206937773452e-05,1.83310644769194,4.33735602090956
"PIWIL1","PIWIL1",3.13628894337349,8.37749413972772e-05,1.45038410093328e-05,1.15644922229215,4.33609177023103
"LINC02254","LINC02254",2.32480332041388,8.37749413972772e-05,1.45051244820835e-05,3.21863951336171,4.33607230929275
"PSORS1C2","PSORS1C2",5.53095495860411,8.42087856137609e-05,1.45998094960073e-05,67.9225703026599,4.33464113688497
"CHRM1","CHRM1",5.56263727040736,8.58149933137998e-05,1.49007212161582e-05,7.13248840983833,4.33015087789297
"ABCC2","ABCC2",1.57184806947456,8.58267975888071e-05,1.49077567555788e-05,80.8542921185992,4.33004693010969
"ZDHHC21","ZDHHC21",0.559598712262797,8.59541767324153e-05,1.49373718888707e-05,483.575664007591,4.32960988848134
"SERPINA12","SERPINA12",5.83828591913558,8.62492503529416e-05,1.49936610712895e-05,825.396574433494,4.32878148065344
"RNF103-CHMP3","RNF103-CHMP3",1.2591076885828,8.65157793422215e-05,1.50500465458512e-05,20.2559814160765,4.32795462333808
"AL355472.1","AL355472.1",1.41326412233079,8.68446284635815e-05,1.5111399245344e-05,27.6413791714468,4.3270582735882
"ACSS1","ACSS1",0.996657268804032,8.70975084443656e-05,1.51613619178309e-05,734.598786125202,4.32633088935262
"SCML2","SCML2",0.847575301091357,8.73282994075227e-05,1.52091461382452e-05,37.5331046922451,4.32563735518989
"AC091271.1","AC091271.1",1.05422251516688,8.74974442191042e-05,1.52411459562556e-05,42.2545754065421,4.3251740743529
"LINC01479","LINC01479",2.20029465036465,8.81486388120604e-05,1.53596980432657e-05,3.7394359651663,4.32346576798839
"RALGAPA2","RALGAPA2",0.970106461377494,8.83246970483773e-05,1.53955067673786e-05,1217.06355488805,4.3229522446441
"AL390198.1","AL390198.1",1.76423793329937,8.88119058436768e-05,1.54881690102659e-05,6.26018339086814,4.32162866756119
"AC021054.1","AC021054.1",0.760806563322028,8.98388448443493e-05,1.56933546210618e-05,415.48957001281,4.31872448373069
"AC009506.1","AC009506.1",0.706559408544018,9.0238416504613e-05,1.57683953088112e-05,160.821923404407,4.31767139533988
"SNHG4","SNHG4",0.978912779764682,9.11196985495232e-05,1.59276851943485e-05,81.8141649639,4.31545173370666
"ATG2B","ATG2B",0.582069066489693,9.13833821676235e-05,1.5976431313667e-05,1213.93175751879,4.31477669726571
"AL023284.4","AL023284.4",1.81775558938307,9.14340734000179e-05,1.59879493978189e-05,6.07271854977197,4.31461748156725
"AL355312.3","AL355312.3",3.36228127016211,9.221453687171e-05,1.61324548500729e-05,3.7238192441847,4.31262920482163
"LINCMD1","LINCMD1",4.32920782460736,9.2334859311611e-05,1.61561866066325e-05,1.29102795236001,4.31230429917236
"DNAJC3-DT","DNAJC3-DT",0.622350010063563,9.25854642228893e-05,1.62027251639046e-05,73.9487150363604,4.31166846981266
"MYMK","MYMK",3.64677883158342,9.26103253978247e-05,1.62117306337635e-05,1.11329761374198,4.31154563433215
"C6orf203","C6orf203",0.539591515434755,9.26103253978247e-05,1.62124558839517e-05,366.0659843222,4.31153574467938
"AF129075.2","AF129075.2",1.77486174355794,9.27049210664419e-05,1.62317086147471e-05,3.17153860442629,4.31127336475391
"SH3PXD2A-AS1","SH3PXD2A-AS1",1.09652008861229,9.29638353414871e-05,1.62824424047045e-05,30.0107253909462,4.31058337304398
"UBL7-AS1","UBL7-AS1",0.630741226858965,9.33341619312893e-05,1.6350015412095e-05,89.5044134950927,4.30966753935329
"CRHR1","CRHR1",3.1221780068947,9.3487150529459e-05,1.63795309629864e-05,3.35298710264292,4.30926863932214
"AC022075.2","AC022075.2",1.84202647419155,9.44820994515441e-05,1.65758069213235e-05,5.00794202444198,4.30663328384969
"AL845472.2","AL845472.2",1.18902491899027,9.465211134272e-05,1.66083828459792e-05,34.1401735736214,4.30619877385357
"DAAM1","DAAM1",0.86264513790391,9.51938315535345e-05,1.67062022262825e-05,1978.45103002296,4.3048988864548
"PSMC1P1","PSMC1P1",0.782412425023218,9.53069843861335e-05,1.67288284723308e-05,484.432586538017,4.3045992473296
"AL163195.2","AL163195.2",1.89041474439774,9.5797319421073e-05,1.68232425124842e-05,2.34205251027387,4.30335307731893
"TTC21B","TTC21B",0.539358264821349,9.5797319421073e-05,1.68206305030085e-05,387.756976630488,4.30338746346504
"CALML3","CALML3",5.65690736529717,9.58885424753577e-05,1.68420476457676e-05,751.230691298484,4.30310566471151
"CARMIL3","CARMIL3",1.59781886479944,9.67090811248816e-05,1.69945957013342e-05,30.2135704975529,4.30110831764944
"MARS2","MARS2",0.612609227073175,9.68924422910922e-05,1.70324462863277e-05,212.292892319753,4.30061537706575
"NFIX","NFIX",1.23206942271608,9.6946896116077e-05,1.70448345007149e-05,10626.0029606377,4.30045426800966
"DCTN3","DCTN3",0.639624545283719,9.79883317635551e-05,1.72307819361149e-05,2446.05992104405,4.29804933120167
"NDUFV2P1","NDUFV2P1",1.27180938804111,9.8669317717206e-05,1.73562619988207e-05,125.420953224616,4.29644038011375
"AC106820.5","AC106820.5",2.01057393589257,9.87073850532225e-05,1.73658252372304e-05,1.49388581233754,4.29631821176448
"TMEM94","TMEM94",0.590197450166629,9.96862010807704e-05,1.75467171647923e-05,1834.6813447084,4.29401934992473
"KIAA0319","KIAA0319",1.54742850639946,9.98511603388431e-05,1.75786535033615e-05,12.4962271597693,4.29361583429833
"NCKAP1","NCKAP1",0.849635187489294,0.000100241156123416,1.76531349359902e-05,4919.09714503363,4.29267746893328
"CCDC9","CCDC9",0.550275039281481,0.000100765872273695,1.77601752340182e-05,1082.4552696326,4.29133549088646
"C4orf36","C4orf36",1.38248687506902,0.00010076827018802,1.77635247987421e-05,20.2087309581787,4.29129362142212
"IL18","IL18",1.60025669431036,0.000101209893275545,1.78472540396141e-05,816.987282180012,4.29024944501382
"AP001160.3","AP001160.3",0.749288596424841,0.000101707338120697,1.79467897956092e-05,51.2380546769729,4.28901420262545
"GTF3C4","GTF3C4",0.631684572715003,0.000101763060902667,1.79595781934648e-05,1309.46448482221,4.28885597154667
"CACNA2D2","CACNA2D2",1.18246055943327,0.000101803261986994,1.7969630042261e-05,57.064227191127,4.28873167516736
"CA2","CA2",1.75572746412133,0.000102178737824173,1.80418423153581e-05,367.868360190543,4.28784067494504
"SH2B2","SH2B2",1.23330788294891,0.000102799767986289,1.81604562824622e-05,389.706509916377,4.28638448900088
"TMEM254-AS1","TMEM254-AS1",1.0370493348433,0.000103266219102048,1.82488578197066e-05,47.4408190665123,4.28530509249313
"AURKAIP1","AURKAIP1",0.682662305202651,0.000103964435598122,1.83903628672175e-05,2915.08094244211,4.28358761895648
"ANKRD20A5P","ANKRD20A5P",1.42723061020612,0.00010402884974514,1.84047787788325e-05,23.5598975447953,4.28341335749251
"AC011297.1","AC011297.1",2.02226784716934,0.000106907284040366,1.89668203473498e-05,6.11748227336615,4.27671871945917
"SMIM10L2B","SMIM10L2B",1.27726351398038,0.000108406945349068,1.92580712720721e-05,48.4120839379001,4.27332352689705
"AC108047.1","AC108047.1",1.10095791972706,0.000109729081202457,1.95152539852053e-05,10.0498421304036,4.27036589209018
"LSS","LSS",0.783278230206495,0.00011013764716511,1.95943153504793e-05,2107.40013555803,4.26946413342913
"AC035140.1","AC035140.1",2.29802884972301,0.000111231097649418,1.9808233405617e-05,2.53134714752021,4.26704148670277
"THEM6","THEM6",0.624178405280668,0.000111555614763872,1.98789850289402e-05,655.782647755439,4.26624569706994
"AVEN","AVEN",0.534368643507896,0.000111845075940025,1.9937063757521e-05,448.278784851887,4.26559446093077
"SLC7A4","SLC7A4",2.54310571695286,0.00011204052709271,1.99751584551834e-05,7.95189690675556,4.26516828588078
"AL162258.2","AL162258.2",1.21200440107577,0.000112095027866514,1.99881310582238e-05,11.7717261857562,4.26502333471915
"LHFPL4","LHFPL4",1.71692227389638,0.000112256069936889,2.00288644504906e-05,3.59655731790813,4.26456877612391
"CA3-AS1","CA3-AS1",1.4190028449432,0.000112256069936889,2.00298895556614e-05,13.3990615522911,4.26455734796555
"FILIP1","FILIP1",1.12082816588573,0.000112840649344127,2.01473065969079e-05,1143.64251649872,4.26325202145732
"AC083841.1","AC083841.1",3.71361760677066,0.000112851535507295,2.01525281834219e-05,0.675068934304636,4.26319414140082
"LOR","LOR",5.58898915061219,0.000113164143965855,2.02210324573239e-05,6301.34714143924,4.26243610743754
"RPTOR","RPTOR",0.631595410428107,0.000113689650251997,2.03319152027869e-05,1390.06511803553,4.26121430147713
"PTOV1-AS1","PTOV1-AS1",0.926732708658703,0.000114250257419226,2.04388095574826e-05,32.1556518298574,4.26004243487207
"VIPR2","VIPR2",2.16644508021333,0.000114436200996984,2.04787218061584e-05,69.7407732909372,4.25960637864894
"UFSP2","UFSP2",0.508942058172547,0.000114733613427264,2.05386098394396e-05,1355.05501728623,4.25895359518023
"GALR3","GALR3",2.35491107049601,0.00011549072446335,2.06875594796526e-05,0.784505456420178,4.25733786057889
"NDUFB3","NDUFB3",0.930820950145033,0.000116177454634781,2.08173207169155e-05,1531.02434856005,4.25593927493299
"FP236315.1","FP236315.1",1.4602686203818,0.000116946074181942,2.09652367215913e-05,6.52747579446075,4.25435510212936
"SLC5A10","SLC5A10",1.79542757831221,0.000118339170138595,2.12252926573088e-05,17.4665267407447,4.25159554098646
"LINC00689","LINC00689",1.84921586459849,0.00011838457694251,2.12403140401383e-05,10.5759178410999,4.25143712786163
"TTC32","TTC32",0.970443783212227,0.000118788479316205,2.13231323972972e-05,134.594203934706,4.25056564894103
"SAPCD1-AS1","SAPCD1-AS1",2.14958030227451,0.000119240421865962,2.14146487857919e-05,3.90027439368894,4.249606382321
"GPR179","GPR179",2.46656024243462,0.000119268365692757,2.1423131562798e-05,1.87742922114341,4.2495176643355
"RET","RET",1.53865885633712,0.000119302966975311,2.1432811976946e-05,71.7357522148264,4.24941646158754
"HMGA1","HMGA1",1.23801585919343,0.000119602596863205,2.14994681318381e-05,2119.93840785561,4.24872079172276
"ZC3H8","ZC3H8",0.694998744117453,0.00011995549428704,2.1570944148108e-05,252.557879458171,4.24797709597369
"KLK13","KLK13",5.56071697854309,0.000120247652779423,2.16304668776277e-05,14.9365377471575,4.24735956009886
"PEX19","PEX19",0.899349313954063,0.000120461331354482,2.1679400751492e-05,2386.72822228833,4.24685309174731
"OBP2B","OBP2B",6.20853497450641,0.000120711205903736,2.1734889200571e-05,1.8051540714449,4.24628009809562
"OXA1L","OXA1L",0.578830059767351,0.00012149421425129,2.18864620886053e-05,4053.38500989559,4.24472196993175
"ANKRD30B","ANKRD30B",1.58844665075347,0.000121589705912286,2.19071960547783e-05,2.72191087024292,4.24450962947414
"PKNOX2","PKNOX2",1.04331433278603,0.000121900456468085,2.1970266422228e-05,259.377859734774,4.2438648879046
"F11R","F11R",0.811771576513537,0.00012258735232613,2.2097627179504e-05,1860.87121654316,4.24256828619299
"AL355877.2","AL355877.2",3.10426852574531,0.000122600028206224,2.21034731926349e-05,0.789123741092545,4.24250894148631
"ACE2","ACE2",3.70004845027565,0.000122722483331083,2.2129115153926e-05,1.88790451125914,4.24224881826977
"WNK1","WNK1",0.637739792645559,0.000123045207639691,2.21908822538296e-05,7491.1786871575,4.24162340188948
"XK","XK",2.09609330376889,0.000123587043330124,2.22993700815247e-05,64.8189811016008,4.24052891963218
"AC007383.2","AC007383.2",0.774018980534307,0.000125650001134467,2.27044457144626e-05,90.3790760988399,4.23648660655987
"GOLT1A","GOLT1A",3.66033771019668,0.00012571722307695,2.27238956433095e-05,0.67570647339555,4.23629424410518
"TMUB1","TMUB1",0.551004328291162,0.000125816780364086,2.27455455148737e-05,1037.52630199904,4.23608030810995
"LYRM1","LYRM1",0.801378055607689,0.000127320747851777,2.30248337436146e-05,671.715935055874,4.2333377254782
"WSB2","WSB2",0.637519965084949,0.000127667337205235,2.3094927852742e-05,3369.64590929412,4.23265437881632
"AC018680.1","AC018680.1",1.11773370130471,0.000128057457993736,2.31729395637556e-05,10.3089454163684,4.23189616031542
"MCEE","MCEE",0.733471367179306,0.000129037437857595,2.33540221706366e-05,360.607833252447,4.23014548683504
"PLIN5","PLIN5",2.62081009461092,0.000129215241631032,2.34012150450065e-05,192.72700049935,4.22969135671255
"KCTD8","KCTD8",2.21916806954554,0.000129453905817772,2.34519580163077e-05,6.76822736135435,4.22920403576983
"PGM2","PGM2",0.64087106377497,0.000130443560927369,2.36539778921101e-05,1248.16197337453,4.22727379177316
"FAM95C","FAM95C",3.45508478371869,0.000130684960469129,2.3709139743528e-05,2.93377231434781,4.22674946183253
"PSEN2","PSEN2",0.502963632360848,0.000130826752616575,2.37386639826811e-05,864.955703558851,4.2264693017834
"THRA","THRA",0.977456922333778,0.000131002317596364,2.37743255589079e-05,2459.706679028,4.22613134534089
"AC098934.1","AC098934.1",1.38845687617629,0.000131704166483662,2.39131737158525e-05,8.58075136705029,4.22482009249285
"COX7B","COX7B",0.99946475675161,0.000131976830591544,2.39741808562658e-05,2238.56676155659,4.22424624308935
"TIPARP","TIPARP",0.552334256313315,0.000132255533171213,2.40324914464712e-05,1281.6516024152,4.22369905529459
"AP001351.1","AP001351.1",1.62292459765438,0.000132989740179432,2.41813574277693e-05,3.88716143736435,4.22230780217844
"SALRNA1","SALRNA1",1.32082699205157,0.00013487689806041,2.45323322776312e-05,16.6285225353667,4.21905969111541
"GAPDHP1","GAPDHP1",1.48148332062786,0.00013499372663538,2.45591179452106e-05,11.0302657670609,4.21881362106874
"MACROD2","MACROD2",1.53564068634352,0.00013536091478632,2.46351650316072e-05,73.6965220421892,4.2181163934348
"C1QBP","C1QBP",0.571089949867369,0.000135951119080977,2.47514120599386e-05,2843.10332910221,4.21705454512016
"GLTPD2","GLTPD2",0.998161185351044,0.000135969285318261,2.47586688062094e-05,50.6596781671312,4.21698841642887
"IKZF4","IKZF4",0.533308404018579,0.000136090381804032,2.47846721828535e-05,309.203076198794,4.21675160627508
"NR6A1","NR6A1",0.813846863516445,0.000136874386191505,2.49314301094146e-05,43.4603718254523,4.21541951146872
"AC005520.2","AC005520.2",1.43247772847352,0.00013803665400181,2.51511540186288e-05,48.3142718384981,4.21343899664257
"TATDN1","TATDN1",0.690913825851068,0.000138445449446192,2.52296604457246e-05,675.535612235046,4.21273535584115
"AC026691.1","AC026691.1",1.01542587378265,0.000138807424709732,2.53077206025035e-05,25.2082511363541,4.21203777682195
"AC079467.1","AC079467.1",7.08725959224098,0.000139198403959239,2.53951776248396e-05,8.28661955317098,4.21125865027
"RIDA","RIDA",0.803755063175197,0.000139198403959239,2.53940240565271e-05,374.798220141943,4.21126891041946
"BPHL","BPHL",0.71424254971608,0.00013978162108021,2.55137593490194e-05,486.482876247245,4.21020631010695
"AC110619.1","AC110619.1",3.12439249428519,0.000140073809285852,2.55792970541464e-05,1.04532445249395,4.20962669750547
"PLAC1","PLAC1",3.38419660676584,0.000140553634033724,2.56811586905088e-05,0.761030370019035,4.20872863541234
"AP000344.1","AP000344.1",3.25253883396985,0.000140553634033724,2.56832494395886e-05,1.33023133541493,4.20871023785073
"AC113414.1","AC113414.1",1.09879892170932,0.000141289257668012,2.5829981055027e-05,11.5357386535493,4.20742261683531
"DBP","DBP",0.965552775706004,0.000141453365621842,2.58640913381403e-05,969.723389600974,4.20712428397282
"PURB","PURB",0.522288475747176,0.000141611285176593,2.59011927139829e-05,2162.36654051938,4.20680021520522
"FAM153C","FAM153C",1.55099720015504,0.000141654070039306,2.59132023767519e-05,4.80361866499476,4.20669540918655
"PLEKHG6","PLEKHG6",2.30369767114993,0.000141676999871396,2.59255576620714e-05,141.609108841519,4.20658763518609
"ZHX1","ZHX1",0.526108698122545,0.000142328343205317,2.60612837099546e-05,2069.32373040679,4.20540691466419
"PRRT3","PRRT3",0.569205193747732,0.0001427715137395,2.61507251551437e-05,173.309473321344,4.2046320299944
"TRIB3","TRIB3",1.06674077534128,0.000143225899071916,2.62464330557893e-05,327.541363125835,4.20380564194146
"CALML5","CALML5",5.67294413580092,0.000143839838122417,2.6367294597147e-05,5318.20253675696,4.20276615027587
"AC002350.1","AC002350.1",0.739895288485361,0.000144563276822149,2.65209032301816e-05,53.1913341869599,4.20145153116573
"GSTT2B","GSTT2B",1.76206168754954,0.000144780157984074,2.65691018398798e-05,256.202852683886,4.20104052828078
"AC126768.2","AC126768.2",1.65763232737237,0.000145003458609617,2.66142922898272e-05,10.5217820634434,4.2006558203431
"AC074387.1","AC074387.1",2.13465625856915,0.000145197787729353,2.66639768244772e-05,68.1644249651907,4.20023357037504
"SLC7A1","SLC7A1",0.955036965039209,0.00014576436448957,2.67835880609104e-05,1422.10686700943,4.1992201008507
"PRB1","PRB1",5.43591463825282,0.000146118702216356,2.68614286722237e-05,1.24068346916292,4.1985628643614
"THOC3","THOC3",0.62952583886694,0.000148206910920181,2.72883585547527e-05,815.187439872437,4.19499003424458
"SDC1","SDC1",1.90242098099235,0.000149140521460235,2.74689219989354e-05,4248.88987291302,4.19349492922069
"AC026801.2","AC026801.2",1.04539141902869,0.000149449548504168,2.753017998761e-05,14.6175217036422,4.19298982187335
"Z92544.2","Z92544.2",0.688826789507422,0.000150683723713755,2.77662816091571e-05,35.5657409851307,4.19105297328126
"BCL11A","BCL11A",1.64073817776698,0.000151426769071464,2.79163966334547e-05,240.14382232116,4.18982963825226
"KLRF2","KLRF2",3.8921049780839,0.000152939354839561,2.82135886845122e-05,2.28536083074164,4.18742606372528
"TULP4","TULP4",0.535564576373263,0.000152939354839561,2.82174620059512e-05,877.987529006366,4.18739489697811
"MLST8","MLST8",0.505862441434999,0.000153503139864778,2.83259395713063e-05,1219.86633063299,4.18652367833582
"CCDC106","CCDC106",0.557268307961027,0.000153800028624441,2.8389227208989e-05,554.675751818178,4.18601685865052
"AL049597.2","AL049597.2",0.812155541452067,0.000156316213514082,2.88813591891215e-05,48.8382138802451,4.18211202622373
"GABRR1","GABRR1",3.01998008926733,0.000157175324656724,2.904922129635e-05,2.03291273826296,4.18079457588254
"PRXL2A","PRXL2A",1.39466821309807,0.000157421146475607,2.91012202864857e-05,2416.61871636511,4.18038793441609
"AC069148.1","AC069148.1",1.66180105311839,0.000157604359092959,2.91468268370184e-05,6.8151679734045,4.1800318511067
"SLC6A15","SLC6A15",3.31767857724072,0.000157608168326947,2.91556048534784e-05,14.9681793502953,4.17996337556948
"CRADD","CRADD",0.58310097535395,0.000157608168326947,2.91566871172977e-05,384.707849497478,4.17995493440459
"GPSM2","GPSM2",0.967118986992998,0.000158260402881696,2.92911376542979e-05,1398.50686868596,4.17890859127634
"PDE11A","PDE11A",2.7096215100221,0.000158774345555533,2.93954827050937e-05,106.801062269539,4.17809968162
"USP32","USP32",0.615132180930237,0.000162410630883814,3.01064437754299e-05,1223.86070695575,4.17265969836002
"PHB2","PHB2",0.559471202658828,0.000163238045902074,3.02693065248878e-05,6275.2934672517,4.17143073842226
"AL121992.3","AL121992.3",3.14188462086923,0.000163609664322596,3.03429681276802e-05,0.957481805891276,4.17087695164521
"ALDH6A1","ALDH6A1",0.914109235535709,0.000163707976264121,3.03659560945357e-05,839.162024683397,4.17070439003003
"CU634019.6","CU634019.6",1.50154109181952,0.000165208917128815,3.06491621268078e-05,15.9143800707176,4.16858859985762
"TEF","TEF",1.33387818269093,0.000165328110205466,3.06773481338657e-05,1906.96550938089,4.1683790439886
"KRTDAP","KRTDAP",5.64088109589602,0.000165414039905945,3.07064345602095e-05,1144.52116782276,4.16816298547126
"MXI1","MXI1",0.765816297531244,0.000165489816554427,3.07253081043307e-05,1869.23593751137,4.16802289385694
"TRIM51BP","TRIM51BP",3.90859685341939,0.000165871850814195,3.08010556016948e-05,0.82397743473747,4.16746146856809
"AL121820.2","AL121820.2",2.26810376770655,0.000166108954883006,3.08547335446969e-05,1.76160008961067,4.16706441216435
"GSTA1","GSTA1",3.73245030818662,0.000167080710598503,3.10740615185958e-05,2.28230400365042,4.16544883165152
"FBXO2","FBXO2",1.8385647256716,0.000167192026861289,3.10996206581764e-05,200.165106044642,4.16526126723149
"ADCY9","ADCY9",0.902912905254614,0.000168183135261156,3.13132885158594e-05,1473.60141240015,4.16369898264174
"TANC1","TANC1",1.04171662931914,0.000168520990805902,3.13908770198166e-05,1010.41850054735,4.16313418136565
"KRT6A","KRT6A",6.05726067794858,0.000169318318248342,3.15639876413925e-05,237.222457588453,4.16187879839371
"HOXA7","HOXA7",0.961736369753179,0.00016990267374872,3.16827920723477e-05,424.085093254126,4.16102101900087
"DIRAS2","DIRAS2",1.95675086967281,0.000171185868840683,3.19338066368683e-05,7.83891602212709,4.15921867485413
"OXNAD1","OXNAD1",0.564626073631322,0.000172079286410355,3.21386607301785e-05,298.34203406432,4.15775772124691
"AC116407.2","AC116407.2",1.30155211330623,0.000172328086016894,3.2200144572635e-05,21.5463821479088,4.15732096421325
"CHCHD6","CHCHD6",0.717856635005045,0.000174441490918666,3.26254432446058e-05,306.362153721192,4.15432132783773
"CHKB-CPT1B","CHKB-CPT1B",2.59423376570248,0.000175302887324635,3.27967322312645e-05,49.4600742950253,4.15312370657447
"FAM219B","FAM219B",0.67104107218469,0.000177221094055004,3.31710447917522e-05,1340.68071522375,4.15052712824014
"WASH4P","WASH4P",0.728404516904571,0.000177977097948039,3.33177180282069e-05,37.6042699481497,4.14951725035031
"NEO1","NEO1",1.04198641082157,0.000177986769485854,3.3324698388109e-05,1316.40356996923,4.14946929435826
"MTMR3","MTMR3",0.6054305868765,0.000180211320394019,3.37621417608174e-05,1903.23215256858,4.14648287587598
"SDHAF3","SDHAF3",0.645180319808641,0.000181831188545858,3.40814644965268e-05,419.904370913809,4.14432598257359
"NDUFC2","NDUFC2",0.630009089840483,0.000182645337996969,3.42552848683173e-05,4023.23037640162,4.14315995214015
"SEMA3F","SEMA3F",1.16183385973407,0.000183257602309744,3.43754384720671e-05,1091.27396864373,4.14235721209653
"DUSP8","DUSP8",1.01534310037071,0.000184132222470122,3.45555445968241e-05,234.914149834527,4.14115890955755
"CU633906.2","CU633906.2",2.1297027178573,0.00018419833980116,3.45733028870423e-05,11.5335332716784,4.14104107953394
"YWHAG","YWHAG",0.678015463864007,0.000184556141648368,3.46511821661163e-05,8874.90548220856,4.14052501184664
"AC012313.1","AC012313.1",0.508402167885807,0.0001852490269539,3.47974165595119e-05,214.247335963919,4.13955895755787
"CCL27","CCL27",4.63752505142997,0.000185516013669077,3.48583447317665e-05,32.8396818375629,4.13915759101044
"AC010735.2","AC010735.2",2.53272454317901,0.00018673125467133,3.50975354065928e-05,2.48120769457619,4.1375883288393
"UCN2","UCN2",3.30141111001915,0.000188879581358447,3.55342467892025e-05,3.30587315898883,4.13474920938381
"MUC15","MUC15",5.72775029440299,0.000189177007973252,3.55956970387686e-05,94.9134530721765,4.13435237501286
"TATDN2P3","TATDN2P3",2.97045860519258,0.000189264735191393,3.56177012694619e-05,2.85689600443445,4.1342104339154
"AC026367.1","AC026367.1",1.60006222722513,0.00019034342195249,3.58317566420961e-05,2.63093180132046,4.13283397092854
"CTXN3","CTXN3",10.5650731468872,0.000190923756074211,3.59520945343647e-05,5.32468850307394,4.13206357416476
"ATP6V1D","ATP6V1D",0.5727895335765,0.000191045158719593,3.59805045061531e-05,1638.56180229983,4.13188205233527
"AC068473.4","AC068473.4",2.72414530691543,0.000191971407509684,3.61716777191623e-05,2.04105617195021,4.13066410331292
"TAF4B","TAF4B",0.620745941506115,0.000192312233772889,3.62638265845705e-05,279.892388922489,4.13007921188817
"MROH2A","MROH2A",4.47238801061827,0.000192904503484546,3.63867156276474e-05,1.74351384312344,4.12930139702268
"LRRC1","LRRC1",0.993107374831205,0.000192988212456889,3.6408110837327e-05,387.589354440963,4.12916623299495
"PSMD8","PSMD8",0.562665215559518,0.000194195323828575,3.66753222822527e-05,5089.95949552502,4.12748445049769
"PSMB7","PSMB7",0.539458602297245,0.000194491792738464,3.67482604787879e-05,4108.63485078614,4.12702741130253
"AL160313.1","AL160313.1",1.45960974027244,0.000195155718638413,3.6879374505098e-05,4.35769252547195,4.12620799698532
"AC093827.5","AC093827.5",0.787875886668298,0.00019594164339185,3.70449679574053e-05,50.089736630527,4.12517704238382
"EDN3","EDN3",3.5360501067294,0.000196288380216984,3.71162238646615e-05,5.6585366549597,4.1247347618976
"KTN1-AS1","KTN1-AS1",0.674201500994159,0.000198594154824658,3.75695285922213e-05,59.4477533246616,4.12193986428861
"CCDC138","CCDC138",0.501148568616005,0.000198617336371705,3.75796830813666e-05,86.5976777299941,4.12187762304847
"SNTB1","SNTB1",0.780115253663194,0.000199370852083009,3.77396259737705e-05,1347.40692532417,4.12089936467183
"NAV3","NAV3",1.19386044185229,0.000199629080183924,3.78059022539557e-05,128.860226580699,4.1204951520704
"ZFPM2","ZFPM2",1.16347267924378,0.000201155059506025,3.81141535338384e-05,290.338126041062,4.11862395342357
"ERVK9-11","ERVK9-11",0.898939074575177,0.000201351896206586,3.8167261375746e-05,28.4511294996389,4.11830302075316
"MRPS33","MRPS33",0.834923407182315,0.000203062100471334,3.85091336696102e-05,907.947233396799,4.11624716468868
"TRIM23","TRIM23",0.522232470371344,0.000203718790121988,3.86514214324626e-05,526.059516046364,4.11539661569573
"AL513318.2","AL513318.2",1.73323437934794,0.000205439683412781,3.90017942019849e-05,6.83259353799099,4.11331480712326
"AC010980.1","AC010980.1",1.61338758886859,0.000207453797079598,3.94022417539065e-05,6.80062758260306,4.11095709677934
"MAN2A2","MAN2A2",0.862685860879752,0.000207987627314275,3.95142372987305e-05,1448.10590218129,4.11030177128291
"HES6","HES6",0.843373838056567,0.000207987627314275,3.9515715994617e-05,157.281766828349,4.11029313070747
"CLEC12A-AS1","CLEC12A-AS1",1.06168437071553,0.000208298036060899,3.9586791272989e-05,53.0493489424111,4.10987817260147
"AC036214.1","AC036214.1",1.6035991582151,0.000208326444371514,3.96042923902509e-05,2.91396114300056,4.10977610449065
"KCNE5","KCNE5",1.7146464575494,0.000208882572520956,3.97282178711288e-05,14.2259456760486,4.10905458211874
"UCA1","UCA1",1.22435758427055,0.000209683733286803,3.98866843643334e-05,11.4422128290583,4.10813505973504
"RPS6KA5","RPS6KA5",0.678504835457005,0.000211062247467076,4.01673011910155e-05,598.808575529743,4.10651521696606
"ABTB2","ABTB2",1.25518060345372,0.0002118671012487,4.03450887587568e-05,366.852206416936,4.10549449779497
"SCGB2A2","SCGB2A2",7.01691379290056,0.000214062569996566,4.07818170270557e-05,213.743784549862,4.1030051488717
"CNGA1","CNGA1",1.75628708777829,0.000215572912869328,4.10946040188626e-05,47.5184434950032,4.10123776330006
"AC068338.3","AC068338.3",1.41208257750049,0.000216124117176436,4.12227099312863e-05,9.2019334192939,4.10051758994515
"DLX2","DLX2",4.11012617821034,0.000216715800453468,4.13502408847111e-05,4.05545765132362,4.09980275507567
"ABLIM1","ABLIM1",1.32283663136839,0.000216752895155675,4.13636145338906e-05,6465.6684577628,4.09972791449488
"ZFYVE21","ZFYVE21",0.605810687432544,0.00021678697451487,4.1377829428232e-05,2286.72374033672,4.09964839137008
"AC108134.4","AC108134.4",1.56263486143184,0.000220110882451949,4.20747565184232e-05,2.97466073422886,4.09578098310912
"RGP1","RGP1",0.55681177829313,0.000220174315684564,4.20932771533578e-05,1600.06719623282,4.09567903909911
"LINC02232","LINC02232",4.76286470320835,0.000223116075484653,4.26880907754563e-05,0.722534680430492,4.09242740438563
"IL36RN","IL36RN",6.01560594647004,0.000225445428061912,4.31664999937296e-05,241.481062262319,4.08984315054613
"AP000696.1","AP000696.1",2.93625911210543,0.000226632070753455,4.34156877106432e-05,1.80034575877699,4.08850783952826
"AC009879.3","AC009879.3",1.58609290648798,0.000226632070753455,4.34200400455964e-05,28.9866938086736,4.08848458152784
"RABGAP1","RABGAP1",0.525524445459387,0.000227238071421457,4.35493434192743e-05,1448.93092630983,4.08779461724563
"OVOL1","OVOL1",5.53833377360819,0.00022740452172861,4.35878482307162e-05,97.7575679471134,4.08758953061102
"AC005829.1","AC005829.1",1.40889735390349,0.000228759670974024,4.38874644702983e-05,8.29544071528743,4.0859995427405
"SLC11A2","SLC11A2",0.533806479320311,0.000229853932251549,4.41040744874443e-05,1382.35886652871,4.08485644776639
"AC004923.1","AC004923.1",1.98828311160231,0.000230683832540725,4.42767156218517e-05,2.26307695060302,4.0839491925399
"PKIA-AS1","PKIA-AS1",2.24406115409291,0.000231739029868491,4.44994401783605e-05,1.85449478295355,4.08278368519667
"MARK2","MARK2",0.51050156924669,0.00023398250479252,4.49710187699578e-05,1545.24749395125,4.08033408672572
"AC018553.1","AC018553.1",1.19326834524984,0.000235398793498434,4.52845812994687e-05,25.0635083300746,4.07871874620744
"CFAP58","CFAP58",1.04204237207816,0.000235863702099007,4.53873889394075e-05,14.9516911165106,4.07819143361804
"LINC00863","LINC00863",0.581764823948713,0.000237651922748713,4.57522058783104e-05,329.780455819233,4.07632934203492
"CYB561A3","CYB561A3",0.521357367325893,0.000238454913316137,4.59206481725917e-05,2456.30547381409,4.07547432900503
"AC134682.1","AC134682.1",1.53813877166702,0.00023946229355384,4.61216006900055e-05,3.58723256484909,4.0744581761847
"ATP1B3","ATP1B3",0.623304328467797,0.000240065251858043,4.62516793184152e-05,5032.98804760618,4.07380264609905
"IVL","IVL",5.77733745802936,0.000240971196305998,4.64332205267222e-05,247.934817698541,4.07289068736802
"SETMAR","SETMAR",0.571046437524989,0.000241750762350937,4.65904585859901e-05,399.605249935007,4.07210354195213
"AL109917.1","AL109917.1",1.46475041776575,0.000242000177455489,4.6652584459512e-05,6.77923762959753,4.07179322928782
"SSH3","SSH3",0.525040708453567,0.000242225987203702,4.67031515934174e-05,819.304989456916,4.07154094053017
"LINC01219","LINC01219",2.96073951250307,0.000242624106992334,4.67916047189239e-05,1.00293410252636,4.07110025373576
"SLC16A5","SLC16A5",0.508996729352249,0.000242624106992334,4.67940069254415e-05,310.689746121581,4.07108829660198
"SCGB2B2","SCGB2B2",1.01952836191969,0.000243387353918178,4.69624198930655e-05,14.4357632118224,4.07025145789529
"AL139383.1","AL139383.1",1.67364987435201,0.000243635110418632,4.70173020106133e-05,3.50920250587006,4.06997936505716
"MAP3K21","MAP3K21",1.18676511358785,0.000244805631359584,4.72716346368803e-05,56.122056868993,4.06872236125227
"HEPHL1","HEPHL1",2.02333408766319,0.000244957201563362,4.73080176947482e-05,4.89289100129541,4.06854306753167
"EIF3A","EIF3A",0.519233466060316,0.000245266693430329,4.73749131901849e-05,9661.80791963896,4.06821375110354
"TSTD1","TSTD1",1.3843777090399,0.000245920131376766,4.75154151829397e-05,343.054866169412,4.06752351408549
"AC131097.3","AC131097.3",1.77153916769182,0.000246627372147709,4.76663917239123e-05,5.34795858064779,4.06678397290092
"PEMT","PEMT",0.630530945223836,0.000246676087915516,4.76829721470246e-05,707.693262349703,4.06670289099655
"LY6G6C","LY6G6C",5.58183144457396,0.000246927851219609,4.7738810785341e-05,280.912907464765,4.06643002427532
"TUBB2A","TUBB2A",0.857886119805995,0.000248143893907288,4.79883247831627e-05,3353.62421429435,4.06521440941699
"BCL11B","BCL11B",1.67546321703037,0.000248413834608256,4.80477438322404e-05,344.140514203375,4.06492580747377
"LINC01752","LINC01752",2.17958713489944,0.000249508807061189,4.82885204324592e-05,3.31217865771061,4.06375979399229
"AC006064.4","AC006064.4",1.23438503437007,0.000251104248783847,4.86045867867886e-05,34.280632159412,4.06223751203296
"AP002360.1","AP002360.1",1.0115016059324,0.000251293515299018,4.86485209558485e-05,54.5370329388593,4.06202665360939
"AC084859.1","AC084859.1",4.76134404960135,0.000251328726982002,4.86626377966199e-05,0.777017190011915,4.06195893931671
"TIMM8A","TIMM8A",0.554126505080314,0.000252023985625243,4.88118954382804e-05,195.588772658397,4.06124413186218
"FKBP5","FKBP5",1.13034910624983,0.000252204661654224,4.88542142608348e-05,6367.48102090214,4.0610418404709
"RCOR1","RCOR1",0.579046198797244,0.000252443744458252,4.89151916835424e-05,1118.64541463605,4.06075064963329
"HOXC11","HOXC11",3.11027443398261,0.000254840509334306,4.94092134253076e-05,33.3535392810232,4.05840411169113
"AC002401.2","AC002401.2",3.13044759197767,0.000255284419623669,4.95175251030226e-05,2.71886989252296,4.05789261917267
"DOCK9-DT","DOCK9-DT",1.22482905504391,0.000255284419623669,4.95174135460647e-05,52.8746391808901,4.05789314544493
"ACSM1","ACSM1",1.70301464830978,0.000255303424429173,4.95390034588672e-05,8.21217431724162,4.05779131551618
"VLDLR-AS1","VLDLR-AS1",1.56820481323939,0.000255303424429173,4.95434581913357e-05,15.5580849562319,4.0577703097781
"TMIE","TMIE",1.05673064191259,0.000256377239839221,4.97741800594097e-05,22.4887708261666,4.05668480976516
"LINC01948","LINC01948",1.41305672969715,0.000256851929603936,4.98961805853121e-05,4.57751086922638,4.05611274812662
"SERINC5","SERINC5",0.735564264576485,0.000258596831261621,5.02727022084939e-05,1273.06820857029,4.05435555749382
"AC073569.2","AC073569.2",1.66139700081993,0.000261129755840151,5.08106260710228e-05,13.079773660393,4.05186663812249
"IRF2BP1","IRF2BP1",0.538332865421399,0.000264068287483622,5.14284265010366e-05,1425.67039737931,4.04903876556418
"RPLP0P6","RPLP0P6",1.20965112256962,0.000264818266353194,5.1582180032663e-05,23.5749942762337,4.04833999009325
"THRB","THRB",1.26345891056228,0.000265174977677194,5.16593637527867e-05,788.337430945565,4.04798995116727
"KLF10","KLF10",0.546565146936139,0.000267343105688702,5.2136098861216e-05,3937.72999790752,4.04583881350561
"MEF2C-AS1","MEF2C-AS1",1.05650974708694,0.000267907188769975,5.22616672411743e-05,37.7115721121029,4.04527532195724
"AC097461.1","AC097461.1",0.942088309408066,0.000268077118284662,5.23103892365621e-05,36.1703097690297,4.04505702609483
"NDUFA12","NDUFA12",0.79378129822058,0.000268690962225059,5.24535830462014e-05,1814.56520774258,4.04441656862608
"DUSP16","DUSP16",0.521176262721608,0.000271428294317036,5.30352659425671e-05,977.000887848433,4.04183181913714
"HCFC1R1","HCFC1R1",0.875153163888779,0.000271993661270033,5.31536352104328e-05,2177.32959692469,4.04130912787329
"TC2N","TC2N",1.21189231882655,0.000272240234546955,5.32097286588377e-05,504.176930118127,4.04106181726552
"MIR3936","MIR3936",2.0064351355894,0.000273254883265143,5.34318541344528e-05,2.39176235213676,4.04008490735254
"CCER2","CCER2",2.59785964168452,0.000276624613330762,5.42032543722935e-05,2.20419813625402,4.03672191222193
"NIT2","NIT2",0.507982966397008,0.000278824097365631,5.46747264237066e-05,925.322767648397,4.03468874105008
"CNNM3","CNNM3",0.718244062881527,0.000287753188614485,5.64757841137467e-05,718.727272450565,4.0270718274779
"LINC00163","LINC00163",3.16527363960145,0.000288116222507996,5.65637721602052e-05,3.79275111470327,4.02670563708794
"POMC","POMC",1.23316594657213,0.000288492484916865,5.66460206238529e-05,115.196958021145,4.02636382139819
"KIF12","KIF12",3.67718228252823,0.000288699238859161,5.66950027282093e-05,1.439653568175,4.02616048036916
"MOCS2","MOCS2",0.520422889528027,0.000290681781221565,5.70927792674631e-05,1386.9457932715,4.02451531310394
"AL365259.1","AL365259.1",1.71288428473834,0.000291572361137289,5.72846360733305e-05,8.89761198083164,4.02372568832277
"NR3C2","NR3C2",1.15549762338737,0.000291597575275542,5.7303599793018e-05,387.905026842263,4.02364777544961
"AKR1B1","AKR1B1",0.708233045600684,0.000291597575275542,5.73065294038084e-05,3741.54736207231,4.02363574125496
"DGCR5","DGCR5",0.944565338361896,0.000294075543461253,5.7819140051389e-05,21.0082846960511,4.02153896905618
"AL359513.1","AL359513.1",1.63750315407842,0.000295390993946228,5.81120948645812e-05,6.61853859122157,4.0203485651528
"SOWAHB","SOWAHB",4.48930335003163,0.000295916507150576,5.82240739932033e-05,5.41709674277912,4.01989504572362
"LINC01836","LINC01836",1.78538768741705,0.000296637663691442,5.8374583812871e-05,3.70369128012443,4.01928677520634
"LINC01214","LINC01214",5.45741679956951,0.000296651847986474,5.83877622540601e-05,1.04643818359069,4.01923358658314
"CEBPA-DT","CEBPA-DT",1.29562610086342,0.000296651847986474,5.84011018755108e-05,111.162289278525,4.01917975900857
"BUB1B-PAK6","BUB1B-PAK6",4.26418367512918,0.000298908740689248,5.88822783593146e-05,3.39398355216555,4.01724587644766
"AC010342.1","AC010342.1",2.08714330170875,0.00030362337181955,5.98551128308147e-05,1.31332440987663,4.01338128141525
"MFSD4A","MFSD4A",1.61248944636755,0.000303714042686544,5.9881809043693e-05,179.502691187366,4.01327607110369
"ALDH3B2","ALDH3B2",5.45860713793287,0.000304356110221138,6.00172427178839e-05,276.34964208107,4.01274300752201
"TUBG1","TUBG1",0.535573114947078,0.000305007121217583,6.01544775493025e-05,909.71588883517,4.01220401522099
"DMAC1","DMAC1",0.657767579944427,0.000305778550598029,6.03243846770598e-05,1354.848871272,4.01153831270802
"RBL1","RBL1",0.615585881164694,0.00030648312246863,6.04900899609139e-05,334.062344411957,4.01089078104515
"AL359962.1","AL359962.1",1.1375209227722,0.000306651898475399,6.05323080643317e-05,9.14806487073931,4.01072607253692
"EFCAB2","EFCAB2",0.550583430538691,0.000307177269091781,6.06449372027662e-05,249.459270500057,4.0102871959963
"RDH10","RDH10",0.731946343885555,0.000309621721344293,6.1214496791982e-05,388.124760479911,4.00807957194218
"GCLC","GCLC",0.506280760234105,0.000309621721344293,6.12174700008888e-05,945.14453054724,4.00806809883469
"AL451042.2","AL451042.2",1.57433585656286,0.000310691395050223,6.14470114121345e-05,4.84840805180662,4.00718392634662
"UGT3A2","UGT3A2",3.54153137636194,0.000313603458696834,6.20593808557433e-05,10.1159798152553,4.00484034620468
"AC138356.2","AC138356.2",0.811207456592768,0.000314338362219442,6.22230724563001e-05,12.4512253674443,4.00421759558877
"YBX1P6","YBX1P6",3.85640210743746,0.000315721388935396,6.25702055508948e-05,1.58735641138362,4.00290207345121
"NDUFB11","NDUFB11",0.849245901458898,0.000317403555014074,6.29404574788279e-05,3146.96476626422,4.00150653144385
"AC079834.2","AC079834.2",1.05505021431535,0.000318394647399639,6.31739815379033e-05,16.5483856313829,4.00063033089871
"AC007996.1","AC007996.1",0.696336984566366,0.000318913591761778,6.32862106110278e-05,37.5953907103734,4.0002103289086
"PICART1","PICART1",1.60650097421542,0.000320971239668363,6.37287095456777e-05,5.18608718305111,3.99856117832849
"BCAP31P1","BCAP31P1",6.07614526674434,0.000321684571548791,6.38921546488507e-05,2.99670281591821,3.99795477432267
"GAL3ST1","GAL3ST1",1.04353915599571,0.00032248515976316,6.40605323463532e-05,13.4723274599992,3.99733160328547
"ARFGEF3","ARFGEF3",1.34273797795809,0.000322612342643714,6.4104538051169e-05,209.417057600918,3.99716899237265
"PRR7","PRR7",0.8786806397119,0.000322612342643714,6.410297161758e-05,123.518877312692,3.99717477888095
"IGFL4","IGFL4",1.0042931373591,0.000325021796009155,6.45927480043754e-05,18.4611183631431,3.99537200196637
"AC097359.2","AC097359.2",0.62499056851002,0.000325396538170715,6.46766733676717e-05,82.8395989053951,3.9950643872443
"TRDN-AS1","TRDN-AS1",1.76461228941294,0.00032541270621201,6.46962691365119e-05,3.41688484349093,3.99499261655947
"AP003396.3","AP003396.3",3.05775689670491,0.000326879219277153,6.50473315692976e-05,2.31320890847713,3.99371030335012
"AL162171.3","AL162171.3",1.27519844277975,0.000327151759495135,6.51110682020641e-05,10.6748440001648,3.99347819761125
"PPP1R13B","PPP1R13B",0.810403207588339,0.000328055793852427,6.53100502807173e-05,610.892561839418,3.99275495804782
"SH2D4A","SH2D4A",0.807586175839418,0.000329947301839197,6.57537015777486e-05,280.186418304669,3.99114989959477
"TMEM271","TMEM271",4.77760061561454,0.000330370277409247,6.58475904375e-05,10.5778270539725,3.9908115392983
"PCSK9","PCSK9",2.57551323368601,0.000332658083636738,6.63325707030965e-05,15.9396207931754,3.9890709865178
"AC104986.2","AC104986.2",1.22766581686293,0.000332770797206267,6.63836537137368e-05,36.6045695555043,3.98888835557143
"AL162231.1","AL162231.1",1.01755345487884,0.000332770797206267,6.63815087148851e-05,80.8669980036944,3.98889602165246
"AC072022.2","AC072022.2",1.35791996332253,0.000337345167219724,6.73553700321941e-05,20.4020624401592,3.98543938711639
"SPACA4","SPACA4",3.33212944879124,0.000338490584028016,6.76037311425769e-05,0.588322899145449,3.98456542112987
"KRT78","KRT78",5.66759911412169,0.000338598577425538,6.7635134685588e-05,256.665665091468,3.98445513062294
"NDUFV2-AS1","NDUFV2-AS1",0.568231154145919,0.000341151353795456,6.81846887843189e-05,84.482068513828,3.98253287756505
"CCT6B","CCT6B",0.68962544635662,0.000341317303579561,6.82282641178173e-05,77.137202909292,3.98238108587665
"ADGRF4","ADGRF4",5.58978619271,0.000341463494114989,6.82867479081474e-05,77.9436339340351,3.98217750570925
"HAX1","HAX1",0.678254020445157,0.000341649886170906,6.83339466763349e-05,2327.52079836528,3.98201332859547
"LINC01505","LINC01505",1.31253290486558,0.000342553747436764,6.85545288671809e-05,5.59382401391748,3.981247470879
"CNNM1","CNNM1",1.84324123885298,0.000342749914774222,6.86236540762958e-05,14.8783231876875,3.98100794907682
"NCBP2-AS2","NCBP2-AS2",0.64194306026526,0.000343624340815648,6.88386510574394e-05,710.818737292491,3.98026443183261
"KRT7-AS","KRT7-AS",3.40005714206232,0.000345458587374982,6.92261762025096e-05,0.728095314565103,3.97892979792325
"PITX1","PITX1",2.03860407115091,0.000345763025810686,6.93072685349001e-05,504.940017422499,3.97865141105061
"FAM178B","FAM178B",1.58657644104172,0.000347269382786053,6.96394742289681e-05,31.635298046206,3.97751416945613
"RAB11FIP4","RAB11FIP4",1.27394531195175,0.000347313158977045,6.96583409648104e-05,389.446734405691,3.97744973698099
"ADIPOR2","ADIPOR2",0.656460219589165,0.000347826795489951,6.9773541230144e-05,3079.07368294131,3.97705667018866
"DOK5","DOK5",1.0789578612433,0.000347977205534487,6.98420614105759e-05,341.231645982673,3.97682316836026
"AC068338.2","AC068338.2",0.761024600505495,0.000349285938679201,7.01250263782571e-05,50.7144154771102,3.97586117539565
"AL354718.1","AL354718.1",0.913048834173051,0.000351054547080487,7.04903010330954e-05,13.850682060071,3.97462477067568
"PRSS16","PRSS16",1.6811261849765,0.000353946467063955,7.11326712447864e-05,42.7993727106319,3.97246506420955
"TTC23L","TTC23L",1.36612004051627,0.000353946467063955,7.11280635840763e-05,4.37734329939272,3.97248048977683
"AL139011.1","AL139011.1",1.1097207360607,0.000362162737522117,7.29101293646391e-05,11.0858170794209,3.96658386106809
"CCSAP","CCSAP",0.820811692716954,0.000363391372509971,7.31785867785416e-05,615.108395578756,3.96570740770687
"CYSTM1","CYSTM1",0.74352784996941,0.000363713420652543,7.32540042641087e-05,1884.87627808399,3.9654617336507
"FAM83C","FAM83C",5.88788240956961,0.000364224913912565,7.3373756184581e-05,148.431892293623,3.96507213029889
"FGF7P3","FGF7P3",0.958546517892985,0.000369530413537396,7.45329148252492e-05,43.3512807732479,3.96133167778016
"AC103957.2","AC103957.2",1.30567215307227,0.000372620321287336,7.51886072958964e-05,12.1605075634195,3.95924013444453
"AC112236.1","AC112236.1",4.83179340133213,0.000374184949763493,7.55260606455941e-05,0.730820151773869,3.95817043134677
"CAT","CAT",0.985987540739627,0.00037434492547326,7.55909701954835e-05,4964.16783534867,3.95796519110426
"HOXC9","HOXC9",1.62645800543502,0.000374737380242126,7.56811027310183e-05,143.781654517987,3.95768047344666
"MUC5B","MUC5B",2.08644839922642,0.000378229224032105,7.64741962497817e-05,4.76684826337379,3.95518892120475
"ZBTB7C","ZBTB7C",1.26656432434771,0.000378229224032105,7.64727177373598e-05,1258.77569070316,3.95519354326884
"INTS1","INTS1",0.56054423345349,0.000379460770555922,7.67342246023682e-05,3427.57208051353,3.95437734267313
"AC136632.1","AC136632.1",1.33431193600734,0.000381064122817968,7.70874057480878e-05,5.15966763206649,3.95327917822557
"MAP3K6","MAP3K6",0.596751405759032,0.000383353373790919,7.75993279292702e-05,1759.87936742539,3.95169584753438
"PHLPP1","PHLPP1",0.847366257587524,0.000386355950795349,7.82295612000225e-05,547.653929300227,3.94976009860659
"AF131216.3","AF131216.3",1.40895253766486,0.000388171414027441,7.86422566760022e-05,3.43742953684823,3.94850048522267
"AC112220.2","AC112220.2",0.618694308127423,0.000388171414027441,7.86323324469703e-05,98.1841829720481,3.94853070216931
"SPRR2D","SPRR2D",7.37285854817276,0.000388971183823409,7.88155855220198e-05,32.0436569228257,3.94797332008236
"HPDL","HPDL",1.00424534699824,0.000389780293117495,7.90134967371615e-05,26.8718618838493,3.94737272826633
"SPRY2","SPRY2",0.798889927816683,0.000393175457695689,7.97702617638081e-05,746.139798268612,3.94508924975674
"AC097625.1","AC097625.1",1.04912469529176,0.000393439377690244,7.98352356379703e-05,9.27872403804544,3.94489415193874
"AVPI1","AVPI1",0.824750862795755,0.000394249686606787,8.00225633207921e-05,897.12028150002,3.94433249994729
"AL731684.1","AL731684.1",1.80523992978103,0.000396796526607482,8.05856080527336e-05,1.91390964262499,3.9426518117488
"LINC00390","LINC00390",4.33057957875975,0.000403715531888484,8.20728769515365e-05,0.604035681695545,3.93826513297871
"SETD8P1","SETD8P1",2.81642516629126,0.000405294801113979,8.24174771290511e-05,1.15958842307324,3.93725946599552
"AC005220.1","AC005220.1",1.93937032271083,0.000410274264165667,8.34896449037022e-05,2.56597866830062,3.93415571945876
"SCGB1D2","SCGB1D2",6.78925749042619,0.000413187790506388,8.41545482465085e-05,52.0051874089991,3.93224980434367
"RAB26","RAB26",1.77090757482253,0.000414646329045804,8.44877424844985e-05,14.3585034615779,3.93130006438947
"PHGR1","PHGR1",5.04527307313421,0.000415137825061028,8.46087375562965e-05,0.917133331249424,3.93095605473285
"AL445933.1","AL445933.1",2.11014191199477,0.000415137825061028,8.46210582004264e-05,3.79463103791414,3.93092105112049
"LINC00240","LINC00240",1.28999215862956,0.000415137825061028,8.46240634448209e-05,8.88899491005382,3.93091251379023
"ZNF821","ZNF821",0.526769574965072,0.000416696017702937,8.49780045396863e-05,194.088633076957,3.92990903263286
"ANKRD20A3","ANKRD20A3",1.006582538735,0.000417262378601759,8.5129863695212e-05,16.8254591577922,3.92947969726938
"FAM210B","FAM210B",0.613351806913291,0.000417588744217596,8.52085781378125e-05,3479.43272810883,3.92925744093546
"LHFPL1","LHFPL1",1.89946196659699,0.000418958181585436,8.5551670801064e-05,4.39927642641401,3.92829095241418
"FAM131C","FAM131C",2.19334099293531,0.000419368581693302,8.56636834631886e-05,10.0188956489134,3.92797620682995
"TMEM238","TMEM238",1.46020899646132,0.000419368581693302,8.56692005068257e-05,85.9056712216435,3.9279607144803
"TET3","TET3",1.01460128489303,0.000423134851056192,8.65000314201661e-05,935.698378005395,3.92563836086863
"OR7E62P","OR7E62P",4.46667754257703,0.000423822485249663,8.66529125616469e-05,1.13588882000296,3.92521332194497
"AP001000.1","AP001000.1",1.24004925587281,0.000423895485829858,8.66801504659637e-05,4.4292338118507,3.92513766971244
"TTC6","TTC6",1.98721248922424,0.000424481376974377,8.68369448713412e-05,2.07357124147496,3.92470261558666
"CD164L2","CD164L2",5.63543546975929,0.000424622370644498,8.68781218432626e-05,7.1499956949525,3.92458848576565
"RN7SKP276","RN7SKP276",7.52813159163185,0.000425091982391902,8.6986552107324e-05,2.83751992753232,3.92428819494659
"AC078962.2","AC078962.2",4.43468541410932,0.000425722067648654,8.71278519998959e-05,0.682530767332966,3.92389740403618
"CYP2C18","CYP2C18",5.50525902065203,0.000425828853404759,8.71620753440031e-05,7.44679496451876,3.92380284314748
"CLEC16A","CLEC16A",0.50585406253771,0.00042692071975656,8.7421258686284e-05,801.60051668686,3.9230878427182
"SERPINB7","SERPINB7",5.56420454685167,0.000427440998255898,8.75417241403025e-05,349.72003297159,3.92275620020406
"AC010894.2","AC010894.2",1.29762587711406,0.000427531633878046,8.75727048364118e-05,8.3464276942938,3.92267097976261
"ZNF628","ZNF628",0.502793562087445,0.000429006820768686,8.78997941705098e-05,385.39270633946,3.92177296947355
"BTC","BTC",2.02392919217903,0.000431859620090149,8.85595712163486e-05,397.830802688056,3.91997114515153
"AC106712.1","AC106712.1",1.64402870075149,0.000433091781651575,8.88374044970205e-05,3.80419247399837,3.91921618557461
"LINC01067","LINC01067",1.25665532523869,0.000433781825386023,8.90041482086344e-05,3.2154879405792,3.91876416128621
"AL121832.2","AL121832.2",0.923616828629823,0.000434007834466616,8.90631274110214e-05,28.4953574503455,3.91860446651486
"CYP3A5","CYP3A5",1.29681591233033,0.000434107693552574,8.90962287278519e-05,73.9115816650494,3.91851488364676
"CUEDC1","CUEDC1",0.566413166650298,0.000435316813968186,8.93570327731257e-05,1788.5235090901,3.91781016129787
"CDH10","CDH10",2.7294759902574,0.000435926117476233,8.94947658394915e-05,1.4110434710915,3.91743877444958
"CTNNA2","CTNNA2",1.74044161682269,0.00043599198494628,8.95277403130677e-05,3.46443825769578,3.91734994137156
"PDK4","PDK4",1.63743669201827,0.000438128551599713,9.00614546204011e-05,2624.27770510347,3.9159163998742
"TRAM1L1","TRAM1L1",0.830045571867314,0.000442233884577618,9.09438800630165e-05,127.267400419858,3.91356373964867
"MBP","MBP",0.672969394776324,0.000442395374710146,9.10027896972596e-05,3023.53722288569,3.91340744774254
"DQX1","DQX1",3.04838375098857,0.000443887358937373,9.13465990876697e-05,3.79512443105119,3.91249719625354
"AC021148.1","AC021148.1",1.24691928024955,0.000443887358937373,9.13483774274221e-05,3.90476954147827,3.9124924964334
"TMTC4","TMTC4",0.537224231697119,0.000448992679835772,9.25294255674103e-05,376.425298172712,3.90939013483804
"NDUFB7","NDUFB7",0.790782651532944,0.000455113088241546,9.38964873294905e-05,3461.59612185985,3.90584551514653
"UGT8","UGT8",2.10544926308002,0.000458796803918228,9.47631019130511e-05,20.0774866943175,3.90362364716228
"PNLIPRP3","PNLIPRP3",6.04069742218532,0.000460116559750844,9.50490581197862e-05,20.2335877374696,3.90289470780848
"AL358394.1","AL358394.1",2.52408621320163,0.000460687390944554,9.51937405361786e-05,1.06733039589297,3.90252668221384
"PELI3","PELI3",0.525665014824356,0.000460709005754778,9.52115887052761e-05,476.935992487209,3.90248131880802
"AC074117.1","AC074117.1",0.605698986965445,0.000461063482668642,9.52982381395973e-05,140.822928525059,3.9022612022401
"DRGX","DRGX",2.56217067870026,0.000461846653406315,9.54735282994291e-05,6.00116902485701,3.90181648788044
"AC005083.1","AC005083.1",1.70910661877033,0.000465116732714951,9.62035626136622e-05,14.4250517438605,3.89997263101283
"LINC01725","LINC01725",1.26506856560365,0.000469263588411773,9.71158088600523e-05,13.2588258226532,3.89768703984622
"ACAA2","ACAA2",0.563858282599596,0.000469263588411773,9.71082549148118e-05,2661.18745832508,3.89770588253359
"TMEM70","TMEM70",0.675727697989372,0.00047567005547399,9.86212633894895e-05,1360.84871482889,3.89395915305496
"ACOT2","ACOT2",0.89720018721533,0.000478500669686128,9.92776311016618e-05,1478.73358732051,3.89235061149366
"PCARE","PCARE",2.15857759128499,0.000480478040927174,9.97158011625613e-05,3.38536206265708,3.89128237939146
"ABCA9","ABCA9",1.54833233890206,0.000483232862380047,0.000100441918298815,214.951515753198,3.88952186742522
"ALDH1L1","ALDH1L1",2.70130571816458,0.000483787453852887,0.000100599348847822,411.748173270043,3.88914175336862
"PIP5KL1","PIP5KL1",1.05468166001827,0.000484427959147175,0.000100746607049314,42.2407242418833,3.88878670823711
"TMEM80","TMEM80",0.584876741896889,0.000486540849779201,0.000101299082468262,513.009464100336,3.88745902113814
"MMP27","MMP27",3.13696233598533,0.000487286630841215,0.000101510971197665,16.4292677329415,3.88695163119745
"MLIP-IT1","MLIP-IT1",2.62957998361758,0.000488382790588594,0.000101753507519809,1.39109610280496,3.88637207795021
"SDR9C7","SDR9C7",5.53560265959111,0.000491345709736229,0.00010245645550704,82.4367691793971,3.88469968317965
"FABP7","FABP7",3.66585689215268,0.000491948764130561,0.000102606353951304,42.5182793032148,3.88434445871446
"ARHGAP5-AS1","ARHGAP5-AS1",0.748159970846919,0.00049254628559911,0.000102764028391379,76.2501217626832,3.88397133513482
"ARRDC2","ARRDC2",0.5608512677421,0.000493242562404922,0.000102937951983251,1857.09268694252,3.88356038549381
"LINC02298","LINC02298",1.3080318780172,0.000496563037068897,0.00010364534635695,9.07246263101128,3.88189566713413
"MAST4-AS1","MAST4-AS1",1.5587775505624,0.000499422254735165,0.000104329175556387,8.07744191854739,3.88029656707264
"GJB1","GJB1",4.50530719006975,0.000500117730555178,0.00010448898675158,2.67034885873996,3.87992428287457
"AC015910.1","AC015910.1",1.4744882324408,0.000506530005430923,0.000105916971915221,10.1411597761593,3.8766214046059
"TTC12","TTC12",0.645614521063393,0.000508229734572187,0.000106301914681489,211.852849643234,3.87573823674704
"UBE2D1","UBE2D1",0.705824314277767,0.000509776356287105,0.000106669828938431,1391.06790069706,3.87489695316049
"IL1R2","IL1R2",1.45375728656268,0.000515952373308666,0.000108128407247635,172.456510099275,3.87158844825471
"EIF3F","EIF3F",0.681556210147925,0.000515952373308666,0.000108141986923299,7262.77799177843,3.87155784367615
"KCNMB2-AS1","KCNMB2-AS1",2.488501262923,0.000518695932491931,0.000108777292685946,0.971094475099307,3.8701300897716
"KCNN2","KCNN2",1.13825913186783,0.000520331294551124,0.000109169246539316,39.3329745549566,3.86925315171612
"KRT77","KRT77",5.71837669903581,0.000520892282427221,0.000109343805190587,357.79816792365,3.86886355853919
"RCAN2","RCAN2",1.22117235337552,0.000521368926854382,0.00010945900439478,1340.13431745341,3.86860676953298
"MT-CO1","MT-CO1",0.914776451596111,0.000526817169273695,0.000110664045782136,816919.655832584,3.86593580556556
"VIPR1","VIPR1",1.51746748746238,0.000526853571342792,0.000110686995513025,251.457452858058,3.86588520441578
"ANO9","ANO9",2.204890025183,0.000528526995281602,0.0001110846211763,114.402548862633,3.8650100596276
"AC004982.1","AC004982.1",1.80525371359916,0.000530976651992567,0.000111676598613866,4.09419442132147,3.86371262023751
"AC124312.1","AC124312.1",1.5980908956428,0.000531304812456713,0.000111776482997095,6.07184190535248,3.8634943431439
"AL499627.1","AL499627.1",8.52722059118751,0.000531675134161591,0.000111869834781764,5.78162950755573,3.8632905079989
"BCAS1","BCAS1",1.53444823944027,0.000534914407591915,0.000112613559493035,27.5049924192536,3.86167228037526
"AC109347.1","AC109347.1",0.687091381952123,0.000540721240185342,0.000113945991563398,32.9336735943038,3.85879816430968
"CCDC141","CCDC141",1.00250037472138,0.000540880370673951,0.000114010946031743,95.7748926607363,3.85865886631607
"AC125807.2","AC125807.2",1.05675021318562,0.000543595443049877,0.000114630618001107,257.720642867476,3.85733370036686
"MUCL1","MUCL1",6.07973684816313,0.000544981545052904,0.000114954571284251,85.9772149827295,3.85664361461502
"C9orf24","C9orf24",1.32218635683408,0.000545066533683984,0.000114988330258707,12.3677703421828,3.85657180675942
"LINC01514","LINC01514",3.72130525746812,0.00054729110943027,0.000115505321282687,0.936649797001596,3.85547460498891
"GNA11","GNA11",0.586011563617589,0.000549444292634634,0.000115975707986984,3503.65951663368,3.85448032756424
"AC004925.1","AC004925.1",1.933125369804,0.000550210223323497,0.000116153360727175,2.21663533710051,3.85410580417391
"CYB5D1","CYB5D1",0.517125000441578,0.000551756132823444,0.000116495739790101,436.006545240531,3.85338552988109
"TNKS2-AS1","TNKS2-AS1",1.51299035681318,0.000552750498307422,0.000116721741683948,5.80965137887086,3.85291117514216
"AC018467.1","AC018467.1",2.63198489856964,0.000553271658346127,0.000116863933411556,1.18697350633138,3.85261317303758
"KRT4","KRT4",6.7505654293919,0.000555316781126395,0.000117328170846793,1.98291837318816,3.85164261004088
"LINC02570","LINC02570",2.38440940297558,0.000558703546629826,0.00011812487265942,1.13909604194273,3.84998538605055
"SNRPD3","SNRPD3",0.5096750769417,0.000559186947846326,0.000118243318819602,2197.25634434968,3.84973990598405
"LINC01315","LINC01315",1.24312661478066,0.00056047358037399,0.000118580503062744,116.767222298697,3.84904235798056
"TBKBP1","TBKBP1",0.575113498235677,0.000563202120111894,0.000119190503286141,587.713119738435,3.84778516248433
"FAM83C-AS1","FAM83C-AS1",3.83048566478783,0.000563257090623298,0.000119218497135238,0.934610427871642,3.84772761355715
"NFIC","NFIC",0.711658600335435,0.000567994093540546,0.000120336613171975,9009.4001290955,3.84543937914781
"AL122058.1","AL122058.1",2.18027377946736,0.000584661087254379,0.00012413943731351,1.47267375655897,3.83780413057894
"FBXL18","FBXL18",0.539876000696735,0.000586847635992787,0.000124654837981156,286.861105072681,3.83678633189541
"ATPAF2","ATPAF2",0.502093259437728,0.000587129863054601,0.000124731840896403,550.513748964809,3.836634609431
"AP1S1","AP1S1",0.620903381124391,0.000590597613481985,0.000125502850593534,1767.76486546656,3.83512030174387
"MIR4653","MIR4653",2.76536752449513,0.000593830022530205,0.000126224239133149,0.719801676872891,3.83371137259143
"THEGL","THEGL",3.33325934667647,0.000594620466677351,0.000126409527001613,0.868085229203387,3.83335071579841
"COL4A6","COL4A6",2.34198983707346,0.000600945031631244,0.000127841332975114,44.0605946075653,3.83058043592823
"LINC01124","LINC01124",3.23124540731308,0.000603419550093589,0.000128420327742992,2.21694256273698,3.82946848372416
"STK33","STK33",0.721818459671874,0.000603914571068061,0.000128560761338382,57.2456579619441,3.82919949480675
"BOLA1","BOLA1",0.562044626576976,0.000607120119986952,0.000129348962475436,355.924663777889,3.82769488026392
"APBB1","APBB1",0.606697977655411,0.000610203643689888,0.000130041365567349,1089.86796621908,3.82638024881286
"OR7E91P","OR7E91P",4.07698170971951,0.000611542706713266,0.000130344498137038,1.04174269820287,3.8258067809417
"C2CD4D","C2CD4D",1.18980278866499,0.000612763969551873,0.000130675992344889,17.4280879977207,3.8251810952698
"AC023141.2","AC023141.2",1.44655813784662,0.000615750045369266,0.000131330678027957,2.58065450888378,3.823949776743
"TAPT1-AS1","TAPT1-AS1",0.882129149875024,0.000617184651399853,0.000131672512621469,36.1538442637346,3.82330915833736
"AP000547.3","AP000547.3",0.962940079346403,0.000617261041606993,0.000131706739039299,260.362868980134,3.82324510232613
"MRPL40","MRPL40",0.668778385116728,0.000617281092041194,0.00013172894688122,1005.55205407062,3.82320354791588
"P3H2","P3H2",0.994657666487809,0.00062008052246689,0.000132434416222233,334.787929071245,3.82188692617424
"SHB","SHB",0.658970967246866,0.000621128473874583,0.000132694316409538,477.491320181968,3.82140353812593
"KIZ","KIZ",0.559885992729334,0.000621907853620474,0.000132896946644761,441.806902979608,3.82102728488841
"ST13P20","ST13P20",4.92414048633171,0.000622395527810617,0.000133019237063742,0.725893509737812,3.82080047182325
"CEACAM7","CEACAM7",6.53541499556759,0.000628866486237346,0.000134584880637759,6.47338158819588,3.81791389022705
"GSDMA","GSDMA",1.9881462247269,0.000628887171669223,0.000134607574300875,513.476946000029,3.81787228292796
"OR10AB1P","OR10AB1P",3.72370343527705,0.000629562069798028,0.00013478860277917,0.586308224509634,3.81754061586748
"DHCR24-DT","DHCR24-DT",2.22892709398214,0.000632487919409782,0.000135506880840204,1.16896743577709,3.81622876245942
"LGALS7","LGALS7",5.29268801358159,0.000644541464750093,0.000138332661875172,359.991437433224,3.81113058794542
"CNKSR2","CNKSR2",1.14722905009248,0.000647240785257775,0.000138968394464549,152.119472137216,3.80999714870478
"MYEF2","MYEF2",0.823252689326536,0.000649601949957578,0.000139513094515694,135.61629101149,3.80902988859116
"ATP5PD","ATP5PD",0.712194929022081,0.000652399835067238,0.000140151887421787,4830.39888738518,3.80790006317265
"WASL","WASL",0.546483845661678,0.000660862971589268,0.000142161937016095,1892.44679329254,3.80437628978423
"AC025154.2","AC025154.2",5.41839072165114,0.000662425333020458,0.000142517266227563,1.49340139818181,3.80375825516009
"AC079944.2","AC079944.2",1.47382751053166,0.000664791239632557,0.000143064897596073,3.84778632203262,3.80280857968631
"CES5A","CES5A",3.33922009328921,0.000665167239886189,0.00014318445494355,1.96267971579798,3.80260170455103
"AC104667.1","AC104667.1",1.45295878941187,0.000665302925652281,0.000143232987246855,2.96117708006471,3.8025177734717
"ASAP3","ASAP3",0.683483071835981,0.00066941919097932,0.000144196953651175,2227.61407610478,3.80085622876126
"PTGER3","PTGER3",1.91995139612784,0.000674453759209164,0.000145418562060231,854.066979274447,3.79876556123895
"LAMC3","LAMC3",1.71535655623338,0.000676509593534827,0.000145920769187569,209.068153041981,3.79791087458713
"PACRG","PACRG",1.04003013869792,0.000681152410075313,0.000147060702454101,22.7858567921216,3.79598110013898
"SCUBE2","SCUBE2",1.22343015799426,0.000686070868884921,0.00014818238006937,429.019926042993,3.79409592978648
"TMEM8B","TMEM8B",0.892050685085908,0.000686648607861721,0.000148347053133365,582.081790613542,3.79382030038953
"LPIN3","LPIN3",0.811716823030811,0.000686943395541412,0.000148450646648893,227.752265632104,3.79364705337619
"FBXO31","FBXO31",0.759963030167731,0.000687348479046616,0.000148558151289238,2147.20670095776,3.79346738581564
"GPRC5B","GPRC5B",1.07104347056121,0.000691834744739461,0.000149628253437029,1863.36747922974,3.79168561685012
"ASB10","ASB10",8.58589659866873,0.000692994679604645,0.000149899250000459,38.7463854651485,3.79123629915507
"MPP6","MPP6",0.547885294996119,0.000694656221986794,0.000150299006552214,266.778403733792,3.79057488898122
"AC004233.2","AC004233.2",3.48195168720316,0.000694854708684429,0.000150362134881463,0.903800514290395,3.79047059256318
"LINC00629","LINC00629",2.09542480616032,0.000697165520924806,0.000150882429894584,1.21479266768069,3.78961256242334
"NDUFS6","NDUFS6",0.719010819472044,0.000700393285805864,0.00015162167884022,2760.51080980683,3.78839822857913
"LINC02562","LINC02562",4.05582118003682,0.000702220446604755,0.000152037620802598,1.4398244767862,3.78771742583771
"KLK8","KLK8",5.8182459379757,0.000704160988885546,0.000152498673554393,156.271377595277,3.78696483279096
"SSSCA1-AS1","SSSCA1-AS1",0.59000644495345,0.00070465468095836,0.000152626058902826,41.3446552933862,3.78675727473214
"CELSR1","CELSR1",1.18016981405307,0.000709517872775843,0.000153741237681765,743.665155587221,3.78494716494265
"AC016229.2","AC016229.2",3.78180619945477,0.00071029240994264,0.000153950330050888,0.601760155058395,3.78460915173318
"THNSL1","THNSL1",0.547108088772057,0.000714974413747675,0.000155089721211445,182.267305155134,3.78277480072993
"LINC00393","LINC00393",4.62338966398454,0.000716235715821511,0.000155404926141126,1.0154061918741,3.78226957971361
"AFDN","AFDN",0.618766511904988,0.00071653606068095,0.000155511718525853,1911.93047082829,3.78209862802819
"AL135925.1","AL135925.1",0.600420725495555,0.000718849262161781,0.000156055518339641,224.075647570899,3.7812298314433
"H1F0","H1F0",0.662776059692212,0.000723368373637381,0.000157162641884734,7944.67409437967,3.77946981701661
"AC006059.1","AC006059.1",0.876623598493243,0.000724758444163145,0.000157527809854561,27.2461077330274,3.77889186130895
"PSMB6","PSMB6",0.610583018701284,0.000724758444163145,0.000157514590279396,3235.54554589486,3.77891276208129
"MRPS34","MRPS34",0.567901181772092,0.000724978544125412,0.000157617764690912,2087.47700155202,3.7787496822842
"HDDC2","HDDC2",0.7018631120222,0.000728925245807432,0.000158560507896243,1356.05118039774,3.77726419668668
"NME9","NME9",0.962356092627804,0.000731446550041626,0.000159198417224081,16.7132361759425,3.77626374714051
"PTGR1","PTGR1",0.622272776543398,0.000732284058872352,0.000159418758604865,1098.28880725308,3.77591905653466
"FAM174B","FAM174B",0.573659262914019,0.000732765259715728,0.000159544800361017,382.536937880493,3.77572208488787
"SORD2P","SORD2P",1.37792848868503,0.000735235010338359,0.00016016796147141,58.1579439663547,3.77475038698138
"ATP23","ATP23",0.81022943947459,0.000737958566342515,0.000160868451272237,295.631424318168,3.77366234819204
"PPT2","PPT2",0.510022523392523,0.000738306730006026,0.00016096579282634,520.370566880718,3.77351150494821
"SSH2","SSH2",0.765949734308942,0.000738603364709325,0.000161073372320135,1666.41883735228,3.77334489652251
"HIST1H1C","HIST1H1C",1.24551405737293,0.000743430453527228,0.000162212430780078,439.118518632684,3.77158723107103
"AC004754.1","AC004754.1",1.42226385620369,0.000752332079587716,0.000164263978222983,14.7796683935974,3.76845060932052
"GPRC5D-AS1","GPRC5D-AS1",1.22396146195521,0.00075310706299005,0.000164455062726827,29.9401071363192,3.76816033835283
"OR10Z1","OR10Z1",1.38128212286169,0.000753353784118126,0.000164530820924369,3.56789895794759,3.7680453440905
"UPK3B","UPK3B",1.37117321469384,0.000753923890682697,0.000164677229520561,8.25188207696904,3.76782324985042
"ALOX12P2","ALOX12P2",1.15358793234789,0.000755759972376579,0.000165144134779511,9.2446653935036,3.76711621761352
"OTUD7B","OTUD7B",0.708520989264321,0.00075686915780978,0.000165408491441872,1097.99335068484,3.76671673707686
"AL035425.3","AL035425.3",1.86599027734978,0.000757024197924228,0.000165464363000459,1.94321650945158,3.76663238409561
"HDAC4","HDAC4",0.542737493447674,0.000757995835749352,0.000165698752755014,1314.08142953722,3.76627880216791
"FA2H","FA2H",2.32197477401871,0.000759061866280317,0.00016597588385495,28.1006999929935,3.76586135058553
"MREG","MREG",1.30191488583352,0.000759818386740557,0.000166163373816941,296.824114193511,3.76557930008855
"CDRT1","CDRT1",1.64806677792605,0.00076095402749514,0.000166455930668813,3.91272552506501,3.76513978975363
"AL031602.1","AL031602.1",1.13083238201783,0.00076242846641245,0.000166845134186921,9.84920545287394,3.76455621152522
"KIF25","KIF25",1.34378764428628,0.00076250438112452,0.000166905803885047,5.51978694605768,3.76446535776719
"PLPPR5","PLPPR5",3.16195919791984,0.000764156294413447,0.000167356176945434,0.850283395500689,3.76379188724245
"VSIG8","VSIG8",5.35064371201584,0.000770591747370493,0.000168965492814559,26.6946032315599,3.76139922951993
"LINC01305","LINC01305",2.09288781902031,0.000772650284024401,0.000169440851759737,2.48970710555832,3.76069658810583
"TMEM74","TMEM74",1.25584483018565,0.00077681764323332,0.000170422436950774,19.0958743774134,3.75925152799924
"TIMM13","TIMM13",0.672489049006234,0.000782052928289412,0.000171616413187711,2293.60738939787,3.75750430825925
"AC128687.2","AC128687.2",3.04302678374525,0.000782505234706662,0.000171738397625292,0.652648950816489,3.75732644506404
"ARL9","ARL9",1.12726483728359,0.000785344267267421,0.000172384298470428,39.4358483438453,3.75638664501152
"NRG1","NRG1",1.67664109651893,0.000785392553371777,0.000172417709956544,47.5523918233494,3.75633812069788
"KLK5","KLK5",5.60677290993679,0.000787415981829655,0.000172907657215993,583.049348112781,3.755627572259
"AL161729.3","AL161729.3",2.50095387904585,0.000787864375738952,0.000173051888269372,0.7024710909397,3.75541876121885
"RPLP0","RPLP0",0.850159428210266,0.000791938003421838,0.000174084663933324,74342.8547283041,3.75392832095036
"PSTK","PSTK",0.521275413176406,0.00079464294539882,0.000174748511084422,80.5007538336131,3.75297468061736
"MFSD6","MFSD6",0.69205788749478,0.00079780842609036,0.000175490972777457,2048.77609151852,3.75191213535384
"MDH1B","MDH1B",0.952335141348178,0.000800522203592149,0.000176134416527551,14.7388866385901,3.75099470963475
"SCN7A","SCN7A",2.13092468296561,0.000803060690211759,0.00017676292292392,65.8428025881407,3.75010161940959
"AC124312.4","AC124312.4",1.67909686162021,0.000809886022984895,0.000178335829564555,2.3649724007809,3.74787958334077
"TSPEAR","TSPEAR",1.88629242907095,0.000810881379317405,0.000178578558672725,4.45831428432526,3.74753832381821
"PABPC1L2A","PABPC1L2A",1.87293165213079,0.000817535177891276,0.000180186386947804,1.05189812584045,3.74528878560292
"ZBTB16","ZBTB16",1.97313577642601,0.00081935011837755,0.000180610202404067,786.103657960232,3.74469896197409
"NPSR1-AS1","NPSR1-AS1",1.11250473240793,0.000819530349339723,0.000180697539265651,8.6724089009001,3.74457757706488
"EYA1","EYA1",1.77365895077385,0.000819881730669763,0.000180798829419218,51.9289932192,3.74443686827438
"EIF4EBP2","EIF4EBP2",0.621017106577608,0.000825625031522757,0.000182137275311239,6470.83115987463,3.7425844731885
"LSAMP","LSAMP",1.18680895853834,0.000832655779141421,0.000183857593616623,150.117329138349,3.74022227648372
"ROCR","ROCR",4.76747866825449,0.000837943461086313,0.00018513622862714,0.6678283733241,3.73847998536388
"TMEM202-AS1","TMEM202-AS1",0.782665398321129,0.000837943461086313,0.000185171193561771,83.0463523285866,3.73843250058075
"NEURL4","NEURL4",0.732679860390005,0.000839024940412285,0.000185434552445599,504.45051463568,3.73807511171689
"AC004982.2","AC004982.2",1.3388657473369,0.000844009664444959,0.000186585266529876,10.5353671351411,3.73651912120747
"AC048382.5","AC048382.5",0.860991436413524,0.000846590328893663,0.000187204954509918,86.0937896749713,3.73568491473916
"COX8A","COX8A",0.88280652392751,0.000848199069240347,0.00018760996608183,4411.50903518027,3.73514110104016
"CEACAM1","CEACAM1",1.23829505831131,0.000850069847470269,0.000188122521432438,56.5591613307994,3.73445446678621
"SMIM32","SMIM32",3.79202673829369,0.00085120937825613,0.000188399426696634,2.40814131012787,3.73408424758833
"NEXMIF","NEXMIF",1.49352038427296,0.000859012326781134,0.000190201317737091,24.9988062493736,3.73168755846749
"CLCA4","CLCA4",5.49642715459591,0.000871232974978238,0.000193236173955322,17.2448247321187,3.72769873210671
"AC245041.2","AC245041.2",5.15019193652805,0.000878150270302503,0.000195050979348299,20.6448050279035,3.72534150158745
"FAM83B","FAM83B",5.68951684442357,0.000879965794062363,0.000195479795311634,61.5398856950991,3.72478752824562
"BCO1","BCO1",1.54855811435279,0.00088243971738581,0.000196054995883701,7.04014463759926,3.72404623585583
"PITPNA-AS1","PITPNA-AS1",1.16503016468013,0.000883793202735699,0.000196407046419508,78.6260089142721,3.7235935366187
"SCIN","SCIN",1.23335846786805,0.000884237097778516,0.000196531377721657,182.471930994999,3.72343384206496
"CRABP1","CRABP1",3.81039565589303,0.000886932610252457,0.00019720777075295,17.3987601470715,3.72256672365815
"FN3K","FN3K",0.852975044186237,0.000889469875898425,0.000197875269533695,354.239079548283,3.72171374271574
"EHBP1L1","EHBP1L1",0.713071775489608,0.000889469875898425,0.000197851187567893,5775.20173273753,3.72174446944992
"NEBL-AS1","NEBL-AS1",2.48042168250049,0.000893522803263987,0.000198854761200438,2.29557622361395,3.7204669550395
"IRS2","IRS2",1.01447672604719,0.000894557848247764,0.000199137078801292,1168.32238159398,3.72010866623296
"CKB","CKB",1.71966857398086,0.000895213973951723,0.000199309141115951,1580.27977194442,3.71989053622093
"AC007389.1","AC007389.1",1.3144900465815,0.000899987137819983,0.000200424113676827,4.47389053580425,3.71848131562437
"MIR2117HG","MIR2117HG",2.67837861684174,0.000901397846841348,0.000200843002298129,1.98394391860161,3.71795378239358
"LINC02308","LINC02308",1.4401471342723,0.000905666959669626,0.000201925745974906,11.5765880058723,3.71659498807478
"RPSAP44","RPSAP44",3.57919628298071,0.000906467977494474,0.000202130668735479,2.04149333146547,3.71633858983351
"AP003469.2","AP003469.2",1.54286882812582,0.000907561116580881,0.000202400785787963,4.14460398536625,3.71600099368095
"GPR39","GPR39",1.63651440772366,0.000909311975719141,0.000202817667641085,13.490111952497,3.71548079855229
"UGT1A6","UGT1A6",5.76703726616388,0.000910144713643752,0.000203056278189196,13.9483257605403,3.71518350642612
"AL590399.1","AL590399.1",0.8113220069128,0.000912158371219764,0.00020358501581424,57.3693831469858,3.71452590375287
"SOX9","SOX9",1.32867771114856,0.000917089453392616,0.000204765499832376,397.168269056437,3.71306348026881
"C8orf34","C8orf34",1.30307633310713,0.000920834507693311,0.000205681926459904,23.6285228842872,3.71193363026602
"CLVS1","CLVS1",1.55497812338684,0.000921061502282944,0.000205759382306789,11.2954232237102,3.71183835283784
"HSD3B1","HSD3B1",1.7001682500319,0.000922862056143551,0.000206188420351348,1.87491004312622,3.71131120807762
"MTHFD1","MTHFD1",0.604595780475161,0.000928925826134308,0.000207813021752249,2100.09232297533,3.70932440751926
"PHETA1","PHETA1",0.508692821501205,0.000930508026164656,0.000208221532947992,809.03947896897,3.70882711582396
"AL358852.1","AL358852.1",0.822232946344749,0.000932250590883459,0.000208692207039004,25.7984162681184,3.70825528640777
"CFAP157","CFAP157",0.57098110531053,0.000936138880573937,0.000209644207308733,41.6911057246858,3.70710237941703
"BCKDK","BCKDK",0.625102570506678,0.000936917876772018,0.000209845873933689,2423.98525186398,3.70685878502285
"RUNDC3A","RUNDC3A",1.49296508104446,0.00093903518472452,0.000210374647954578,87.0945320613295,3.70622111801052
"CKMT1A","CKMT1A",5.77982194558193,0.000940576651545965,0.000210774627241696,46.2583777114193,3.70573976821248
"KRT73","KRT73",4.42193344595897,0.000940827058615413,0.000210908666394957,4.30858593309048,3.705578652455
"TPM1-AS","TPM1-AS",1.15958648912443,0.000944816410988427,0.000211926031644201,15.0113474809261,3.70435889955568
"MINK1","MINK1",0.56727978687465,0.000944816410988427,0.000211933475627664,3306.25680546195,3.70434999499905
"CDSN","CDSN",5.84081026409397,0.000954117628593351,0.000214141597424794,1815.12557679672,3.70172149963995
"BX324167.1","BX324167.1",2.6792744362105,0.000963582379026584,0.000216362449290472,2.23173063933658,3.69910339813156
"PKP2","PKP2",1.44067691345929,0.000968746226904358,0.000217649937989579,174.895107090788,3.6975971440693
"AC096564.1","AC096564.1",1.57727391648226,0.000975185776184559,0.000219210024453709,7.68865866247969,3.69578314363268
"TMPRSS11F","TMPRSS11F",5.17560612485502,0.000984606358051064,0.000221458556966163,7.83608042032719,3.69318985822584
"DNAJB4","DNAJB4",0.673445083141201,0.000986891460125923,0.000222041978916446,1518.53384575877,3.692521023373
"YTHDF3-AS1","YTHDF3-AS1",0.882550268152565,0.000995126010324965,0.000224125917394556,29.5595573482162,3.6901453922632
"RPL4P5","RPL4P5",0.794222805500066,0.000998748472860284,0.000224999801193922,20.6708983865721,3.68915535467342
"H2AFJ","H2AFJ",0.683013031729169,0.000999048905194673,0.000225096501614822,3053.93457089504,3.68904602304031
"STK32A","STK32A",1.48069263739555,0.00100633469191435,0.000226913448743206,71.2235194291973,3.68699989705298
"AC005532.1","AC005532.1",1.33404317082803,0.0010114749012562,0.0002281312480613,15.0869139162547,3.6856370819423
"MYO6","MYO6",0.633119356097052,0.00101699691241397,0.000229553938839576,1426.88138059847,3.68405359816451
"NHSL1","NHSL1",1.0826325864839,0.00102020069189412,0.000230336353494044,484.123328816409,3.68318667600967
"AC036176.1","AC036176.1",0.768011500729278,0.00102156744531353,0.000230674605549767,62.956637936536,3.68281274520009
"SLC44A4","SLC44A4",1.09696870281109,0.00102277661088183,0.000231036763762867,26.8805998419555,3.68241295661747
"FAM183A","FAM183A",4.02162029464075,0.00102319661083384,0.000231161358169677,0.786609095783348,3.68227555208265
"ZFP41","ZFP41",0.550902145923959,0.00102353308816127,0.000231267105054215,305.246924400341,3.68215898738841
"MS4A8","MS4A8",5.75164760228335,0.00102622044120315,0.000231993542868715,0.791486485971999,3.68135958507232
"RIC3","RIC3",1.32798409009605,0.00102753972714953,0.000232470864841632,41.4531665060322,3.68083559804437
"UQCRQ","UQCRQ",0.853313773729694,0.00103034135761607,0.000233194488745917,3157.99013149191,3.68004315191329
"PODXL2","PODXL2",0.928290951588275,0.00103281982153866,0.000233875430716724,272.165086434849,3.67929955172859
"AC090241.2","AC090241.2",3.62341809529139,0.00103297558406756,0.000233940706081525,0.65208893209793,3.67922837667163
"C5orf46","C5orf46",5.13499832128941,0.00103334021101841,0.000234053298638363,53.0315437905224,3.67910565160344
"KLHDC9","KLHDC9",0.985686205554039,0.00103753797730363,0.000235064372689914,45.7903483616161,3.67800606397644
"AC114296.1","AC114296.1",2.68079946816964,0.00105120558774961,0.000238466237955283,7.56014687781192,3.6743386945396
"TMPRSS3","TMPRSS3",1.43224886708529,0.00106506733146059,0.00024201294684606,10.6425776579931,3.67056707734811
"C1orf68","C1orf68",5.58018383186923,0.00106734574625093,0.000242561668370725,580.350962910459,3.6699881969221
"OVOL1-AS1","OVOL1-AS1",5.3745288447168,0.00106862675473094,0.0002429148652993,2.53614266528379,3.6696162370676
"ASPA","ASPA",1.21292331755745,0.00107037609868408,0.000243343607656567,165.331284071582,3.66916539971831
"AC106738.1","AC106738.1",2.39391789415437,0.00107150984516095,0.000243632481350062,1.03614782154323,3.66886205906421
"AC012651.1","AC012651.1",1.6169209695968,0.00107628465076782,0.000244843191147136,48.2054601931819,3.66759437563457
"MGC16275","MGC16275",0.708399077962369,0.00107781289446969,0.000245253462741824,25.4823220928623,3.66716613112931
"AL512363.1","AL512363.1",7.17194938253125,0.00108169153839645,0.000246230294713982,2.80374358399404,3.666149205344
"SMIM10L2A","SMIM10L2A",0.920066860543544,0.00108226481648957,0.000246392228176055,89.5416896069403,3.66598099113275
"MITF","MITF",0.613775120270401,0.00108241837466535,0.000246458627832046,1473.05828484359,3.66591204607758
"AL031963.3","AL031963.3",1.02183673039002,0.00108932065892588,0.000248188429435769,24.2485051597699,3.66412204520324
"AC004232.3","AC004232.3",1.22026301807538,0.00109422563506231,0.000249433100498694,4.13025045282788,3.66284128288137
"LCE2B","LCE2B",5.78767913757481,0.0010951509495761,0.000249686853634743,576.927822080361,3.66258090753986
"BX323046.1","BX323046.1",1.61995689695313,0.00109592743695197,0.000249916530368012,2.46221354421956,3.66234545081756
"WFDC2","WFDC2",1.53961294320985,0.00109839101739184,0.000250510232036735,26.7355235273923,3.66173774727337
"AC022915.2","AC022915.2",2.23937489913125,0.00110376394296771,0.000251863876378363,1.01052298578021,3.66035721395929
"PDZRN3","PDZRN3",1.06961517497028,0.00110561662643211,0.000252350861232239,911.523876642723,3.65986225709946
"CBR1","CBR1",0.580613124386509,0.00112399726572119,0.00025677467453518,2601.33086022787,3.65540660814949
"AC007298.2","AC007298.2",2.19314923782596,0.00112438415143152,0.000256895716717797,9.09634146684926,3.65528570945758
"TACR3","TACR3",4.93726381066812,0.00112850896608501,0.000257969256508919,0.664669192493343,3.65421577394227
"UBN2","UBN2",0.56387018098782,0.00112930974430188,0.000258185110880681,546.974816847981,3.6540011485067
"FAM222A-AS1","FAM222A-AS1",2.14461354785315,0.00113123119752126,0.000258657255341216,5.42696707522514,3.65353227803187
"LINC02001","LINC02001",0.750695509519586,0.00113227653380869,0.000258994937369102,197.666698863816,3.65319742956216
"DGKD","DGKD",0.700133327681671,0.00113227653380869,0.000258929844907838,1004.22730540183,3.65326194395758
"PCCA","PCCA",0.558926663889998,0.00113227653380869,0.000258988336162127,577.051739846129,3.65320397145311
"KRT9","KRT9",6.29585530985333,0.00113602910236109,0.000259919287768628,29.7433255399218,3.65228292517489
"THSD4","THSD4",1.28731033422238,0.00113602910236109,0.000259918615414691,331.978260780288,3.6522835892581
"HOXC-AS1","HOXC-AS1",2.23694143811323,0.00113604552076428,0.00025995604195948,23.0880010979328,3.65224662555305
"NDUFB4","NDUFB4",0.803913360427803,0.00113917738965141,0.000260705781720213,3443.73177040838,3.65150720676307
"REEP2","REEP2",1.17005718401194,0.0011394119015461,0.000260792546304847,118.346383565686,3.65142176533891
"WNT3A","WNT3A",5.1601330352995,0.00114596559596551,0.000262492293766236,6.27643993870962,3.64975329209316
"C2orf70","C2orf70",2.30106129589029,0.00114972918233039,0.000263454557900676,1.1493200487729,3.64881321795849
"AL136162.1","AL136162.1",1.03604326407283,0.00116840484208919,0.000267971553187412,6.30913152103311,3.64444296228415
"LINC00235","LINC00235",0.934252211893172,0.00117275106053118,0.000269172733830528,21.2301409192962,3.64329242823042
"ATP5MC2","ATP5MC2",0.770037953595968,0.00117333849278163,0.000269409805548936,5127.89029831554,3.64306592119597
"AC092969.1","AC092969.1",1.86366996280565,0.00118007673563545,0.000271265460840565,1.44163907198543,3.64129938688258
"MSRB1","MSRB1",0.695781167107375,0.0011828406711064,0.000272038237301628,1568.10292355585,3.64056706291331
"AMOTL1","AMOTL1",0.835083118462129,0.00120291731818548,0.000276935130241028,2654.37329073758,3.63597133299775
"HOXC8","HOXC8",1.29634942774567,0.00120425666494974,0.000277278453092151,88.7482263013702,3.63565198848436
"AC012640.2","AC012640.2",0.731801924332354,0.00120787075608334,0.000278145676607085,32.7224851945656,3.63484698073994
"KPRP","KPRP",5.4937127310236,0.0012114930200317,0.000279085370682915,784.312529757038,3.63397735237104
"AL035685.1","AL035685.1",1.60467484362746,0.00121597598831766,0.000280224047034747,3.08157170057566,3.63292724773316
"ERVMER34-1","ERVMER34-1",1.31000339593106,0.00121950245010266,0.000281142992519601,9.58355620418342,3.63208269372001
"KCNK1","KCNK1",0.84880525689811,0.0012223047764063,0.000281860044727828,248.645707453312,3.63142548386088
"PHPT1","PHPT1",0.741733530402981,0.00122519282068668,0.000282561606722791,2979.49533817066,3.63078398594633
"HECW1","HECW1",1.07270858112579,0.00124268680845243,0.000286848845903668,37.5208306514317,3.62689592292873
"HOXC13","HOXC13",5.30486562086239,0.00125756821206458,0.000290576133582367,16.0720227940822,3.62355966590058
"MRPL43","MRPL43",0.538662925215687,0.00125900767502998,0.000290981877257277,1911.027909563,3.62319891187335
"FGF7P5","FGF7P5",2.79381005612538,0.00127200899042864,0.000294282316973513,1.48314553432587,3.62028181437841
"PEX6","PEX6",0.716854299674654,0.00127200899042864,0.000294271596104005,768.84693677009,3.62029124031977
"MEIS1","MEIS1",0.794806807746131,0.00127364138880803,0.000294770959277982,169.925918026664,3.61985253416151
"AP000438.1","AP000438.1",2.43145029049973,0.00127396933869845,0.000294883863718134,1.13311044675544,3.61975344057708
"ZNF30-AS1","ZNF30-AS1",3.03156578942528,0.00127829579468969,0.000296033820467668,0.647013314574121,3.61874616980149
"ADGRG6","ADGRG6",1.14664791361332,0.00127931425020761,0.000296343997484772,273.157859216903,3.61847510696305
"GJB4","GJB4",5.28507346604704,0.00128224103808167,0.000297059211099668,81.9013230769352,3.6178510951804
"EIF1","EIF1",0.53406333112329,0.00128967567784359,0.000298931448506792,19875.0196874632,3.61622423860249
"IRS1","IRS1",0.974485630738608,0.00129316239471798,0.000299927434699171,966.614787722588,3.61536267381727
"RAC3","RAC3",1.52746500431495,0.00129355051726268,0.000300092598506361,68.6022058469622,3.6152200601068
"EGFL6","EGFL6",2.08802102410743,0.00129360101796186,0.00030014188833157,417.890058487527,3.61517751414769
"HOXC12","HOXC12",4.38501964704656,0.0012949573750789,0.00030049420441226,18.9125824370505,3.61487359259062
"NPY4R2","NPY4R2",2.93083275407928,0.00129834700074886,0.000301431613134241,1.43056777343373,3.61406656962992
"AL136419.2","AL136419.2",2.64165660344028,0.00130063863981958,0.000302068238078147,0.621758532875427,3.61351983296397
"TUBA4B","TUBA4B",2.56124710469963,0.00130487639074263,0.000303174923014707,1.11176679347512,3.61257196970805
"AC092127.2","AC092127.2",2.2857180721772,0.00132296523878245,0.000307685101281838,1.77266945206007,3.60874226459414
"NTMT1","NTMT1",0.500216568923426,0.00132520351423077,0.000308282646261015,949.484490813469,3.60823882309895
"AC010501.1","AC010501.1",3.47803139321092,0.00133456120993409,0.000310692113907915,0.585530315473042,3.60621803349824
"CXCL14","CXCL14",2.02825055059768,0.00133626312951329,0.000311127142040738,11071.7572062631,3.60585474548994
"AC133785.1","AC133785.1",4.25870333082367,0.00134525878659968,0.000313377932744551,0.719745334444211,3.60398269305698
"SOX1","SOX1",2.92800943850252,0.00134666708749137,0.000313784227252694,3.24323724965277,3.60364610714789
"METTL21C","METTL21C",5.45432932650573,0.00134875705105682,0.000314388734016816,2.24031836530802,3.60314607094794
"AL355607.2","AL355607.2",2.49909962379334,0.00134875705105682,0.000314320663937288,7.08591147201838,3.60320233219627
"AC087289.5","AC087289.5",0.841151542228603,0.0013536167910627,0.000315639467835813,68.544097377893,3.60211433974089
"LINC01715","LINC01715",0.998744867743368,0.00135601488872339,0.000316277435704916,16.0609792861171,3.60158955268228
"ANKRD22","ANKRD22",2.01669890485775,0.00135625737838054,0.000316373388107764,174.82714335837,3.60151070877762
"ARAP2","ARAP2",1.02603314139186,0.00136061019664563,0.000317467808459811,598.0623533508,3.60061300596907
"LRRC56","LRRC56",0.821000959374959,0.00136292748573491,0.000318087671310561,48.5623213193423,3.60010584513151
"CITED2","CITED2",0.619597853119826,0.00136557621698545,0.000318824841179536,3193.41311739159,3.59950390871351
"TPD52","TPD52",1.2302337598291,0.00136671588425988,0.000319130620238327,992.535903199337,3.59925460687269
"ORC6","ORC6",0.694482832796944,0.00136734215567404,0.000319316571732871,207.975721839885,3.59910310982355
"OR6D1P","OR6D1P",0.695589722548791,0.00136911448448729,0.000319849767594147,29.6350593782316,3.59866916581093
"STXBP6","STXBP6",1.13458406430027,0.0013719398561607,0.000320629373843063,403.31511534868,3.59803589678906
"CU638689.4","CU638689.4",1.33332336310044,0.00137583976258532,0.000321700653212845,20.6129505734161,3.59716805054114
"CAPN8","CAPN8",1.55380155990309,0.00138172479919774,0.00032311683392416,3.67838038503802,3.59602494100924
"DSCAS","DSCAS",2.12040727818079,0.00139160731434256,0.000325802080538801,1.35773841253191,3.59387028623688
"LRRTM4","LRRTM4",1.75429166105986,0.00139602371775312,0.000326987779132134,4.98049522421687,3.59292416109747
"MAIP1","MAIP1",0.504778144821453,0.00139779494410014,0.000327483850909484,387.503628846776,3.59252927425113
"AC020978.4","AC020978.4",2.84011166473018,0.00139998597409518,0.000328119171168062,0.74228483501668,3.59202435853027
"LRRC37A11P","LRRC37A11P",0.864662495627327,0.00140327997877655,0.000329013477073438,20.3015142177893,3.59131516421793
"RPLP1","RPLP1",0.994088320944863,0.00141345771528491,0.0003316460852815,56419.7162948576,3.58923789990657
"CAPS2","CAPS2",0.624942867323727,0.00141695008601439,0.000332506673199437,150.812263553099,3.58856219705694
"SMDT1","SMDT1",0.832338001399873,0.00141710985625666,0.000332585327017363,1794.13953115813,3.58850052253547
"RNF165","RNF165",1.32302145010084,0.00143385280785394,0.000336931254082094,43.0157579087111,3.58511380114886
"MRPL33","MRPL33",0.840925375487348,0.00143509473757628,0.000337389822410318,1194.83672490598,3.58475883248477
"PPP1R12B","PPP1R12B",1.31626911900977,0.00143713362429593,0.000337952649654348,2671.52473856908,3.58432377555637
"PDE7A","PDE7A",0.741044876518585,0.00144328700000184,0.000339567349251042,616.147607173516,3.58307938890885
"AC073236.1","AC073236.1",1.51201986899318,0.00144717489591489,0.000340524103398586,3.2751545346779,3.58234466484856
"CNIH2","CNIH2",1.32568576886553,0.00144915263583349,0.000341073655401382,17.6633057217722,3.58192351794325
"MT-ND1","MT-ND1",0.919142995906238,0.00144915263583349,0.000341050069685269,271231.520249461,3.58194157971678
"BCL2","BCL2",0.882920905149826,0.00145398383729453,0.00034242189359777,927.516101631219,3.58089298428657
"NCALD","NCALD",0.897417283011504,0.00147192225026872,0.000346860265377893,971.748277584984,3.57752710121695
"CUX2","CUX2",1.80268080704668,0.0014726635647849,0.000347077732214032,12.9503764026596,3.57736322041254
"MYF5","MYF5",5.50301132664977,0.00147374973024079,0.000347399602264532,3.45581722635273,3.5771208386031
"INSYN2B","INSYN2B",1.56723405092763,0.00148025015976865,0.000349080720551924,5.03401618346252,3.57585828882522
"NDUFB6","NDUFB6",0.576210587684892,0.00148360582480731,0.000349958257908103,1525.90701041681,3.57520150009424
"ALOX15B","ALOX15B",2.04747225451093,0.00148578419437511,0.000350515255800936,101.64623301322,3.57478541634567
"FRZB","FRZB",1.43330719395466,0.00148717362774855,0.000350886237312695,847.228628573758,3.57450863192527
"PRR32","PRR32",3.84277824649952,0.00149704409191144,0.000353345541154653,1.08130329406288,3.57268066913598
"NKAPL","NKAPL",0.83669191039557,0.00150378359388238,0.000355067295069998,65.5017955894157,3.57140798380169
"AP003068.2","AP003068.2",1.12263921696555,0.00150569546680614,0.000355649922623083,136.473137105035,3.57097862414543
"AL133406.2","AL133406.2",1.28061448167644,0.00151433791819537,0.000357999195892649,9.09694633419364,3.56925400558406
"PADI1","PADI1",5.47850331703359,0.00152431985374362,0.000360624642986575,4.49528108646931,3.56733912421645
"DENND5B-AS1","DENND5B-AS1",0.998259156965491,0.00152549478372343,0.000360946918444612,7.27811348688505,3.56710497016145
"FLNC-AS1","FLNC-AS1",5.22062760957569,0.001526256629622,0.000361215842284188,0.605982069452093,3.56690972910413
"AL031587.5","AL031587.5",0.840236010304185,0.00152903980524521,0.000361963355778682,138.067257877973,3.56636774090891
"NPAS2","NPAS2",0.761490939862678,0.00153603806019971,0.000363798487942036,390.762124826991,3.56504159541708
"DAB2IP","DAB2IP",0.826086462410696,0.0015371532774747,0.000364107266695892,2216.82342097744,3.56481907358735
"USP17L2","USP17L2",3.43302344805806,0.00153988981077389,0.000364844928153905,0.702511822450846,3.56428819028684
"JAKMIP3","JAKMIP3",1.31432364352925,0.00154194379037467,0.000365421150972085,11.245898350032,3.56387418954022
"CETN4P","CETN4P",1.02704910660114,0.00154385982601194,0.000365920070299101,18.3644626044665,3.56351622204584
"AC005537.1","AC005537.1",1.22633341227605,0.00154969428083039,0.000367392956899549,9.58103384838719,3.56246210281382
"GGT7","GGT7",0.561336842524181,0.00155478985323426,0.000368736468910705,588.73235659484,3.56150401479593
"LINC00624","LINC00624",1.09659536177793,0.00156880505455655,0.000372379310614504,10.2685922849458,3.55892255201275
"TNK2-AS1","TNK2-AS1",1.32168988963054,0.00157892982409307,0.000375241193816938,9.42919238933433,3.55691101342668
"ATP6V1FNB","ATP6V1FNB",0.753460899889459,0.00158789449294938,0.000377548377387815,41.8815095762025,3.55529977169652
"SLURP2","SLURP2",5.91515335864136,0.0015990178386283,0.000380526116878171,166.912815885825,3.55323379181007
"AC068547.1","AC068547.1",1.57154412207303,0.00160627554720056,0.000382299925460713,178.764321108228,3.55201027910424
"XG","XG",1.30367880073828,0.00160716939697397,0.000382559347281331,1301.59929161737,3.55183178368243
"HOXC10","HOXC10",2.04449048995525,0.00161330011367187,0.000384252960732814,446.517540715303,3.55066926381989
"NPIPB7","NPIPB7",3.75942245173204,0.00162739551864745,0.000387893796503457,1.53082111654923,3.54818626981334
"OR7E28P","OR7E28P",4.74861357423261,0.00163022904693982,0.000388853286088934,2.9919432022063,3.54753553914983
"AC017100.1","AC017100.1",0.881467388558849,0.00167343667007101,0.00040003438464867,17.6598897320343,3.5400611142319
"SUN1","SUN1",0.702935385192264,0.00167687915452366,0.000401003429743037,3205.56037094813,3.53942254306273
"IGSF5","IGSF5",1.62425052941309,0.00167868102264414,0.000401483081807012,2.09199038417179,3.53910700018966
"SMIM2-IT1","SMIM2-IT1",4.64661414660144,0.00168362951344745,0.000402764397372871,0.654092795036196,3.53826580050508
"WSCD1","WSCD1",1.21241361215519,0.00170150332017708,0.000407534459689212,316.209695461985,3.53515601786522
"SLC24A5","SLC24A5",5.91921266108672,0.00170631101568154,0.000408847535717289,17.2817859732301,3.53430594246188
"AP001046.1","AP001046.1",2.71335463795593,0.00170749358540459,0.000409217194526935,1.16956775562362,3.53406708818328
"PRX","PRX",0.979724947288282,0.00171331902757436,0.000410812378663481,391.374254470656,3.53303866913723
"TMEM105","TMEM105",1.11690515956366,0.00171561995606493,0.000411413917662137,5.27133861661558,3.53265182373387
"CTB-178M22.2","CTB-178M22.2",1.66338457014177,0.00172134691369948,0.000412837268107838,1.95861398543155,3.53173857709799
"AC024941.2","AC024941.2",1.57683940893358,0.00172476130691593,0.000413706252832337,1.94339029154115,3.53118246595027
"AC020765.2","AC020765.2",1.24737514394138,0.00172552690749675,0.00041394001188032,7.17668759936895,3.53103305688485
"B4GALT2","B4GALT2",0.572209683516715,0.00173225632457954,0.000415755606192656,2876.03972439981,3.52987528008978
"FST","FST",1.32010276852497,0.0017479184218888,0.000419920798984614,200.027696482763,3.52723694141541
"NDUFAF8","NDUFAF8",0.939539133948268,0.0017490120099565,0.000420437533240385,714.920519638824,3.52691133454299
"STRADB","STRADB",1.17655679637271,0.00175647746719129,0.000422487216969067,665.6852936087,3.52562344914711
"CYCSP38","CYCSP38",1.92487285094484,0.00176515621145847,0.000424728536531949,1.79457694846825,3.52422181374356
"LEMD1","LEMD1",2.82491356933933,0.00178446258273156,0.000429892316172172,1.39862412573113,3.5210186893245
"KRT17P7","KRT17P7",5.65986744592266,0.00178621408168043,0.000430366149864621,0.954801944037769,3.52072656938504
"AC009560.1","AC009560.1",1.62354783004589,0.00180570814462515,0.000435377695728285,2.98879995011705,3.51765518549706
"AC138393.1","AC138393.1",0.726219128293804,0.00180874818672131,0.000436373371642478,118.705192933931,3.51704890640721
"USP24","USP24",0.58814098608153,0.001814052119264,0.000437758365482902,2164.98164696007,3.51620771095248
"AC133561.1","AC133561.1",1.18283233758157,0.00181567525050018,0.000438255528397133,16.7351037473117,3.51590635795309
"WFDC5","WFDC5",5.75830935407809,0.00182331765714074,0.000440206121940102,202.19864998566,3.51472708871662
"ABCB4","ABCB4",0.872541824064175,0.00183333640411832,0.000442837967254792,110.743526927767,3.5131436624209
"CU639417.4","CU639417.4",3.38391475602917,0.00183669838339745,0.000443756743148019,2.20984706209242,3.51259295699758
"C6orf15","C6orf15",5.43613992976369,0.00183776877926563,0.000444068736920843,14.2084457078775,3.51240619297324
"ILF3-DT","ILF3-DT",0.636919013853352,0.00184153662322375,0.000445086157832138,803.493347208047,3.51179799973811
"AL356479.1","AL356479.1",2.28701259277568,0.00185774084450953,0.000449380322791778,6.13343484640564,3.50924524988178
"TUSC8","TUSC8",4.90361709475882,0.00186457026387604,0.000451086491455314,0.61540409478098,3.50823729987603
"PLPPR1","PLPPR1",2.80769090912285,0.00188154208962245,0.000455738918478031,1.41825589303969,3.50550676554825
"TTTY14","TTTY14",3.0573024949493,0.00188629592577513,0.000456945161524474,22.0959231489136,3.50480306197023
"PHF2P2","PHF2P2",3.2865555967777,0.00189882047583243,0.000460310087466524,1.33119412702627,3.50284913943948
"KIAA1109","KIAA1109",0.606993332752627,0.00190109820830439,0.000460917472543183,1603.6115804352,3.50249786779667
"AL161645.1","AL161645.1",2.13007669917642,0.00191369083118419,0.00046430404069018,1.73976864679082,3.50054718132786
"ALOX15","ALOX15",1.56893809418205,0.00191931923732734,0.000465879493263878,16.3847093339822,3.49964423011472
"LRRC66","LRRC66",1.17526330808667,0.00193204753506576,0.000469094497084196,12.3451360430224,3.49781039503061
"IKZF2","IKZF2",0.671353094465597,0.00193285946935682,0.000469347774016004,237.799569453945,3.49766642480116
"NPIPB9","NPIPB9",1.76351961732127,0.00194486295807836,0.000472375509917836,12.311250840953,3.49595095784381
"ZP3","ZP3",1.03118857319085,0.0019513774994604,0.000474184505649056,59.6552058235516,3.49493089822576
"ARHGAP40","ARHGAP40",5.27225806376538,0.00195866480349267,0.000476012211305425,13.5974629288834,3.49390396837799
"AP002387.1","AP002387.1",1.09570641278002,0.00196099839603517,0.000476864138829048,50.7607602220357,3.49342655348856
"LCE2C","LCE2C",5.74580122505175,0.00196118650319917,0.000476966846499555,260.945123980044,3.49336905049684
"KLK6","KLK6",4.46526811911961,0.00196542579475546,0.000478109653540534,2.55585421535571,3.49273000463979
"C19orf81","C19orf81",1.73088126952025,0.00197872792026082,0.000481750244789885,3.61382397866116,3.49070368023795
"DUS1L","DUS1L",0.541272800199378,0.00198727437348111,0.00048405775027194,1613.53667833476,3.4894267232003
"WBP4","WBP4",0.528114812676665,0.00199331370109528,0.000485764550720035,892.425561613393,3.4884858395924
"AZGP1P1","AZGP1P1",4.8735223022932,0.00200559517250114,0.000489048782187379,5.67749745419097,3.48668402984597
"AL021155.2","AL021155.2",0.837006846992861,0.00200686531879338,0.000489416789142246,25.7296671868862,3.48648283578717
"LINC02354","LINC02354",2.35970953930525,0.00204287207262123,0.000498850514538362,0.674055164380254,3.48137287523872
"MRVI1-AS1","MRVI1-AS1",1.18374027123868,0.00205110065091765,0.000501038587028506,5.35300857738575,3.48020054372774
"AC002401.3","AC002401.3",2.57450974224226,0.00206006615364972,0.000503544862344956,2.82167457027055,3.47886357536299
"TET1","TET1",0.73177529775228,0.00206006615364972,0.000503587682964914,66.9405681956978,3.47884078672487
"AL355377.2","AL355377.2",1.38047075144866,0.00206035515404649,0.000503718175078695,4.92666295875499,3.47877135147243
"KCNE2","KCNE2",1.36822338947248,0.00206726670146231,0.00050552801091005,3.4646632188618,3.4778100575833
"MID1IP1-AS1","MID1IP1-AS1",0.875025154069935,0.00209289494324458,0.000512585400297383,16.2549754591353,3.4740919213189
"AL353596.1","AL353596.1",1.54681517181094,0.00209838397404041,0.000514198588398126,2.68602553765244,3.47324872805002
"ZBED9","ZBED9",1.3216431961385,0.00210525212792376,0.000516162228761603,7.33028447891226,3.47222567891881
"UQCRB","UQCRB",0.781419749817377,0.0021098713201339,0.000517417321827888,7093.56350032132,3.47157367891138
"ATRNL1","ATRNL1",1.55465638237279,0.00213126417533291,0.000523282679042904,35.5233826142101,3.4685461307183
"ACSM6","ACSM6",1.18569388487576,0.00213784071141739,0.000525145779495086,5.24414894014657,3.46759106243519
"AC073115.1","AC073115.1",1.84355282376022,0.00214221791378148,0.000526407678360384,4.38536563219053,3.46694597602557
"BX005266.3","BX005266.3",2.22828729442711,0.00214300931942227,0.000526664396759376,1.62210995566845,3.46681491725645
"SLC25A18","SLC25A18",1.35416641193346,0.00214447685956858,0.000527149635835043,25.5626109192566,3.46656735762807
"BPIFC","BPIFC",5.63669109917337,0.00214794949214816,0.000528377606860776,47.1740494738992,3.46594181790036
"EP300-AS1","EP300-AS1",1.32026363851957,0.00214854296058701,0.000528710815675994,3.97005215009397,3.4657723119513
"AP002381.2","AP002381.2",0.88398735965096,0.00216138021995474,0.000532183691313939,22.7736152553914,3.46401153416393
"MAP6","MAP6",0.87929980231663,0.0021620667664815,0.000532415535210589,144.502521859136,3.46389436890841
"CDCA7","CDCA7",1.23363747049021,0.0021685526544529,0.000534201669060505,122.019244162141,3.46299331415442
"C10orf99","C10orf99",6.28408046664746,0.00217360956221695,0.000535699928413233,43.9403670962388,3.46223964646535
"LINC01534","LINC01534",0.770925592761121,0.00218557625010645,0.000539093572554432,23.9855981652576,3.46053978213769
"SPRR1B","SPRR1B",5.79756703506459,0.00219169502335058,0.000540793808044708,124.128640735243,3.45969188563377
"GPR62","GPR62",1.56560906401416,0.00219998771989816,0.000543031708019478,3.92020255405222,3.45857963725693
"AADACL2-AS1","AADACL2-AS1",1.55585041361336,0.0022184113784868,0.000547772601618341,2.95928768839042,3.45623742454599
"AC027104.1","AC027104.1",2.74124964333413,0.0022264839711884,0.000550024578103791,0.64071784788553,3.4551314562244
"GJC3","GJC3",1.59480017909516,0.00223313055266884,0.000551796259194662,11.5267802470728,3.45426432646104
"Z73417.1","Z73417.1",4.02098483987875,0.00223373771454059,0.000552076048943473,1.25670563578605,3.45412762363645
"SAMD4A","SAMD4A",0.762132393933581,0.00224059361757307,0.000553965750923143,1970.42515553702,3.45320601804731
"LCE1C","LCE1C",5.54463855416899,0.00224825543664811,0.000556317185570037,349.84758378587,3.45206330629862
"C1orf198","C1orf198",0.815601237410208,0.00224834323175467,0.000556404215596311,2394.99130429623,3.45202109926222
"F10","F10",2.0768167434823,0.0022488401788413,0.000556657836763262,186.728375814789,3.45189813541937
"AC132008.2","AC132008.2",0.531840641725584,0.0022488401788413,0.000556601900734193,203.808439141028,3.45192525055117
"CRCT1","CRCT1",5.68377111049424,0.00225543577557327,0.000558486986951382,296.427516208228,3.45101284568152
"OR7E29P","OR7E29P",2.60620777271624,0.00226586329817046,0.000561337372050027,0.75476847327367,3.449638657396
"GPR87","GPR87",5.75265988080883,0.00226859202117468,0.000562226636527848,59.4027911097376,3.44921126738634
"KIT","KIT",1.21291651835295,0.00226859202117468,0.000562271863503065,723.476379919365,3.44918954764677
"KRT17P5","KRT17P5",1.3772302651692,0.00227417883726403,0.000563854727398796,1.68616588729444,3.44843041840715
"RAB7B","RAB7B",0.710243910060287,0.00227466223676998,0.000564040650496843,684.059857941216,3.44834138142045
"AL356740.3","AL356740.3",2.48544967345575,0.00229089045990938,0.000568330876556466,1.09492739618485,3.44629438431572
"ABCB11","ABCB11",1.71738974551575,0.0023000868243547,0.000570879572269981,6.63419559397668,3.44508512734002
"AC124312.5","AC124312.5",1.17210107069192,0.00230015339587309,0.000570962905807232,7.68018733052925,3.4450456737535
"ZNRF2P2","ZNRF2P2",0.870238811239029,0.00231078465329522,0.000573937480258145,15.1451038207407,3.44364088564121
"ATP6V0A4","ATP6V0A4",6.49565438721148,0.00231330745883633,0.00057469846332715,25.2713993759538,3.44328258891298
"MADCAM1","MADCAM1",1.00988454837238,0.00231401694454195,0.000574941935157773,12.2503493408647,3.44316804736588
"OXGR1","OXGR1",1.76679572042618,0.00231459067554999,0.000575151714573316,26.5647290978197,3.44306939266279
"KIFC2","KIFC2",0.896711244347929,0.00231604302663829,0.000575579880792297,201.419895393337,3.44286813932541
"SDHAF4","SDHAF4",0.592005902140119,0.00232332798074688,0.000577592778761838,199.553522444401,3.44192386989836
"CNTFR","CNTFR",2.69186796430299,0.00232333015746366,0.000577660803644967,230.337975537202,3.44189201233642
"PTGDR2","PTGDR2",1.40753121883282,0.00233578462693235,0.000581096646034495,23.9918547702343,3.44028745755173
"IZUMO4","IZUMO4",1.17575806430203,0.00233924844375302,0.000582162212910302,31.3662478353534,3.43979162701763
"AP004609.3","AP004609.3",0.780373403462743,0.00234438733530405,0.000583645400571948,49.1345965352951,3.43910287352644
"RHBDL1","RHBDL1",0.97084733694312,0.00234513754418598,0.000583900285487459,19.2563386692636,3.43898467575615
"ABCA11P","ABCA11P",0.607496759855009,0.00235778391915977,0.000587528414153355,65.190476347294,3.43730739165958
"MT-TL1","MT-TL1",1.13618696346836,0.00237366237282703,0.000592036679315257,160.680649817347,3.43523660372748
"TPI1","TPI1",0.66045100308644,0.00238155195732341,0.000594073667058599,15213.7095377748,3.43430576166336
"PRDX5","PRDX5",0.500178089756533,0.00238220723359999,0.000594306318385917,6716.1129814231,3.43419963612134
"ANKS1B","ANKS1B",0.705963329439824,0.00238591207172288,0.000595369193916907,72.1978241578663,3.43371528932313
"FAM96AP2","FAM96AP2",2.38841329565961,0.00238778835881241,0.000595906749707106,0.915711337532328,3.43347063435836
"ID4","ID4",1.10206219160881,0.00239899693847735,0.00059912210052946,1690.75954878237,3.43201152350338
"MED28P3","MED28P3",1.23503255261208,0.0024261761262767,0.00060661450258481,3.4723270419525,3.42863958727282
"RPS6KA6","RPS6KA6",0.951369677053445,0.00244702751974875,0.000612183339944114,130.711357068016,3.42615836451459
"CATSPER2P1","CATSPER2P1",0.604744388810097,0.00245379299197118,0.000614160979778542,37.8431711496346,3.42528226911843
"AC073529.1","AC073529.1",0.983393562838918,0.00246625794271798,0.000617639014235925,6.63972763872816,3.42374784670039
"DAG1","DAG1",0.735186062869689,0.00246625794271798,0.000617629815038977,3521.37136624504,3.42375189454221
"NANOS1","NANOS1",1.15124038757101,0.0024744730127699,0.000619840108694307,175.912459039069,3.42278092725881
"FOXD3-AS1","FOXD3-AS1",2.33815294231492,0.00247794893143611,0.000620854754344369,6.21875653776193,3.4223362786185
"TMEM61","TMEM61",2.4718025401881,0.00248749662401,0.000623535955187821,7.44722220646785,3.42116454056314
"AC008619.1","AC008619.1",2.58568598595531,0.00249999477161481,0.000626886687096277,1.04042755411142,3.41970677624226
"CTNND1","CTNND1",0.536009194593034,0.00250284961964585,0.000627675253166675,7686.46339161568,3.41936475780425
"KRT40","KRT40",2.07504497642929,0.00250612673900194,0.000628569896342563,0.929353901951522,3.4189772150886
"COX4I1","COX4I1",0.654780517821366,0.00251354665449117,0.000630595464427077,13566.205285768,3.41810166954766
"AL451060.1","AL451060.1",3.37493774545135,0.00251499060515614,0.000631085274716623,2.47478126988571,3.41789034342276
"NDUFB8","NDUFB8",0.5471088462129,0.00252315295031045,0.000633405497760025,3772.76100537701,3.41689136382848
"EXOC3-AS1","EXOC3-AS1",0.647258150656116,0.00253310494080507,0.000636072156769484,160.776129100022,3.41574742094034
"CNOT6LP1","CNOT6LP1",1.54982779141242,0.00253994763406994,0.000638306812186972,7.2019055467863,3.41479222931324
"FGFBP3","FGFBP3",0.688646150654646,0.00254669466748261,0.000640076361035409,85.6398181402475,3.41403804928933
"AC078846.1","AC078846.1",0.547982266537707,0.00256030240695019,0.000643942678685421,91.9092324004458,3.41239695334622
"NDUFS5","NDUFS5",0.721022798225888,0.00257342785277151,0.000647760571939224,4219.37977196861,3.41078538016493
"AC126283.1","AC126283.1",2.24128492393987,0.00258181827317123,0.000649954077308443,0.810174840378446,3.40986346960978
"WNT10A","WNT10A",1.82239445619325,0.00259136089813575,0.00065250690211278,92.8107540024638,3.40879417670624
"KCNB1","KCNB1",1.16144595652712,0.00259351124010494,0.000653199022974032,215.973628798162,3.40850494082905
"DLX6-AS1","DLX6-AS1",0.945260194896965,0.00260547654498877,0.000656742345108998,31.1348018246861,3.4070286435593
"RNF224","RNF224",2.12754490610098,0.00264760298478902,0.000667976052221373,1.65504574690631,3.40239668593487
"ARHGAP39","ARHGAP39",0.685195776533336,0.0026528235667159,0.000669370231325114,118.200592414533,3.40182688942123
"NKX3-1","NKX3-1",0.777992121101496,0.00266558150250418,0.000672856755465694,134.798289584388,3.40040677374791
"OSGIN1","OSGIN1",0.644962987593624,0.00266558150250418,0.000672899060016959,209.520035118914,3.4003895844902
"AC015878.1","AC015878.1",8.69498451558333,0.00267483591490003,0.000675546017196925,20.1122778045564,3.39931606132027
"KRBA2","KRBA2",0.69972412914155,0.00268162649253302,0.000677650473017232,74.8912818375356,3.39846534650175
"ACER2","ACER2",0.985488411260903,0.00269482947974408,0.000682082725876901,76.612295494239,3.39668163645353
"TRAPPC6A","TRAPPC6A",0.556488336668138,0.00271768137078747,0.000688656101973682,775.955419425653,3.39405599478201
"AL391684.1","AL391684.1",0.936299051612871,0.00273323499265601,0.000692994314246959,26.8467626304198,3.39233588783016
"LINC01397","LINC01397",1.72771577426962,0.00273568008053307,0.000693758868964799,2.34921333984272,3.39203377861208
"AC092119.3","AC092119.3",1.34307339376069,0.00273568008053307,0.000693773172508837,3.93136075933018,3.3920281296015
"DPP10-AS1","DPP10-AS1",3.55543308849297,0.00273755464273263,0.000694433430268707,0.920886804134061,3.39176748658499
"AK4","AK4",0.741659180126342,0.00273755464273263,0.000694487110771082,1746.95341300464,3.39174630582237
"AC018553.2","AC018553.2",1.04882889472645,0.00277393919700246,0.000704200899901286,8.19857162863986,3.38793835318027
"PDZD2","PDZD2",1.52338040982786,0.00278380078671249,0.00070710868710935,834.884236956235,3.38680794778122
"ASAH2","ASAH2",0.742411480553668,0.00279389733817221,0.000710322510776732,18.5581895057148,3.38556358469457
"EBPL","EBPL",0.639873771418759,0.00280079235006533,0.000712563616655694,707.40625732541,3.38469894117965
"VN1R1","VN1R1",0.972903957408203,0.00280221746279038,0.000713007580284762,13.0606537007139,3.38452795498846
"ZNF512B","ZNF512B",0.515018185220465,0.00284281097260686,0.000723914366121887,815.813975027383,3.38035812974745
"AL662884.3","AL662884.3",0.847560754394629,0.00285834377042285,0.000728450919068493,18.6456775500883,3.37864090280963
"LY6K","LY6K",1.31301750034308,0.00287423568026268,0.000732907355820745,78.9534279936798,3.37696364790537
"SAPCD2","SAPCD2",1.31095658801737,0.00288836332102945,0.000736940380269625,135.275840486889,3.37545389725925
"AC099522.2","AC099522.2",0.990896451962697,0.00290124007959537,0.000740478580789023,7.68197379375667,3.37413568886295
"SAMD10","SAMD10",0.882926589133276,0.00290560063347375,0.000741760310433392,93.0365240755344,3.37365960483369
"AC135048.3","AC135048.3",1.07039116963877,0.00290853033088402,0.000742822749879784,5.9272996441316,3.37326555247173
"RASA4","RASA4",0.695865163713203,0.00290853033088402,0.000742846148468201,4087.13994642665,3.37325687996924
"MFSD6L","MFSD6L",1.71455932308153,0.00291234543178816,0.000743998668094768,3.8476076358055,3.37283002134861
"IFNLR1","IFNLR1",1.62921099457682,0.00292150299794867,0.000746612223139453,79.6278805785691,3.37186430994744
"ASIP","ASIP",1.19306355491377,0.00292921802510057,0.000748725415966219,13.1344714625162,3.3710857756355
"CLDN7","CLDN7",1.02144445444875,0.00293727428176392,0.000750869959155461,186.961424180228,3.37029777478387
"AC008608.2","AC008608.2",0.818751085694976,0.00294284040734658,0.000752549289714165,16.1504556910237,3.36968217156191
"APOM","APOM",0.690460030617324,0.00294629113189117,0.000753602872877706,57.1444673447636,3.3692966035717
"AC020910.4","AC020910.4",0.781262977727194,0.00296198490823723,0.000757875132353368,23.8550899102648,3.36773824559938
"LCE2D","LCE2D",5.90887555132359,0.00298435346867785,0.00076403193542833,186.308709975352,3.36550676538558
"AC026304.1","AC026304.1",0.898095172511454,0.00298512663030933,0.000764316580869547,20.4018123421838,3.36540400238421
"LINC01863","LINC01863",3.58719548124546,0.00299317224009078,0.000766550471734646,0.585353686013374,3.36459875216862
"AL772307.1","AL772307.1",0.911524650210137,0.00299841724299491,0.000767980807735829,30.8571470219337,3.36408430257557
"EEF1B2","EEF1B2",0.757973049200635,0.00300057962459187,0.00076879612142805,13975.8713806071,3.36379145624491
"AC008522.1","AC008522.1",1.66604662618028,0.00300526045667443,0.000770170007239413,53.0781412242139,3.36329863231784
"ADAT3","ADAT3",0.562207782820582,0.00301356256816326,0.000772822816147131,162.717583638849,3.36234935344707
"CLCNKA","CLCNKA",2.42111286471881,0.00301672340888582,0.000773797340579286,2.93051328474258,3.3620013900731
"AC078881.1","AC078881.1",0.963229341668916,0.0030353683811488,0.000779737363857325,9.44535819768282,3.35988920317481
"TEX12","TEX12",1.35393044951903,0.00303750597578451,0.000780374705350704,2.88457845386738,3.35966346175994
"SPATA18","SPATA18",0.775270894190695,0.00304193353235293,0.000781688914857858,299.139114580505,3.35919851872214
"SLC14A1","SLC14A1",1.35222699269429,0.00305569314179751,0.000785668516648994,81.6232783404506,3.35779502131569
"AC117489.1","AC117489.1",1.1161993085418,0.00311912303746724,0.000803517550229375,35.510617234206,3.35158022185973
"ATP12A","ATP12A",3.41894562856313,0.00312463932530004,0.000805120118936235,1.64883412552726,3.35102851354622
"AL162171.1","AL162171.1",0.833623029744912,0.00312547235773247,0.000805425547746092,19.2187193388071,3.35092348072768
"AL132633.1","AL132633.1",0.916331936035657,0.00314457094440663,0.000811443251716872,8.91493939886647,3.3488615763197
"SUGT1P1","SUGT1P1",1.13017442436624,0.00314552879086825,0.000811781785374242,3.68981602955377,3.34874600324659
"TSPYL2","TSPYL2",0.584237782543078,0.00314579539073065,0.000812033334420334,767.299041376716,3.34866015508168
"GCNT4","GCNT4",0.892863011856592,0.0031487611110933,0.000812981803082037,81.515717510647,3.34833668532777
"SLC44A2","SLC44A2",0.667845078406033,0.00315660572714166,0.000815190586732209,5206.48464547584,3.34758474755539
"CEBPA","CEBPA",1.27039312794743,0.00318940825982393,0.000824402930875251,3643.52004685335,3.34446882921006
"AL031123.2","AL031123.2",0.946786512127877,0.00319484729984961,0.000825994417798344,9.42446005299585,3.34393381076852
"AL158212.3","AL158212.3",0.610180066171858,0.00319920523146372,0.000827214040039793,164.186191418259,3.34352445087501
"FJX1","FJX1",0.803411011419109,0.00321810786789852,0.000832475562667137,318.357652244225,3.34176484150719
"AC027801.1","AC027801.1",1.62619687195662,0.00321880746684126,0.000832843526043394,1.43163916453539,3.34164216993498
"AL121672.3","AL121672.3",0.984405316833159,0.00322289056296146,0.000834087223073852,8.6028535296848,3.34122791822803
"MYCBP2","MYCBP2",0.549861862830654,0.00323652964138392,0.0008378050471713,3729.78159669523,3.33999298968596
"SGCD","SGCD",0.808553757508936,0.00323767024392387,0.000838194344257391,1858.15762419748,3.33986397322935
"SLC34A1","SLC34A1",3.43173685077727,0.00324078921052649,0.000839190072378402,0.665764847076659,3.33953423294526
"GOLGA6C","GOLGA6C",3.29473025319172,0.00324186473374531,0.000839562738645092,0.776008525242408,3.339410915992
"NUBPL","NUBPL",0.502011389939678,0.0032574605409885,0.000844169366408139,464.518059528442,3.33789074038742
"LRRC7","LRRC7",0.694577343763222,0.00325965808368729,0.000845306941186248,16.4437116233347,3.33751652831415
"DLEU2L","DLEU2L",1.06701487767163,0.00327491044460792,0.000849452488391678,11.5015266442395,3.33615676657252
"PPEF2","PPEF2",1.04559183909379,0.00327653538530453,0.00084996913925162,8.88782757318276,3.33598773383352
"NOP53","NOP53",0.648421105039661,0.00328464011425101,0.000852262406779488,19279.5085925072,3.33523859346548
"AC026471.5","AC026471.5",5.60412199657821,0.00328890534702031,0.000853711547054201,0.709295882173666,3.3347661669731
"RRP12","RRP12",0.557847540888704,0.00329175069580945,0.000854585445542722,910.901286291488,3.33448163132774
"OTUD7A","OTUD7A",0.600977988821119,0.00329523956621599,0.000855586920018728,135.110687258803,3.33415588938025
"PLAC8L1","PLAC8L1",1.51236596522452,0.00332150437429124,0.00086269583231417,2.30145209638197,3.3318537389938
"CNTN3","CNTN3",2.36712031946939,0.00334446600614507,0.000869242530004243,28.3605226909302,3.32974916279432
"FRRS1","FRRS1",0.713647277333447,0.00334501086060978,0.000869578459464898,203.659196407458,3.32964156793387
"GNG12","GNG12",0.679233594837347,0.00334717690749683,0.000870238773643667,7632.72443105924,3.32943018816108
"IGBP1","IGBP1",0.553243194394578,0.00336558066111068,0.000875535026344538,2385.16430396867,3.32774011138655
"DNAH9","DNAH9",1.78924030641959,0.00340190395649082,0.000885949543217633,16.4872070333147,3.32444421969196
"AC092803.2","AC092803.2",0.624059164967084,0.00340470057634978,0.000886875646819591,39.374684440029,3.32415287631363
"AC036108.1","AC036108.1",1.76798577961807,0.00340600889422241,0.000887315376213569,2.6014235178062,3.32401464036388
"AC078802.1","AC078802.1",1.26929989051401,0.00341982239090274,0.000891509990657375,3.07594180355883,3.32269917913123
"AF228730.5","AF228730.5",0.625414666859523,0.00342707690879746,0.00089360025009512,33.3015613346506,3.32204579916129
"ADCY8","ADCY8",3.01160219787664,0.00342856082993959,0.000894086764586896,28.2012418222901,3.32189392616251
"KRT72","KRT72",3.83208501678315,0.00344274157898869,0.000898084760105073,2.73898707821914,3.32064878333196
"CRISP2","CRISP2",4.14458210862971,0.00344317368355204,0.000898297491160231,0.589635422467914,3.32058267404757
"TCF24","TCF24",2.60455255990024,0.00344488521177078,0.000898944136823187,0.576697408335776,3.32038180851399
"PRRT3-AS1","PRRT3-AS1",1.31933082962226,0.00349757981523717,0.000914320272369423,24.8171510216823,3.31564459458107
"AL031055.1","AL031055.1",1.17302168265312,0.00350084792335927,0.000915479663471694,3.20977295637296,3.31529039922388
"PSG4","PSG4",5.604350953392,0.00356629310512742,0.0009344534564449,10.8298797597037,3.30955218238946
"AC103591.4","AC103591.4",0.812645570718195,0.0035692802457268,0.000935344672271035,23.9716077090804,3.30928531579167
"TJP2","TJP2",0.878725725027515,0.00357139160801456,0.00093600169859171,1583.59023524988,3.30908872595581
"EIF3K","EIF3K",0.61012054114154,0.00357174315242609,0.000936226810179102,5997.13369842143,3.30902139938307
"AC012555.1","AC012555.1",1.86110241486915,0.0035746878187595,0.000937361434009629,2.41720527620608,3.30868228321479
"MT-CYB","MT-CYB",0.847615645099048,0.00359511172590499,0.000942844887103408,234310.6476758,3.30704873069472
"SERPINB13","SERPINB13",5.89410572138295,0.00359628737034363,0.00094325766684684,54.8187355695694,3.30692611768646
"MCF2L-AS1","MCF2L-AS1",1.62323061332279,0.00360321963063986,0.000945494543487872,3.61423825082818,3.30626253416586
"KCTD11","KCTD11",0.501583956661899,0.00360366133335036,0.000945715119868145,1110.49139364483,3.30619717759181
"MT-TD","MT-TD",1.45430187102044,0.0036256785139807,0.000952651557960654,4.70898299714579,3.30414908798897
"AC121757.1","AC121757.1",2.64595986501535,0.00363567677629826,0.000955595420841263,1.13210553032761,3.30328403978314
"HAPLN2","HAPLN2",2.16891748250481,0.00364259009391523,0.000957729915479281,5.20351277148778,3.30265836514518
"FLJ12825","FLJ12825",1.25841363579694,0.00364508144547598,0.000958490830890382,12.0953522981901,3.30243563373838
"SNAI3","SNAI3",1.06639676793893,0.00365137321751569,0.000960463455844722,167.253997841857,3.30185897840193
"CRABP2","CRABP2",1.37022355707537,0.00367645951813418,0.000968664002817334,2201.30512251049,3.29947341991666
"AP003472.1","AP003472.1",2.35772994535035,0.00367820766483731,0.000969338275330223,0.684424701049377,3.29927810550634
"ADAMTS7P1","ADAMTS7P1",1.99696236202681,0.00370540479791922,0.000976936195849679,3.35701769148843,3.29708589381025
"AC016597.1","AC016597.1",1.53280951992158,0.00371347252939805,0.000979171128786902,1.66763708358795,3.29644405829838
"MPZL2","MPZL2",1.00350160645657,0.00374820828151648,0.000989636728214964,849.921992069679,3.29345644565054
"AC097059.1","AC097059.1",1.68707664126912,0.00374915714565508,0.000989996154616892,2.06838273022884,3.29335436072431
"HS3ST4","HS3ST4",2.59558679189011,0.00375215117509043,0.000991113709372383,8.01627606041259,3.29303716991014
"DNAH17","DNAH17",0.757399149425547,0.00375288616399856,0.000991416860159373,84.8016741432166,3.29295118500789
"AL139353.1","AL139353.1",0.707704276744286,0.00376841087598939,0.000996174839734503,36.8503340868106,3.29160482362933
"AL049555.1","AL049555.1",5.3607649898493,0.00377904029888571,0.000999423780683001,40.1067367398341,3.29068888999836
"AC104237.3","AC104237.3",1.70993461551941,0.00378311772201892,0.0010006120011823,2.23983736995896,3.29035459802262
"ITFG2-AS1","ITFG2-AS1",0.96464289003811,0.00378882792882139,0.00100223236748508,10.4953344064238,3.2898993186641
"NFU1","NFU1",0.554186183215631,0.00381306491209599,0.00100975115613975,1097.88138661004,3.28779561773693
"SURF2","SURF2",0.530048875392287,0.00381621164725489,0.00101081769302067,469.800376424297,3.28749838378165
"SPX","SPX",2.16468711590838,0.00385337228068898,0.00102188012439556,113.003488542596,3.2844323913645
"EFHC2","EFHC2",0.783939125771037,0.00385337228068898,0.00102179261399543,83.4269484828129,3.28445652439391
"LCE1B","LCE1B",5.73392852907453,0.0038558108666115,0.00102263881210148,289.68044890797,3.28422324571356
"TMCC2","TMCC2",0.757743937530495,0.00390668447432209,0.00103715278538701,242.371324380598,3.28024961783312
"FIBCD1","FIBCD1",2.20085019445685,0.00390814331436846,0.00103765359697462,3.0635968762756,3.28011342640811
"FOXI1","FOXI1",5.82406887306624,0.00391460817207347,0.00103948378962169,6.69925041391432,3.27961623795091
"AL355877.1","AL355877.1",0.95113386393006,0.00391587449978234,0.00103993379085366,13.0348087722164,3.27949411510571
"EPB41L4B","EPB41L4B",2.42803569068663,0.00392872230328445,0.00104345987978486,287.519690618403,3.27853888249066
"ANAPC15","ANAPC15",0.605261533914984,0.00395516810081104,0.00105083573133484,748.354610045742,3.27655035344998
"LINC01449","LINC01449",2.3488342341744,0.00395809086050571,0.0010518349390835,1.11578491703753,3.27628196102661
"CWH43","CWH43",5.96165834702013,0.00395814476715511,0.00105196423316688,96.5817892110457,3.27624724919907
"BCKDHB","BCKDHB",0.50946998774033,0.00395938540388147,0.00105246997021868,493.277045644854,3.27611151092108
"NRG3","NRG3",1.85084109236308,0.00397581575724408,0.0010571226165276,6.07829191336365,3.2748655784728
"AC007663.1","AC007663.1",1.35285171756767,0.00399408606621492,0.00106256054027136,2.7395962977842,3.27341577048742
"LINC02560","LINC02560",5.36378336513362,0.00399623206737375,0.00106336359850154,11.1247763596101,3.27320224862697
"LINC02119","LINC02119",1.68563621704539,0.00399682934535016,0.00106363862153184,1.53022026542837,3.27312915817273
"MT-CO3","MT-CO3",0.910272538514321,0.00399874493297803,0.00106426454690594,332220.052644045,3.27296287664006
"AP005329.3","AP005329.3",1.14584739255636,0.00401790451960672,0.00107006409144516,15.4995237895655,3.27142647435798
"MEGF11","MEGF11",0.983313544198259,0.00403714365163367,0.00107602945574693,8.82530519735649,3.26985415906437
"AC087457.1","AC087457.1",1.96805427411891,0.00404568779237557,0.0010785210456147,1.0835937393913,3.26919982660755
"HSPB1P1","HSPB1P1",1.27339795067726,0.0040561438178404,0.00108177972973773,2.79326111550083,3.26834614956407
"GJA9","GJA9",1.87727109465945,0.00406582805951511,0.00108507111103825,2.20524595588712,3.26748631789654
"LINC01181","LINC01181",2.52256484733363,0.00407416301501135,0.00108788720219006,0.926658274568421,3.2667525625476
"DBI","DBI",0.793370224535269,0.00407874573819714,0.00108922935741212,4730.51212869514,3.2664034710809
"AMBP","AMBP",1.67255289605518,0.00409302295967857,0.0010937554092321,3.75355871115148,3.26522918114763
"ABCA13","ABCA13",1.25067707625127,0.00409302295967857,0.00109370900322247,7.51314810942982,3.26524119842583
"COLQ","COLQ",1.00788326014878,0.00409709020192277,0.00109496128000149,65.4121035303949,3.26491707463542
"C11orf53","C11orf53",2.82257843465484,0.00410106924786314,0.00109650117423551,2.02732684885538,3.26451897714821
"PTCHD3","PTCHD3",1.90109848312069,0.0041209784010252,0.00110284613822351,4.40305595354347,3.26288409571514
"NACA4P","NACA4P",1.31949242615304,0.00413141872579959,0.00110605572196163,2.31287488538986,3.26206040515581
"C17orf100","C17orf100",0.626328151873373,0.00413402065410356,0.0011069924599216,54.4034698786944,3.26182042235282
"CSF3","CSF3",3.63862355240582,0.0041460581437108,0.00111057709426342,11.114176392554,3.26090380609639
"RERE","RERE",0.566574602758281,0.00416340500038002,0.00111546554326436,3911.3255338376,3.25965819453025
"AC017116.1","AC017116.1",2.36321738848442,0.00416661542139061,0.0011164467079798,6.89549912957672,3.25940879511172
"AF213884.3","AF213884.3",1.29256257698394,0.00416715409010631,0.00111671208421404,2.77809787221039,3.2593413747136
"SLITRK3","SLITRK3",2.30784611430107,0.00417126198755154,0.00111793407572726,1.06224768610096,3.25903111159301
"LRRC75A-AS1","LRRC75A-AS1",0.765000514252895,0.00417750706571452,0.0011197291507614,9850.00964630951,3.2585759109684
"AP006587.3","AP006587.3",4.23665591761687,0.0041867102827395,0.00112233461230015,0.6397807839788,3.25791640895075
"SEMA4D","SEMA4D",1.07882345199965,0.00419182283004838,0.00112417509555701,1270.1657448452,3.25745139303047
"AC009119.2","AC009119.2",0.842617345491911,0.00419427993706808,0.00112507770474102,14.589093050942,3.25722359725774
"COX7C","COX7C",0.855796731222675,0.00420405961152773,0.00112806734899771,6500.11857656851,3.25647029124455
"TTC28-AS1","TTC28-AS1",0.52331387689026,0.00421465972920534,0.00113152375615908,163.850538436575,3.25560167114231
"KCNQ4","KCNQ4",1.28635659636188,0.00421571864578455,0.00113193049731708,31.4220923581419,3.25549961551067
"PIP","PIP",6.22810990264063,0.00424029263707177,0.00113926765693371,58.3804068337811,3.25366444276883
"PLBD1-AS1","PLBD1-AS1",0.61376084603734,0.00427592789673283,0.00114933881597437,38.5890791751927,3.25116315144249
"AC006333.1","AC006333.1",7.38338527562538,0.00436432593491593,0.00117563491113078,1.89349030605999,3.24472647198983
"AL355377.1","AL355377.1",1.8201207718831,0.00436742689741431,0.0011767239427331,1.92933455642964,3.24446278115583
"C10orf67","C10orf67",0.945432048000821,0.00440509641700017,0.00118776896825295,14.885469169275,3.24180107915096
"IRX1","IRX1",2.30214639287646,0.00440673090721962,0.00118833768277643,42.4337847917744,3.24166464656248
"RNF152","RNF152",0.811023630778578,0.00442469356833317,0.00119382417091457,507.906518091382,3.24035154689608
"CHCHD2","CHCHD2",0.548813803408016,0.00444529470508986,0.00119976990820539,8832.52392609039,3.23893481351147
"CHRM2","CHRM2",1.51016729329435,0.00446573582702301,0.00120606517136226,2.31787657471472,3.23744184788382
"MIR3150BHG","MIR3150BHG",2.35806133751815,0.00446618472224158,0.00120631613024644,2.45523470987468,3.23738248056122
"CNTFR-AS1","CNTFR-AS1",3.49243946669708,0.00448358449915706,0.00121166696236079,0.977980835030941,3.23611938458939
"FTLP14","FTLP14",3.34073950684633,0.00448469967764869,0.00121209859708729,0.674957448846435,3.23601771933505
"HSPA1A","HSPA1A",0.597724689424656,0.0044856487584581,0.00121257283719996,10076.6920378626,3.23590605755285
"CTNNAL1","CTNNAL1",0.532992927458207,0.00449031385681921,0.00121413766972029,1060.68498120411,3.23553789724621
"ACSF2","ACSF2",0.661671084498621,0.00453112450948588,0.00122569892403979,751.558202855993,3.23283136645153
"SP9","SP9",2.84354774283559,0.00453172156201591,0.00122599205962055,3.11431022942685,3.23276304934475
"UNC5B-AS1","UNC5B-AS1",1.25228816606364,0.00453860676214403,0.00122811840932188,10.0689466507639,3.23226794119451
"RETSAT","RETSAT",1.19917171949513,0.00454500579395503,0.0012299819618415,3358.1832833831,3.23183467438361
"RPL7","RPL7",0.689630453780366,0.00455086286563537,0.00123183138854584,43185.6907546649,3.23140529072111
"HIST1H2BC","HIST1H2BC",1.03080033899092,0.00455647473480137,0.00123361510988392,71.0714480969938,3.23099172559313
"HOTAIR","HOTAIR",2.86707498692883,0.00458389057898598,0.00124183651185669,15.4661502279291,3.22909266053297
"AL158071.4","AL158071.4",0.80777118691709,0.0045872264348017,0.00124327320387866,11.9605770548249,3.2287619906945
"ZNF192P1","ZNF192P1",1.18608706784393,0.00460185169596535,0.00124803907532324,8.54721207946903,3.22766759603894
"HERC1","HERC1",0.569183831500201,0.00460227674992145,0.00124828802982359,2390.65337286169,3.227610534336
"PRDM11","PRDM11",0.562347092550185,0.00463183457482386,0.00125783568615214,393.877511649781,3.22543005109413
"MICAL3","MICAL3",0.825522849793903,0.00464012125359657,0.00126057436054632,604.729427847606,3.22480741599649
"LINC01115","LINC01115",1.25023202707942,0.00464141027467545,0.00126105936183671,6.24669277334078,3.22469728159233
"AC124947.2","AC124947.2",1.44539391128476,0.00466532083395128,0.00126863987589903,2.04591028963552,3.22298095677689
"ASTN2","ASTN2",0.581568927834767,0.00467016087376231,0.00127022732723104,147.61923977144,3.22262273690371
"EIF3FP3","EIF3FP3",0.891152216624645,0.00467923108820627,0.00127296614302719,38.5604647057391,3.22200567382167
"ZNF165","ZNF165",0.694938943713103,0.00471038521905138,0.00128171513686747,24.099410195953,3.22004267828046
"LHFPL3-AS1","LHFPL3-AS1",1.43930269233231,0.00471237638148921,0.00128239381660777,2.54756797571296,3.21989092159063
"AQP11","AQP11",0.684695476603034,0.00471481844956453,0.00128360617310818,25.6725898646905,3.21962001611808
"SERPINB12","SERPINB12",6.09444886039007,0.00476831753598199,0.00129997177857346,123.252765306517,3.21598599087636
"GATD3B","GATD3B",0.830578514798799,0.00479381113298334,0.00130761822789144,2369.33089492476,3.21430252839233
"RAP1GAP","RAP1GAP",1.83720508873968,0.00481502094094295,0.00131396310387356,44.6113718195394,3.21291250647342
"ATP1A1","ATP1A1",0.582994172392609,0.00485082746718469,0.00132472057181569,14364.0686008943,3.21056987493325
"AC092691.1","AC092691.1",1.93316309385213,0.00487586618937271,0.00133240818838209,2.59995647250349,3.20890648874792
"WDR63","WDR63",0.889764717533999,0.00487751446156281,0.00133300027793786,21.5143419115812,3.20877874459776
"AF111167.2","AF111167.2",0.524886478427019,0.00488824909204249,0.00133718462986842,94.2119701751258,3.20787745423628
"AC005920.1","AC005920.1",1.46132682070473,0.00489661148730802,0.0013397463973595,2.53631691818226,3.20732694451416
"KIAA0408","KIAA0408",1.15929392208064,0.00489727861174218,0.00134010868482697,324.591364045246,3.20724916932949
"HCN2","HCN2",0.847818401593217,0.00490758427376849,0.0013430713090347,51.6654907848869,3.20661388571266
"FAM25G","FAM25G",5.19806068407234,0.00491439250999363,0.00134536276887098,14.9395818448071,3.20612340777114
"RNF150","RNF150",1.36218795818885,0.0049396135597391,0.00135341508972403,630.650116321764,3.20440593122494
"AC130686.1","AC130686.1",2.83042855299484,0.00494889469976085,0.00135667677984033,0.587255863444233,3.20371292770212
"LINC02247","LINC02247",5.2947207906081,0.00496358536504667,0.00136128073128764,3.50519820330408,3.20273734828079
"AL162457.2","AL162457.2",4.46050331030446,0.00498191357276495,0.00136703083309836,1.22542425892355,3.20152316439109
"MT-ND4L","MT-ND4L",0.736576333979873,0.0049987920209777,0.00137224304026549,39723.9064391441,3.20042662506281
"MAT1A","MAT1A",2.01417149300058,0.00501806603308798,0.0013785543319666,78.9984973514165,3.19910399162594
"AL160408.1","AL160408.1",1.53305132303728,0.00502685064951465,0.00138111363697453,2.08025074023636,3.19856923869535
"TMBIM7P","TMBIM7P",2.37509634113783,0.0050286137229482,0.00138174409838184,0.603682213411799,3.19843764749518
"CCT8P1","CCT8P1",0.632580894961596,0.00503973762299749,0.00138538622237854,16.3605514657235,3.19767853806747
"CASC1","CASC1",0.985545645012657,0.00512451208779989,0.00141062510329033,12.4036363141998,3.19246813008079
"MGME1","MGME1",0.548824875604542,0.00512511426443956,0.00141103007349536,526.228475019201,3.19238522937131
"SCRT1","SCRT1",1.96893340247023,0.00512892217568666,0.00141230450408304,0.978471347369339,3.19212448608501
"C6orf10","C6orf10",3.22141778830163,0.0051648317195451,0.00142307405866169,0.839712947345441,3.18992970058752
"LINC01028","LINC01028",2.4856092619221,0.00516953188589617,0.00142451925762452,0.99320914387253,3.18963634186074
"GNRHR2","GNRHR2",0.544301718132361,0.0051706364494667,0.00142497381876786,53.1181798875574,3.18954412790923
"AC237221.1","AC237221.1",2.66569947011667,0.00518004304209648,0.00142771663838891,3.84870300750552,3.1889882842028
"SLC52A3","SLC52A3",0.99564431543315,0.00518772321144728,0.00142998411980466,69.1102026892183,3.18852951253283
"MT-ND4","MT-ND4",0.778707496837549,0.00521173140198355,0.00143735882600888,338888.020432457,3.18704203706404
"AC012513.3","AC012513.3",0.74916895969028,0.00522535306762052,0.00144126736174406,107.534256404987,3.18625653682041
"ARHGAP36","ARHGAP36",6.41247401395632,0.00527056631525873,0.00145465670755166,6.16901261647469,3.18358047673775
"MDN1","MDN1",0.616490381257176,0.00527785227954443,0.00145697420892269,908.748359665977,3.18311959586058
"ENTPD3-AS1","ENTPD3-AS1",0.73776373240062,0.00530708992322796,0.00146566198995154,89.0372784674119,3.18139785174459
"AC084876.2","AC084876.2",1.43979577300775,0.00530927895777453,0.00146644112650017,2.45169708859153,3.18124390239591
"AC008393.1","AC008393.1",0.760429237680537,0.00534260735791735,0.00147609158790838,46.7954171627765,3.1793432938627
"PER1","PER1",1.14800368315539,0.00542769500672208,0.00150228028694826,2636.35860045422,3.17424267926941
"CPEB4","CPEB4",0.54334824905125,0.0054307703323992,0.0015032892200466,1770.47280106362,3.1740478187917
"RPS10P5","RPS10P5",1.76025704899215,0.00543776162337721,0.00150585625994186,2.62506749015641,3.17355257579257
"RAD54B","RAD54B",0.746908371198763,0.00543921701828815,0.00150641728445967,38.951515966727,3.17344444440121
"FAM207A","FAM207A",0.511143508175282,0.00547771570805814,0.00151787521363061,646.152142566581,3.17124412974106
"AL663070.1","AL663070.1",1.51127480725315,0.00547816383126666,0.00151815850802008,2.2398060056012,3.17118992158451
"AP005432.2","AP005432.2",1.33265255907237,0.00549305662611352,0.00152276439060147,3.65230369123097,3.17030989434721
"ZNF674-AS1","ZNF674-AS1",0.58697657040606,0.00551345517043334,0.00152954020950415,52.4058973403341,3.16901971251974
"MPV17L","MPV17L",0.619471036248976,0.00553543560341377,0.00153612036002716,302.237517121871,3.16777181647581
"KLF14","KLF14",1.97031780550515,0.00553971378754068,0.00153746849192376,11.6088332581043,3.16751675710473
"RPL7P3","RPL7P3",7.81250806418713,0.00554871816749854,0.00154012869782201,3.81878094507274,3.16701406399046
"HUWE1","HUWE1",0.534555460846123,0.00559971184816281,0.00155639719632479,5486.8208153648,3.16395712916399
"ADIPOR1","ADIPOR1",0.511709861773635,0.00561048021055926,0.00155987906864974,5618.69054196909,3.16330669193283
"TSLP","TSLP",1.35206493029998,0.00561290014284568,0.00156087794724075,25.7923585197267,3.16312034145735
"LINC01564","LINC01564",2.55382024392961,0.00562821686292522,0.0015657912487829,0.654162314084479,3.16220531292698
"AL161431.1","AL161431.1",0.758343174588883,0.00563669838971968,0.0015686420144041,23.6303199318593,3.16167561198402
"AL512785.2","AL512785.2",2.03257183829745,0.00563951649264616,0.0015697538790818,3.30809186896643,3.16146925657659
"VWA8-AS1","VWA8-AS1",1.68223039231687,0.00564126936804508,0.0015704056472448,1.27385984369623,3.16134835487799
"AC034206.1","AC034206.1",2.86093924954276,0.00565851445929447,0.0015761924498848,2.99381681860795,3.16027693597095
"TMEM170B","TMEM170B",0.711385356701649,0.00566019993773758,0.00157699075760366,630.96939333823,3.1601294147176
"AC073389.1","AC073389.1",0.824804353375492,0.0056663040741612,0.00157885601787581,9.65174523963191,3.15978499649636
"AC006449.3","AC006449.3",2.29919932917361,0.00567709878904215,0.00158268834022384,0.886519242036735,3.15907853642392
"ZNF460-AS1","ZNF460-AS1",1.1038453444348,0.00568734101393035,0.001586568250865,6.99816435482354,3.15836490633778
"MLC1","MLC1",1.24104445594293,0.00571959087319881,0.00159636193506935,40.8279091107812,3.15657067983448
"LYNX1-SLURP2","LYNX1-SLURP2",0.795820274951883,0.0057288129550399,0.00159960145627973,72.5054483668443,3.15597942160157
"MLXIPL","MLXIPL",1.91321001770243,0.00573278919782569,0.00160099873196266,202.146586154528,3.15572473929666
"GSTM3","GSTM3",0.794777711522631,0.00573278919782569,0.00160104473501493,1379.5233171575,3.15571635777138
"AL353593.3","AL353593.3",2.27982900723865,0.00578227549704825,0.00161671267382905,0.576583397799457,3.15287455257692
"KRT12","KRT12",1.71108815748687,0.00579596660544426,0.00162087738112052,2.81946631056905,3.15212343508218
"AC097532.2","AC097532.2",1.15285397858958,0.00580108165469985,0.00162281333264826,13.3190271874552,3.15177488497051
"FGF17","FGF17",1.96362715359809,0.0058072258451495,0.00162486948316269,1.82805553830294,3.15140511296482
"KRT16P6","KRT16P6",3.36568528918422,0.00581515053496016,0.00162742463704953,1.56610009863835,3.15094620130152
"AC007906.2","AC007906.2",0.840835604357627,0.0058192774746589,0.00162874862744897,75.2697560150189,3.1507086702631
"ATOH8","ATOH8",0.968862354505457,0.00584424075481994,0.00163692382940423,638.58642573698,3.14924591887178
"FOLR1","FOLR1",1.49602798484062,0.00585803114564533,0.00164129686391585,24.645222727909,3.14846622951549
"DKK2","DKK2",1.43466409611858,0.00585838113360245,0.00164156508643728,108.946552702757,3.14841846907815
"SPINK7","SPINK7",5.62146063330532,0.00587432352768793,0.00164620289866194,13.3421795294098,3.1475937810776
"DUX4L26","DUX4L26",2.30313815707662,0.00588552381541631,0.00164970624662251,1.04312348496598,3.14697223785659
"AC007485.1","AC007485.1",2.01197154791612,0.00590212396815203,0.00165536508180771,0.799260894400663,3.14597084153243
"AC034229.3","AC034229.3",1.60047252017536,0.00597178709485154,0.0016766380288961,1.53363661108909,3.14223431074095
"CENPH","CENPH",0.589947861275541,0.00598535306247634,0.00168096836183001,204.04629125314,3.14147904680977
"LINC01894","LINC01894",1.52604947844011,0.00599274376682761,0.00168356621682226,9.38329336034178,3.14102680710743
"COX7A2P1","COX7A2P1",1.81560042690221,0.00603503997143769,0.00169737690378271,0.826071500902165,3.1386333396968
"SHC4","SHC4",1.0434917350487,0.00603503997143769,0.00169721939020796,46.1726426798684,3.1386605365158
"MATN4","MATN4",1.87027935750958,0.0060425463865138,0.00169966362283605,30.4379719929016,3.1382387684239
"AP000705.2","AP000705.2",1.8211242322591,0.00607156464273915,0.00170853137733406,1.92769517449423,3.13671324942892
"MIR548I1","MIR548I1",1.49827924851392,0.0060735122574675,0.00170978508189192,1.88228936835991,3.13649816259446
"AC139099.1","AC139099.1",1.22039152863382,0.0060770669575443,0.00171113881394314,11.2326744157657,3.13626607775426
"SFTPC","SFTPC",5.07052689126526,0.00609604553731173,0.00171683680521013,1.93851455297526,3.13529105742757
"AC129492.6","AC129492.6",5.52872247337422,0.00609892362320789,0.00171817881438054,15.9084801295747,3.13506185056997
"ACOT1","ACOT1",0.984016284440739,0.00610484260049994,0.00172002362103083,341.989608198484,3.13474703759622
"AC007541.1","AC007541.1",0.673379314868778,0.00611908874739361,0.00172457064354479,49.0497887349312,3.13397242020916
"RNF122","RNF122",0.670054171817321,0.00611976816569222,0.00172493988265009,331.08535280708,3.13390960020151
"AC244205.2","AC244205.2",2.84607291861513,0.0061615292387629,0.0017379635888703,1.46715399617598,3.13170170170006
"AC103718.1","AC103718.1",1.20224272025067,0.00617871218460858,0.00174352820011248,15.9909547890782,3.13076297335985
"FUT1","FUT1",0.58173068397244,0.00621324011290466,0.00175435422149257,136.043905062896,3.12894453199438
"EHHADH","EHHADH",0.61849945655628,0.0062173455124534,0.00175605518075685,289.877761934178,3.1286597610583
"C9orf135","C9orf135",2.65159286685148,0.00624183772622448,0.00176315417356608,0.719823256831376,3.12747399423847
"LINC02447","LINC02447",0.763495621296379,0.00625061858036712,0.00176599764526638,18.1424409167547,3.12700027110339
"HM13-AS1","HM13-AS1",0.986632573525727,0.0062734323458227,0.00177298991300264,4.43887766789232,3.12583833306275
"HMGB3P22","HMGB3P22",0.873289800610124,0.00627443568629773,0.00177345572392713,7.84960687858924,3.12576107681577
"TMEM164","TMEM164",0.571644932446682,0.00628334272241208,0.00177615578524789,1523.79301641256,3.12531363002048
"SEPHS1P6","SEPHS1P6",1.59596844836503,0.00630532669461623,0.00178346901801362,2.39072808352625,3.12410483399111
"SIK1B","SIK1B",1.21627521581946,0.00631691332542836,0.0017874802374905,1001.25122398448,3.12344375758641
"TRIM2","TRIM2",0.812397277639912,0.00631879044370962,0.00178819493705887,836.47588498068,3.12332611335685
"RPS18","RPS18",0.784632588657039,0.00637111333006799,0.00180538394048319,59234.7661020282,3.12050963124807
"RPL3","RPL3",0.591013177932345,0.00637111333006799,0.0018052394354827,83777.3255049181,3.12053320601986
"PPP1R14B","PPP1R14B",0.636676775451279,0.00639236251851611,0.00181254336312752,2423.63358758953,3.11934379775905
"SLC22A3","SLC22A3",1.20822056565488,0.00643800462147478,0.00182754209264764,358.169257913966,3.11691507617577
"TMEFF2","TMEFF2",1.85530277014485,0.00644422293361782,0.00182986881024305,8.69522875009084,3.11653995653236
"CU634019.3","CU634019.3",0.88956423361908,0.00645740986641949,0.00183436355564025,3.2957025739116,3.11581654111842
"FP236315.2","FP236315.2",0.88956423361908,0.00645740986641949,0.00183436355564025,3.2957025739116,3.11581654111842
"FP671120.2","FP671120.2",0.88956423361908,0.00645740986641949,0.00183436355564025,3.2957025739116,3.11581654111842
"ELANE","ELANE",1.14724664346606,0.00645809887243776,0.00183474686508986,98.7900142346627,3.11575492404098
"HMGCS2","HMGCS2",6.3312908376394,0.00648934099973796,0.00184399973859755,30.9183128434612,3.11427110015755
"LCE3D","LCE3D",5.96167857857469,0.00649253080044118,0.00184528331248742,72.5078367880878,3.11406580223656
"CU638689.1","CU638689.1",1.90323875860512,0.00649324354710392,0.0018457536424816,4.87757013322364,3.11399060936236
"SIPA1L3","SIPA1L3",0.532971071236905,0.00649832243515977,0.00184749564294597,899.257887564992,3.11371226450049
"BX255923.1","BX255923.1",1.92252391732413,0.00651053302412247,0.0018517235788372,2.64675504227473,3.11303770695102
"RAI1-AS1","RAI1-AS1",2.23515383086737,0.00651685146851051,0.00185408853648369,0.885787295276764,3.11266100022726
"AC005064.1","AC005064.1",1.54952287403704,0.00653158762035125,0.00185903994108928,1.99025401618123,3.11187373397389
"AC244394.2","AC244394.2",2.26116824660071,0.00656140899732095,0.00186924304187649,0.82186082906274,3.11025751176394
"LINC01550","LINC01550",0.771872389906191,0.00660302277093934,0.00188263249446789,87.1729355705077,3.10814880703169
"TIAM1","TIAM1",0.63347938026375,0.00663702561150704,0.00189309839389448,1069.51289857503,3.10651010321296
"ALKBH7","ALKBH7",0.671507167573201,0.00666699309335058,0.00190280800904098,2356.41480796921,3.10499723878141
"AL662844.4","AL662844.4",0.62837308270288,0.00667232176125251,0.00190452265446231,170.700484818328,3.10473081506833
"MRPL21","MRPL21",0.550872044264533,0.0066867719409886,0.00190942415916867,952.073243873352,3.10397042635029
"AC007114.1","AC007114.1",0.770213519240557,0.00670695291201936,0.00191577131802017,39.4095362280821,3.10298842707569
"GLRA4","GLRA4",2.24028207937329,0.00671293306368133,0.00191767447081753,1.1462249774795,3.10269456342932
"LCE2A","LCE2A",6.00081039716139,0.00672269855260896,0.00192085470146434,156.044298119176,3.10220410480263
"SEC31B","SEC31B",1.39416853879744,0.00673693770032865,0.00192511888857422,74.1952535342779,3.10154764613149
"STOML3","STOML3",2.9938169493361,0.00677456235698156,0.00193665745083689,0.630985830505933,3.09977799120075
"METTL5","METTL5",0.527954108780254,0.00677880900073005,0.00193806834536383,1048.811025172,3.0995622687324
"OVOL2","OVOL2",5.67624229805517,0.00679815507635146,0.00194458670825808,9.98810437110815,3.09856749448672
"AC090515.2","AC090515.2",0.679136522078556,0.006839229924329,0.00195871985168711,14.5953690866205,3.09642109343251
"AL691403.2","AL691403.2",1.40703255407698,0.00684504542611481,0.00196058420317527,1.73350561786014,3.09613901654663
"TIGD4","TIGD4",0.869902217625275,0.00687573944432626,0.00197057398330333,7.30911525320461,3.09463174187414
"AL732437.1","AL732437.1",5.83823642077888,0.00691864108634345,0.00198447719088073,143.34816402614,3.09254563501776
"AC079465.1","AC079465.1",1.05808574866645,0.00694987689421864,0.0019948496418226,4.79004047334473,3.09099801995049
"PBX1","PBX1",0.803855764006975,0.00695143002440397,0.00199549735480378,1639.25533100017,3.0909016235233
"AC009271.1","AC009271.1",2.52065145980652,0.00696165531061032,0.00199863486377578,0.954855206921438,3.09043508720007
"CBLC","CBLC",5.56297171758269,0.00696183296580808,0.00199888808141666,35.2704009634944,3.0903974639651
"LCE1E","LCE1E",5.92203790072539,0.00696567176038455,0.00200079958285241,85.5455352585992,3.09011359294944
"AP005205.2","AP005205.2",1.39091940881112,0.00697939631623499,0.00200514723375974,8.86190560312965,3.08946886283724
"FP475955.1","FP475955.1",2.26870547510111,0.00698867482858323,0.00200821889389955,0.829079154621525,3.0890141273223
"C16orf96","C16orf96",0.885705434177937,0.00698973884494514,0.00200881299094043,7.56676515219503,3.08892624952715
"SNCB","SNCB",2.756998907202,0.00700141314859988,0.00201289611202631,3.17144058655594,3.08832292586071
"GLIPR1L2","GLIPR1L2",0.89435239326768,0.00703096915560284,0.00202302720040089,47.3186592764292,3.08683078865274
"GUSBP1","GUSBP1",0.73435214342706,0.00705548439857721,0.00203110566615251,128.27648425415,3.08564587362494
"CLPP","CLPP",0.520299875447996,0.0070579757866335,0.00203202788419633,1803.53594995374,3.08551088173323
"UFSP1","UFSP1",0.519221108153171,0.0070586418629196,0.00203242467721395,60.8564626805333,3.08545281749385
"GRIA2","GRIA2",2.5693040547098,0.00705895703640325,0.00203292549715169,4.09903724813445,3.08537954544513
"COX17","COX17",0.680034585386523,0.00706730040752718,0.00203553360174973,963.856100887661,3.08499823635852
"CCDC178","CCDC178",1.81706783681865,0.00708815741203607,0.00204257028246805,15.2404198230749,3.0839716942065
"MUSK","MUSK",1.00048108776501,0.00709961608919935,0.00204649093961933,19.3115207700955,3.08340113812078
"PLD6","PLD6",0.856078736821432,0.0071132719004326,0.00205104711733457,85.3949602982079,3.08273935603689
"AC073195.1","AC073195.1",1.22374378701479,0.00712086298525823,0.00205364960441004,5.11442073286357,3.08236195132284
"AL772337.1","AL772337.1",1.1427164641902,0.00712086298525823,0.0020536462876263,3.18632390520672,3.08236243203335
"ELOVL6","ELOVL6",1.30032043676025,0.00716020602127768,0.00206671897546198,419.584814992035,3.08047328019017
"DDN-AS1","DDN-AS1",0.95298943834773,0.00716020602127768,0.00206658305439834,17.9050820366293,3.08049286586373
"MKRN3","MKRN3",1.32878677695436,0.00717492464175082,0.00207236698726531,7.72602684510466,3.0796604675056
"TMPRSS5","TMPRSS5",1.32979680803014,0.00717641157897064,0.00207321336018479,9.40557074833915,3.07953883999921
"HINT2","HINT2",0.608030018747497,0.00719085054263705,0.00207822013765652,800.167298176791,3.07882027437828
"PLXNB3","PLXNB3",1.102064715235,0.00723087595435297,0.0020908379843611,47.558183707011,3.07701639819606
"C19orf48","C19orf48",0.557974094473491,0.00724866444139498,0.00209703432776502,636.145749503366,3.07613420751906
"SRMS","SRMS",1.71257102427272,0.00724999085339603,0.00209762864211333,3.45843825663114,3.07604971902672
"PIK3C2B","PIK3C2B",0.717815528090967,0.00725054124614962,0.00209799848652674,1124.72810505248,3.07599715255092
"RPSAP69","RPSAP69",2.37449493906122,0.00727043840900031,0.00210481177014366,0.654236135141152,3.07503028885878
"RHOXF1-AS1","RHOXF1-AS1",1.26818123323966,0.00727416507040852,0.0021061345666441,43.5302361594337,3.07484290543072
"AL356512.1","AL356512.1",0.828263479109993,0.00727611786665667,0.00210751270379634,41.0934381737772,3.07464779737738
"AC084809.1","AC084809.1",1.62226887912972,0.00728041996565679,0.0021093932019701,2.63361932759118,3.07438175686141
"AC011632.2","AC011632.2",2.59314775017573,0.00732228056942332,0.00212237242367478,0.858540115677994,3.07255145093514
"AATBC","AATBC",0.931920768110856,0.00733198912050053,0.00212582535729163,41.9054994167134,3.0720662532992
"C1orf226","C1orf226",1.32827507350345,0.00734270152137256,0.00212914457092664,66.5659394897688,3.071600526422
"FAHD2CP","FAHD2CP",0.669793795100709,0.00734344565447209,0.00212957364395984,83.2571240278647,3.07154037075047
"AP003031.1","AP003031.1",3.88819677898249,0.00734448408307124,0.00213008811343866,6.34593204617192,3.07146825722075
"BAIAP2L2","BAIAP2L2",0.980486209415622,0.0073699921690535,0.0021383423892377,16.6496391571076,3.07031342827511
"C1QTNF9B","C1QTNF9B",1.67261064086162,0.00737142367700133,0.00213897184074716,5.16689481034837,3.07022553157778
"AL591501.1","AL591501.1",2.64514261679713,0.00740418964445374,0.00214976994556639,0.691024797360792,3.06872136414798
"AP003469.4","AP003469.4",0.718530504334622,0.00740865351646686,0.00215128120146739,66.0516887370956,3.0685114002471
"AC004233.3","AC004233.3",1.92989064384513,0.00743846520077174,0.00216058591866264,4.71577000032034,3.06722163596588
"C17orf113","C17orf113",0.733589767120038,0.00750273901186075,0.0021818700762969,45.9140203612305,3.06429039444035
"NXPH4","NXPH4",1.10398027269285,0.00752244674781062,0.00218803827502543,144.17465952114,3.06344581243562
"TBX22","TBX22",3.30610501645764,0.0075239931887533,0.00218870662790067,0.585117837175831,3.0633544291573
"VDAC1P2","VDAC1P2",1.8816332564943,0.0076044733952904,0.00221484135225545,1.10317468284243,3.0598009558663
"MLLT11","MLLT11",0.744481362656134,0.00761977504800741,0.00222055312700878,214.578734575053,3.05902945974638
"MPP4","MPP4",0.789672909741545,0.00762276885642126,0.00222164699388088,11.0093164408811,3.05888191738877
"AC063948.1","AC063948.1",1.26401442364985,0.00764960477906212,0.0022305792487802,2.73569160927364,3.05767960697314
"AL021392.1","AL021392.1",1.19019496823085,0.00765493408357832,0.00223257793462327,9.25195601040979,3.05741118154705
"LINC02159","LINC02159",1.77751026367482,0.00765869609521687,0.00223434249971994,1.43038820822304,3.05717438172173
"AL356277.3","AL356277.3",2.0631157462862,0.00766391107349363,0.00223630912757979,0.817485362979326,3.05691066746482
"ACTG1P10","ACTG1P10",1.24018925509834,0.00768140876472372,0.00224253048374109,4.68012053784729,3.05607781413758
"ZNF887P","ZNF887P",1.72178128571015,0.00768535596335554,0.00224420652710398,2.00810061240511,3.055853804131
"XKR6","XKR6",0.854456810764628,0.00769837363694994,0.00224904850820386,32.7761801054375,3.05520751371282
"AL109614.1","AL109614.1",1.27672699090471,0.00769974501213274,0.00224977598160998,3.18510112089834,3.05511052332996
"AL928921.1","AL928921.1",3.59487549205104,0.00771164854700462,0.00225493602472354,1.43363766288828,3.05442338426549
"TPTEP2-CSNK1E","TPTEP2-CSNK1E",0.880597019851815,0.00771623504396888,0.00225673203955277,40.1369323927161,3.05418455523811
"JAG2","JAG2",0.851826119298139,0.00771821203812865,0.00225753442616346,1329.57865369331,3.05407791238647
"KIAA1549","KIAA1549",0.668074616578805,0.00771953386855007,0.00225814527681445,99.4505872806579,3.05399674929738
"LINC00491","LINC00491",2.02594137809546,0.00772766635036274,0.00226119759537453,0.95252330676489,3.05359149204891
"SIX6","SIX6",2.69972576311676,0.00772876325229157,0.0022617430512036,0.995938090415996,3.05351912450496
"AL590235.1","AL590235.1",1.29725263675309,0.00772879697214951,0.00226220190218283,3.01356158416623,3.05345825951318
"ANKRD34A","ANKRD34A",0.555598216689391,0.00773273129450692,0.00226380268146088,43.8878443656886,3.05324601021339
"SAMD13","SAMD13",0.701749334362435,0.00773288425566588,0.00226407207206669,39.3434734106194,3.0532103048984
"CR769775.4","CR769775.4",1.90920387814101,0.00774287012250544,0.00226722068389036,1.1781468313129,3.05279327291457
"RAP2CP1","RAP2CP1",1.62213219819093,0.00783385187860244,0.00229772964651236,3.25790174823421,3.04877962723026
"MSMB","MSMB",6.4133319422689,0.00785326166939576,0.00230456322312959,7.19749808734084,3.04788732244314
"SLC9A3-AS1","SLC9A3-AS1",1.00862895719926,0.00785869138644861,0.00230667037559867,50.7332096152039,3.04761266659944
"NACA","NACA",0.602022622615325,0.00785869138644861,0.00230684138350905,17193.3936482167,3.04759038673298
"VWA5B2","VWA5B2",1.0547114925044,0.00786479163021958,0.00230931737509846,5.33371450595761,3.04726797010869
"YAP1","YAP1",0.650864470272776,0.0078655455403148,0.00230976720729007,3653.46355348922,3.04720942822123
"AL163051.1","AL163051.1",0.692723064686099,0.00786813544835775,0.00231121336671436,18.1029251461769,3.04702129342238
"C14orf39","C14orf39",1.8407373909478,0.00787591422667651,0.0023137270967993,10.8211916075449,3.04669453189676
"AC108734.4","AC108734.4",1.22051680176254,0.00792967647362526,0.00233067259894894,23.799337960278,3.04450021993538
"IL36G","IL36G",5.78261722871243,0.00793206116503788,0.00233160389770487,28.88742425095,3.04438004793453
"SCGB2A1","SCGB2A1",7.63031928409184,0.00794803240518975,0.00233696751709331,5.08390312177923,3.04368879695021
"FIS1","FIS1",0.532211488216855,0.00794803240518975,0.002336991171074,4426.92750508375,3.04368575169837
"AL365226.2","AL365226.2",4.49568591774659,0.00796823870860595,0.00234385829563299,7.53699429852559,3.04280285826838
"AC015909.5","AC015909.5",0.831096331849183,0.00799589775031474,0.00235245870549953,13.3941937218981,3.04170045444779
"OSR1","OSR1",1.07352857044737,0.00800937298884146,0.00235692577756098,396.406012827351,3.04112931884123
"PYGB","PYGB",0.513463463616158,0.00804131379395661,0.00236815616814587,5496.53082615989,3.03969782825767
"AC064807.2","AC064807.2",2.03948924388313,0.00806480277938251,0.00237671340187101,1.21620899343351,3.03861123996093
"MAFTRR","MAFTRR",0.897071112787147,0.00809536646521438,0.00238713141497782,15.6461091833731,3.03729319617761
"AC087491.1","AC087491.1",2.32652366414543,0.00810210459287276,0.00238958899837429,1.64301624954476,3.03698304067196
"CLEC2A","CLEC2A",5.5320005365562,0.00810787618286594,0.00239152674093771,47.760298516288,3.03673869669639
"ATL1","ATL1",0.530100981224792,0.008113302996639,0.00239359877241961,355.119131986599,3.03647761969175
"PCP4","PCP4",4.68936031239345,0.00811603560870904,0.0023946406911022,2.21094878901442,3.03634641557972
"LCE6A","LCE6A",5.49390014408831,0.00811724458462132,0.00239523317460114,115.217788583462,3.03627183011545
"MRPL34","MRPL34",0.569284021875309,0.00818393218722563,0.00241776386302637,1786.89422498614,3.03344798637054
"MAML3","MAML3",0.547300767692275,0.00820729395125239,0.00242585753595749,427.62032974613,3.03243945803568
"RPL9","RPL9",1.00929706737693,0.0082264269484845,0.00243246852374731,18261.8132484944,3.03161796516613
"MSRB2","MSRB2",0.628250059955323,0.00825076441883712,0.0024403838177361,996.766472281442,3.03063708049497
"MLPH","MLPH",0.869612210114202,0.00827241613996316,0.00244822958202872,267.20161504235,3.02966768123161
"PIK3CB","PIK3CB",0.506061443633393,0.00831000776389253,0.00246104447428396,1396.88563484358,3.02809040837995
"OTOP3","OTOP3",6.28967103808698,0.00832222246790679,0.00246514536794799,29.9768274532494,3.02758725242345
"KAZN","KAZN",0.575873956304548,0.00832951035009107,0.0024677880089151,779.379216585247,3.02726342129043
"LINC00681","LINC00681",5.32132683562636,0.00833656921931446,0.00247084792360534,1.15053235246112,3.02688885330913
"AL451165.2","AL451165.2",0.814288542160919,0.00839404823823597,0.00249007826934774,66.039353725559,3.02454451200935
"ZNF204P","ZNF204P",0.929358167252197,0.00844253173609933,0.00250691303410432,67.5474645388578,3.02250577014987
"COX6B1","COX6B1",0.695914713921602,0.00852083118880121,0.00253189563905648,4370.65083786246,3.01950326512147
"MYRFL","MYRFL",2.08503277080435,0.00852968777366685,0.00253477505554739,9.01514176114008,3.0191589493604
"NDUFB2","NDUFB2",0.674217154189349,0.00854985423598884,0.00254200964213959,3499.87502922528,3.0182954257538
"LGR5","LGR5",2.6441120639579,0.00855556251813655,0.00254395531248298,70.4563865845046,3.01806357319499
"EVPLL","EVPLL",3.70966057156965,0.00858705933632079,0.0025548172644921,2.97625590033,3.01677219902227
"RBMS3-AS3","RBMS3-AS3",1.10242343813066,0.00859776302318906,0.00255875101474367,16.780898446017,3.01630575490932
"AC131254.1","AC131254.1",2.45310176819707,0.0086214738626225,0.0025665587782624,0.857296001904796,3.01538188930978
"CTAGE15","CTAGE15",1.78319088103126,0.00863976564537345,0.00257401174115823,7.15270982142703,3.01450240051999
"ACTR3C","ACTR3C",0.886823388022254,0.00865878678363757,0.00258018164323626,33.2396995938405,3.01377607969752
"EML6","EML6",0.611062765818093,0.00867234840020736,0.00258472658692134,73.7146001400649,3.01324206409494
"FNDC10","FNDC10",0.892804691003952,0.00870101947375591,0.00259402997207594,331.281918862099,3.01215161989789
"AC116407.3","AC116407.3",0.535847837374541,0.00882848558094088,0.00263613430266272,26.8126175719282,3.00726087564406
"MAGOH2P","MAGOH2P",0.846722557433316,0.00883627059395991,0.0026387155215668,8.98694956403072,3.0069633754963
"NRTN","NRTN",1.62398802376264,0.00884641127924773,0.00264302853544621,37.1777746748774,3.00646686922259
"AC100854.1","AC100854.1",1.11742759328951,0.00888081972950946,0.00265563027522075,3.05218223040102,3.00502041142325
"AP001453.2","AP001453.2",0.947043508392442,0.00889633214312943,0.00266156096997308,29.8470930545395,3.00434184192711
"UQCRH","UQCRH",0.683917998834092,0.00890295665134912,0.00266470876135368,4085.13329306742,3.00398224377741
"OR8T1P","OR8T1P",1.27071376416364,0.00890908517311173,0.00266718777969277,5.50311490540073,3.0036993182538
"INCA1","INCA1",0.528927739649153,0.00891839772702501,0.0026707528919957,59.0678769018295,3.00329285999838
"RUNX2-AS1","RUNX2-AS1",1.2894332376427,0.00897681353503032,0.00269085383064694,2.09045140937209,3.00101039034602
"TTC36","TTC36",1.19957809269619,0.00899957082709765,0.00269793686843485,20.7896694220799,3.00020981990714
"ARVCF","ARVCF",0.816973558600272,0.00903881562318997,0.00271258984021142,442.294896055056,2.99855972494422
"AL021068.2","AL021068.2",1.68215860686433,0.00907257907687281,0.00272377649990001,1.32423457763746,2.997305450317
"ARHGDIG","ARHGDIG",1.31404346861989,0.00907580973542023,0.00272501002774018,10.4032302121365,2.9971674325096
"PRSS27","PRSS27",0.631683832980206,0.00910012482895384,0.00273336792309201,51.2600637621619,2.9962337793994
"AC097634.4","AC097634.4",1.7460280086386,0.00912130822537458,0.00274079044938713,4.58836133519139,2.99540679965716
"EIF4BP7","EIF4BP7",1.03272764295339,0.00913301394548636,0.00274510364551798,3.0894233754901,2.99492718493325
"APOD","APOD",1.90292610755083,0.00920312733831751,0.00276778147034215,3575.49717245946,2.99241674635853
"DNASE1L1","DNASE1L1",0.502720282069509,0.00920671249529367,0.00276912710261316,2667.17808030438,2.9922683758859
"TIMM8B","TIMM8B",0.652258194183799,0.0092220515422236,0.00277454426264529,1787.7621983539,2.99167174099766
"AC099518.4","AC099518.4",1.45043890800131,0.00923664215102109,0.00277947056711335,1.20885618356394,2.9911300909731
"LINC00543","LINC00543",1.47545105232978,0.0092400888568631,0.00278131290878565,3.05834577137058,2.99092774969837
"AL596257.1","AL596257.1",1.00135919117618,0.00929044956609599,0.00279890039791878,5.10513858869409,2.98900228362948
"GALNT14","GALNT14",0.84041741387074,0.00930147496585246,0.00280249215234076,43.5474198802617,2.98861042004269
"DANT1","DANT1",2.17405810580663,0.00930639429637438,0.00280532589775105,0.575246106766513,2.98830157945217
"TMEM245","TMEM245",0.584893927872418,0.0093671758126341,0.00282636872143729,2944.67694879063,2.98601706309848
"REXO5","REXO5",0.55811266415396,0.00940271628773929,0.00283845795220386,75.890511938315,2.98471160937802
"AC113410.2","AC113410.2",5.72163236003129,0.00940682899467593,0.00284079240901724,7.99726614533614,2.98446010838391
"HS3ST6","HS3ST6",5.42926085602208,0.00942402549031979,0.00284703437077934,64.0718057348317,2.98378856088814
"AP000320.1","AP000320.1",1.55008502692271,0.00944518246456312,0.00285374660149836,2.22370308593141,2.98306791739494
"LINC01918","LINC01918",2.16401724083177,0.00949192476321266,0.00287062625289213,1.0650205065122,2.98126248794379
"SLC7A13","SLC7A13",1.90094299854225,0.00949497096294549,0.00287209909399658,0.834437556771282,2.98110541450175
"AC107074.1","AC107074.1",3.59434565104517,0.0095131850330523,0.00287871388620712,1.2252209477174,2.98040087512009
"DIP2C","DIP2C",0.622120786838153,0.00952486115301964,0.0028828004303028,1471.61184536034,2.97996635678953
"PPP1R1B","PPP1R1B",2.45457985634643,0.00956273602529549,0.00289703985609905,386.353777106365,2.9784566725257
"STKLD1","STKLD1",0.549470176912087,0.00960186100416654,0.00291196208738535,21.4250551744819,2.97688184697512
"MYC","MYC",0.559051233272465,0.00966085639657618,0.0029332209804058,1846.8129967665,2.97465095257655
"AC011352.3","AC011352.3",4.96038074081723,0.00967088163835677,0.00293654573740507,3.55681456772883,2.97430338986184
"AP001330.1","AP001330.1",1.2111369709642,0.00972819547754573,0.00295536181304899,5.44785566727084,2.97234313983688
"AL133367.1","AL133367.1",0.885274413092412,0.0097400300593617,0.00295923999131298,35.18200012078,2.97194052902599
"AL158207.1","AL158207.1",1.75755126984321,0.00977238916993667,0.00297020681637671,1.1479736406078,2.97080461464844
"AC007318.1","AC007318.1",1.47591469109858,0.00977435099077955,0.00297115221640998,3.60362509872015,2.97070687189454
"TFAP2A-AS2","TFAP2A-AS2",0.931437584057597,0.00977435099077955,0.00297194869582188,16.3789777514004,2.97062454772572
"CSPG5","CSPG5",1.34001957955899,0.00979348582337904,0.002978610144551,17.5769167067847,2.96993680705312
"AC009414.2","AC009414.2",0.968563328119894,0.00981180138340617,0.00298446567000783,58.7387403927644,2.96933342937068
"IL37","IL37",5.30805261287079,0.00984122708898903,0.00299513121408235,78.0206783823908,2.96823717731855
"FGF16","FGF16",1.87253735865007,0.0098916999724904,0.0030119336859917,28.3859820876893,2.96651734803133
"ST14","ST14",1.17196683057227,0.00992479972459889,0.00302376029324372,1378.36374289728,2.96531206734642
"AC105760.2","AC105760.2",0.516017433401818,0.00992479972459889,0.00302402547667719,34.1351122672227,2.96528509112759
"GAB1","GAB1",0.574537765415015,0.00995244683877562,0.003034472942565,940.806541968866,2.96422401888742
"NPR3","NPR3",1.53736074939103,0.00996810933214767,0.00304040653238302,873.117901301324,2.96362287054868
"GABPB1-IT1","GABPB1-IT1",0.519598471276537,0.00997703210863454,0.00304341789255489,813.751021521696,2.96331819056976
"TBATA","TBATA",2.42924312403108,0.00997818723273538,0.00304419184676732,0.801276242615684,2.96323992872575
"MIR210HG","MIR210HG",1.01142494077489,0.00999165229178128,0.00304874832476944,163.248292939543,2.96277954763927
"VAX2","VAX2",0.880948488544412,0.010004326866208,0.00305319688576878,14.7028882533577,2.96233067537645
"AL353719.1","AL353719.1",1.00489432600615,0.0100266339924479,0.00306116968440282,4.53815809498941,2.96152768802698
"AC124312.2","AC124312.2",0.992307844630392,0.0100437431595025,0.00306785183761266,5.41388796464273,2.96085615695996
"PADI3","PADI3",3.1847479352318,0.0100745818340438,0.00307873461937883,1.08594147919636,2.95976532854492
"PEX11A","PEX11A",0.810157002079335,0.0100815762811009,0.00308145774387198,231.855831524762,2.95949292800704
"HRNR","HRNR",2.2448918652494,0.010105840897802,0.00308946135265963,53.2675864310746,2.95869357702727
"WNT10B","WNT10B",1.20263846857269,0.0101221350736543,0.00309473666159187,72.5806753174894,2.95816774359586
"PLP2","PLP2",0.587670281619076,0.0101823318641704,0.00311566891044274,5957.91904368779,2.95608927749419
"ABHD17C","ABHD17C",0.650627792668161,0.010189850503729,0.00311899165238458,359.731972557225,2.95576051761101
"MTURN","MTURN",1.10421393710266,0.0101947230463952,0.00312077919675727,3024.7387919863,2.95558378585222
"KREMEN1","KREMEN1",0.596969367388248,0.0102019465144653,0.00312336550301121,3479.04452536492,2.95532824503218
"PIGZ","PIGZ",0.635657102423009,0.010231770644613,0.00313449764693659,196.875007662544,2.954230527483
"AC083873.1","AC083873.1",0.740087266263674,0.0102389090577968,0.00313698189675963,9.21138351739325,2.95398604590755
"TRIM31-AS1","TRIM31-AS1",1.67956905261074,0.0103048643604014,0.00315898508364344,1.28380231576743,2.95182832549245
"TSPAN10","TSPAN10",0.682929024375621,0.0103223225617198,0.00316493659119071,55.7970508806833,2.95124705095944
"ROBO2","ROBO2",1.49126738785403,0.0103583840933363,0.00317749780439539,65.9259543257346,2.95002348002725
"ITPR1-DT","ITPR1-DT",1.03113996239324,0.0103586300593481,0.00317787413404306,4.26746997522305,2.94998689032464
"ARHGAP35","ARHGAP35",0.509313922770725,0.0103655718839971,0.00318060594233024,3346.90836566593,2.94972140094555
"ZHX3","ZHX3",0.690446204490481,0.0104114469842208,0.00319619446892731,1719.25184771418,2.94821040280025
"ETV4","ETV4",1.0430476946577,0.0104261565511779,0.00320161865513689,89.0355569417485,2.94768621042014
"LINC02030","LINC02030",1.42542524155671,0.0104552727479603,0.00321116690010841,2.67868577880565,2.94676543287763
"AC128714.1","AC128714.1",4.33614991746795,0.0105105674115244,0.00323028679508946,0.816886758778953,2.9449290965446
"HOXA10-AS","HOXA10-AS",0.781546576639904,0.01053883527602,0.0032404331332058,61.633704051374,2.94395862823855
"MAPKAPK3","MAPKAPK3",0.629199153587757,0.0105516863019249,0.00324476306722664,3544.64309136521,2.94354532504341
"C12orf54","C12orf54",1.35737085058967,0.010551697937979,0.00324507313138497,2.41406761149514,2.94351574791655
"CR382285.1","CR382285.1",0.624133500105488,0.0105648046396244,0.00325002457122869,27.4281214290064,2.94304377690229
"DUOX2","DUOX2",1.31992266484308,0.0105705854096399,0.00325252304974935,35.0731758072127,2.94280587068555
"MAST4","MAST4",0.743530230350725,0.0105705854096399,0.0032524532207356,1066.57101942498,2.94281251757267
"RNF225","RNF225",5.97952377438246,0.0106456006231549,0.00327766255970263,15.5500762801986,2.9404212973591
"LINC01963","LINC01963",0.533410317177677,0.0106784839079742,0.00328871746474529,253.870364929132,2.93937797011455
"RBPJP6","RBPJP6",3.01964210190364,0.0107174789492436,0.00330197220909221,0.98067465451592,2.93813123224675
"GLYATL2","GLYATL2",1.0728703160623,0.0107323778614761,0.00330718591647495,45.2300696693179,2.93764208113054
"SLC16A14","SLC16A14",0.786439760426082,0.0107333276289056,0.00330810211079112,306.916934756263,2.93755619615574
"LINC01600","LINC01600",1.05873678922635,0.0107448052856115,0.0033124940850284,9.6804796410046,2.93714478870206
"AC027682.6","AC027682.6",0.828851552223955,0.0107448052856115,0.00331275065975064,22.048373769532,2.93712077005493
"AC000068.1","AC000068.1",0.802589635745069,0.0107549100975197,0.00331694072892599,9.55284776955184,2.93672876603533
"PMAIP1","PMAIP1",0.774805189480849,0.0107592637654528,0.00331890848115221,153.860443537805,2.93654482760763
"AC004471.1","AC004471.1",1.06530201020749,0.0107715384253467,0.00332363345801261,2.91950590659759,2.93610355897313
"CHODL-AS1","CHODL-AS1",1.89701192264232,0.0107780475180444,0.00332595494457138,0.786785596877466,2.9358869631257
"LINC02595","LINC02595",2.07242268816265,0.0108140939307596,0.00333864890176727,1.04984095673047,2.93470503984868
"COX6C","COX6C",0.666995723134696,0.0108199078957673,0.00334075813094012,3653.44432002823,2.93450904798405
"SLC25A33","SLC25A33",0.66352623021804,0.0109070938019686,0.00337084576661282,400.746529867173,2.93172547217875
"GUSBP5","GUSBP5",0.725575504289704,0.0109459918690955,0.00338445693756599,33.1584031846665,2.93047365185822
"FOXRED2","FOXRED2",0.53140097161525,0.011002290458454,0.00340537954935768,574.456741951155,2.92855830768651
"AL356747.1","AL356747.1",1.80104116959335,0.0110457506753841,0.00341979366936562,0.738507353048005,2.92724500137294
"EPHA8","EPHA8",2.11657535284644,0.0110664347781416,0.00342844758172586,0.965250342949711,2.92645894076186
"LCN2","LCN2",1.70154388107654,0.0111060388878513,0.00344168493361467,33.1567325389507,2.92526004009995
"AP000720.1","AP000720.1",2.42730175935144,0.0111071861924237,0.00344236309611832,0.706179932548582,2.92519873233577
"AC073648.6","AC073648.6",4.44670181871978,0.011112544034937,0.00344499193926114,0.715074494099562,2.92496118151284
"AC006994.2","AC006994.2",2.38387449611542,0.0111739333781154,0.00346661968199287,1.63466432540762,2.92301306676843
"HEXA-AS1","HEXA-AS1",0.744255370882642,0.0112204033438084,0.00348299205690949,13.9747384049678,2.92154567104865
"CARD17","CARD17",1.54743943415236,0.0112433283527874,0.0034923943709977,3.52684271797548,2.92070581142105
"AC004997.1","AC004997.1",0.737677377676215,0.0112847190843532,0.00350721779373125,41.1841333832723,2.91938588241979
"AC090515.4","AC090515.4",1.98392958330541,0.0112921919942723,0.00351019631470611,1.65392723694525,2.91912127721484
"AL035425.1","AL035425.1",3.47900462147577,0.0113135960990253,0.00351750704786706,0.574875136069356,2.91847267301042
"AC007318.2","AC007318.2",0.854920635445697,0.0113460155960995,0.00352824570035556,56.9704160207008,2.91752216636349
"SMG1","SMG1",0.588754889729505,0.0113822095998159,0.00354148452518961,2239.65607025422,2.91635397898953
"AC025263.1","AC025263.1",1.07951907618788,0.0114025258481567,0.00354946176120297,3.63581172776048,2.91565198847885
"NAT16","NAT16",1.26280351902402,0.0114482511669987,0.00356535811004299,1.81386567901339,2.91425739168212
"SVEP1","SVEP1",0.975384992751644,0.0114852192644524,0.0035785391846689,1518.88319629901,2.91310529072039
"C11orf1","C11orf1",0.637414096228571,0.0114873191982398,0.00357952713950031,294.110489169412,2.91301909343215
"AC134312.1","AC134312.1",1.11548102858755,0.0115204995465704,0.00359220874382576,74.51302532202,2.91191456368949
"ACCSL","ACCSL",2.21392088684455,0.011521997146515,0.00359301038006811,1.15164584585791,2.91184486282322
"AC005476.2","AC005476.2",1.12859703038182,0.0115258056063281,0.00359453278712516,7.50234974712294,2.91171253112846
"C9orf43","C9orf43",0.739112174580914,0.0115638214933282,0.00360873992460549,10.9473318878414,2.91048006037163
"AVIL","AVIL",0.595277421450098,0.0115638214933282,0.00360868383260312,119.261973087636,2.91048491767526
"GAPDHP40","GAPDHP40",1.63549302275631,0.0115719196560371,0.00361209033475422,1.04565746932643,2.91019005507955
"ZNF571-AS1","ZNF571-AS1",0.75315777426113,0.0115719196560371,0.00361198804510819,14.1738778005517,2.91019890546035
"CRHR2","CRHR2",1.29051612329847,0.0115946589742595,0.00362090649702206,26.8083296773277,2.90942811167462
"PROX1","PROX1",1.21085319307685,0.0115965814478769,0.0036219948968578,107.380401033651,2.90933416294274
"ITGA7","ITGA7",1.2298742375377,0.0117445117837042,0.00367092748066809,2241.03814496103,2.90513668849077
"BLACAT1","BLACAT1",2.09141442139815,0.0117601987706833,0.00367657601805538,0.895528244526541,2.90465543290866
"AL049775.2","AL049775.2",1.68680870180102,0.0117697388179345,0.00368020304250285,0.763319442361109,2.90434676460785
"CCND1","CCND1",0.603928875349206,0.0117917473420044,0.00368877422079086,6139.89196081623,2.90361843487808
"SLC27A6","SLC27A6",1.72850117171327,0.011843956682737,0.00370923495274981,11.9289735126395,2.90188599993957
"SLC16A10","SLC16A10",1.16094653412022,0.0118751371315246,0.00372072453345405,534.858693301682,2.90091696860554
"AC020904.2","AC020904.2",1.06456615796941,0.0119234960293826,0.00373830068958859,3.78093482019644,2.8994398459919
"LCE1A","LCE1A",5.50926851580266,0.0120180532825285,0.00377039019125683,159.10041786827,2.89675921228451
"KLK9","KLK9",5.66324195322148,0.0120260254995718,0.00377324060202087,3.11533981560222,2.89652210374764
"SEPT5-GP1BB","SEPT5-GP1BB",1.02794249715845,0.0120459576176294,0.00378089398211058,366.312934960745,2.89588626946627
"TMPRSS12","TMPRSS12",1.14344466174535,0.0120715245325385,0.00378926936281931,3.82683904065501,2.89519179119365
"CDCA4P4","CDCA4P4",0.741649472328389,0.0120988458360799,0.00379854840949772,12.3648965073857,2.89442400878327
"RPSAP41","RPSAP41",1.8623626583005,0.0121219513869566,0.00380791519257394,3.90859179829177,2.89365069338852
"GPRASP2","GPRASP2",0.567205304463593,0.0121798911120605,0.00382823869302913,414.213912105744,2.89197872507915
"TH","TH",2.19588745356438,0.0122162194829358,0.00384107633039328,1.34830583300222,2.89092675309715
"RPL5","RPL5",0.55676098345606,0.0122162194829358,0.00384099697854868,29927.0990861748,2.89093324571553
"MT-ATP8","MT-ATP8",0.722672436477097,0.0122365459494514,0.00384853373825549,34551.3915216206,2.8903171264473
"BCDIN3D-AS1","BCDIN3D-AS1",0.558839095365677,0.0122512741069312,0.00385352176437662,37.1812166083634,2.8899099650257
"MSL3P1","MSL3P1",1.07629142088427,0.0122690466406975,0.00386068977524342,38.576469998771,2.8893256939534
"TRAJ39","TRAJ39",1.91493190847066,0.0123324018320295,0.00388405463764075,1.54593151808163,2.8874280203944
"AL356968.2","AL356968.2",1.82121306625203,0.0123470297113077,0.00388973754644022,3.97559720642021,2.88696802764961
"UPB1","UPB1",0.764396688954119,0.0123499421339782,0.00389101377736904,17.7896344357064,2.88686480939735
"AL591806.3","AL591806.3",0.860624955873869,0.0123973708469012,0.00390847749425657,382.641033386602,2.8854554700438
"SMIM26","SMIM26",0.63535921600257,0.0124045637097372,0.00391110546849069,1157.52415104335,2.88524388521153
"AC139795.3","AC139795.3",0.82348553416328,0.0124055803548236,0.00391178634634497,10.7638651768337,2.88518908708059
"ZNF92P3","ZNF92P3",1.69694419589923,0.0124475332782055,0.00392609979865324,1.0668272159328,2.88403911835486
"SORT1","SORT1",0.719958174233414,0.0124589465059633,0.00393223285505395,3273.35330092941,2.88354754238844
"CTAGE8","CTAGE8",1.67274372162824,0.0124756620332565,0.00393895800806025,27.0392818108587,2.88300930851172
"F8","F8",0.593466008510198,0.0125775687938683,0.00397405580747354,594.575933134777,2.88021379811307
"GOLGA6D","GOLGA6D",2.9358867127623,0.0126375420627892,0.00399557468785466,0.981986142761101,2.87851090323373
"LINC00702","LINC00702",1.14484309809872,0.0127474817276218,0.00403625822913924,235.004284924018,2.87531404257838
"AL136018.1","AL136018.1",1.05814077443207,0.0128065783213358,0.00405831792395068,3.13141096948213,2.87359283067776
"STAU2-AS1","STAU2-AS1",1.21979992271232,0.0128105002556502,0.00406030494915925,2.68368570667362,2.87343820986996
"NFYC-AS1","NFYC-AS1",0.80396648913976,0.0128516105163603,0.00407408147948055,24.3051792439031,2.87236807102926
"DKK1","DKK1",2.17798417447734,0.0128673359112057,0.00407981407013829,32.2869749550754,2.87192373997843
"CASP1P2","CASP1P2",2.4669878312289,0.0128676957695879,0.00408030192624001,1.39004517703281,2.87188595259462
"NDUFA13","NDUFA13",0.562866934213439,0.0128732696042935,0.00408281720719418,5509.31305178656,2.87169119403127
"PHOSPHO2","PHOSPHO2",0.515251433171898,0.0128957078174312,0.00409105730167256,63.3558027700154,2.87105392415956
"ABCA10","ABCA10",1.13021618248623,0.0129643446176778,0.0041147145822402,48.4699705147183,2.86923077640853
"LINC00886","LINC00886",0.737990405494748,0.0129780197297754,0.00411980880756116,39.669510216626,2.86883943508332
"ARHGEF12","ARHGEF12",0.55113813769118,0.0131366235597563,0.00417282779277027,6237.37713028131,2.86479234597798
"HMGN1P13","HMGN1P13",2.46033969741106,0.0131372231148139,0.00417339982591841,0.768509196346259,2.86474893603886
"LINC01198","LINC01198",0.805509509657574,0.0131983183474112,0.00419549192500487,8.49318510268223,2.86307654666508
"MCM2","MCM2",0.561824063341338,0.0132134292419235,0.00420183058384391,690.624964367248,2.86259818006942
"KCNMB4","KCNMB4",0.684929266179953,0.013221070513769,0.00420541254781818,183.256152098981,2.86232814542701
"TOGARAM2","TOGARAM2",0.90314304633979,0.0132451940541398,0.00421385530600072,116.27002038001,2.86169249306111
"HINT1","HINT1",0.607399651585038,0.0132637625873119,0.0042205332619961,4876.85103747597,2.86119052977046
"LINC01515","LINC01515",0.699471255605616,0.0132674177711201,0.00422323781090117,32.9734585401584,2.86098744132686
"AC068620.1","AC068620.1",0.871186178378731,0.0132893633707973,0.00423176747513799,4.95459518667081,2.8603477084462
"SLC7A5","SLC7A5",1.02623179097809,0.0133388168333078,0.0042486773961326,1267.89362274654,2.85908289847006
"AC108062.1","AC108062.1",0.829707096172792,0.0133635876323101,0.0042581200280714,23.0225724732433,2.85837860388969
"AC098650.1","AC098650.1",0.73174911848757,0.0134190233872932,0.00427812247876524,15.5807101132468,2.8568913534843
"AC022417.1","AC022417.1",0.738537927395473,0.0134309622618712,0.00428231883201347,9.37280830437671,2.85658014073426
"TMEM25","TMEM25",0.652424592412677,0.0134749845447609,0.00429909463923705,291.021865779736,2.85533875832458
"GFRA1","GFRA1",1.63223039355424,0.0135150777579943,0.00431424144766927,470.294673871749,2.85422168673763
"AC012615.1","AC012615.1",0.720999052074923,0.0135431549564835,0.00432582734510307,57.105230221036,2.85336962875039
"PCSK1N","PCSK1N",1.12229446173155,0.0135581259421117,0.00433231507752906,60.5611221897317,2.85289340677109
"PCDHA11","PCDHA11",2.13093553068297,0.0135752711624749,0.00433818790895634,3.5841617092912,2.85246287786695
"MT-ND2","MT-ND2",0.709242329082858,0.0135869784305387,0.00434497253181588,246073.364673948,2.85196616415714
"AC008406.3","AC008406.3",2.29166171639071,0.0135996584551192,0.00434993141941946,1.03320797698566,2.85160356020208
"PLP1","PLP1",1.49482043453993,0.0136251312056867,0.00435847478704043,442.061741459851,2.85097972980957
"LINC02175","LINC02175",0.750265973003764,0.0136403439634668,0.00436373731885743,12.9736251862678,2.85059601511222
"NKAIN3","NKAIN3",1.95192013504862,0.0136661976905431,0.00437517302631592,1.90676021924296,2.84976363071348
"AL732314.6","AL732314.6",0.923863773850013,0.0136669314962097,0.00437581578606713,4.04456574538774,2.84971690395975
"PDE4D","PDE4D",0.765167086965574,0.0136742283136144,0.00437854923112829,982.100615026421,2.84951825996262
"AC012645.1","AC012645.1",0.57716133696053,0.0136742484497863,0.00437895286275397,48.7314833355366,2.84948893690675
"SHROOM2","SHROOM2",0.739376226583669,0.0137218669034259,0.00439619472361995,184.722797662463,2.84823863101072
"MTATP8P1","MTATP8P1",1.87891035504736,0.0137218904017774,0.00439660081973995,0.690803499264953,2.84820923627086
"UPK1A-AS1","UPK1A-AS1",1.08262245128005,0.0137450734374402,0.00440522656874389,3.50722499384094,2.84758545319031
"AC027348.1","AC027348.1",1.31488325155572,0.0137476066882795,0.0044064377775405,5.0515944857965,2.84749795158932
"LCE1F","LCE1F",5.65697261736655,0.0138011428064882,0.00442479999703779,99.5285917252238,2.84617406942244
"LRP3","LRP3",0.59642433320093,0.0138339243911372,0.00443772106935399,2624.7788144531,2.84524546519412
"BTF3","BTF3",0.555125431962968,0.0138632935535983,0.00444955831785932,15905.6417454696,2.84439690066385
"DSG2","DSG2",1.31091296296714,0.013893063989547,0.00445992050692673,445.803749665121,2.84365575470519
"AC007342.7","AC007342.7",0.57557547437154,0.0139110907976769,0.00446691962264198,46.9258798296297,2.84315603186227
"AC118553.1","AC118553.1",0.769150944128059,0.0139292485599642,0.00447396394144545,11.0750018917083,2.84265379748203
"AC069224.1","AC069224.1",0.827398903072723,0.0139371877219623,0.00447691875848674,24.9068664627198,2.84244334302771
"NKX1-2","NKX1-2",5.28944171329778,0.0139549496523422,0.00448343493971641,1.23046370644427,2.8419796777408
"AP005329.1","AP005329.1",0.870479006709148,0.0139615147546499,0.00448617617529394,7.70467655284957,2.84178480486293
"AL590094.1","AL590094.1",0.728890242838654,0.0140177875990978,0.0045081022509937,70.698640184527,2.84022996362941
"AC132825.2","AC132825.2",0.918786617013589,0.0140464566668474,0.00451813817615512,6.41632821479712,2.83952057171539
"FP325330.3","FP325330.3",0.959424135688968,0.0142773670535891,0.00460360902933348,4.35315805446193,2.83353622216831
"SLC25A27","SLC25A27",0.924262783659925,0.014290527588151,0.00460826761019089,48.2529126716307,2.83321294568156
"RIIAD1","RIIAD1",1.38174152636328,0.0143074557735722,0.00461497317199719,2.65158908922686,2.83274814067784
"CACNB4","CACNB4",0.731131420128573,0.0143380963410428,0.00462735530513902,186.480129365933,2.83189146155987
"TMEM141","TMEM141",0.58017317788272,0.0143401427182606,0.00462843226110469,1031.21120826429,2.83181704867405
"TPTEP1","TPTEP1",0.653942400536237,0.0143535013117015,0.00463316080158415,284.897137478471,2.83149051291118
"SLC30A10","SLC30A10",1.18282894292978,0.0143605616316724,0.00463627403671543,4.82882983505461,2.83127568895335
"AL121988.1","AL121988.1",5.23856406780622,0.0144266631368028,0.00466096706374629,3.08343463606684,2.82957639657021
"AC010531.1","AC010531.1",1.2246266546096,0.0144997431188811,0.00468651113356436,9.34895317542098,2.82782709404485
"RPSAP58","RPSAP58",0.698694741809542,0.0145068007097197,0.00468980747935344,37.7616083436119,2.82760198372041
"CTC-338M12.4","CTC-338M12.4",0.557023858562602,0.0145358123777581,0.004700030887336,62.5003621119698,2.82690472818065
"ELAVL2","ELAVL2",0.88200299303427,0.01458867809738,0.00471924328948882,10.6960127532584,2.82559811276922
"AC006026.3","AC006026.3",1.270477121676,0.014594542194237,0.00472252618460982,3.38444595628943,2.82537532833659
"AC093535.2","AC093535.2",0.629175541904831,0.0146290557639423,0.00473527934917431,67.6510923551651,2.82451119870124
"RP1L1","RP1L1",0.844950620254632,0.0147555854850611,0.00478180746069554,17.8541205727389,2.82137630392198
"FGF6","FGF6",7.81871185619285,0.0147803744299533,0.0047902700676606,5.04198470020082,2.82080909338932
"TSGA10IP","TSGA10IP",1.27326017185037,0.0148421322143142,0.00481287219822831,3.64894432774249,2.8192986073989
"NR1D2","NR1D2",0.784309250985608,0.0148809860819039,0.00482866526350025,2639.08061353339,2.81824697175304
"DHFR","DHFR",0.511310631250843,0.0149257103613395,0.00484517657134687,1085.25151418572,2.81715083193982
"AC011479.1","AC011479.1",1.90116117107187,0.0150303031411226,0.00488524143572562,2.53469732856925,2.81450502193113
"KLHL23","KLHL23",0.68643358652084,0.015093669317683,0.00490890598786153,152.910505780681,2.81295146525746
"CDK5R1","CDK5R1",0.96528087665525,0.0151107206662609,0.00491570212292883,93.8834537056241,2.81250655721302
"MTUS1","MTUS1",0.711786288271352,0.0151354028184526,0.00492555632560541,2980.34521146824,2.81186244040231
"AC090360.1","AC090360.1",0.830454089587291,0.0151654946150859,0.00493711117828172,9.5070198810753,2.81110864411147
"NUTM1","NUTM1",1.50496324341329,0.0153512206757655,0.00500544160983101,1.69533619547236,2.80668336189548
"POLR2J","POLR2J",0.640076499338712,0.0153512206757655,0.00500560018897827,1778.61501314037,2.8066731555328
"AL023806.1","AL023806.1",0.950763342045335,0.015385689324805,0.0050177332328021,13.6002823311798,2.80589312245091
"AL133352.1","AL133352.1",0.558882566072303,0.0154160886033287,0.00503004911531116,67.8981128051453,2.80510307685681
"MAL","MAL",1.11828513634618,0.0154401213685609,0.00503996990646819,195.936268907937,2.80446794362655
"RPL7P9","RPL7P9",0.706587387454794,0.0154772989147659,0.00505435319213179,30.4823972869204,2.80354912397884
"CA4","CA4",1.49881296290697,0.0154843169648256,0.005057544564583,55.3361597492035,2.80334557616741
"AS3MT","AS3MT",0.770024972025215,0.0155116468802327,0.00506899008807089,188.872270386951,2.80261652692308
"AL445647.1","AL445647.1",1.27048033121783,0.0155402459159586,0.00507987473969438,3.0509178246318,2.80192458291691
"ATP5ME","ATP5ME",0.680062735514819,0.0156072925042492,0.00510496458958841,2201.42390710094,2.8003346968463
"HOXC13-AS","HOXC13-AS",5.21538266999524,0.0157398248808697,0.00515334338495305,9.85631865504431,2.7972888811288
"STOX1","STOX1",1.29724478382364,0.0157462850655049,0.00515637323772807,31.362119954324,2.79709898972918
"PYROXD2","PYROXD2",0.840337693818847,0.0158665251372002,0.0052003563857374,167.891048842133,2.7943537088215
"RPARP-AS1","RPARP-AS1",0.545949800701571,0.0158808616201558,0.0052059778158789,146.723620853837,2.79400435135782
"BX640514.1","BX640514.1",6.84071115666042,0.0159534230959829,0.00523347160584499,1.42621980820586,2.79230057741763
"BAALC-AS2","BAALC-AS2",1.46856883618834,0.0159594744036791,0.00523638384059368,1.93246676841707,2.79212058188257
"GP1BB","GP1BB",1.30723585925108,0.0159616039777636,0.00523800981006078,343.888782831315,2.79202012546146
"RMI2","RMI2",0.873759546838085,0.0161310625450479,0.00529971094594622,151.751657362902,2.78822873993898
"PRKG2","PRKG2",1.437363613325,0.0161441060124044,0.00530446517986287,33.8137935285482,2.78793826081734
"LINC00472","LINC00472",0.739510878941421,0.016176353442607,0.00531553057093684,26.5791022912644,2.78726308556057
"RHOQP1","RHOQP1",0.740533845245414,0.0161884992716911,0.00531999188915745,7.3233975088716,2.78699122901674
"C3orf79","C3orf79",1.07680872085725,0.0162021984347782,0.00532543503799089,3.31261052779446,2.78665982199278
"AL137127.1","AL137127.1",0.748564135819555,0.0162045208386292,0.00532666905805643,12.2084448084121,2.7865847310167
"AP006621.3","AP006621.3",0.672661668203244,0.0162496339038299,0.00534480232156877,48.4105358409992,2.78548311714621
"AC007405.3","AC007405.3",1.52542092703799,0.0162732877901528,0.00535541857390588,6.89925078690329,2.78483973466464
"AC092111.1","AC092111.1",0.543728233633632,0.016291294430792,0.00536195852605487,80.1657341382785,2.78444396346281
"SNHG10","SNHG10",0.659080805631947,0.016347734253599,0.00538229254573443,56.2839538712582,2.78321621011165
"RPL14","RPL14",0.635994955022241,0.0163719983782015,0.00539123229968836,23005.7029712633,2.78267775921997
"LINC02437","LINC02437",5.27746992311597,0.0164005610441562,0.00540206698735712,4.6131155577714,2.7820262540147
"ETNPPL","ETNPPL",2.72047672437096,0.016453786757861,0.00542485574208436,3.88766201799776,2.78065977518679
"AL137802.2","AL137802.2",0.883707020268852,0.0164768051569579,0.0054338807294092,16.5767048187786,2.7801200433625
"AC008105.2","AC008105.2",1.36434147098331,0.0165433546058955,0.00545798049980519,6.86019264784755,2.77868273259382
"LINC02463","LINC02463",2.31415602989489,0.0165682370370432,0.0054674027238831,0.648064033545885,2.77812234831222
"AL513165.1","AL513165.1",0.511057677024571,0.0165839476491951,0.00547403221463498,31.5925131399476,2.77772858332679
"LPAR2","LPAR2",0.866804017083675,0.0166440242007622,0.00549531262606205,141.902080066786,2.77646751478049
"DLL1","DLL1",0.659711096612145,0.0166794196273119,0.00550942140123709,273.729196025593,2.77563386213155
"DGCR6L","DGCR6L",0.551064521182862,0.0166974813056125,0.00551587239713986,1985.16809413513,2.77525333045915
"RPS8","RPS8",0.653855283773724,0.0167566286560391,0.00553930494755378,45203.7678787784,2.77387446083906
"HDHD5-AS1","HDHD5-AS1",0.921092200657069,0.0167653690145505,0.00554462912744486,6.44766158515847,2.77356189776582
"EDDM13","EDDM13",0.771596663397913,0.0167785302204988,0.00555044384458176,15.7792474202005,2.77322084632711
"EFNA1","EFNA1",0.67786138465191,0.016818144826024,0.00556599111617628,734.925770273445,2.77231053098718
"C11orf80","C11orf80",0.637642847175032,0.0169100151084008,0.00559934275112608,268.968637692688,2.77036545905975
"AC114810.1","AC114810.1",0.979763037868956,0.0169896632813578,0.00562818373776825,3.49246048159971,2.76869185852592
"DGAT2","DGAT2",1.91748578371916,0.01699305812125,0.00562980193246711,3112.68180725241,2.76859818645038
"MT-ND5","MT-ND5",0.571393400656331,0.0170690843199685,0.00565697258309635,199660.696817489,2.76702898198889
"CEBPB-AS1","CEBPB-AS1",0.514944631279192,0.01721007909516,0.00570869940939722,110.919259493809,2.76406026847022
"AP000697.1","AP000697.1",1.82811829689022,0.0172508785047656,0.00572523927603845,1.96428699678298,2.76311612834009
"AL513283.1","AL513283.1",0.838727656135137,0.0173683586042174,0.00576826456025974,27.7310469069555,2.76067160235473
"AC142086.5","AC142086.5",1.70449112507681,0.017379842212442,0.00577300904142096,1.54683938517275,2.76040304712902
"NMT2","NMT2",0.569975807761603,0.0175063560407077,0.00581918027564362,789.280697433643,2.75779992464555
"AP000787.2","AP000787.2",1.81847874225921,0.0175411763948533,0.00583218975849091,0.927459183530538,2.75706981605342
"AC097103.2","AC097103.2",0.53385154163699,0.0175743345019392,0.00584534984261955,29.6112556428284,2.75633274779774
"SYTL5","SYTL5",2.73276619570159,0.0175855631947745,0.00584959537895195,1.29087991081797,2.75609528348656
"AC006013.1","AC006013.1",1.57583132654913,0.0177850317045169,0.00592679414273042,1.20768710892792,2.75180422220893
"TGFBR3L","TGFBR3L",1.15109701407638,0.0178411883830852,0.00594913566393106,10.9955953020619,2.7505717769062
"RPS5","RPS5",0.662571435732342,0.0179381270604115,0.00598562808382732,27000.0749858535,2.74856765432172
"RP1","RP1",1.04884351801453,0.0179683737848139,0.0059978085144383,4.61756982132491,2.74790116905245
"SPRR5","SPRR5",5.85462031366327,0.0180520188669122,0.00602887512872535,31.0685782679971,2.74620678072316
"AL450992.2","AL450992.2",0.744314604399219,0.0180629275314753,0.0060330429790994,22.9381446195276,2.74598006287509
"CU634019.4","CU634019.4",2.42825121716859,0.0180997542684494,0.00604849752696964,2.12343043206987,2.7451406142584
"SLC9C1","SLC9C1",1.21553386596449,0.0181213149600607,0.00605780800149118,3.88818706654184,2.74463582702819
"MESP1","MESP1",1.4722195847603,0.0181694456579129,0.0060749532057696,106.317226492749,2.74370808891578
"AC134312.3","AC134312.3",1.40637035218252,0.0182197868434108,0.00609494072417292,5.67547421210599,2.74262952407451
"CYP17A1","CYP17A1",1.16089564018387,0.0183077677496004,0.00612811419618901,3.86514931332767,2.74084643142457
"AL359182.2","AL359182.2",1.78584495725557,0.0183442293293428,0.0061429830352618,1.25198615121171,2.74005004292101
"AL354674.1","AL354674.1",1.08140644024134,0.0183540779769993,0.00614681419410949,3.48000437114564,2.73984512386555
"FAXC","FAXC",0.932117766673053,0.0183647916339209,0.00615146906943115,16.9831521730937,2.7395963010016
"KRT3","KRT3",4.51409383283424,0.0183846877555691,0.00615866747661725,0.651257021669724,2.73921184919781
"FRMD6-AS2","FRMD6-AS2",2.81552766643668,0.0184850243933864,0.00619550065281995,0.698767863009271,2.73725097648836
"GS1-124K5.4","GS1-124K5.4",0.797050237056949,0.0186034323643386,0.00623950951292606,21.6570302049002,2.73492181118503
"ADAM1B","ADAM1B",0.816258133024768,0.0186631450255263,0.00626154553789117,6.94739106346079,2.73376110809734
"ABCC5","ABCC5",0.539110872500904,0.0186752060696925,0.00626737919510942,693.817972834553,2.73345444762486
"AC007608.3","AC007608.3",1.72573514652355,0.0187851486591367,0.00630645835373249,4.80661187736216,2.73140675678389
"MEIS2","MEIS2",0.756998922090865,0.0188380149763001,0.00632639506088016,168.410628607257,2.73036649824065
"AC104958.2","AC104958.2",0.756818498955406,0.0188413258340573,0.00632805421805519,15.6580949515557,2.73028005969539
"SYT13","SYT13",1.99862318587402,0.0188757198245133,0.0063417050715363,14.2710208303084,2.72956965264023
"AC005498.2","AC005498.2",1.00471507115132,0.0188757198245133,0.00634179886168658,4.57586283581435,2.72956477644863
"LINC00968","LINC00968",1.04059376724198,0.0189574967697094,0.00637092592150393,118.332363095053,2.72805357823343
"RPL8","RPL8",0.598981123806106,0.0189601540527143,0.00637236965678975,67144.7428876593,2.72797883480711
"C1orf158","C1orf158",0.871867021004529,0.0190155426678711,0.00639843324566392,8.58227718877713,2.72663211422217
"AC116351.2","AC116351.2",1.26046411903694,0.0190333064284236,0.00640635398200803,6.02822999387358,2.72622382319725
"AL662907.1","AL662907.1",0.667923996403766,0.0190396278832478,0.00640903472577433,13.2540386544685,2.72608574149201
"SLC35F3","SLC35F3",1.34425816535964,0.0190475886039605,0.00641282094540799,13.6333179141549,2.72589080663409
"CMTM4","CMTM4",0.584809438360748,0.0190654485859553,0.00641938770792361,878.637474843514,2.72555295996262
"AL158152.2","AL158152.2",0.961814193673125,0.0190833384824392,0.00642651987816313,7.20634112387483,2.72518637628888
"PLA2G3","PLA2G3",6.01995593096117,0.0190934321265724,0.00643047361181616,21.6356653491733,2.72498331752505
"ZAN","ZAN",2.99570138532106,0.0191317773318696,0.00644672211069533,0.622945302092849,2.72414999277366
"E2F2","E2F2",0.934679834932928,0.0192027593713733,0.00647119827543491,144.034424482263,2.72289826193175
"TRIM50","TRIM50",0.990546644915678,0.0192877821377566,0.00650545271824184,24.2688966606782,2.72115359422669
"BTBD11","BTBD11",0.811052109930439,0.0193585387955482,0.00653269152221096,425.070349877973,2.71977213929439
"EDN2","EDN2",3.944530073144,0.019365646371451,0.0065373400176892,1.34682223937604,2.71953690187304
"LINC00330","LINC00330",1.39031260558262,0.0194257378854813,0.00656157505141927,1.83880026678846,2.71831291768197
"AP003501.3","AP003501.3",1.06610348773178,0.0195061209489009,0.00659042636451768,2.75108966130189,2.71686107935271
"TTC39A-AS1","TTC39A-AS1",2.31086725931023,0.0195402713365225,0.00660366727664807,0.649770919387757,2.71619669072093
"PCP4L1","PCP4L1",1.23519369412845,0.0195549585722,0.00660919884820842,33.9972294438074,2.71591948800419
"LCE1D","LCE1D",6.41423266534238,0.0196634941153895,0.00665216439996344,45.3861968881357,2.7137734374915
"AL161719.1","AL161719.1",1.8332267497502,0.0197963068232991,0.00670514505247155,1.76687838549973,2.71114424299956
"AC018797.2","AC018797.2",0.576376775445742,0.0198101537508698,0.00671154067600567,45.1581307687522,2.71082812097291
"CLDN8","CLDN8",6.55327749556053,0.0198632846504978,0.00673186956262368,16.2661842379315,2.70982510258714
"PRSS50","PRSS50",1.58832500529915,0.020030392931517,0.00679955856252581,4.68850738261783,2.70650486733067
"RPL37A","RPL37A",0.698538582640059,0.0200423914340455,0.00680479590660388,31434.7414195225,2.70624920841755
"AC130343.2","AC130343.2",1.28799498605977,0.0200525854605725,0.00680883943400988,1.57750485323203,2.70605194613097
"EEF1GP1","EEF1GP1",1.48816126036381,0.0200623976467645,0.00681333662385183,1.39757653410813,2.70583267566832
"AL078590.2","AL078590.2",1.60566561760314,0.0201333880768522,0.00684270866408874,1.97522092513372,2.70440376691803
"PMS2P7","PMS2P7",0.532679088114411,0.0201351188468104,0.00684388174582828,20.6477916048254,2.70434681265987
"SLC47A1","SLC47A1",1.02161522316599,0.0201463623259587,0.00684958278996931,329.812584290024,2.70407014626674
"NR1I3","NR1I3",0.645619107520488,0.0201463623259587,0.00684909475596576,25.0998540758494,2.70409382200555
"CATSPER3","CATSPER3",0.674358968953175,0.0201764185011203,0.00686260367242527,9.90816117752076,2.70343903000485
"AL118558.3","AL118558.3",0.547168873896917,0.0201993755247684,0.00687100286890212,59.4004980885582,2.70303249536214
"AR","AR",1.246087662762,0.0202595782003364,0.00689501213469679,749.358014151576,2.70187286558539
"TNFAIP8L3","TNFAIP8L3",0.613069288836129,0.0202854418579305,0.00690617125644252,780.236365208195,2.70133512266408
"MDC1-AS1","MDC1-AS1",4.14934028294638,0.0203114506200761,0.00691620586787359,0.759337745624057,2.70085223450031
"AP002336.2","AP002336.2",0.873520067102858,0.0203122548595826,0.00691706970993802,6.10162531310044,2.70081069389756
"CLEC2L","CLEC2L",1.64298570978259,0.0203276034890639,0.00692406779703302,9.14010796878369,2.70047434023786
"MT-ATP6","MT-ATP6",0.762623823728829,0.020343067542929,0.00692992611082467,195965.349143954,2.70019300299163
"EDA","EDA",0.750118811819495,0.0204947395052974,0.00698695124821878,204.111823508546,2.6974655558921
"RNF217-AS1","RNF217-AS1",0.577230021001649,0.0207464736675023,0.00708241271680477,17.8450851971764,2.69294417224605
"ZNF418","ZNF418",0.670251607342499,0.020840892454911,0.00711888274862768,47.9517444499117,2.69123126113962
"AL121790.1","AL121790.1",2.15826531002175,0.0208847509468937,0.00713871700775664,0.579151698515236,2.69030299757841
"AC027277.2","AC027277.2",1.3524006192691,0.0209067167033633,0.00714804700578858,2.03985315489576,2.68986714461262
"HOGA1","HOGA1",0.832931135322053,0.0209555908509101,0.00716719188653033,72.7149739046881,2.68897438395441
"AL139246.5","AL139246.5",0.635835930269309,0.0210165191922088,0.00719047227736225,48.3356392761194,2.68789165654945
"GABBR2","GABBR2",0.919542094061286,0.0210286565545115,0.0071963064918348,6.77638898732993,2.68762081126457
"LINC02367","LINC02367",1.01456411163491,0.0212351620127102,0.00727082868031333,6.23684916340124,2.68417844766529
"CHRNA2","CHRNA2",1.09791006928735,0.0213144794864832,0.00730046305636719,5.58967925705505,2.68281835549192
"AL031708.1","AL031708.1",0.537877875992716,0.0213243885143545,0.00730509579813806,38.437972099745,2.68260618020354
"AL031432.3","AL031432.3",0.762404878527814,0.0213388513449194,0.00731128995191907,9.55145926204849,2.6823226822363
"MRGPRX2","MRGPRX2",2.48611494669965,0.0214360961076109,0.00734958982381315,4.34094871857536,2.68057451991005
"AC034236.2","AC034236.2",0.604166313557621,0.021465770996907,0.00736038766755218,35.225817778091,2.68008313926685
"SAA4","SAA4",3.45292311818051,0.0215156942064442,0.00737875570743251,0.911483112582664,2.67924874323913
"TCP11","TCP11",1.00404684599136,0.0215308925221165,0.00738521871133015,7.08443109663128,2.67895559460748
"RPS6","RPS6",0.616716383540891,0.0215798219472458,0.00740513583376212,57947.1409229848,2.67805363979568
"FBXL22","FBXL22",0.922768320434199,0.0215866468179577,0.00740873181134509,39.4454844320925,2.67789102647169
"AC092306.1","AC092306.1",4.6582189431129,0.0216231974054214,0.00742268818877853,0.869662407343622,2.67726057643758
"LCE5A","LCE5A",5.20315349213077,0.0216315414292087,0.00742665329653907,53.4844010452011,2.67708165497224
"AL157813.1","AL157813.1",0.845462142457067,0.0216608418618149,0.00743860036401296,4.75917485350879,2.67654307319676
"ANKEF1","ANKEF1",0.526425798859982,0.0217136357556246,0.00745862252951136,168.489226142655,2.67564219777993
"RPL22","RPL22",0.535116045352218,0.0217293070292323,0.00746463675597568,18795.8966357463,2.67537201783062
"AC006441.4","AC006441.4",0.884688868724886,0.0217638760757716,0.00747840867829611,14.832966447529,2.67475406983527
"LINC01023","LINC01023",0.574099531095327,0.0217797769140266,0.00748577030973849,70.7060419989097,2.67442417089113
"FAM25A","FAM25A",5.33444082817792,0.0217858120637772,0.0074884774010323,62.390880076912,2.67430293037801
"HOXC6","HOXC6",0.844227992196322,0.0218328790812651,0.00750592415492778,206.356953855144,2.67352249697916
"SERPINB3","SERPINB3",5.78548915169118,0.0218543006232567,0.00751455823103616,20.1101814450455,2.67313687643739
"AF186192.1","AF186192.1",1.05206708039144,0.0218543006232567,0.00751405857981737,4.0449148576751,2.67315918134125
"AC021491.1","AC021491.1",2.29555695164408,0.0219796254961196,0.00756403517131476,0.605700813344918,2.67093473731185
"CYP26B1","CYP26B1",0.85695447108876,0.0220449770029776,0.00758716546149303,989.026222372022,2.66990967212995
"RGN","RGN",0.851191365946967,0.0221472825542949,0.00762559217493352,141.858057910181,2.66821289222161
"LGI1","LGI1",1.01064469044934,0.0221527292414706,0.00762960132338943,40.2521634819282,2.66803630504988
"GJA3","GJA3",1.21957682264809,0.0222416261085206,0.00766643692263307,16.9245246989211,2.66641772358363
"RPL23AP53","RPL23AP53",0.506089060330231,0.0222653827968165,0.0076778966121705,23.9398379090876,2.66591559850933
"NAMA","NAMA",1.37547333232543,0.0223138119621305,0.00769654110172824,2.04673325459243,2.66510009326075
"RPL7A","RPL7A",0.556078993940267,0.0223555675856616,0.00771188992544859,43431.2130060262,2.66443006724206
"SHISA9","SHISA9",0.585461973298606,0.0224449720769593,0.00775025642067191,50.7602500352209,2.66276045771092
"RN7SKP299","RN7SKP299",2.05690567392455,0.0224518232322115,0.00775387295030472,0.868983417302302,2.66260345801762
"AC079906.1","AC079906.1",2.18887995089305,0.022468156837167,0.00776087257777361,0.641534600567991,2.66229977860899
"NKAIN2","NKAIN2",1.30630850421292,0.022468156837167,0.00776030179749158,19.1831079464694,2.66232453276566
"AC024361.2","AC024361.2",1.50562179424675,0.0224722617733838,0.00776359595482245,2.40810420421435,2.66218169098957
"PHLDA3","PHLDA3",0.613921060364025,0.0225069460916995,0.00777688598544376,2782.90033919874,2.66160595752918
"ATOH7","ATOH7",1.72231461102314,0.0225117927020103,0.00777921452816941,1.19906673014949,2.66150517419591
"SH2D5","SH2D5",1.92143479845626,0.0225413572299227,0.00779224421485862,1.02764222737149,2.66094172524169
"SRRM3","SRRM3",0.58303232307088,0.0225445646063908,0.00779446823834871,132.606149273419,2.66084563508554
"AC008549.2","AC008549.2",0.985528294015358,0.0226547077711143,0.00783715491907665,8.12608761687068,2.65900607778937
"AC109635.5","AC109635.5",4.35376873262534,0.0227182950656287,0.00786377141562382,0.825672680604429,2.65786359380425
"ACKR4","ACKR4",1.31023054072482,0.0227276682992245,0.00786833619316999,211.349427260316,2.65766800380139
"C6orf52","C6orf52",0.779296451368148,0.0227389654079692,0.00787290773971746,7.99206740693895,2.65747222560626
"FLJ42969","FLJ42969",2.49948857275559,0.0227605399256563,0.00788103858643399,0.917379787267339,2.65712427053114
"SLC5A8","SLC5A8",1.81692155381719,0.0228410185846855,0.00791421257978138,1.15609555072891,2.65570793198211
"AC108866.1","AC108866.1",0.721498908915659,0.022952064342086,0.00795535563477728,7.7928907267241,2.6539587286448
"OCIAD2","OCIAD2",0.584859320371658,0.0229715290968857,0.00796410396480852,504.171383260314,2.65358783681186
"Z99943.1","Z99943.1",1.20202291042092,0.0229762732329171,0.00796708347433963,1.5674130575747,2.65346160162033
"FETUB","FETUB",5.59381133978629,0.0230125905272404,0.00798101344531341,2.11301062317315,2.65287198001799
"DENND4B","DENND4B",0.574043106725968,0.0230475037933001,0.00799446062215609,1610.19110277549,2.65230366746508
"AC093635.1","AC093635.1",0.969891884916422,0.023091006551133,0.00801284773875083,3.82612573310161,2.65152796410226
"AC026740.1","AC026740.1",1.04327726986684,0.0231094682379489,0.00801998159948336,4.22246341734331,2.65122743465378
"AC015802.1","AC015802.1",1.83725203234369,0.0232932538971924,0.00808782261784122,3.43061040438456,2.64838138272392
"AC087392.2","AC087392.2",1.58210193510486,0.0233191487220408,0.00809884574385505,4.69957474047145,2.64792096275578
"SLC13A2","SLC13A2",6.1671986886817,0.0233319432168435,0.00810560332598788,8.61001994787007,2.64763898565012
"LRRC61","LRRC61",0.721050001904065,0.0235662231407847,0.00819971497047347,183.88618199577,2.64373365637799
"AC124068.2","AC124068.2",0.81818137039751,0.0235828120056288,0.00820685693736025,6.39691588862636,2.64343892811601
"UQCR11","UQCR11",0.679472050063424,0.0236550964268226,0.00823476038908647,4894.62054771375,2.64228962940343
"CCSER1","CCSER1",0.719444077581358,0.0237066374351838,0.00825614566189885,31.1531502955806,2.64141116058409
"AL132656.4","AL132656.4",0.535104337594169,0.0237098570867543,0.00825795562702658,51.514596713757,2.64133690393534
"GSTA3","GSTA3",5.50263128177867,0.0237928450831247,0.0082965349489634,4.9117374994265,2.63975758017832
"NEURL2","NEURL2",0.751221820667436,0.0237978483793511,0.00829897082730594,128.417801041442,2.63965808318005
"LY6G6F-LY6G6D","LY6G6F-LY6G6D",2.85366742065615,0.0238018805726744,0.0083010683175352,1.53848113887723,2.63957242907069
"AL138963.3","AL138963.3",0.725908236347208,0.0238225678021144,0.00830966703658627,48.9949609171573,2.63922148996456
"DNAJC6","DNAJC6",0.707670757117992,0.0239629153270516,0.0083651846255259,39.4785130307685,2.63696344218479
"ZKSCAN7-AS1","ZKSCAN7-AS1",0.755588452714462,0.0239964460089287,0.00838216741325017,5.57313902935448,2.63627538459185
"GRIN2A","GRIN2A",0.904927214278031,0.0240014374363949,0.00838460811105848,92.0379809603018,2.63617660222854
"AL137918.1","AL137918.1",1.13432492871495,0.0240299731632684,0.00839537400407306,2.77331939679049,2.63574118094624
"INPP4B","INPP4B",0.577375688706357,0.0241277737292358,0.00843434869383505,666.450085584015,2.63416903406445
"AC107032.2","AC107032.2",0.942056256870879,0.0241299866804588,0.00843620368677579,3.52643591041583,2.63409437013124
"RCAN3","RCAN3",0.511684715547461,0.0241302713340835,0.0084380253453884,736.587513653657,2.6340210622012
"AC092821.1","AC092821.1",0.756524436130116,0.024167653846996,0.00845460738158534,22.3119225140912,2.63335441115328
"AC055720.2","AC055720.2",0.60951546868222,0.0244358773603073,0.0085633455429333,12.5969517918774,2.62901153800556
"LINC01165","LINC01165",1.45379351921667,0.0244929897678556,0.00858620580656004,1.27979711165631,2.62810480288495
"URAHP","URAHP",1.02526235532017,0.0245142187889956,0.00859507188921709,12.8534638765239,2.62775371714067
"LRIG1","LRIG1",0.706511151461721,0.0245512293512108,0.00860947461244243,1968.16921511738,2.62718407691596
"AC066615.1","AC066615.1",0.522324833456627,0.0245697751781237,0.00862026008994295,112.440812427694,2.62675805944464
"FOCAD-AS1","FOCAD-AS1",1.23684498046475,0.0245716374431598,0.00862162717303853,1.72879653806112,2.62670409481796
"LURAP1L","LURAP1L",0.66857331147883,0.0246035826570367,0.00863622012099628,317.455788541328,2.6261285247439
"TM4SF1-AS1","TM4SF1-AS1",1.46181438556547,0.0246894154179928,0.00867227549232564,3.36379124415256,2.62471015975731
"ACADL","ACADL",1.79555557888905,0.0247619628130283,0.00870135430788941,75.3622876830285,2.62357007642741
"RACK1","RACK1",0.550742614040614,0.0247915788699525,0.00871752218542015,40361.7677485689,2.62293765999547
"ACSL1","ACSL1",1.02684603983154,0.02480817878103,0.00872480041479932,8909.62968521509,2.62265330966785
"EIF3LP2","EIF3LP2",0.807879083317944,0.0249391185791273,0.00877881892821086,5.17725177481701,2.62054948121517
"AC004076.1","AC004076.1",1.29336767340046,0.0249543762150691,0.00878563942438865,3.25542444905231,2.62028467021003
"AC004784.1","AC004784.1",2.00166783113831,0.0250087433855212,0.00880695959120656,1.28434178039998,2.61945808118722
"AC025754.2","AC025754.2",1.1751599217114,0.0250188334827116,0.0088112395717985,2.82106505836255,2.6192923606109
"PHYHIP","PHYHIP",0.934072622927003,0.0250835900949294,0.00883987448070693,286.813435257807,2.61818546529195
"AL138752.2","AL138752.2",0.894648035913249,0.0251168489758777,0.00885305455798408,7.25374140031361,2.61767705960291
"SALL3","SALL3",2.54761749375415,0.0251505883399909,0.00886640788551381,0.802142345495594,2.61716266007436
"TRIM15","TRIM15",1.78015874959577,0.0251543416445815,0.00886919232088925,10.3037379120491,2.61705548470987
"ADH1C","ADH1C",1.57964006625695,0.0251543416445815,0.00886918559977461,354.889120308315,2.61705574337529
"AC009108.1","AC009108.1",1.94709454282669,0.0252736080128779,0.00891418096027585,0.588041189646502,2.61532798528472
"U95743.1","U95743.1",2.01417480048576,0.0253088779271231,0.00892882628392116,0.711833819462516,2.61476730577981
"MCCD1P2","MCCD1P2",1.64298900935952,0.0253655580648139,0.00895029625221795,0.708556844334413,2.61394683543212
"GRIA4","GRIA4",1.04370681195842,0.0255046485980034,0.00900456034938804,18.9120911611025,2.61188095321017
"ZNF793-AS1","ZNF793-AS1",0.706285501904973,0.0255046485980034,0.00900384197575672,12.4165608169946,2.61190822962937
"ANKRD37","ANKRD37",0.557403827134989,0.0256324013630712,0.00905338679490375,415.795887015754,2.6100315673369
"ESRG","ESRG",0.649482350188585,0.0256553733121205,0.00906448126433815,40.4592901669707,2.60961258712889
"AL035413.2","AL035413.2",0.602993259070868,0.0257180945781272,0.0090911238240911,12.2773364366311,2.60860830356505
"AL353150.1","AL353150.1",1.68082727526287,0.0257241586410844,0.00909401460499124,2.21596714562072,2.60849949448959
"LIPK","LIPK",5.83734350507937,0.0258320764772145,0.00914041929956508,21.4154009544938,2.60675703336782
"EDARADD","EDARADD",0.665521825016202,0.0259213530197484,0.00917426764684659,84.4481356192042,2.60549102733237
"AL161449.2","AL161449.2",1.51206811788874,0.025934295628434,0.00918035496757654,1.21091617391806,2.60526378997462
"EEF1A1P6","EEF1A1P6",0.539986782070359,0.026064428198913,0.00923247652741211,89.9655827176844,2.60332359849466
"MSH4","MSH4",1.39785563097424,0.026157827108195,0.00926859918940602,2.66533298983976,2.60198468246393
"MAEL","MAEL",1.31355258541549,0.0261830750577925,0.00927830590522447,3.06841359982087,2.6016256889102
"AP000235.1","AP000235.1",1.14746320149509,0.0262790597771363,0.00931995236083519,2.41343261583363,2.60008922819872
"AC091982.3","AC091982.3",0.562782773600431,0.0263229505454979,0.00933704752125075,81.2723222596711,2.59946031006846
"ART4","ART4",1.24320980434063,0.0265419157769997,0.00942396823684338,27.2544904112394,2.5962783652617
"PIM1","PIM1",0.573718376423388,0.0266227954855354,0.00945887168522914,2473.04125140391,2.59500800175171
"LINC02067","LINC02067",1.26398188901073,0.0266545144694377,0.00947323803439176,2.2948640894935,2.5944863311671
"COMMD3-BMI1","COMMD3-BMI1",1.05913818638455,0.0268672019540006,0.00955663283166875,122.354294560491,2.59147196295521
"MRGPRX3","MRGPRX3",1.36563062202393,0.0269044599573759,0.00957144840124144,1.623295483703,2.59093889830977
"ALKAL2","ALKAL2",1.73889908966192,0.0269129995844886,0.00957561169602789,30.9655185867117,2.59078923526031
"LRIT2","LRIT2",4.47272442670064,0.026953905694846,0.00959138778516203,1.55518913806144,2.59022263886293
"FRAT2","FRAT2",0.527139310895273,0.0269990270010856,0.00961058080336655,902.030997066038,2.58953444316213
"SCRN2","SCRN2",0.594818716357794,0.0270281048540899,0.0096217164253435,1023.00392686981,2.58913571951884
"AC006019.1","AC006019.1",1.6614283605751,0.0271802062232939,0.00968849456175968,0.802125562101435,2.58675324710377
"SUSD4","SUSD4",1.06725523648673,0.0272451311153504,0.00971717686085126,96.857696140317,2.58573442761115
"EIF1AY","EIF1AY",2.26157132433302,0.027251272130443,0.00972095018688189,195.140300317465,2.58560059545654
"AC007365.1","AC007365.1",0.801005826138847,0.0272833099835845,0.00973871838004736,6.08866380589937,2.58497101568653
"SMIM4","SMIM4",0.604481334885014,0.0272962822632959,0.00974493450964823,403.896926799115,2.58475100150177
"CTNND2","CTNND2",1.52080886981582,0.0274365394939504,0.00979978872304833,7.29654464973346,2.58281489045967
"KCNJ18","KCNJ18",5.54096516486814,0.0277272166738092,0.00991408264362122,13.2728237844651,2.57881164962287
"ZC3H11B","ZC3H11B",1.6114277513172,0.0277434719338881,0.00992311820012485,1.94619974385612,2.57849692821861
"BX088651.1","BX088651.1",1.02140346207632,0.027806059744401,0.00994958867470469,8.42927058958872,2.57757639083948
"RILP","RILP",0.511205058489902,0.0278796354740552,0.00998072810554577,1010.52171021825,2.57649627443405
"OSBP2","OSBP2",0.887268889344329,0.0280671716944678,0.0100592782484617,220.870595337446,2.57378492599995
"AC004264.1","AC004264.1",1.36145540815643,0.0281049397759136,0.0100752633529199,1.88305078295645,2.5732354714984
"AGBL4","AGBL4",1.14696762634689,0.028118367235656,0.0100808936560271,6.23603762305253,2.57304212647828
"AC126755.1","AC126755.1",1.03061267266043,0.0281194331052755,0.0100820925482608,302.779119627088,2.57300096885004
"SETD9","SETD9",0.524485968599022,0.0282227583292188,0.0101256974231007,207.31451374455,2.57150697979924
"KRT16P4","KRT16P4",5.73607945581119,0.0283045103049122,0.0101607831665624,0.821005759530408,2.57030902640349
"AC024257.4","AC024257.4",0.8531762088815,0.0283071807976109,0.0101642084646237,3.77113310333303,2.57019227183315
"OR2S1P","OR2S1P",0.746010416252273,0.0283858335462674,0.0101986628009249,11.5197620993735,2.56901980701679
"TMEM225B","TMEM225B",0.738534679234512,0.028421505644227,0.0102143397622871,36.4620459365743,2.56848749428897
"AP001528.1","AP001528.1",0.901470734960817,0.0284524256298142,0.0102271048904656,17.6128167570464,2.56805459008133
"AC084880.3","AC084880.3",1.46678990781872,0.0286274140235463,0.0102983219363977,1.75772138870462,2.56564819464243
"Z97653.2","Z97653.2",1.17140750686819,0.0286847735555701,0.0103247854624325,2.8850673432253,2.56475777598378
"LINC01343","LINC01343",3.94966348140708,0.0287330937197388,0.0103463507274196,0.58213515716465,2.56403366993299
"AC012603.1","AC012603.1",0.729914541641602,0.0288302526689451,0.0103913850751987,6.15238029765237,2.56252585340429
"LZTS3","LZTS3",0.658412123860224,0.0288745209891685,0.0104098569338201,318.792100224784,2.56190906942834
"AC022021.1","AC022021.1",2.73123067344837,0.0289492779495528,0.0104418535371659,0.578380725911376,2.56084298860401
"UQCC2","UQCC2",0.570291465491997,0.0289492779495528,0.0104410157104642,874.429968167412,2.56087086670457
"MTRNR2L6","MTRNR2L6",1.63271706176919,0.0289632146043636,0.010447721685012,0.966430799853769,2.56064778583328
"LCE3E","LCE3E",5.80239667380616,0.0289667944571216,0.0104500013376578,20.6819503286084,2.56057197994886
"AP001486.2","AP001486.2",0.568711107241665,0.0289667944571216,0.0104506957694872,125.753172349917,2.56054889074957
"AC034198.2","AC034198.2",0.933292215392978,0.0290556670414517,0.0104861352094237,4.34113159281876,2.55937237149823
"AP001099.1","AP001099.1",0.877604498791455,0.0290709606307278,0.0104950322318844,4.74192407211301,2.55907756352225
"RAX","RAX",3.28532648745032,0.0291203173211626,0.0105136965348568,0.658243799723142,2.55845983278804
"UNC93A","UNC93A",5.46569626671544,0.0291737935012242,0.0105338511390065,40.860267609737,2.55779387219247
"AC104521.1","AC104521.1",1.44324639425809,0.0292142142641507,0.0105501430796499,1.27400108266643,2.55725637195197
"UBE2Q2L","UBE2Q2L",1.16063871940277,0.0292625474984056,0.0105709975379828,4.00917996487588,2.55656942245301
"CYP4B1","CYP4B1",2.04818363658138,0.029277509095243,0.0105781031612562,162.232228169937,2.55633563728934
"MIR200CHG","MIR200CHG",5.48952355293115,0.0292888478173105,0.0105839013505042,2.84074985731129,2.55614497204135
"HOXA3","HOXA3",0.655151657690487,0.0293819371236483,0.0106201006612838,89.1008477890839,2.55495670512594
"IL20RB-AS1","IL20RB-AS1",3.02941722482042,0.0294666385513298,0.0106553163990524,0.679971373838464,2.55380417623443
"AC099568.2","AC099568.2",0.928256331801021,0.0295445396809001,0.0106891712055679,10.6748435024462,2.55269937648805
"CASC8","CASC8",1.10137544467805,0.0295704185526052,0.0107019697677896,4.22885885466354,2.55228252534867
"DMTN","DMTN",1.19122398626054,0.0296402215556451,0.0107289543693055,1478.14294991913,2.55140508325269
"AL139247.1","AL139247.1",5.49943946768836,0.0296805720402411,0.0107452843589394,39.2738996067778,2.5508750433077
"XKR9","XKR9",0.955502729242556,0.0297178525355742,0.0107622338042738,13.141435679255,2.5503256539173
"IGDCC4","IGDCC4",0.744380007264206,0.0297680492333532,0.0107821416852537,377.659049935729,2.54968135300392
"AC008443.5","AC008443.5",1.18795456203696,0.0298034753184035,0.0107984358987384,3.123939934858,2.54915479179194
"WNT5A-AS1","WNT5A-AS1",1.06677136905083,0.0299360601582265,0.010859517117349,8.93372690894641,2.54718716668026
"LRIG3","LRIG3",0.618556273741531,0.0299828723170394,0.0108813179945911,763.666898370744,2.54648727095524
"INHBB","INHBB",1.01502687284778,0.0299829726168957,0.0108843729454503,730.714833170533,2.54638929434087
"ENTPD8","ENTPD8",1.95820055161242,0.0300198912248761,0.0109003909667183,0.825279563121053,2.54587597332847
"AC124016.1","AC124016.1",0.794686221927633,0.030098707096204,0.0109368777092341,13.2131477276625,2.54470920021602
"DEPDC7","DEPDC7",0.628226082928536,0.0302477470652882,0.0109980625584779,69.21552047151,2.54276037227335
"AMIGO3","AMIGO3",1.41264147500048,0.0302892640166828,0.0110166772399472,81.1657521959149,2.54216937837686
"SACS-AS1","SACS-AS1",1.43917693793546,0.0303333391742857,0.0110354715804169,1.87119420177979,2.54157357997028
"AL358394.2","AL358394.2",0.943305434704837,0.0304917081322075,0.0110994541845001,3.64460200151738,2.53955200674319
"KCNJ2","KCNJ2",0.606056245391525,0.0304917081322075,0.0111000516446194,315.321913997712,2.53953317842734
"AC093904.4","AC093904.4",1.08644131994936,0.0305190507975534,0.0111126702141707,2.5047481901335,2.53913572786608
"AC084782.3","AC084782.3",1.13698789303277,0.0306132195487084,0.0111558456041041,1.98209797195972,2.53777884642201
"EEF1A1P16","EEF1A1P16",0.661798350303891,0.0306775642804809,0.0111855310913465,11.1380442138107,2.53684861822791
"LINC02511","LINC02511",1.41958886007754,0.0308187837354572,0.0112462711990908,8.00205146812213,2.53495207140181
"OR7E122P","OR7E122P",0.558441710699531,0.030880971799241,0.0112740482904804,63.5768430096869,2.53408778996433
"LRRC30","LRRC30",7.80318783192685,0.0311282457088138,0.0113787897131818,3.38177450380647,2.53084568673154
"SLC25A21","SLC25A21",0.734994353315042,0.0311570409590191,0.0113911256695473,19.7015707369734,2.53046559273432
"HIST3H2A","HIST3H2A",0.681601974364269,0.0312818668615286,0.0114394883172605,270.372130518652,2.52897896430926
"SYN2","SYN2",1.1465816204265,0.031362250550012,0.0114761715007857,86.9509790468709,2.52785506908478
"LIFR-AS1","LIFR-AS1",0.647430744986075,0.0314101765081681,0.0114955334031288,102.450054779711,2.52726314633626
"TLN2","TLN2",0.82387444609125,0.0314684920687983,0.0115196179139963,1415.22926859664,2.52652807990155
"HSF4","HSF4",0.768915460424276,0.0315413929905842,0.0115490530974586,104.269656804072,2.52563155911872
"SOX3","SOX3",2.16694592616136,0.0316560990892097,0.0115954712099345,1.05074995796695,2.52422189303994
"AC120024.1","AC120024.1",0.927818774114046,0.0316560990892097,0.0115940094575372,2.77731880616191,2.5242662084004
"LINC01670","LINC01670",1.11891864834225,0.0317313215440497,0.0116274483722039,34.7534252873924,2.5232536924033
"KRT18P34","KRT18P34",0.85035667881641,0.0318160843670561,0.0116644189868997,5.04192843016623,2.52213724084591
"AC100847.1","AC100847.1",0.784970383952835,0.0318358370631406,0.0116725854318585,6.88532481964244,2.52189105106739
"AC104109.3","AC104109.3",1.02820888252767,0.031856079990615,0.0116809327815012,5.18341710327704,2.52163956551202
"AC105411.1","AC105411.1",1.01282532178071,0.0319194882403456,0.0117069646221344,3.59616043214012,2.52085631136241
"AC024132.2","AC024132.2",1.03856368051501,0.0319353284387519,0.0117146294543104,4.85188007893522,2.52062598392791
"AC011997.1","AC011997.1",2.18317619168384,0.0319490376779539,0.0117224423128823,0.624389325503585,2.52039134585388
"LRRC43","LRRC43",0.771833952311394,0.0319683951011513,0.0117323304317139,8.94820169568659,2.5200945817531
"AC099521.2","AC099521.2",1.35708403763154,0.0319814017277514,0.0117380327707641,3.87816450992952,2.51992354291851
"AL354892.2","AL354892.2",0.508337912369542,0.0319819230124351,0.0117415290579959,28.8173228365054,2.51981870996004
"RPL10A","RPL10A",0.587497628583905,0.032001313586152,0.0117509180421789,27384.7441188079,2.51953732685614
"LINC00933","LINC00933",0.553511764439902,0.0320625783384913,0.0117808648769001,34.4329629326318,2.51864116582166
"AL158206.1","AL158206.1",0.591401071705924,0.0321425008958919,0.0118148991761796,90.2316027947784,2.51762513676664
"AL353608.2","AL353608.2",1.52653837885643,0.032512483247644,0.0119716727701401,0.86267805988122,2.51297821400921
"MT-RNR2","MT-RNR2",0.79881788203296,0.0325627606583472,0.0119930232702406,567464.742800028,2.51234954411214
"AC068397.1","AC068397.1",1.84362014120927,0.0325830744277686,0.0120014513424693,0.790479296367037,2.51210165088161
"PHACTR3","PHACTR3",1.00871144379382,0.0326611968554653,0.0120382304496782,57.9584489164931,2.51102167710837
"MTATP6P1","MTATP6P1",0.66461464781821,0.0328312297191274,0.012110974132477,18601.0261504206,2.50889423236331
"MPPED2","MPPED2",0.777836437609017,0.0329475775129461,0.0121615491760927,109.133507860851,2.50742179051152
"AC007663.3","AC007663.3",1.24427036151483,0.0330840055067501,0.0122243997342677,1.59679005254149,2.50559950230254
"PALMD","PALMD",0.663621378535196,0.0332334841037131,0.0122863885695382,3560.81955682859,2.50381031231028
"AL357146.1","AL357146.1",2.42803607069602,0.0335010908814657,0.0123950533184649,0.576587713375746,2.50069311839297
"DUOXA2","DUOXA2",1.77936454009526,0.0335038547601492,0.0123970490818386,2.78414886048773,2.5006360939666
"RIMS1","RIMS1",1.22509706146912,0.0336782695812699,0.0124713680403047,12.7895104582925,2.49851836486484
"IL1A","IL1A",1.94867202623209,0.0337180238890632,0.0124870687982327,7.90380958168558,2.49807239998463
"AL357140.5","AL357140.5",0.986251168375535,0.0337321046857508,0.0124932632406183,3.47721079103814,2.49789658941361
"NPY1R","NPY1R",1.64861909352927,0.0337618519208449,0.0125091838939903,298.248049655931,2.49744508356234
"MRPS36","MRPS36",0.535532532626853,0.0337725813575388,0.0125151212083037,699.518692701613,2.49727683303213
"FAM19A2","FAM19A2",0.659561312747188,0.0337819665081973,0.012519580303186,57.8534042425461,2.49715051848213
"PNPLA2","PNPLA2",0.941087173049315,0.0338101285120571,0.0125338316447637,7407.25764468637,2.49674708201505
"KARSP2","KARSP2",1.88685478359646,0.0339272199676722,0.0125803093443506,1.16512434862265,2.49543417663119
"FAM25BP","FAM25BP",5.23479266622563,0.0339445031253057,0.0125886899007756,6.6714703370924,2.49519789918914
"S100P","S100P",1.33432349887437,0.034152271249269,0.0126736789090467,140.168850524019,2.49280959370901
"AC096677.3","AC096677.3",7.42516464702528,0.034409778054376,0.0127772337239207,2.24548496604022,2.48991865015158
"AC095350.1","AC095350.1",1.18467106256757,0.0344803229768943,0.0128079914125908,1.43488074179871,2.48906398077475
"EGLN3","EGLN3",1.15158837952879,0.0346297675983989,0.0128679742327849,1091.35763892553,2.48740243905018
"SNHG8","SNHG8",0.692708767591188,0.034741906822234,0.0129156984262163,1194.9335773485,2.48608535298467
"ABCC11","ABCC11",0.82769216409493,0.034783474465568,0.0129406222797195,8.07390322595371,2.48539921831268
"NQO1","NQO1",0.723919421849624,0.0347875565108226,0.0129437840973521,906.004813119001,2.48531225946532
"LINC01133","LINC01133",0.91236477206854,0.0349179783221431,0.0129963684855333,264.047093110486,2.48386878946873
"AL353803.2","AL353803.2",1.684174326962,0.0349335627778073,0.01300319540909,0.766244979629657,2.48368176577726
"THRB-AS1","THRB-AS1",0.895318719569073,0.0349917937007319,0.0130289242317208,10.1533855961572,2.4829777037928
"AC116565.1","AC116565.1",5.28570207868533,0.0350238533486592,0.0130449306230352,3.58359650334564,2.48254031365581
"AC011477.3","AC011477.3",0.555639651745985,0.0350539752941489,0.0130581861608998,9.40726191074331,2.48217845242613
"AL121992.1","AL121992.1",0.676907946277951,0.0350704850854512,0.0130653549932031,10.9077278037471,2.48198288673241
"AP001207.3","AP001207.3",5.37932942099428,0.0350975124664355,0.0130793616149394,2.24145117437466,2.48160105988773
"MT4","MT4",6.30834556800821,0.0351201579878506,0.0130920212506121,19.6970714378157,2.48125626349835
"GPRC5D","GPRC5D",1.11841826788733,0.0351201579878506,0.013091137914217,5.03721206265127,2.481280312376
"AP005209.1","AP005209.1",2.92983436898274,0.0351722367687198,0.0131144999244817,0.615742899815715,2.48064476284201
"AL139423.1","AL139423.1",0.638360606698355,0.0352611124009125,0.0131548079376473,19.8379055636181,2.47955055758634
"AC093382.1","AC093382.1",1.82223937705253,0.0353140666101975,0.0131755892183103,0.621300783910632,2.47898758470344
"FOXN4","FOXN4",2.33137895174657,0.0353410213401917,0.0131876989995772,0.889150916135366,2.47865988803708
"AC011447.1","AC011447.1",1.87398398995833,0.035342071126193,0.0131891172832964,1.49113126721445,2.47862152598585
"MAGI1","MAGI1",0.568398301387443,0.0353903421146527,0.0132132989875028,992.599913940811,2.47796801452667
"LYPLAL1-DT","LYPLAL1-DT",1.09915976673717,0.0354220319733984,0.0132292461692215,7.53328713441109,2.47753761971969
"GRXCR2","GRXCR2",3.91971519173208,0.0354751221423815,0.0132511348539278,0.706709812313161,2.4769476173243
"AC007485.2","AC007485.2",0.527722234440515,0.0354793401476099,0.0132537409561523,39.6525594234805,2.47687742809442
"AL160191.1","AL160191.1",0.973390157644166,0.0355460396638621,0.0132848522236236,4.0292797948319,2.47604046020527
"NDUFA3","NDUFA3",0.628282845883484,0.0355465210298877,0.013287097105078,1439.61416281231,2.47598013454457
"GPR27","GPR27",0.943021770931144,0.0356136025815468,0.013320447323184,70.6723245661234,2.47508498908835
"AC098798.1","AC098798.1",1.86407542027095,0.0357820905543843,0.0133934345998765,0.694481515401571,2.47313284585641
"THEG","THEG",5.62044094919668,0.0358875514456558,0.0134448018631947,1.06513022911403,2.47176458830064
"LIG1","LIG1",0.505976101023836,0.0359026619309115,0.0134525484753328,486.484988693952,2.47155864466434
"BCAP31P2","BCAP31P2",5.93871661278584,0.035940962938112,0.0134710754546706,0.805853775690646,2.47106652974493
"SNURF","SNURF",0.594577837437451,0.0360469798253231,0.01351604689686,70.843489660701,2.46987447833425
"REEP4","REEP4",0.535865881662967,0.0360485655118987,0.0135176885313876,958.009758467559,2.46983103010598
"WEE2","WEE2",0.936983383790246,0.0361565131021093,0.0135644685496353,3.30714695652829,2.46859488442799
"AP002884.3","AP002884.3",1.89180267441353,0.0362305577205422,0.0135985612543524,2.30517008154689,2.46769636707456
"AC009090.3","AC009090.3",0.795854825176621,0.0362607993152449,0.0136130716611346,7.27823341881412,2.46731454718149
"AC106864.2","AC106864.2",1.53721697400872,0.0363423269332734,0.0136489568736849,0.708412973442561,2.4663718226527
"ACTBP13","ACTBP13",1.87150263038268,0.0364144238030932,0.0136844956188108,0.580985683362975,2.46544035533649
"MYO3B","MYO3B",0.767071581141859,0.036612984625632,0.0137697491847532,16.7041709538785,2.46321454762738
"PSG7","PSG7",4.98787451946103,0.0366940211972596,0.0138023578048249,0.860869153952223,2.46236641556997
"TMEM189-UBE2V1","TMEM189-UBE2V1",0.521051825864026,0.0369056098494936,0.0138948098893092,315.88772296105,2.45997137174029
"ATP6V1G2","ATP6V1G2",0.60734301028786,0.0369360254639983,0.0139073340911412,22.2137610572692,2.45964800532223
"AC126755.2","AC126755.2",0.857496339896515,0.036938862235814,0.0139094751372456,407.534360772445,2.45959275069447
"CCDC162P","CCDC162P",0.667792618618403,0.0369718025765531,0.0139240267284648,20.5501633192436,2.45921741217022
"AC138356.1","AC138356.1",0.640476227956599,0.037051976236971,0.0139574497448959,34.2349859697033,2.45835662027858
"AP003351.1","AP003351.1",1.93413466600369,0.037144864065773,0.0140043085736532,2.22367005401757,2.45715285499249
"C5orf38","C5orf38",0.96684049904411,0.0372032170993726,0.0140295505867652,91.5869707058485,2.45650588084924
"LINC02182","LINC02182",1.44739959857915,0.0372383213108262,0.0140449518479458,1.0876473401874,2.45611163800247
"NPY4R","NPY4R",2.61617327787341,0.0373196656123462,0.0140810519433129,1.4612682413461,2.45518903781681
"PKD2L2","PKD2L2",0.748454867126106,0.0373875059573994,0.0141109925761139,9.36094696792336,2.45442543557354
"AC005077.4","AC005077.4",1.37167843634614,0.0373968755592271,0.0141167013700394,3.61915327949598,2.45428000151738
"ELFN2","ELFN2",1.26587967343164,0.0375853880842147,0.0142042373755001,10.8653810495997,2.45205645729256
"AC010491.1","AC010491.1",0.807971085362511,0.0377093486299041,0.0142642281633334,7.48386204811017,2.45053957426621
"AL121753.1","AL121753.1",0.585217642926489,0.0379294300296703,0.0143595965785617,12.7668182473673,2.44813970406197
"AC024563.2","AC024563.2",2.64833415693077,0.0379422524959721,0.014366655150967,0.616448433914233,2.44796264002839
"EEF1B2P3","EEF1B2P3",0.829381882762215,0.037975873781216,0.0143815917961977,6.70424535468581,2.44758820766136
"NDUFA1","NDUFA1",0.543668505578985,0.0379839462916739,0.0143857521696624,2657.40465671777,2.44748397634171
"LINC00908","LINC00908",0.774305326601278,0.0380940564876616,0.0144329868951161,13.1822247140971,2.44630244858396
"AL136982.5","AL136982.5",5.30087049370561,0.0381886910544068,0.0144752958864962,1.06201513868266,2.44524702467122
"AC113189.4","AC113189.4",1.78799471581796,0.0383860916136561,0.0145670467913447,9.83550208494598,2.4429675555628
"GHR","GHR",1.22431115750445,0.0384231673553084,0.0145878128413279,1119.29478397723,2.44245339891742
"LINC01566","LINC01566",1.99667496846795,0.0385774931973177,0.0146520071176986,1.01733912593151,2.44086805216126
"SMIM2-AS1","SMIM2-AS1",0.830314705116296,0.038716594243196,0.0147115860895054,7.05988538463776,2.43940215422456
"RN7SKP269","RN7SKP269",1.50905218987709,0.0388001854185355,0.0147444761772598,1.0640698845335,2.43859515737194
"SPERT","SPERT",1.75702959204659,0.0388148808582995,0.014756106654945,1.73786358533556,2.43831016965775
"GRIN2B","GRIN2B",1.07588419372756,0.0388148808582995,0.0147532857990187,7.98382648529646,2.43837927238511
"EEF1B2P6","EEF1B2P6",0.731934516687125,0.0388148808582995,0.0147559094267456,19.5421316686016,2.43831500079375
"AC007091.1","AC007091.1",1.90696059897163,0.0388292935011498,0.0147645602772032,0.639441198653926,2.43810315031724
"WNT9A","WNT9A",1.04335686237762,0.0389227336676036,0.014804612448509,237.08878673068,2.43712373704316
"ZNF444P1","ZNF444P1",2.1963236247124,0.0390285990515228,0.0148505474490226,0.900958512589002,2.43600333888821
"AL137784.2","AL137784.2",0.960058385572973,0.0392519892100442,0.0149480896518209,4.17794494517322,2.43363428333209
"AC093591.2","AC093591.2",1.10408809470414,0.0392546851176944,0.0149502565139773,4.07926947908138,2.43358181050139
"AC084337.2","AC084337.2",2.46990464335558,0.0393174664520973,0.0149787350408304,3.02506787066074,2.43289279518488
"HIST2H2BA","HIST2H2BA",0.905797738277509,0.0393178821195598,0.0149811774614961,3.52060838707656,2.43283375650413
"AL035563.1","AL035563.1",0.872182458527373,0.0393267907840114,0.0149868564855998,21.5221273549543,2.43269651476959
"PKD1P1","PKD1P1",0.897525553626732,0.0393609803958939,0.0150037528550494,1013.16917215566,2.43228846059631
"CBX7","CBX7",0.576858173027221,0.0393609803958939,0.0150044587752908,2754.13366481056,2.43227142114727
"NHLH1","NHLH1",0.93410893515177,0.0394638820270148,0.0150587805032428,3.80026704532513,2.43096232056953
"AC068896.1","AC068896.1",0.617367655240999,0.0394638820270148,0.015058815872098,18.7644829245001,2.43096146957061
"PTENP1","PTENP1",0.718581927151639,0.0395815934905407,0.0151241972338812,21.6555529360799,2.42939135044691
"AC015908.3","AC015908.3",0.651991223393071,0.0396015071154033,0.0151329565356758,12.9396069559622,2.42918145201604
"HCAR2","HCAR2",1.35839692895088,0.0396404847233149,0.015150153886063,267.512266343973,2.42876966437838
"AC018512.1","AC018512.1",1.93476757318808,0.0396883200612554,0.015171894397763,3.14340138190571,2.42824968022837
"AC007785.1","AC007785.1",1.43779919301254,0.0397424503524583,0.0151948958402872,0.9903635856801,2.42770025129235
"STK32A-AS1","STK32A-AS1",1.48084135535478,0.0399159500811253,0.0152723912295938,2.26857282712512,2.42585451540007
"UCHL1","UCHL1",0.626433826594394,0.0399159500811253,0.0152727639540834,479.795032224781,2.42584565802982
"AL513321.2","AL513321.2",1.38287589184902,0.0399215435353399,0.0152784436395271,1.64713228055259,2.42571071035628
"LRP4-AS1","LRP4-AS1",0.912778491680391,0.0399410084890155,0.0152893735005442,4.47562375740708,2.42545114426873
"RPL23AP87","RPL23AP87",1.17102969158149,0.0400450608717826,0.0153431624828536,8.96197626787113,2.42417612030287
"CEBPB","CEBPB",0.52166794508702,0.0400833588385074,0.0153601647832121,6699.77562528434,2.42377391309001
"PGLYRP3","PGLYRP3",5.71803534131484,0.0401171908530024,0.0153793006839703,32.5007145970816,2.42332170181635
"GGTA2P","GGTA2P",1.27094937881953,0.0401171908530024,0.0153766956966941,2.22239099290496,2.42338323260837
"AL590483.1","AL590483.1",0.739439919946716,0.0401235805360782,0.0153837360019819,7.66374129122146,2.42321695901937
"AC018521.6","AC018521.6",0.68068922928336,0.0401659529833142,0.0154034444751899,10.8608163379682,2.4227518523949
"AL592430.2","AL592430.2",2.07194065654146,0.0402319750304384,0.0154311383256924,0.816329342970286,2.42209918063195
"ZNF350-AS1","ZNF350-AS1",0.535865649746858,0.0402370080606642,0.0154354062233412,13.2928782888517,2.42199868912418
"HIST1H4H","HIST1H4H",0.693763520140626,0.040315544635144,0.015471388861378,63.2824803622376,2.4211524162689
"AL354761.1","AL354761.1",5.54009653632016,0.0403257757778729,0.0154764864457138,6.73587299847445,2.42103266669658
"SNHG25","SNHG25",0.90452661763676,0.0403398356307219,0.015483054142685,9.04104077709776,2.4208784332303
"LINC01213","LINC01213",1.88176751511582,0.040365551234798,0.0154952691158095,0.673800105449027,2.42059173419351
"AC022081.1","AC022081.1",2.71201387434887,0.0404804473827178,0.0155487811138916,1.33610100393623,2.41933808740788
"ZFHX4-AS1","ZFHX4-AS1",1.51001742496069,0.0406578672739474,0.0156263767796233,21.5134013055509,2.41752695025968
"C1QTNF9","C1QTNF9",1.24782415412342,0.0407462105056207,0.0156709821454898,21.3126865723984,2.41648940843143
"AC012313.4","AC012313.4",0.61087377319653,0.0407462105056207,0.0156701425574454,6.40193484495888,2.41650891363968
"ALDH2","ALDH2",0.592079045507983,0.040831432017988,0.01570613030714,13993.7052317004,2.41567367425111
"ZMYND12","ZMYND12",0.513829698264959,0.0408810481192346,0.0157299652734838,50.7111201640309,2.41512141498715
"MST1L","MST1L",1.01424540053927,0.0408892891438314,0.0157376044814471,6.42948521676377,2.41494456931367
"BEND3P3","BEND3P3",0.725077365330447,0.0409677706935226,0.0157788032820991,50.9434767120682,2.41399212749882
"AC068025.1","AC068025.1",1.68049571908513,0.041090859070389,0.0158309850909039,0.86244880947154,2.41278891311567
"ZNF488","ZNF488",0.885457058776696,0.0411155874953517,0.0158429006539252,25.323882945063,2.41251465189512
"HOMER3-AS1","HOMER3-AS1",0.900251472727101,0.0411222882313087,0.0158466770641563,12.078993619715,2.41242776789435
"NES","NES",0.702869958218614,0.0412474080460139,0.0158996849128224,2360.52569148256,2.41121013211781
"SORBS1","SORBS1",1.41402042486546,0.0413655364682698,0.015951227551782,4253.50488363646,2.41002957172419
"HIF3A","HIF3A",1.1144299299649,0.041385371864467,0.015960078489733,120.003275110363,2.40982718260591
"ANO3","ANO3",2.05055989583653,0.0414230423582416,0.0159770123003105,31.3457914690918,2.40944024212474
"HOXC-AS2","HOXC-AS2",1.25480999294713,0.0414763266091814,0.016004792581706,30.8866681904039,2.40880623820812
"MAFF","MAFF",0.516268423782842,0.0414961280131893,0.0160172547103309,672.277364664035,2.40852214077298
"SYT6","SYT6",1.21438864051683,0.0415647639189811,0.0160545334676933,10.1649838164358,2.4076734606262
"AC106047.1","AC106047.1",1.06942876915399,0.0415710954735331,0.0160582664895584,4.88065625882431,2.40758857090959
"SERHL","SERHL",0.855349481943738,0.0415853107463852,0.0160649655201267,7.64413997898707,2.40743627700931
"AL732292.2","AL732292.2",0.879485102737765,0.0416954501335685,0.016112358213576,4.74835044266132,2.40636045633699
"GLRA3","GLRA3",1.14788637517861,0.0417240793547738,0.0161270571620185,6.14889962958837,2.40602735330716
"JMJD7-PLA2G4B","JMJD7-PLA2G4B",0.72062738220759,0.0417383937989354,0.0161350146122351,221.257600736436,2.40584713535171
"IGSF9B","IGSF9B",0.844817828543248,0.0417425102176103,0.016139030832654,33.6633882153739,2.40575620685408
"AC012464.1","AC012464.1",0.848594199805887,0.0419929948510015,0.0162492935228605,3.25786713576474,2.40326755995176
"CGB7","CGB7",0.983692183226229,0.0420351332749639,0.0162692619637764,5.68163470683954,2.40281845696266
"AC073174.2","AC073174.2",0.672250466877344,0.0420668228245409,0.0162851927095818,12.0392631453697,2.40246051154387
"FNBP1L","FNBP1L",0.639314967824485,0.042071663115435,0.0162882885344962,895.896101167935,2.40239098764968
"MAPK4","MAPK4",1.98181927061777,0.04214066054301,0.0163214654100718,34.709062475964,2.40164665238133
"TDRKH-AS1","TDRKH-AS1",0.63380895986556,0.042154556128335,0.0163314008841563,16.3076857536411,2.4014240050816
"AC005154.5","AC005154.5",2.41157445050606,0.0422371319260073,0.0163707531201534,1.51875094802986,2.40054331545808
"DGKZP1","DGKZP1",1.2035987632423,0.0422411132416007,0.0163747501255491,1.865757126119,2.40045396792379
"AC091057.2","AC091057.2",0.533761749589659,0.0423634187612864,0.0164332362483147,24.795049039194,2.39914877800852
"AC005498.3","AC005498.3",0.53660937463732,0.0423988600161,0.0164494473462022,18.7352738721045,2.39878772971343
"CT62","CT62",1.7923785956084,0.0424384271249756,0.0164672635053604,0.852665259616796,2.39839129435058
"RPL18","RPL18",0.586365127566202,0.042441892603869,0.016469840977916,28611.9817434887,2.39833397304943
"GSX2","GSX2",2.5994786696692,0.0426009241842743,0.0165464028753374,1.02745903030731,2.39663486946635
"PEX5L","PEX5L",1.04632717502031,0.042670481624899,0.0165758981425409,8.85519933602367,2.39598213637356
"GRM3","GRM3",0.760998023084533,0.0427093801863635,0.0165947304157367,4.4983549818019,2.3955659097165
"MNX1","MNX1",1.93824204576047,0.0427151328422354,0.0165982063193745,0.625173913128491,2.39548913142885
"POTEI","POTEI",0.621417636774321,0.0427302355358602,0.0166065572054668,12.0901358330505,2.39530472867885
"AL445228.2","AL445228.2",1.26445070869151,0.0428034284989853,0.0166402453482924,3.00857769023759,2.39456165910769
"IL11RA","IL11RA",0.571080936306555,0.0428135148511682,0.016650114742137,861.581990659043,2.39434421709268
"PKDCC","PKDCC",0.761928102187421,0.0428954929318992,0.0166919634834627,1223.68470979529,2.39342346316028
"RRM2P3","RRM2P3",0.848107999180532,0.0430324198063863,0.0167564952923322,5.32477961424569,2.39200760226558
"RPS3A","RPS3A",0.502079558310525,0.0430453900804406,0.0167665470250583,48610.2244239445,2.39178749316995
"MIR23B","MIR23B",1.25825532516803,0.0430495062527493,0.0167694007306733,2.22218781495486,2.39172502490176
"SLC29A4","SLC29A4",1.2708137137059,0.043153672526711,0.0168112308565193,337.116493631102,2.39081042322347
"AC090772.3","AC090772.3",0.857960093645161,0.0432698613554544,0.0168652918998734,4.40462591534815,2.38963135134391
"ST8SIA2","ST8SIA2",1.3147513429681,0.0435075055844469,0.0169705557248036,12.0106200458918,2.38734503305822
"AC004951.2","AC004951.2",0.622062698036539,0.043520947169344,0.0169783269847641,12.5131032742197,2.38717673594966
"RANP4","RANP4",1.06003423616483,0.0435335896874837,0.0169845235471791,3.28289488333132,2.38704258947344
"PIK3R1","PIK3R1",0.610758408179734,0.0436248958882394,0.0170277492432369,4330.82973621847,2.386108009552
"AL157827.2","AL157827.2",1.11990989370401,0.044033691365903,0.0172154492211297,3.31502452165464,2.38207375158139
"AC053527.1","AC053527.1",0.603164510912153,0.0441482244103032,0.0172704858358883,13.1749340309018,2.38089815920679
"AC018697.1","AC018697.1",1.31131867600987,0.0443673334786946,0.0173729529053759,2.68894426101964,2.3787181696776
"RASGEF1C","RASGEF1C",1.07831575180058,0.0444709464031618,0.0174264417893882,11.3088183136817,2.37758466789162
"TCN1","TCN1",0.999802309165145,0.0445007364256421,0.0174407004935282,17.2562470944206,2.37728302171941
"LINC01376","LINC01376",0.564600532993643,0.0445079324534463,0.0174448135391776,16.4076693259724,2.37719604947448
"OSTN","OSTN",1.82164440863407,0.0445755817494145,0.0174746340104784,7.05136187976098,2.3765660190473
"HIGD2A","HIGD2A",0.580137481574828,0.0446413276669283,0.0175035808695209,2779.68884325399,2.37595534679748
"TOMM7","TOMM7",0.622909531159953,0.0446732915168314,0.0175187088639695,4984.07181829612,2.37563655395466
"AFAP1L1","AFAP1L1",0.630117470904944,0.044679695533358,0.0175238157542388,816.070836136364,2.37552899073489
"AL645728.2","AL645728.2",1.12680465248013,0.0450101544741942,0.0176743429283325,4.79976044551971,2.3723708078179
"ACSM2A","ACSM2A",0.574532651909795,0.04503849782858,0.0176946299996913,24.9517854938733,2.37194697290508
"OLIG1","OLIG1",1.36998153329219,0.0450977788993671,0.0177218499689072,14.6618731237718,2.37137896531794
"TNKS1BP1","TNKS1BP1",0.522111754497072,0.0451403909611106,0.0177399061724127,5913.07111346172,2.37100260254401
"PCDH11X","PCDH11X",0.922723377596769,0.0451651590175187,0.0177522636175515,11.8432724622614,2.37074521790506
"AL592293.1","AL592293.1",1.02296632521459,0.0453317025121818,0.0178269408711638,6.49754027486883,2.36919315008484
"AC092634.4","AC092634.4",0.867683301313455,0.0453548906485337,0.0178413292684179,4.4792133194335,2.36889476105547
"TPT1","TPT1",0.596628222275854,0.04552223918823,0.0179177374009442,171543.46104985,2.36731371991796
"AC005076.1","AC005076.1",0.641585860198851,0.0455616858761834,0.0179372339481175,14.9522262903406,2.36691124231416
"ZFX-AS1","ZFX-AS1",1.0359108827049,0.0455763357853791,0.0179456491200941,2.67369559588254,2.36673764183177
"PKP4-AS1","PKP4-AS1",0.726954360794755,0.0455994497197114,0.0179569212380847,7.49678404154577,2.36650521578917
"AC129492.3","AC129492.3",1.47370468577187,0.045623452004705,0.0179695018352446,49.9372943891022,2.36624596036464
"DBET","DBET",0.863388769661901,0.0457184015494682,0.0180148668357176,195.839748807348,2.36531241676888
"CLDN9","CLDN9",1.75756487778095,0.0457468489357041,0.0180327200797735,2.38900597097318,2.36494558837106
"ADCYAP1R1","ADCYAP1R1",1.04070867884705,0.0462758811592237,0.0182735158696307,79.4781638498619,2.3600288097163
"LINC01443","LINC01443",1.00361133187481,0.0462886393501198,0.0182812428617282,4.67788015555857,2.35987197477216
"MT1X","MT1X",0.920362838484898,0.0464270447665134,0.0183614479024777,5374.15490324906,2.35824746949741
"ANKRD31","ANKRD31",0.835128952320914,0.0465061640142243,0.018400922685075,5.40162402056862,2.35745021108191
"AL133216.2","AL133216.2",0.642712058993048,0.0465957959420681,0.0184445075838999,60.0315062841912,2.35657167916599
"HLF","HLF",1.18093018772788,0.0466712471220717,0.0184784410805437,863.67127584929,2.35588894570566
"AC022400.1","AC022400.1",0.653502187375812,0.0468740171362357,0.0185750614554916,10.1864707929506,2.35395096027723
"AC100791.3","AC100791.3",1.60583823826002,0.046887815348785,0.0185832531786387,0.790861885331904,2.35378705883636
"SCN2B","SCN2B",0.872504459949827,0.0472784849008838,0.0187573145480763,140.651339201202,2.35031926442595
"KRT73-AS1","KRT73-AS1",0.883563555130238,0.0472834025988142,0.0187606390002266,2.97994680861911,2.35025330636781
"ST13P4","ST13P4",0.798807137677143,0.0473149518592878,0.0187745311185585,3.42651645853598,2.34997779344339
"AMER2","AMER2",0.772938321492822,0.0473175931836531,0.0187769535864723,22.3106361481335,2.34992976854666
"PER3","PER3",0.627601501428475,0.0473290242881943,0.0187856139449917,1673.27609586384,2.3497581231411
"AC084880.4","AC084880.4",1.45912192740941,0.0473483613339825,0.0187946644007844,1.10125824693287,2.3495788200841
"GRAMD2A","GRAMD2A",0.881867811917664,0.0473507492153173,0.0187983629683675,43.8748246514489,2.34950556766907
"GOLGA6A","GOLGA6A",1.7041521433091,0.0474211036344647,0.0188331808410026,1.1852202158892,2.34881659541992
"AC016355.1","AC016355.1",0.535465440116718,0.0475352098679884,0.018884020720474,27.0159910041522,2.3478125797178
"AP001527.2","AP001527.2",0.670914824359215,0.0475631917392072,0.0189031880314458,16.9269976955098,2.34743466598949
"AL158839.1","AL158839.1",1.82852951818201,0.0478734202607771,0.0190489713068545,0.72481609533482,2.34457123497644
"AC040173.1","AC040173.1",1.52521947532907,0.0480410328465972,0.0191184556474738,2.29196129915111,2.34321318139774
"UPK3BL1","UPK3BL1",0.906016610357659,0.0480837613877545,0.0191382532327292,245.64574148432,2.34282703255077
"HERC2P4","HERC2P4",0.857512075571574,0.0481323430672384,0.0191617838410471,15.0848107167358,2.3423685255567
"COL9A3","COL9A3",0.765752296413132,0.0484820360211615,0.0193347959384962,146.741493981951,2.33901231905896
"MT-CO2","MT-CO2",0.640361202298579,0.0484884248738157,0.0193415690366014,232297.479368526,2.3388814645306
"AL080251.1","AL080251.1",2.13282586903068,0.0488715472380081,0.0195128467623347,1.15817632965693,2.33558565843379
"LDHAP4","LDHAP4",0.714736607107031,0.0489076346458154,0.019528675888115,4.94043801510576,2.33528234431329
"MHENCR","MHENCR",0.628644163646254,0.048984138528803,0.0195620692643346,74.9401809446801,2.3346431718068
"RPL29","RPL29",0.627924478568547,0.0490345079039121,0.0195864573223713,31569.6775449828,2.3341769693069
"AC006064.3","AC006064.3",1.46773482932577,0.0490803028240066,0.0196090265291103,1.42988611280721,2.33374598751067
"AC008592.4","AC008592.4",1.31228222857033,0.0491403702735182,0.0196387345937416,1.2065846700099,2.33317934203631
"LGR4","LGR4",0.60128949356257,0.0492596674938791,0.0196964268246991,1444.32288075748,2.33208106765286
"HS6ST3","HS6ST3",1.84815777970943,0.0492824796272625,0.0197084111626627,12.5191472244423,2.3318532769091
"RPS3AP26","RPS3AP26",0.555709852474683,0.0493497923723534,0.0197396302648913,64.3116104234462,2.33126045137224
"ZDHHC8P1","ZDHHC8P1",0.782485115997898,0.0494146947513952,0.0197742026719522,13.6042864297404,2.33060490389659
"AC073046.1","AC073046.1",0.770685281986999,0.0494406343241898,0.0197874549887595,14.4732123648206,2.33035388434403
"VIPR1-AS1","VIPR1-AS1",0.890331750541917,0.0498070799113941,0.0199630502990975,9.5020023765405,2.32704161805549
"GTF2IRD2P1","GTF2IRD2P1",1.51676443040286,0.0498535217043648,0.0199874567237524,2.04266199061761,2.32658325307274
"C11orf45","C11orf45",0.594148576950386,0.0498863609197933,0.0200020717479037,138.309150760729,2.32630900935534
"VKORC1L1","VKORC1L1",0.582894339996825,0.0499342622961395,0.0200357819030693,2699.59637347458,2.32567712128067
"ATP5MPL","ATP5MPL",0.55999425261452,0.0499660507157783,0.0200543420701355,1803.49973158457,2.32532961177709
