"","gene","log2FoldChange","padj","pvalue","baseMean","stat"
"USP24","USP24",-0.886363727720354,4.87804731483638e-10,1.84292845020076e-14,2164.98164696007,-7.66113789723272
"LNPEP","LNPEP",-0.902409453617765,1.52068880223339e-09,1.14903381482745e-13,2328.78175910466,-7.42253065690877
"IGHJ6","IGHJ6",-6.1090882581461,1.83623189638686e-09,2.12596086920356e-13,276.370369292287,-7.3406266509023
"FRYL","FRYL",-0.68406027817666,1.83623189638686e-09,2.77491691622178e-13,1763.24904189734,-7.30489095530542
"IGF2R","IGF2R",-1.17916936790686,2.17382655482072e-09,4.92763584907791e-13,6645.93534288207,-7.22727997032886
"TMEM63A","TMEM63A",-0.799367530208002,2.17382655482072e-09,4.71298152973625e-13,985.620825672497,-7.23332831668802
"EP300","EP300",-0.777257528052662,2.72518974040324e-09,7.20704529178385e-13,2858.66746581954,-7.17544863530263
"HERC1","HERC1",-0.870627751270833,4.97384664190406e-09,1.50329718293976e-12,2390.65337286169,-7.07418491485962
"PIEZO1","PIEZO1",-1.04632562615039,9.88790129546242e-09,4.02777217295787e-12,5385.89914865389,-6.93620352605041
"POLR2A","POLR2A",-0.958153012476854,9.88790129546242e-09,4.68133312387099e-12,5230.72852937576,-6.91491823233757
"HUWE1","HUWE1",-0.815548696627013,9.88790129546242e-09,4.85634957274591e-12,5486.8208153648,-6.90971306831039
"AC007406.5","AC007406.5",-0.742348422892186,9.88790129546242e-09,4.63918739075404e-12,171.61680587988,-6.91620017937304
"LTN1","LTN1",-0.557839786805134,9.88790129546242e-09,4.62943490318575e-12,1005.21121044955,-6.91649844714339
"RANBP2","RANBP2",-0.639601726912486,1.29475477748521e-08,6.84822504998031e-12,3544.78782211594,-6.86078691427077
"KMT2D","KMT2D",-1.16039641908351,1.50934315366225e-08,8.55345774488414e-12,2214.39162575539,-6.82895637564496
"UBR4","UBR4",-0.701237657726643,2.4082772019761e-08,1.45575712084392e-11,3554.17140471546,-6.75224406749023
"AC000123.3","AC000123.3",-0.881269427746563,3.14170213308598e-08,2.01779199299035e-11,76.1903664607096,-6.70472993180411
"PRR12","PRR12",-0.862519824808539,3.14178907689132e-08,2.136544764972e-11,1735.72951263183,-6.6963740158234
"ANKRD52","ANKRD52",-0.984449676202421,3.37387578519598e-08,2.93676088192009e-11,1468.21034771614,-6.64970748305812
"UHMK1","UHMK1",-0.739815518658429,3.37387578519598e-08,2.60815413038271e-11,3155.06475654447,-6.66715173380778
"HTT","HTT",-0.711484548796921,3.37387578519598e-08,3.05916426176673e-11,3286.70284178071,-6.64369445092378
"PRDM10","PRDM10",-0.606299594199287,3.37387578519598e-08,2.8065743747434e-11,284.090252970357,-6.65637823679235
"FAM199X","FAM199X",-0.593116591907082,3.37387578519598e-08,2.9744829889354e-11,1237.0558942321,-6.64782864473228
"SRCAP","SRCAP",-1.27021423338954,3.48285538062902e-08,3.53571946591717e-11,2091.21433610011,-6.62233361435085
"ZNF81","ZNF81",-0.818538516917345,3.48285538062902e-08,3.44133276186536e-11,183.865898194064,-6.62633090154257
"TAOK1","TAOK1",-0.746332529950842,3.48285538062902e-08,3.55272565178071e-11,3317.77938165289,-6.62162451883092
"ATP11A","ATP11A",-0.932554671748546,3.78086847095983e-08,4.22710931637896e-11,1816.67898890378,-6.595890467588
"BIRC6","BIRC6",-0.666462875622416,3.78086847095983e-08,4.13360900180437e-11,2222.39780015178,-6.59920768914589
"NCOA3","NCOA3",-0.647200677092133,3.78086847095983e-08,4.2852413815707e-11,2105.78624865917,-6.59386405201754
"CELSR1","CELSR1",-1.47958680695857,4.79870906964295e-08,6.0508137478371e-11,743.665155587221,-6.5424770157766
"UGGT1","UGGT1",-0.840963938908638,4.79870906964295e-08,6.70793137545012e-11,2734.15270655025,-6.52704630622559
"HIPK1","HIPK1",-0.730280640692834,4.79870906964295e-08,6.56904461749496e-11,3204.67551062486,-6.5301805687629
"EPG5","EPG5",-0.727211809851532,4.79870906964295e-08,6.32140666899874e-11,931.626930600137,-6.53593334317398
"CD46","CD46",-0.622720334264853,4.79870906964295e-08,6.62175426399214e-11,4828.14230222895,-6.52898350449659
"NUP153","NUP153",-0.540772113148999,4.79870906964295e-08,6.50830633192589e-11,1636.17118371717,-6.53157167273573
"TMEM131","TMEM131",-0.72034425367156,5.48126101483636e-08,7.86912684890936e-11,1753.77255172438,-6.50308124298937
"UBR2","UBR2",-0.566026835030074,5.54370610020373e-08,8.16821708065834e-11,1799.97231114446,-6.49746963724772
"RBM12B","RBM12B",-0.563181007958244,5.95753160705585e-08,9.00303238816102e-11,546.380627127789,-6.48280920103288
"KMT2C","KMT2C",-0.707058942607083,6.3624698579123e-08,9.85535018982222e-11,2065.29216115398,-6.46915341030729
"ARID1A","ARID1A",-0.610937249578129,6.38551921731283e-08,1.01322984293754e-10,3113.83250614057,-6.46496391623553
"ATP9B","ATP9B",-0.609319620382437,6.39245313667207e-08,1.03848080727228e-10,973.841099602379,-6.46124055627437
"EP400","EP400",-0.720242300672086,7.27797388828961e-08,1.20983358300179e-10,1860.67224148882,-6.4380936397584
"GCN1","GCN1",-0.689592764046741,8.39698972948578e-08,1.45929777307925e-10,3018.13996517822,-6.40957089544667
"ARFGEF2","ARFGEF2",-0.669374544957832,8.39698972948578e-08,1.44307206380844e-10,1829.81726389525,-6.41127543518225
"CBL","CBL",-0.885972479947609,9.31938603517344e-08,1.65480805339511e-10,1697.02482187405,-6.39037372927862
"SLC12A6","SLC12A6",-0.78907466932809,9.49204300431984e-08,1.7976201153606e-10,1363.05752559453,-6.37770443165023
"ZZEF1","ZZEF1",-0.720907800449811,9.49204300431984e-08,1.82891002010016e-10,2184.05497269841,-6.37506027978999
"AKAP11","AKAP11",-0.674139377143123,9.49204300431984e-08,1.77610692143696e-10,2356.67293290895,-6.37954862024595
"RALGAPB","RALGAPB",-0.557443164758999,9.49204300431984e-08,1.82001804727301e-10,1957.13852841661,-6.37580717232902
"OTUD4","OTUD4",-0.670540698279052,9.63628659239173e-08,1.90608910365512e-10,1525.48132575684,-6.3687226611643
"NPC1","NPC1",-1.12721711201777,9.95205942233394e-08,2.03034194267268e-10,1850.8644318238,-6.35902815481289
"DYNC1H1","DYNC1H1",-0.688456710360801,9.97123692269245e-08,2.07192576503867e-10,9849.78475049682,-6.35591277509397
"WDR7","WDR7",-0.682002255338614,1.11223856276283e-07,2.42847741824145e-10,1014.00410418591,-6.33146278926784
"HERC3","HERC3",-0.611678317950784,1.11223856276283e-07,2.47868027159976e-10,1068.68042847431,-6.3283055035314
"RNF111","RNF111",-0.551359228669757,1.11223856276283e-07,2.47920492663143e-10,1067.10949786384,-6.32827283855972
"PLXNA1","PLXNA1",-1.05233823409591,1.23595216721125e-07,2.836988766445e-10,2882.00555238764,-6.30743433512637
"TRRAP","TRRAP",-0.739519541478598,1.23595216721125e-07,2.84835400656944e-10,1833.26598868731,-6.3068152972926
"CLCN6","CLCN6",-0.740218722313681,1.42877196524649e-07,3.34670224962342e-10,733.674981187538,-6.28180232114244
"ATP6V0A1","ATP6V0A1",-0.758017826247794,1.47818584387617e-07,3.52841912500191e-10,2506.09571495143,-6.27357893665411
"SETD1B","SETD1B",-0.729561696346826,1.47818584387617e-07,3.57413933310949e-10,1327.00154228321,-6.2715750562837
"DICER1","DICER1",-0.688501749036098,1.49016329927048e-07,3.65939833210854e-10,2543.20903721028,-6.26790418137756
"EMC1","EMC1",-0.727714826688359,1.52156106888971e-07,3.79398657095927e-10,1738.16877388509,-6.2622759970809
"SUN2","SUN2",-0.949934462308447,1.59102474856495e-07,4.05253763021724e-10,9905.6300462507,-6.25199061111593
"JRK","JRK",-0.705891296985999,1.59102474856495e-07,4.08741104319834e-10,556.996666420712,-6.25065261471807
"HECTD4","HECTD4",-0.848197447152463,1.71651423272227e-07,4.47464891223078e-10,958.063466442318,-6.23650154721532
"XIRP1","XIRP1",-4.87440650208417,1.76384590420549e-07,4.66467238257526e-10,51.0749743744916,-6.22998923112764
"DIAPH1","DIAPH1",-0.846942313952282,1.98615296368967e-07,5.32762327333735e-10,8577.99469469517,-6.20913738222195
"TNNT1","TNNT1",-3.87418714913326,2.04809935335174e-07,5.57116451098738e-10,862.85357769981,-6.20210850108688
"PDPK1","PDPK1",-0.567446918307469,2.35628482510592e-07,6.49849983878242e-10,2072.54006006897,-6.17783883997615
"ARFGEF1","ARFGEF1",-0.544564930155183,2.52216318669143e-07,7.1465578224284e-10,1630.87895830015,-6.16280924741102
"MED23","MED23",-0.531527439283176,2.52216318669143e-07,7.11105145773227e-10,888.976444713799,-6.16359759960077
"LY75","LY75",-1.16323325090998,2.93655570721398e-07,8.43168362039603e-10,974.490373213506,-6.13658014479085
"USP34","USP34",-0.596909470061046,2.95346415762676e-07,8.5918145807269e-10,3030.5942300786,-6.13358931440735
"NOMO2","NOMO2",-0.791592624634365,3.03601997354094e-07,8.94667565590666e-10,4575.28982178871,-6.12715064658477
"ATP7A","ATP7A",-0.790958970768763,3.15184300296053e-07,9.40706476383249e-10,699.947178596687,-6.1191587581573
"PLEC","PLEC",-0.943289873992902,3.29388547808115e-07,9.97711461718324e-10,27507.6684301594,-6.10977588444987
"MARF1","MARF1",-0.553994049544657,3.35607487185725e-07,1.03969979784765e-09,2967.72270107275,-6.10319329055859
"CHD8","CHD8",-0.515804058596285,3.70920530330527e-07,1.16311171625047e-09,2241.2399408193,-6.08524794459616
"TM9SF4","TM9SF4",-0.552959469536805,3.78051313454681e-07,1.2140376154614e-09,2224.95769992569,-6.07837870753748
"LOR","LOR",-5.76253184778902,4.09486011219819e-07,1.3434053526904e-09,1826.06273249456,-6.06211806878203
"GLG1","GLG1",-0.752908984191772,4.09486011219819e-07,1.34592477902921e-09,7724.80234024531,-6.06181678987147
"SBSN","SBSN",-4.4270356773806,4.12770385971736e-07,1.37231455534825e-09,1111.36904489205,-6.05869366401206
"SLC9A6","SLC9A6",-0.631729724167372,4.18649671057687e-07,1.40767768801746e-09,1029.54393883225,-6.05459912882861
"LMBRD2","LMBRD2",-0.613509535462484,4.29118415521106e-07,1.45909015818125e-09,744.472143103312,-6.04882171447157
"AP1G1","AP1G1",-0.515194051468778,4.56243563125625e-07,1.56855809605319e-09,2626.71196786126,-6.03715421067388
"ADGRE5","ADGRE5",-1.03227879498379,4.65750556939135e-07,1.63400600402077e-09,8290.18878361648,-6.03055198160471
"ASXL2","ASXL2",-0.587986465371836,4.65750556939135e-07,1.6364351428214e-09,1937.59275632817,-6.03031192559384
"AGO1","AGO1",-0.567108489882151,4.92691589376783e-07,1.76832147005155e-09,2007.64148677498,-6.01777371632546
"MICAL3","MICAL3",-1.10727220763268,5.21224852399417e-07,1.89042222336862e-09,604.729427847606,-6.00695305556783
"NEMP1","NEMP1",-0.737235890187191,5.61297634026848e-07,2.05696741473438e-09,406.36329291057,-5.99324330633532
"UBR5","UBR5",-0.580154776450747,5.70134080947643e-07,2.11088971751366e-09,2712.17954405717,-5.9890355907106
"SPEN","SPEN",-0.821035138322292,6.07714284529446e-07,2.27298780340833e-09,2370.51360894783,-5.97698954491946
"COL7A1","COL7A1",-2.64262491119168,6.40033161575306e-07,2.49058958186016e-09,166.922309213662,-5.96207225873542
"MTOR","MTOR",-0.625951314909692,6.40033161575306e-07,2.4678663102458e-09,1619.88133076474,-5.96356935567418
"CDK12","CDK12",-0.57157133293238,6.40033161575306e-07,2.4546331277413e-09,1488.81138034956,-5.96444740710761
"AGRN","AGRN",-1.30380222217087,6.61917692482717e-07,2.65077167264226e-09,5016.25095655077,-5.95188156921727
"ERAP1","ERAP1",-0.860958641680534,6.61917692482717e-07,2.63017977674193e-09,3297.87164759572,-5.95315748622203
"ZMIZ1","ZMIZ1",-0.73271885057766,6.62293473960346e-07,2.67729803595742e-09,6862.71902462909,-5.95025209238562
"SOGA1","SOGA1",-0.976164624218944,6.70815284646654e-07,2.73709058679356e-09,1529.4557340345,-5.94663604592987
"DCAF1","DCAF1",-0.627393465621671,7.21100841349071e-07,2.96951119071551e-09,877.452001510645,-5.93327485153916
"IGHV3-11","IGHV3-11",-3.84885128170496,7.57447787780498e-07,3.3462891028673e-09,3704.42348892992,-5.91363996753613
"TGOLN2","TGOLN2",-0.785930795543503,7.57447787780498e-07,3.33027331979519e-09,11206.0317354121,-5.91442975094972
"ITPR2","ITPR2",-0.749653703533151,7.57447787780498e-07,3.23887329088888e-09,2614.03039436635,-5.91900895664244
"HERC2","HERC2",-0.714828262257498,7.57447787780498e-07,3.28163069896853e-09,2093.37700048174,-5.91685132756703
"GTF3C1","GTF3C1",-0.636284885774369,7.57447787780498e-07,3.22298377761485e-09,2556.39689595798,-5.91981784971394
"LEMD3","LEMD3",-0.555621363977012,7.57447787780498e-07,3.33730168057636e-09,1125.82637468827,-5.9140827083622
"SP1","SP1",-0.51479239987012,7.57447787780498e-07,3.15796867024718e-09,3567.25026036035,-5.92316855249715
"SMG1","SMG1",-0.847140270698752,8.93594812078099e-07,4.01744616862344e-09,2239.65607025422,-5.883473429237
"BAZ2A","BAZ2A",-0.598594344979191,8.97957359667121e-07,4.10490915862789e-09,2729.32577824819,-5.87990947511072
"CSPG4","CSPG4",-1.36981521238539,9.03705617919173e-07,4.16727949764335e-09,3246.63418915985,-5.87741286166316
"NOTCH2","NOTCH2",-0.928533216783742,9.03705617919173e-07,4.19947073950879e-09,12216.3766201066,-5.87613847654426
"PLAGL2","PLAGL2",-0.604738117484195,9.24092431993559e-07,4.36403165964694e-09,508.2407023057,-5.8697688421197
"ZNF646","ZNF646",-0.541816156282794,9.24641381032703e-07,4.40155706713969e-09,927.522077066569,-5.86834911089077
"NOTCH1","NOTCH1",-0.959213778785587,9.714369849664e-07,4.69078197823367e-09,2603.07695713506,-5.85778612566399
"TCAP","TCAP",-4.18462554360441,9.96806475764091e-07,4.88392497339389e-09,547.368212829907,-5.85107956697808
"QSOX2","QSOX2",-0.8504577411545,9.96806475764091e-07,4.93338049511111e-09,492.62241888875,-5.84940381957341
"NEB","NEB",-3.75335363096821,1.01758278414475e-06,5.07465062930624e-09,666.96676073856,-5.84470555522377
"DDI2","DDI2",-0.539737029099269,1.02735001266142e-06,5.16217279398426e-09,1539.35900872504,-5.84185823566405
"DENND4C","DENND4C",-0.673962558533821,1.06833255772261e-06,5.40846132210624e-09,2214.31229066208,-5.83409095767665
"SLC23A2","SLC23A2",-0.700762462560329,1.08717932193762e-06,5.54494723871617e-09,1643.91156957736,-5.8299334887385
"NCOA2","NCOA2",-0.613880916229711,1.0939439792711e-06,5.66210756583703e-09,1637.52206266351,-5.82644334746256
"SYNJ1","SYNJ1",-0.640921373205009,1.13403887874445e-06,5.95532147589551e-09,681.492255487113,-5.81800754410417
"AC005831.1","AC005831.1",-1.03515034356178,1.13778674886716e-06,6.06097440743018e-09,58.7373451792542,-5.81506661668917
"ZFYVE26","ZFYVE26",-0.714070531345169,1.13778674886716e-06,6.03064092401377e-09,1252.27682664288,-5.81590583596112
"ERMP1","ERMP1",-0.848018133334602,1.2553176288523e-06,6.84297087994778e-09,781.764838380994,-5.79473361524127
"CNOT1","CNOT1",-0.551688317946805,1.2553176288523e-06,6.92418957317751e-09,4637.38026475709,-5.79275302194116
"XRN1","XRN1",-0.550949433218869,1.2553176288523e-06,6.90465462642039e-09,1743.4520532459,-5.79322732812779
"DSC1","DSC1",-4.9593244881386,1.27505113824808e-06,7.08120886026928e-09,449.212481526352,-5.78898721076657
"IGHV3-73","IGHV3-73",-3.8885825971667,1.27617500891604e-06,7.13566441193749e-09,433.684546321317,-5.78770013946824
"TNNI1","TNNI1",-4.62509669089076,1.29156182443288e-06,7.27049423251728e-09,527.360143725644,-5.78455405420539
"GANAB","GANAB",-0.799807730580048,1.32399377001161e-06,7.503081548292e-09,10334.6263027229,-5.77925794825357
"CNNM4","CNNM4",-0.90088222038138,1.39602217754458e-06,7.96400879554315e-09,441.07579876357,-5.76921829234134
"CLEC5A","CLEC5A",-2.63210398060721,1.42276617256024e-06,8.17032975288664e-09,819.052854213117,-5.76490614143129
"UVSSA","UVSSA",-0.802991991341093,1.51428177182558e-06,8.81028345842834e-09,490.975659240469,-5.75217441259507
"SETX","SETX",-0.538056498738789,1.51428177182558e-06,8.78781859703905e-09,3732.02111410658,-5.75260589604797
"FLG2","FLG2",-4.77107566566377,1.51503379694916e-06,8.87189688039289e-09,1098.18227542588,-5.75099646813589
"TAP2","TAP2",-0.948855563898021,1.57628932600605e-06,9.34970811828741e-09,3124.22188507988,-5.74212261168176
"MEGF8","MEGF8",-0.962139627018173,1.63990341707751e-06,9.80116366754857e-09,1907.24196682551,-5.73413432185639
"POU2F1","POU2F1",-0.545133025644653,1.63990341707751e-06,9.85094424856719e-09,903.3398173131,-5.73327547492295
"NIPA1","NIPA1",-0.511835641046199,1.68037326735364e-06,1.01575323123874e-08,631.004917461757,-5.7280772331967
"BCOR","BCOR",-0.647179187446397,1.71436332142007e-06,1.04277643563652e-08,1040.72943133707,-5.72362033800551
"PTAR1","PTAR1",-0.532814813692586,1.88414567054769e-06,1.16028465109854e-08,1421.27359529292,-5.70546123185762
"SEC16A","SEC16A",-0.604615576236936,1.90255686584519e-06,1.17881040461903e-08,3144.67800532209,-5.7027626955085
"HYOU1","HYOU1",-1.05124259974405,1.90645262153628e-06,1.18842677303066e-08,4636.15770976105,-5.70137814117245
"HCFC1","HCFC1",-0.658216990985758,1.97065871636851e-06,1.23589613101051e-08,2431.41583351397,-5.6946992038868
"KRT1","KRT1",-4.23670462197457,1.98611915504804e-06,1.26810282671472e-08,6754.16486342649,-5.69030819534723
"PRKDC","PRKDC",-0.649997296243148,1.98611915504804e-06,1.26480399249845e-08,3989.41848659584,-5.690752941574
"MDC1","MDC1",-0.623597694424151,2.04769231008739e-06,1.31515241495657e-08,780.969530033944,-5.68408450337999
"HIPK2","HIPK2",-0.969890107336899,2.16428127358169e-06,1.39820959530949e-08,2273.73555675584,-5.67360790446009
"ATP13A3","ATP13A3",-0.888171640192543,2.18290340047352e-06,1.41848722989703e-08,2531.3144466539,-5.67114204558928
"NOMO1","NOMO1",-0.826987935872364,2.34518108633384e-06,1.54165820024213e-08,3443.64284973049,-5.65686177718655
"KAT6A","KAT6A",-0.599197460434512,2.45295582637172e-06,1.62177365829858e-08,2621.06343848478,-5.64815665233117
"SMC1A","SMC1A",-0.680577214613865,2.54567931163383e-06,1.69909704385743e-08,3363.08551190778,-5.64014228315546
"RREB1","RREB1",-0.617918433127228,2.54567931163383e-06,1.7023130384948e-08,1870.85935316921,-5.63981667759716
"MYO18A","MYO18A",-0.889688145580359,2.55772697957036e-06,1.72003249976774e-08,3673.71262651618,-5.6380333026761
"KDM2A","KDM2A",-0.58471552555774,2.57154236874579e-06,1.73903843743812e-08,3633.01562581418,-5.63614017389594
"ALCAM","ALCAM",-1.08789777949157,2.74981696017095e-06,1.86998773218017e-08,1656.82457532727,-5.62361813861726
"CKAP5","CKAP5",-0.540812112194472,2.80671768368426e-06,1.91928633777948e-08,1897.59459265055,-5.61912349856017
"MYH7","MYH7",-6.49184598879752,2.90037023781083e-06,2.01620055067132e-08,1490.4589727779,-5.61060537708867
"ATP2B4","ATP2B4",-0.849520806995242,2.91559443134853e-06,2.03779882050504e-08,9043.21441922768,-5.60876127403567
"SNRNP200","SNRNP200",-0.537055507081535,2.9386703034693e-06,2.08723418735966e-08,5942.63073439055,-5.60461081450039
"KIF13B","KIF13B",-0.746844104950371,3.00604789737119e-06,2.15780384789953e-08,1963.82834095599,-5.5988484021684
"PHF8","PHF8",-0.575469257528324,3.00604789737119e-06,2.15374800805299e-08,804.757522385479,-5.5991745949018
"WDFY3","WDFY3",-0.629058412427972,3.09496275678126e-06,2.2450143537799e-08,2037.66909445187,-5.59197478018355
"ZBTB33","ZBTB33",-0.513027011612106,3.11141290283656e-06,2.26870184082306e-08,1101.50354167798,-5.5901525705138
"ALOX12B","ALOX12B",-4.58954547851224,3.1122142275358e-06,2.28104408984829e-08,52.2495750119583,-5.58921042226262
"WNK1","WNK1",-0.614369877585474,3.17664032431633e-06,2.34857737462803e-08,7491.1786871575,-5.58414127622393
"FER1L4","FER1L4",-2.7802666387933,3.3618555861943e-06,2.52423195851413e-08,128.160189988952,-5.5715911803676
"MGA","MGA",-0.539343538949127,3.3618555861943e-06,2.54022107838929e-08,943.622302716928,-5.57049122717725
"PKD1","PKD1",-1.15084243789033,3.42822212551425e-06,2.62974078003291e-08,4135.96996148309,-5.5644542694898
"PLXNA3","PLXNA3",-0.930925694260668,3.42822212551425e-06,2.62415279214316e-08,833.281464675415,-5.5648252289405
"SEL1L","SEL1L",-0.867441134119387,3.42822212551425e-06,2.65031028681053e-08,6133.62719444318,-5.5630953185848
"KMT2B","KMT2B",-0.713086940474128,3.42822212551425e-06,2.63606291533262e-08,1339.65862982018,-5.56403549471808
"FBRS","FBRS",-0.511985379607363,3.42822212551425e-06,2.65810374886856e-08,2559.23921470108,-5.56258310546182
"ATP1A1","ATP1A1",-0.725260992998956,3.58323450971902e-06,2.81579499800353e-08,14364.0686008943,-5.55252061332367
"ZDHHC21","ZDHHC21",-0.527810258624952,3.6714675318704e-06,2.92674316832768e-08,483.575664007591,-5.54576343304863
"IGHV3-74","IGHV3-74",-3.33707030669279,3.68772991524239e-06,2.95363913268876e-08,1717.07169935414,-5.54416281201496
"SLAMF9","SLAMF9",-3.34069706939994,4.03511851710112e-06,3.26236488971869e-08,95.8245717851203,-5.52673967023616
"ANPEP","ANPEP",-1.24186423516295,4.2461613978965e-06,3.44903358852902e-08,8365.52440258045,-5.51696537276104
"MCM3AP","MCM3AP",-0.548429741314971,4.30765627816299e-06,3.53153278310993e-08,2354.81014166785,-5.51280807311092
"COL4A3BP","COL4A3BP",-0.554950252897539,4.31518439057364e-06,3.55400731854265e-08,2617.94330792272,-5.5116918599616
"ANGEL1","ANGEL1",-0.528446023649861,4.43666420934199e-06,3.68758217558366e-08,917.252699342605,-5.50519578759248
"DOP1B","DOP1B",-0.71573475444185,4.64612833062214e-06,3.87923367360873e-08,881.844098485155,-5.49626321471229
"HELZ2","HELZ2",-0.927584049387561,4.6909894743433e-06,3.95213514971686e-08,1865.49972365421,-5.49297734172998
"ABCC1","ABCC1",-0.682428506520222,4.7607329954749e-06,4.02887978762468e-08,1912.60479982267,-5.48958115245349
"TUT7","TUT7",-0.700459357955026,4.90758804026543e-06,4.17170013623379e-08,1281.99335558023,-5.4834246475996
"PTPN23","PTPN23",-0.59987830686081,5.0668123492676e-06,4.32619135945626e-08,2000.77346237975,-5.47699103119552
"NR2C2","NR2C2",-0.576267473628318,5.46207294411124e-06,4.79253932782127e-08,1831.64920100958,-5.45884054110213
"TTC13","TTC13",-0.55012167552682,5.46207294411124e-06,4.81948437383892e-08,385.42351854474,-5.45784487027917
"MGAT5","MGAT5",-0.718900548364946,5.84948181252775e-06,5.21545093413635e-08,2200.69337123392,-5.44380432891125
"PDPR","PDPR",-0.693491051671732,6.02204474749588e-06,5.41618085831824e-08,2153.26247798742,-5.43707676110174
"MED12","MED12",-0.657467935678025,6.02204474749588e-06,5.4323332310785e-08,1240.44390607394,-5.43654595787007
"NUP188","NUP188",-0.513966773755501,6.02204474749588e-06,5.43756354471841e-08,1576.33103822436,-5.4363744058143
"NCAPD3","NCAPD3",-0.585095974655022,6.1150017562462e-06,5.57502804861962e-08,582.905741462597,-5.43192203723033
"PRPF8","PRPF8",-0.513720389420415,6.1150017562462e-06,5.59080594284476e-08,8447.78287849995,-5.43141782636183
"BRWD3","BRWD3",-0.689990850424609,6.12059604251832e-06,5.6190443096904e-08,572.939226196509,-5.43051885151312
"TNPO1","TNPO1",-0.51273118033803,6.13528018637525e-06,5.65570427849772e-08,3218.33216244538,-5.42935828202683
"AC138028.2","AC138028.2",-1.37029810265879,6.13579557793904e-06,5.70254150958859e-08,16.4226502578857,-5.42788608499265
"PCNX3","PCNX3",-0.580876832871041,6.13579557793904e-06,5.68352424163962e-08,1814.70549062018,-5.42848242143904
"RNF213","RNF213",-0.898855171816429,6.1955420265064e-06,5.78147599284855e-08,7018.48027041928,-5.42543131279553
"CEP250","CEP250",-0.720804918062618,6.25159221971616e-06,5.85739873244024e-08,779.47889547161,-5.42310065360284
"LRRC3","LRRC3",-0.868043293762929,6.25370730587538e-06,5.88300698614594e-08,281.367484882741,-5.42232113496371
"FLG","FLG",-4.01024691724828,6.7234416979789e-06,6.37569936980129e-08,2624.8015676914,-5.40793095130879
"CASP14","CASP14",-3.91564136464666,6.7234416979789e-06,6.35693008218282e-08,267.419778551783,-5.40845909805236
"RPS6KA3","RPS6KA3",-0.505478394950566,6.80137521708328e-06,6.47529772452675e-08,4105.23836420421,-5.40515332663285
"NUMA1","NUMA1",-0.644587833888973,7.14402805654133e-06,6.82851297104143e-08,8000.46534624964,-5.39562579729834
"GRIN3A","GRIN3A",-0.938572749484917,7.72867347540687e-06,7.41653656259528e-08,90.7758542991827,-5.38077616596578
"VPS13D","VPS13D",-0.709252380308567,7.85350660018562e-06,7.59566923437802e-08,2490.00613870257,-5.37647867101087
"DSG1","DSG1",-5.08570943556998,7.92316483697618e-06,7.73941137425957e-08,1089.4913105027,-5.37310061566373
"PLA2G4F","PLA2G4F",-3.80511681143476,8.20334071132789e-06,8.08897928012611e-08,52.4053090523968,-5.3651325538158
"LGALS7B","LGALS7B",-4.86371159204119,8.29980666589185e-06,8.21545712517913e-08,834.275702935403,-5.36233154558119
"KRT15","KRT15",-3.69103413178483,8.4629642729001e-06,8.41228830887971e-08,100.526270719616,-5.35805446603949
"MACF1","MACF1",-0.637449725304847,8.4629642729001e-06,8.4409028223417e-08,6322.33165316597,-5.35744076416777
"RAPGEF6","RAPGEF6",-0.667980324627283,8.54209252107222e-06,8.58525139813368e-08,721.350173714452,-5.35437527800839
"NCSTN","NCSTN",-0.608861219495678,8.5625482087616e-06,8.66962454172091e-08,3865.43761316954,-5.35260650073593
"FMNL2","FMNL2",-0.786915836921332,8.92644125820882e-06,9.10551641435785e-08,2011.03310043015,-5.34372602342837
"MYL2","MYL2",-4.37014473723613,9.2829467367222e-06,9.50424483604109e-08,530.276238656659,-5.33595600174666
"ACTN2","ACTN2",-4.22320391721839,9.53516167560799e-06,9.88684397959205e-08,293.317265754628,-5.32879145681431
"EXTL3","EXTL3",-0.61445681754199,9.53516167560799e-06,1.00021071216716e-07,1753.54360735706,-5.32668560053062
"AGO2","AGO2",-0.56682190718908,9.53516167560799e-06,9.90369804482201e-08,1889.57987980151,-5.32848205447378
"RAPGEF2","RAPGEF2",-0.544301429500901,9.53516167560799e-06,1.00146395625789e-07,1671.73930195897,-5.32645805050892
"TNK2","TNK2",-0.634186220806198,9.6918576993077e-06,1.02196608318635e-07,1494.74050398564,-5.32277413152424
"KIAA1147","KIAA1147",-0.585329954430451,9.6918576993077e-06,1.02524468465229e-07,1178.04658742144,-5.3221916603882
"CDSN","CDSN",-6.105389055752,9.70385504574009e-06,1.03064803744391e-07,459.914832761405,-5.32123563195507
"GBF1","GBF1",-0.542754298310027,9.74982739726978e-06,1.04242742582921e-07,2689.69129712844,-5.31916818134339
"SLC28A3","SLC28A3",-2.40780671158895,9.92527061923064e-06,1.06493515276796e-07,130.297523778411,-5.31527987808568
"PSAPL1","PSAPL1",-5.14643133152583,1.00492124762689e-05,1.08203013175286e-07,112.88783601398,-5.31237943429704
"RAPGEF1","RAPGEF1",-0.628632415800669,1.03167769456749e-05,1.11473731779177e-07,6416.45391072603,-5.30695164884995
"TRERF1","TRERF1",-0.729297896577762,1.04469872233831e-05,1.13275353549849e-07,640.35543377181,-5.30402731217243
"IQGAP1","IQGAP1",-0.585337170011986,1.05168574219912e-05,1.14766974033289e-07,20254.4139026614,-5.30164001962024
"LIMD1","LIMD1",-0.606454967060383,1.09222817321272e-05,1.20079488611168e-07,1308.75476962078,-5.29337475863013
"PIGO","PIGO",-0.573730766489778,1.09591645630836e-05,1.20899015921282e-07,643.716122411612,-5.29213133458034
"KLF13","KLF13",-0.597564743510453,1.13369702065081e-05,1.25923504503887e-07,8484.15778289153,-5.28468170821179
"PHRF1","PHRF1",-0.546162702437981,1.18637392468319e-05,1.3356735409558e-07,1831.52625820091,-5.27388262045499
"ADAM17","ADAM17",-0.613365204933334,1.21022456369418e-05,1.36709790526488e-07,1759.31827130281,-5.26961554749032
"SLC4A11","SLC4A11",-1.64303891077234,1.25261124988212e-05,1.41971126587569e-07,44.5430963341993,-5.26267926166338
"ACTA1","ACTA1",-4.71041883224632,1.25871378564721e-05,1.43138331436704e-07,2070.7490822539,-5.26117421088488
"IQSEC1","IQSEC1",-0.569290300559319,1.26019049896245e-05,1.43782360756606e-07,5420.46349309879,-5.2603488421731
"USF3","USF3",-0.604963806695319,1.27356489901023e-05,1.4578947614194e-07,772.222613633238,-5.25779932944355
"AC083862.2","AC083862.2",-0.929791671018904,1.2769935800307e-05,1.47629315610485e-07,51.0550535643219,-5.25549194435935
"BRI3BP","BRI3BP",-0.554188384234756,1.2769935800307e-05,1.47284683961569e-07,689.472058657882,-5.25592203015769
"TRPM4","TRPM4",-0.604097548178259,1.28532870650066e-05,1.4907851180464e-07,1103.66739489104,-5.25369397150013
"ABHD2","ABHD2",-0.869081257743412,1.39183786183007e-05,1.62483622088289e-07,7191.73857184018,-5.23782090145576
"TNRC18","TNRC18",-0.698441249230192,1.39183786183007e-05,1.62338681340761e-07,4095.38250978948,-5.23798565013378
"JSRP1","JSRP1",-2.71049360251165,1.42077076407603e-05,1.67984060445125e-07,571.578449386825,-5.23167152345001
"YLPM1","YLPM1",-0.518001031856577,1.42077076407603e-05,1.67958540807769e-07,1971.10699233472,-5.23169960171966
"HEATR5B","HEATR5B",-0.517886440173009,1.42077076407603e-05,1.66933234920318e-07,898.748872473602,-5.2328311318525
"KRT80","KRT80",-3.23865164552696,1.42350300677982e-05,1.68869222157567e-07,151.058517156348,-5.2307001579996
"SLC6A6","SLC6A6",-0.872309644646129,1.44542504272191e-05,1.7276974015115e-07,4257.88192790981,-5.22647759867082
"IDS","IDS",-0.535356659504589,1.44542504272191e-05,1.72717367829337e-07,9184.84812073872,-5.22653368205787
"HECTD1","HECTD1",-0.610474186566637,1.44836588113539e-05,1.74007461634763e-07,3870.81326955958,-5.22515693536743
"NSD1","NSD1",-0.523100871583312,1.45902033022578e-05,1.76389929983093e-07,2246.13224049056,-5.22264018380277
"RERE","RERE",-0.656739536710194,1.48523034649972e-05,1.81241981910691e-07,3911.3255338376,-5.21761470797754
"LMLN","LMLN",-0.620176395199101,1.48523034649972e-05,1.81223263393859e-07,282.596950135492,-5.21763384444062
"PLXNB2","PLXNB2",-0.824889661386878,1.49338471687062e-05,1.82801257420409e-07,9148.76821500568,-5.21602728806546
"LAMA5","LAMA5",-1.22642497456097,1.55391675200423e-05,1.92559104861305e-07,2082.64658626365,-5.20638097796436
"ITGAX","ITGAX",-1.66807536556741,1.57639222599326e-05,1.97130917980947e-07,1558.79654891681,-5.20202290944698
"PIKFYVE","PIKFYVE",-0.549056923985985,1.57639222599326e-05,1.97056189198039e-07,1263.42530532295,-5.20209335573363
"KLK7","KLK7",-4.24625131639029,1.57687609224312e-05,2.00765893341618e-07,135.815555087696,-5.19862703760879
"ACE","ACE",-1.00936856123898,1.57687609224312e-05,1.99894166472967e-07,2571.67883876563,-5.19943597420057
"ZFP41","ZFP41",-0.5705580887843,1.57687609224312e-05,1.998392289556e-07,305.246924400341,-5.19948706872513
"HIC2","HIC2",-0.566766031062191,1.57687609224312e-05,2.00339186039147e-07,212.135756593133,-5.1990225842208
"IL17RA","IL17RA",-0.795104187072425,1.62354428967374e-05,2.0732100567068e-07,2814.61306147824,-5.19265063497195
"CREBBP","CREBBP",-0.551646477686432,1.63186729081149e-05,2.09593696415083e-07,2988.55641362011,-5.19062114921714
"TMEM245","TMEM245",-0.734202341479612,1.64944718317056e-05,2.12498201466304e-07,2944.67694879063,-5.18805819696674
"FN1","FN1",-1.58028190766491,1.69902580944986e-05,2.19527306219295e-07,657173.055555908,-5.18199312728716
"CLSTN1","CLSTN1",-0.770093577140626,1.70291947731613e-05,2.21088131445498e-07,6888.40737797187,-5.1806718528237
"OAS3","OAS3",-1.20406173796843,1.71733517913079e-05,2.25137068706179e-07,3111.07028785708,-5.17728590452455
"CANX","CANX",-0.602602953458173,1.73040144562553e-05,2.27503760277186e-07,22544.7415818073,-5.17533389026184
"DDX60","DDX60",-0.68592815721189,1.75277959146278e-05,2.31108117957048e-07,1402.83481454006,-5.17239844053183
"OGFRL1","OGFRL1",-0.52845167572052,1.78718757864493e-05,2.36995292645876e-07,3175.04444956905,-5.16769764530619
"GPD2","GPD2",-0.574649986142154,1.79385585170571e-05,2.38557278250183e-07,1089.10993964732,-5.16646936754309
"MINK1","MINK1",-0.577244021830079,1.80362091228739e-05,2.41218709792488e-07,3306.25680546195,-5.16439432136314
"CCDC93","CCDC93",-0.510195652430658,1.80362091228739e-05,2.4091404392703e-07,1442.68558382504,-5.16463073695051
"KCNN4","KCNN4",-1.26387377504152,1.81049668108233e-05,2.42822290900385e-07,804.274890285476,-5.16315470483143
"NOP9","NOP9",-0.511485659595157,1.91253315281557e-05,2.60120115989876e-07,1541.42947193502,-5.15026395553917
"GPR107","GPR107",-0.640185914121501,1.91365066967087e-05,2.60995085477798e-07,3868.60479470036,-5.1496341211337
"VPS13A","VPS13A",-0.719190430453714,1.94698442034186e-05,2.66276912676623e-07,961.157709886381,-5.14587484661712
"POF1B","POF1B",-3.0443806121522,1.94988391451912e-05,2.67596118148547e-07,262.865128153056,-5.14494716183418
"RPTOR","RPTOR",-0.563512393283601,1.94988391451912e-05,2.68146792430753e-07,1390.06511803553,-5.14456122566589
"DMKN","DMKN",-3.12626673253613,1.97515285906599e-05,2.73860402462208e-07,1597.81141773814,-5.14060145290776
"SLC38A2","SLC38A2",-0.593555221657373,2.01213048856069e-05,2.80297646973972e-07,6651.73471867907,-5.13623464964175
"MB","MB",-3.77532415425446,2.08745204407417e-05,2.9372264516455e-07,564.061917851077,-5.12743095534538
"ADCY7","ADCY7",-0.870013404249354,2.08792576687733e-05,2.95018412789346e-07,3309.11412285455,-5.12660189963617
"GOLGA7B","GOLGA7B",-1.60759188764662,2.09472290091408e-05,2.97848992487791e-07,577.014375144931,-5.12480300616793
"KIAA1109","KIAA1109",-0.647459756591948,2.09472290091408e-05,2.98322915376425e-07,1603.6115804352,-5.12450343241659
"ZKSCAN8","ZKSCAN8",-0.616096134066201,2.09472290091408e-05,2.98352991667464e-07,892.446582319521,-5.12448443625335
"HMGCR","HMGCR",-0.863557275907558,2.09496616618554e-05,2.99179119278451e-07,983.22288859631,-5.12396337631283
"KIF1B","KIF1B",-0.867052832100449,2.09840466349927e-05,3.02841279027059e-07,3287.11231722576,-5.12167016269811
"TLN1","TLN1",-0.718562753701698,2.09840466349927e-05,3.01137632377474e-07,22810.8801091011,-5.12273362165155
"CERS6","CERS6",-0.665323625715731,2.09840466349927e-05,3.02636086935483e-07,1382.61881080088,-5.12179794233613
"ABR","ABR",-0.570422293232705,2.09840466349927e-05,3.01970053044707e-07,5339.49379989098,-5.12221328003025
"SIPA1L3","SIPA1L3",-0.635142505149902,2.12180204587197e-05,3.07019601635484e-07,899.257887564992,-5.11908621061438
"SMCR8","SMCR8",-0.538105212733527,2.13896540736028e-05,3.1090472238212e-07,1619.21356173185,-5.11671386459311
"ATP2A2","ATP2A2",-0.957875035043831,2.18484999099551e-05,3.19626994850352e-07,9016.41310055705,-5.11149044422734
"CEP192","CEP192",-0.529458247813324,2.18484999099551e-05,3.20269672638278e-07,555.989569469443,-5.11111103258075
"KPRP","KPRP",-5.52624460802038,2.22037841421121e-05,3.2715538235006e-07,181.167459493909,-5.10709148267121
"PCDHGA10","PCDHGA10",-1.00814680330569,2.22669391352785e-05,3.2976841365481e-07,366.19454414647,-5.10558746375006
"EDEM3","EDEM3",-0.55505250019028,2.23023892002548e-05,3.31136006486839e-07,1739.94466072962,-5.10480487952924
"CDK6","CDK6",-0.747068365850609,2.29352389722695e-05,3.43131762930927e-07,1098.08910326579,-5.09807120144544
"F5","F5",-1.75086464124571,2.33565453101147e-05,3.51709585447715e-07,950.420198932201,-5.09339407601732
"ZNFX1","ZNFX1",-0.53073882520029,2.33565453101147e-05,3.51060185731554e-07,3771.95715093017,-5.09374429289329
"AC015813.6","AC015813.6",-0.689759173042029,2.41968584750098e-05,3.67491673540895e-07,152.127677562868,-5.08506939795057
"IGHV3-19","IGHV3-19",-3.70228772522876,2.41979735507171e-05,3.68730297258412e-07,219.322059756004,-5.08443073418564
"SHPRH","SHPRH",-0.500854464582382,2.45994912460766e-05,3.76394799752958e-07,435.543541606653,-5.0805241898371
"SRRM2","SRRM2",-0.619269574098862,2.47286919115634e-05,3.79305939631067e-07,7821.66196975073,-5.07906048848518
"KDM4B","KDM4B",-0.52953198291464,2.4825902376825e-05,3.8173494530839e-07,1451.04362539833,-5.07784747386647
"DAGLB","DAGLB",-0.60944986472105,2.49126747063753e-05,3.84010400098271e-07,930.315293122061,-5.07671787892975
"SLURP1","SLURP1",-3.72544446381923,2.52383249057524e-05,3.90858807716421e-07,163.055205450735,-5.07335671578883
"HSPG2","HSPG2",-1.10366435131817,2.52383249057524e-05,3.90937066430861e-07,24975.4952993945,-5.07331863619398
"ACVR2B","ACVR2B",-0.612305411943606,2.52482010715263e-05,3.92043924606041e-07,253.379306195534,-5.07278084082679
"KIDINS220","KIDINS220",-0.528800103193284,2.61027229596902e-05,4.07284921317467e-07,3375.0962184529,-5.06552097766667
"DSC3","DSC3",-3.88539078394801,2.63783466097502e-05,4.13578671013122e-07,351.536830600061,-5.06259923153047
"SORL1","SORL1",-1.1627280599271,2.69930039053123e-05,4.2423550661566e-07,2832.05240801281,-5.05774845951051
"POM121","POM121",-0.595223037813986,2.72245741868666e-05,4.28903526235345e-07,1680.75948284321,-5.05566059539662
"NECTIN4","NECTIN4",-2.0037743359194,2.7337045034605e-05,4.32741012864086e-07,447.872375710724,-5.05396055765967
"CERS3","CERS3",-3.75995740668338,2.77162384053674e-05,4.42167890699184e-07,43.6700366664246,-5.04984534643435
"CCL7","CCL7",-3.06939429148483,2.77162384053674e-05,4.4293206564171e-07,198.025193378002,-5.04951547151665
"AC087500.2","AC087500.2",-1.60331864149894,2.77162384053674e-05,4.42436218353354e-07,5.941778028108,-5.04972945359127
"MAST3","MAST3",-0.721539005156138,2.80517490500056e-05,4.50413440109274e-07,874.85128505992,-5.04631464174191
"MYBPC1","MYBPC1",-5.32176111393233,2.87505614371223e-05,4.64892526921619e-07,596.951405514789,-5.04026299823221
"GRIN3B","GRIN3B",-1.68163353291973,2.87505614371223e-05,4.63876664718607e-07,19.2664485560172,-5.04068161427892
"AC136428.1","AC136428.1",-4.99687402562048,2.87696343565257e-05,4.66287851409178e-07,39.375155592826,-5.03968944950156
"SKIL","SKIL",-0.512797848243416,2.99038742769506e-05,4.88060511830543e-07,2538.74776457059,-5.03094800311685
"SLC8B1","SLC8B1",-0.570374599307644,3.02677628483112e-05,4.95143047085978e-07,2062.25232710742,-5.02818539394193
"DSP","DSP",-2.67316147634568,3.0280974662816e-05,4.98356800063434e-07,1432.70434148806,-5.02694438711525
"AC108449.2","AC108449.2",-0.907215403938483,3.0280974662816e-05,4.99421145214618e-07,32.6567595169099,-5.02653508570804
"SACS","SACS",-0.621988194784749,3.0280974662816e-05,4.97279342573111e-07,946.021115094698,-5.02735959052692
"IGHV4-34","IGHV4-34",-3.11511063817011,3.15164423778635e-05,5.2715044258216e-07,2662.78223912401,-5.0161577760435
"TNXA","TNXA",-2.82923502506735,3.15164423778635e-05,5.25949499437242e-07,130.619486964929,-5.01659618935484
"PCDHGB5","PCDHGB5",-1.27669991835546,3.15164423778635e-05,5.29858206133562e-07,256.826925670816,-5.01517280986992
"SMAD7","SMAD7",-0.543128833945711,3.16765129316571e-05,5.33746071537234e-07,1392.18833538676,-5.01376702839359
"TMEM164","TMEM164",-0.665666193110599,3.18866532393237e-05,5.39696273044582e-07,1523.79301641256,-5.01163454779079
"IGLV4-60","IGLV4-60",-3.60383604907125,3.19071321222993e-05,5.41248340432672e-07,283.300124778811,-5.01108203335225
"TAS1R3","TAS1R3",-2.01905915581961,3.20697827555843e-05,5.45219019986132e-07,103.712456523782,-5.00967544997477
"ELMSAN1","ELMSAN1",-0.597069026339724,3.28662583806892e-05,5.6124329548043e-07,1986.85655526376,-5.00409755969027
"PCDHGA11","PCDHGA11",-1.13300332622481,3.32785568090696e-05,5.71614702357752e-07,203.114363705537,-5.00056864894098
"ATRN","ATRN",-0.700188157889944,3.32785568090696e-05,5.72055738717997e-07,3243.09323686196,-5.00041995654284
"STRN","STRN",-0.549756702850076,3.37042022648196e-05,5.80645896435746e-07,1441.81684796595,-4.99754567076373
"DOCK8","DOCK8",-0.961974736099013,3.39056031719541e-05,5.86677481308511e-07,2801.56144122642,-4.99555188251559
"AL158212.3","AL158212.3",-0.67037274859812,3.44144713955096e-05,5.99383101489664e-07,164.186191418259,-4.99141580199615
"DCHS1","DCHS1",-0.927123876735841,3.57150160410391e-05,6.26082112775025e-07,2573.89334574165,-4.9829930158251
"AL049840.2","AL049840.2",-0.686851602080492,3.57802264812429e-05,6.28577026475421e-07,67.0112950302687,-4.98222371453604
"IGHV3-6","IGHV3-6",-3.68866398062238,3.5973964230836e-05,6.35393824205779e-07,108.328166869166,-4.98013667959235
"CAPNS2","CAPNS2",-3.31639321544812,3.5973964230836e-05,6.36057851072245e-07,23.4161299883114,-4.97993453551636
"REL","REL",-0.705070992990215,3.62193434250971e-05,6.43133152359199e-07,806.568122479041,-4.97779320154124
"PLEKHM3","PLEKHM3",-0.595868419518029,3.64223057699911e-05,6.48113114120889e-07,622.734435728401,-4.97629959123479
"XPO4","XPO4",-0.565264411951269,3.6567133037112e-05,6.53453244420037e-07,949.603137002249,-4.97471019721538
"COL4A2","COL4A2",-1.25388138617016,3.66929557096864e-05,6.57087952185248e-07,23645.7548514113,-4.97363553519054
"SLC3A2","SLC3A2",-0.523270712245967,3.67224618122306e-05,6.59003716075769e-07,4533.12793598288,-4.97307141090907
"IGHV3OR16-9","IGHV3OR16-9",-3.678004608154,3.71383710348565e-05,6.70195865354196e-07,205.712953762594,-4.96980697601767
"LY6D","LY6D",-3.64279822833207,3.71383710348565e-05,6.70768101116203e-07,129.957559215268,-4.96964148592808
"LFNG","LFNG",-0.617488101538952,3.73953536910775e-05,6.79470628911159e-07,2186.02812596482,-4.96714135074516
"CAD","CAD",-0.540582848948355,3.73953536910775e-05,6.79555900313888e-07,1340.83191212792,-4.96711700624215
"POLE","POLE",-0.562388325213999,3.82792646480923e-05,7.02849469907169e-07,545.204071990939,-4.96057464166411
"LRRC8C","LRRC8C",-0.586198346996646,3.86970575438404e-05,7.11982584300512e-07,2181.09100347332,-4.95806632671018
"ARL10","ARL10",-0.575981116644677,3.95920529594467e-05,7.30811775317022e-07,380.418479400115,-4.9529914753315
"IGHV3-38","IGHV3-38",-4.21764071267422,4.03921192042787e-05,7.47747871475937e-07,33.328609264184,-4.94853333050138
"POLR1A","POLR1A",-0.566162243847476,4.08892419874186e-05,7.58495516106484e-07,1432.06559916033,-4.94575437257279
"PLA2G4E","PLA2G4E",-3.19579372667521,4.09363356029184e-05,7.60915679347004e-07,21.2324122318313,-4.94513383919673
"RCOR1","RCOR1",-0.520582459686644,4.12134898053596e-05,7.69868072709239e-07,1118.64541463605,-4.94285483943372
"PARP14","PARP14",-0.867887251440278,4.13219985417612e-05,7.75890032689384e-07,3196.73396727117,-4.94133615375348
"POM121C","POM121C",-0.54327077021936,4.13568222341125e-05,7.80278913848705e-07,1543.39772806306,-4.94023645245633
"UTP20","UTP20",-0.515950147889786,4.16194192939223e-05,7.87764141684804e-07,682.066216855226,-4.93837458799768
"ANKFY1","ANKFY1",-0.564298897984764,4.17211477566219e-05,7.91265864740798e-07,2708.26329489805,-4.93750941792299
"TMED8","TMED8",-0.510931565137214,4.18208153622938e-05,7.94736111195503e-07,895.733539667898,-4.93665565549585
"KIAA0556","KIAA0556",-0.548176222594738,4.22535567838608e-05,8.0455599452438e-07,614.737751638971,-4.93425904826862
"RPAP1","RPAP1",-0.529108601875763,4.24344036255837e-05,8.09602698663333e-07,561.9186884466,-4.93303830566662
"PAQR5","PAQR5",-1.50869393033295,4.2736631791314e-05,8.18598070127175e-07,227.323346522324,-4.93088048626692
"DOCK4","DOCK4",-0.790368317130064,4.2736631791314e-05,8.1807300373562e-07,1629.74326172531,-4.93100581067761
"XIRP2","XIRP2",-5.59549610927172,4.27754113112521e-05,8.20956928713441e-07,301.362703302185,-4.93031842036653
"PPARA","PPARA",-0.593599188476477,4.28900047971351e-05,8.26397009578711e-07,1262.04308175907,-4.92902807196476
"NCOR2","NCOR2",-0.63341455828787,4.29763850944246e-05,8.29685019579544e-07,8624.20774148335,-4.92825214014462
"DCD","DCD",-3.51000578466305,4.33021751492884e-05,8.37610551076189e-07,145.022747579717,-4.92639391291163
"SERPINA12","SERPINA12",-4.75076031456791,4.36086681616169e-05,8.45186700174146e-07,164.131466048196,-4.92463336490119
"SNX30","SNX30",-0.546151742058688,4.36943353478912e-05,8.51799351675993e-07,1159.01899168655,-4.92310909248641
"ASH1L","ASH1L",-0.540878014577107,4.39250789216969e-05,8.57957074408452e-07,2239.46688493567,-4.92169989709007
"PLBD2","PLBD2",-0.78137948569149,4.49386660744275e-05,8.81150315184853e-07,5688.98908240071,-4.91647814121702
"UBN2","UBN2",-0.556874427977705,4.59638196700704e-05,9.0646091154848e-07,546.974816847981,-4.91092860340303
"KRT10","KRT10",-2.91140774082963,4.64372438512426e-05,9.19306198876085e-07,15824.4381311497,-4.90816900491698
"SLC9A2","SLC9A2",-4.49278983054741,4.64952476302443e-05,9.22211077331151e-07,9.64294564152205,-4.90755008869444
"SYNE1","SYNE1",-0.584850649453967,4.70122969558531e-05,9.34242630956165e-07,3535.15897758034,-4.90500646299862
"LCE2B","LCE2B",-5.58266135338027,4.71633329683726e-05,9.39586986583946e-07,119.632597022667,-4.90388669815495
"ATP2A1","ATP2A1",-3.60875326246106,4.71633329683726e-05,9.43661789970916e-07,272.423458285862,-4.90303704599437
"TNKS","TNKS",-0.509161717679609,4.71633329683726e-05,9.40912887126136e-07,1255.57354914267,-4.90360984107146
"ZNF316","ZNF316",-0.535833454407597,4.72212601753165e-05,9.4731531803593e-07,1052.44364447012,-4.90227823344146
"PBXIP1","PBXIP1",-0.685405504001647,4.73466312273881e-05,9.51619170084644e-07,5385.04891775012,-4.90138795914625
"HSPA5","HSPA5",-0.835729823628976,4.76391097988224e-05,9.61097307513361e-07,20577.9002716137,-4.89944094714749
"RNF44","RNF44",-0.514691998683852,4.81570963590852e-05,9.73366827311595e-07,1824.90731399354,-4.89694779703833
"PRKXP1","PRKXP1",-2.0199874510481,4.8521556845633e-05,9.84399713857906e-07,7.14069185012294,-4.89473162845991
"ULK1","ULK1",-0.589634868830087,4.91160485028462e-05,9.98316298104623e-07,1801.7392216112,-4.89197006772043
"MTMR4","MTMR4",-0.506902428101141,4.92239783976492e-05,1.00236972897854e-06,844.69782585956,-4.89117268530375
"TMPPE","TMPPE",-0.845901204494948,4.93615953042647e-05,1.00703696642498e-06,105.384854911265,-4.89025839160083
"ATXN1L","ATXN1L",-0.60624050070204,4.96124407319488e-05,1.01402888042557e-06,2418.21691364031,-4.88889630649924
"ATP10D","ATP10D",-0.549007065248291,4.98990290850561e-05,1.02554202358497e-06,973.259565320373,-4.88667302376503
"ADAM10","ADAM10",-0.643057872071511,5.01315215504591e-05,1.03221425988893e-06,4186.72814245355,-4.88539553046363
"IGHV3-30","IGHV3-30",-2.98903157059064,5.0791946457299e-05,1.04773141281066e-06,10726.9417238029,-4.88245502447485
"SFN","SFN",-2.99181998802053,5.10503186343103e-05,1.0569184559901e-06,411.123955985014,-4.88073376884047
"ITPR3","ITPR3",-0.94426085885704,5.12870601951272e-05,1.06569508131474e-06,2301.15100704247,-4.87910280446264
"INCENP","INCENP",-0.680550531246354,5.16130066059703e-05,1.07441787146812e-06,578.244730133763,-4.8774946027322
"RAPH1","RAPH1",-0.800607227717797,5.2948084502301e-05,1.10621068909942e-06,2545.94983192064,-4.87173752135707
"SZT2","SZT2",-0.555361862547583,5.29816732857388e-05,1.10891408818993e-06,1119.63127841891,-4.87125535724567
"ZNF750","ZNF750",-3.08501362253688,5.40984992052579e-05,1.13842094742259e-06,41.9751583664827,-4.86606499230269
"SERPINB5","SERPINB5",-4.33829254379827,5.62246882293028e-05,1.18741171635423e-06,287.160235936794,-4.85772666503112
"DNMBP","DNMBP",-0.609060015410357,5.71836581217971e-05,1.21414544805055e-06,1011.05722491377,-4.85331509726592
"CYP4F22","CYP4F22",-2.16449122165861,5.74882900253772e-05,1.22278542008717e-06,55.9511389937524,-4.85190930522779
"CNBD1","CNBD1",-1.51362781257469,5.78115243292103e-05,1.23184478906172e-06,13.9378501165001,-4.85044550002753
"MOGS","MOGS",-0.653270003181238,5.78947391836356e-05,1.23580519244226e-06,1418.54392311934,-4.84980883201875
"MBD6","MBD6",-0.533240693723907,5.80526320256664e-05,1.24136876068333e-06,1010.63372798187,-4.84891774938692
"SLX4","SLX4",-0.648831507154288,5.82918432308504e-05,1.25347049822977e-06,290.916981611446,-4.84699268147395
"LYST","LYST",-0.600712792310105,5.82918432308504e-05,1.25529300848482e-06,1190.87182401465,-4.84670431821597
"NBEAL1","NBEAL1",-0.549104289506599,5.82918432308504e-05,1.25245573097632e-06,320.030561008225,-4.84715341596801
"LAMB2","LAMB2",-0.98056165309111,6.1880637316962e-05,1.35829273040746e-06,10914.6164606212,-4.83102891701273
"BCL9L","BCL9L",-0.743565583000721,6.19709099634148e-05,1.36729802480767e-06,2933.33427040088,-4.82971326247727
"MDN1","MDN1",-0.682888209379502,6.19709099634148e-05,1.36561650723884e-06,908.748359665977,-4.82995829465565
"SPINT1","SPINT1",-1.50676770749756,6.23081350759653e-05,1.37709241072348e-06,554.084161556948,-4.82829175078722
"MAP3K21","MAP3K21",-1.08011269371555,6.32800157484835e-05,1.40096298419326e-06,56.122056868993,-4.82486760491395
"COL5A3","COL5A3",-1.49939452760208,6.33376004916637e-05,1.40702365367404e-06,2826.79740799036,-4.82400715649046
"ANO8","ANO8",-0.921594311691658,6.33376004916637e-05,1.40538694691337e-06,425.67170384088,-4.82423917202435
"KRT5","KRT5",-3.47772169396463,6.41141271823738e-05,1.42911840408026e-06,2188.94652316803,-4.82090020617406
"ATP13A1","ATP13A1",-0.661743720814311,6.41690341870495e-05,1.43276660261235e-06,1652.01362647732,-4.82039164632794
"KRT2","KRT2",-4.24487525267512,6.42134900446774e-05,1.43618520180018e-06,5530.26737777709,-4.81991622153247
"KRT6A","KRT6A",-5.11845071623601,6.44136583805742e-05,1.44585930558756e-06,37.299367126487,-4.81857671672229
"TMEM131L","TMEM131L",-0.769990468085561,6.44136583805742e-05,1.44796277669884e-06,547.255856487182,-4.81828660481933
"CRYBG1","CRYBG1",-0.72988341441806,6.52937387006941e-05,1.47267981428518e-06,2206.11861144397,-4.81490764823106
"CKM","CKM",-3.9814506411098,6.71804376272429e-05,1.52614244810503e-06,1000.55481856462,-4.80778174978452
"ATR","ATR",-0.526670449642713,6.71804376272429e-05,1.52792411695191e-06,674.14369341781,-4.80754843038874
"TNS3","TNS3",-0.775255849263864,6.75337382933848e-05,1.54106229661885e-06,6545.399569064,-4.80583594551491
"NRAP","NRAP",-3.89307705711007,6.80534687493359e-05,1.56369480246444e-06,204.0292036265,-4.80291858115353
"IGKV2-40","IGKV2-40",-3.68516747232426,6.80534687493359e-05,1.56577741767145e-06,122.973746726883,-4.80265217178382
"P2RX7","P2RX7",-1.09417927902009,6.85535512840504e-05,1.58277402778852e-06,1341.8965261659,-4.80049060285491
"AL049840.3","AL049840.3",-0.696277047114667,6.93274683164626e-05,1.60818563399857e-06,56.0709874989989,-4.79730010881439
"BICDL2","BICDL2",-2.81635793378917,6.94471486320339e-05,1.61358556835169e-06,29.5918982515216,-4.79662837951143
"PCDHGB7","PCDHGB7",-1.20031640107676,6.94530374577462e-05,1.61634633246332e-06,1075.98525611259,-4.79628578631275
"ZBED6","ZBED6",-0.944715103171609,6.98784824864537e-05,1.63416754161906e-06,1172.29636265525,-4.79408772958927
"SLC5A3","SLC5A3",-0.946515501467007,7.0221147945665e-05,1.64483402192423e-06,956.817102147482,-4.79278312892965
"TYRP1","TYRP1",-4.27227991713331,7.18622119193532e-05,1.69413352365697e-06,88.6299354364755,-4.78685711930674
"FAM129A","FAM129A",-0.677583522618426,7.21645017530895e-05,1.70398630834867e-06,5176.46671685265,-4.7856926710586
"IGF1R","IGF1R",-0.719516731632437,7.49508066010266e-05,1.78532178766704e-06,1295.63161975294,-4.77632003867459
"PANK3","PANK3",-0.503732248163485,7.49508066010266e-05,1.78676787809316e-06,2218.7317652536,-4.77615714018586
"APOBR","APOBR",-1.16876952696021,7.93051676940364e-05,1.91454162063128e-06,1002.21446949539,-4.76224171421357
"IL31RA","IL31RA",-1.64047351792593,7.94405508932109e-05,1.92081123471438e-06,26.3743407184442,-4.76158210141594
"SMCHD1","SMCHD1",-0.587244339901495,8.2546354922256e-05,2.00526299501344e-06,2055.83408179495,-4.75289318503541
"CLCN3","CLCN3",-0.506024810454825,8.57187796695886e-05,2.10499855624438e-06,2337.58912089013,-4.74307349617461
"PERM1","PERM1",-1.7898622230632,8.59068639602094e-05,2.11286291276952e-06,39.7544464793989,-4.74231831438132
"MAVS","MAVS",-0.507084483774751,8.66677337095574e-05,2.13485066978849e-06,2948.53047289605,-4.74022115864588
"KDM6B","KDM6B",-0.746935691210821,9.21535058120557e-05,2.28738725749067e-06,1318.31000695635,-4.72621920195205
"APP","APP",-0.815498200695737,9.38497783911492e-05,2.33658256676744e-06,30470.6935341897,-4.72189417549129
"CRCT1","CRCT1",-5.81780483063039,9.45819463862671e-05,2.35838469964624e-06,82.002829121978,-4.72000532449705
"AC004847.1","AC004847.1",-1.37173909724316,9.48699818074236e-05,2.36915100588262e-06,98.3848178095882,-4.71907874921564
"SERPINB7","SERPINB7",-4.81390957865014,9.5203240519848e-05,2.38826369357282e-06,78.4210152497965,-4.71744377751994
"LPCAT2","LPCAT2",-0.60456690375474,9.5203240519848e-05,2.38682935595162e-06,2255.88735326731,-4.71756603942369
"TMEM63B","TMEM63B",-0.537419847844425,9.61001567756729e-05,2.42528636239184e-06,814.828523210353,-4.71431214330977
"SEMA4B","SEMA4B",-0.807421822844892,9.62515865070476e-05,2.43274439431844e-06,1657.26562072914,-4.71368684869976
"MAN2A2","MAN2A2",-0.736638856259187,9.75403880878628e-05,2.47637390135796e-06,1448.10590218129,-4.71006533872777
"PNPLA6","PNPLA6",-0.637701357852097,9.83168287938466e-05,2.50722956801717e-06,3692.09899759988,-4.70754092447544
"TSSK5P","TSSK5P",-1.15707478271228,9.84253729392324e-05,2.51371612478451e-06,11.4291903079177,-4.7070140310492
"IGHV3-53","IGHV3-53",-3.06799752255614,9.89653549395941e-05,2.5462014701675e-06,844.733921862712,-4.70439477379057
"RNF39","RNF39",-1.85100168283459,9.89653549395941e-05,2.53827331866665e-06,37.0186835466088,-4.70503104022156
"ADAM8","ADAM8",-1.56257284461494,9.89653549395941e-05,2.54357776687894e-06,1943.62375595309,-4.70460512587353
"NRP2","NRP2",-0.87815016985756,9.89653549395941e-05,2.53505718844207e-06,3243.89808205205,-4.70528969179841
"LINC02035","LINC02035",-0.522948843784732,9.89653549395941e-05,2.54526216715203e-06,278.036232106833,-4.70447005729854
"TET3","TET3",-0.904826990022306,0.000100853707181843,2.60558845720403e-06,935.698378005395,-4.69968832427465
"UBE2O","UBE2O",-0.518688546318043,0.000100961259908987,2.624252779379e-06,925.177097521202,-4.69823041660233
"C10orf71","C10orf71",-4.44360699455612,0.000102877625958476,2.68183769357923e-06,37.1955127734769,-4.69379425241115
"ATP2B1","ATP2B1",-0.563163621699508,0.000104947739686456,2.74373175650867e-06,4943.42554588054,-4.68912692225416
"SLC5A1","SLC5A1",-2.88397427611463,0.0001054523884103,2.76489317906791e-06,13.75308562681,-4.68755432685943
"MTMR3","MTMR3",-0.508317980189026,0.000105479243846798,2.76958232171689e-06,1903.23215256858,-4.68720742030184
"CXCL5","CXCL5",-2.40718662077781,0.00010623780882667,2.80154106921364e-06,488.582226255103,-4.68485798932809
"FLNA","FLNA",-0.74594997292748,0.000106343915627084,2.80835683340253e-06,62359.9369406137,-4.68436026051517
"LRP8","LRP8",-0.801735032911267,0.000106534619553187,2.82144275593275e-06,287.911865135995,-4.68340788697985
"KDM7A","KDM7A",-0.517263677080143,0.000106720130798937,2.83038769204934e-06,1462.7374127724,-4.6827593238739
"SLC8A1","SLC8A1",-0.842759651303418,0.000108060701914254,2.87093100450803e-06,1526.91916009902,-4.67984412757473
"TAF1","TAF1",-0.509865975817575,0.000108060701914254,2.87410684754373e-06,1176.62089177151,-4.67961744532274
"TMEM87B","TMEM87B",-0.525980527057132,0.000109045829469406,2.91266113186476e-06,1491.29292687613,-4.67688456053837
"CELSR2","CELSR2",-1.52079532765146,0.00010989078983577,2.9393886887954e-06,207.233529741093,-4.67501029841022
"AL391903.1","AL391903.1",-1.65506277430157,0.000110035431683412,2.9474147517299e-06,25.2804883519891,-4.67445066471596
"RBL1","RBL1",-0.533797730269458,0.000110578022557649,2.96612626151086e-06,334.062344411957,-4.67315162316193
"NCCRP1","NCCRP1",-2.26371190263337,0.000111950952125912,3.00718300508229e-06,153.322493936055,-4.67032860431888
"IGHV3-75","IGHV3-75",-4.62996034421567,0.000113661378921445,3.06112042250084e-06,13.6763914371094,-4.66667560116273
"CSF1","CSF1",-0.885452179240866,0.000113661378921445,3.061716089425e-06,4592.24262508374,-4.66663560435239
"C1orf68","C1orf68",-5.00785797133211,0.000114181863562668,3.0800502695132e-06,103.773204110603,-4.66540816926546
"FAM30A","FAM30A",-2.50297445392684,0.000114200960821,3.09043447940129e-06,411.503463339431,-4.66471607350385
"CELSR3","CELSR3",-0.907068117730126,0.000114200960821,3.09782348670058e-06,53.6434974401595,-4.66422496167193
"ABCC10","ABCC10",-0.633091227601179,0.000114200960821,3.09403251515498e-06,519.38901534203,-4.66447678881029
"SCRIB","SCRIB",-0.560721924799963,0.000115761431766778,3.1532733501019e-06,1815.5072657834,-4.66057493247628
"IGKV1OR2-6","IGKV1OR2-6",-4.68413757074771,0.000116226573257572,3.17472562111242e-06,7.04074184986271,-4.65917931488946
"IGHV3-21","IGHV3-21",-2.84856670376802,0.000116806096254892,3.19496821521559e-06,5156.57430086459,-4.65787066516339
"SORT1","SORT1",-0.848645037763883,0.000116870099542745,3.20113423886396e-06,3273.35330092941,-4.65747362199907
"EPN3","EPN3",-3.6134070715514,0.000117185536393737,3.21862877170451e-06,18.0911784547356,-4.65635109265335
"APLP2","APLP2",-0.750643588830186,0.000117694800082805,3.24150928483755e-06,30559.395286536,-4.65489177346515
"AMER1","AMER1",-0.57962242193857,0.000119539724039253,3.29683775543673e-06,252.346282468513,-4.65140335294449
"PKP1","PKP1",-1.95011407964158,0.000119696903149688,3.3056948204474e-06,1031.05466456635,-4.65085014095889
"LY75-CD302","LY75-CD302",-2.40771897573187,0.000121590011898123,3.37175823541587e-06,21.5368554043138,-4.64676810962817
"CD109","CD109",-0.922758409892183,0.000122362094788751,3.39988029472861e-06,3625.94270404791,-4.64505368658236
"AHNAK","AHNAK",-0.660613711825016,0.00012292116279485,3.43189162058991e-06,91413.632293489,-4.64311863209139
"KRT16","KRT16",-3.56596875434391,0.000123125151800554,3.44689022948396e-06,47.7265704824326,-4.64221792761053
"PCNT","PCNT",-0.815158844405896,0.000123310837054192,3.46606455734327e-06,1015.8969956746,-4.64107191828074
"CUL9","CUL9",-0.509789186998263,0.000123310837054192,3.46199406926831e-06,704.996239813697,-4.64131469364461
"DIP2B","DIP2B",-0.588737763189109,0.00012467732206307,3.52802577449995e-06,1611.17102194653,-4.63740974874283
"CLCN5","CLCN5",-0.61146856258618,0.000126690779228558,3.58978746539041e-06,391.864008271048,-4.63382023674577
"KRT77","KRT77",-4.64972161066459,0.000131052626677311,3.74803877723843e-06,41.370679694885,-4.62488633588386
"RIMBP3","RIMBP3",-1.01855858988794,0.000131342274933639,3.76128468773654e-06,117.769826497589,-4.62415503844102
"FMNL3","FMNL3",-0.649007286763415,0.000132694086497066,3.80501007409698e-06,3021.95657535176,-4.62175839503271
"LTBP4","LTBP4",-1.413102888715,0.000133646229016037,3.83736197257879e-06,17612.4755941434,-4.62000207984998
"AC093010.3","AC093010.3",-3.7641637895351,0.00013393056475936,3.8505859602506e-06,460.997432831462,-4.61928826128382
"IVL","IVL",-4.82292269550757,0.000135311131328626,3.9056142784038e-06,64.0499767328289,-4.61634289924448
"PLOD3","PLOD3",-0.603653196616713,0.000136567506931464,3.96399489316261e-06,3315.41481887046,-4.61326127805682
"ZNF699","ZNF699",-0.558085068120484,0.000136567506931464,3.9676758785861e-06,110.719822117784,-4.61306843791978
"COL4A1","COL4A1",-1.21719051030099,0.000141297358774564,4.12110623650169e-06,20251.7140141849,-4.60517930294335
"SLC9A1","SLC9A1",-0.558777398678324,0.000142780376301109,4.17514871196715e-06,1411.3171910537,-4.60246742945548
"GALNT4","GALNT4",-0.666589207133814,0.00014462141192642,4.23444762714781e-06,773.605714312757,-4.59953022092367
"NECTIN1","NECTIN1",-1.37326687893253,0.000145209131770514,4.25714179810037e-06,1297.34609682633,-4.5984165452662
"FLT1","FLT1",-0.947357776398096,0.000145466631464114,4.27018673344731e-06,2293.57023485941,-4.59777896054287
"SLC2A1","SLC2A1",-1.15139551604854,0.000147929930270863,4.35367470176443e-06,1906.07934229485,-4.59374206083888
"CALML3","CALML3",-4.38272304969037,0.000148840220114977,4.38608831802041e-06,193.720857903963,-4.59219472180834
"ASCC3","ASCC3",-0.541345986363658,0.000149651975819718,4.415663346375e-06,1336.85707020469,-4.59079241847864
"IGHV3-23","IGHV3-23",-2.71053144661767,0.000149786939707479,4.4271471851613e-06,10671.4359103217,-4.59025033510944
"SPATA13","SPATA13",-0.511534493575375,0.000151469520334739,4.49218230619859e-06,1364.90328971211,-4.58720560371932
"GSE1","GSE1",-0.614681038488774,0.00015210768764199,4.52187620846437e-06,1536.11745197272,-4.58582945001142
"MYCBP2","MYCBP2",-0.553265922035089,0.00015210768764199,4.52260191825329e-06,3729.78159669523,-4.58579592573006
"ZBTB40","ZBTB40",-0.590323951102563,0.000152439916922967,4.53823924346586e-06,826.843485041493,-4.5850748060715
"CSPG4P11","CSPG4P11",-1.24713793121927,0.00015527664438767,4.65202232798451e-06,13.6933168720734,-4.5798982308711
"BTAF1","BTAF1",-0.64579335392872,0.00015527664438767,4.64234179098574e-06,934.646451763294,-4.58033390078514
"LIPN","LIPN",-1.80309659198277,0.000157968249768803,4.73862972973778e-06,77.2559928918846,-4.57603867825017
"TNS1","TNS1",-0.896128673664978,0.000158229842733113,4.75331140638857e-06,21725.1841402357,-4.57539111313107
"SPTLC2","SPTLC2",-0.562682795945394,0.000158229842733113,4.75843268788234e-06,2930.11254504367,-4.57516567924399
"CALML5","CALML5",-4.4821060575297,0.000159837036835485,4.81884300104716e-06,1407.28365135905,-4.57252387302206
"PIK3CB","PIK3CB",-0.557689838007631,0.000160014150053787,4.83022803630571e-06,1396.88563484358,-4.57202954820445
"ASPRV1","ASPRV1",-2.2455015025851,0.000160259324310682,4.85189297729997e-06,451.712631235003,-4.57109195653601
"ECE1","ECE1",-0.784687651087241,0.000160897076617665,4.88119507816635e-06,7799.77586634528,-4.56983021119932
"ABCA7","ABCA7",-0.822850404166358,0.000161163181197329,4.89535674497157e-06,611.031371052919,-4.56922300934327
"IQSEC2","IQSEC2",-0.548728917047123,0.000162039696305168,4.92810289492085e-06,1251.21484328608,-4.5678253886972
"LMOD2","LMOD2",-4.00487869999001,0.000168895299017413,5.17488713223476e-06,60.6895972817259,-4.55756989778444
"PARP4","PARP4",-0.51089695586516,0.000169264883424777,5.19260589145488e-06,2788.81476999777,-4.55685170021083
"LMTK2","LMTK2",-0.646946704343432,0.00017012970208532,5.22959495016689e-06,617.271679331042,-4.55535994822023
"SERINC5","SERINC5",-0.615831112233314,0.00017012970208532,5.2319912916034e-06,1273.06820857029,-4.55526365363966
"PKP3","PKP3",-2.02151385615862,0.000170254089993008,5.2422487946013e-06,207.912775101042,-4.55485194284653
"NBEAL2","NBEAL2",-0.900914489338809,0.00017120187443266,5.27789978983151e-06,1378.88393004332,-4.55342697493785
"TEP1","TEP1",-0.732552638354732,0.000171852959637289,5.30446439320206e-06,1202.01900042677,-4.55237116890527
"LY6G6C","LY6G6C",-4.57886672721111,0.0001729682724636,5.34542471854715e-06,78.5523869350305,-4.55075308694985
"GRIN2D","GRIN2D",-0.897349455904139,0.000174717692160863,5.41929144524042e-06,105.138748160444,-4.54786486087814
"OGDH","OGDH",-0.601304622555983,0.000174786943683281,5.42804290708592e-06,7746.98133794624,-4.54752517485782
"SNTB1","SNTB1",-0.642407218204711,0.000175589184020401,5.46622417291209e-06,1347.40692532417,-4.5460492850929
"YEATS2","YEATS2",-0.570904827187825,0.000175589184020401,5.45964483452739e-06,1087.95329373256,-4.54630290297949
"VWFP1","VWFP1",-1.86000794108928,0.000175715796125965,5.47680425418116e-06,23.8064467634875,-4.54564206024472
"LYPD3","LYPD3",-2.09998731232142,0.000175821210045211,5.48673238495388e-06,410.24342292182,-4.54526061317384
"IGHG3","IGHG3",-2.80897553598903,0.000176134874112613,5.5031750686135e-06,58123.5180050221,-4.54463032255223
"ST3GAL1","ST3GAL1",-0.580195598862583,0.000176537137525285,5.52908258749711e-06,3834.14893319401,-4.54364086916172
"ITGAV","ITGAV",-0.725678520799627,0.00017768801501652,5.5718407368511e-06,8390.67481692647,-4.54201752713185
"ITGA5","ITGA5",-0.78185054741321,0.000180813028291751,5.67666426802844e-06,9242.32499981473,-4.53808773939985
"MYO18B","MYO18B",-3.86752519001772,0.000181529864757929,5.71288591723731e-06,26.3853123462126,-4.53674593926497
"RAI1","RAI1",-0.564022993586774,0.000185547110437893,5.84632173883421e-06,1089.44446866226,-4.53187220013601
"CAMSAP1","CAMSAP1",-0.526252717557848,0.000188205478850731,5.93719350335715e-06,1218.60127521604,-4.52861368358804
"NOTCH3","NOTCH3",-1.01565925640239,0.00018873688997853,5.961088066117e-06,8855.86798943199,-4.52776478876033
"NIPAL4","NIPAL4",-2.15646811775172,0.000190466107674131,6.03334304917886e-06,43.0208389708898,-4.52521747898469
"IFFO2","IFFO2",-1.16397751028575,0.000190466107674131,6.03729133471592e-06,1227.07792070984,-4.52507912699557
"IGHV3-20","IGHV3-20",-3.07623724548312,0.000191267703000046,6.06992597075972e-06,912.752526940779,-4.52393888013738
"AP003486.1","AP003486.1",-0.594991075123797,0.000191337141483287,6.07935834324851e-06,174.242404538589,-4.52361040795432
"LIPM","LIPM",-2.90799938579918,0.000192421496709873,6.12835096627841e-06,17.7748746700522,-4.52191209925766
"EEF1A2","EEF1A2",-2.48348962935314,0.000193749727169037,6.17797309043286e-06,218.275539997414,-4.52020516182318
"DDX60L","DDX60L",-0.810478057749687,0.000194676358184413,6.21487485986736e-06,1006.53145371396,-4.51894427308111
"INF2","INF2",-0.534077209452443,0.00020139178755749,6.46730210525015e-06,4313.94759427341,-4.51050649500092
"EPPK1","EPPK1",-1.92685472753412,0.000201629593969445,6.48255636661746e-06,101.482913901803,-4.51000674790315
"IGLV4-69","IGLV4-69",-2.77955127763258,0.000202342881673803,6.5284227190082e-06,2008.2109313945,-4.5085108625169
"ITGB6","ITGB6",-5.95759605996651,0.000203285515890457,6.57419629008392e-06,12.316446467637,-4.50702799383958
"PROM2","PROM2",-2.1857926669107,0.000206383650558111,6.68998345909779e-06,64.7977386157834,-4.50332062918574
"PTGES3P1","PTGES3P1",-0.708242545858634,0.000206746892825932,6.71295381710298e-06,43.3912030253244,-4.50259244862114
"ARMCX4","ARMCX4",-0.554369047274601,0.000206746892825932,6.71737987193704e-06,286.637258960643,-4.50245241272259
"KRT14","KRT14",-3.79842261884947,0.000210001624668541,6.8469304502985e-06,2198.33389315362,-4.49839218373871
"ADAMTS7","ADAMTS7",-0.981858078155027,0.000215028689838611,7.02708136727487e-06,1080.36506731799,-4.49286657707029
"BICRA","BICRA",-0.513241153193843,0.000215409197588819,7.04765443016048e-06,507.29356922057,-4.49224420050629
"IGHV1OR16-4","IGHV1OR16-4",-4.34883848774398,0.000216679663137148,7.11377941237606e-06,23.3223629215735,-4.4902554892061
"TRAPPC10","TRAPPC10",-0.504546908084113,0.00021824766039188,7.18174892142987e-06,1455.77834191545,-4.48822964573539
"LRP1","LRP1",-0.812017142781885,0.000218807148610319,7.21234427712307e-06,50230.6896805761,-4.48732372353806
"SLC12A7","SLC12A7",-0.593317204118033,0.000218807148610319,7.21669276273408e-06,2877.92861197683,-4.48719526417774
"ICAM5","ICAM5",-1.77678557673959,0.00022301384875819,7.38913995092116e-06,47.0638989659019,-4.48215973921486
"ADCY9","ADCY9",-0.727652334477979,0.000224323449359462,7.44948097725516e-06,1473.60141240015,-4.48042426681846
"CASQ1","CASQ1",-2.74965988859055,0.000224955995435779,7.47898583185937e-06,75.2273373773996,-4.47958056330949
"ITGA6","ITGA6",-0.835297881585188,0.000226467803276376,7.54635998676805e-06,5600.40246609839,-4.47766584165031
"SLC8A2","SLC8A2",-2.95160909818262,0.000226638761854543,7.56918151344651e-06,3.97588038711816,-4.47702097600902
"ATM","ATM",-0.554371058123576,0.000228295422806699,7.65038497977038e-06,1967.32223767939,-4.47474139694188
"IGHV3-15","IGHV3-15",-2.74068625169855,0.000230562400730058,7.75248542256042e-06,2371.4169093431,-4.47190779698874
"PCNX1","PCNX1",-0.519879018923829,0.000230574025245253,7.77029848195117e-06,2448.80796335432,-4.47141708849817
"AC073046.1","AC073046.1",-1.16217601360462,0.000230857147062913,7.78856142382339e-06,14.4732123648206,-4.47091510212583
"LCE1C","LCE1C",-5.17218432945864,0.00023185803992505,7.83984834081075e-06,65.4327266326933,-4.46951139292038
"AC135068.2","AC135068.2",-3.54378335371484,0.000235885171334459,7.99384180312856e-06,178.77908576215,-4.46534877974267
"DOT1L","DOT1L",-0.687863418329905,0.000238610132389411,8.12224599655668e-06,932.840121180531,-4.46193607037926
"SREBF2","SREBF2",-0.501842810621237,0.000242547214266407,8.27459044476804e-06,3407.00965172635,-4.45795334730079
"AC102945.2","AC102945.2",-1.24128998120282,0.000243454505052144,8.31474073698056e-06,10.3127575825836,-4.45691537385175
"SLC4A7","SLC4A7",-0.594601577038548,0.000243984689082864,8.34206594960111e-06,1385.46455165891,-4.45621169310843
"IGHV3-41","IGHV3-41",-3.41055292886469,0.00024578503310048,8.44076448253943e-06,62.6136984333613,-4.45368822184681
"IGHV3-63","IGHV3-63",-3.22569583236252,0.000245814090092011,8.4603360940656e-06,109.591685519915,-4.45319117783127
"KLK11","KLK11",-2.78099326389271,0.000246838249083613,8.50491076974026e-06,59.7463867676224,-4.45206324092501
"PPARGC1B","PPARGC1B",-0.702375815937866,0.000248368949772787,8.56703506526707e-06,304.573608343885,-4.45050060918386
"EDEM1","EDEM1",-0.615290870759863,0.000257871137839928,8.95325005383255e-06,2563.72531957491,-4.44102233484849
"IL36RN","IL36RN",-4.8420915977592,0.000258004525396907,8.96762867373738e-06,55.3312887575152,-4.44067705633924
"MIR4537","MIR4537",-2.95389674587177,0.000259236103428817,9.02022937239565e-06,15.7567250658571,-4.43941842997103
"IGHV3-7","IGHV3-7",-2.63944312506362,0.00025986575555826,9.08496860610701e-06,3872.68367119445,-4.43787894573754
"KDR","KDR",-0.976859939691546,0.000260784215065193,9.13321120425532e-06,1945.38487682362,-4.43673854850611
"EHBP1L1","EHBP1L1",-0.62962104614371,0.000261066152523828,9.16101830413418e-06,5775.20173273753,-4.43608383401551
"SLC7A1","SLC7A1",-0.756943485101172,0.000263966378119777,9.28414934431059e-06,1422.10686700943,-4.43320736269626
"ZDHHC23","ZDHHC23",-0.808428581083161,0.000266894396654946,9.43795214284745e-06,101.753090342174,-4.42966513466429
"MAP3K1","MAP3K1",-0.505859022823201,0.000274255506557063,9.72521096959543e-06,1776.57819409138,-4.42319451103791
"AL160006.1","AL160006.1",-0.597686189190805,0.000275238059402689,9.7846835818606e-06,203.031622597614,-4.42187770626114
"ZBTB37","ZBTB37",-0.562985329210762,0.000275238059402689,9.78499429135706e-06,412.815096203781,-4.42187084682506
"LMAN1","LMAN1",-0.501172630914137,0.000277148761787998,9.86339240637329e-06,5542.73426812901,-4.42014669083685
"IGKV1OR2-11","IGKV1OR2-11",-4.32870156317758,0.000280718988257696,1.00328747928437e-05,4.93166762932337,-4.41646368325404
"IGKV1OR2-9","IGKV1OR2-9",-4.32870156317758,0.000280718988257696,1.00328747928437e-05,4.93166762932337,-4.41646368325404
"AGL","AGL",-0.768447765265916,0.000283322793667653,1.01473424911003e-05,1039.29158326083,-4.41400966625596
"ERC1","ERC1",-0.57302168404969,0.000283416819699126,1.01614175788459e-05,2897.29189461272,-4.41370974463944
"DAGLA","DAGLA",-0.706847814225731,0.000287048381629109,1.03645388349344e-05,500.621629231809,-4.40942511809125
"MYH2","MYH2",-5.73838946535707,0.000295319557218982,1.0699741409687e-05,751.881734303665,-4.40252670633313
"AFDN","AFDN",-0.533335321103535,0.000303663822107824,1.10364802927095e-05,1911.93047082829,-4.39580140849697
"KLHL41","KLHL41",-2.9432611192331,0.000307197996595727,1.11997456161879e-05,256.531635557466,-4.39261092150141
"AL136084.3","AL136084.3",-1.14745698002925,0.000315874317145959,1.15637996643029e-05,67.5483970602129,-4.38565364973659
"KIAA0513","KIAA0513",-0.528766412297206,0.000316174395774403,1.1586730284528e-05,1229.26881910261,-4.38522246244393
"BCORL1","BCORL1",-0.584923178276971,0.000325206280033899,1.19791500635858e-05,517.58542914669,-4.37796696729896
"FBXL19","FBXL19",-0.558931830973429,0.000326658467026621,1.20696656750174e-05,608.304505260603,-4.37632563880155
"S100A14","S100A14",-2.93504011549524,0.000328460975044767,1.2198312685368e-05,181.000147609612,-4.37401296979384
"PCDHGB4","PCDHGB4",-1.00393710050267,0.000330557476784427,1.23136375423871e-05,124.589630683509,-4.37195949190312
"SLC22A15","SLC22A15",-0.709502563098891,0.000331357711136067,1.2355965880513e-05,155.120536418451,-4.37121039383997
"RPTN","RPTN",-3.21727869242345,0.000335980252848313,1.25664154414534e-05,15.6897035530966,-4.36752197826469
"ZNF710","ZNF710",-0.642523760059238,0.000337748876752465,1.26453261121196e-05,1088.03051059425,-4.36615413784475
"IGSF8","IGSF8",-0.615903616222177,0.00033966792393393,1.2755673292921e-05,1722.18826670063,-4.36425497141683
"PRRC2B","PRRC2B",-0.556792013405561,0.000339704792278191,1.27698918854811e-05,6422.59348938766,-4.36401139865831
"AC005034.5","AC005034.5",-0.977576189763617,0.000345592700953329,1.30182379987178e-05,16.1255249677893,-4.35979830245985
"MEF2D","MEF2D",-0.54111298755729,0.000345592700953329,1.30156080805011e-05,3743.80658758166,-4.35984251488314
"CD44","CD44",-0.608238739144647,0.000353688162009735,1.33757168828344e-05,32780.2305647315,-4.35386651821279
"MIAT","MIAT",-1.9150419841465,0.000354749577171659,1.34488982876411e-05,229.385519705255,-4.35267086192985
"WDR81","WDR81",-0.533591551831862,0.000360602958327989,1.37734553957307e-05,2287.44890784696,-4.34744187741351
"ANTXR2","ANTXR2",-0.551784385820691,0.000362528917467013,1.39018040435611e-05,5424.35128555111,-4.34540640185942
"PEAK1","PEAK1",-0.534727151713253,0.000362528917467013,1.38965120176124e-05,3053.04969871634,-4.34548997291146
"QSOX1","QSOX1",-0.674655025545313,0.000374282344766303,1.44373521480371e-05,6080.06168728342,-4.33710217511249
"IGHM","IGHM",-2.53564216731601,0.00037451480598193,1.44604681594897e-05,73187.3756368341,-4.33675038797083
"ADGRE2","ADGRE2",-1.3451939903456,0.000377082508645197,1.45738564488283e-05,998.004512134848,-4.33503253693749
"FBP1","FBP1",-1.73932691254188,0.000378228877512924,1.46324519465501e-05,4532.60443017019,-4.33414979434298
"RCAN3","RCAN3",-0.614252794467506,0.000382058641837579,1.48239157190371e-05,736.587513653657,-4.33128870797761
"SLC6A17","SLC6A17",-1.98567327142803,0.000387553281007134,1.50517500802952e-05,35.8516559246805,-4.32792968807718
"ABCA2","ABCA2",-0.646785405242781,0.000389403077019005,1.51530155778297e-05,2171.89560522024,-4.32645224083764
"IGHV1-2","IGHV1-2",-2.69010126973825,0.000397626982622528,1.55781926396752e-05,3794.61978910445,-4.32034999028452
"IGHV3OR15-7","IGHV3OR15-7",-3.73443175231133,0.000397655407456266,1.56481320533008e-05,15.446545076847,-4.31936143813448
"WDR47","WDR47",-0.507812228419482,0.000397655407456266,1.5631691281548e-05,770.726653925147,-4.31959343944914
"TFCP2L1","TFCP2L1",-1.29493306836223,0.000398302950110591,1.56949630498072e-05,352.167691782653,-4.3187018614436
"CIC","CIC",-0.508100407708925,0.000398997036903397,1.57524615045544e-05,3838.71778615769,-4.31789460331439
"MYPN","MYPN",-2.22454567180673,0.000399534904303377,1.57887910348458e-05,230.324627861906,-4.31738599628195
"LARGE2","LARGE2",-2.32296172452877,0.000401415424188991,1.59272591892632e-05,49.5507982259741,-4.3154576417025
"OBSCN","OBSCN",-1.45622538758038,0.000401711151455796,1.59658518014091e-05,422.84421113676,-4.31492303541979
"ALPK3","ALPK3",-1.25467767264419,0.000402312339091894,1.60505432801027e-05,471.275922894662,-4.31375414665726
"MICALL1","MICALL1",-0.654601622729311,0.00040506979599146,1.61758575829451e-05,1194.54556839409,-4.31203533328779
"DAG1","DAG1",-0.683774615352189,0.000410388767318371,1.64037672682321e-05,3521.37136624504,-4.30894159974758
"EPHA10","EPHA10",-1.92494615721213,0.000411964716987956,1.64823240504079e-05,4.98530388613232,-4.3078847276705
"ITGAM","ITGAM",-1.04791595820346,0.000412295955415827,1.65118885906923e-05,6997.13640243667,-4.30748822093872
"NOD2","NOD2",-1.01228228610996,0.000412295955415827,1.65267297100832e-05,616.95316857468,-4.30728943332951
"AC073349.2","AC073349.2",-1.56666746565449,0.000412310113757315,1.65651852147594e-05,8.39839738498643,-4.30677513614345
"RYR1","RYR1",-1.36897909418494,0.000412310113757315,1.65740285253611e-05,428.163168489636,-4.30665702818851
"AP002807.1","AP002807.1",-1.13225621777678,0.00041895376688516,1.69044022453947e-05,32.8780111785346,-4.30228716647059
"CDHR1","CDHR1",-2.41819630547778,0.000423358963564342,1.71257569209254e-05,53.5965178202797,-4.29940460675706
"RAB11FIP1","RAB11FIP1",-0.788847460211655,0.000423358963564342,1.71301314737017e-05,2122.01994967227,-4.2993479982849
"IGHJ3P","IGHJ3P",-2.8818560867116,0.000425196118242242,1.72205311404165e-05,35.0241931438135,-4.2981812635063
"KCNQ5","KCNQ5",-1.6722748719963,0.000426466655616982,1.73042120266213e-05,99.6247897936445,-4.29710643419348
"DOCK5","DOCK5",-0.668358772450868,0.000427623368580936,1.7383457803207e-05,708.262987674699,-4.29609312743123
"AC138932.1","AC138932.1",-1.2442772578643,0.000446480848072946,1.82681158511088e-05,530.372838795058,-4.28507060982314
"AC022966.1","AC022966.1",-5.72899313008531,0.000447272368429442,1.8317919612733e-05,22.7477087945347,-4.2844652975173
"CYP2S1","CYP2S1",-1.1256404862338,0.000454408320110969,1.86611448849833e-05,652.007254541952,-4.2803358942499
"AC007382.1","AC007382.1",-0.559913572695011,0.000456616234828553,1.87690680982835e-05,90.1905163277637,-4.27905239443518
"AFF1","AFF1",-0.525563824481854,0.000460036771066738,1.89444285943082e-05,2695.55797063389,-4.27698179805079
"IGHV3-49","IGHV3-49",-2.6301922327869,0.000460383149249672,1.89862289629745e-05,1801.75724004304,-4.27649092869222
"STK4","STK4",-0.522093790331445,0.000465429891903295,1.9254438461374e-05,2082.73314732527,-4.27336557353966
"PLXNA2","PLXNA2",-0.729269059650149,0.000468229863697327,1.93916074425729e-05,1442.58952415957,-4.27178318015317
"TNC","TNC",-1.24416941735561,0.00047778849071221,1.99101101384853e-05,47204.2065330578,-4.26589646659245
"CRACR2A","CRACR2A",-0.62062564788518,0.000486548611817573,2.04122373846559e-05,167.805460081202,-4.26033319559113
"KCNK7","KCNK7",-2.04461397292526,0.000489197551276147,2.05518786889975e-05,42.2195620503352,-4.25880920913137
"MYBPC2","MYBPC2",-3.1426678924667,0.000489424137977524,2.05833327810685e-05,146.292081427454,-4.25846729317833
"AC012513.3","AC012513.3",-0.746527102617839,0.000489424137977524,2.06002185912872e-05,107.534256404987,-4.25828394423308
"TNNC1","TNNC1",-2.83248804447148,0.000489853933412773,2.0653481041545e-05,409.983289412804,-4.25770654774895
"PCDHGB6","PCDHGB6",-0.956124189467816,0.000493506237683624,2.08447608043482e-05,394.33070211138,-4.25564458507435
"KRT6B","KRT6B",-4.27270163960715,0.000495508823402117,2.09855072361545e-05,23.850104826819,-4.25413883550429
"KCNN3","KCNN3",-0.891728060830022,0.000495508823402117,2.09807950838107e-05,627.922233743543,-4.25418909182697
"ENPP4","ENPP4",-0.55702997655906,0.000497775679229154,2.11003178093283e-05,1113.8513231007,-4.25291765918718
"ESRP1","ESRP1",-3.45621735153249,0.000500204826375237,2.1241082959151e-05,44.464754925097,-4.25142902183318
"RPL3L","RPL3L",-2.5710946198378,0.000505491698099885,2.15228812481987e-05,62.9049439268791,-4.24847692336773
"TNIK","TNIK",-0.840492283066257,0.000510597379975712,2.17788523175253e-05,303.030476275023,-4.24582710695997
"ITGA3","ITGA3",-0.872620521717002,0.000515854434850251,2.2042063010149e-05,1590.02153185712,-4.24313308262576
"IGHV3OR16-10","IGHV3OR16-10",-5.83809279542942,0.000518544801242031,2.22054399401942e-05,14.0064935013923,-4.24147624083018
"A2ML1","A2ML1",-2.22509227407492,0.000518544801242031,2.22486111251921e-05,50.9876119603749,-4.24104037031956
"SYT11","SYT11",-0.604453740897336,0.000518544801242031,2.22549735241584e-05,1524.9937879489,-4.240976201513
"MANEA","MANEA",-0.501937153391068,0.00052895984757809,2.28018884765802e-05,914.471897283721,-4.23552445498654
"UBR3","UBR3",-0.652738157629655,0.000530146897887042,2.28840844014408e-05,1543.64173357704,-4.23471588861162
"SOCS7","SOCS7",-0.520381939452062,0.000530995923524724,2.29557355415463e-05,579.141318995778,-4.23401330349388
"CCND1","CCND1",-0.645026239772271,0.000537342700467873,2.33459558554556e-05,6139.89196081623,-4.23022319517755
"RAB25","RAB25",-3.45586180060481,0.000539679948093467,2.34678915053678e-05,45.1199347146714,-4.22905122208509
"ZSWIM9","ZSWIM9",-0.689911882219088,0.000555317192077233,2.42317940552799e-05,461.185490230655,-4.22183828543505
"ARG1","ARG1",-2.45060469163249,0.00055962728227409,2.44621544293748e-05,122.660225956893,-4.21970560323228
"PWAR5","PWAR5",-1.04353067960677,0.000563670445508875,2.46601827004903e-05,59.3915689084246,-4.21788746979092
"ABCC3","ABCC3",-1.04231631223507,0.000569808349161828,2.51009307160335e-05,1033.96616041742,-4.21389023684477
"IGHV1-69-2","IGHV1-69-2",-3.40834031287461,0.000570444178509005,2.51826016893341e-05,141.840883638784,-4.21315688561579
"CEP85","CEP85",-0.843264569413797,0.000570444178509005,2.51624874454025e-05,333.004387186329,-4.2133372879913
"AMPD1","AMPD1",-2.43134787773836,0.000572766939816643,2.53827352905256e-05,39.8804410947005,-4.21136933916979
"ARHGAP31","ARHGAP31",-0.50186850829163,0.000574520989625244,2.54821731769253e-05,3508.34180358112,-4.21048616274368
"C6orf223","C6orf223",-2.3095466879205,0.000580651154176546,2.58874564523901e-05,28.8233275949868,-4.20692014559869
"SLC46A2","SLC46A2",-1.61800612224308,0.000580651154176546,2.59295653117487e-05,129.137027915494,-4.2065526873243
"AL691447.2","AL691447.2",-0.614505399184038,0.000585921062947784,2.61870345486127e-05,47.6917629393006,-4.2043181791238
"LOXL3","LOXL3",-0.766721085277569,0.000586554425527781,2.62576621963332e-05,696.914405838284,-4.20370887205663
"IGHV3OR16-13","IGHV3OR16-13",-3.61003170235937,0.0005898349060597,2.64288110086064e-05,32.0125688756098,-4.20223880610427
"CDC42BPB","CDC42BPB",-0.503124630628636,0.00059772201765379,2.68273737947298e-05,5346.13148296799,-4.19885017888341
"TRIO","TRIO",-0.591863559536719,0.000609509068619056,2.74715447830494e-05,2861.74700505817,-4.19347328092056
"FAM83G","FAM83G",-1.22711411406154,0.000609955599976603,2.75147148125001e-05,279.023000258633,-4.19311724022097
"GAS6-AS1","GAS6-AS1",-1.06270645721749,0.000617021655740888,2.78800823705505e-05,50.2024963038245,-4.19012500020506
"MYH1","MYH1",-4.19760733133269,0.000623043308553866,2.82463247672613e-05,165.001744037037,-4.18716278026916
"NIPAL1","NIPAL1",-1.88966726009897,0.000623043308553866,2.82318591879053e-05,56.8988264703747,-4.18727908545219
"SLC16A10","SLC16A10",-1.23999043993767,0.000623091811985161,2.82720641578518e-05,534.858693301682,-4.1869559720926
"ADAMTSL5","ADAMTSL5",-0.983417948947671,0.000628351041083334,2.85581738041955e-05,70.8158137959402,-4.18466914411044
"NXPE2","NXPE2",-1.79199717796735,0.000629149689067156,2.86212288924387e-05,14.8400730986593,-4.18416808492306
"MYH9","MYH9",-0.62128655859655,0.000629149689067156,2.86420104773857e-05,46425.6200933059,-4.18400317661788
"JAG2","JAG2",-0.861107340778324,0.000630187352375505,2.87130585577415e-05,1329.57865369331,-4.18344024600761
"ITPR1","ITPR1",-0.633477567852547,0.000632109756112828,2.88245296621778e-05,1516.73640280651,-4.18255969722806
"IFIH1","IFIH1",-0.625376391362533,0.000636502265503359,2.90729245152277e-05,1154.41589231066,-4.18060912670086
"TOR4A","TOR4A",-0.706124961765209,0.000640710341845447,2.93377511170306e-05,1359.60123325177,-4.17854689380195
"IGHGP","IGHGP",-2.54552953368512,0.000643490970435391,2.94893855883535e-05,402.492466004152,-4.17737405218195
"GJB3","GJB3",-3.00251992752965,0.000644324305724553,2.95762602083695e-05,57.2493695451287,-4.17670468641812
"CACNA1S","CACNA1S",-4.95896311350462,0.000644390826843293,2.96423021336923e-05,30.2330049840752,-4.1761970849288
"NOS2","NOS2",-1.97858266981085,0.000644390826843293,2.96311262423248e-05,245.068746423086,-4.1762829077733
"KLHL11","KLHL11",-0.602564555564113,0.000644509959938433,2.96821807081851e-05,100.984295342544,-4.17589109648593
"TGM1","TGM1",-2.23778829578004,0.000650136505519337,2.99904293036802e-05,45.117787597013,-4.173539001385
"LCE1B","LCE1B",-5.37921184196299,0.000650341869630123,3.00244725787907e-05,60.727763752599,-4.17328064413552
"TLR2","TLR2",-1.082061232565,0.000651714007102306,3.01124421280034e-05,2301.22851318581,-4.17261432293116
"MYOZ2","MYOZ2",-2.28226965188384,0.000652447461552775,3.01709808810532e-05,62.7782624423312,-4.17217194827602
"SAMD9L","SAMD9L",-0.795247573621886,0.000678635532133234,3.15614620898414e-05,1783.19335399104,-4.16189706639799
"IGHV3-69-1","IGHV3-69-1",-2.8931472095878,0.000681719707064573,3.17306539387039e-05,399.492448102806,-4.16067631506704
"RNASE7","RNASE7",-2.97726695293301,0.000684489867396701,3.18854511504074e-05,16.2979857247978,-4.15956482947473
"SLC38A10","SLC38A10",-0.582037634254603,0.0006876437676501,3.20583478514573e-05,5529.30919977689,-4.15832942962342
"AC113191.1","AC113191.1",-0.806227235608406,0.000688232815248359,3.21118110556396e-05,14.4289878264912,-4.15794869985239
"LYPD6B","LYPD6B",-2.64661321656651,0.000690012051706656,3.22208959881154e-05,19.9771347077811,-4.15717373314018
"AL591895.1","AL591895.1",-0.646515564998858,0.000691832892139067,3.23320596764527e-05,48.1420643342592,-4.15638655857979
"PLA2G4A","PLA2G4A",-0.583679357590321,0.000693474104015846,3.24349594156038e-05,669.630930549826,-4.15566019116337
"JARID2","JARID2",-0.524174613288788,0.000694485017947358,3.2508479248811e-05,917.874983858923,-4.15514255563137
"RPL18AP7","RPL18AP7",-1.15451826969165,0.000701243175416646,3.29572900456499e-05,6.76426927570795,-4.15200649880677
"AL513165.1","AL513165.1",-0.58303357572179,0.000705014631094554,3.31611778198164e-05,31.5925131399476,-4.15059521672488
"CPEB4","CPEB4",-0.523141845568599,0.000706587477536875,3.32618533760605e-05,1770.47280106362,-4.14990139206704
"C1orf116","C1orf116",-2.87585782596376,0.000706912682228409,3.33038692333986e-05,34.28004387723,-4.14961242165195
"AC093668.3","AC093668.3",-1.33712876775984,0.000712856957306358,3.36377777655235e-05,52.5556334825301,-4.14732814998962
"CTC1","CTC1",-0.512083321074839,0.000724372689604414,3.42359074651525e-05,642.594324927232,-4.14328966192946
"FXYD3","FXYD3",-2.33747214736002,0.000724587272519393,3.42734242016804e-05,81.036253433997,-4.14303859296367
"TGM3","TGM3",-2.53446498826629,0.000725117838981366,3.43259153063452e-05,72.9224125498207,-4.1426877504861
"FAM225A","FAM225A",-0.797739683436251,0.000727384791584859,3.44881904657901e-05,549.263579595765,-4.14160634184037
"BACE1-AS","BACE1-AS",-0.57289789886383,0.000730199147932719,3.47043911027753e-05,121.21487965206,-4.14017305540767
"BACH1","BACH1",-0.508355415703974,0.000732442451427484,3.48386809606408e-05,2549.3446091535,-4.13928705395443
"IGHJ5","IGHJ5",-2.51091980199043,0.000734232634297088,3.49515704867706e-05,1586.78825324901,-4.13854475072678
"AL157392.3","AL157392.3",-0.529563271763404,0.000739107519468323,3.53201720405254e-05,226.464267240063,-4.13613677258458
"PITPNM3","PITPNM3",-1.22583854474408,0.00074206135603489,3.55482826846967e-05,277.899344863383,-4.13465851076893
"KLK5","KLK5",-4.42896849339615,0.000746673485009538,3.58540934469426e-05,129.802571248628,-4.13269078639271
"ITPRIP","ITPRIP",-0.526558869787247,0.00075218555836615,3.62040274040755e-05,1942.55872771507,-4.13045861094609
"SLURP2","SLURP2",-5.264876803785,0.000759229644074873,3.6629122954536e-05,38.9079184666512,-4.12777438747337
"APOL6","APOL6",-0.679329160544766,0.000761953159319041,3.68468791389313e-05,5303.11739988269,-4.12641082293474
"AC006058.1","AC006058.1",-3.37686795182109,0.000764639630725695,3.70345689897745e-05,10.706213986324,-4.12524165558175
"HIVEP3","HIVEP3",-0.775938756169104,0.000768867231358365,3.73264721861612e-05,677.777910596372,-4.12343444773838
"SLCO4A1","SLCO4A1",-0.905613747674109,0.000769355766052326,3.74083218447748e-05,399.345944993405,-4.12293011507341
"SPINK1","SPINK1",-2.33254038453579,0.000771170849183939,3.75257113509733e-05,11.6455894294128,-4.12220862231238
"CD300E","CD300E",-1.457658605306,0.000772446575911895,3.76169721693465e-05,1855.20054444551,-4.12164919904104
"C4orf54","C4orf54",-4.43706360898612,0.000772974152296241,3.77109462507495e-05,12.6199753910138,-4.12107448845141
"FBN2","FBN2",-1.25917184743084,0.000772974152296241,3.77302733298101e-05,136.841972184108,-4.12095645978791
"AC007728.3","AC007728.3",-1.99524412605264,0.000773463366259907,3.77992965683227e-05,5.08363212754038,-4.12053540931185
"DENND4B","DENND4B",-0.652981854963834,0.000773463366259907,3.78125957134882e-05,1610.19110277549,-4.12045436671608
"FLNB","FLNB",-0.649612018525986,0.000779138196941722,3.81783309317849e-05,7110.42349567334,-4.11823618040161
"DOCK10","DOCK10",-0.907159042090701,0.00078034348297079,3.82668722239633e-05,1406.32163796189,-4.11770221019087
"SLC7A11","SLC7A11",-1.20790417828025,0.000786782950124084,3.86203387962078e-05,80.1903051539565,-4.11558216336978
"FGD6","FGD6",-0.523733898808948,0.000788882449440576,3.87750223552907e-05,421.525489505033,-4.11466017914635
"RHOV","RHOV",-3.41432557455718,0.00078997460581474,3.89480849517638e-05,22.5117107108367,-4.11363277633774
"GPRIN3","GPRIN3",-0.887247505493411,0.00078997460581474,3.88954369925079e-05,1080.95484957422,-4.11394486668495
"VWF","VWF",-1.15286773355829,0.000793096992539503,3.9191917573073e-05,16028.9287758719,-4.11219256947453
"ATAD2","ATAD2",-0.577266166779028,0.000802802774903928,3.97625311836129e-05,430.179426798312,-4.10885517978682
"DSG3","DSG3",-2.68974890775719,0.000805774715570107,4.00010569443168e-05,41.0869970068006,-4.10747354963503
"IGKV1D-13","IGKV1D-13",-3.07826796698601,0.000812677472786692,4.04051363552566e-05,655.507438219773,-4.1051507148895
"KNTC1","KNTC1",-0.713725408527776,0.000813853075749889,4.04943330221241e-05,342.438076499768,-4.10464094243625
"IL22RA1","IL22RA1",-1.95744313633245,0.000814791949914106,4.06538598316301e-05,24.2265132631982,-4.10373187383775
"ANKRD44","ANKRD44",-0.723754330050344,0.000814791949914106,4.07257452014191e-05,1072.98373360527,-4.10332333861504
"ABCD1","ABCD1",-0.562634991486553,0.000814791949914106,4.07230183785863e-05,1080.90061922015,-4.10333882306337
"SELENOI","SELENOI",-0.653604151113182,0.000816362847463343,4.08351055967912e-05,766.961683141103,-4.10270313772366
"KIAA0319","KIAA0319",-1.23459867707852,0.00081995518291809,4.10457749581196e-05,12.4962271597693,-4.1015128266189
"SLC26A1","SLC26A1",-0.680989322618832,0.000823099696821354,4.12342815363299e-05,54.2553495328718,-4.10045264243411
"IGKV2OR22-4","IGKV2OR22-4",-3.75675289625455,0.000824028741043079,4.13119550932852e-05,17.8014592336755,-4.1000171341164
"COL2A1","COL2A1",-2.19043881636125,0.000827674424775709,4.16048999931664e-05,22.6734971427081,-4.09838158065536
"AC092384.2","AC092384.2",-2.06547814778618,0.000827674424775709,4.16051264570743e-05,8.82382191360134,-4.09838032050683
"MSN","MSN",-0.504537840828649,0.000833374997515211,4.19379461517345e-05,34866.7138781479,-4.09653535642367
"NRP1","NRP1",-0.627322277205977,0.00084793714246297,4.29381930444343e-05,9649.29807573408,-4.09107300328179
"IL36B","IL36B",-4.37773739820356,0.000848581255055662,4.30558247587651e-05,12.8936335420502,-4.09043856758545
"SLC6A12","SLC6A12",-1.09110969440818,0.000853435779090427,4.33343793531125e-05,164.013896829598,-4.08894274209068
"CLUH","CLUH",-0.66089941973471,0.000855424559328767,4.34855448104762e-05,2037.64550780689,-4.08813480412787
"LAMB3","LAMB3",-0.971808124446133,0.000857531841747213,4.37183064099204e-05,909.47783934006,-4.0868959516577
"ANKRD23","ANKRD23",-1.99263337084474,0.000868177249552569,4.43982934211221e-05,92.2416148881301,-4.0833122940963
"IL1RN","IL1RN",-1.61424106506779,0.000868375471012726,4.44538427300708e-05,1106.89797324081,-4.08302184342661
"SUN1","SUN1",-0.602010022651396,0.000870693796988594,4.4605417232103e-05,3205.56037094813,-4.082231053549
"ABCA12","ABCA12",-3.01124658802604,0.000871389325687804,4.46739701144112e-05,30.1738701916753,-4.08187423822636
"TIAM1","TIAM1",-0.614030815296685,0.000873750190274517,4.48280161091388e-05,1069.51289857503,-4.08107432517403
"IGLV1-51","IGLV1-51",-2.47691322959146,0.000873985760383411,4.48731213253639e-05,5163.61821438367,-4.08084060119435
"CDYL2","CDYL2",-0.686103005670004,0.000878690579230683,4.51739348819052e-05,605.919348280601,-4.07928753482258
"AL591806.3","AL591806.3",-0.898892058836064,0.000881041690019347,4.53352518722411e-05,382.641033386602,-4.07845870909586
"CASZ1","CASZ1",-1.0485454404498,0.000888613519992619,4.57920148577556e-05,367.573857475453,-4.07612700261083
"ITGAL","ITGAL",-1.20781869232895,0.000890764677492539,4.59365213939822e-05,1192.52601635359,-4.07539390994601
"IGHV3-47","IGHV3-47",-3.12116372215931,0.000897713026456754,4.63287617265452e-05,47.141323360837,-4.07341501445717
"SYVN1","SYVN1",-0.630638602591059,0.000905184270798813,4.68164224994099e-05,2397.60700294403,-4.07097674972191
"ALDH3B2","ALDH3B2",-3.85686533395275,0.000908092077141771,4.70117471037558e-05,48.9563229644152,-4.07000689129795
"COL15A1","COL15A1",-1.00894178078507,0.000908092077141771,4.70359378050311e-05,12145.3764301057,-4.06988704158885
"TPP1","TPP1",-0.788210818690944,0.00091333746550828,4.74111480451992e-05,10095.5057220738,-4.06803555642476
"MLLT6","MLLT6",-0.510702072615083,0.000915868357834004,4.75771276595926e-05,5126.98234223105,-4.06722095378915
"AQP9","AQP9",-1.34906245879566,0.000917759773434847,4.77241601272907e-05,2008.03396729651,-4.06650158836447
"SERPINA9","SERPINA9",-2.92275820175484,0.000919913208962728,4.79262652597228e-05,4.87584036371482,-4.0655161982431
"GBP4","GBP4",-0.824373827527855,0.000920267569707455,4.79794947370996e-05,2616.72553942813,-4.06525732640054
"CD163","CD163",-1.23573290448435,0.000943175374040101,4.9280726219255e-05,29098.1705672438,-4.05901226149695
"KIAA1522","KIAA1522",-0.82504079944253,0.000946515559273074,4.95145403059736e-05,1322.04059203371,-4.05790670040192
"AC092835.1","AC092835.1",-0.65113555711953,0.000955596660982573,5.00380434516546e-05,20.8523486808415,-4.05544921661894
"CPD","CPD",-0.641002920793508,0.000961294344359683,5.04090275405659e-05,4222.53161016369,-4.05372241465979
"CLDN7","CLDN7",-0.918309595617571,0.000969775665346614,5.08904151711983e-05,186.961424180228,-4.05149959074897
"KIAA1671","KIAA1671",-0.890387302338518,0.000976123690151588,5.12604151766484e-05,1730.81213007933,-4.04980460694843
"CDC42BPG","CDC42BPG",-1.53916235776043,0.000981842494140782,5.15978280006735e-05,40.2396204349053,-4.04826898428004
"GPNMB","GPNMB",-0.682065474172318,0.000994527304607287,5.23395872650252e-05,30741.2028643273,-4.04492629846132
"SLC26A6","SLC26A6",-0.730385401220278,0.000997576024063368,5.25377225261375e-05,238.143323675966,-4.04404101354868
"PLCXD2","PLCXD2",-0.821800380357894,0.00100606652383976,5.31369148939509e-05,89.0164524253666,-4.04138289398211
"NLRP10","NLRP10",-2.98829161307621,0.00100713194303582,5.32312360991011e-05,13.1487376220844,-4.04096705854796
"FAM83C","FAM83C",-4.53743351510786,0.00101507771441761,5.3958001593773e-05,35.2388261920152,-4.037786172093
"AC006033.2","AC006033.2",-0.871917563467951,0.00101699511925043,5.41430130906195e-05,57.0800607808468,-4.03698290234625
"IL1RAP","IL1RAP",-0.643250665667984,0.00102778319831222,5.49430598065071e-05,556.229215723357,-4.03353898767629
"KRT78","KRT78",-4.23324593606505,0.00103435961323416,5.53825062408857e-05,69.8310213659937,-4.03166749031181
"NUP210","NUP210",-1.28637085566263,0.00104316809957801,5.60935889873168e-05,773.703488140406,-4.02866875262013
"TUBGCP6","TUBGCP6",-0.670562482196031,0.00104316809957801,5.61211747251156e-05,807.322351555115,-4.02855314659799
"ZBTB7B","ZBTB7B",-0.501813914644681,0.00104316809957801,5.60735566286391e-05,3036.4794073983,-4.02875273777903
"DNMT1","DNMT1",-0.517052121408175,0.00105974190688539,5.72930850713284e-05,1920.56907710826,-4.02369097240556
"NFAT5","NFAT5",-0.537118603996804,0.00106210345103515,5.74608841241581e-05,1242.60504097846,-4.0230025088245
"IGHJ4","IGHJ4",-2.38745083766007,0.00106787238990386,5.79550976604899e-05,2263.84621970184,-4.0209858050061
"IGHV4-80","IGHV4-80",-3.29253568880845,0.00107051091956021,5.81584004808485e-05,48.2659295055566,-4.02016092549392
"ELAVL4","ELAVL4",-1.64535807758431,0.00107207678855378,5.83244767659314e-05,13.6023744380712,-4.01948911277318
"AL096869.3","AL096869.3",-0.81342217865126,0.00107326443898039,5.84296368042142e-05,12.815097374218,-4.01906465494405
"C15orf48","C15orf48",-1.94233003017355,0.00109997806417628,6.00917405568364e-05,1367.42091634427,-4.01245027127212
"LCE2D","LCE2D",-5.40792611943011,0.00111790650159542,6.12401083272266e-05,45.829833871075,-4.00798075868122
"HK2","HK2",-1.30168070466047,0.00112127013619367,6.14667334473165e-05,2537.79682745904,-4.00710810482241
"RTL5","RTL5",-0.503604752789854,0.00112549251729127,6.17407206583898e-05,662.629794942393,-4.00605713468629
"SLC4A8","SLC4A8",-0.776458333262669,0.00113042578706958,6.21394657972056e-05,108.597013686009,-4.00453547589026
"GJB4","GJB4",-4.38411242165004,0.00113370126722391,6.24051813950369e-05,17.193391149572,-4.00352659772635
"AC093162.2","AC093162.2",-1.32556054256444,0.00114115998240794,6.30744287378752e-05,9.34033940084557,-4.00100348523695
"KRT9","KRT9",-5.96786809147967,0.00114818224428297,6.3636078142851e-05,17.018241526535,-3.99890550759899
"MEF2B","MEF2B",-1.59991223557035,0.0011612127797149,6.44460150893946e-05,148.62990541268,-3.99591073755956
"IGHJ2","IGHJ2",-2.71238792165082,0.00116215761328707,6.45423586660621e-05,225.241802417131,-3.9955568776666
"XKRX","XKRX",-2.46977456156341,0.00116921639158922,6.51110718652956e-05,15.2182460715701,-3.99347818427727
"IGLV1-50","IGLV1-50",-2.90033439322755,0.00117039632145883,6.52652147974324e-05,37.8223624671881,-3.99291773924887
"CRYBG3","CRYBG3",-0.570984929514595,0.0011795748472064,6.585974557752e-05,1368.74092469435,-3.9907677675222
"AC068700.1","AC068700.1",-2.31314781898414,0.00119415665506512,6.67255163716539e-05,7.80459971364482,-3.98766954743861
"MANBA","MANBA",-0.540330432377767,0.00119975701940736,6.71744267921609e-05,1486.65783898621,-3.98607803640908
"CARMIL3","CARMIL3",-1.17114625632124,0.00120067889578659,6.72714043768751e-05,30.2135704975529,-3.98573554644947
"C1orf210","C1orf210",-2.89604765431231,0.00120264081859934,6.74267624315776e-05,5.49811020000689,-3.98518785019929
"JUP","JUP",-1.05249176302155,0.00121188910018078,6.8036843207852e-05,3038.18804352505,-3.98304857241542
"MAN2A1","MAN2A1",-0.607373013654304,0.00121487147606671,6.8296073005677e-05,2755.72011348934,-3.9821450605992
"BEND3P3","BEND3P3",-0.892846561201187,0.0012163910446329,6.8536370587192e-05,50.9434767120682,-3.98131042799286
"CD82","CD82",-0.711148671118628,0.00122889454407104,6.94558252268795e-05,3271.88445384596,-3.97814222005962
"MAB21L4","MAB21L4",-2.98042042641646,0.00122955262742262,6.95394719578248e-05,20.6714951217625,-3.97785596685118
"AL365203.2","AL365203.2",-0.615141100896895,0.00123394692856743,6.98346178168425e-05,80.4930751944965,-3.9768485240083
"INSR","INSR",-0.598601741887696,0.00123781177265506,7.01001113457229e-05,1674.76702175727,-3.97594573118468
"AP003469.4","AP003469.4",-0.699701711265451,0.00124723266722401,7.09163611837295e-05,66.0516887370956,-3.97319025036877
"CACNG6","CACNG6",-1.78424658991219,0.00125634937494736,7.15771225743558e-05,13.2154900097987,-3.97098155108123
"OAS2","OAS2",-0.896299314351478,0.0012619785264901,7.20408611404492e-05,2660.35215805731,-3.96944292033505
"PPM1L","PPM1L",-0.848217937078382,0.00128060520467903,7.33429083006256e-05,1587.68628098659,-3.96517243389823
"PPIP5K1","PPIP5K1",-0.506761377968922,0.00128160337435371,7.3500091513428e-05,547.80199766435,-3.96466175970947
"FAT2","FAT2",-1.53968890334052,0.00129510710520355,7.43723903399976e-05,69.147122800913,-3.96184637366061
"C1QL2","C1QL2",-2.47177357354128,0.00130291771520992,7.48701441246093e-05,10.339519907178,-3.9602538121897
"AC000078.1","AC000078.1",-1.54708230544751,0.00130864408898463,7.5298082569179e-05,4.5450911285215,-3.95889260896782
"AL391056.1","AL391056.1",-1.50859341992312,0.00131378708599625,7.56436404495177e-05,36.3041587848394,-3.95779877325234
"SCEL","SCEL",-3.25048552692529,0.00131438357849745,7.57276420419589e-05,113.456489501543,-3.95753358695613
"MIR4664","MIR4664",-1.30942098100678,0.00131457723476095,7.58381290369856e-05,6.69237143330941,-3.95718521159271
"PSAP","PSAP",-0.660174797034539,0.00132446363739455,7.65194924590122e-05,140048.669707156,-3.9550473590099
"MYF6","MYF6",-2.8711469764276,0.00132999083626849,7.69785772474716e-05,19.9529486477091,-3.95361705635493
"SLC1A5","SLC1A5",-0.562420023529174,0.00133505298206961,7.73220076887192e-05,2966.84153611128,-3.95255234469601
"SRC","SRC",-0.532615433661809,0.00133665684927216,7.74653975134495e-05,1474.94659462359,-3.95210912656483
"INA","INA",-2.33888370099888,0.00134397670892228,7.79911679664748e-05,7.42358537468419,-3.95049057900458
"AC005540.1","AC005540.1",-0.857239490659636,0.00135065417351677,7.84296900032217e-05,48.1932268962969,-3.94914849055799
"SMTNL1","SMTNL1",-1.97304117954468,0.0013554632091793,7.87601502027945e-05,39.9588892650265,-3.94814180264053
"TMOD4","TMOD4",-2.09392367712432,0.00137007222472032,7.98160629611519e-05,26.7414626248589,-3.94495170634597
"WNK2","WNK2",-1.780546136401,0.00139068201810649,8.13319643367277e-05,99.4720849635545,-3.94044096655748
"ACER1","ACER1",-2.72344537048939,0.00140878000345247,8.26565168824544e-05,29.501972341619,-3.93656419406869
"RRBP1","RRBP1",-0.60222745264832,0.00142091236053366,8.36367621637176e-05,13450.9997660143,-3.93373278187779
"MYO5B","MYO5B",-1.36051003354151,0.00142470618433849,8.40215479901914e-05,255.178277121979,-3.93262990216408
"IGKV1OR2-108","IGKV1OR2-108",-2.82282929773585,0.00142594773113253,8.42222409334281e-05,89.4020528196303,-3.93205656519432
"LTBP2","LTBP2",-0.815734021257258,0.00142594773113253,8.42490889299142e-05,9600.52644776567,-3.93197996412118
"SLC26A2","SLC26A2",-0.500824339917342,0.00142594773113253,8.42563848838746e-05,1312.8772956849,-3.9319591517346
"ERO1A","ERO1A",-0.790975140553957,0.00143523483881075,8.49135878793167e-05,2558.37107817863,-3.93009137009287
"SPAG4","SPAG4",-1.46773086056662,0.00146461385634557,8.67624212002666e-05,254.216340074044,-3.92490930221284
"FYCO1","FYCO1",-0.674113646509431,0.00146831588496912,8.70791721104671e-05,2244.63471986456,-3.92403196959295
"AF131215.5","AF131215.5",-0.910054184383958,0.00147142121478184,8.74436348502716e-05,37.4377335231624,-3.92302620829278
"LRRK2","LRRK2",-0.641275006747832,0.00147142121478184,8.74281375259945e-05,1022.25617994368,-3.92306889358847
"NFASC","NFASC",-1.0074080324564,0.0014815836741999,8.82154924832463e-05,332.43534351709,-3.92090922180837
"NFE2L1","NFE2L1",-0.643726907413251,0.00149964826984932,8.95177100140516e-05,14414.2627172609,-3.91737695967898
"SSC5D","SSC5D",-0.984290312769567,0.00150968428543106,9.01738205170767e-05,4067.26887742166,-3.91561561111984
"IGHV5-51","IGHV5-51",-2.38454876299225,0.00155295834334059,9.29932741771444e-05,6190.15387956924,-3.90818192201613
"SULT2B1","SULT2B1",-1.95719109159686,0.00157595288833618,9.46780009557297e-05,72.0402334796663,-3.90384098159281
"HSPA13","HSPA13",-0.533424988402627,0.00159197322145177,9.57505522895166e-05,1959.82057704511,-3.90111524252035
"ABCA3","ABCA3",-0.756779371002373,0.0016253204102222,9.80018653789196e-05,1136.30081451813,-3.89548639003428
"GJA3","GJA3",-1.38340675635151,0.00162726519142708,9.81806079077053e-05,16.9245246989211,-3.89504473494196
"F11R","F11R",-0.56299244222316,0.00163778367377484,9.88771132529446e-05,1860.87121654316,-3.89333095057355
"SLC38A1","SLC38A1",-0.809432209516932,0.00163943612743137,9.90388139998778e-05,1520.19320890872,-3.89293470863472
"GRIP2","GRIP2",-0.957864774567412,0.00164408878343836,9.944410979957e-05,195.915061922879,-3.89194422319783
"MCOLN2","MCOLN2",-1.06673458305638,0.00164685027969442,9.97355774056505e-05,185.50454483252,-3.89123427068723
"LILRA6","LILRA6",-0.919089422958184,0.00165430143918544,0.000100311829305702,781.746496487081,-3.88983639025265
"AHCYL2","AHCYL2",-0.604769992777428,0.00165430143918544,0.000100250362818802,812.857506801088,-3.88998513489543
"TTC22","TTC22",-1.389232481511,0.00165901454862036,0.00010072297327564,69.2455190357809,-3.88884365715059
"SLC6A9","SLC6A9",-1.1528187067909,0.00165901454862036,0.000100671895802894,388.705266426281,-3.88896677863119
"GNS","GNS",-0.576705071680043,0.00166373109609434,0.000101197894318331,11792.7780393464,-3.88770168038558
"SLC45A4","SLC45A4",-0.530744161092654,0.00166590768599122,0.000101393225362948,852.362654359123,-3.88723346248453
"IGHV3-62","IGHV3-62",-2.98334458638468,0.00166714815853215,0.000101554042361414,87.6643739051885,-3.8868486150168
"IGHV1-18","IGHV1-18",-2.36408920235258,0.00166714815853215,0.000101720664778776,6608.5060445065,-3.88645048102408
"ESPL1","ESPL1",-0.880395292727202,0.00166714815853215,0.000101647012613053,131.274826913347,-3.88662639236327
"LDLR","LDLR",-0.753552512528604,0.00166714815853215,0.000101699510879046,927.01257516623,-3.88650099283416
"CD80","CD80",-1.57306674331923,0.00168751440188403,0.000103282078320002,43.1985427776281,-3.88274920537979
"THSD4","THSD4",-1.0299580800239,0.00168877180326085,0.000103486639649745,331.978260780288,-3.88226821815121
"FOXO3B","FOXO3B",-0.673684085041565,0.00168877180326085,0.000103440331055251,33.2253438802083,-3.88237702541627
"AL590560.1","AL590560.1",-1.03012388793862,0.00168991334457236,0.000103620437426459,35.0681865799107,-3.88195410317701
"WFDC5","WFDC5",-4.75223998819839,0.00170429427528226,0.000104759786387255,50.2648329812951,-3.87929467331
"MYLPF","MYLPF",-2.38659415360145,0.00171219797805106,0.000105827794480015,114.844992171905,-3.87682643500641
"IL4I1","IL4I1",-1.71444736530705,0.00171219797805106,0.00010553372221694,2148.10599000979,-3.87750370216743
"SPTAN1","SPTAN1",-0.519845032330747,0.00171219797805106,0.000105768696533868,11627.8707376688,-3.87696239863241
"VWA8","VWA8",-0.583101135260305,0.00171475494977251,0.000106058285241132,613.867793403721,-3.8762968404346
"AL133355.1","AL133355.1",-0.570537942093168,0.00171475494977251,0.000106180186734563,106.567853028791,-3.87601718845056
"CNNM3","CNNM3",-0.520141281701131,0.00171951938399292,0.000106573342823136,718.727272450565,-3.87511731596662
"MAPK15","MAPK15",-1.36547427590195,0.00172196879281143,0.000106887102897321,16.2121926244604,-3.87440141314061
"PCDHGA9","PCDHGA9",-0.99162312048745,0.00174130002657691,0.000108547547842831,225.222868436642,-3.8706454963535
"CPEB3","CPEB3",-0.539957239261755,0.00175068905991548,0.000109384255602762,274.62884041088,-3.86877336200151
"SUSD6","SUSD6",-0.541279860385307,0.00175187256676388,0.000109537538176516,3184.33735673545,-3.86843185704724
"PDZD7","PDZD7",-0.66133474044859,0.00175377492983506,0.000109789000670093,101.834896524833,-3.86787258806191
"TFRC","TFRC",-0.956525869773823,0.00177382441822165,0.000111647265886784,3507.67589781086,-3.86377675595582
"URB1","URB1",-0.522616410129614,0.00177382441822165,0.000111591969649818,918.700354355303,-3.86389770387022
"STARD4","STARD4",-0.632935060923639,0.00177408829728317,0.000111730899980016,286.209086177189,-3.86359393276323
"IGLV3-1","IGLV3-1",-2.30819006340118,0.00180437532998044,0.000114183712180938,8324.45599353583,-3.8582887249691
"AC087163.2","AC087163.2",-1.53731815556217,0.00180702395214889,0.000114448712679122,3.38892306367416,-3.8577220021741
"IGHV4-61","IGHV4-61",-2.57638824460561,0.00181804475136916,0.000115323477938298,1595.28588918089,-3.85585999919847
"PPM1K","PPM1K",-0.521912578530846,0.00182721510185219,0.000116100543020699,676.558001652475,-3.85421709677669
"SLC7A2","SLC7A2",-1.02841522404635,0.00182726433289871,0.000116184437351941,4268.52792150997,-3.85404034467435
"IGHV1-58","IGHV1-58",-2.78275353892127,0.00186617602664807,0.000119183106650197,437.859764576488,-3.8478003703984
"PPP1R27","PPP1R27",-3.22220368226031,0.00187868108881871,0.00012022912243354,19.1469696171633,-3.845658486989
"GJB5","GJB5",-2.8466796831193,0.00187868108881871,0.000120145312936901,29.6528610760693,-3.84582945145289
"C19orf71","C19orf71",-0.817360212999547,0.00188975028417419,0.000121103063788015,59.6462151505254,-3.84388238315914
"ITGB7","ITGB7",-1.35962389064348,0.00189448601038751,0.000121603828314193,1062.29056763008,-3.84287012189982
"LCE2A","LCE2A",-5.84006398437096,0.00190124257555933,0.000122109349746906,36.6825743439794,-3.84185222327815
"SPRR2G","SPRR2G",-5.49949538099919,0.00190985002028536,0.000122800978048023,97.0918209149074,-3.84046600408552
"IGLC3","IGLC3",-2.27197566828152,0.00194812597915996,0.00012570928907043,34426.6070749293,-3.83471633293626
"AL133216.2","AL133216.2",-0.779254446443207,0.00195208636249175,0.000126038595847913,60.0315062841912,-3.83407322198434
"MTND6P4","MTND6P4",-2.23287691299435,0.00196311354907716,0.00012682474475507,16.6807259644213,-3.83254431400729
"PSD4","PSD4",-0.760376588692431,0.00196766267456248,0.000127192974278454,1335.32908558215,-3.83183124811837
"DUSP8","DUSP8",-0.713699626427511,0.00197000410699397,0.000127493182034859,234.914149834527,-3.83125134271794
"LRRC37A17P","LRRC37A17P",-0.540991107251479,0.00200244070958989,0.000129894997860359,148.451890203549,-3.82665759917836
"DMXL2","DMXL2",-0.845204221453242,0.00201101999605219,0.000130527498327011,1830.32563837185,-3.82546118825042
"CXCL8","CXCL8",-1.85543452012514,0.00201776349644918,0.000131189712105074,1106.44264280206,-3.82421441296812
"MYO9B","MYO9B",-0.55686429784727,0.00201776349644918,0.000131193886334544,4511.28896815898,-3.82420657281156
"NCR3LG1","NCR3LG1",-0.756949596364884,0.00202454201592642,0.000131940571138806,84.6356515996608,-3.82280789605226
"RIPK4","RIPK4",-2.10892777682644,0.00203073692868663,0.000132497739840637,20.4868446089516,-3.82176906834464
"CDS1","CDS1",-1.31957887502003,0.00204191960060471,0.000133381653611604,166.510796029507,-3.8201294468821
"PRRG4","PRRG4",-0.805647195664398,0.00205310141975022,0.000134577466593624,430.698031177908,-3.81792748480889
"SEMA4D","SEMA4D",-0.940787474427405,0.00209517325113298,0.000137889297044605,1270.1657448452,-3.81192396515704
"FBXO40","FBXO40",-2.06602633386615,0.00209573233670145,0.000138131070413479,28.6218877228765,-3.81149102748123
"SLC36A1","SLC36A1",-0.753925257761843,0.00209573233670145,0.000138062433717696,1323.80334559992,-3.81161386093437
"SIRPB1","SIRPB1",-1.12465593723769,0.00211361784250796,0.000139742008552984,478.188053862834,-3.80862445189934
"LINC01963","LINC01963",-0.511754335707003,0.0021163827225141,0.0001400047658439,253.870364929132,-3.80815984480598
"NMRK2","NMRK2",-3.93686910408848,0.0021172738245324,0.000140143705488714,20.9026683458124,-3.80791450376931
"PCDHGA6","PCDHGA6",-0.757042011861384,0.00212335941604595,0.000140787176514437,155.117668027323,-3.80678123522774
"CCDC134","CCDC134",-0.501536423533903,0.00214923382713881,0.000142789958206714,86.8933563325057,-3.80328493733797
"DUPD1","DUPD1",-3.2276023177261,0.00216478601457617,0.000144433567635404,4.97417674613736,-3.80044998716005
"LINC01705","LINC01705",-2.01503387089356,0.00216762186676926,0.000144786560143869,13.2806253186641,-3.79984509912323
"CEP170B","CEP170B",-0.623827910685023,0.00216762186676926,0.000144745756392043,1451.55921529134,-3.7999149494109
"AC124312.5","AC124312.5",-1.09888492217507,0.00217806987864806,0.000145731299070071,7.68018733052925,-3.7982330005177
"ADARB2","ADARB2",-1.41658552672405,0.00218143707216587,0.0001460518900651,18.994438079491,-3.79768818110647
"MX1","MX1",-0.932811184433432,0.00218143707216587,0.000146121422379013,3591.59237707846,-3.7975701649745
"KRTDAP","KRTDAP",-3.67794193539461,0.00218841812005555,0.000146671719557918,245.779024453837,-3.79663801494233
"IGHV1OR15-9","IGHV1OR15-9",-2.97635907967699,0.00219697876799705,0.000147411473495892,59.8289898902927,-3.79539011893696
"ALOXE3","ALOXE3",-3.34711717446529,0.00221106887322585,0.000148626593432946,25.1664817186782,-3.79335306537281
"CD274","CD274",-1.03031347850478,0.00221959211340094,0.000149515763277565,273.216618362838,-3.79187235282788
"FAT1","FAT1",-0.700961803033557,0.00221959211340094,0.000149470175743593,3269.1048383316,-3.79194806673758
"P2RY11","P2RY11",-0.845722746627972,0.00223526464601524,0.000151078183978286,319.480900494364,-3.78929046096236
"IRX4","IRX4",-2.52308726657197,0.00224095103151479,0.000151716507932846,16.86822623763,-3.78824286025538
"TIMP3","TIMP3",-0.929183840342711,0.00224334445638662,0.000151963300853874,69742.4387508777,-3.78783894199738
"VASH1","VASH1",-0.534949218938064,0.00227221877938013,0.000154348459153178,2767.69692319307,-3.78396673975846
"CPA4","CPA4",-2.32206795327666,0.00227347134255694,0.000154519435764855,35.1246388924728,-3.78369133444054
"PAEP","PAEP",-2.19098551625469,0.00227530481042776,0.000154730010909743,14.4229932555806,-3.78335253859369
"LTBP1","LTBP1",-0.720804547697795,0.00227928470889503,0.000155086771722391,7607.03157077328,-3.78277953283227
"LCE1A","LCE1A",-5.53074618273428,0.00228607706533324,0.000155817383877126,30.0652322122444,-3.78160993344413
"EGLN3","EGLN3",-1.2934786772178,0.00229312536880403,0.000156912887569922,1091.35763892553,-3.77986583440371
"CCDC88B","CCDC88B",-0.753359389665993,0.00229312536880403,0.000156928063911257,899.039414640941,-3.77984175345183
"SLC16A1","SLC16A1",-0.508173699822068,0.00230478301792933,0.000157953696570471,1688.90109390447,-3.77821939599747
"SOS1-IT1","SOS1-IT1",-0.683194909415872,0.00230968392039197,0.00015846409004616,19.4886405056517,-3.77741574068971
"TANC2","TANC2",-0.554143402677611,0.00231514534718022,0.000159013723267734,919.93370183931,-3.77655301882469
"GRN","GRN",-0.708117653593278,0.00233162863647884,0.000160322041572839,32126.8846483695,-3.77451067779234
"SPN","SPN",-0.947505259915299,0.00234682251282906,0.000161632756843378,617.368062827929,-3.77248026153374
"AC135068.9","AC135068.9",-2.82776390738821,0.00235924970400251,0.000162666920163383,57.5573964377474,-3.77088915428007
"SDR9C7","SDR9C7",-4.09722750753482,0.00236653670008015,0.000163258756067338,24.0243593335629,-3.76998286470035
"PRSS8","PRSS8",-2.11689558186373,0.00236812625515853,0.00016354734951943,36.5273882787959,-3.7695420566903
"RSAD2","RSAD2",-1.14889669792565,0.0023844778978357,0.000164766711063565,983.880595266954,-3.76768760244394
"SLC16A3","SLC16A3",-0.990337055505521,0.00244764240572648,0.000169686191941822,8226.90942802715,-3.76033466902832
"CCL27","CCL27",-3.07705309018646,0.00245096528209358,0.000170138476581866,11.5485056621963,-3.75966875938371
"TNF","TNF",-1.0255567368936,0.00245732718007835,0.000170800006397816,162.450818482458,-3.75869776565063
"CD84","CD84",-0.974639454082575,0.00245732718007835,0.000170912499754786,4315.18355558681,-3.75853299985794
"SLC2A6","SLC2A6",-0.944125884035771,0.0024659368585001,0.000171699785795296,576.525408020943,-3.75738273138445
"SLC1A4","SLC1A4",-0.643847953628309,0.00247122975770132,0.000172161686244332,2276.12003371272,-3.7567101761481
"LCN8","LCN8",-4.49278654718904,0.00248331207945748,0.000173351595410694,4.05655641017229,-3.75498538202863
"MIR4697HG","MIR4697HG",-1.10749822311195,0.00248331207945748,0.00017337869669566,66.6061893466671,-3.75494622807854
"NT5DC3","NT5DC3",-0.523773372642572,0.00248331207945748,0.000173351021081811,207.097779338005,-3.7549862118392
"IGKV1D-16","IGKV1D-16",-2.65034598482721,0.00248878113537748,0.000173948585154268,231.328350251725,-3.75412422532549
"ITGB2","ITGB2",-0.98026470636812,0.00251707259285347,0.000176306342784024,17245.2963983086,-3.75075010978683
"CYP27B1","CYP27B1",-1.66207524772741,0.00252544075658261,0.000177139210237436,45.7204797391277,-3.74956835354104
"TCIRG1","TCIRG1",-0.696426801864119,0.00252544075658261,0.000177092374152712,4274.91089865446,-3.74963467050743
"TRANK1","TRANK1",-0.63403744120352,0.0025364689433182,0.000178144084235466,1325.03798399957,-3.74814947228723
"SERPINB2","SERPINB2",-2.60018804970855,0.00254907367007275,0.000179318265657012,40.9453697664167,-3.74650103273697
"ENG","ENG",-0.640516752251686,0.00257103866767816,0.000181154826975699,18360.2984804475,-3.74394291605895
"SCGB2A2","SCGB2A2",-4.89154375723469,0.0025815291238203,0.000181991512525924,28.6142801812,-3.74278558523699
"RN7SL431P","RN7SL431P",-2.19526345994234,0.00262231049271478,0.000185857209729606,9.11477016365346,-3.73750254446131
"PPP2R2C","PPP2R2C",-1.69664412313626,0.00263750644387612,0.000187133518515975,35.2187251775857,-3.73578094738495
"AL132656.4","AL132656.4",-0.568649960102201,0.002644667898903,0.000187741546036448,51.514596713757,-3.73496466458885
"AC131212.3","AC131212.3",-0.905691261701574,0.00264739308466356,0.000188035022069874,27.8734239867265,-3.73457155894377
"IGLJ1","IGLJ1",-2.79561119697701,0.00264813387603586,0.000188187684492178,5.48151748843646,-3.73436729845161
"PAG1","PAG1",-0.645528218653097,0.00266440095768429,0.000189645676235491,1306.88322763184,-3.7324243314934
"IGHV2-70D","IGHV2-70D",-2.85550913474135,0.00266633838147426,0.000189884311801692,248.787262123144,-3.73210765576743
"OSCAR","OSCAR",-0.943107048508144,0.00269160537867891,0.000191988777624609,829.357616667628,-3.72933105606807
"ADGRF4","ADGRF4",-3.88531596427887,0.00269680787351708,0.000192461750465593,17.2562205542876,-3.72871096107788
"AL031587.5","AL031587.5",-0.66247178014213,0.00273326895583919,0.000195270376496728,138.067257877973,-3.72505792675818
"GRAMD1B","GRAMD1B",-0.788210425878934,0.00274246506832141,0.00019603097620855,460.974262896337,-3.72407715041096
"AL513320.1","AL513320.1",-1.47179364521611,0.00274408802661761,0.000196354328550899,4.72037376210777,-3.72366127758185
"CSRP3","CSRP3",-3.51369519771907,0.00275640942091996,0.000197548402715825,54.8402076761318,-3.72213109974399
"IL1A","IL1A",-2.19766077807949,0.00278593525962824,0.000200190746299932,6.31171059545857,-3.71877565954402
"ATP2C2","ATP2C2",-1.89198010876645,0.00279120836814658,0.000200675111435375,17.8648586242509,-3.71816509385897
"AC022239.1","AC022239.1",-2.22936539110802,0.00280180000248329,0.000201624850516192,8.84668320555493,-3.71697191015895
"TRPV6","TRPV6",-1.85299797874373,0.00280799856416519,0.000202518767576839,8.65114975271288,-3.71585367114388
"SIGLEC10","SIGLEC10",-1.1879477553091,0.00281459909130283,0.000203207482847093,779.796477614884,-3.71499528577802
"THEM5","THEM5",-1.36764120397886,0.00282391353188375,0.00020425511510488,69.5971616507566,-3.71369478770635
"SCN5A","SCN5A",-1.1685738847575,0.00282391353188375,0.000204079802305698,11.4745269822903,-3.71391197837709
"PYDC1","PYDC1",-2.99133880235466,0.00282477994053982,0.000204476117952106,9.90747422578721,-3.71342124214789
"ZSWIM4","ZSWIM4",-0.691581602745798,0.0028306470275548,0.000205007758201011,462.15016227011,-3.71276434206776
"IGHV2-5","IGHV2-5",-2.33945784263246,0.00284414197867766,0.000206200024824603,2215.29174220656,-3.71129696436296
"GRHL3","GRHL3",-2.12676759872904,0.00284724039501969,0.00020653222858581,22.8656961341908,-3.71088952543935
"HSP90B1","HSP90B1",-0.557068499830696,0.00285557599850377,0.000207460525336158,27971.5674199494,-3.70975424941004
"ESYT1","ESYT1",-0.537343570923955,0.00287120090734481,0.000208921113285205,4908.59706648483,-3.70797762223645
"IGHV3-64","IGHV3-64",-2.89852260315957,0.00287282201494634,0.000209256142839417,143.643245385495,-3.70757174477805
"AJM1","AJM1",-0.503224610570484,0.00287282201494634,0.000209219575940851,141.475611408403,-3.70761601470876
"NOTCH4","NOTCH4",-0.610034011953689,0.00287729730945931,0.000209690827380974,940.843972450581,-3.70704604718554
"IGHJ1","IGHJ1",-2.64112573828818,0.00289552392370421,0.000211456713306896,110.440734590812,-3.7049208960366
"PCDHGC5","PCDHGC5",-1.20172561002412,0.0029206077871655,0.000213619580488587,39.8756232920839,-3.70234059098664
"CLVS2","CLVS2",-1.95344651887703,0.00292709935561187,0.000214315559755782,31.3640841014832,-3.70151550202285
"IGLV3-27","IGLV3-27",-2.68973850710542,0.00297869389897378,0.000219218546798176,459.029365052002,-3.6957732675512
"AC023449.2","AC023449.2",-0.685095687858285,0.00298123644650748,0.000219518298169295,25.5637091196919,-3.6954261310954
"DCT","DCT",-1.92279939219985,0.00298992248842016,0.000220383798968897,104.653912050347,-3.69442630264048
"CST6","CST6",-2.00913902469221,0.00299198822542945,0.000220670721058444,97.580876147918,-3.69409566308205
"TCAF1P1","TCAF1P1",-0.837131685904229,0.00299198822542945,0.000220762137000405,171.562593563661,-3.69399040314141
"ABCC4","ABCC4",-0.55510077037722,0.00303096535599149,0.00022386706226013,684.740704934504,-3.69043934926309
"TATDN2P2","TATDN2P2",-0.803388082677961,0.00303613121572684,0.000224363317766508,39.002504592441,-3.68987607941729
"OVOL1","OVOL1",-3.64980564484611,0.00304740184302418,0.000225886977823622,22.0740678599307,-3.68815394275687
"IGHV1-46","IGHV1-46",-2.34154185013204,0.00308249676625317,0.000228837740212606,2957.84138478192,-3.68484958691327
"OLFML2A","OLFML2A",-0.828714156721999,0.00308309537126489,0.000228998658804896,2094.6996914905,-3.68467053728619
"KLHL21","KLHL21",-0.541936635413289,0.00308360019605278,0.000229152653505453,1903.07881144418,-3.68449930222086
"CHP2","CHP2",-1.70814167413757,0.00308699311732447,0.000229591198074686,82.3111655801318,-3.68401225177073
"AC022762.2","AC022762.2",-0.97390871264044,0.00309819550534834,0.000230588429692706,8.50775133308343,-3.68290796199268
"AC009948.3","AC009948.3",-0.690670628011139,0.00310149191344976,0.000231302468440433,16.4339451956307,-3.68212001752058
"PTPRJ","PTPRJ",-0.765420769556762,0.00312741906680572,0.000233590520800745,2658.44257338282,-3.6796104306715
"IDE","IDE",-0.63043287556352,0.00316798944308116,0.000236740455567438,1643.04649847854,-3.67619298902325
"FMN1","FMN1",-0.741264464885908,0.00319752216735964,0.000239551417049158,490.992570484739,-3.67317914371685
"ARHGAP26","ARHGAP26",-0.510937487955116,0.00321928280945884,0.00024166817569212,1427.34146490789,-3.67093142806723
"IL7R","IL7R",-1.20295770940535,0.0032209589558228,0.000241915690210274,2898.88624847126,-3.67066980785878
"ARHGEF12","ARHGEF12",-0.520791226648613,0.00325811458790404,0.000244952511614683,6237.37713028131,-3.66748020038051
"TRIM54","TRIM54",-2.90869616879656,0.00327453675298302,0.00024668201614901,20.0264577426237,-3.66568022211934
"RNF128","RNF128",-1.7766107449695,0.0033107679988396,0.000249786682295616,46.4116639727429,-3.6624785416669
"AL162431.2","AL162431.2",-0.659221380631143,0.00332022336510878,0.00025087637350174,17.935569850375,-3.66136364376317
"PDPK2P","PDPK2P",-0.825923948457936,0.00333127077948421,0.000251836972675504,65.5333600465706,-3.66038458423407
"CCR5","CCR5",-1.26641666539109,0.00333672559952523,0.000252375407089407,1230.92986218061,-3.65983733314359
"AP002761.4","AP002761.4",-0.912817809242315,0.0033384343576288,0.000252630776316842,87.3195499749442,-3.65957816504202
"CDH5","CDH5",-0.835023351726194,0.00336570756467372,0.000255203259749146,4130.93035971307,-3.65698102943621
"CDH23","CDH23",-0.704520400151576,0.00337944070343369,0.000256612726120544,1696.80282607064,-3.65556844819124
"LAD1","LAD1",-1.86510116434221,0.00339871145329886,0.000258715477867268,167.660637866231,-3.65347451482976
"PDE4DIP","PDE4DIP",-0.709589223416397,0.00341721416626929,0.000260961096460462,7207.86988710001,-3.65125586172343
"TNFRSF10A","TNFRSF10A",-0.506870144670591,0.00343858212444772,0.000262807496987334,305.637715934414,-3.64944500219458
"ERVE-1","ERVE-1",-1.81861186985642,0.0034534892830625,0.000264338255600311,7.55228425371769,-3.64795272976825
"ATP2A3","ATP2A3",-0.74959923120049,0.00347158286651145,0.00026611665103146,3444.76924926663,-3.64622918635813
"FAM83H","FAM83H",-1.25248378255783,0.00349335681973008,0.000268421973781563,498.138371250739,-3.6440109677808
"MYH6","MYH6",-4.18657744220012,0.00350327130762327,0.000269604580967494,8.90019968788985,-3.64287996536383
"TTC7A","TTC7A",-0.524539829287391,0.00352317443059621,0.000271668707274429,3727.25999810227,-3.64091700556634
"IL27RA","IL27RA",-0.640147946376745,0.00353804941796232,0.000272949371395937,1134.3633862473,-3.63970612448781
"DYSF","DYSF",-0.688142047706589,0.00355999479094542,0.000274776884578242,3082.85141683515,-3.63798738092408
"PLXNC1","PLXNC1",-0.659567175105363,0.00356705937950663,0.000275456925902435,3198.12736650226,-3.63735054809791
"UTRN","UTRN",-0.524710839028458,0.00359497485530896,0.000278563354423616,4746.34474744227,-3.63446010654978
"PCDHGB3","PCDHGB3",-1.03905912275077,0.0036266148018575,0.000282111144245139,41.1304295425951,-3.6311957104353
"PRKCA","PRKCA",-0.626710197732944,0.00363854465781011,0.00028400140779915,1297.23231914472,-3.62947211411941
"LCE2C","LCE2C",-4.29602233189615,0.00365385396050273,0.000285334396326236,42.2007735029818,-3.62826310775511
"IGLV3-10","IGLV3-10",-2.37600966498516,0.00366573783892331,0.000287489564936625,1471.54009908951,-3.62631954200805
"PTPRC","PTPRC",-0.836389199387215,0.00370435934489129,0.000290677938695803,8381.68846246392,-3.62346910481036
"NCEH1","NCEH1",-0.724924774439863,0.00373083296395417,0.000293319105292554,1638.0192462037,-3.62112997030267
"AHDC1","AHDC1",-0.525206409023404,0.00375236276571328,0.000295437077477293,1429.71994768155,-3.61926841089112
"NOMO3","NOMO3",-0.874871258134007,0.00376741546863039,0.000297049230535027,1025.06903254011,-3.61785979336857
"SGMS2","SGMS2",-0.646282610439161,0.00381697799366113,0.000301678112612455,2447.1733821631,-3.61385474647603
"CRYBG2","CRYBG2",-1.81179020939048,0.00385931320570067,0.00030610866479869,19.9105782118961,-3.61007484491116
"IGHJ3","IGHJ3",-2.28287067892056,0.00386507447420245,0.000306939685850374,483.590978326401,-3.60937157428396
"MIR600HG","MIR600HG",-1.05812041261533,0.00388316213607119,0.000308669505243636,59.8524124308374,-3.60791337505503
"LCE1E","LCE1E",-5.33600856713127,0.00388961190942781,0.000309329142368263,13.6079991758618,-3.60735933010601
"TBC1D4","TBC1D4",-0.599751114484501,0.00389938690243785,0.000310253837188187,1192.66163954323,-3.60658451629295
"CEACAM5","CEACAM5",-2.39833467422817,0.00391203435103494,0.000311555722240419,5.44188718890056,-3.60549730685498
"CCL20","CCL20",-1.85877984305079,0.00392590807747382,0.000312808951429683,81.7661098447802,-3.60445474066118
"BREA2","BREA2",-0.676239081605468,0.00393429203997111,0.000313774245206809,10.7172546784972,-3.60365437166799
"NHSL2","NHSL2",-0.589463709858946,0.00396170792839329,0.000316709130548196,1296.17310231479,-3.60123500594719
"TMEM132B","TMEM132B",-1.19953480471645,0.00400544978929988,0.000320962597873174,29.7717110817249,-3.59776566067564
"SPTSSB","SPTSSB",-1.68439976691658,0.0040088897986517,0.000321541162965641,50.8231813430442,-3.59729708247312
"CAPN3","CAPN3",-1.35087407297344,0.00403337504894091,0.000323746511677366,124.896320800062,-3.59551818446602
"COL18A1","COL18A1",-0.819122197142903,0.00404407357967592,0.00032508284780402,15427.5191791278,-3.59444576761398
"SQLE","SQLE",-0.643862019785334,0.00404407357967592,0.000325127076109802,827.048846896217,-3.59441034474653
"AC126755.1","AC126755.1",-1.06703762392983,0.00407450615165506,0.000328412432160658,302.779119627088,-3.59179160025141
"SLC16A6","SLC16A6",-0.910435604008965,0.00407921901618041,0.00032903141786789,311.534847739827,-3.59130095543906
"AL442125.2","AL442125.2",-0.943816544023028,0.00409173943697728,0.000330350492153857,6.10204859137449,-3.59025825407408
"AP000350.6","AP000350.6",-1.35120240401562,0.00412025095697235,0.000333275050016163,16.0475808028555,-3.58796027647939
"ATP7B","ATP7B",-0.661596389500517,0.00413513729371055,0.000334791613601636,148.188847900797,-3.58677605268917
"CARD18","CARD18",-3.4675017088812,0.00416862583901342,0.000338609645766078,6.90895784834536,-3.58381678421128
"JAG1","JAG1",-0.636496545442144,0.00416862583901342,0.000338762861449918,2987.6788738567,-3.58369868294559
"WARS","WARS",-0.848350496458607,0.00418650251351323,0.000340373773436113,12011.6239638298,-3.5824599803538
"MMP3","MMP3",-2.06993718807063,0.00418943829595163,0.000341036508594784,103809.548616266,-3.58195196523246
"P2RY1","P2RY1",-0.804693589657277,0.00418943829595163,0.000341087291842373,289.747774583371,-3.58191307578688
"UNC5B","UNC5B",-0.808358939245769,0.00422105232964621,0.000344441450162422,1713.24155915642,-3.57935640410014
"ESRRG","ESRRG",-1.65939097242514,0.00423496879415669,0.000346048671772227,19.0768710329851,-3.57813955978056
"RAG1","RAG1",-0.582635443496829,0.00423633860371088,0.000346470387989392,42.0932667878537,-3.57782114962477
"ALOX15B","ALOX15B",-1.55934939080636,0.00425635817075853,0.000348786915726898,101.64623301322,-3.57607853078743
"SLC11A1","SLC11A1",-1.1075158957034,0.00425635817075853,0.000348724410751756,2013.92020430533,-3.57612540814962
"ADGRG2","ADGRG2",-1.07311775253221,0.00425635817075853,0.000348537822967606,910.370473507603,-3.57626539166299
"EZR","EZR",-0.563706661545217,0.0042583302949039,0.000349109401184082,9969.44399987388,-3.57583679854052
"TRIM29","TRIM29",-1.70772666617231,0.00426068296758484,0.000349463248427469,747.059297656467,-3.57557179797563
"CYP26B1","CYP26B1",-0.848837374089849,0.00429109762885293,0.00035293058060421,989.026222372022,-3.57298826677174
"ARFGEF3","ARFGEF3",-0.914337549963584,0.00429949985083261,0.000354271380659107,209.417057600918,-3.57199558846773
"ENDOD1","ENDOD1",-0.645389249835584,0.00429949985083261,0.000354131849574766,2326.71520098692,-3.57209872812052
"GAA","GAA",-0.619426248412284,0.00433196079652405,0.000357600753349392,8786.48529978259,-3.56954575845053
"BNIPL","BNIPL",-1.83160528408911,0.0043330699155034,0.000358019717601947,38.0316982693973,-3.56923898713076
"AC012651.1","AC012651.1",-1.20827010756552,0.0043330699155034,0.000357938422634442,48.2054601931819,-3.56929848615085
"IGKV1-9","IGKV1-9",-2.29810251897741,0.00434149161304492,0.000359207625243431,4884.05893237572,-3.56837100683598
"VWA2","VWA2",-1.42172334355861,0.00435648867378866,0.00036077763319146,23.6067746401065,-3.56722794250862
"ITPKA","ITPKA",-0.804285067134426,0.00437749109378701,0.000363013070039007,39.0790148013729,-3.56560840478292
"PPFIA4","PPFIA4",-1.11729103168082,0.00439011782411277,0.000364329968412283,58.0759614663828,-3.56465869278612
"IGLV2-5","IGLV2-5",-2.52868575986739,0.00440297157555426,0.000365625128379171,67.7329553344728,-3.56372778347393
"MET","MET",-0.71280295875831,0.00440864848780289,0.000366263101162815,1397.35802501928,-3.56327036694175
"IGHV3-64D","IGHV3-64D",-2.50731857976164,0.00441926934139094,0.00036747938420044,928.205624738913,-3.56240037109753
"CYP2J2","CYP2J2",-2.23626336945349,0.00442207582111229,0.0003678798200948,15.0457233671269,-3.56211453207352
"ADAMTSL3","ADAMTSL3",-0.863932813467058,0.00442928232672846,0.000368814018214119,1042.80188268811,-3.56144881235889
"NPTXR","NPTXR",-0.888697927550286,0.00447619209730411,0.000374072950214844,416.842443867413,-3.55773040145976
"SPP1","SPP1",-2.08941824129319,0.00449429283274003,0.000375925208042859,33498.7621339681,-3.55643236257243
"SBK1","SBK1",-0.956581408735885,0.00455798805977002,0.000382700958552012,93.1472232009745,-3.55173439564341
"HEG1","HEG1",-0.628626154487604,0.00456828782481835,0.00038414691977044,8976.23134227759,-3.55074191114806
"DHCR24","DHCR24",-1.09939749584697,0.00457479663006703,0.000385251489985244,2887.93728289198,-3.54998610140764
"ETV4","ETV4",-0.94330294713067,0.00458260808867891,0.000386082437483621,89.0355569417485,-3.54941885353609
"AP000759.1","AP000759.1",-0.505620172014352,0.00458564325062474,0.000386511394164638,34.0745335473821,-3.5491264718226
"NLRC5","NLRC5",-0.663773826652402,0.00460901576032493,0.000389003785884087,1364.64913452907,-3.54743360559403
"LRP4","LRP4",-1.00589448000407,0.00461147094255075,0.000389559447940741,273.288164539733,-3.54705757446081
"BTN1A1","BTN1A1",-1.38492256431606,0.00462168857974512,0.000390946417698036,8.17718502526386,-3.54612115798284
"LILRB1","LILRB1",-1.06514725176921,0.00464133948951316,0.000392784028732082,1529.46774635119,-3.54488525950765
"SPRR2E","SPRR2E",-4.46893075626759,0.00464847329996818,0.000393580783160578,65.173237960729,-3.54435107493369
"AC241952.1","AC241952.1",-0.904371346078769,0.00464847906968099,0.000393915091363272,191.909359651952,-3.54412723863399
"SLC9A7","SLC9A7",-0.723902742894723,0.00468023432361691,0.000397136510289153,324.878569683789,-3.54197938472809
"TNFRSF17","TNFRSF17",-1.80593916272878,0.00468305684806341,0.000397552938818938,287.983187183408,-3.54170292358846
"AC092611.3","AC092611.3",-1.99971163073919,0.00473957597991753,0.000403962499931767,11.5384054795228,-3.53748148989625
"LRRC26","LRRC26",-2.47400253282192,0.00474993863489904,0.000405922444827595,17.7482926429129,-3.53620312938024
"SLC15A3","SLC15A3",-0.654031178486574,0.00476068272461741,0.000407200335809204,3977.72448875627,-3.53537273543412
"IGLV1-44","IGLV1-44",-2.11967345561518,0.00476794564730475,0.000408214780581207,8565.65324080261,-3.53471526445391
"CNTNAP3C","CNTNAP3C",-1.31245369527955,0.00476794564730475,0.00040800580104236,48.8461202644064,-3.53485058110119
"AL121760.1","AL121760.1",-1.13206377309646,0.00476794564730475,0.000408361962387694,6.19534370660942,-3.53462000137573
"IGHV4-4","IGHV4-4",-2.33694904922121,0.0047818651995122,0.000410096112542698,2477.84108052561,-3.53349998538715
"PMEL","PMEL",-1.1296402917137,0.00479874475674217,0.000412268902370006,77.932903814241,-3.53210289730601
"CD207","CD207",-2.27985662961981,0.00483586439389222,0.000416554113040699,17.2676832242941,-3.52936757882558
"TIAF1","TIAF1",-0.643696587871971,0.00483586439389222,0.000416466284294144,76.6246972579946,-3.52942337699979
"TREM1","TREM1",-1.03533558157488,0.00485578236490368,0.000419553978938936,5366.34938231937,-3.52746831084879
"PHLPP1","PHLPP1",-0.572568484094296,0.0048558741826182,0.000419745367404528,547.653929300227,-3.52734757022134
"FGF9","FGF9",-1.35541880182696,0.00485612714355539,0.000420387105612921,35.5933008293759,-3.52694309376211
"RHBDF2","RHBDF2",-0.795029900314258,0.00485612714355539,0.000420446725955342,1784.0448718615,-3.5269055453728
"DDX58","DDX58",-0.506869966941534,0.00485612714355539,0.000420140547953401,994.830046780966,-3.52709842652334
"SLC12A2","SLC12A2",-0.798067333163078,0.00486245127073943,0.000421302943235982,1031.23349344863,-3.52636685467833
"TMEM63C","TMEM63C",-1.61014797280829,0.00487886599564133,0.000423023063205896,21.4137523053142,-3.52528772097887
"ENO3","ENO3",-1.5963623632895,0.00490755436907122,0.00042588130967383,232.109194725937,-3.52350360104351
"LGI3","LGI3",-1.87739906580799,0.00492692637630984,0.000428120845725665,14.0778991814191,-3.52211347575495
"RDH12","RDH12",-1.46230109630171,0.00493629923477908,0.000429494772665995,44.3319802117083,-3.52126400813245
"MACC1","MACC1",-1.08741894654911,0.00494392179978186,0.000430765962401236,67.1250427978373,-3.52048031720668
"ARHGAP44","ARHGAP44",-0.597121792413824,0.00494392179978186,0.000430905118897456,511.154611196089,-3.52039465812134
"AC034105.1","AC034105.1",-4.47514334891312,0.00500969208738803,0.000437773160985625,4.90713778423558,-3.51619873811553
"AC068580.3","AC068580.3",-1.14186709902283,0.00502931151683128,0.000439677617210608,28.2630914690266,-3.51504612400147
"TNXB","TNXB",-1.03079901324379,0.00505262940144687,0.00044247969143352,36601.4189842372,-3.51335869856383
"AC024267.6","AC024267.6",-2.34984561523694,0.00506513607053966,0.000444533229575788,3.38330330415659,-3.51212836767107
"FAM160A1","FAM160A1",-1.84437321117775,0.00507671501875353,0.000446208635153349,22.2260471535065,-3.51112850964192
"TGFBI","TGFBI",-0.786168918610985,0.00514187214130622,0.00045301469014795,34692.8588595346,-3.50710245530539
"C10orf99","C10orf99",-5.17700306290459,0.00519956185322771,0.000458862222985216,11.1261738664914,-3.50368823657191
"ITGA9","ITGA9",-0.644069793221997,0.00524452790074898,0.000463049669577633,2057.37966543879,-3.50126815505771
"CD93","CD93",-0.807406784517607,0.00526129738442853,0.000464729052279795,11416.5042979328,-3.50030330995298
"TAPBP","TAPBP",-0.559837886043731,0.00527908425783886,0.000466898494374581,8788.02392111692,-3.49906171819007
"PLXND1","PLXND1",-0.517787525172137,0.00527908425783886,0.000466743205201964,11142.6804368727,-3.49915041258597
"AC022973.2","AC022973.2",-0.912183497323568,0.00529090470891375,0.000468143822141977,10.8338253565787,-3.49835143501178
"AC000123.1","AC000123.1",-0.672641750681977,0.00530516629842382,0.000469606129328914,11.9541564410184,-3.4975196425216
"CCSAP","CCSAP",-0.547864112586431,0.00530621997697301,0.00046989986875306,615.108395578756,-3.49735284856325
"LAMP5","LAMP5",-1.40649545036584,0.00530639389384525,0.000470115746007296,134.478962801967,-3.49723032905431
"PLEKHN1","PLEKHN1",-1.14426033980482,0.00532459700853486,0.000472331927010459,84.0597119444926,-3.4959755783751
"ZFHX2","ZFHX2",-0.738812187491158,0.0053545826944526,0.000475801069075239,90.5820100294718,-3.49402241441129
"NKPD1","NKPD1",-1.96330508588944,0.0053909846718565,0.000479605202191737,17.2798155813437,-3.49189585820866
"CCDC9B","CCDC9B",-0.739032125164109,0.0053909846718565,0.000479646715109073,251.816956741044,-3.4918727388873
"CPSF1P1","CPSF1P1",-1.44527888276318,0.00539434088392075,0.000480149122464668,7.61674016582607,-3.49159308669511
"SH3RF2","SH3RF2",-1.60821355460744,0.00543017338616496,0.000484364326749612,130.229479125122,-3.48925749341321
"PWAR6","PWAR6",-0.749460828161353,0.00543566509149171,0.000485059539314043,57.3207712566508,-3.48887410687017
"ABRA","ABRA",-1.98133707960485,0.00546867084301826,0.000488988203957717,11.9978027852407,-3.48671716226329
"AL121987.2","AL121987.2",-0.965980917020438,0.00546867084301826,0.000489037889056036,7.64905549904133,-3.48668998740989
"ISLR2","ISLR2",-0.903208607673927,0.00549272881423329,0.000491747060226424,335.6787767498,-3.48521211252531
"SEMA4A","SEMA4A",-0.899698332606895,0.00552503928945185,0.000495539811596913,1164.57568510908,-3.48315584015918
"ITGA1","ITGA1",-0.618846109902363,0.00553567695465582,0.000496703040058468,1990.65473735462,-3.48252812618624
"WASH5P","WASH5P",-0.921322594970666,0.00555506220007163,0.000498862172714129,515.956268516077,-3.48136661629495
"DLL1","DLL1",-0.614517062946641,0.00556592844978856,0.00050004827736587,273.729196025593,-3.48073054204203
"WDFY4","WDFY4",-0.892143907368356,0.00559456716612325,0.000503043932727845,1483.05751509521,-3.47913029858282
"ADAMTSL4","ADAMTSL4",-0.531186731904087,0.00560513891783114,0.000504629794899377,3746.8800555217,-3.47828674305831
"B4GALNT3","B4GALNT3",-0.963700134451441,0.00561018564708871,0.000505296104222278,693.880683229111,-3.47793305537865
"IGLV3-21","IGLV3-21",-2.13831159985942,0.00565037110418896,0.000509769398043116,12518.6482847969,-3.47556975602992
"AC055720.2","AC055720.2",-0.648281579561559,0.00566932995909482,0.000511908217244196,12.5969517918774,-3.47444661378185
"ANKRD22","ANKRD22",-1.47709644606487,0.00567997558539575,0.000513319806624441,174.82714335837,-3.47370775003909
"AC245369.1","AC245369.1",-3.45064088787535,0.00572322795559018,0.000518720913727789,11.8245729913338,-3.47089804336463
"LLGL2","LLGL2",-0.731203764654938,0.00573826632789687,0.000520300698437889,333.79482187019,-3.47008137831031
"PSTPIP2","PSTPIP2",-0.810126795846743,0.00574059882893146,0.00052094595138061,320.434072006682,-3.46974848127734
"AC021106.3","AC021106.3",-1.05067962269423,0.00576228508835624,0.000523784726381243,5.19214911755363,-3.46828845813499
"CGN","CGN",-1.44162187971164,0.00577061880270854,0.000524760265144866,24.9384711564459,-3.46778842659616
"RUFY4","RUFY4",-1.92845916022416,0.00577923572558354,0.000526198877881912,4.7257471201556,-3.46705261587618
"NOTUM","NOTUM",-2.09497873185699,0.00589706504728899,0.000539377931900965,11.2634966845645,-3.46039780061382
"PCDHB13","PCDHB13",-0.670674833310594,0.0059195427834577,0.000541657509597436,194.608315473072,-3.4592621140661
"PLXNB3","PLXNB3",-0.940240682012058,0.00602950474467718,0.000553541748066249,47.558183707011,-3.45341254868144
"CHKB-CPT1B","CHKB-CPT1B",-1.68680837027083,0.00604415340871132,0.000556028318040427,49.4600742950253,-3.45220344276259
"SLC43A2","SLC43A2",-0.729586155357005,0.00605866027805311,0.000557820661816291,6063.39974011805,-3.45133502701619
"TOM1L2","TOM1L2",-0.552217543506725,0.00610704520355078,0.000563198358149815,1631.61445998638,-3.44874496684376
"SPTBN2","SPTBN2",-1.25651465227897,0.00614583319072904,0.000567936377820213,136.529509999141,-3.4464820097861
"RRN3P2","RRN3P2",-0.787447246563637,0.00620037989813223,0.000573486437879413,24.0235165139655,-3.44385346059516
"SLC7A6","SLC7A6",-0.516824706940496,0.00620037989813223,0.000573679790340619,738.890643502881,-3.44376231508872
"VEGFA","VEGFA",-0.791039362897881,0.00624834384710436,0.000579533950834607,1644.82224160242,-3.44101614547039
"SLCO5A1","SLCO5A1",-1.22933996638114,0.00628169095460119,0.000583101540498512,68.2357009956995,-3.43935523848563
"IGLV1-40","IGLV1-40",-2.06230551490285,0.00631770221829906,0.000587160355775272,8783.13915315428,-3.437477104928
"MT1H","MT1H",-1.75684852301234,0.0063470979115143,0.000590371946735737,94.685509162974,-3.43599955287289
"PODXL","PODXL",-0.757451424151149,0.00636533956031452,0.000592549649651101,4338.44469165776,-3.43500191120932
"CPAMD8","CPAMD8",-1.35001886567654,0.0063696072628778,0.000593187574256442,301.731752642397,-3.43471031371857
"MLANA","MLANA",-0.972895917599126,0.0063773557254573,0.000594150108390105,38.8935018025471,-3.4342708881448
"USH1G","USH1G",-2.29850775474776,0.00639215278263827,0.000597292349035772,9.59791563367999,-3.43284095967396
"TLR8","TLR8",-0.865618507111514,0.00639215278263827,0.000597143961292589,1508.0492147142,-3.43290832826941
"RAP1GAP2","RAP1GAP2",-0.500841877617929,0.00639215278263827,0.000597367297758621,372.797486464114,-3.43280693859199
"EGF","EGF",-1.31828150370216,0.00640497753278765,0.000598901333395649,48.8228637735419,-3.43211147325604
"ITGA4","ITGA4",-0.906690636822511,0.0064075556832157,0.000599384482664327,1021.66631030441,-3.43189277761474
"IGLV3-19","IGLV3-19",-2.1369070386353,0.00640986162666224,0.000599842353290354,6978.12571918133,-3.4316856756261
"AC006378.2","AC006378.2",-1.50730888800299,0.00641453626688478,0.000600522153059824,3.28819112525263,-3.43137846287725
"SPOCK2","SPOCK2",-0.886963509058097,0.0064483360742886,0.000603930073979427,1762.93209824569,-3.42984322888347
"IGHV3-66","IGHV3-66",-2.23464926312058,0.0064545713782534,0.000604757906156955,658.60071223308,-3.42947151615976
"FBP2","FBP2",-3.76265655876444,0.00647544400008241,0.000606958198806319,13.3803270157256,-3.42848583919685
"CHST3","CHST3",-0.616687021877401,0.00654450594600581,0.000614420540096884,1621.12917190585,-3.42516747871318
"IGHV6-1","IGHV6-1",-2.25355145276344,0.00655678965863584,0.000615900121006209,1141.15253220087,-3.42451399534848
"MAP3K9","MAP3K9",-1.22844908595504,0.00655678965863584,0.000616069208546879,97.4110786693901,-3.42443940784467
"ASB5","ASB5",-4.18819962153749,0.00656091371532226,0.000616704572281605,11.7998608869229,-3.42415930783126
"SLC31A1","SLC31A1",-0.558876663614129,0.00656336525365857,0.000617182973151845,2771.94878271173,-3.4239485820266
"KCNA2","KCNA2",-1.1876164910435,0.00656978946136421,0.000618035277448973,94.1495851823177,-3.42357353571188
"AC112721.1","AC112721.1",-2.03077013739554,0.00664049987560673,0.000626192439816932,4.45263220723848,-3.4200082180206
"AP003498.2","AP003498.2",-2.72980156560828,0.00664569273056813,0.00062695033097239,4.76693949654914,-3.41967915765008
"PCDH1","PCDH1",-0.857432232806763,0.00664569273056813,0.000627184269936877,1739.53078909897,-3.41957766102536
"HSPA1B","HSPA1B",-0.546109143427259,0.00664841051780185,0.000627800657022759,5689.81799375608,-3.41931040423968
"MMP14","MMP14",-0.681283842450095,0.00665787328310867,0.000629088408366571,16364.5757216366,-3.41875284019002
"AP006623.1","AP006623.1",-0.735121427799322,0.00668386266597095,0.000632049123613483,29.2224038705314,-3.41747494095398
"MYORG","MYORG",-0.790833741977602,0.00674440528188491,0.000638283850206721,507.181153130681,-3.41480202846282
"POU3F1","POU3F1",-1.41445950799486,0.00676247363708205,0.00064075583831294,33.1038669325304,-3.41374897194478
"BLK","BLK",-1.45721203679281,0.00676368787187359,0.000641130865183076,195.982983355762,-3.41358954231408
"C5orf46","C5orf46",-3.59706542840773,0.00681846000850478,0.000647353130128547,20.9066983133411,-3.41095694396841
"IGLC6","IGLC6",-2.30994493843685,0.00682598727187898,0.000648924912476737,10.493389612145,-3.41029565740934
"MTCO2P22","MTCO2P22",-2.80497201511011,0.0068328610614321,0.000650269258897105,6.46705998064087,-3.40973123945381
"MEGF10","MEGF10",-1.00996400656891,0.00683525786827599,0.000650848907778371,156.811528510901,-3.40948821117019
"IGFN1","IGFN1",-3.31192719449876,0.00685529970707399,0.000654476646634779,12.09898720005,-3.4079717723809
"CNKSR1","CNKSR1",-1.70981531713686,0.00685529970707399,0.000654028079452615,64.8900064483171,-3.40815885477169
"CHIT1","CHIT1",-1.53185867216464,0.00685835581723649,0.000655027522988169,157.400560370759,-3.40774218331956
"ANKRD1","ANKRD1",-1.99109722834108,0.00690650141205909,0.000660408593974897,25.912637296339,-3.40550890614138
"IGHA2","IGHA2",-1.95276269869786,0.00692783265991524,0.00066297182214337,1938.85241217877,-3.40445104681031
"AP001273.1","AP001273.1",-0.632808100330417,0.00692783265991524,0.000663233516952859,21.767366681051,-3.40434325787315
"AL596244.1","AL596244.1",-0.599469693505545,0.00692787373671417,0.000663760920182369,92.1358045201913,-3.40412614694669
"HS3ST3B1","HS3ST3B1",-0.832340544480039,0.00696424369726304,0.000667508642561348,229.306022615736,-3.40258796226839
"AC134879.2","AC134879.2",-2.53220709382514,0.00700279276254507,0.000672997357522083,36.9462653859077,-3.40034964795864
"IGLC2","IGLC2",-1.8538117891669,0.00700279276254507,0.000673320018915607,76726.9268495244,-3.40021859446677
"TNNC2","TNNC2",-1.84706908089173,0.00701685100874635,0.000676527400896168,234.390825275394,-3.39891903619231
"CNTNAP1","CNTNAP1",-0.680712465375134,0.00704494201638922,0.000680300419127691,593.119513062769,-3.3973976067457
"ABCB1","ABCB1",-0.787342344668799,0.00704688307904317,0.000680754090940851,363.227228377324,-3.39721519699914
"SGPL1","SGPL1",-0.595307035344674,0.00704910155356312,0.000681234718879235,2240.11489834913,-3.39702207212039
"KIF5A","KIF5A",-1.08894756417329,0.00710786128643285,0.000688793086240518,16.213298360362,-3.3940015265428
"SYT8","SYT8",-2.49361632166315,0.00711235393664202,0.000689765860265219,14.3545330213895,-3.39361501755921
"SKI","SKI",-0.538749729838741,0.00711714602232977,0.00069049948941565,8237.54067985258,-3.39332386216876
"IGHV1OR16-1","IGHV1OR16-1",-2.65379847278452,0.00713261816325164,0.000693347936606841,76.0432199607234,-3.39219611758823
"STEAP3","STEAP3",-0.71556421753153,0.00714504482287025,0.000695095788238728,2630.64862609877,-3.39150624580524
"PCDHGA12","PCDHGA12",-0.842135016290491,0.00722643454029571,0.000705197794309713,719.572092201466,-3.38755032160699
"AF111169.3","AF111169.3",-1.28975253089901,0.00724240809599346,0.000707030205903023,4.49695223074948,-3.38683840067021
"SGPP2","SGPP2",-1.42937402340374,0.00724261641115322,0.000707962048656119,106.511772345629,-3.38647702237284
"INPP5J","INPP5J",-0.983443074329968,0.00724261641115322,0.000708635695122779,42.9994016124529,-3.38621605042569
"ATP8A1","ATP8A1",-0.744382852946606,0.00724261641115322,0.000708692300611539,522.553418052231,-3.38619413184987
"ITGA2","ITGA2",-0.829764965357137,0.00726290793121819,0.000711501011207403,406.379173064323,-3.38510859067069
"TRDN","TRDN",-2.61772646823236,0.00726965693322349,0.000712869479378329,83.8217123019456,-3.38458113195939
"ACVR1B","ACVR1B",-0.505804295126682,0.00731465259352508,0.000718228194891068,1125.14112253809,-3.38252469737499
"LAMC1","LAMC1",-0.607188002536718,0.00735440058922984,0.000722686763103511,11648.4391727116,-3.38082453441282
"IGKV5-2","IGKV5-2",-2.50699077692353,0.00737828047192059,0.000726148348232013,179.670706715546,-3.37951125230211
"CHRND","CHRND",-3.87639088137479,0.00744569272059886,0.000734668799795619,11.6963592496369,-3.37630330985465
"AP000229.1","AP000229.1",-0.533967327253809,0.00744569272059886,0.000734751950818098,68.2990811193787,-3.37627217418693
"MYOZ1","MYOZ1",-1.98275848840205,0.00758797646071579,0.000751961154272415,136.422554737514,-3.36989762294724
"ASB16","ASB16",-1.01820936651928,0.00761142620168425,0.000755132615724917,26.2762850897663,-3.36873767085574
"GCOM1","GCOM1",-0.863984691712939,0.00764746967417793,0.000759575268178389,316.321129603942,-3.36712036860324
"TRIM7","TRIM7",-1.13235403598826,0.00770282495952905,0.000766237414274812,313.60294099205,-3.36471146855689
"NTF4","NTF4",-3.10056186694501,0.00773758374350545,0.000770864344388676,4.89994113457593,-3.36304987837379
"IGKV3-7","IGKV3-7",-2.45438181789846,0.00775315311147352,0.000773001286832846,135.297337746256,-3.36228559830515
"FLT4","FLT4",-0.769502407826662,0.00782084766060189,0.000780636953391144,630.086285419567,-3.35957062523179
"PCYOX1","PCYOX1",-0.562290791642807,0.00782637718423308,0.000781484562995506,5026.05288589194,-3.35927076697088
"GDPD2","GDPD2",-1.4297698715761,0.00785154258613923,0.000784887290147886,14.6397847013133,-3.35807001731936
"SLCO4A1-AS1","SLCO4A1-AS1",-2.26612051429,0.00792578675791273,0.000794105802334224,4.17061337943948,-3.35484111495465
"AC003072.1","AC003072.1",-0.539745991730198,0.00793521106332904,0.000795649633989772,43.9668574475533,-3.35430377186958
"LONRF3","LONRF3",-0.520361403809516,0.00795296186892893,0.000798330865757837,186.10897584553,-3.35337284289731
"AC008440.3","AC008440.3",-1.18556863418894,0.00795297094682957,0.00079863224060875,8.35460910527602,-3.35326838642171
"CD79A","CD79A",-1.66858134124186,0.00795821576653052,0.00080035394472023,2911.8115605588,-3.35267234456153
"SLC39A2","SLC39A2",-1.9801636989635,0.0080185699161704,0.000807643182459114,13.868909502444,-3.35016197280919
"DNAJC5B","DNAJC5B",-1.52601030104913,0.00802102104253435,0.000808193098358045,76.4248007735874,-3.34997343883392
"GALNT6","GALNT6",-0.593556530080148,0.00802501184184141,0.000808898394122667,646.59840960203,-3.34973180836098
"ADGRB1","ADGRB1",-1.04345971605281,0.00804254503541469,0.000810969537931989,41.1510504384619,-3.34902337408995
"MN1","MN1",-0.851158836532312,0.00806427334850644,0.00081443668784002,1120.66597202127,-3.34784118515586
"LINC02345","LINC02345",-1.04199529177797,0.00808380854579495,0.000817268188014178,69.3744340832138,-3.34687919160899
"FRAS1","FRAS1",-1.36839778040622,0.00808558714559419,0.000817753477228292,38.7609235720927,-3.34671462656957
"GK","GK",-0.821223899862339,0.00823555245147816,0.000834476242958345,929.579770402217,-3.34109846077809
"KY","KY",-1.6308491771412,0.00832026153558867,0.000847774580130818,15.9771006671183,-3.3367063864967
"MYH14","MYH14",-2.05391671393668,0.00833428721966764,0.000849833435561712,731.107940053866,-3.33603212280072
"WFDC12","WFDC12",-2.36934481933388,0.00835891031063936,0.000853607411298432,14.2790863087755,-3.33480009090508
"CD83","CD83",-0.928902460972913,0.00835891031063936,0.000853292579027379,855.207088585984,-3.33490267603281
"ESYT3","ESYT3",-1.25536944452607,0.00836586479252162,0.000854949724725943,41.7943579401759,-3.3343631040778
"GYS1","GYS1",-0.637849592675897,0.00839129614735176,0.000858816776726583,1603.72964596895,-3.33310774229365
"PTK6","PTK6",-0.868860182053194,0.00841848303845301,0.000862235351439273,117.66904448591,-3.33200232732393
"NPTX1","NPTX1",-1.42933087416773,0.00847398382155966,0.000869690684093808,13.6754565667417,-3.32960563209086
"HPSE","HPSE",-0.681116190025463,0.00849538326991623,0.000873000207570069,627.184533554248,-3.32854780623887
"SLC41A2","SLC41A2",-0.530768739590121,0.00853181689726633,0.000878678184364653,892.245030164544,-3.32674158079329
"AC084759.3","AC084759.3",-1.2839980045187,0.00866995616221601,0.000895525337092394,4.37251870156568,-3.32144530128064
"NFAM1","NFAM1",-0.741415906703231,0.00867325012860214,0.000896193248771275,2323.76485263472,-3.32123723724072
"CDH1","CDH1",-1.4376191208344,0.00869814214481841,0.000900408382515488,91.5242076716769,-3.31992746892899
"SERPINB12","SERPINB12",-4.92288217626988,0.0087024163036059,0.00090150838733943,27.7456778137234,-3.31958659958358
"KBTBD8","KBTBD8",-0.801054317813532,0.00871829454593543,0.000904470770453689,174.357097950302,-3.31867053005361
"MYADML2","MYADML2",-2.81786015258033,0.00873637870611229,0.000907667136718758,6.13184088653021,-3.31768521861453
"NRIP3","NRIP3",-0.986324396396964,0.00878601101481262,0.000914815306842857,293.921675284417,-3.31549331007558
"FHOD1","FHOD1",-0.535297266680624,0.00882059703937452,0.000919749436271626,1697.58015918464,-3.31398955289828
"GDA","GDA",-1.69766513402127,0.00883696984259736,0.000922458259665893,24.3761065518408,-3.31316716990202
"RORA","RORA",-0.841335980658779,0.00884131237895614,0.000923245585984917,1795.06008476968,-3.31292856192779
"EPS8L1","EPS8L1",-1.04616966746043,0.00891197741161216,0.000931971494024801,140.973810584217,-3.3102966284905
"PPP1R3G","PPP1R3G",-0.569439721970066,0.00891588404442305,0.000933390558279356,339.222957635851,-3.30987076621465
"MIR4482","MIR4482",-1.92520800395097,0.00891691489359859,0.000934172239221312,3.40258748170379,-3.30963643931182
"IGLV5-45","IGLV5-45",-2.26833381539293,0.00892720022384598,0.000936261582281025,344.567405960807,-3.30901100104932
"SNHG28","SNHG28",-0.640614780617701,0.00896959924599888,0.000941724897224334,149.104186157674,-3.30738166564919
"IGKV2-24","IGKV2-24",-2.16432743632532,0.00898316963515577,0.000943828431575359,834.255847335264,-3.30675665832628
"AC022509.3","AC022509.3",-0.649546028260599,0.00902258878915924,0.000950015299232566,40.6994938010175,-3.30492585139803
"IGHV3OR16-6","IGHV3OR16-6",-3.8764804232516,0.00906439867130972,0.000956129853424637,3.25031044043912,-3.30312726262176
"MS4A1","MS4A1",-1.70718928063249,0.0090858392443553,0.000959403446441974,625.505744302124,-3.30216871331446
"HOOK1","HOOK1",-1.52943105105115,0.0091413702709015,0.000966666492434671,90.3331660150247,-3.30005277239092
"RIMS3","RIMS3",-0.698382641817392,0.00915736874988943,0.000968830093489696,270.067746188829,-3.29942529726639
"ACTG1P22","ACTG1P22",-2.24030962176222,0.00916025740952705,0.00097004803804089,9.84065269788899,-3.29907264664184
"SLC24A5","SLC24A5",-4.39455059837253,0.00916399564560147,0.000970790123928616,3.75159721020441,-3.29885797983041
"CDCP1","CDCP1",-0.88137579842081,0.00925147389141747,0.00098185192799445,703.99600350908,-3.2956759644905
"AC102953.2","AC102953.2",-0.583297641053595,0.00925147389141747,0.000982154279907934,56.0037283217987,-3.29558945750492
"SAMD9","SAMD9",-0.525200107088271,0.0092906511813395,0.000987366420080396,1252.3647719786,-3.29410205695327
"NEO1","NEO1",-0.629996598642601,0.00930468567572152,0.000990264065454212,1316.40356996923,-3.293278290531
"SERPINB13","SERPINB13",-4.69944635871647,0.00932018400972153,0.000992265614091778,16.6047073864188,-3.29271057606647
"LGR5","LGR5",-2.05549095808891,0.00933691631420475,0.000994752503156802,49.8755265434983,-3.29200667601859
"OVOL3","OVOL3",-2.47695126754407,0.00935464633361681,0.000996994873517436,3.20361563840195,-3.29137338104076
"L1TD1","L1TD1",-1.16446502495362,0.00936464970222905,0.000999122398243033,99.0412999681072,-3.29077373892875
"ANKRD33B","ANKRD33B",-0.882870052653698,0.00939361433478684,0.00100389022198748,319.935224753083,-3.28943421083296
"DEGS2","DEGS2",-1.30541318670892,0.00941268587906198,0.00100700494448433,63.1085235898025,-3.28856230112923
"AJ239328.1","AJ239328.1",-1.34960883654497,0.00941913616194333,0.00100813830317675,6.12144412207419,-3.28824565742021
"SVIL","SVIL",-0.775859357766802,0.00943639779831236,0.00101105535365952,3261.3958681427,-3.28743218951542
"CLEC6A","CLEC6A",-1.59591549414729,0.00952733012017837,0.00102331782582142,18.7088376568413,-3.28403618534579
"AL390066.1","AL390066.1",-0.814557210875438,0.00957943174031321,0.00102999972544982,18.8517730820979,-3.28220150237935
"TACSTD2","TACSTD2",-1.23128906038028,0.00960702842410352,0.00103478174608482,388.417379406559,-3.28089522891287
"LGALS17A","LGALS17A",-1.5785986540864,0.00965320515253535,0.00104048488043309,17.6811944337897,-3.27934462515979
"PLCG2","PLCG2",-0.543282686000089,0.00965320515253535,0.00104035008691659,1575.30518958641,-3.27938118281836
"AC087386.2","AC087386.2",-0.962340928390138,0.00968747113503328,0.00104564226199668,17.0654252358207,-3.27794916111392
"PTAFR","PTAFR",-0.671057895625914,0.00974026615732176,0.0010531807677757,3394.47842426066,-3.27592083700864
"STK10","STK10",-0.505096127640594,0.0097450303034127,0.00105434659347866,2922.1733619813,-3.27560835785586
"PRR15L","PRR15L",-2.00585440782602,0.00976744057623084,0.00105722608526583,4.33820684560162,-3.27483792828285
"AC007384.1","AC007384.1",-0.835158686410861,0.00977285711862663,0.00105818158985923,64.2520067168178,-3.27458270483005
"KIF21B","KIF21B",-0.791900092919106,0.00980285319922985,0.00106217019817111,416.294689261212,-3.27351961087289
"POLQ","POLQ",-0.980564703909233,0.00984657737195475,0.00106839586732608,38.9767648883695,-3.27186762576491
"FOXN1","FOXN1",-2.91937056108068,0.00991993287109045,0.00107785435555768,12.1110634382562,-3.26937477325257
"BCAT1","BCAT1",-0.693174568731878,0.00994367349471629,0.00108080957513691,8325.82042378168,-3.26860005190127
"AL391825.1","AL391825.1",-0.961779179012073,0.00995146530043265,0.00108240842494789,4.82240035012691,-3.2681817241233
"TNNI2","TNNI2",-1.56308217137404,0.00997381877898209,0.00108634703010334,176.386870787839,-3.26715364889732
"EPHX3","EPHX3",-1.14192149725897,0.00999050423678983,0.00108891929136494,53.0322026565288,-3.26648408319005
"COL16A1","COL16A1",-0.718524473572497,0.0100232509097912,0.00109476060222171,2546.66502416226,-3.26496899250895
"MUCL1","MUCL1",-3.69232299505897,0.0100619198759764,0.00109936424803823,9.11723942015454,-3.26378018015915
"IGLV2-18","IGLV2-18",-2.27454359303887,0.0100726943656828,0.00110132796652044,462.108385165618,-3.2632744837872
"MYL1","MYL1",-4.38301654659809,0.0100997361207856,0.00110578545763106,206.105240043098,-3.26212967908172
"AC007952.6","AC007952.6",-1.43365322435294,0.0100997361207856,0.00110505501693543,14.7939567066797,-3.26231698339457
"STAC2","STAC2",-1.1410501892994,0.0101248338903774,0.00111032086048559,447.303504116229,-3.2609692360259
"AL592424.1","AL592424.1",-1.36254961183291,0.0101581945154325,0.00111448852895145,7.08714077033392,-3.25990674059972
"AP000439.2","AP000439.2",-3.04172380986799,0.0101993465342969,0.00112164937031489,2.87042742780849,-3.25808972210323
"SP6","SP6",-1.22445910338856,0.0101993465342969,0.00112170077303027,105.98259666003,-3.25807671780148
"TEAD1","TEAD1",-0.640841872863054,0.01022699160272,0.001125900242938,1923.75230803943,-3.25701615647299
"PTPN3","PTPN3",-0.855230926387129,0.0102348189145672,0.00112714863183209,528.078511755216,-3.25670158541163
"FCHO1","FCHO1",-0.695435993168259,0.0102400202628606,0.00112925271165051,346.018770675751,-3.25617212416923
"KLHL40","KLHL40",-3.53107145912714,0.0102918984024448,0.00113743194356222,15.2836249791225,-3.25412256494112
"COL6A1","COL6A1",-0.766558020716169,0.0102977585816007,0.00113874870105955,71482.3802801999,-3.25379388460788
"MIR1-1HG","MIR1-1HG",-3.2678570918758,0.0103332678832658,0.0011432205578789,8.65666627826645,-3.25268026565473
"PCDHGA4","PCDHGA4",-0.935675657541788,0.0103332678832658,0.00114354700992821,84.9584311747749,-3.25259912763562
"TUFT1","TUFT1",-0.835242886618818,0.0103332678832658,0.00114414817321643,452.300841568446,-3.25244976751637
"CTSD","CTSD",-0.633911615936965,0.0103470934155298,0.00114615882331533,48575.9442188803,-3.25195074430641
"GPR17","GPR17",-0.92103998653381,0.0103606689864751,0.00114844545718833,20.8553681464881,-3.2513842071189
"LHFPL2","LHFPL2",-0.660133903363624,0.01038810020975,0.00115227104219374,9189.05053204664,-3.25043870602633
"KIAA1324","KIAA1324",-0.904832055183257,0.0103955200312353,0.00115348680840749,141.752241236866,-3.25013883443073
"IGKV3D-20","IGKV3D-20",-2.25847893910059,0.0103990179428046,0.00115457753050066,551.490260159313,-3.24987005375508
"LTBP3","LTBP3",-0.674935477526697,0.0104317137154326,0.00115868519110552,16089.8990607873,-3.24885992706542
"CMYA5","CMYA5",-1.51171209647914,0.0104967091960895,0.00116630102178772,334.334386701777,-3.24699582122814
"AC012531.1","AC012531.1",-1.29171156631034,0.0104970491474061,0.00116673537314098,11.0276997465845,-3.24688984564421
"GOLGA8R","GOLGA8R",-0.659563598918361,0.0105374790162313,0.00117214172273597,26.3577781704561,-3.24557381509367
"KLK8","KLK8",-3.70684213278284,0.0105704651748242,0.00117848965699143,38.7010949573089,-3.24403572173155
"CELF2-AS1","CELF2-AS1",-0.809023147024526,0.0105705112042644,0.00117889414314815,12.0252438014067,-3.24393797508236
"CDHR5","CDHR5",-0.920550599719059,0.0105717786758352,0.00117943490232882,8.89896752940805,-3.24380734558816
"FBXO41","FBXO41",-0.724328299528649,0.0106143564007763,0.00118498708543179,242.196994351571,-3.2424693138543
"ITGB8","ITGB8",-1.01347734582184,0.010634872755396,0.00118888467577985,4004.26145358747,-3.24153348179173
"SH3PXD2A","SH3PXD2A",-0.523011143967395,0.0106928581142355,0.00119698283246363,5053.04137689883,-3.23959810045566
"EMILIN2","EMILIN2",-0.619774646798604,0.0106982462605356,0.00119799017402348,5902.60866751926,-3.23935820207545
"AC020659.1","AC020659.1",-1.91240224771373,0.0107673643191178,0.00120735718384304,8.52841584888695,-3.23713632866023
"PTPN14","PTPN14",-0.596255414967122,0.0107788344480182,0.00120945779253519,2939.46225017544,-3.23664024662585
"SPTBN5","SPTBN5",-1.15818855171138,0.0107851675732436,0.00121098334004609,46.3942335337064,-3.23628047030885
"IGHV2-70","IGHV2-70",-2.1851408938497,0.0107864861359331,0.00121194641914183,738.513503738258,-3.23605355880977
"TTN","TTN",-1.52917678251054,0.0107895193198937,0.00121321427622731,1138.10534483658,-3.23575509226147
"ICAM1","ICAM1",-0.641562031999052,0.0108069596644766,0.00121628821793327,4190.77314496263,-3.2350326492229
"CILP","CILP",-1.41670774205091,0.0108713404556383,0.00122408995434369,5467.7043461398,-3.23320661598596
"DHX40P1","DHX40P1",-1.85539251816636,0.0108751181449236,0.00122519182092871,5.88684814633594,-3.23294958568851
"OTOP2","OTOP2",-2.19451164774754,0.0109219380107668,0.0012312918139759,3.547041625418,-3.23153050286465
"IGHA1","IGHA1",-1.85756826775532,0.0109299652178327,0.00123302263555285,54779.5540548216,-3.23112903258038
"PRF1","PRF1",-0.834913506492189,0.0109459496452436,0.00123563165566859,527.528721022398,-3.23052484345099
"MUC4","MUC4",-1.31335594775208,0.0109495454907282,0.00123647253284169,5.87388600111999,-3.23033036664332
"NXPH4","NXPH4",-0.874962381690064,0.0109564081940589,0.00123848930131944,144.17465952114,-3.22986442875724
"LEXM","LEXM",-1.63413055037868,0.011011230693298,0.00124718234986239,3.41604640886942,-3.22786404244839
"MAPK13","MAPK13",-0.922863680663263,0.0110243280328354,0.00124908231404561,1067.47719758354,-3.22742855036382
"AC096720.2","AC096720.2",-0.800591539021786,0.0110360562688161,0.00125082809348476,6.06350527636604,-3.22702893795496
"IGHV3OR16-7","IGHV3OR16-7",-3.67715808511888,0.0110643310371232,0.00125445077042604,3.1412173500885,-3.22620134043318
"SPRR1B","SPRR1B",-4.16137846826731,0.0110658304039659,0.00125503883307664,31.5545250292077,-3.2260672062411
"TBC1D27P","TBC1D27P",-1.74951804834922,0.0110748449034369,0.00125647962692286,9.69278837004803,-3.22573881337029
"CYBB","CYBB",-0.811132150671553,0.0110938530311527,0.00125989354383033,25546.1658308071,-3.22496208231575
"IGHV1OR21-1","IGHV1OR21-1",-3.44504697824727,0.0111274212002949,0.00126597933629143,5.54843748872469,-3.22358225578599
"AC106865.1","AC106865.1",-1.04863575129873,0.0111274212002949,0.001266228140666,92.4600870049235,-3.22352597497831
"GPR84","GPR84",-1.26640583743523,0.0111276112043605,0.00126667016353992,170.799779886469,-3.22342601234569
"AL139022.1","AL139022.1",-1.02194439514981,0.0111361819667937,0.00126806650980075,4.27951113115314,-3.2231104427146
"IGKV1-37","IGKV1-37",-2.90576135892548,0.0111681822241474,0.00127508582422357,44.1121132631884,-3.22152894431455
"SLC22A31","SLC22A31",-1.6541552064916,0.0111681822241474,0.0012733064222035,4.32608670726968,-3.2219290935595
"C5AR2","C5AR2",-0.657673959727929,0.0111681822241474,0.00127450945212738,912.089131265309,-3.22165850152684
"AC091959.3","AC091959.3",-0.637413636553052,0.0111681822241474,0.00127431678064837,74.7207811721407,-3.22170182238203
"AC111170.3","AC111170.3",-0.795428168004397,0.0111839705171192,0.00127731092497832,19.6895066581451,-3.22102929172759
"SLC29A2","SLC29A2",-0.814019382225855,0.0111875719129815,0.00127814490403324,65.0028141635148,-3.22084222639462
"NEBL","NEBL",-0.962393862395146,0.0111947498163416,0.00127981083321053,504.89563427236,-3.22046888792279
"RIMBP3B","RIMBP3B",-0.725449696200939,0.0113635133142746,0.0013012508540393,65.9216799921673,-3.21570375082269
"AC004877.1","AC004877.1",-1.2378800341188,0.0114099361700266,0.00130829106789191,4.9279216626622,-3.21415482936178
"CD226","CD226",-0.777168031418628,0.0114210019695039,0.00131136212178462,522.74521782282,-3.21348157333573
"AC112721.2","AC112721.2",-1.67791194824682,0.0114397971606996,0.00131430817808332,9.8127856972365,-3.2128370860735
"ACHE","ACHE",-1.11958252995749,0.0114683682529202,0.00131845723652712,111.029880258636,-3.21193168395002
"SERINC2","SERINC2",-0.658262316581244,0.0114743492831007,0.00131957834514937,894.586072637615,-3.21168748829342
"GRIN1","GRIN1",-1.94019483267042,0.0114780294462445,0.00132043521341247,5.13092821062467,-3.21150097751945
"LCE6A","LCE6A",-4.41315682972352,0.0115736367362328,0.00133318290863931,21.9473989141395,-3.20873935233275
"MEGF9","MEGF9",-0.511444560238582,0.0115736367362328,0.00133303408656051,1841.71325554908,-3.20877145192023
"SLC37A2","SLC37A2",-0.758140652851953,0.0115803073891237,0.00133438881472014,2669.91830786341,-3.20847937106972
"NRCAM","NRCAM",-0.876028860680701,0.0116049056704237,0.00133853855498143,76.7441043799653,-3.20758638207474
"AC096677.1","AC096677.1",-0.538596403618789,0.0116110546203356,0.00133968645625089,22.1330110832798,-3.20733981442809
"AC002310.6","AC002310.6",-0.631831526599346,0.011622210757597,0.00134141274186628,60.7771263004926,-3.20696937732886
"C11orf42","C11orf42",-1.19848916434394,0.0116248446639464,0.00134303430361358,3.0586055030554,-3.20662181290968
"MAFB","MAFB",-0.54085326920917,0.0116569378415724,0.00134894407075206,13890.186054808,-3.20535838556354
"GBA3","GBA3",-1.99935039708972,0.0116999219796098,0.00135568630138892,9.88173505489375,-3.20392320965771
"AQP5","AQP5",-2.11051123126912,0.0117830810989534,0.00136799305667323,21.2262568659072,-3.20132044277876
"MMP13","MMP13",-1.84876875852661,0.0118604881555964,0.0013792203159517,699.691343755973,-3.19896474980472
"SIM1","SIM1",-1.96418140384895,0.0118774009970927,0.00138208451664383,10.9927125124098,-3.19836661771584
"AC142381.1","AC142381.1",-2.45066980500525,0.0118909533953865,0.00138411074884528,140.245226527413,-3.19794416891671
"TINCR","TINCR",-1.44951976379088,0.0119776243052795,0.00139827190688405,44.5910298481052,-3.19500753334605
"NFE2L3","NFE2L3",-0.680969148491915,0.0119776243052795,0.00139753935545407,908.707327772918,-3.19515877029245
"HERC6","HERC6",-0.595124568865111,0.0119776243052795,0.00139736766949143,666.200160901263,-3.19519422583217
"IGKJ1","IGKJ1",-1.89956145317191,0.012037644333026,0.00140709779615333,426.864767531661,-3.19319112804154
"MST1R","MST1R",-0.910395304867735,0.0121479843729739,0.0014218314098558,44.840640171172,-3.19018216365949
"SREBF1","SREBF1",-0.535001015293935,0.0121741467685254,0.00142765316292655,3931.72551666261,-3.18900113663561
"LENG8","LENG8",-0.703621854601076,0.0123290430938721,0.00144907828270944,1869.94422632004,-3.18469263761622
"ANO9","ANO9",-1.39334000017818,0.0123921818166282,0.00145790374313273,114.402548862633,-3.18293492946144
"AHCTF1P1","AHCTF1P1",-1.2744263531122,0.0124155185345541,0.00146252547473421,5.37761503483327,-3.18201835870372
"DAPK1","DAPK1",-0.598620621807331,0.0124331548799243,0.00146554245439434,2147.71206894287,-3.18142147741092
"AC135068.8","AC135068.8",-1.57595856805601,0.0124973123377965,0.00147556265450737,100.462814734745,-3.17944716754982
"IGHV1OR15-1","IGHV1OR15-1",-1.57595856805601,0.0124973123377965,0.00147556265450737,100.462814734745,-3.17944716754982
"LINC02541","LINC02541",-1.37945710190164,0.0124973123377965,0.00147593782794786,21.5037143002003,-3.17937348621472
"AC090425.2","AC090425.2",-0.841528384644783,0.0124973123377965,0.00147548574130569,5.10772741341186,-3.1794622748755
"MREG","MREG",-0.835259407246431,0.0124981801628369,0.00147651250025279,296.824114193511,-3.1792606582113
"FAM84A","FAM84A",-1.07452589505092,0.0125263725559595,0.00148173608646754,266.525808227336,-3.17823693947275
"IL37","IL37",-4.30413529228682,0.0125683641046479,0.00148812773825859,14.5741725614628,-3.1769888174783
"PSORS1C2","PSORS1C2",-2.96161010582719,0.0125683801366525,0.00148860447045244,15.8809398983114,-3.17689592224116
"IGHG4","IGHG4",-2.09431828792352,0.0125776917518669,0.00149065771376352,76244.5292364769,-3.1764961436863
"TFEC","TFEC",-0.804767556931463,0.0125776917518669,0.00149055851970005,1116.28151537805,-3.17651544568739
"IGLC5","IGLC5",-2.63241928507459,0.0126083226322414,0.00149619333514187,3.249862602641,-3.17542084804068
"SYNPO","SYNPO",-0.647885199797331,0.0126991982093236,0.00150985593580193,10598.5877810377,-3.17278249106161
"PTPRM","PTPRM",-0.510422280417292,0.0127354817262164,0.00151561326221548,3305.42088090969,-3.17167728693336
"AC099489.1","AC099489.1",-0.908727771754765,0.0127550974252194,0.00151891144676005,39.3675120724509,-3.17104589263378
"PATJ","PATJ",-0.712096610543776,0.0127790720074958,0.00152273199258157,299.068323093701,-3.17031607593766
"FZD8","FZD8",-0.718273638256306,0.0128722895758008,0.00153529858290087,1264.61221285292,-3.16792739348529
"ARHGAP33","ARHGAP33",-0.797572234291201,0.0128964980733095,0.00153904256908236,64.8399158567557,-3.16721921062076
"SLC7A8","SLC7A8",-0.545440352999914,0.013061774895418,0.00156265356011748,2410.98653304977,-3.16278935460854
"IGKV2-26","IGKV2-26",-2.77108169993475,0.0131539157266061,0.00157623522150977,20.1354439676304,-3.1602690303529
"ADGRG1","ADGRG1",-0.70316647794593,0.0131667987497628,0.00157937912389954,1342.19662923586,-3.15968847281778
"IGHV1-69D","IGHV1-69D",-1.93609420121668,0.0131929781424154,0.00158301781632518,6122.44094101297,-3.15901787350174
"MIR3142HG","MIR3142HG",-0.984855270376194,0.0132669877580224,0.00159540677901641,30.3193044807473,-3.15674522010685
"IGKV2D-29","IGKV2D-29",-2.17261988435726,0.0132733968840703,0.00159813381836388,710.758002687969,-3.15624714948649
"CYSLTR2","CYSLTR2",-0.609543959221559,0.0132810169455217,0.00159960263033447,250.376619937014,-3.15597920751993
"AC011476.2","AC011476.2",-1.58478364601388,0.0132992626069932,0.00160481486896884,6.23978476313929,-3.15503021070258
"FAM83B","FAM83B",-3.61225765577354,0.0133167290162108,0.00160792874441081,9.63199065116684,-3.15446461759408
"AC129492.6","AC129492.6",-4.561710117091,0.0133304671118233,0.00161059480235789,6.46803194132757,-3.15398116500777
"SUCNR1","SUCNR1",-0.691599142534608,0.0133308684586114,0.00161140984469895,298.890947498042,-3.15383351540985
"LRRC37A4P","LRRC37A4P",-0.555387463696589,0.0135487416245161,0.00164464493707999,252.793779256718,-3.14787057646163
"SIRPD","SIRPD",-1.00811240937863,0.0135769142453917,0.00164929880772631,9.27091164778345,-3.14704446080357
"SLC1A1","SLC1A1",-0.644645397893961,0.0136770104272475,0.00166331544694963,547.005914310539,-3.14456924072261
"AL732437.1","AL732437.1",-4.62864368656038,0.0136932064329298,0.00166652125963108,35.2337963703327,-3.14400581872736
"AC110597.3","AC110597.3",-3.42693420213282,0.0137271650782617,0.00167304524320799,6.46070721411322,-3.14286230058397
"DBNDD1","DBNDD1",-1.16374982685117,0.0137609989453235,0.00167820864390435,55.2602681542261,-3.14196016876721
"PCDHGA7","PCDHGA7",-0.710036850727833,0.0137618325072806,0.00167935014539711,42.757030953599,-3.14176107420176
"AP000821.1","AP000821.1",-2.17192824939233,0.0137680123821766,0.00168122708380647,3.28551985388228,-3.14143397916314
"THBD","THBD",-0.607751141135053,0.0137680123821766,0.00168166474107737,3895.13072448795,-3.14135775670171
"TP53INP1","TP53INP1",-0.583196227216684,0.0137680123821766,0.00168130756279057,1826.87387347802,-3.14141996156063
"DNAH1","DNAH1",-0.822343394887711,0.0138016507272301,0.00168733770649879,191.412329015096,-3.14037139993061
"TRIM66","TRIM66",-0.570627953313127,0.013888215318258,0.00170054425352201,193.942122985308,-3.1380869466239
"AC108010.1","AC108010.1",-0.798886042376833,0.0138970280265392,0.00170214835702293,71.4331929430998,-3.13781058297033
"AC133552.4","AC133552.4",-1.08933184872445,0.0139018592596404,0.00170379052621079,3.74794401272034,-3.13752790918931
"MTND4P24","MTND4P24",-3.31604947799308,0.0139377464694794,0.00170924194491406,12.083066870653,-3.13659132591486
"IGLV5-52","IGLV5-52",-0.940128833037917,0.013939898039221,0.00171031350434887,38.8521285002463,-3.13640754934885
"MMP19","MMP19",-0.799765586671129,0.013939898039221,0.0017107443076506,1695.56465268676,-3.13633369476916
"IGHV3OR16-8","IGHV3OR16-8",-2.68953890011265,0.0139690167065672,0.00171518774023739,77.5301078081888,-3.13557293326078
"PDLIM5","PDLIM5",-0.531529877604792,0.0139779506249791,0.00171688111122352,7017.95777850936,-3.13528348760503
"AL137003.2","AL137003.2",-0.502961828221576,0.0139779506249791,0.00171734086789951,38.4702015027016,-3.13520494732557
"TRPV2","TRPV2",-0.609327363759509,0.0139821177044013,0.00171943757330561,2175.50770040478,-3.1348470119301
"SEMA3A","SEMA3A",-1.09203449296578,0.0140205499595433,0.00172734192519819,980.805316755831,-3.13350123350028
"AC008735.4","AC008735.4",-0.872831557509347,0.0140222971419961,0.00172861670536603,7.79229504252718,-3.1332847226075
"FOXQ1","FOXQ1",-1.91056877126974,0.0140735729805225,0.00173653290091754,11.8126491755504,-3.13194349981615
"TRGV4","TRGV4",-0.975686360639587,0.0140861754850739,0.00173862009557356,20.0620296368212,-3.13159080788682
"IGLV5-37","IGLV5-37",-2.61639193572518,0.0140911710930649,0.00174083378572376,100.596571381214,-3.13121716606587
"MYH8","MYH8",-3.91728946059679,0.014100968434484,0.00174310962702149,3.35318464128945,-3.13083348913028
"STAB1","STAB1",-0.736296341695531,0.0141174632371846,0.00174674872876874,9723.80684452765,-3.13022094045152
"AL356094.1","AL356094.1",-1.03442502037523,0.0141378529336426,0.00174980566740765,3.18637780231897,-3.12970729003648
"FAM110C","FAM110C",-0.980486130501394,0.0141448959113367,0.00175121175342666,88.1894206226147,-3.12947130559186
"INPP5D","INPP5D",-0.553109198206414,0.0141697220536355,0.00175494182546582,2261.76437725745,-3.12884612791413
"GRHL2","GRHL2",-1.76461998058538,0.014172468796242,0.00175730260263955,14.3698710147745,-3.12845108151778
"CPM","CPM",-0.510134518798744,0.0142046818696212,0.00176188335205726,3607.48416221206,-3.12768594057459
"AC009065.6","AC009065.6",-1.34098711305937,0.0142394161863097,0.00176721758177594,4.07551236256364,-3.12679724428633
"AC069209.1","AC069209.1",-0.796602831862247,0.0142470123066456,0.00176869856963381,13.2246615689355,-3.12655094531844
"WDR62","WDR62",-0.850160500882093,0.0142886744051023,0.00177441054703885,99.2249781822239,-3.12560277460779
"DDN","DDN",-1.4295826817004,0.0142947830575535,0.00177570919540731,17.2696369756867,-3.12538759449377
"IGKV3D-15","IGKV3D-15",-2.38967374664158,0.0143196721166444,0.00178042392745766,519.767727463615,-3.12460759895084
"PIK3CG","PIK3CG",-0.617961523556466,0.0143196721166444,0.00177989681975716,893.007096753712,-3.12469470822711
"CIITA","CIITA",-0.770732610630058,0.0143555127224735,0.00178704954552685,3187.56516796466,-3.12351467318442
"IGLV3-32","IGLV3-32",-3.49776792319849,0.0143763461980138,0.00179079999125858,3.11461738123617,-3.12289766992689
"PROB1","PROB1",-0.72876788408574,0.0143773713614587,0.00179204442660194,217.078056131577,-3.12269320450066
"TMPRSS13","TMPRSS13",-1.14007606581886,0.014404852526082,0.00179700113495496,75.3378407122392,-3.12188009161563
"LPAR5","LPAR5",-0.684554888631292,0.0144195086238135,0.00180100855757027,721.682856393128,-3.12122420797036
"AC021106.1","AC021106.1",-0.643686768406129,0.0144216883092583,0.00180182565411301,15.3535138841485,-3.12109064071236
"CLEC2A","CLEC2A",-4.41851825910853,0.0144764445180031,0.0018097606600201,9.7610079968384,-3.11979642680953
"DDR1","DDR1",-0.673254699832649,0.01452199605287,0.00181819845552198,694.225168875307,-3.11842591573425
"FGF22","FGF22",-1.84749768061634,0.0145285295961264,0.00182066314066838,9.93699379797491,-3.11802669159773
"KCNK5","KCNK5",-0.734862859048309,0.0145285295961264,0.00182059101141097,289.243455044751,-3.11803836787563
"AC060766.5","AC060766.5",-0.574083882472691,0.0145481321382024,0.00182366928990727,26.4106396815604,-3.11754043406992
"IGHD","IGHD",-1.68461586728437,0.0145722326769243,0.00182779147256748,455.046720401305,-3.11687484948624
"A2M","A2M",-0.540883709850208,0.0146906573955263,0.00184542052363614,38335.5767503094,-3.11404386411582
"INAVA","INAVA",-1.31656761473053,0.0147859339018902,0.00186185793550947,36.1709337349301,-3.11142653662393
"NT5C1A","NT5C1A",-2.62567475886473,0.0148002735800004,0.00186587547763933,3.95399426527185,-3.11079005285186
"RASA4B","RASA4B",-0.545973941429772,0.0148440405604386,0.00187534367124208,1622.5554949817,-3.10929500879286
"AC093525.7","AC093525.7",-0.641787245130724,0.0148817553235719,0.00188398777534253,72.3624258478128,-3.10793613227107
"MAPT","MAPT",-1.20409542951672,0.0149394556299372,0.00189360662051605,196.218910621493,-3.10643073937969
"CD101","CD101",-0.79477076508501,0.0149851426970801,0.00189996368927427,79.2070409379115,-3.10543967931256
"RNA5SP283","RNA5SP283",-0.847909566459002,0.0151136315620239,0.00192458324014459,10.4716614360162,-3.10163003421171
"ADA2","ADA2",-0.793350602046212,0.0151136315620239,0.00192481967568033,6768.42137347464,-3.10159366546855
"SMYD1","SMYD1",-4.44976526303833,0.0151186630525529,0.00192713314602088,29.1456642441205,-3.10123802150307
"DNAJA4","DNAJA4",-0.642569534424242,0.0151186630525529,0.00192702496112602,647.969062399865,-3.10125464375431
"CA9","CA9",-1.7614053578954,0.0151566806448358,0.00193316535785129,44.6992601382555,-3.10031254525105
"OAS1","OAS1",-0.647429428800601,0.0151796152058054,0.00193666404284275,2236.7779549763,-3.09977698296301
"BCL2","BCL2",-0.576467947746995,0.01519635750144,0.00193937419773563,927.516101631219,-3.09936273541533
"CYSRT1","CYSRT1",-1.44523575062818,0.0152672893302934,0.00195073378348454,25.1292053129892,-3.09763218381653
"LRIG1","LRIG1",-0.618566832278806,0.0153113101195303,0.00195809379857985,1968.16921511738,-3.09651587072066
"DRD4","DRD4",-0.822360098579474,0.0154164229273726,0.00197390956487375,13.3938842431777,-3.09413002556557
"ARHGAP30","ARHGAP30",-0.613093468712303,0.0154398249745515,0.00197977883424488,4191.02351922636,-3.09324909502518
"KLK14","KLK14",-2.07785198136582,0.0154911914538314,0.00198984473802323,6.56370215982941,-3.09174384904142
"OGT","OGT",-0.575704214192089,0.0154911914538314,0.00198987687268226,2342.2103194461,-3.09173905485584
"CSF1R","CSF1R",-0.698687590736734,0.015571693052132,0.0020020646030404,12364.5934608338,-3.08992586564815
"PRAMENP","PRAMENP",-2.20386569248335,0.0155725264613218,0.00200355966899623,7.87016202872023,-3.08970414016934
"RP1L1","RP1L1",-0.724749903854097,0.0155725264613218,0.00200385451385629,17.8541205727389,-3.08966043118352
"IGKV1D-8","IGKV1D-8",-2.15988684820147,0.0156586919664808,0.0020173085347274,251.014288218277,-3.08767220576502
"SDK2","SDK2",-0.992520174631921,0.0156609152678199,0.00201818663260922,375.361790039625,-3.08754286451205
"CRIM1","CRIM1",-0.688627090734372,0.0156682056826349,0.00201971807734143,5620.25685948646,-3.08731741069824
"KDF1","KDF1",-1.59590758925089,0.0156816175919202,0.00202499967195624,10.9419896145885,-3.08654107480717
"PTPRO","PTPRO",-0.839536607721065,0.015756661079698,0.00204064506332709,685.436333042322,-3.08425223087003
"LAMB4","LAMB4",-1.57227415917422,0.0157602476355814,0.00204218776458182,21.3258608912425,-3.08402741414868
"AC006262.2","AC006262.2",-1.32316488818607,0.0158048640948507,0.00204867916088378,18.3831454623736,-3.08308313176989
"BPIFC","BPIFC",-3.93033158084375,0.0159561739293283,0.00207554516729951,12.9576081272969,-3.07920398452682
"TNFSF11","TNFSF11",-1.17356582795751,0.0159561739293283,0.0020761291704487,209.438453735605,-3.07912017371645
"HS3ST6","HS3ST6",-4.26777527004682,0.0159962093730798,0.00208254703614163,10.9796141632431,-3.07820056203083
"CHRNB2","CHRNB2",-1.43359960269182,0.0159962093730798,0.00208242007113582,4.6284582175675,-3.07821872954182
"QPCT","QPCT",-0.707934924424578,0.0162269689724346,0.0021187201922526,834.977099210693,-3.07306544178479
"TDRD1","TDRD1",-1.01313474920484,0.0162308475859804,0.00211983981656784,66.4902282472217,-3.07290778697321
"IGHG2","IGHG2",-1.74933258679583,0.0162991424619874,0.00213122264010497,35649.1433102866,-3.07130928628886
"ATP2B2","ATP2B2",-1.1018628929361,0.0163163488317903,0.00213408892121569,33.7265112686412,-3.07090800571698
"CAVIN4","CAVIN4",-1.29228757681606,0.0163646515941759,0.00214287968663015,20.8368439655434,-3.06968036951971
"CRLF2","CRLF2",-1.01873113817595,0.0163646515941759,0.00214257081032917,10.5717433775871,-3.06972342595999
"LINC02154","LINC02154",-1.46512229924354,0.0163684854275029,0.00214523691669529,17.6935759631648,-3.06935196593432
"ACACA","ACACA",-0.586780885021462,0.0163684854275029,0.00214442187842146,1303.62016966225,-3.06946547765457
"MMRN2","MMRN2",-0.774770733549144,0.0164267855889458,0.00215411888545962,4514.17312164448,-3.06811751629446
"FZD7","FZD7",-0.628351102564397,0.0164593287400007,0.00215963008477927,1718.05341126598,-3.06735389300807
"AC009167.1","AC009167.1",-0.6764375530433,0.016533394835121,0.00217122220132534,12.433352942886,-3.06575352076448
"AC136443.4","AC136443.4",-0.6764375530433,0.016533394835121,0.00217122220132534,12.433352942886,-3.06575352076448
"CDH13","CDH13",-0.721684995318756,0.0166759639976816,0.00219372498545194,2814.24024869847,-3.06266908960871
"AL137127.1","AL137127.1",-0.661425937275452,0.0167662817889481,0.00221067374828776,12.2084448084121,-3.06036503045197
"TRAPPC12-AS1","TRAPPC12-AS1",-0.802761399275121,0.0167761780629672,0.00221261240008382,10.7358404049322,-3.0601025177457
"UNC13D","UNC13D",-0.675452771351117,0.0168011689071729,0.00221708719717439,1162.13659845456,-3.05949738968196
"AL353593.2","AL353593.2",-0.606284294885418,0.0168011689071729,0.00221717794373625,15.1820958946797,-3.05948512958248
"FAM78A","FAM78A",-0.633901119023124,0.0168786407593611,0.00223122762541103,1286.76248836015,-3.05759250522582
"PARP15","PARP15",-0.856114320994523,0.0169216289101424,0.00223856435120659,248.936767111538,-3.05660851550823
"SLFN13","SLFN13",-0.549850814606477,0.0169216289101424,0.0022388282308859,184.140937142076,-3.05657317947846
"GPRIN2","GPRIN2",-1.91032667009914,0.0169423114031515,0.00224220472421473,15.2081239866012,-3.05612137102728
"BAIAP3","BAIAP3",-0.754426618693648,0.0170106243720817,0.00225574413638621,77.4632762324231,-3.05431590227816
"KMO","KMO",-0.970931079119362,0.0171097263864228,0.00227017866444207,193.311398758691,-3.05240197303833
"CRB2","CRB2",-0.980418576825082,0.0171999416155983,0.00228382177097213,51.5012049365875,-3.05060320258003
"MATK","MATK",-0.954532086495646,0.0172239025850161,0.00228793084320966,566.716870517232,-3.05006337213269
"NPNT","NPNT",-0.731914123479345,0.0172400102711566,0.00229137315856016,519.100788892353,-3.04961182025108
"SLC8A1-AS1","SLC8A1-AS1",-0.506513650484518,0.0172422627403425,0.00229232394813803,93.3574704568217,-3.04948720824457
"AL928742.1","AL928742.1",-1.73653627020723,0.0172708077409497,0.00229677144010513,45.4756337180386,-3.04890494077013
"TAP1","TAP1",-0.545297042588074,0.0172914163421487,0.00230081863149524,5803.10373874405,-3.04837597763726
"SLC16A7","SLC16A7",-0.533525632736323,0.0173315916887892,0.00230878356925727,1611.27540605145,-3.04733745401495
"IGHV1-45","IGHV1-45",-2.57626743416972,0.0174228493779619,0.00232357317254922,65.6688595656495,-3.04541775672316
"MPP7","MPP7",-0.929436424162604,0.0174980927622454,0.00233493005539502,575.951632290676,-3.04395120905887
"IGKV2D-28","IGKV2D-28",-2.10254732927526,0.0175366529336043,0.00234206309721906,938.408748604984,-3.04303343467976
"AC097637.1","AC097637.1",-1.16031330716419,0.0175856346173078,0.00235126226569392,70.0841965551175,-3.0418535933542
"TMEM151A","TMEM151A",-1.11441199230351,0.0176444850912626,0.00236179722234854,31.1665199236933,-3.0405076110134
"FPR3","FPR3",-0.857082615638966,0.0176858494144547,0.0023686703756939,7222.31327055024,-3.03963243330366
"AC092384.3","AC092384.3",-1.02810659663493,0.0176869030190844,0.00236947969721838,4.33581475818063,-3.03952953320316
"SOX5","SOX5",-0.763868807223373,0.0177281539420845,0.00237567577288805,1301.05714891622,-3.03874280596503
"NEFM","NEFM",-1.39185211826275,0.0178371749332638,0.00239163299853237,12.2261370005491,-3.03672530315001
"MYLK2","MYLK2",-2.13375763327679,0.0178468002285357,0.00239359782429641,22.9840838631986,-3.03647773910843
"BEND4","BEND4",-1.18218393558594,0.0178909681230805,0.00240077509374803,16.6576275934693,-3.03557499589974
"GBP5","GBP5",-0.986394830665126,0.0179017664627608,0.00240299883796853,1529.82465032385,-3.03529579887545
"ACOD1","ACOD1",-1.87258490237699,0.0179071385664263,0.00240574954634523,9.0559378067696,-3.03495076712143
"CDH15","CDH15",-1.29328069593551,0.0179071385664263,0.00240539134925232,65.5070661746332,-3.03499567668079
"WNT5A","WNT5A",-0.798548086382045,0.0179072051318229,0.00240643502413745,271.765132089122,-3.0348648412587
"AGAP7P","AGAP7P",-1.16502606857079,0.0179993054378614,0.00242425191302942,18.4256624193103,-3.03263928476888
"PKD1P1","PKD1P1",-0.8304167851255,0.0180714830595894,0.00243618529280383,1013.16917215566,-3.03115700986042
"HMGA1","HMGA1",-0.676764602306521,0.0180843652720947,0.00243912441049447,2119.93840785561,-3.03079295469478
"AC073957.3","AC073957.3",-0.781430306545672,0.0181460117604286,0.00244998603408156,34.8951528225539,-3.02945104876724
"GATA3","GATA3",-0.970417057359824,0.0182422157634052,0.00246523879956554,362.244574430636,-3.02757579783
"IGHV1-24","IGHV1-24",-1.82448470449119,0.0182586183802446,0.00246814524781877,1084.1919507539,-3.02721966932588
"AL359921.1","AL359921.1",-1.03511300668929,0.0182680948180942,0.00247080658312657,5.24730564550977,-3.02689391101972
"AC243962.1","AC243962.1",-1.04547034586024,0.0182821201974743,0.00247339425090315,15.003917457139,-3.02657747761813
"PLAT","PLAT",-0.886426448497218,0.018301277339546,0.00247667745023438,1969.23483132427,-3.02617642670723
"L1CAM","L1CAM",-0.920914594113056,0.018313601320025,0.00247972900868826,551.340772950881,-3.025804107235
"CTSV","CTSV",-1.18722676923824,0.0183303802314628,0.0024826934576219,37.4423773533912,-3.02544281717216
"SEMA7A","SEMA7A",-0.576487696971188,0.0184418496536183,0.00250336491010051,279.0203168794,-3.02293441498399
"IGLV2-33","IGLV2-33",-3.73306850051434,0.0184505028225094,0.00250523658408322,3.63032190534875,-3.02270823096326
"FGL2","FGL2",-0.508484894491341,0.0184683650310564,0.00250835967685397,10151.2087093742,-3.02233116213241
"IGSF9B","IGSF9B",-0.803226942662283,0.018494093036471,0.00251325145083631,33.6633882153739,-3.02174141260842
"PAK6","PAK6",-1.38992662669326,0.018554615312324,0.00252287810302823,27.3279813073573,-3.02058388886115
"AC025884.2","AC025884.2",-0.638873266606722,0.0186996815960953,0.00254472224523538,23.0339556151693,-3.01797222749448
"IGKV1OR-2","IGKV1OR-2",-3.33232830167043,0.0187458150357644,0.00255454134398739,5.81622470358897,-3.01680494091918
"SEZ6L2","SEZ6L2",-0.957308375772509,0.0187759570216006,0.00256171799981965,309.501314541636,-3.01595437854502
"RTN4RL1","RTN4RL1",-0.623070506593499,0.0188056344696033,0.00256766643897187,551.607308013999,-3.01525103188786
"SEMA4G","SEMA4G",-0.859405094109273,0.0188612303012958,0.00257679029250786,57.5331288098529,-3.01417511266279
"INTS6L","INTS6L",-0.588166050755248,0.0189016834981237,0.00258363711875068,202.385832629448,-3.01336999465546
"AC020909.2","AC020909.2",-1.43937481310277,0.0189304515458413,0.00258897682923358,22.3699482724311,-3.0127434512445
"OSBPL6","OSBPL6",-0.684503693228509,0.0189304515458413,0.00258956293910357,239.622331052588,-3.01267475109333
"AL117328.1","AL117328.1",-1.09176670838771,0.0189377203759957,0.00259156278985341,5.4044167921879,-3.01244044800367
"ITIH4","ITIH4",-1.07693898726411,0.0189862971774923,0.00260143538388262,272.965999957107,-3.01128618899317
"COL21A1","COL21A1",-0.747696036166878,0.0189862971774923,0.00260205423572884,283.059624725461,-3.01121396910326
"IGHV1-3","IGHV1-3",-1.96505133663195,0.0190726054984015,0.0026199702894778,2691.12280328073,-3.00912994770263
"HMGCS2","HMGCS2",-5.10065089310813,0.0191502013667768,0.0026364174612012,6.80104394122238,-3.00722822701335
"MTX1P1","MTX1P1",-0.758661409423093,0.0191615412042562,0.00263942646985977,12.9592018474692,-3.00688148139054
"AATBC","AATBC",-0.697758672087198,0.0192071592125398,0.00264788711196335,41.9054994167134,-3.00590844503832
"RAPGEFL1","RAPGEFL1",-0.881627128330963,0.019227575759458,0.00265142814318719,118.823131740244,-3.00550204365658
"LRRC8E","LRRC8E",-0.845256974472501,0.0192424029281598,0.00265419974652278,154.692293988735,-3.00518429487497
"HAL","HAL",-1.35247043084491,0.0193160176222232,0.00266727282516248,76.2778493774351,-3.00368961644491
"ADAMTS5","ADAMTS5",-0.54618890387183,0.0193408209853653,0.00267142852100554,2904.11544751424,-3.00321588746786
"PLXNB1","PLXNB1",-0.658953744024848,0.0193843599371383,0.00267895372228231,372.660585395203,-3.00235976278148
"AC020658.5","AC020658.5",-1.07157547281917,0.0194457805178022,0.00268959924725807,3.88668275313369,-3.00115239213568
"SERPINA1","SERPINA1",-0.872224717777071,0.0194457805178022,0.00268954432809172,7840.56012382483,-3.00115860962169
"AC025857.2","AC025857.2",-0.922260330053245,0.0195348963014568,0.00270413918351799,21.2156144297564,-2.99951037005035
"LCE1F","LCE1F",-4.56214946069321,0.0195543014101987,0.00270790571777322,15.8866723750016,-2.99908632408295
"EPHA1","EPHA1",-1.00329079889875,0.0196468929503812,0.00272889479519965,83.693006500495,-2.99673314363144
"CCR2","CCR2",-0.847792738878425,0.0196468929503812,0.00272640933786398,824.923703290126,-2.99701093462732
"ADTRP","ADTRP",-0.71428462888442,0.0196468929503812,0.00272708899519847,245.31904546643,-2.99693494869444
"BRIP1","BRIP1",-0.621401350528208,0.0196468929503812,0.00273003408785758,67.4864000309317,-2.99660588607552
"SIGLEC9","SIGLEC9",-0.758875649107415,0.0196840051384328,0.0027369758221413,769.737958921685,-2.99583154991404
"CAND2","CAND2",-0.868814650546685,0.0197569193741725,0.00275129414836979,243.412589069861,-2.9942400209263
"IL2RG","IL2RG",-0.8606037571631,0.0197785445256618,0.00275675782256684,1843.35796620029,-2.99363470942866
"PAX5","PAX5",-1.45200297700034,0.0198040625307753,0.00276160016627343,240.630144619536,-2.99309914945188
"IL17REL","IL17REL",-1.89578853518715,0.0199379407609222,0.00278749977512256,7.18050747285764,-2.99024915125888
"TJP3","TJP3",-1.19426357771043,0.0199475726642252,0.00278990192311617,32.7478700436743,-2.98998604544375
"OTUB2","OTUB2",-0.814042723194921,0.0200765008675858,0.00281551895502204,66.6658091311232,-2.98719302212657
"AC129510.1","AC129510.1",-1.38228678872533,0.0200819806760279,0.0028170461388829,5.13542582314702,-2.98702724732544
"DNASE1L2","DNASE1L2",-1.52594992561978,0.0200871973183894,0.00281853681062746,19.4778622171127,-2.98686551501891
"LINC00184","LINC00184",-0.834138861192258,0.0200951880910698,0.00282117643078376,5.14735867860619,-2.9865793176287
"DNER","DNER",-1.26755768759301,0.0201117917748417,0.00282654673022824,28.4009298722508,-2.98599780389198
"IGFL3","IGFL3",-1.97613758854254,0.0202521477145575,0.00285310373340498,5.88066550333679,-2.98313687042707
"ZNF366","ZNF366",-0.601072583291362,0.0202788073982794,0.00285844687759192,336.577733515739,-2.98256420354703
"LOXL2","LOXL2",-0.941564251915727,0.0203183992264906,0.00286556289669007,5604.42516159691,-2.98180303927979
"STX11","STX11",-0.500488576883454,0.020333896924957,0.00286928501321223,1216.83688773485,-2.9814055905635
"PNPLA1","PNPLA1",-1.32205521215873,0.020336788054368,0.0028704613008092,14.1355769662049,-2.9812800840975
"PLEKHH1","PLEKHH1",-0.838191641486315,0.0203636276472819,0.00287578828612867,35.7716133872301,-2.9807122973729
"TRIM36","TRIM36",-0.602315282262553,0.0203636276472819,0.00287559458654053,128.143022279598,-2.98073292637928
"TMEM191B","TMEM191B",-0.846591321090816,0.020527562326341,0.00290436816321535,23.4074939630547,-2.97768235292912
"CPT1B","CPT1B",-1.17628471730213,0.0205861087871172,0.00291498491571707,145.157712299986,-2.97656372861219
"SRCIN1","SRCIN1",-0.968898181892977,0.020632950754544,0.00292239723369925,37.8560261828188,-2.97578493879776
"UCP3","UCP3",-1.02575329938499,0.0206586312229363,0.00292812786135844,50.5467572180595,-2.97518407377478
"EPHA4","EPHA4",-0.576486054506678,0.0206586312229363,0.00292837600016838,574.091975493257,-2.97515808029187
"PKD1P5","PKD1P5",-1.05232096878777,0.0207062935360357,0.00293761102947712,261.986914584855,-2.97419210255757
"IGHV4-31","IGHV4-31",-1.87553811474185,0.020729851326035,0.00294317054982204,1194.63709748094,-2.97361191602559
"PADI2","PADI2",-1.17910805417624,0.0207570880678864,0.00295095857038257,387.22588014528,-2.97280084473447
"AC017074.1","AC017074.1",-0.788287268155667,0.0208338042827979,0.00296343923551075,5.66208572624084,-2.97150512946788
"BMP6","BMP6",-0.664351631145618,0.0210658575070339,0.00299963039570859,1045.3649245319,-2.96777579913574
"AC018752.1","AC018752.1",-0.827390609945651,0.0210671506850907,0.00300061045308821,5.11610677372105,-2.9676753808038
"LINC00997","LINC00997",-0.509588999301877,0.0211355359640436,0.00301194762387595,107.133313015458,-2.96651592504577
"IGHV2-26","IGHV2-26",-1.9934484586298,0.021150127334257,0.00301482603922142,950.031390080757,-2.9662221824317
"DBH","DBH",-1.22211887739105,0.0211857674058153,0.00302150711991208,8.7870192405965,-2.96554136219599
"MS4A14","MS4A14",-0.76746379115266,0.0212211680437479,0.00302896115717555,179.36630807872,-2.96478339437587
"Z83844.3","Z83844.3",-1.31180980400388,0.0216963422578882,0.003111538600285,25.1358902275445,-2.956498385998
"AGBL1","AGBL1",-1.56606839545639,0.0218540647975465,0.00313746066079854,14.8367895217407,-2.95393894976227
"DUOX1","DUOX1",-1.11504430687997,0.0218650444792532,0.00313986301203828,191.226860366958,-2.9537027287048
"PTGS1","PTGS1",-0.578550418990862,0.0218937055016234,0.00314480593589376,2241.66615179993,-2.95321721320798
"MPEG1","MPEG1",-0.506784222052387,0.0220214715723432,0.00316815005279696,7548.92849812826,-2.95093361121767
"PTPRS","PTPRS",-0.688970478958359,0.0221863108988046,0.00319689409377161,2502.69385270684,-2.94814274566086
"MMP12","MMP12",-1.39373475215653,0.0223529720821982,0.00322557949861042,57.2378402920707,-2.94538027958113
"IGSF9","IGSF9",-1.2804986782815,0.0223927167883332,0.00323424973674101,13.3195042181216,-2.94454972236768
"GVINP1","GVINP1",-0.716460751401397,0.0223934792402093,0.0032366557086024,324.499620855458,-2.94431960418811
"RPL23AP87","RPL23AP87",-1.12790227275891,0.0224493996725935,0.00324582917930467,8.96197626787113,-2.94344363903756
"TNNI3","TNNI3",-3.0987840918231,0.0225695911650844,0.00326405965393265,4.45117159248616,-2.94170950499307
"MC4R","MC4R",-2.27038761409911,0.0225705412989183,0.00326504978025456,7.67119044600463,-2.94161557423898
"KNL1","KNL1",-0.800981428042615,0.0225969105465804,0.00327313291154139,110.646195191446,-2.94084971741602
"GPR87","GPR87",-3.81582373392295,0.0226066336718057,0.00327624945275781,15.0936905384346,-2.94055489294929
"IDO1","IDO1",-1.24739695363009,0.0226321521537558,0.00328165778707601,264.887814999364,-2.94004387094362
"LYNX1","LYNX1",-0.611798176130611,0.0226380872165827,0.00328475979188031,1311.68914338251,-2.93975111521406
"CCDC88C","CCDC88C",-0.621967538096903,0.0227251403062057,0.00330286806294055,720.162419049421,-2.93804713301954
"AC010329.1","AC010329.1",-0.709479546064665,0.022741469169933,0.00330610047096234,46.7032402715173,-2.93774385993323
"ERCC6L","ERCC6L",-0.532169809558452,0.0232396522910238,0.00339432905501144,48.9157741556512,-2.92956857730132
"CEMIP2","CEMIP2",-0.596831669425701,0.0233294623368818,0.00341185344010236,3271.71588470261,-2.92796783060492
"AC020763.3","AC020763.3",-0.673194699849095,0.0234061096222303,0.00342483140907847,10.4987974734778,-2.92678718855392
"CACNG1","CACNG1",-3.11032068644002,0.0234141795477012,0.0034278304068326,9.29703345020866,-2.92651494074676
"TUBG1P","TUBG1P",-1.07871011797821,0.0234554883076776,0.00343560120022917,4.24123016678396,-2.92581051873424
"SCGB1D2","SCGB1D2",-3.80716719527286,0.0234625995715277,0.00343752922809265,4.88882200537034,-2.92563596768598
"PKP2","PKP2",-0.868018435369866,0.0236202084780927,0.00346508253127939,174.895107090788,-2.92315115963204
"IGLV2-8","IGLV2-8",-1.75405787309615,0.023632917581326,0.00346783980829915,3356.43017946243,-2.92290349406507
"NES","NES",-0.631895622809413,0.0236621069489065,0.00347659276603942,2360.52569148256,-2.92211846711731
"IQANK1","IQANK1",-0.922171256449437,0.0237323665347994,0.00348960559724355,19.1489335810768,-2.92095470315879
"MUC3A","MUC3A",-1.00048982499631,0.0237568956930234,0.00349585479402125,68.2146011578112,-2.92039722783351
"IGHE","IGHE",-1.73640025593172,0.02393303245778,0.00352634502948135,168.342011806378,-2.91769020790016
"AC006058.4","AC006058.4",-2.22555843688696,0.0239624114707321,0.00353429500101017,3.54878911029431,-2.91698788511813
"FGR","FGR",-0.706137091909943,0.0240460938726498,0.00355168113703775,2871.01121447273,-2.91545694036631
"PRG4","PRG4",-1.13292109505919,0.0240717357195188,0.00355678561332268,187957.237629778,-2.91500875790468
"TP63","TP63",-1.11826930191481,0.0241604310117815,0.00357354215917204,142.296852717828,-2.91354160415978
"FCAR","FCAR",-1.0496013052224,0.0242094337463667,0.00358170473197975,73.7309046151178,-2.91282917878379
"RAMACL","RAMACL",-1.80551356600676,0.0243220759215939,0.00360572087786975,9.85581239365942,-2.91074159328913
"CHGB","CHGB",-1.04401583631926,0.0244321435025632,0.00362573046499937,24.2145995473188,-2.90901191053319
"PERP","PERP",-1.23808028680789,0.0244687463271507,0.00363393561570249,2134.94591720372,-2.90830514391984
"OSTCP1","OSTCP1",-0.699277884765789,0.0245028487189172,0.00364270315119344,8.78113307881695,-2.9075515372723
"FLJ16779","FLJ16779",-1.59295261844481,0.0246423340775265,0.00366716362278049,9.73875233614405,-2.9054577432642
"FCGBP","FCGBP",-1.22359151478689,0.0246978508624017,0.00367926320576386,372.752325232285,-2.90442672036331
"IGKV1-27","IGKV1-27",-1.84286013460441,0.0247318303898475,0.00368640762553965,2556.22581329984,-2.90381938071572
"SYT17","SYT17",-0.605711825235112,0.0247318303898475,0.00368702265738555,139.86365870756,-2.90376714754321
"AKAP1","AKAP1",-0.65203688292952,0.0247986311186572,0.00369979199393923,1490.5675704399,-2.9026844642765
"AL158166.1","AL158166.1",-0.787061412660469,0.0248184065934219,0.00370555528570037,7.43674496889943,-2.90219692002306
"SOX21-AS1","SOX21-AS1",-1.79441324705133,0.0248921830060455,0.00371845145664377,9.41181373240268,-2.90110846386776
"AC006030.1","AC006030.1",-1.1478463361108,0.0249053657961599,0.00372136165793239,8.23776948908301,-2.90086331316202
"CECR2","CECR2",-1.03368478717048,0.0249661897370214,0.003731393199579,25.6892797957257,-2.90001960575835
"EREG","EREG",-1.03904000821577,0.0249736517814113,0.00373439547209286,186.951526620743,-2.89976749912473
"HCN3","HCN3",-0.502933590243589,0.0249849021325287,0.00373796563696451,48.5594061382562,-2.89946794516436
"LINC01588","LINC01588",-0.525175125397441,0.0250565860966052,0.0037514334958436,91.3183472355836,-2.89834026315478
"AP000808.2","AP000808.2",-1.08572619293541,0.0251099454182627,0.00376399882468313,4.28592405994532,-2.89729146439964
"AC145138.1","AC145138.1",-1.2441530601699,0.0251709023655992,0.00377435156179165,19.6197350523418,-2.89642973376856
"VAV3","VAV3",-0.621641262347428,0.0251907447930766,0.00377846842359302,679.400059810848,-2.89608765545287
"KCNJ2","KCNJ2",-0.514394340408653,0.0251974898761455,0.0037811942192017,315.321913997712,-2.89586134995453
"PCDH17","PCDH17",-0.749611556730975,0.025202627445774,0.00378291733129547,677.663815058706,-2.8957183673735
"HERC5","HERC5",-0.52483863261314,0.0252321051389285,0.00378829520654735,492.814884462449,-2.89527249553645
"AC007731.2","AC007731.2",-1.08865302324074,0.0252559698953911,0.0037966490692418,4.67011146780549,-2.89458102833834
"UNC93A","UNC93A",-4.97094156373811,0.025271563897468,0.00380090278725378,12.3312717248748,-2.89422947001843
"GBP1","GBP1",-0.772496040436137,0.0253019866051644,0.00380643434439399,3953.96785082969,-2.8937728361156
"AC068896.1","AC068896.1",-0.567883495285875,0.0254508320153267,0.00383650896947296,18.7644829245001,-2.89130065598107
"SYNPO2L","SYNPO2L",-1.3699807106669,0.0255090312424257,0.0038481832238092,36.8588127286671,-2.89034575618381
"TYR","TYR",-2.27050607059411,0.0255475860750341,0.00385694130626008,13.089177344559,-2.88963111201451
"AC066613.1","AC066613.1",-1.05852039233159,0.0256094119262505,0.00386913137228742,15.6311125510423,-2.88863887409644
"CALML6","CALML6",-1.83531452063901,0.0256347687121139,0.00387586778442253,3.29794517506472,-2.88809176631088
"CYP2W1","CYP2W1",-2.38710951574891,0.0256875028605489,0.00388869333795079,4.53483288897897,-2.88705250341213
"GJB2","GJB2",-1.09901972530717,0.0256909189025727,0.00389018107829958,2453.17636643889,-2.88693215245424
"GALNT9","GALNT9",-1.14576262279619,0.0257409191664069,0.00389988648869999,14.3978075725288,-2.88614805638098
"MYADM","MYADM",-0.517855071108118,0.0257409191664069,0.0039016422114785,15210.4565228744,-2.88600640161893
"SLC2A3","SLC2A3",-0.808990453040748,0.0257744945533451,0.00390867887480173,4426.92954100439,-2.88543925181754
"COL9A2","COL9A2",-0.635508181145619,0.025907196945663,0.00393565449841365,211.046064765371,-2.88327359377899
"U62317.1","U62317.1",-1.13647744086068,0.0259721487598257,0.00395153773132614,25.210360914287,-2.88200475275541
"PPP1R13L","PPP1R13L",-0.769624914048135,0.0259721487598257,0.00395287066211055,631.384617349308,-2.88189848158635
"FSCN2","FSCN2",-0.643256577556421,0.0259721487598257,0.00395337139118734,14.5012358817154,-2.88185856814356
"SMPX","SMPX",-3.0083585677315,0.0259857523237312,0.00395822601919046,23.9732820505457,-2.88147184039271
"AL031123.1","AL031123.1",-0.963749294061968,0.0260217018226967,0.00396582965555022,9.98391295775125,-2.8808669867974
"AL139247.1","AL139247.1",-4.94671258521091,0.0260598528713055,0.00397459768187163,9.22550065507976,-2.88017081427569
"ZNF831","ZNF831",-0.935643638275891,0.0260598528713055,0.00397386389561527,164.832459309493,-2.88022902267371
"DNM1P47","DNM1P47",-0.735743515070147,0.0261748280919348,0.00399510013568387,35.7061835208715,-2.87854836699368
"SLC6A11","SLC6A11",-1.23822258967779,0.0262591424143612,0.00401094536179162,11.4232557749614,-2.87729963685742
"FP565260.3","FP565260.3",-0.596068960944495,0.026260139563728,0.0040120897803361,243.780790886699,-2.87720962106406
"RHPN2","RHPN2",-0.714520704073907,0.0263110607246401,0.00402185770871185,92.9344022175798,-2.87644225855483
"AC138894.2","AC138894.2",-1.02166438851536,0.0263792195692728,0.00403725937795625,5.27509404983306,-2.87523574298868
"EVC","EVC",-0.5124987760999,0.026391843029823,0.00404118553023811,1119.22019418158,-2.87492884963271
"SERPINA6","SERPINA6",-1.32386854064791,0.0264068938747974,0.00404548546081467,20.458693357337,-2.87459304972997
"AC140658.5","AC140658.5",-3.98624290399315,0.0265267834616541,0.00406865136057009,3.14657862413441,-2.87278948124524
"SLC24A3","SLC24A3",-0.659498136425449,0.0265267834616541,0.00406886323073465,794.87910038875,-2.87277302926582
"AL136038.4","AL136038.4",-1.11125397802885,0.0266213918127854,0.00409240730120455,3.49774735981553,-2.87094962939172
"AC010201.2","AC010201.2",-0.772780707799711,0.0267038682429555,0.00410611446404582,9.12904637885896,-2.86989244120685
"MID1IP1-AS1","MID1IP1-AS1",-0.576236042791157,0.0267481227744485,0.0041230247051173,16.2549754591353,-2.8685926140172
"NLRC3","NLRC3",-0.699619338033669,0.026749734083513,0.00412428368260292,239.877215920125,-2.86849603471142
"TFAP2E","TFAP2E",-0.648260316656223,0.0268617273345026,0.00414865470336796,39.0258454372186,-2.86663172457903
"LINC01634","LINC01634",-1.79871610065414,0.02698073757092,0.0041700932185815,4.85918796453624,-2.86499993951692
"AC130371.2","AC130371.2",-0.511775236360341,0.02698073757092,0.00416827547800616,127.127928206583,-2.86513800053344
"IGLV3-12","IGLV3-12",-2.04829237312092,0.0270278487439583,0.00418350131489657,32.0205067605237,-2.86398325125752
"CXCL10","CXCL10",-1.32388429235896,0.0271347772810069,0.00420970664540535,1826.17419928357,-2.86200469978717
"FCGR2C","FCGR2C",-0.92211630535685,0.0271347772810069,0.00421030376263159,630.448320080977,-2.86195974664559
"AC026202.3","AC026202.3",-1.2547809611964,0.0271806808878352,0.00421845317493018,4.22520194566039,-2.86134680680471
"AC092611.2","AC092611.2",-2.92117593185594,0.0272107033903592,0.00422524944158987,3.61083371003895,-2.86083646159166
"KLK1","KLK1",-1.2374378162919,0.0272107033903592,0.00422619674478698,41.3624174933606,-2.86076538583932
"AL360181.2","AL360181.2",-1.04038815900068,0.0272676326142777,0.00423812915392113,25.2961346864409,-2.85987133750995
"SCNN1B","SCNN1B",-1.19150059865326,0.0273311125896577,0.00425076709471804,149.543158870953,-2.85892691255605
"KLHL31","KLHL31",-1.82373319060134,0.0274293972498769,0.00426948946577101,84.9615804987322,-2.85753247227583
"B3GNT5","B3GNT5",-0.577886880434405,0.0275238107809304,0.00428626499070593,553.831079221063,-2.85628773528294
"FO393414.3","FO393414.3",-1.78346910881635,0.027552801698405,0.00429206555674301,4.08648247408936,-2.8558583633866
"AL450992.2","AL450992.2",-0.598070474878689,0.0276093687120649,0.00431001970298282,22.9381446195276,-2.85453268096581
"KIF11","KIF11",-0.687005232664632,0.0276869841050204,0.00432318203581734,294.817585946037,-2.85356398945745
"SNED1","SNED1",-0.639510653517877,0.0276948411076075,0.00432545517922284,7416.47789468031,-2.8533969666462
"IGLV4-3","IGLV4-3",-2.30908589232519,0.0277215789498571,0.00433067849022099,10.1607700573929,-2.85301347692443
"MKI67","MKI67",-0.950010468004824,0.0278500568977262,0.00435601025941994,544.944851689928,-2.85115957394786
"GPR25","GPR25",-1.23118552943355,0.027868727092537,0.00436103621660389,16.100944480111,-2.85079291210946
"UGT2B17","UGT2B17",-2.09258696174151,0.0279365062715127,0.00437547072230139,22.5676165710054,-2.84974198831261
"SYNE3","SYNE3",-0.507548545321357,0.0279370749273665,0.0043770089434353,3175.32651364,-2.84963018140089
"SLC39A8","SLC39A8",-0.800250347547318,0.0279412305245751,0.0043791700432198,4191.59591716356,-2.8494731601803
"AP1M2","AP1M2",-1.60455183528426,0.0279742424725089,0.00438736666536239,17.8530871093675,-2.84887824759514
"AC253536.3","AC253536.3",-1.03031149743291,0.0279911180594416,0.00439287862854359,6.010027663898,-2.84847875438855
"ANXA8","ANXA8",-1.52137398854702,0.0280954050017602,0.00441136813583118,56.8154749502366,-2.84714199154612
"IGHJ2P","IGHJ2P",-2.24676842531342,0.0280960404892384,0.00441252938583868,3.00278468726048,-2.84705820454711
"ATP1A2","ATP1A2",-1.30109475066494,0.0281102989796881,0.00441583071357223,723.782834121274,-2.84682011487972
"FAM189A2","FAM189A2",-0.998151844112697,0.0282092453566696,0.00443572251482127,120.593398100131,-2.8453889358489
"NOS1","NOS1",-1.21726980066786,0.0282347010156464,0.00444283991575681,79.6189412859389,-2.84487826436315
"ACPP","ACPP",-0.846332023753875,0.0283497964611879,0.00446416380105902,166.237973412709,-2.84335270726337
"ATP13A4","ATP13A4",-1.41029030247786,0.0287892054068353,0.00456065107465431,10.801966191541,-2.83653127977922
"LILRB4","LILRB4",-0.914765731563872,0.0290543780396093,0.00461564804773358,5329.05715689325,-2.832701394642
"CCR4","CCR4",-0.744090802549847,0.0290543780396093,0.00461452494823213,111.000352852785,-2.83277919082817
"CXCL6","CXCL6",-1.57228694972972,0.0290643657202926,0.00462280326731013,467.451599290534,-2.83220616054052
"LILRB2","LILRB2",-0.756690488108881,0.0291306858573125,0.00463665342539792,2838.23225902408,-2.83124951875576
"AC007163.1","AC007163.1",-1.36758925989089,0.0292892832825894,0.00467074935720314,11.1209915600106,-2.8289054648962
"NKD1","NKD1",-0.90419892210713,0.0293239999791735,0.00467850133786881,197.646627724229,-2.82837468788499
"AL162632.1","AL162632.1",-0.765492080208277,0.0293505978435329,0.0046916158327095,23.7036198907161,-2.82747855053356
"FASN","FASN",-0.952172642483827,0.0293521539496089,0.00469431133574316,4789.35301257155,-2.8272946428949
"ADGRF5","ADGRF5",-0.603789661466591,0.0293521539496089,0.00469617167127825,2577.6753879764,-2.82716777246033
"IGKJ4","IGKJ4",-1.72876131857669,0.0294477494145664,0.0047160455539819,480.140468400952,-2.82581525300073
"HIST1H3E","HIST1H3E",-0.762574650072921,0.0295191477272241,0.0047300025188433,27.4196783491888,-2.82486849066608
"FFAR4","FFAR4",-0.675248504177942,0.0295191477272241,0.00473082566998695,385.373779287913,-2.82481273170437
"AC055811.2","AC055811.2",-0.736998045279694,0.029561607570183,0.0047420977650458,37.1635741257843,-2.82405005994131
"AC005393.1","AC005393.1",-1.41101541174794,0.0295838824769384,0.00474678865388028,3.79300404426158,-2.82373315707446
"AC055811.4","AC055811.4",-0.718134091794283,0.0297421597113439,0.00477978344460421,24.8001876129972,-2.82151209924037
"TNRC6C-AS1","TNRC6C-AS1",-0.623545641112485,0.0297421597113439,0.00477813476167177,177.526174834921,-2.82162275116531
"C3orf52","C3orf52",-0.851038937237153,0.0297555565468021,0.00478377054554971,69.2895122589833,-2.82124464628589
"AC092999.1","AC092999.1",-0.649676272215894,0.0297996249363315,0.00479716656668966,13.1192618103519,-2.82034752225377
"SERPINC1","SERPINC1",-0.952784571818245,0.0298124331833381,0.00480035476320929,4.82264665351831,-2.82013434452968
"AC012073.1","AC012073.1",-0.649968962829243,0.0298279814810282,0.00480563465962318,11.0889548253029,-2.81978158759102
"COL22A1","COL22A1",-1.42359520181773,0.0298371607505566,0.00480884535728115,731.702290641908,-2.81956724802747
"HK3","HK3",-0.814496091001847,0.0298783023560617,0.00481660493986608,2332.15620475428,-2.81904976845567
"TCAF2C","TCAF2C",-2.50932602140874,0.0298890980619173,0.00482040417284199,5.43123100841257,-2.81879667606603
"KCNAB2","KCNAB2",-0.54453864223269,0.0299910740969772,0.00484498216172407,2474.59530013795,-2.8171637185786
"SYT5","SYT5",-0.75116880496554,0.0300197009489111,0.00485300919416641,25.84545829834,-2.81663202731725
"PIP","PIP",-3.86960822327234,0.0300485626301902,0.00485881023299761,6.21538886421659,-2.81624827555781
"GDF5","GDF5",-0.990140149698175,0.0302012453355337,0.00489034483766283,141.96896632361,-2.81416941330721
"COL5A2","COL5A2",-0.772613650962408,0.0303034521804068,0.00491147417182157,22948.696477608,-2.81278327399769
"INTS4P2","INTS4P2",-0.922376236507363,0.0304446906320801,0.00494471740629841,5.11740396784306,-2.81061331204019
"AC129492.1","AC129492.1",-1.58745902506868,0.0307749376833178,0.00500881905397759,5.76721548283531,-2.80646604831525
"ITGB3","ITGB3",-0.646109072697452,0.0309837306639427,0.00504631315471899,1497.26435445135,-2.80406243833783
"CEACAM6","CEACAM6",-1.63148217481876,0.0310268734005134,0.00505685639237654,6.49419242250569,-2.80338945841689
"IGHV3-36","IGHV3-36",-2.76239631774115,0.031029982224745,0.00505853539233725,4.47116429832345,-2.8032824041497
"IGHV3-33","IGHV3-33",-1.74949391011606,0.0310466814867891,0.0050647060420046,7635.09812625127,-2.8028892347777
"ALDH3A1","ALDH3A1",-1.21739748534197,0.0310466814867891,0.00506477655596945,71.1810813630605,-2.80288474441003
"HHIPL2","HHIPL2",-1.05450402897039,0.0310963740305338,0.00507543624892737,50.6460652987525,-2.80220657852328
"IGSF3","IGSF3",-0.842986029589831,0.0310963740305338,0.00507419798395307,608.423332730613,-2.80228529037006
"TG","TG",-0.927152904314715,0.0311856530856872,0.00510189424583343,45.2441998255017,-2.80052887770131
"SP140","SP140",-0.815865355391627,0.0311856530856872,0.00509826571702286,373.408026299964,-2.80075849664046
"PLA2G2D","PLA2G2D",-1.43303059206024,0.0311862386424752,0.00510403815025889,1529.48863807348,-2.80039327746266
"IGHV3-13","IGHV3-13",-2.03246879887699,0.0312147040717124,0.00511287441922326,412.483120587155,-2.79983493333411
"AC140134.1","AC140134.1",-0.798592173646942,0.0312147040717124,0.00511232382270263,242.32086567353,-2.79986969881071
"AC126335.1","AC126335.1",-0.780560054521956,0.0312147040717124,0.00511341406380842,7.74074922791532,-2.79980086266225
"ASB11","ASB11",-1.17246379611829,0.0312998454858345,0.00513785079147106,11.9127843490606,-2.79826143558672
"OASL","OASL",-0.75846947353542,0.0313402327173486,0.00514936990773165,388.090273549357,-2.79753806572984
"SEL1L3","SEL1L3",-0.788370853878374,0.031340670829802,0.00515062594392077,3276.43798187851,-2.7974592784436
"P4HA1","P4HA1",-0.508425868413483,0.0314063904894423,0.00516735919685373,3295.86832227504,-2.796411306086
"FCRL3","FCRL3",-1.23886283953051,0.0314086436682841,0.00516891653704506,132.800413884049,-2.7963139288317
"IGHV3OR16-12","IGHV3OR16-12",-2.38254305458223,0.0314369671194764,0.00517832848392146,16.8869175219682,-2.79572598296634
"LCE5A","LCE5A",-4.14414199525011,0.0314894302465062,0.00518815993445213,11.4001584213061,-2.79511286178366
"DKFZp451B082","DKFZp451B082",-1.96099971065304,0.0315379349137134,0.00519853451314865,3.92704499561256,-2.79446700674494
"KCNJ18","KCNJ18",-4.91903464655524,0.0315586469560409,0.00520671771721753,5.39841235374552,-2.79395839377404
"FGFBP1","FGFBP1",-2.04187395370388,0.0319044081678152,0.00527581678758272,57.781037457828,-2.78969222374599
"IGKV1-39","IGKV1-39",-1.88934665906965,0.0319055564319636,0.00527721206162442,1119.08735963409,-2.78960660073099
"AL049555.1","AL049555.1",-3.53816438951924,0.0319911018448826,0.00531304861329898,12.1474603468959,-2.78741441627766
"IGLJ2","IGLJ2",-1.77861809351719,0.0319911018448826,0.00531149506760876,178.970537412932,-2.78750917205699
"IGLV2-14","IGLV2-14",-1.58101508027745,0.0319911018448826,0.00530233032547609,7407.45217755649,-2.78806866926758
"E2F8","E2F8",-0.935993778665156,0.0319911018448826,0.00530664791438284,57.5752755816273,-2.78780497659122
"PXDN","PXDN",-0.650383982332641,0.0319911018448826,0.00530154264234645,6487.63776916631,-2.78811679718954
"STC2","STC2",-0.694841189934241,0.0320379268519944,0.00532331415221849,153.664428751833,-2.78678891608313
"ZNF137P","ZNF137P",-0.560970103068557,0.0320746331428214,0.0053318367081648,23.2955302195314,-2.78627044648133
"USP54","USP54",-0.5567359032354,0.0320746331428214,0.00533131919562896,442.435302683517,-2.78630190799947
"OLR1","OLR1",-1.27684456679307,0.032086530594766,0.0053350266782865,940.704348735591,-2.78607657716371
"EFNA3","EFNA3",-0.776809944220478,0.0321020625463342,0.00533882199285819,133.016774439388,-2.78584605457349
"CARNS1","CARNS1",-0.838023136211794,0.0321567151652403,0.00535155579367878,96.5095040466957,-2.78507369941989
"TRGV8","TRGV8",-0.895741236878481,0.0322125314872054,0.00536206179805156,7.83792002687165,-2.78443771735998
"AC133561.1","AC133561.1",-0.745342438872593,0.0322290943088628,0.00536847167659437,16.7351037473117,-2.78405024717281
"CD300C","CD300C",-0.754548796276753,0.0323381746041061,0.0053915283738683,897.861528575077,-2.7826599401529
"RMI2","RMI2",-0.6545997611826,0.0323520586664067,0.00539506543328116,151.751657362902,-2.78244713241084
"GGT1","GGT1",-0.707953425361753,0.032376022840428,0.00540085075831471,239.805826268256,-2.78209932878457
"LINC01929","LINC01929",-1.10852347588584,0.0324705173387069,0.00542460451901511,25.6904365095954,-2.78067481096594
"AC011473.4","AC011473.4",-5.81500269702272,0.0328021004608728,0.00549485193579168,9.03053071474805,-2.77649476838508
"TSSK4","TSSK4",-0.566836094016506,0.0328045815597215,0.00549779454452094,35.6403287648484,-2.77632072443706
"CCDC154","CCDC154",-1.20980527858085,0.0329216112180554,0.00552735805104228,9.46064538240916,-2.77457680720965
"HLA-DRB5","HLA-DRB5",-0.999244215685278,0.0330469361949821,0.00555674440109159,20730.5190944629,-2.77285166264142
"IFIT2","IFIT2",-0.592298056926537,0.0330821825735023,0.00556556571838021,1591.1908473287,-2.77233540809756
"AC105046.1","AC105046.1",-1.48019021543512,0.0333633879453813,0.00562926028803781,6.45918831571438,-2.76862953779585
"DHCR7","DHCR7",-0.717088709302997,0.0333973617070423,0.00563751604167384,647.375704841747,-2.76815197514978
"LAMA3","LAMA3",-0.712446288224301,0.0333985688563486,0.00563898160939295,452.063383833164,-2.76806726381017
"CWH43","CWH43",-3.91036208754187,0.0334874655501517,0.0056565211558702,22.5756378805963,-2.7670549979682
"LINC00641","LINC00641",-0.527858015545949,0.0336464640467863,0.00569436408195494,199.999062639975,-2.76488056545461
"PGLYRP3","PGLYRP3",-5.29103406236665,0.0337330535928891,0.00571358112773532,8.6227472568858,-2.76378135049917
"DOK7","DOK7",-1.46190548255231,0.0337330535928891,0.00571457222828648,16.8479596424736,-2.76372475001566
"EML5","EML5",-0.946698081028257,0.0337386680039517,0.00571807263839689,11.7575280629276,-2.76352491690177
"PLCB2","PLCB2",-0.627881974587799,0.0337386680039517,0.00571773384632731,1164.75970388663,-2.76354425320508
"AC068580.4","AC068580.4",-0.57908232987861,0.0338681430618615,0.00574641393671162,457.867539989745,-2.76191100551458
"MYOM3","MYOM3",-0.818943907670496,0.0338757523242236,0.00574898482906089,120.865817912855,-2.76176495991127
"AC027020.2","AC027020.2",-0.88804452249593,0.033901532517406,0.0057552912198742,19.6995008419714,-2.7614069597782
"SUGT1P4-STRA6LP","SUGT1P4-STRA6LP",-0.563894073641117,0.033901532517406,0.00575650008610018,19.8166489271558,-2.76133837546946
"PLEKHA6","PLEKHA6",-0.65764579615982,0.0339340187738198,0.00577169339679386,278.778514049605,-2.7604774975457
"AC144831.1","AC144831.1",-0.56477013775629,0.0340702493508288,0.00580258733135125,462.525736710942,-2.75873327999873
"AL035252.4","AL035252.4",-1.59029575657202,0.0340924553964558,0.00581041265642621,5.37333582386668,-2.75829280500285
"APCDD1L","APCDD1L",-0.951479998100009,0.0340924553964558,0.00581152135512518,477.90058220806,-2.75823044139318
"CDH3","CDH3",-1.06763011576902,0.0341941473739649,0.00583143984457583,38.3725039684619,-2.75711186227139
"GABRR2","GABRR2",-1.2843291912543,0.0342342796411338,0.00583957733876305,5.19481969008601,-2.75665586906412
"FITM1","FITM1",-0.926606269301691,0.0343247608092032,0.00586408887299169,17.4939160833321,-2.7552857920419
"TMPRSS6","TMPRSS6",-0.982241382482625,0.034494408042244,0.00589958763864288,7.76097847647407,-2.75331070523576
"DAPP1","DAPP1",-0.606704182921704,0.0345205707422803,0.00590536644078149,660.522513328919,-2.75299019748893
"CCNF","CCNF",-0.501145554990552,0.0345653849627603,0.00591564448529616,224.317031991119,-2.75242084761924
"IGHV7-56","IGHV7-56",-2.69028865760302,0.0345788558757559,0.00592172129619341,19.1152343966564,-2.75208464334171
"AADACL2","AADACL2",-1.77799519898417,0.0345788558757559,0.00592226776447141,33.5305468562568,-2.75205442480018
"COL6A3","COL6A3",-0.648885186680336,0.0345788558757559,0.00591978147975276,64137.1626851119,-2.75219193139201
"ROPN1B","ROPN1B",-1.66925864429534,0.0347859926379652,0.0059665422409748,4.09767183707601,-2.74961444964981
"AC104958.2","AC104958.2",-0.598787331744449,0.0347995619063849,0.00597018438992382,15.6580949515557,-2.74941445710609
"COL27A1","COL27A1",-0.514996437815743,0.0348637827091849,0.00599042214520279,340.426276571147,-2.74830518855693
"LYNX1-SLURP2","LYNX1-SLURP2",-0.52705254267538,0.034904909955677,0.00600276361472823,72.5054483668443,-2.74763038622504
"HLA-C","HLA-C",-0.664335513767202,0.0349590310907365,0.00601398815860039,40080.5518186345,-2.74701773929406
"AC005225.4","AC005225.4",-0.529407829799262,0.0349865301446677,0.00602076560538597,54.3791493937261,-2.74664831803741
"MAMDC2","MAMDC2",-0.721182789352533,0.0350264749793297,0.00603028623978259,5232.96116959817,-2.74613000494899
"LIPA","LIPA",-0.523063693435833,0.0350958343471041,0.00605018293572996,8720.90733173455,-2.74504918436598
"ABCA1","ABCA1",-0.505667154894007,0.0351587770314521,0.00606369024702779,3559.5911576013,-2.7443172686756
"COX6A2","COX6A2",-3.23960106118843,0.0352441652245123,0.00608241137729313,31.5461454322847,-2.74330525835745
"AC073174.2","AC073174.2",-0.607104009464106,0.0352946889128876,0.00609379758706019,12.0392631453697,-2.74269112399097
"P2RY2","P2RY2",-0.645661155324364,0.0353408976311295,0.00611481559853523,145.459538117358,-2.74156019201784
"CHST11","CHST11",-0.570117245014797,0.0353408976311295,0.00611512755111916,2362.6229154877,-2.74154343293374
"MFAP3L","MFAP3L",-0.82104839556013,0.0353608022486298,0.00612236828216528,260.689812655459,-2.74115465404397
"STRIP2","STRIP2",-0.72283895212534,0.0353608022486298,0.00612257949697648,87.6144836315123,-2.7411433194367
"PCDHGB2","PCDHGB2",-0.636528573940609,0.0353986402895942,0.00613127037028122,128.06506590314,-2.74067723850046
"HJV","HJV",-3.36571240360914,0.0354441947880064,0.00614337745845342,14.2970141771235,-2.74002894090238
"PRELID2P1","PRELID2P1",-1.27321991443734,0.035451171665461,0.00614626267606636,3.06830209032945,-2.73987461609091
"ST18","ST18",-0.955207857519071,0.0355075804485456,0.00616006684875595,19.3066497959074,-2.73913715865393
"VSIG8","VSIG8",-2.92644032335579,0.0356032200646906,0.0061820393447927,6.11323805641952,-2.73796639046569
"MMP15","MMP15",-0.628558741171064,0.0356032200646906,0.00617972580808671,717.649856894434,-2.73808948679822
"LINC02393","LINC02393",-1.19627463073882,0.0358903790537962,0.00624681613588874,3.92288225240319,-2.73453654120393
"PIK3R5","PIK3R5",-0.586648856732911,0.0359177438933065,0.00625293603310879,1914.01896140826,-2.73421415800295
"HES2","HES2",-1.10458024242076,0.0360314612988335,0.00627581419179349,39.9388040508687,-2.73301149542601
"CA3","CA3",-1.69434260040687,0.0360542754522008,0.0062821534015471,415.484004452466,-2.73267895316628
"TRIM46","TRIM46",-0.653819173521066,0.0361148879929635,0.00629407904762328,42.1180198251979,-2.73205417541914
"AC092143.3","AC092143.3",-1.29397482288408,0.0361785533620386,0.00630927508856285,3.48511959558691,-2.73125960565111
"HSFX1","HSFX1",-0.608412806414243,0.0361785533620386,0.00630920179923586,36.269910413344,-2.73126343366388
"COL11A2","COL11A2",-0.952935993584509,0.0363839661690499,0.00635334510685515,37.6336505428851,-2.72896497724987
"XKR7","XKR7",-1.07920420424025,0.0365501729224561,0.00639689770539124,3.86764616534998,-2.72671131950231
"LINC00861","LINC00861",-1.00618056933506,0.0365964622357432,0.00641119027493073,68.4697749862486,-2.72597474958163
"CEMIP","CEMIP",-1.04953080172611,0.0366002295562516,0.00641599853190553,3998.42331513152,-2.72572728737575
"AC117394.2","AC117394.2",-1.0218436237737,0.0366002295562516,0.0064133408713188,2.85086361134749,-2.72586404615154
"AL645939.1","AL645939.1",-0.926436989187323,0.0366007470131984,0.00641747201965521,17.7831195885019,-2.72565148611864
"ACP2","ACP2",-0.532102261185206,0.0366079040136514,0.00642149300447253,4069.81015488175,-2.72544471253121
"TRAV35","TRAV35",-1.15112544170174,0.0369459994827417,0.00649475747452481,4.90398731705848,-2.72169744170066
"AC023055.1","AC023055.1",-1.38165191134858,0.0369477420941521,0.00649645969648207,14.0351265713106,-2.72161083073771
"AL365181.3","AL365181.3",-0.835572514457033,0.0370188444183827,0.00651175864641618,28.4019933469934,-2.72083331788521
"OTOP3","OTOP3",-4.61770403182469,0.0370356293419119,0.00652030801062788,8.55329464384808,-2.72039954325995
"PSD3","PSD3",-0.501477397678257,0.0370566753155003,0.00652541326251641,3556.94103103114,-2.72014075868107
"BMP2","BMP2",-0.507791485811341,0.037191595845396,0.00656603299654448,613.928012673293,-2.71808821313343
"ANXA8L1","ANXA8L1",-1.80745695762697,0.0373398214737799,0.0065983038671085,50.6185203974439,-2.71646566580456
"AC234775.3","AC234775.3",-0.533607121240306,0.0373398214737799,0.00659925516091814,15.4255818961956,-2.71641794406377
"AC005674.2","AC005674.2",-0.844489420262181,0.0373447050297326,0.00660152914103739,30.5184678812209,-2.71630389470527
"SYNM","SYNM",-0.973783049402976,0.0374454697913162,0.00662358568751907,2265.34363461235,-2.71519949841858
"AC068134.3","AC068134.3",-0.94339354111705,0.0375079596341604,0.00663747338117826,5.10253350888505,-2.71450582116016
"AC079089.1","AC079089.1",-1.40888611703948,0.0375617840177403,0.00664841732302366,4.81461998741314,-2.71396010029818
"TMPRSS11E","TMPRSS11E",-2.34120510020204,0.0377551136012717,0.00669495974076441,3.0114419257064,-2.71164824121638
"DOCK9","DOCK9",-0.533033450472494,0.0377923763168155,0.00670566226048543,2743.34203297199,-2.71111866843974
"SDR16C5","SDR16C5",-1.19967120368228,0.0381839043164261,0.00680325258816977,69.0149282881562,-2.70632452652533
"LINC02561","LINC02561",-0.837512367139598,0.0382119107571719,0.00680968616274056,4.60886483836687,-2.70601065205124
"MSMP","MSMP",-2.1588589817491,0.0382723307061178,0.00682479130049778,10.8827024977709,-2.70527476446044
"CCDC120","CCDC120",-0.569415034632737,0.038296557187036,0.00683345194734863,222.16720791981,-2.70485349751973
"KLC3","KLC3",-1.29780627986941,0.0383306989555107,0.00684338062292989,70.2998398284021,-2.70437114159016
"ATP6V0A4","ATP6V0A4",-3.98562368705687,0.0383754584286932,0.00685477983493376,3.89343968311861,-2.70381811870344
"MELTF","MELTF",-0.587237742310175,0.0384996910712159,0.00688133433291482,770.265659972364,-2.70253304778609
"Z69706.1","Z69706.1",-0.582582074310221,0.0385402030055551,0.00689003138094702,16.3300087484854,-2.70211313375131
"SMPDL3B","SMPDL3B",-1.12393772659018,0.0386190830143965,0.00691012332751232,123.386142016831,-2.70114486489004
"EVPL","EVPL",-1.38024127785145,0.0386521297387503,0.00691927597559065,92.5912475645706,-2.70070461971907
"CSPG4P13","CSPG4P13",-0.924227394704087,0.0387118563310836,0.00693680662580111,12.0571038619016,-2.69986284865741
"CLDN1","CLDN1",-1.33514720099041,0.0388567420835556,0.00696717284100476,289.564474118023,-2.69840926224334
"HCAR3","HCAR3",-1.23201338956036,0.0389008346418992,0.00697654849239092,115.570144180355,-2.69796161313781
"ARPP21","ARPP21",-2.34481510172263,0.0390028272023857,0.00699631355763071,5.82868562096084,-2.69701967932342
"CLLU1OS","CLLU1OS",-1.90797528477921,0.0392227977963068,0.00704614467949068,4.1645356028227,-2.69465546808556
"AL031716.1","AL031716.1",-0.924618946213841,0.0393825355137387,0.00708376786357286,3.32917016207427,-2.6928803826961
"KCNK13","KCNK13",-0.774668578489307,0.039402697568611,0.00709334897103901,148.053238215778,-2.69242969255142
"S1PR5","S1PR5",-0.834088228814164,0.0394117350216151,0.00709646488771837,94.9774607927859,-2.69228323928092
"PTPRQ","PTPRQ",-1.96320830717562,0.0394563416276659,0.0071078545749833,12.858114736348,-2.69174839578174
"AL645939.2","AL645939.2",-0.946480667487855,0.0394563416276659,0.00711112167938855,6.32489155405321,-2.6915951192233
"AC006116.6","AC006116.6",-0.70880941502203,0.0394563416276659,0.00711344071356008,4.79888371244528,-2.69148635984326
"VSIG10L","VSIG10L",-0.538137672491542,0.0395444290143,0.00713230964956243,148.828713509225,-2.6906026150387
"AC087222.1","AC087222.1",-1.15445119468575,0.0395818844991244,0.00714205600392225,3.7770242261066,-2.69014695689366
"UBASH3B","UBASH3B",-0.518600095335839,0.0395898608735293,0.00714499094763117,535.271851700983,-2.69000985278784
"MFSD2A","MFSD2A",-0.832655611362628,0.039615768407996,0.00715116330248234,196.996767787055,-2.68972167987895
"TGM5","TGM5",-1.43088826010645,0.0396574830203468,0.00716168985746563,19.7839218397017,-2.68923073417717
"WNT7B","WNT7B",-1.50771706128545,0.0398241348432978,0.00719930806699082,20.7787406904416,-2.68748154408869
"KCNK9","KCNK9",-1.13048116816295,0.0399206900746713,0.00722563448683354,7.99201873479265,-2.68626227811901
"B3GNT7","B3GNT7",-0.619104353691723,0.039931780918856,0.00723377350051123,947.323111139309,-2.6858861395363
"ANKK1","ANKK1",-1.41163845646129,0.0399773015092164,0.00724361094254417,7.35613526843702,-2.68543201595728
"AL844908.2","AL844908.2",-0.617712005317605,0.0400741046104115,0.00727326300760954,5.68177812676522,-2.68406653502409
"KCNJ11","KCNJ11",-0.936516404531867,0.040191693380371,0.00730523392848105,22.942896622755,-2.68259985581534
"TMEM178B","TMEM178B",-0.936648493193588,0.0402025976666721,0.00730873474525015,35.1959854493843,-2.68243960443633
"EPB41","EPB41",-0.50730301868973,0.040212464478966,0.00731660542259626,1148.73616826517,-2.68207957215626
"CA2","CA2",-0.848589722304218,0.040217197828368,0.00731898605686837,367.868360190543,-2.68197074207544
"RPS6KA2-IT1","RPS6KA2-IT1",-0.966258728756199,0.0402423976111369,0.00732661279565034,3.41620200577202,-2.68162230141415
"UNC13A","UNC13A",-0.802322412801677,0.0402437181848127,0.00733141445038222,31.1295290567187,-2.68140309646965
"ZNF469","ZNF469",-0.65303582162611,0.0403019195322859,0.00734506251931495,402.605625635974,-2.68078073800988
"NDP","NDP",-0.837645562733133,0.0404409926690145,0.00737652017854857,464.035889423248,-2.67935019587125
"IGKV1-6","IGKV1-6",-1.66991748614973,0.0405568057648051,0.00740953351184781,1010.9546317133,-2.67785478250905
"SIGLEC14","SIGLEC14",-0.869335952775751,0.0406435737920708,0.00742882655204346,380.509506726667,-2.67698362536927
"LCE3E","LCE3E",-4.85814634169084,0.0406840925260428,0.00743776960722056,4.65508368967624,-2.67658049915949
"LIPH","LIPH",-1.01584331568497,0.0407744274065521,0.00745582487618392,24.7783654710834,-2.67576794467672
"GHRLOS","GHRLOS",-0.661561861060434,0.0407856828610777,0.00745942388191761,13.2542142177707,-2.67560618696561
"COL12A1","COL12A1",-0.675140497777356,0.0407873381232269,0.0074612675655546,9011.61011443116,-2.67552334951076
"IL18BP","IL18BP",-0.645816622576679,0.0408012802452512,0.00746844243410186,1139.84020271659,-2.67520115438066
"MAMDC4","MAMDC4",-0.633208842339031,0.0408012802452512,0.00746713167650983,56.4212070389344,-2.6752599946192
"CBLC","CBLC",-3.79453355367729,0.0408575513269375,0.00748646053631216,9.43685795329446,-2.67439325448561
"TEKT4","TEKT4",-1.17435860728182,0.0408942227641669,0.00749472494725807,4.54160773685559,-2.67402327605866
"IGLV7-46","IGLV7-46",-1.81885223327208,0.0411801513537898,0.00756268524427717,571.594564488909,-2.67099464878902
"DRAIC","DRAIC",-0.935833715075043,0.0411801513537898,0.00756194536408635,29.416210144195,-2.67102748967977
"C5orf66","C5orf66",-0.56167529824909,0.0411801513537898,0.00756183234589188,42.7480190386042,-2.67103250644584
"FSTL4","FSTL4",-1.38905189690658,0.0412130316996062,0.00757028071039652,8.44999919881654,-2.67065767706361
"AC002116.2","AC002116.2",-0.715693120657305,0.0413384534480565,0.00759956607647599,4.86543787070863,-2.66936126710369
"FGD5P1","FGD5P1",-0.85755375234749,0.0415552302200407,0.00765668736193805,4.78421690004382,-2.66684544647605
"PALM2-AKAP2","PALM2-AKAP2",-0.827766305132991,0.0417028565207212,0.00769649227789955,846.957481094502,-2.66510222648945
"MUC15","MUC15",-2.75659216595715,0.0418620865732717,0.00773307306698617,25.2903432148165,-2.66350731443491
"RSPO2","RSPO2",-0.923051947429127,0.0419059212602592,0.0077466346566341,293.103936898326,-2.66291775044285
"GABBR1","GABBR1",-0.51246880081448,0.042026859719787,0.00777534217566955,400.907086291677,-2.66167279117755
"CXorf21","CXorf21",-0.609389903339888,0.0425090546176625,0.00789024841650898,318.393898073512,-2.65673052914338
"IGHV3-60","IGHV3-60",-1.85767751865886,0.0425291327103982,0.0079004021888635,57.6131944708895,-2.65629690888437
"AC010733.1","AC010733.1",-0.747207075193205,0.0426030809846503,0.00792379642931102,5.18125465993837,-2.65529974679059
"SPEG","SPEG",-0.818049199963437,0.0426363188301248,0.00793964318688598,848.64727876869,-2.65462578744192
"CDON","CDON",-0.722142948362041,0.0426363188301248,0.00793337317876407,3737.67359094639,-2.65489230544153
"AC006272.1","AC006272.1",-0.966794035468237,0.0427113229191834,0.00795845119337386,5.00151316519314,-2.65382744844293
"TMEM125","TMEM125",-1.4767202134773,0.0427362019649648,0.00796631608655923,15.4495675519838,-2.65349411009107
"STIL","STIL",-0.522146160003044,0.0429296719901299,0.00802184282228957,111.703169531775,-2.65114906595364
"TIE1","TIE1",-0.618876142832281,0.0429313854937409,0.00802487287049643,2636.42678570227,-2.65102151747846
"AC009093.6","AC009093.6",-1.13100374344668,0.042956982350443,0.00803343770579519,2.81547742184324,-2.65066121777302
"S100A2","S100A2",-0.934719251769741,0.042956982350443,0.00803199741679187,77.6112033442755,-2.6507217828147
"RBM12B-AS1","RBM12B-AS1",-0.575118819068275,0.0429640454872957,0.00803638177519366,7.96980795790529,-2.65053744807879
"AC004706.3","AC004706.3",-0.752270191759136,0.0430687602358878,0.00806247712300518,12.2947747909347,-2.64944216175786
"YOD1","YOD1",-0.530302523708492,0.043135240967908,0.00807818162673014,413.268723093109,-2.64878453367927
"LILRB5","LILRB5",-0.554874253961856,0.0433278218645534,0.00812570583458548,3147.72078269195,-2.64680140030326
"MCEMP1","MCEMP1",-1.00517140168909,0.0434115701167627,0.00814305208469254,140.017504983504,-2.64608014587599
"LINC01055","LINC01055",-0.973611190030565,0.043441902866917,0.00815692091148407,7.93996386207766,-2.64550447080772
"AMOT","AMOT",-0.769471372789731,0.043441902866917,0.00815201732780805,511.34552464787,-2.64570791133271
"CR2","CR2",-1.03660839903485,0.0434458865206772,0.00815934877916993,56.4221933952534,-2.64540378362636
"ABI3BP","ABI3BP",-0.508678680391207,0.0434679296095551,0.00816726892863829,11658.8656791708,-2.645075509898
"AC000123.2","AC000123.2",-0.562387180412393,0.04348883389186,0.00817561817393537,8.62185837243928,-2.6447297593874
"PCP4L1","PCP4L1",-0.914978683394196,0.0435420470628153,0.00819287112195317,33.9972294438074,-2.64401629779104
"AC009041.4","AC009041.4",-0.597124722648945,0.0435420470628153,0.00819123568427601,8.73790744270999,-2.6440838703681
"PGLYRP4","PGLYRP4",-2.24887476008099,0.0435468574033403,0.0081966286667348,5.99595602003462,-2.64386109027789
"AC005005.3","AC005005.3",-0.544931120998811,0.043655243296497,0.00822317550775011,9.73409453600962,-2.64276636847599
"AC008764.2","AC008764.2",-0.502979079419721,0.0439039677018869,0.00829015189746612,32.3378817786275,-2.64001842924424
"PLAUR","PLAUR",-0.650421108124976,0.0440194196511495,0.00831617530127055,2308.89529064542,-2.63895608442144
"AC004951.3","AC004951.3",-0.619248390229358,0.0440194196511495,0.00831694123976723,13.2926096461949,-2.63892486184744
"PRSS50","PRSS50",-1.27070076448067,0.0441164206032412,0.00834703335297929,4.55953013817934,-2.63770022376696
"CD86","CD86",-0.687662579133513,0.0441933340781842,0.0083648269194795,1932.46988045532,-2.63697794807585
"LCE3D","LCE3D",-3.87721165540332,0.0441991010135134,0.00836758831760608,14.0148029030223,-2.63686598073919
"SOX21","SOX21",-1.75794764864942,0.0442404434855297,0.00837875791276438,12.9987399793722,-2.63641342038851
"KLF5","KLF5",-0.859405293208726,0.0443274707758782,0.00840623036547786,453.684070007411,-2.63530260616174
"ANXA9","ANXA9",-0.674994290941882,0.0443274707758782,0.0084062003213569,142.920579451378,-2.63530381918352
"COL4A5","COL4A5",-0.879588330105244,0.0444076772795028,0.0084255300652712,109.654838638361,-2.63452418707777
"MRPL23-AS1","MRPL23-AS1",-1.17465050752523,0.0444189756753886,0.00843282947148564,6.76231619437378,-2.63423019408682
"MMP2-AS1","MMP2-AS1",-1.22667979030298,0.0445972062704751,0.00848339316074813,15.1084233893068,-2.63219990231086
"PLEK2","PLEK2",-0.763370401799565,0.0446028470012214,0.00848615125233863,225.28531076408,-2.63208946774748
"NCAPG","NCAPG",-0.748427794740734,0.0447549395698674,0.00852300155508751,177.938892260926,-2.63061704473388
"FOXCUT","FOXCUT",-0.9640493824926,0.0449030468868888,0.00855514244779102,10.7419677623387,-2.62933743524214
"AL513314.2","AL513314.2",-0.83145860787547,0.044922915026791,0.00856062501020568,8.22614451868539,-2.62911958993465
"CD38","CD38",-0.741669239153602,0.0449756093880244,0.00857406494283769,971.959893546826,-2.6285860919811
"HSPB3","HSPB3",-2.76837313927838,0.0450667662033634,0.00860165865198503,6.75705777461319,-2.62749309914494
"IGHV5-10-1","IGHV5-10-1",-1.85172377302821,0.0451740318523449,0.00863140294941999,2157.82561588602,-2.6263184257965
"AC124014.1","AC124014.1",-1.32974621300789,0.0451853204592179,0.00863794331193632,3.29290389625276,-2.62606061663386
"Z97653.2","Z97653.2",-1.08032091610185,0.0451946462229824,0.00864484845770373,2.8850673432253,-2.625788617664
"AL732372.2","AL732372.2",-0.638216154129948,0.0452102973654804,0.00865296635511443,83.7201052100817,-2.62546909571955
"MYOT","MYOT",-1.36462410457099,0.0452245053905232,0.00867616723387113,85.0438896551114,-2.62455737970584
"MYH3","MYH3",-0.854139972915948,0.0452245053905232,0.0086613361713456,30.3708612975523,-2.62513993861488
"AL031846.2","AL031846.2",-0.748745045652912,0.0452245053905232,0.00867618868763748,47.8819536215548,-2.62455653765433
"AL390719.1","AL390719.1",-0.727822375149798,0.0452245053905232,0.00866714286839252,15.6236011930704,-2.62491174747903
"CDC25A","CDC25A",-0.604127788785727,0.0452245053905232,0.00866873735079562,51.5689796940729,-2.62484911154385
"CERNA2","CERNA2",-0.709242565533302,0.0452689852724134,0.00869156307961786,37.5809197593992,-2.62395357706711
"P2RX5","P2RX5",-1.17564958670066,0.0452689988108739,0.00869327594377091,176.543537836024,-2.62388646013214
"AL035078.4","AL035078.4",-5.86962134205719,0.045559509963247,0.0087645941092533,9.38082621527501,-2.62110236276748
"LINC01979","LINC01979",-0.833916827079087,0.0456059535012799,0.00878038229787761,4.2206468250648,-2.62048876595165
"AP001189.3","AP001189.3",-0.804316594353748,0.0458540371429335,0.00883507459401416,35.5333289382273,-2.618370783395
"HRC","HRC",-0.880751436061869,0.0458757347735867,0.00884098844233124,113.975252648365,-2.61814246936778
"TMPRSS3","TMPRSS3",-0.832162109565068,0.0459151271579417,0.00885502775180422,10.6425776579931,-2.61760100421521
"FGFR2","FGFR2",-1.13656356672628,0.045950256958681,0.00886403007408762,157.179759107127,-2.61725420792926
"ESRP2","ESRP2",-0.997460405791517,0.0459972354210438,0.00887999567288851,34.4739180457842,-2.61663993853468
"RANBP3L","RANBP3L",-0.640160595061424,0.046014139722915,0.00888504545407151,111.632205521487,-2.61644585578321
"WNT5A-AS1","WNT5A-AS1",-0.87218559445577,0.0460263894946089,0.00888914968818016,8.93372690894641,-2.6162881866582
"CTSB","CTSB",-0.677372396475672,0.0462237122541103,0.00893424428168907,165216.66038055,-2.61456009204351
"AC008567.2","AC008567.2",-0.861560543104158,0.0462644988438813,0.00894562337387073,3.64314021768215,-2.6141252587296
"AC087741.1","AC087741.1",-0.831278131009425,0.0462644988438813,0.00894445918937944,40.4052730358175,-2.61416972343508
"KCNA3","KCNA3",-0.890256992642525,0.046291163333764,0.00895252805567033,172.918099622187,-2.61386164841632
"ANKRD2","ANKRD2",-1.34366318933287,0.0464887874859344,0.00899601683112155,55.8802424609624,-2.6122054738372
"MICAL2","MICAL2",-0.540018256276727,0.0465956979689856,0.00902022578839707,2949.1712048111,-2.61128662413863
"PPL","PPL",-1.03547627836672,0.0466154229480244,0.00902756651296132,3208.81298564406,-2.61100844240829
"APOBEC3A","APOBEC3A",-1.07483989128813,0.0468497122400452,0.00908532898591378,424.403249381716,-2.60882651449271
"CCR1","CCR1",-0.654305173841011,0.0469174770613357,0.0091002428211454,3893.0319415089,-2.60826516914902
"FGFR3","FGFR3",-0.971858740494032,0.0469365918127899,0.00910572363741268,153.845474305141,-2.60805908177544
"LIPK","LIPK",-4.74994245645954,0.0470648177428679,0.00913952316270429,5.33398698133016,-2.60679060777538
"TREH","TREH",-0.875871932743587,0.0471432869910614,0.00916007121519622,8.41501145203799,-2.60602149805902
"JPH1","JPH1",-1.12974359211721,0.0471487306832708,0.00916410390454386,34.3370931635741,-2.60587073606195
"TJP2","TJP2",-0.521886311747614,0.0471487306832708,0.00916469150196185,1583.59023524988,-2.6058487736893
"IGKV2D-24","IGKV2D-24",-2.35464806578976,0.0471773109335915,0.00917239955018057,27.2108146726572,-2.60556078965463
"SERPINE1","SERPINE1",-0.974361149523485,0.0471773109335915,0.00917456325307464,3855.28437219387,-2.60547998935628
"ARHGAP11A","ARHGAP11A",-0.527196490301578,0.0471773109335915,0.00917559396600283,284.08299080169,-2.60544150488061
"GPRC5D","GPRC5D",-0.922365697112728,0.0471936562597817,0.00918579780920732,4.69490653598292,-2.60506072463055
"CTSS","CTSS",-0.569538964171219,0.0472028237383613,0.00919303926749225,22287.8843331645,-2.60479072166207
"GPR75-ASB3","GPR75-ASB3",-1.28556075321377,0.0472238818285313,0.00919892457999575,6.59655370724351,-2.60457142335695
"ANK1","ANK1",-0.613489652722603,0.0474267651556245,0.00925277929894009,377.602655083635,-2.60257048550209
"CNTN5","CNTN5",-1.59545279506909,0.0474470271398321,0.00926031743565577,4.16733471658897,-2.6022912404934
"CLDN16","CLDN16",-1.28928431499274,0.0475458658158546,0.00929163543813157,5.24583090175885,-2.60113325465224
"TTN-AS1","TTN-AS1",-0.625339089996349,0.0475657634030206,0.00930184512689286,197.42923091297,-2.6007565032354
"AC018450.1","AC018450.1",-0.919527402291002,0.0476521802499459,0.00932376143845517,5.40545081826373,-2.59994900602527
"NKX6-3","NKX6-3",-2.06117732479295,0.0477673151307713,0.00935307077520801,3.30634159448362,-2.59887175861991
"ARR3","ARR3",-0.617861978106235,0.0477673151307713,0.00935350766265396,7.34918488706098,-2.59885572387303
"XXYLT1-AS2","XXYLT1-AS2",-1.24362476585013,0.0477941797994651,0.00936070451863188,4.59892830771967,-2.59859167927115
"LINC01001","LINC01001",-0.942011757445749,0.0480233382157607,0.00941815515047844,59.9091529853281,-2.59649034884883
"CTSL","CTSL",-0.678755886732674,0.0481793773995234,0.00946695915429073,19605.413511,-2.59471424287358
"KLHDC8A","KLHDC8A",-0.839212010812922,0.0482058637288566,0.00947398477908164,15.8439847500887,-2.59445923468439
"LAPTM5","LAPTM5",-0.647008668898347,0.0483693825748102,0.00951516682779639,36071.6394845396,-2.5929678381566
"AC053513.1","AC053513.1",-0.893873708823637,0.0483778835181635,0.00952241388528588,5.56304937419287,-2.59270598379362
"AC010680.3","AC010680.3",-0.964463356086268,0.0484382197351329,0.00953978010046649,2.84228343270821,-2.59207922132909
"SEMA5A","SEMA5A",-0.729728918444376,0.0484446506148312,0.00954470712744511,4069.71183834207,-2.59190158573453
"IGLV6-57","IGLV6-57",-1.63068660054215,0.0485149375829563,0.00956222106503014,2580.90408250979,-2.5912708116518
"NPIPB11","NPIPB11",-0.642227704610117,0.0485202540643344,0.00956691436299909,84.0426980717293,-2.59110195497153
"CRB3","CRB3",-1.124195554789,0.0485225417939407,0.009576514635691,18.1063349382892,-2.59075678384038
"STEAP3-AS1","STEAP3-AS1",-0.781203977453785,0.0485225417939407,0.00957380907058167,6.25614970014329,-2.59085402931822
"AMPD3","AMPD3",-0.644991665625961,0.0485662711195317,0.00959068718658779,825.323255681531,-2.59024778314138
"USP13","USP13",-0.510527282674687,0.0486595869394983,0.00962198337834199,744.343653359548,-2.58912616601291
"CD1A","CD1A",-1.08438725139475,0.048697187565361,0.00963677768209456,24.675158221711,-2.58859708806359
"TMEM51","TMEM51",-0.672054167300267,0.0487058703558323,0.00964217615567499,1027.48687803286,-2.58840420668373
"LHX2","LHX2",-1.026082613527,0.0488172181621622,0.00966842646021703,21.1577046754991,-2.58746768285864
"DOCK3","DOCK3",-0.739762710906825,0.0488524726204974,0.00968227252133172,33.5943502667933,-2.58697461405442
"IGKV1OR10-1","IGKV1OR10-1",-2.47509733402215,0.0489220169100575,0.00970160061811522,50.9827032073183,-2.5862873758099
"AC012020.1","AC012020.1",-0.818510026483004,0.0491052731545159,0.00975278329265519,6.29882316052819,-2.58447337965866
"SHANK3","SHANK3",-0.56038239453706,0.0491633493254793,0.00977468917133259,1455.55829609757,-2.58369959181869
"P3H2","P3H2",-0.513474739468779,0.0492141706123894,0.00978742657839804,334.787929071245,-2.58325037489285
"IGLV1-41","IGLV1-41",-1.92404713420919,0.0492717525188628,0.00980073962037903,29.7285137846327,-2.58278141323599
"PPAN-P2RY11","PPAN-P2RY11",-0.612876648621013,0.0494160986127872,0.009835052608416,72.0761363145882,-2.58157532502676
"FBXO2","FBXO2",-0.855183388604124,0.0495265270974945,0.00985890178233777,190.594767624498,-2.58073924257902
"CRTAC1","CRTAC1",-0.947821193385978,0.0495443408879085,0.00986619142469174,63907.2935720713,-2.58048404857527
"NID1","NID1",-0.605027715906886,0.0496181399145341,0.00989213511386892,3258.31614253039,-2.57957717910016
"LGALS3BP","LGALS3BP",-0.505338268292978,0.049637530813475,0.00989975160241544,10108.058096351,-2.57931134481432
"C5AR1","C5AR1",-0.573147640139368,0.0496563833567001,0.00991101565126928,4083.24701432565,-2.57891853546022
"AC091808.1","AC091808.1",-1.3964796591654,0.04969475954781,0.00992646411204308,3.60318299254291,-2.57838045007301
"TSPOAP1","TSPOAP1",-0.533354673557886,0.04969475954781,0.00992565087044001,187.924559802931,-2.57840875748505
"TMEM184A","TMEM184A",-1.00474353294548,0.0497281768305228,0.00993840549497132,44.5890138949787,-2.57796503068808
"AGAP5","AGAP5",-0.687697358888876,0.0497606852673511,0.00995627296746728,72.3258785377072,-2.57734428287111
"TTC9","TTC9",-0.515076110335601,0.0497757399895035,0.00996223102516101,965.207272936186,-2.57713750994842
"COL17A1","COL17A1",-1.17580012609353,0.049860338522698,0.00998751425619951,415.720362073195,-2.57626128536105
"SLAMF8","SLAMF8",-0.959015936187845,0.0499283205808665,0.0100086769051372,3157.72123656209,-2.57552938279532
"MX2","MX2",-0.505616831771764,0.0499716274950568,0.0100211341094776,1573.6352233075,-2.57509919911748
