"","gene","log2FoldChange","padj","pvalue","baseMean","stat"
"SLAMF8","SLAMF8",-3.26142574248366,1.98179212053628e-55,5.52415922100706e-60,3157.72123656209,-16.3354298266716
"NETO2","NETO2",-1.89336538702761,2.04087046871349e-50,1.13776750869045e-54,194.007755102025,-15.5714619252778
"CD72","CD72",-2.91822313627619,4.9012814614389e-48,4.0986325809942e-52,397.850469082976,-15.1903280662073
"DNAJC5B","DNAJC5B",-3.92019768513883,5.05659108404418e-46,5.63801096478793e-50,76.4248007735874,-14.8640847740574
"ADAMDEC1","ADAMDEC1",-4.04702737536362,1.72508907378662e-45,3.36602746104706e-49,1115.95288353053,-14.7439319667782
"GPR84","GPR84",-3.26348994378544,1.72508907378662e-45,3.32884939172541e-49,170.799779886469,-14.7446818248696
"LILRB4","LILRB4",-2.59422063859597,1.72508907378662e-45,2.65388884857076e-49,5329.05715689325,-14.7599725297373
"ADAM28","ADAM28",-2.63494002009941,1.56328138108915e-43,3.48606301009427e-47,754.725122145921,-14.4272704875552
"C15orf48","C15orf48",-4.06182593784545,5.21234588583886e-43,1.45291871382268e-46,1367.42091634427,-14.3284672829854
"RELT","RELT",-1.76241471346204,5.21234588583886e-43,1.38701984338239e-46,816.839075807813,-14.331690864548
"TMEM86A","TMEM86A",-1.68004013660867,8.26708696427699e-43,2.53485593329747e-46,1041.40979277952,-14.2897588736271
"IGFLR1","IGFLR1",-1.9067215089055,1.09791864203085e-42,3.67248047508578e-46,910.807179161438,-14.2639171709191
"BAK1","BAK1",-1.02742762390931,5.06451560531717e-41,1.83522516708357e-44,1255.48676535068,-13.9883888373141
"FLVCR2","FLVCR2",-1.73162012445298,1.60265123994964e-40,6.25424874126688e-44,897.743828606743,-13.9009084435984
"LAMP3","LAMP3",-2.94529559387862,4.47010102386116e-40,1.86903178698028e-43,424.678251824119,-13.8223365591828
"CCL7","CCL7",-5.06529738016164,5.85736556513823e-40,2.61234422417315e-43,193.66851071185,-13.798216926278
"AURKA","AURKA",-1.74684053961462,9.81209488484656e-40,4.64963381302833e-43,156.391060408696,-13.7565871686137
"IL4I1","IL4I1",-3.54587751247208,1.50832763594536e-39,7.5679156646736e-43,2148.10599000979,-13.7213160281965
"IFI30","IFI30",-2.42079906021666,1.70233977241726e-39,9.01587614660011e-43,45744.5625726005,-13.7086179960736
"CXCL3","CXCL3",-3.36576637152073,7.68943211049272e-39,4.28679142048375e-42,241.971548086305,-13.5950139155153
"TIFAB","TIFAB",-3.31274752761163,8.60533785146315e-39,5.03727093744185e-42,199.079947049092,-13.5832054800218
"CALHM6","CALHM6",-2.5368921972904,9.97671215624004e-39,6.11812313414023e-42,1047.93381381034,-13.5689633071768
"FCGR1A","FCGR1A",-2.73129234581877,1.14569575542706e-38,7.34522714280761e-42,1888.78866012095,-13.5555571832461
"RRM2","RRM2",-2.52260714760497,1.20456559142268e-38,8.05841789383811e-42,511.219601107744,-13.5487560527634
"HLA-DMB","HLA-DMB",-1.82314690056322,4.2167585317639e-38,2.93850768764035e-41,9601.2539942425,-13.4534463683282
"IL21R","IL21R",-2.55633777524685,5.36184377917507e-38,3.88593556121398e-41,804.729249356897,-13.4327710548098
"LILRB1","LILRB1",-2.25934393948818,6.67675826034981e-38,5.02501666981031e-41,1529.46774635119,-13.4137248866687
"SAMSN1","SAMSN1",-1.94821517274287,8.42356840080037e-38,6.57449241038078e-41,1010.92263741506,-13.3937829408167
"CTLA4","CTLA4",-3.19144061792329,9.14523044766819e-38,7.39266015281888e-41,84.0682199360849,-13.3850710912247
"PTPN2","PTPN2",-1.10838633958696,9.41268253079098e-38,7.8712327783618e-41,1665.67672276408,-13.3804096747901
"NFKBIE","NFKBIE",-1.49653055378784,2.54407491725618e-37,2.26927936870238e-40,872.837206046553,-13.3014811506026
"PARVG","PARVG",-1.71985743998988,3.55553098372459e-37,3.27059296063865e-40,1392.64599916043,-13.2741272638167
"AMPD3","AMPD3",-1.80111499980562,9.79170726655137e-37,9.27994556272464e-40,825.323255681531,-13.1957718637362
"HLA-DPA1","HLA-DPA1",-1.90138963230735,1.0222434961047e-36,9.97310727907021e-40,59594.6110342747,-13.1903425242859
"HLA-DPB2","HLA-DPB2",-2.71926424418611,1.18788366151892e-36,1.19202262898066e-39,73.0005122835049,-13.176891316822
"IL12RB1","IL12RB1",-1.77653724992878,1.32501988806852e-36,1.36657103438426e-39,528.928916309788,-13.1665753817089
"PTPN7","PTPN7",-2.28805392947543,3.46431250095406e-36,3.76608188257027e-39,659.062609903866,-13.0897979741739
"CXCL9","CXCL9",-3.49861282050982,4.29823295534777e-36,4.79245486310553e-39,5485.56567522941,-13.0714790629425
"CTSB","CTSB",-1.86371224224423,7.79773130959948e-36,8.91169292525655e-39,165216.66038055,-13.0242114753934
"ALOX5","ALOX5",-1.85647086459752,7.96975262836029e-36,9.33044210149497e-39,4018.68780009005,-13.0207058349372
"SOWAHD","SOWAHD",-1.72195959456973,1.25809796724027e-35,1.50796411404408e-38,196.1256388922,-12.9839992052429
"CD38","CD38",-2.04231977526675,1.34377636964608e-35,1.64811596555896e-38,971.959893546826,-12.9771925838003
"BATF","BATF",-2.03162014063187,1.49781085468309e-35,1.87878713479412e-38,359.33206795902,-12.9671535045228
"HLA-DRA","HLA-DRA",-1.88494378858853,4.30691082348909e-35,5.64250337850835e-38,136804.329683232,-12.8825697583675
"HLA-DPB1","HLA-DPB1",-1.95163346035263,4.85522909820387e-35,6.49619503034943e-38,44535.9476503819,-12.8716935724993
"FCGR1CP","FCGR1CP",-2.96182111641799,7.14715143569464e-35,1.01604104033568e-37,140.298715202096,-12.8371044025448
"IKBKE","IKBKE",-1.24831656176419,7.66841707614444e-35,1.11151968769202e-37,430.967579135089,-12.8301477752822
"PLK1","PLK1",-2.15467240213588,7.88467178601911e-35,1.16484349730735e-37,223.134447427247,-12.8265168377533
"LILRB2","LILRB2",-1.91084862665666,9.14643833935922e-35,1.37674611937393e-37,2838.23225902408,-12.8135576571076
"SNX20","SNX20",-1.85641050748868,9.31154983935397e-35,1.42755467920409e-37,997.575247275591,-12.8107460076659
"DTNB","DTNB",-1.00383502668905,9.77702956147269e-35,1.52617046813232e-37,417.733281236413,-12.805561910819
"KMO","KMO",-2.32033831239952,1.35293233868681e-34,2.14960678202504e-37,193.311398758691,-12.778946788364
"HLA-DQA1","HLA-DQA1",-2.51947781203261,1.56468203741381e-34,2.56872756674915e-37,22839.7191918399,-12.7650841946524
"XPNPEP1","XPNPEP1",-0.54066917912483,1.56468203741381e-34,2.57327498836e-37,1584.81259931859,-12.764946468589
"MTFP1","MTFP1",-1.43535165695118,1.75188272742403e-34,2.92997808070918e-37,497.801759373004,-12.7548341184769
"CCL4","CCL4",-2.88674893362977,1.79498534003432e-34,3.05210050849041e-37,434.808383546491,-12.7516515139206
"CD86","CD86",-1.84914989744592,2.09824443553579e-34,3.62623428580402e-37,1932.46988045532,-12.7382091056868
"KPNA2","KPNA2",-1.01510943317972,2.10445053772788e-34,3.69562045649774e-37,1728.6360630013,-12.7367300828479
"CCL3","CCL3",-3.21573688554366,2.14529536357914e-34,3.82714712945129e-37,434.388011358314,-12.7340007191724
"UBE2T","UBE2T",-1.61449151229978,2.40120485363286e-34,4.35061506581564e-37,114.842421941863,-12.7239904568382
"RAD51AP1","RAD51AP1",-1.40729074042099,4.32436071840478e-34,7.95561832514886e-37,148.517041462731,-12.6767566640751
"RHBDF2","RHBDF2",-1.5888416113942,4.91599186533203e-34,9.18108585302428e-37,1784.0448718615,-12.6655192391365
"FCGR1B","FCGR1B",-2.39662708316134,5.41436355310435e-34,1.02627657591943e-36,365.96680754645,-12.656776373084
"PLA2G2D","PLA2G2D",-3.88155983021592,5.72719767228798e-34,1.10153767076758e-36,1529.48863807348,-12.6512179814926
"CKS2","CKS2",-1.84210884455992,1.11345023795495e-33,2.172585830156e-36,345.519078285956,-12.5977482953052
"FCER1G","FCER1G",-1.98327322311455,1.14617832380959e-33,2.26839473144198e-36,7106.57470654998,-12.5943434708245
"HJURP","HJURP",-2.15903967873727,1.3948294837497e-33,2.79937903358824e-36,99.4109389697327,-12.5777360349064
"JPT1","JPT1",-1.15469382605252,2.1847962453798e-33,4.44571779547667e-36,1656.9928208247,-12.5411368236652
"CCNE1","CCNE1",-1.64106480794786,2.37157985991565e-33,4.89189992010476e-36,66.5853271077609,-12.5335560945089
"AD000671.2","AD000671.2",-1.88483298467196,2.48251507726499e-33,5.18992699079789e-36,202.597328451549,-12.5288662653376
"FGD2","FGD2",-1.46561596166793,3.12324970146776e-33,6.70356033485763e-36,1283.42604820902,-12.508551353777
"CD53","CD53",-1.71034953903186,3.47926254695795e-33,7.56466839477966e-36,7187.4010086149,-12.4989469434854
"HLA-DOA","HLA-DOA",-1.89943706432479,3.54240831674541e-33,7.89944711748105e-36,5112.80058531623,-12.495503606974
"H2AFX","H2AFX",-0.968880246040064,3.54529843163513e-33,8.00471562264656e-36,1249.34936055535,-12.4944507969973
"CXCR3","CXCR3",-2.31929309895048,4.0819414522886e-33,9.44393423107885e-36,316.965710256977,-12.4812939232379
"STXBP2","STXBP2",-1.38709819507611,4.0819414522886e-33,9.33067853840198e-36,2309.32736489931,-12.4822544373812
"EZH2","EZH2",-1.5218196861659,4.28403786227478e-33,1.00309179214239e-35,239.833629671499,-12.4764922579607
"SYK","SYK",-1.31853792358192,5.79497731153539e-33,1.37302598322093e-35,4428.54173356087,-12.4514643688547
"CXCR6","CXCR6",-2.38304057390434,6.92964915775624e-33,1.66118418834017e-35,144.635968391665,-12.4362515265943
"FAM78A","FAM78A",-1.425792379018,8.55758018030525e-33,2.07528773710539e-35,1286.76248836015,-12.4184556959543
"IRF8","IRF8",-1.54693318896033,1.18654828677563e-32,2.91055747000015e-35,3508.52330929798,-12.391362530291
"CXCL16","CXCL16",-1.58524228087892,1.38642336846482e-32,3.43948933221934e-35,6063.45543316849,-12.3779660955298
"CTSL","CTSL",-1.81778844569263,1.532484288299e-32,3.84455988702187e-35,19605.413511,-12.3690257983843
"NCAPG","NCAPG",-1.99636857639433,1.64745722376234e-32,4.17891588466545e-35,177.938892260926,-12.3623251764787
"SYNGR2","SYNGR2",-0.864257134775306,2.1024273600107e-32,5.42315370620343e-35,8919.14301147012,-12.3413606989579
"ABHD16A","ABHD16A",-0.654994056692459,2.1024273600107e-32,5.45019496811137e-35,1714.97448243784,-12.3409602636214
"HS3ST3B1","HS3ST3B1",-1.70321766452231,2.33773483767983e-32,6.19051734019745e-35,229.306022615736,-12.3307018328638
"MS4A4A","MS4A4A",-1.66972294577887,2.46388073124883e-32,6.59324181741848e-35,3913.66177956576,-12.3256224275189
"TIGAR","TIGAR",-0.949799114381577,2.66441849581827e-32,7.20414199566195e-35,491.34336482173,-12.318477631014
"IDO1","IDO1",-3.09455207987715,2.77840753611869e-32,7.66724309618818e-35,264.887814999364,-12.3134517876887
"UHRF1","UHRF1",-1.96102414337917,2.77840753611869e-32,7.63175046440711e-35,283.186685665996,-12.3138261578306
"FCGR2A","FCGR2A",-1.55501339579297,5.00270717910992e-32,1.39448283738256e-34,7111.6499816133,-12.2650952106871
"HMMR","HMMR",-2.11935729023538,5.08394241346704e-32,1.43129807319908e-34,114.235907103867,-12.2629843034832
"CD74","CD74",-1.54759275066917,5.31962743287939e-32,1.51247943736222e-34,287323.446408293,-12.2585140515279
"CXCL8","CXCL8",-3.58204885072498,5.55427845848663e-32,1.59467785707073e-34,1082.4774315998,-12.2542243679854
"RASSF4","RASSF4",-1.53933814851662,8.35463785985679e-32,2.4219716722651e-34,2403.85921977584,-12.2202973625408
"SCIMP","SCIMP",-1.96893058605069,8.98318096823701e-32,2.62922369802059e-34,673.994536778692,-12.2136208016279
"CEP55","CEP55",-2.0612802690155,1.07535856434756e-31,3.20734122328052e-34,213.213599244564,-12.1974440761708
"CCR5","CCR5",-2.46704150873166,1.1314076065087e-31,3.40604937987287e-34,1230.92986218061,-12.1925474394606
"NPL","NPL",-1.58255909670459,1.33258517887215e-31,4.04883022988332e-34,2325.97619435096,-12.1784541783014
"FAM20A","FAM20A",-1.52624684710942,1.56160625798136e-31,4.83172946720366e-34,2685.53811125938,-12.1640261878947
"TIMP1","TIMP1",-1.79065513101621,2.21777892364386e-31,6.92379761527838e-34,40394.8541057882,-12.1346113230661
"SPP1","SPP1",-4.37638174150342,2.40694614816697e-31,7.58146103812871e-34,33286.3570975214,-12.1271809518448
"LCP2","LCP2",-1.50130860939843,2.76465688120636e-31,8.78525113470452e-34,2816.11724101014,-12.1151041071772
"DLGAP5","DLGAP5",-2.41361002828523,2.91924638957514e-31,9.35786299097257e-34,138.110403175653,-12.1099259277935
"TK1","TK1",-1.84741939919182,3.98562855479369e-31,1.28873285674165e-33,554.920596566488,-12.0836475464363
"CENPN","CENPN",-1.02217425042736,4.09581239653586e-31,1.33577714395734e-33,222.921106013625,-12.0806999748758
"UBE2C","UBE2C",-2.33352549522773,4.51626023545727e-31,1.48548768720267e-33,198.197580413134,-12.0719625566659
"UCP2","UCP2",-1.31978455582508,5.84200563599715e-31,1.93783601584296e-33,7559.03185411243,-12.050070719285
"MFSD12","MFSD12",-1.00239180711392,6.48987024083205e-31,2.18891790701234e-33,2534.56108990931,-12.0400240629948
"KLHDC7B","KLHDC7B",-2.57953432681688,7.20144472332555e-31,2.44899304876855e-33,254.545493543152,-12.0307588823419
"TMEM150B","TMEM150B",-1.95839793184727,7.78602126523823e-31,2.66949300522454e-33,240.104990468935,-12.0236393864715
"CENPM","CENPM",-1.89400796523842,7.81792330118477e-31,2.70222296682066e-33,100.942686098664,-12.0226326959194
"CENPA","CENPA",-2.20243076502463,8.04995666849448e-31,2.82377292052377e-33,63.6612240659471,-12.0189972709468
"GNA15","GNA15",-1.45414097429931,8.04995666849448e-31,2.8273018543005e-33,1769.62590253023,-12.0188940613603
"BUB1","BUB1",-2.09776504251804,8.55022063872642e-31,3.02683768952824e-33,161.422550706531,-12.0132572181426
"TMEM51","TMEM51",-1.76674643687699,8.96278835089515e-31,3.20567985548503e-33,1027.48687803286,-12.008510202245
"BMP2K","BMP2K",-1.30491313264735,8.96278835089515e-31,3.22285629899784e-33,3427.10977945027,-12.0080682149498
"HLA-DMA","HLA-DMA",-1.56602474577046,1.0761479992105e-30,3.89963038041434e-33,11252.951037378,-11.9922920556443
"TMEM206","TMEM206",-1.03785569070538,1.26613394826845e-30,4.62337413862488e-33,324.518467341154,-11.9781845539572
"CDC20","CDC20",-2.13035142010976,1.29732845303492e-30,4.77344545785669e-33,231.595909498672,-11.975535662309
"C1orf162","C1orf162",-2.04281260064202,1.5398498680499e-30,5.70871170594109e-33,1830.98949439641,-11.960687777689
"CXorf21","CXorf21",-1.54247471635482,1.5399808858526e-30,5.7521237269477e-33,318.393898073512,-11.9600587113746
"LYPLA2","LYPLA2",-0.574651966978246,1.68245083126018e-30,6.3311738597944e-33,1703.93818334528,-11.9520912844238
"NECAP2","NECAP2",-0.763859286899001,1.73577300866181e-30,6.5802126600141e-33,4416.31206883409,-11.9488849940231
"SIGLEC7","SIGLEC7",-2.1750743239427,1.81063506469251e-30,6.91448094391287e-33,309.8751500583,-11.9447658481654
"TRABD","TRABD",-0.954664165419238,1.94009392521114e-30,7.46293969837316e-33,1424.65519974467,-11.9384176907358
"SH2D2A","SH2D2A",-1.89023527588785,2.03363387695555e-30,7.87944554416229e-33,225.585406131305,-11.9338990916984
"BLNK","BLNK",-1.65520083920491,2.37739850160653e-30,9.27765268919622e-33,534.287914002752,-11.920297615427
"AURKB","AURKB",-2.16063379072208,2.49772621696595e-30,9.88647032220667e-33,122.03854024027,-11.9150012479217
"WDFY4","WDFY4",-1.74890148188203,2.49772621696595e-30,9.87248517612997e-33,1483.05751509521,-11.9151192337507
"CIITA","CIITA",-1.67077560130902,2.6976084114027e-30,1.07528363158351e-32,3187.56516796466,-11.9079977281618
"VAMP8","VAMP8",-1.70921572694485,3.11936905512285e-30,1.25209517473921e-32,5621.96155111507,-11.8952951924593
"LPXN","LPXN",-1.51329058709657,3.48389524217367e-30,1.40812490624441e-32,1459.51309284185,-11.8854866803344
"RPL7AP64","RPL7AP64",-1.7071827759552,3.48531508187474e-30,1.41841394272812e-32,55.2013233462573,-11.8848783717815
"CYBA","CYBA",-1.42711735400983,4.21519817645915e-30,1.72720315523204e-32,19845.6761245277,-11.8684093717102
"APOBEC3B","APOBEC3B",-2.2305358908503,4.30938454066647e-30,1.77780881398924e-32,145.579408215523,-11.8659928508013
"PDCD1","PDCD1",-2.85670057940407,4.89962625120134e-30,2.04862421653018e-32,259.002836626074,-11.8541211020091
"CORO7","CORO7",-1.15407797527351,6.18204420619224e-30,2.60205902476663e-32,2292.72569463157,-11.8340718594439
"FBP1","FBP1",-2.8529261596053,6.20708509111934e-30,2.62990086090631e-32,4532.60443017019,-11.8331787556707
"CXCL10","CXCL10",-3.28605538010815,8.11645392442935e-30,3.48413631877943e-32,1826.17419928357,-11.8095517892713
"SHCBP1","SHCBP1",-1.79385291354006,9.0019997466503e-30,3.91445842641797e-32,221.970019732998,-11.7997557829665
"LYZ","LYZ",-2.02707157537224,9.01517847453151e-30,3.94531852404585e-32,55624.8951066318,-11.7990949476756
"TSPAN33","TSPAN33",-1.38041437931634,9.59968143960103e-30,4.2278736375107e-32,1507.79415194867,-11.7932724923844
"USP30-AS1","USP30-AS1",-2.58314673295108,1.02768290906141e-29,4.55474794538715e-32,92.4212807672569,-11.7870006019865
"STAC3","STAC3",-2.14220306907749,1.10643352367883e-29,4.93461641222613e-32,508.702460623503,-11.7802505669731
"COQ2","COQ2",-1.06554319605124,1.57068944000831e-29,7.04894773076902e-32,584.646320778896,-11.7501549465116
"UBD","UBD",-2.88476244440567,1.72783801907195e-29,7.85052535494712e-32,1294.98219395384,-11.7410504485739
"CXCR4","CXCR4",-2.11892529410567,1.90050805978973e-29,8.68803684475305e-32,3274.24411203557,-11.7324751574839
"SEMA4A","SEMA4A",-1.74269665608766,2.04133284526627e-29,9.38870855662534e-32,1164.57568510908,-11.7259095869923
"SMPDL3A","SMPDL3A",-1.36733343149873,2.40917472006963e-29,1.11476795409493e-31,897.708560914524,-11.7113601528567
"AC098613.1","AC098613.1",-2.71149504432348,2.55810484713673e-29,1.1930606790633e-31,50.1034551836394,-11.70560440518
"LAIR1","LAIR1",-1.57644218483372,2.55810484713673e-29,1.19794178207379e-31,3736.01337916301,-11.7052580933348
"H2AFY","H2AFY",-0.855978732213422,2.6283783260878e-29,1.23817682817795e-31,7221.87079346992,-11.7024556815344
"CHFR","CHFR",-0.715826542676789,2.77849250363619e-29,1.31663756269868e-31,1238.63634288934,-11.6972417820751
"DEF6","DEF6",-1.48862598958489,3.20042284766789e-29,1.53441875902126e-31,961.806958781287,-11.6842422462095
"SKA3","SKA3",-2.09855241977392,3.47580950912322e-29,1.68582816609739e-31,66.0126224026291,-11.6762432562126
"FCGR3A","FCGR3A",-2.19181311327961,3.59399951056752e-29,1.76318861006239e-31,21723.0259142897,-11.6724276441293
"LINC01094","LINC01094",-1.86858326688621,3.88861942484219e-29,1.91856623887684e-31,716.843160506564,-11.665242075421
"APOC2","APOC2",-3.99075160095556,4.02222569751099e-29,2.00690843165008e-31,92.5041236813789,-11.6614101151805
"CXCL2","CXCL2",-2.60581542629789,4.02222569751099e-29,1.99933765532491e-31,256.977786384563,-11.6617318806263
"KIF20A","KIF20A",-2.2729710966671,4.28396023226688e-29,2.16138481404963e-31,175.82380306536,-11.6550952991318
"PTTG1","PTTG1",-1.74823829260585,4.66902685106772e-29,2.37908096334265e-31,278.442442307748,-11.646918043595
"PLB1","PLB1",-1.47442141797832,4.66902685106772e-29,2.38169174563176e-31,575.495261230088,-11.6468245526935
"RGS1","RGS1",-3.13281741602878,4.950440120737e-29,2.55067487882125e-31,1178.52472345703,-11.6409801080051
"LILRA4","LILRA4",-3.06432410152223,4.97901612671422e-29,2.58145505106298e-31,60.8548453228756,-11.6399570738872
"BLM","BLM",-1.40841656735842,5.12790736717723e-29,2.67294404923245e-31,121.005934024105,-11.6369862653362
"ALG3","ALG3",-0.593172027101197,5.48127154151062e-29,2.87241546983692e-31,1177.53363859549,-11.6308445317515
"PDCD1LG2","PDCD1LG2",-1.45791906481308,5.52337473242993e-29,2.90987546879235e-31,838.892669077997,-11.6297385197189
"ATG7","ATG7",-0.734581710960423,5.88872750340487e-29,3.12158066847082e-31,2199.53580085955,-11.623741927825
"SLC31A2","SLC31A2",-1.37413435593209,7.6893613827748e-29,4.1367156707332e-31,2887.81893849739,-11.5996697342949
"PLEK","PLEK",-1.53064035783046,7.93910698284184e-29,4.30911720218012e-31,5223.17963039799,-11.5961748080687
"TSPAN17","TSPAN17",-0.601272877783276,7.93910698284184e-29,4.3153334122764e-31,1691.40407837014,-11.5960514009692
"PDE6G","PDE6G",-2.20930398258726,8.56087474911082e-29,4.70102390404134e-31,59.755032735109,-11.5887205167906
"CDKN3","CDKN3",-1.82872479925259,9.73943268595977e-29,5.37535239531717e-31,401.833997514504,-11.5772324289533
"DUSP2","DUSP2",-2.46285878751888,1.13460350691235e-28,6.32531571797824e-31,290.762976744913,-11.563270202397
"OR2I1P","OR2I1P",-3.02377329275114,1.14076331889619e-28,6.39145441388527e-31,615.057594517358,-11.5623771866407
"CDCA2","CDCA2",-2.06546300785994,1.32941339954942e-28,7.55959117792561e-31,66.2999299177663,-11.5479571993088
"LY86","LY86",-1.91351623499977,1.45108664607083e-28,8.2919236918333e-31,954.225868640793,-11.5400062084653
"IL10RA","IL10RA",-1.41705131584862,1.48420580460702e-28,8.52254761669813e-31,5716.06714229461,-11.5376461975876
"LAP3","LAP3",-1.1597765928296,1.53722508148864e-28,8.86984228203898e-31,9804.49532178289,-11.5342092751433
"GRK6","GRK6",-0.915354183668099,1.96816507570802e-28,1.14661045525568e-30,2528.74745092824,-11.5120932032809
"PILRA","PILRA",-1.6947133063135,2.27428872329009e-28,1.33763044073647e-30,1390.61172674973,-11.498799415772
"CARD9","CARD9",-1.37327497809136,2.48534464380767e-28,1.47223068876372e-30,321.608741600528,-11.4905199856259
"HK3","HK3",-1.92338132954488,2.75038929419044e-28,1.65019077147809e-30,2332.15620475428,-11.4806584002116
"ASF1B","ASF1B",-1.55926637771505,2.75038929419044e-28,1.64456563348008e-30,239.217662951558,-11.480953611733
"HAVCR2","HAVCR2",-1.66408346155089,2.82381176199164e-28,1.7080617487169e-30,3459.07324980874,-11.4776780004177
"CCNA2","CCNA2",-1.8910461845299,2.86195408071493e-28,1.73911077239263e-30,273.141504556863,-11.4761200079969
"IGLC7","IGLC7",-5.24899213858391,2.9413608685082e-28,1.79556245352835e-30,686.714511276587,-11.4733567987464
"NCKAP1L","NCKAP1L",-1.44323868491457,3.07535535170133e-28,1.88593220174019e-30,5872.66475537296,-11.4691080000361
"MARCH1","MARCH1",-1.4615818367845,3.20806557618382e-28,1.98520016142943e-30,2639.90974119907,-11.4646677400165
"RNASET2","RNASET2",-1.26582903281424,3.41602486165775e-28,2.12341057602698e-30,5272.92424832011,-11.4588394195599
"KIF2C","KIF2C",-1.74815542470155,3.92828105455977e-28,2.45278036577391e-30,159.188568714021,-11.446342377848
"TPMT","TPMT",-0.894667744622248,4.86742343794772e-28,3.0663071692716e-30,1259.40020469809,-11.4269676036394
"MMP12","MMP12",-3.85786401544345,5.12446939010656e-28,3.25680563329421e-30,97.8407472525437,-11.4217313046002
"CDCP1","CDCP1",-1.76991646414864,5.3498706898507e-28,3.45946807183802e-30,703.99600350908,-11.4164843712842
"LAPTM5","LAPTM5",-1.63234367162555,5.3498706898507e-28,3.45970731719961e-30,36071.6394845396,-11.4164783593196
"PPP1CA","PPP1CA",-0.665473050025423,5.3498706898507e-28,3.4329195312046e-30,6831.56109803577,-11.4171540826584
"TNFAIP8L2","TNFAIP8L2",-1.37809288906025,5.38988646847748e-28,3.50060919067666e-30,634.823738954522,-11.4154565597835
"FERMT3","FERMT3",-1.32145833021756,5.49103969970679e-28,3.58161195743941e-30,4521.40475274506,-11.4134674798992
"TYMS","TYMS",-1.68439507197314,5.61335376359899e-28,3.67704009601606e-30,582.638618590863,-11.4111806779069
"GPR132","GPR132",-1.552444148174,5.68489237536067e-28,3.73974801556827e-30,503.859102651915,-11.4097098211466
"SLC7A7","SLC7A7",-1.57590297902792,5.84923160444696e-28,3.86416136656148e-30,3851.76911212699,-11.4068627174187
"ZC3H12D","ZC3H12D",-1.91170193979087,6.05336369959463e-28,4.01589006412131e-30,225.846404912722,-11.4035111876019
"NUSAP1","NUSAP1",-1.76676568964034,6.06105974389277e-28,4.0378906725864e-30,389.61961803654,-11.4030356788758
"C6orf223","C6orf223",-3.92124191753975,6.07547224212821e-28,4.06442742330528e-30,28.8233275949868,-11.4024655380429
"AC004585.1","AC004585.1",-3.12710509529108,6.80591133896323e-28,4.57205472526868e-30,100.131071875138,-11.3922171840077
"SDS","SDS",-2.97940636558396,7.41447895711956e-28,5.02221153053674e-30,365.476489305927,-11.3840332464937
"ETV6","ETV6",-0.739946501218733,7.84990178155208e-28,5.33902727442148e-30,1837.29884027844,-11.3786989673334
"MELK","MELK",-2.03889054737143,8.46723104436675e-28,5.78249924981144e-30,119.327766279432,-11.3717373756435
"SLC25A19","SLC25A19",-1.632320979397,8.65997832034205e-28,5.93827084823455e-30,830.509442915494,-11.3694172649227
"HMGA1","HMGA1",-1.45208209549464,8.72092671998022e-28,6.00437323995851e-30,2119.93840785561,-11.3684509160142
"HCLS1","HCLS1",-1.24314625978283,1.06329958583125e-27,7.35047518567666e-30,7036.52013378047,-11.3507791511357
"ASPM","ASPM",-2.22615143481216,1.17965554441975e-27,8.22059612836066e-30,190.879908213194,-11.3409933859515
"CDCA5","CDCA5",-1.59599819044984,1.2067576186771e-27,8.44309860036102e-30,207.40970061784,-11.3386561693663
"NCAPH","NCAPH",-1.68561411915138,1.28966203415981e-27,9.09503817818626e-30,116.834662876243,-11.3321443761252
"TRIM14","TRIM14",-1.27745586154701,1.32306411860582e-27,9.38559207057091e-30,1892.43748662573,-11.3293901655792
"CMTM7","CMTM7",-1.10590050218618,1.32306411860582e-27,9.40435819496819e-30,1054.67393435846,-11.3292151987057
"REEP4","REEP4",-1.02437395924676,1.49563639401706e-27,1.06726945468535e-29,958.009758467559,-11.318127724433
"NTSR1","NTSR1",-3.26692395799371,1.50093848434919e-27,1.07523676788221e-29,46.1700870012967,-11.3174755962024
"C1QB","C1QB",-1.84955535856155,1.5256024169657e-27,1.09715797512795e-29,33589.0189919803,-11.3157057829639
"DDX39A","DDX39A",-0.708146702591087,1.58668404443773e-27,1.14993129352978e-29,1716.94732694846,-11.3115850709886
"GPR65","GPR65",-1.77243890172977,1.60239373354222e-27,1.16578331555266e-29,642.802840039136,-11.3103838985684
"CLN6","CLN6",-0.719708360922993,1.60988198150871e-27,1.17571868754086e-29,1669.91910684295,-11.3096392901609
"TFEC","TFEC",-1.65689067238655,1.67018664899456e-27,1.22441557821761e-29,1116.28151537805,-11.3060777120897
"XCR1","XCR1",-2.29617131952145,1.81668164854422e-27,1.34182168477826e-29,167.173494677258,-11.298038123798
"ASPHD2","ASPHD2",-1.07617847944013,1.81668164854422e-27,1.34193905746124e-29,296.785335842948,-11.2980304411278
"TRPM2","TRPM2",-1.59229681378317,1.90589115603053e-27,1.41314856447142e-29,649.672927360944,-11.2934881559532
"IL2RA","IL2RA",-2.36364690184774,1.91602659460599e-27,1.42600446204822e-29,491.217223022863,-11.2926923764529
"FAM49B","FAM49B",-1.08381363784731,1.92102351648291e-27,1.43507819489176e-29,3553.7572388358,-11.2921349868763
"NAPSB","NAPSB",-2.10753054330141,1.96412922614532e-27,1.47275473681698e-29,689.662233304387,-11.2898573662426
"DENND1C","DENND1C",-1.47983077485687,2.06563690917261e-27,1.55462568773966e-29,497.215895434894,-11.2851011948903
"BUB1B","BUB1B",-2.06171084407324,2.15173042324781e-27,1.62541866118511e-29,119.404984184623,-11.2811848418531
"KIF18B","KIF18B",-2.2404109345508,2.27932436562462e-27,1.7408637663586e-29,68.6207664427098,-11.2751476201908
"CAPZA1","CAPZA1",-0.722489481825108,2.76056152848811e-27,2.1238048274919e-29,6466.73102492116,-11.2576356225173
"CCL18","CCL18",-2.79193732499286,2.98587423993213e-27,2.32211543676952e-29,15391.5543035897,-11.2497643816184
"IRF5","IRF5",-1.26033562114996,3.14165771837914e-27,2.45202553629591e-29,1237.36939246925,-11.2449618918523
"CCNB2","CCNB2",-1.94333388966326,3.2016328846187e-27,2.50775983436335e-29,162.070048385487,-11.2429784543637
"CTSZ","CTSZ",-1.41861497739111,3.31273554867939e-27,2.60401790864833e-29,55131.6258554198,-11.2396537112567
"TROAP","TROAP",-2.23532893290929,3.42472330409541e-27,2.7111398421271e-29,68.765269053539,-11.2360941736989
"SMCO4","SMCO4",-1.3479881275597,3.81792297214608e-27,3.03305378971884e-29,887.179775875236,-11.2261814054511
"GK","GK",-1.59931963430857,3.86243571117084e-27,3.07918219761634e-29,929.579770402217,-11.2248472091367
"ASGR1","ASGR1",-1.60665093529027,3.87611456373485e-27,3.11169615151397e-29,254.854593036432,-11.2239186538816
"LRCH4","LRCH4",-0.802513148013935,3.87611456373485e-27,3.1073531293628e-29,1474.23125907009,-11.2240421262271
"DOCK10","DOCK10",-1.4369398564182,3.92127008771458e-27,3.16980717891911e-29,1406.32163796189,-11.2222828077594
"PBK","PBK",-2.00819812503231,4.28972762901191e-27,3.49156924786475e-29,161.820692189083,-11.2137313883993
"DAZL","DAZL",-3.17228959843456,4.84139656282682e-27,3.95408834260142e-29,44.3656268743423,-11.2027188239263
"RAP2B","RAP2B",-0.896938668709646,5.31092510750425e-27,4.35236789297909e-29,4248.60756877815,-11.1942156680791
"OPN3","OPN3",-0.931357282600601,6.08740403140392e-27,5.02263858758344e-29,723.834850762749,-11.1815128488646
"MSC","MSC",-1.22049072990212,6.26452145883803e-27,5.18623797428542e-29,949.871834955608,-11.1786682701256
"SFXN1","SFXN1",-0.672909458181317,6.2946160875756e-27,5.22869852013248e-29,760.907728963057,-11.1779445399885
"RNASE6","RNASE6",-1.43690872163609,7.08698889651382e-27,5.90664719179828e-29,1635.53621623354,-11.167117821313
"ACP2","ACP2",-1.23951770181453,7.41568152674718e-27,6.20126678194886e-29,4069.81015488175,-11.1627923407858
"MGAT4A","MGAT4A",-1.2142626209983,7.52002608457353e-27,6.30948530022755e-29,2064.83594257853,-11.1612545487126
"AC008972.2","AC008972.2",-1.47745870043122,8.2711374686254e-27,6.96274150668954e-29,27.9828282729592,-11.1524934868004
"POC1A","POC1A",-1.01723573875046,8.56960662546468e-27,7.23788378401616e-29,143.044430335007,-11.1490451938051
"CDC45","CDC45",-1.97166929141274,9.9327514581107e-27,8.41688207182063e-29,69.8450575332821,-11.1356078469824
"KCNAB2","KCNAB2",-1.2253590572419,1.03595570118457e-26,8.80742826094202e-29,2474.59530013795,-11.1315661449014
"AC011899.2","AC011899.2",-1.87496272273081,1.04939908422182e-26,8.95097197970386e-29,94.5234797385925,-11.1301251767214
"CCNB1","CCNB1",-1.41081723348145,1.05309168617077e-26,9.01182293113384e-29,324.94606949881,-11.1295212295143
"RAB39A","RAB39A",-1.64209291099026,1.09418308834713e-26,9.42446200137317e-29,97.3943727446502,-11.1255294954099
"KIF14","KIF14",-1.83991073613653,1.22158747499585e-26,1.0589929051532e-28,70.1078330766692,-11.1151274686268
"CDK5","CDK5",-0.873852216526496,1.26421053569959e-26,1.09946672373038e-28,460.249853116763,-11.1117792461593
"IGHG4","IGHG4",-4.63367423889553,1.27349088639057e-26,1.11108751899721e-28,81762.5614194711,-11.1108404867803
"RBM47","RBM47",-1.19961151473113,1.33621863855075e-26,1.16954049478727e-28,2479.40251526268,-11.1062615033169
"CTSC","CTSC",-1.06696480610532,1.33852969734088e-26,1.17800254899499e-28,9045.31178444562,-11.1056175025009
"TPX2","TPX2",-1.78674106306914,1.36077499056622e-26,1.20241302302298e-28,411.783224036749,-11.103785151718
"BCKDK","BCKDK",-0.792725621092219,1.59689415709959e-26,1.4199560588565e-28,2423.98525186398,-11.0889175080436
"CD69","CD69",-2.1527652572795,1.62257439155782e-26,1.44731374299234e-28,247.492422871732,-11.0872101094955
"PLEKHO1","PLEKHO1",-1.24956587754529,1.7800227219958e-26,1.60264066677252e-28,4607.7389844407,-11.0780847681833
"HMOX1","HMOX1",-1.74392587971321,1.90971377454563e-26,1.72473104655829e-28,9236.09481742531,-11.0715082213059
"SH3BP1","SH3BP1",-1.22953349280325,1.95904671058438e-26,1.77474614896146e-28,1129.72023615025,-11.0689465302793
"MKI67","MKI67",-2.1831791790174,2.11350396248795e-26,1.92645517974512e-28,544.944851689928,-11.0615928831714
"SLCO2B1","SLCO2B1",-1.51807067919063,2.17056354980228e-26,1.98451524553351e-28,10067.8180673762,-11.05892965062
"VAV1","VAV1",-1.31881377268592,2.17531896268611e-26,1.99492665846336e-28,1469.83803246199,-11.0584602612768
"YIPF1","YIPF1",-0.642962814376996,2.39252936338111e-26,2.20079356074081e-28,1017.62433496984,-11.0496466666611
"BIRC5","BIRC5",-2.01360509526351,2.39583300450466e-26,2.21051073028862e-28,339.397441782147,-11.0492511400185
"SLC2A6","SLC2A6",-1.62507490940927,2.67127720845245e-26,2.47209486608004e-28,576.525408020943,-11.0392054335852
"TOP2A","TOP2A",-1.86620249301046,2.72145861507875e-26,2.52612047058181e-28,792.193695568569,-11.0372625895793
"CLEC10A","CLEC10A",-1.7918689197602,2.75701605328428e-26,2.5668107645908e-28,1590.58425216929,-11.0358263263812
"SLC39A8","SLC39A8",-1.81179113675476,2.80917855441706e-26,2.6232050612675e-28,4191.59591716356,-11.0338726572181
"SLAMF1","SLAMF1",-2.30553965976261,2.80982666098066e-26,2.63164253125993e-28,247.600015277692,-11.033583946207
"CYB561D2","CYB561D2",-0.741721775100648,2.95732855239941e-26,2.77803406873478e-28,865.897437608348,-11.0287158240396
"NFE2L3","NFE2L3",-1.35445077571489,3.13422576783765e-26,2.95294302307771e-28,908.707327772918,-11.0232225684087
"THEMIS2","THEMIS2",-1.32891741142862,3.5090275139642e-26,3.34519138613452e-28,3842.36519437121,-11.0119934034341
"LACTB","LACTB",-0.948012562814471,4.01417623177978e-26,3.86032278735617e-28,1514.99131815577,-10.9990842182491
"GMIP","GMIP",-1.15930889357797,4.16486294265393e-26,4.01684342343766e-28,1770.83262854222,-10.9954992657899
"TBC1D31","TBC1D31",-0.69763317880719,4.77438521213894e-26,4.63132001066021e-28,159.501917771751,-10.9826506012641
"FCRLB","FCRLB",-1.55587741901624,5.02859184026837e-26,4.90594325879841e-28,84.6287114928794,-10.9774467020545
"GBGT1","GBGT1",-1.34384710458183,5.19387038534035e-26,5.08166830732951e-28,954.202844143426,-10.9742663490957
"MS4A6A","MS4A6A",-1.49322758062367,5.20935910755016e-26,5.11134329158929e-28,12585.7286632582,-10.9737400654823
"PSMB10","PSMB10",-1.11648383732083,5.31126724441687e-26,5.22613891924503e-28,3724.04468164723,-10.9717323211386
"GTSE1","GTSE1",-1.72060588895691,5.43931400320725e-26,5.36729521152716e-28,143.025427478632,-10.9693226643158
"VDR","VDR",-1.26105720242365,5.60180127184663e-26,5.54324585785521e-28,1326.77442398761,-10.9664055596299
"KLHL6","KLHL6",-1.7994346321495,5.68851592270817e-26,5.64491057417173e-28,680.915782800435,-10.9647616333865
"SLC9A7","SLC9A7",-1.29659664128643,6.08076422447706e-26,6.0680518254015e-28,324.878569683789,-10.9582209094203
"HEATR3","HEATR3",-0.861960549236403,6.22983613749042e-26,6.23417748671515e-28,582.313228391495,-10.955775944303
"MGME1","MGME1",-0.795926130172957,6.48409418285679e-26,6.52476097564126e-28,526.228475019201,-10.951650668362
"CCL4L2","CCL4L2",-2.98327040402736,6.59266620312452e-26,6.67076747521728e-28,161.848660961051,-10.9496461768543
"MILR1","MILR1",-1.30251180983009,6.89175570599571e-26,6.99261066754686e-28,448.715130647939,-10.945377138067
"ITGAX","ITGAX",-2.12850148441955,7.49187336602711e-26,7.62239380794396e-28,1558.79654891681,-10.937559769609
"IL6","IL6",-2.87720474279531,7.55906870278622e-26,7.71183036995054e-28,278.55886394915,-10.9365019026871
"TDP1","TDP1",-0.701351241557112,7.69938218061011e-26,7.87644114364853e-28,432.854639370994,-10.9345862915428
"CERKL","CERKL",-1.45576075202814,8.24305954084055e-26,8.45559835826989e-28,415.303522843751,-10.9281485676528
"ARRB2","ARRB2",-1.24657316394474,9.04033633064546e-26,9.30794172834167e-28,6954.05143855725,-10.9194287137119
"KYNU","KYNU",-1.67285065004636,9.11331789097261e-26,9.42450435554241e-28,2134.62198866996,-10.9182982577415
"NEK2","NEK2",-1.78509616476147,9.24701291872361e-26,9.58854022512943e-28,75.1186790396483,-10.9167306624849
"COTL1","COTL1",-1.24111370899251,9.88603831041608e-26,1.02787241527114e-27,14864.445644099,-10.9104139385822
"SASH3","SASH3",-1.52358984144088,1.01668104506377e-25,1.05989884558564e-27,1921.26837899587,-10.9076244260778
"ME2","ME2",-1.18852323393807,1.08953591243872e-25,1.13888771335058e-27,2722.26051361425,-10.9010867851039
"MPDU1","MPDU1",-0.664726676280353,1.11640572484198e-25,1.17008655760441e-27,1644.28324018802,-10.898627700504
"CNDP2","CNDP2",-0.886984650590785,1.2177890791284e-25,1.28029510455002e-27,5455.97562439976,-10.8904334145206
"IGLV7-43","IGLV7-43",-4.59351361286574,1.29252548577356e-25,1.36548337033639e-27,602.95303610277,-10.8845654326961
"TTK","TTK",-1.83034030587754,1.40255756087997e-25,1.48954545141538e-27,85.5155449019452,-10.8766388643406
"NLRP3","NLRP3",-1.43113430083026,1.48419538316684e-25,1.58331432672846e-27,777.064844824828,-10.8710708683306
"AC243829.4","AC243829.4",-2.4203349562582,1.48882543870648e-25,1.59361384937502e-27,39.7936932279131,-10.8704793334753
"NEB","NEB",-4.76185811906824,1.50006596460802e-25,1.60982688884763e-27,1016.8385226458,-10.8695558048842
"CCL20","CCL20",-3.44854459389839,1.72305390725363e-25,1.86353983558024e-27,78.245016572033,-10.8561945916563
"NEIL3","NEIL3",-2.14833654975886,1.79718003481323e-25,1.94871925726089e-27,25.5039185874668,-10.8521109516559
"CD80","CD80",-2.66670015251932,1.80780173103621e-25,1.97031491800741e-27,43.1985427776281,-10.8511037534958
"HPSE","HPSE",-1.28376899957634,1.80780173103621e-25,1.96983389891155e-27,627.184533554248,-10.8511260682529
"SIGLEC10","SIGLEC10",-2.07310336642264,1.9873718618401e-25,2.17710701520044e-27,779.796477614884,-10.8419786336956
"CD163","CD163",-1.97383681872365,1.99175731965396e-25,2.18746309113215e-27,29098.1705672438,-10.8415445580356
"TMC6","TMC6",-1.12873804960874,2.18897298642093e-25,2.41015841013593e-27,1584.23017127919,-10.832672750637
"PIK3R6","PIK3R6",-1.59151369120847,2.20366621727355e-25,2.43247894645387e-27,159.06653446966,-10.8318288107047
"ITGB7","ITGB7",-2.31150757018868,2.26579164757831e-25,2.50737082672778e-27,1062.29056763008,-10.829052222655
"KIFC1","KIFC1",-1.84091200923043,2.37654508017678e-25,2.65359690834995e-27,189.55261550431,-10.8238603466769
"FKBP15","FKBP15",-0.887613460384263,2.37654508017678e-25,2.64403289759344e-27,2859.48314216285,-10.8241911494887
"RPS6KA1","RPS6KA1",-1.2084334472076,2.39757094837473e-25,2.68661608709865e-27,2029.96147317076,-10.8227272880514
"ADAP2","ADAP2",-1.31099188418332,2.42268062959719e-25,2.72150604523391e-27,2300.03682397596,-10.8215449413706
"IGHV3-13","IGHV3-13",-4.90120233844962,2.47378244736529e-25,2.78580657487268e-27,407.947781233035,-10.8194047875555
"NUF2","NUF2",-1.72822946058638,2.5695865934672e-25,2.90085733896646e-27,81.034421670042,-10.8156949308708
"NAIP","NAIP",-1.27482967977866,2.7433639855987e-25,3.10468509589707e-27,1637.92816631307,-10.8094670527496
"ZBED2","ZBED2",-2.83318888834625,2.89679633961362e-25,3.2864003072411e-27,61.4588230563174,-10.8042476346176
"GPR183","GPR183",-1.52685324319088,3.20164086092526e-25,3.65009369231619e-27,1530.96970645971,-10.7946098788785
"IGKV1-12","IGKV1-12",-4.21315349135043,3.37897477018095e-25,3.86168545163537e-27,4977.61855894528,-10.7894320699985
"TFRC","TFRC",-1.57286062280742,4.0771023031498e-25,4.7163692147935e-27,3507.67589781086,-10.7710412188392
"MMP13","MMP13",-3.87174447313642,4.32152467772244e-25,5.01116171688512e-27,693.359631614497,-10.7654582675384
"SLC37A1","SLC37A1",-0.746747586667089,4.5053875343266e-25,5.23692432561447e-27,528.921651266443,-10.7613986247916
"CD68","CD68",-1.44172218227189,4.50601185086883e-25,5.25021032379978e-27,26938.1640174844,-10.7611651548057
"CXCL13","CXCL13",-3.86078982419779,4.60439865141095e-25,5.37768093363397e-27,2438.56467281221,-10.7589544753626
"CD14","CD14",-1.48491271756759,4.77790885621404e-25,5.59364939264083e-27,27017.1034091825,-10.7553249899987
"GZMK","GZMK",-2.17279366356744,5.09113549030623e-25,5.97454506318863e-27,579.614029705355,-10.7492499649602
"CTSS","CTSS",-1.35779246690257,5.26486240803542e-25,6.19309250506188e-27,22287.8843331645,-10.7459354247711
"EBI3","EBI3",-2.00079976376922,5.66075138709456e-25,6.67455842994007e-27,115.102406467517,-10.739024925854
"FOXM1","FOXM1",-1.77209693516438,5.66095512861903e-25,6.69057832622849e-27,319.401795936322,-10.7388035814166
"FYB1","FYB1",-1.33516326938837,6.39593277300964e-25,7.59489159944838e-27,4994.79267757506,-10.7270917462249
"FKBP11","FKBP11",-1.87087328973347,6.42457662275797e-25,7.64681315098997e-27,1855.09656822399,-10.7264619778361
"TNFRSF6B","TNFRSF6B",-2.01145467915754,6.63392093885991e-25,7.9144757124238e-27,1243.9209944377,-10.7232812550582
"GRK2","GRK2",-0.62999806244538,7.10660639864612e-25,8.49821364465278e-27,5743.47773952104,-10.7166992726295
"FBXO6","FBXO6",-1.0314084554035,7.20462143285449e-25,8.63550443519842e-27,655.088210930622,-10.7152164299377
"IGKV1-16","IGKV1-16",-4.22786577861696,8.14530851848243e-25,9.83113195401504e-27,1984.82282488638,-10.703210912126
"PKMYT1","PKMYT1",-1.92639920654922,8.17311000198275e-25,9.88746966093523e-27,122.211877218135,-10.7026815668267
"MEI1","MEI1",-2.11081341358066,8.30587893322781e-25,1.00712399608477e-26,440.530423181916,-10.7009754272349
"LINC01857","LINC01857",-3.2622912482313,8.77707778908264e-25,1.06670548182301e-26,33.7681820189255,-10.6956487353417
"SHD","SHD",-4.26776107950558,9.00726857106159e-25,1.09719201827287e-26,14.5520833563566,-10.6930362228905
"IL10","IL10",-1.92654398893666,9.10601654103989e-25,1.11175895330327e-26,245.416974377482,-10.6918132320288
"C3AR1","C3AR1",-1.59791611069447,9.45247727002286e-25,1.15669338579513e-26,4544.37196047014,-10.6881383869649
"C1QA","C1QA",-1.60168726400392,9.49029993334181e-25,1.1666124796108e-26,35292.1750681839,-10.6873462685821
"FNDC10","FNDC10",-1.38088289701603,9.65446248363571e-25,1.19486587950781e-26,331.281918862099,-10.6851260818998
"CD33","CD33",-1.34695417700508,1.03256421269749e-24,1.28656781345165e-26,677.457764293109,-10.6782627155383
"CSF2RA","CSF2RA",-1.27437389130761,1.03256421269749e-24,1.28529564882033e-26,1028.33386613798,-10.6783545687508
"TNFSF8","TNFSF8",-1.31427518226105,1.06284567867532e-24,1.32726094507747e-26,592.801586372751,-10.6753711194309
"ADA2","ADA2",-1.60330782250955,1.1073638754201e-24,1.38594112909722e-26,6768.42137347464,-10.6713525283836
"SRGN","SRGN",-1.59320687653383,1.28250031598665e-24,1.62301085284443e-26,19690.5090546068,-10.6566722991697
"TYROBP","TYROBP",-1.66830838751051,1.36881788625751e-24,1.73987722964021e-26,12169.0683403292,-10.6502016678927
"IGLV3-27","IGLV3-27",-4.88045632498141,1.42661765257567e-24,1.83261162070396e-26,465.452695089293,-10.6453667546564
"ZNF804A","ZNF804A",-1.73940217551754,1.42661765257567e-24,1.82722698944114e-26,49.7163731474071,-10.6456407902442
"LIMK1","LIMK1",-0.794159818246183,1.42661765257567e-24,1.8332285375258e-26,2361.15924518594,-10.6453354093994
"MAP4K1","MAP4K1",-1.63842584150645,1.46929796464131e-24,1.89216908617222e-26,550.969267127478,-10.6423878927687
"B3GNTL1","B3GNTL1",-1.03332951255833,1.60448683270445e-24,2.07073840708616e-26,133.421804739511,-10.6339837520735
"SH3TC1","SH3TC1",-1.04340280385239,1.6376471658029e-24,2.12266461908947e-26,1644.40078814845,-10.6316745418246
"CDCA8","CDCA8",-1.44962069372798,1.69863199347586e-24,2.21118088070586e-26,139.050109066565,-10.6278642858658
"KNL1","KNL1",-1.70721621418516,1.82932574640571e-24,2.38640961482334e-26,110.646195191446,-10.6207480711298
"CLEC7A","CLEC7A",-1.61999883689622,2.02853362860022e-24,2.66324554444795e-26,1120.09348986332,-10.61049842123
"RAD51","RAD51",-1.51840198188468,2.08674051759419e-24,2.75129829915555e-26,110.188032466031,-10.6074589412391
"AC022613.1","AC022613.1",-3.23690663438182,2.17214038548206e-24,2.87155955839299e-26,17.9311069190038,-10.603459894871
"FZD2","FZD2",-1.24019184724296,2.17214038548206e-24,2.87600469157903e-26,429.06023487376,-10.6033152823169
"RCC2","RCC2",-0.7515668139372,2.38458040634947e-24,3.1705779897664e-26,3102.00874044998,-10.5941947785011
"RHNO1","RHNO1",-0.806208927084732,2.41581043432569e-24,3.2188359236451e-26,624.218909791298,-10.5927812008734
"SLC16A6","SLC16A6",-1.5876767997652,2.56770970146148e-24,3.4283845212545e-26,311.534847739827,-10.5868772903709
"CD2","CD2",-1.83142047681953,2.69719332813366e-24,3.63134321251166e-26,811.428182873339,-10.5814906476359
"TYMP","TYMP",-1.54620665046661,2.69719332813366e-24,3.62380080048487e-26,20247.6946763908,-10.5816854292054
"IL21","IL21",-3.44171621951074,2.75550476190131e-24,3.71753116309472e-26,29.0583411877492,-10.5792929021724
"CD19","CD19",-3.16327776914143,2.75738596901455e-24,3.72775524730887e-26,160.585060439447,-10.579035551944
"KIR2DL4","KIR2DL4",-2.86813629668305,2.88243667132561e-24,3.91288267299114e-26,9.47973249469103,-10.574492954281
"PTPRO","PTPRO",-1.70032347910293,2.92459258867675e-24,3.9782611380467e-26,685.436333042322,-10.5729394736164
"ADAP1","ADAP1",-1.11203372053375,3.06793646435329e-24,4.18180050472128e-26,892.2921954272,-10.568260268889
"MMP19","MMP19",-1.58693810627642,3.12092300400266e-24,4.27142353997298e-26,1695.56465268676,-10.5662710838956
"ZMYND15","ZMYND15",-1.49670168801466,3.12092300400266e-24,4.26887322156075e-26,334.188603733717,-10.5663271140906
"EXO1","EXO1",-1.83118801679155,3.54115580007687e-24,4.87618387522781e-26,57.4814191554675,-10.5538413266393
"DBF4","DBF4",-0.69486171929316,3.61931795120227e-24,4.99390212082264e-26,264.187903846569,-10.5516005789041
"TOR2A","TOR2A",-0.882945857371325,3.64861022206952e-24,5.04448967288218e-26,449.131618043833,-10.5506536939926
"SGO1","SGO1",-1.56641853078271,3.85081432805085e-24,5.33478667886069e-26,54.5100611729899,-10.5453956007581
"E2F8","E2F8",-2.1261390309563,4.14219143113237e-24,5.74999674621302e-26,57.5752755816273,-10.538348143369
"FASTKD1","FASTKD1",-0.655821934389435,4.17360323132712e-24,5.80523487785989e-26,328.790994529101,-10.5374488257754
"ARL11","ARL11",-1.29247214746823,4.24319447986972e-24,5.91385990225745e-26,435.111772547344,-10.5357048066326
"IGLV9-49","IGLV9-49",-4.78391336869662,4.25865460648865e-24,5.94727793129146e-26,320.709089485468,-10.5351746494133
"CDC6","CDC6",-1.39637794240653,4.70929820319844e-24,6.58973574356966e-26,265.527770021031,-10.5255188880107
"PIMREG","PIMREG",-1.96490582293751,5.19843480391931e-24,7.28867653343948e-26,97.5395589165477,-10.5160213311181
"DERL3","DERL3",-3.48009582814996,6.07034068670948e-24,8.52808837937721e-26,2390.61754974436,-10.5012088998575
"BTN2A2","BTN2A2",-1.05173888543648,7.61060579141725e-24,1.07344014786261e-25,760.937097325594,-10.4794696421351
"BTK","BTK",-1.26191500465442,7.70360559258956e-24,1.09085202537575e-25,1107.09847422703,-10.4779477202582
"SLC31A1","SLC31A1",-0.990976608457004,7.70360559258956e-24,1.08960291646768e-25,2771.94878271173,-10.4780560968014
"MFSD1","MFSD1",-0.882112344584015,7.87105795709055e-24,1.11895179320312e-25,6948.43612022935,-10.4755416645243
"MYO1G","MYO1G",-1.64127050832566,8.24537015145583e-24,1.17446248010981e-25,3257.39799288486,-10.4709596704889
"CD300E","CD300E",-2.25558991474667,8.29046753635574e-24,1.18319703933495e-25,1855.20054444551,-10.4702583038012
"TRPV2","TRPV2",-1.18317884621587,9.06172567400041e-24,1.29832111398919e-25,2175.50770040478,-10.4614652990871
"GGT1","GGT1",-1.56716092837396,9.73074489169786e-24,1.39959982275013e-25,239.805826268256,-10.4543467038736
"CDC25C","CDC25C",-1.99923854539137,1.08690502455424e-23,1.56938481594173e-25,28.4924714507486,-10.4434866094844
"ARHGAP4","ARHGAP4",-1.09646436955739,1.11504875193171e-23,1.61623791220763e-25,2383.40610542421,-10.4406945654676
"CYB5R4","CYB5R4",-0.748741415468554,1.13773837042596e-23,1.65546879264766e-25,1480.25357841782,-10.4384177645119
"DEPDC1","DEPDC1",-1.95432721013919,1.1925533276906e-23,1.73855161082142e-25,84.9182138182616,-10.4337675212045
"RAD54L","RAD54L",-1.68996382347284,1.23522880693938e-23,1.80420876609403e-25,39.9294094312257,-10.4302458465854
"PUDP","PUDP",-0.757955246743551,1.30191891952548e-23,1.90524719930558e-25,609.109706599489,-10.4250671437733
"HARBI1","HARBI1",-0.585742650917386,1.30589693272195e-23,1.91470881285504e-25,135.92722436226,-10.4245962092877
"EAF2","EAF2",-1.73063185181599,1.32138177574931e-23,1.94109601622267e-25,297.191732550966,-10.4232949191753
"C1QC","C1QC",-1.53554469108467,1.39620084512269e-23,2.05489629609695e-25,41131.4215350622,-10.4178766235053
"IL18BP","IL18BP",-1.47496608527295,1.41338867340282e-23,2.08413270586784e-25,1139.84020271659,-10.4165326280164
"IGHG3","IGHG3",-4.08065896432921,1.49297114484175e-23,2.20564378192649e-25,59112.3808171117,-10.411140001014
"CD274","CD274",-1.68993978865184,1.60906247450792e-23,2.38954436898422e-25,273.216618362838,-10.4035142684384
"USB1","USB1",-0.628482598632785,1.61739871963638e-23,2.41200924043335e-25,1672.15323222701,-10.4026228745283
"FOXP3","FOXP3",-2.10215828686615,1.69054169245008e-23,2.52579887708222e-25,85.2352564330234,-10.3982305129096
"HCK","HCK",-1.26959564629686,1.72352277088249e-23,2.57987938108404e-25,3955.000713464,-10.3962112738515
"AC073611.1","AC073611.1",-1.52769309645603,1.77138518034279e-23,2.65646056313427e-25,77.4277610552531,-10.3934225336559
"BMF","BMF",-1.13992709867281,1.79145545624626e-23,2.69155258792121e-25,1300.06869657342,-10.3921711572482
"TMEM163","TMEM163",-2.09309889078133,2.01601592304241e-23,3.04579966631076e-25,194.689620229913,-10.380373895239
"TACC3","TACC3",-1.10827959152892,2.02518547332338e-23,3.06529815195707e-25,804.860650221465,-10.3797646787661
"IL15RA","IL15RA",-0.955989238634019,2.08449276965222e-23,3.16087544722177e-25,688.411266450688,-10.3768329154179
"IGKV5-2","IGKV5-2",-4.84518384771079,2.27753202249957e-23,3.46629263912129e-25,184.109820632911,-10.3680208858928
"CDCA3","CDCA3",-1.56229838135797,2.33983992832097e-23,3.56764443426222e-25,92.7515850761936,-10.365265999841
"IMPDH1","IMPDH1",-0.688724649078759,2.36398147078083e-23,3.61104347313699e-25,3079.99212505946,-10.3641099903106
"SLC29A3","SLC29A3",-1.13988818219136,2.69177702783817e-23,4.11926296385548e-25,1004.52618613091,-10.3515124522012
"CYBC1","CYBC1",-0.710419212533601,2.73243585511069e-23,4.18910026567493e-25,3676.53625769955,-10.3499029965019
"DUS2","DUS2",-0.574161189209112,2.74686025189884e-23,4.218871076784e-25,329.152301813488,-10.3492249722696
"HLA-DQB1","HLA-DQB1",-1.8838130529462,2.75315579718458e-23,4.23621463427425e-25,22996.6202896581,-10.3488321584104
"VMO1","VMO1",-2.28756937749811,2.80709021200526e-23,4.33485150508966e-25,773.711775689595,-10.3466279982056
"NOD2","NOD2",-1.45158937352512,2.98978676268652e-23,4.64198251377392e-25,616.95316857468,-10.340070016725
"KIF15","KIF15",-1.50908876187319,2.99312468153415e-23,4.65550821545939e-25,71.6593538051211,-10.3397911892824
"ESCO2","ESCO2",-1.32028182111358,3.06787596258514e-23,4.78887955135241e-25,80.7343196935121,-10.3370839894572
"CSK","CSK",-0.84355558574306,3.09829372737655e-23,4.84499729911705e-25,4906.80482023711,-10.335967163
"ASCL2","ASCL2",-1.66473168157677,3.10811465148991e-23,4.86901863174169e-25,194.461694452036,-10.3354930153133
"TTYH3","TTYH3",-1.33141857653967,3.16281700251507e-23,4.96352884297139e-25,9437.94841279015,-10.3336497479195
"FANCA","FANCA",-1.29907896115357,3.4238904715256e-23,5.38278529878868e-25,164.784951508648,-10.3258713016428
"RFX5","RFX5",-0.680045764768306,3.45543696033195e-23,5.45164409630072e-25,1805.0134982693,-10.3246514530704
"RELB","RELB",-0.955973956499142,3.463688289942e-23,5.47431710215223e-25,1519.73602120559,-10.3242531348473
"SLAMF9","SLAMF9",-3.95192205092684,4.06358772616795e-23,6.43377791906173e-25,96.4031163372358,-10.3087422621492
"LAIR2","LAIR2",-2.40954734714515,4.07696101348685e-23,6.46631586529343e-25,48.7770264815832,-10.3082573782246
"FBXO41","FBXO41",-1.35654017535107,4.10759226870459e-23,6.5263486917397e-25,242.196994351571,-10.3073690741425
"P2RY11","P2RY11",-1.36386840084423,4.11115040398592e-23,6.54346168829536e-25,319.480900494364,-10.3071173362387
"C7orf43","C7orf43",-1.0833005982691,4.15911574545386e-23,6.63139848473758e-25,444.456482209618,-10.3058339587358
"DPYS","DPYS",-2.24829610439709,4.31432403246563e-23,6.89089246161061e-25,17.1985961854298,-10.3021428519857
"M6PR","M6PR",-0.712117890894896,4.54318436560763e-23,7.28175891351746e-25,5612.03291311878,-10.2968352300441
"JSRP1","JSRP1",-3.37485434136145,4.59457915535551e-23,7.37694102713525e-25,580.512141512409,-10.2955855054473
"P2RX4","P2RX4",-1.16173844249248,4.70806898183472e-23,7.57228098263034e-25,2113.023703972,-10.2930700100892
"MT1H","MT1H",-3.40659198223925,4.7343071939119e-23,7.62767821067896e-25,109.007441423171,-10.2923683278458
"HENMT1","HENMT1",-0.65051426810034,4.89588274358845e-23,7.91529474921617e-25,318.79753789444,-10.2888045496437
"MCHR1","MCHR1",-2.5196933663389,5.12879079241666e-23,8.32043551550243e-25,55.3491188665704,-10.2839963873726
"POLQ","POLQ",-1.85224059668473,5.17997290333049e-23,8.41790718506391e-25,38.9767648883695,-10.2828742432602
"CTSH","CTSH",-1.09811548358334,6.10276808518712e-23,1.00025857396238e-24,9769.89062483185,-10.2662416170026
"NAGK","NAGK",-0.894176917518889,6.15251109644706e-23,1.01012656050378e-24,4182.63974065757,-10.2652941506237
"CYP2S1","CYP2S1",-1.62430329842808,6.2804869055772e-23,1.03288843882663e-24,652.007254541952,-10.2631432026601
"ACP5","ACP5",-1.65435780868569,6.35606479941646e-23,1.04886142473994e-24,5595.38137737691,-10.2616616505257
"CH25H","CH25H",-1.8512813593226,7.44674998344558e-23,1.2329949798374e-24,186.246991796766,-10.2460339025003
"KBTBD8","KBTBD8",-1.46669390604,7.47099499767776e-23,1.23909185327338e-24,174.357097950302,-10.2455569383169
"PRDM1","PRDM1",-1.65666070008892,7.92586471927645e-23,1.32116156156859e-24,1072.07532047967,-10.239353546544
"HCST","HCST",-1.70280995792022,7.99793348877285e-23,1.33617717407429e-24,867.812347199358,-10.2382600104543
"LTA4H","LTA4H",-1.06442842187503,8.2837016686398e-23,1.38773650253729e-24,5610.34240276243,-10.2345956580842
"ATP6V0B","ATP6V0B",-0.901444800541389,8.49910708112015e-23,1.43092980543458e-24,5460.02975994661,-10.231628256475
"BAX","BAX",-0.844046642780948,8.50591973817482e-23,1.43444778859812e-24,1958.08497742807,-10.2313904911757
"CIAO2A","CIAO2A",-1.05252387804752,8.5368407651381e-23,1.44204195224354e-24,2169.82773558333,-10.2308791978825
"PTAFR","PTAFR",-1.23145495608272,8.81250361690259e-23,1.49351977674614e-24,3394.47842426066,-10.2274821090736
"HASPIN","HASPIN",-1.6210084257257,9.13871574623712e-23,1.55390009901175e-24,32.4974103173487,-10.2236423477622
"LINC01943","LINC01943",-1.86529010601802,9.15696962413763e-23,1.55955635967891e-24,36.8648983272895,-10.2232902536584
"RAB8A","RAB8A",-0.650511944631784,9.1933209651523e-23,1.56831008520507e-24,2817.19633222148,-10.2227478330691
"SPI1","SPI1",-1.26865911147573,9.69919644481162e-23,1.65731217300893e-24,7481.37115151682,-10.2173971386354
"PNPLA6","PNPLA6",-0.818751599817928,9.72254481923788e-23,1.66401185198942e-24,3692.09899759988,-10.2170059589153
"LRRC25","LRRC25",-1.30347808053125,9.92149241726045e-23,1.7035928443296e-24,2016.45735390219,-10.2147262767797
"SLC39A11","SLC39A11",-0.689205200903204,1.09166142912633e-22,1.88359142753784e-24,964.124514414388,-10.2049804199943
"MATK","MATK",-1.92030214566042,1.10805264611119e-22,1.91496206435942e-24,566.716870517232,-10.2033768359854
"TNFAIP3","TNFAIP3",-1.13784605032183,1.13444092175739e-22,1.96372909382952e-24,1343.81836957616,-10.2009349506862
"SAT1","SAT1",-1.12626828250031,1.15864626014024e-22,2.00885846357416e-24,14447.8586344335,-10.1987281511436
"MTFR2","MTFR2",-1.21676639986449,1.19437821713441e-22,2.07413973317e-24,51.6998383557051,-10.1956213326169
"SDSL","SDSL",-1.29117598688965,1.23833557682479e-22,2.1539272472158e-24,444.144208387433,-10.1919531094198
"KCTD5","KCTD5",-0.533977766532348,1.24411845800848e-22,2.16745375959665e-24,1316.64861304601,-10.1913446028824
"SLAMF6","SLAMF6",-1.94497284415021,1.2562745031887e-22,2.19213334911812e-24,394.565156395569,-10.1902439927338
"TNFSF13","TNFSF13",-1.13029513987398,1.4012698369734e-22,2.45686056433804e-24,3341.98016228396,-10.179154772364
"GRB2","GRB2",-0.848155617454859,1.46852669123088e-22,2.58296959488971e-24,10604.1428684445,-10.1742823327018
"PCLAF","PCLAF",-1.64708941701499,1.48148934057074e-22,2.60989899161173e-24,181.611557234143,-10.1732724477024
"AC135068.8","AC135068.8",-3.18408719952964,1.6890596314543e-22,2.98969439992608e-24,106.532711327357,-10.1600348910625
"IGHV1OR15-1","IGHV1OR15-1",-3.18408719952964,1.6890596314543e-22,2.98969439992608e-24,106.532711327357,-10.1600348910625
"CXCL1","CXCL1",-3.00823574675941,1.70710352438512e-22,3.02639119584372e-24,1088.21791371306,-10.1588453774886
"CKAP2L","CKAP2L",-1.64947491397342,1.70901242084909e-22,3.03453912775155e-24,102.83709189628,-10.1585832040486
"AIM2","AIM2",-2.27325284072371,1.72063924166822e-22,3.06381857166584e-24,374.011078089438,-10.1576468097845
"ZDHHC12","ZDHHC12",-1.02254669349741,1.73354984834975e-22,3.09260460750896e-24,1171.71190592153,-10.1567347972159
"CD180","CD180",-1.78962503888463,1.74542795356722e-22,3.11866012052011e-24,781.435158329995,-10.1559165157663
"TNFRSF4","TNFRSF4",-1.72214727918462,1.75312082483167e-22,3.13729217990782e-24,241.55407616347,-10.1553355123992
"PRAG1","PRAG1",-0.750792895368319,1.8640295134298e-22,3.34096439619612e-24,762.296270400994,-10.1491983482274
"SLC28A3","SLC28A3",-2.87823812324853,1.97951088760193e-22,3.55898124739581e-24,128.322494303088,-10.1430267392835
"MYBPC2","MYBPC2",-4.78621026960675,2.00940709902634e-22,3.61833306194011e-24,145.327874076948,-10.1414114327624
"IGLV7-46","IGLV7-46",-4.46879861002758,2.12944137180429e-22,3.84041412559546e-24,694.335545147183,-10.1355916965688
"GPR137B","GPR137B",-1.03556743691892,2.40904620069342e-22,4.35810727317081e-24,2464.12668178784,-10.1232257661557
"MYBL2","MYBL2",-2.08162001715647,2.40961419292216e-22,4.36585149937115e-24,336.020223015709,-10.1230520500296
"ST8SIA4","ST8SIA4",-1.1270455641073,2.51832726130566e-22,4.59792155025842e-24,1838.60523630709,-10.117983178565
"DMXL2","DMXL2",-1.33082798211319,2.60957172630846e-22,4.77178829953548e-24,1830.32563837185,-10.114348972812
"WAS","WAS",-1.20345998982881,2.74066028467633e-22,5.01913256315637e-24,2000.00378707094,-10.1093987944388
"SNAI3","SNAI3",-1.46373906199167,2.86994124483508e-22,5.27189207065176e-24,167.253997841857,-10.1045838397871
"HMGB3","HMGB3",-0.983805680116359,2.91511389989488e-22,5.36299700050348e-24,548.92177656754,-10.1029042143104
"PLCB2","PLCB2",-1.35294428197817,2.95936376148741e-22,5.45265350897054e-24,1164.75970388663,-10.1012786589979
"PIM2","PIM2",-2.36141431202868,2.99414378056302e-22,5.52508204246054e-24,2213.41299502228,-10.099984679358
"PRR11","PRR11",-1.07302621146217,3.00053384704569e-22,5.54523746506284e-24,208.625890219162,-10.0996275781825
"TRAV38-2DV8","TRAV38-2DV8",-2.31988155097993,3.10038118505706e-22,5.74704805034967e-24,12.8643680124198,-10.0961212795794
"RPS10-NUDT3","RPS10-NUDT3",-1.84748985766747,3.18398383164441e-22,5.91089402613289e-24,376.507733941975,-10.0933631462404
"SIRPB2","SIRPB2",-1.31216001690266,3.20559382599358e-22,5.95994726672535e-24,863.234660224305,-10.092552116471
"KCNK13","KCNK13",-1.73605874306963,3.25416103767921e-22,6.0593158833999e-24,148.053238215778,-10.0909292574247
"PTPN6","PTPN6",-1.13371788134535,3.27970947622615e-22,6.11602965740848e-24,3960.93250056776,-10.0900148000307
"ACOD1","ACOD1",-4.21662607970165,3.35414019202556e-22,6.26417819834738e-24,9.0559378067696,-10.0876651012626
"AIF1","AIF1",-1.50713466969,3.48066748665405e-22,6.52082665227017e-24,5058.04412192416,-10.0837218809403
"UNC13D","UNC13D",-1.31491036861715,3.48066748665405e-22,6.53616752370234e-24,1162.13659845456,-10.0834910733154
"PSME2","PSME2",-1.27257207820308,3.48066748665405e-22,6.5392888808497e-24,3442.66606176949,-10.0834441773354
"OSCAR","OSCAR",-1.52774664979216,3.58045789267524e-22,6.74673041239989e-24,829.357616667628,-10.080376208447
"TVP23A","TVP23A",-1.47803479580631,3.58857149444281e-22,6.79202799923809e-24,95.4330868136551,-10.0797187150224
"ARL4C","ARL4C",-1.2592749874749,3.58857149444281e-22,6.77259190260908e-24,5113.00253100026,-10.0800002959465
"PFN1","PFN1",-0.86809214464542,3.58857149444281e-22,6.78645760563958e-24,36858.6941985571,-10.0797993345652
"FTH1","FTH1",-1.35314653368927,3.68686442843975e-22,7.01917325330829e-24,229609.269342265,-10.0764858529095
"GZMB","GZMB",-2.10413728065243,3.71726307893986e-22,7.08740890869648e-24,510.547196495234,-10.0755349039226
"CCNF","CCNF",-1.07119627094638,3.82057525924679e-22,7.30568537377923e-24,224.317031991119,-10.0725527264535
"TBC1D2","TBC1D2",-1.01083333455802,3.84075852851582e-22,7.35498566993831e-24,1519.4990724732,-10.0718913909653
"DPP3","DPP3",-0.622867628474936,3.88294957199866e-22,7.44660433598628e-24,1168.99517096754,-10.0706739570479
"SLC11A1","SLC11A1",-1.88765777876146,4.11520675058374e-22,7.90349115303747e-24,2013.92020430533,-10.0648160859852
"APOC1","APOC1",-2.68129942364663,4.38624267790531e-22,8.46071061494209e-24,1933.27728058997,-10.0581098424679
"MIAT","MIAT",-2.77830124079373,4.41595163441292e-22,8.53032608403666e-24,235.682012914112,-10.0573029282626
"IL2RB","IL2RB",-1.74383322622826,4.41803337364081e-22,8.54666247054139e-24,724.80876539844,-10.0571145178137
"DESI1","DESI1",-0.626253700343545,4.4682992637997e-22,8.65635676192555e-24,1348.32265107873,-10.0558585573281
"E2F7","E2F7",-2.00377728154089,4.49205595033352e-22,8.7149015789049e-24,32.209680825972,-10.0551946763422
"ZWINT","ZWINT",-1.33259621475012,4.49918675262342e-22,8.74127711938265e-24,274.322935922342,-10.0548970274268
"PMFBP1","PMFBP1",-1.76779065111582,4.61782240155143e-22,8.99751319493924e-24,51.9076848184661,-10.0520508308887
"HAMP","HAMP",-2.83779152285689,4.65371466969522e-22,9.08041886769799e-24,71.9927257998947,-10.0511471056328
"ATP6V0C","ATP6V0C",-0.638619534468769,4.83716297065156e-22,9.46533353420876e-24,12199.5511430318,-10.0470555718715
"IQGAP2","IQGAP2",-1.05118801288429,5.09510893844974e-22,9.98428316022346e-24,2776.99398077589,-10.0417927414628
"MCM10","MCM10",-1.79097920777731,5.18452845648572e-22,1.01884113221531e-23,56.8075495539198,-10.0397965143241
"H2AFY2","H2AFY2",-0.841778967903553,5.98851917399309e-22,1.1933334421742e-23,455.798221439409,-10.0241905801077
"IL2RG","IL2RG",-1.72655588938996,6.88714718593953e-22,1.3803090806106e-23,1843.35796620029,-10.0098002812636
"TEC","TEC",-0.864297001569398,7.06391268410734e-22,1.41770512405778e-23,179.038044792761,-10.0071552475951
"KIF11","KIF11",-1.42934191670139,7.18679334962905e-22,1.44437017563276e-23,294.817585946037,-10.0053110854783
"STIL","STIL",-1.15641787460395,7.43263576870652e-22,1.49999395025603e-23,111.703169531775,-10.00157028385
"TNIP3","TNIP3",-1.57174892288228,7.46432349336906e-22,1.50846955615124e-23,61.7994317320898,-10.0010123756223
"DOCK2","DOCK2",-1.24559806893508,7.97555570669451e-22,1.61623107979565e-23,3491.62093030708,-9.99417765669114
"APOBEC3H","APOBEC3H",-1.86958577596335,8.57883685440929e-22,1.74565878849304e-23,36.2558385906324,-9.98654176114756
"CPNE7","CPNE7",-2.31387480941861,8.60220115116351e-22,1.75281088264823e-23,19.9126783404956,-9.98613631918739
"LINC01871","LINC01871",-2.18534249876749,8.69788500964512e-22,1.77473221660215e-23,33.8278797761618,-9.9849037589419
"FCGR2B","FCGR2B",-1.39112502857496,8.7705360891554e-22,1.79444557196936e-23,6009.36852097002,-9.98380815303553
"AC136628.3","AC136628.3",-1.26803559844687,8.80254076981967e-22,1.80344737723135e-23,18.6321959759913,-9.98331181926723
"DEPDC1B","DEPDC1B",-1.53883553334362,8.89079834579275e-22,1.82400768850271e-23,45.0921734570206,-9.98218732196776
"TNFRSF14","TNFRSF14",-1.04168914520469,9.15449351724712e-22,1.8806583197801e-23,2558.41935901995,-9.97915270125179
"U62317.1","U62317.1",-2.42444220362745,9.22772623933013e-22,1.89827511209077e-23,25.210360914287,-9.97822744905982
"MCOLN2","MCOLN2",-1.65208943307688,9.30795030786174e-22,1.91911798783214e-23,185.50454483252,-9.97714367852777
"GINS1","GINS1",-1.04823684634979,9.30795030786174e-22,1.91996745026277e-23,111.450071018175,-9.9770997564632
"EIF4A1","EIF4A1",-0.595753169046721,9.58736149021881e-22,1.9829469618794e-23,16259.8531049055,-9.97389582188081
"CPVL","CPVL",-1.11320538226851,1.00142708222197e-21,2.07431404260028e-23,4776.82800409742,-9.9694225029834
"CD83","CD83",-1.67036887682946,1.01477823481843e-21,2.10734434826405e-23,855.207088585984,-9.96785321812632
"SIGLEC9","SIGLEC9",-1.50462426432345,1.05994190379912e-21,2.20704279341587e-23,769.737958921685,-9.96326010666199
"BRCA2","BRCA2",-1.09801711973002,1.12609244980012e-21,2.34792237616862e-23,172.14090916062,-9.95710845668154
"APBA3","APBA3",-0.524637527731312,1.21291423179133e-21,2.53909014097642e-23,567.470082259401,-9.9493212606727
"SH2B2","SH2B2",-1.3037738572032,1.2271145342746e-21,2.57223729553868e-23,389.706509916377,-9.948030335235
"XCL1","XCL1",-2.14481055252418,1.29612319319953e-21,2.7298944670598e-23,39.5936072698255,-9.94210751944831
"TIGIT","TIGIT",-2.2089207090496,1.305867642745e-21,2.75551722803614e-23,399.817527078615,-9.94117704681641
"FAM72A","FAM72A",-0.944842105627091,1.32307949249904e-21,2.79552405662515e-23,95.4590454489145,-9.93974122143209
"IGHV3-53","IGHV3-53",-4.15168086558693,1.41670535225737e-21,2.99729438986299e-23,880.884623304177,-9.9327964631741
"CGAS","CGAS",-1.05664365816801,1.48561620344934e-21,3.15551093248334e-23,355.973143184437,-9.92766729037156
"MTMR14","MTMR14",-0.590559485011551,1.49992032395123e-21,3.19007444508651e-23,2036.98292461446,-9.92658072301393
"TNFSF13B","TNFSF13B",-1.34360795288348,1.58757346490104e-21,3.38977358638103e-23,2335.00521821914,-9.92052238910604
"IGKV6-21","IGKV6-21",-4.3866895355908,1.78612014409031e-21,3.82366625968324e-23,575.86689237735,-9.90849386734649
"PRKX","PRKX",-0.713101441893997,1.81937506653043e-21,3.89992871404014e-23,1189.70061020988,-9.90652029071762
"FPR3","FPR3",-1.67818784810846,1.87846431927906e-21,4.03706199348894e-23,7222.31327055024,-9.90306570891554
"GZMA","GZMA",-1.8368425377154,1.92445316260757e-21,4.1412622760503e-23,624.880522498641,-9.90051757407628
"TRIP13","TRIP13",-1.36432436330995,1.95314805595356e-21,4.21142618566088e-23,129.110753236588,-9.89883728895
"MAPKAPK3","MAPKAPK3",-0.923373087502376,1.95314805595356e-21,4.21389991723501e-23,3544.64309136521,-9.89877855509031
"DPP9","DPP9",-0.514834497320507,1.97269003893056e-21,4.2615603628465e-23,2328.96623947759,-9.89765356804292
"LRRC8D","LRRC8D",-0.56332824225417,2.06646712296513e-21,4.48718575272427e-23,1011.91321834169,-9.89249152205975
"ITGB2","ITGB2",-1.55928092694738,2.08399397702593e-21,4.53686214928851e-23,17245.2963983086,-9.89138954819891
"GM2A","GM2A",-0.87179377361166,2.08804203158288e-21,4.55149510438414e-23,4990.27202695075,-9.89106722178529
"IL7R","IL7R",-1.977938302969,2.16807298558742e-21,4.73198926192321e-23,2898.88624847126,-9.88717366509969
"AC012236.1","AC012236.1",-3.09022349354469,2.59110010775087e-21,5.6841694349824e-23,78.5643564460765,-9.86879791682806
"SEL1L3","SEL1L3",-1.66821014861585,2.76060892422751e-21,6.07141586401535e-23,3276.43798187851,-9.86218400133875
"CYTIP","CYTIP",-1.47247919617666,2.89529260277817e-21,6.37569660263346e-23,1795.00883463079,-9.85727379823463
"IGKV1-9","IGKV1-9",-4.02668200243062,3.07470933588158e-21,6.8050709761393e-23,4884.05893237572,-9.85072587375827
"MTHFD2","MTHFD2",-0.851484675270011,3.16712325811039e-21,7.01843342215404e-23,2383.03083874261,-9.8476227619712
"TEDC2","TEDC2",-1.59735926805696,3.55309737007542e-21,7.88366691729626e-23,31.8584245536503,-9.83592890927242
"PDXP","PDXP",-0.663455608051354,3.6077431926204e-21,8.0149723331525e-23,436.136137286079,-9.83426624484769
"ST14","ST14",-1.75539045848315,3.63341542153274e-21,8.09226180293982e-23,1378.36374289728,-9.83330012359287
"FTH1P8","FTH1P8",-1.64183248607253,3.70765524423202e-21,8.26803688181319e-23,33.1092959971017,-9.83113651106889
"MSL3","MSL3",-0.560118405002552,3.70765524423202e-21,8.27827693555358e-23,1395.28434305133,-9.8310118739847
"TRIM59","TRIM59",-1.02600519196699,3.73409843120226e-21,8.34772666710583e-23,219.837127363728,-9.83017057107904
"LINC02362","LINC02362",-2.49249756284656,3.91426468379511e-21,8.76140638630655e-23,71.42187931524,-9.82529852065282
"FCGR2C","FCGR2C",-1.91885076178722,3.91566633628225e-21,8.77545849302002e-23,630.448320080977,-9.82513705152109
"JAKMIP1","JAKMIP1",-1.97333842732483,4.0100788070837e-21,8.99822561589514e-23,49.9400480649352,-9.82261092821481
"TMEM176B","TMEM176B",-1.30920706739229,4.09261206853418e-21,9.19483018045588e-23,8024.97129155382,-9.82043239107132
"P2RY6","P2RY6",-1.34376604377009,4.13016798187046e-21,9.29071933482777e-23,642.827905634335,-9.81938653716329
"IGKV1-5","IGKV1-5",-3.7301110075087,4.22293083681628e-21,9.52292974769161e-23,15551.970159296,-9.81689746583254
"VAC14","VAC14",-0.654766614962687,4.44593226355185e-21,1.00505953052001e-22,1535.55784148179,-9.8114577838923
"TARBP2","TARBP2",-0.593948788552408,4.46410197000121e-21,1.01041137272223e-22,601.448947581796,-9.81092194285109
"CD40","CD40",-0.958866507336381,4.8663742775214e-21,1.10688819803692e-22,1678.45099611387,-9.80171615175592
"AOAH","AOAH",-1.47575395342796,4.95519660799092e-21,1.12847264912295e-22,1033.82467968073,-9.79976554974699
"CCRL2","CCRL2",-1.33330802487604,5.29373763669119e-21,1.20999717410084e-22,397.327821297097,-9.79271716145864
"ARPC2","ARPC2",-0.71772961849636,5.29767780914019e-21,1.21237448956212e-22,19327.1544088006,-9.79251875265835
"IGF2BP3","IGF2BP3",-1.34301854551735,5.41239164352408e-21,1.24027318826911e-22,71.9950844439255,-9.7902187063885
"SLC38A7","SLC38A7",-0.770052646284396,5.41239164352408e-21,1.24164413174086e-22,947.840466957607,-9.79010700623489
"GNGT2","GNGT2",-1.29680866612227,5.47520386523205e-21,1.26063230458026e-22,141.363293322275,-9.78857234152183
"CCM2","CCM2",-0.59299765051821,5.48220409142586e-21,1.26377220449036e-22,2589.5826918651,-9.78832077479486
"CCL3L1","CCL3L1",-2.9484520930699,5.5763966360642e-21,1.28704011558499e-22,87.6856968054947,-9.78647562067964
"AC091493.1","AC091493.1",-3.91581461633079,5.73845372818964e-21,1.32764225627802e-22,3.93620370441583,-9.78333355630535
"SMIM25","SMIM25",-1.58564345960667,5.7472005433937e-21,1.3312679168112e-22,949.866591143987,-9.78305762036658
"ATP13A2","ATP13A2",-0.645206234076531,5.87017602991089e-21,1.36138995313892e-22,1782.11140684529,-9.7807934919422
"TRAF1","TRAF1",-1.49870568663167,5.96776111948408e-21,1.38568502091435e-22,528.480720093506,-9.7790031873098
"MIR155HG","MIR155HG",-1.82075914269997,5.97130440028561e-21,1.38817222852633e-22,132.210667064852,-9.77882166125484
"SLAMF7","SLAMF7",-2.41291275405748,6.15280117007609e-21,1.43208055108391e-22,1999.07979724593,-9.77566899937053
"CLSPN","CLSPN",-1.47294468489768,6.16652110781023e-21,1.43871168424729e-22,143.321266187059,-9.77520121138195
"RGS19","RGS19",-1.0191596097741,6.68553990237865e-21,1.56353114372005e-22,1915.76122080512,-9.76677285429847
"C12orf4","C12orf4",-0.533438284447109,6.79263289724849e-21,1.59047014179477e-22,629.7346205205,-9.76504141405218
"ADPGK","ADPGK",-0.660853234760208,6.99926149703349e-21,1.64080248613384e-22,2371.04807242147,-9.76188282857715
"IGHV1-2","IGHV1-2",-3.99681642741629,7.0198743626453e-21,1.6515049371631e-22,4556.82330928902,-9.76122357640229
"TNFAIP8","TNFAIP8",-0.899552450352752,7.0198743626453e-21,1.64971047284625e-22,2023.00424975027,-9.76133381664184
"NABP1","NABP1",-1.22706598770591,7.25298170262993e-21,1.71241128979165e-22,1002.10487010522,-9.75755052914416
"MAN2B1","MAN2B1",-0.946320567406549,7.34705673669115e-21,1.73871809601416e-22,11985.2354191279,-9.75600388371909
"TNFRSF18","TNFRSF18",-1.75555581588774,7.38365322515632e-21,1.74943700108233e-22,227.580383947059,-9.75538032291643
"CATSPER1","CATSPER1",-1.72496703027861,7.60297991522722e-21,1.80352220428108e-22,75.1680023657974,-9.75229055680657
"IGLV1-40","IGLV1-40",-3.72560340707186,8.0609027096115e-21,1.91439417661017e-22,9189.75954919947,-9.7462336016408
"LGALS9","LGALS9",-1.20535889682182,8.66018183535595e-21,2.06154572470912e-22,4313.72670086659,-9.73871004178741
"CEACAM21","CEACAM21",-1.5222076849613,8.9752214642876e-21,2.1415441319666e-22,124.786051132817,-9.73484001483999
"AGMAT","AGMAT",-1.89611201493043,9.88039972086824e-21,2.3630335778411e-22,87.4125140261932,-9.72482845694358
"HLA-DRB1","HLA-DRB1",-1.57277901486539,9.99466750659923e-21,2.39314826151045e-22,47266.7106211988,-9.7235395391754
"ORC1","ORC1",-1.45728656104738,1.00086145648267e-20,2.39927763783999e-22,66.0168645528882,-9.72327916700049
"MMP1","MMP1",-3.67330441565316,1.04588197716995e-20,2.51011674520788e-22,26983.233438126,-9.71868106406761
"GPRIN3","GPRIN3",-1.26327197658397,1.07763734370184e-20,2.5923373592047e-22,1080.95484957422,-9.71539821040972
"APOBEC3G","APOBEC3G",-1.13153680879871,1.08777228605847e-20,2.61974984015196e-22,1131.28538660688,-9.71432657179112
"IL18","IL18",-1.68375000205362,1.11300336653091e-20,2.68361787330798e-22,816.987282180012,-9.71187221491217
"CSF1R","CSF1R",-1.31005141791367,1.21093863584459e-20,2.9366316743827e-22,12364.5934608338,-9.70268630399865
"HLA-DQB2","HLA-DQB2",-2.00595802237981,1.25758075338668e-20,3.05324832390187e-22,1627.81618959011,-9.69871323775788
"PIK3AP1","PIK3AP1",-1.25602027871114,1.26973250122726e-20,3.086290567443e-22,3302.46799917575,-9.69761479432164
"ANLN","ANLN",-1.86023121604416,1.28096428597469e-20,3.11716187221159e-22,354.904516487684,-9.69659898725437
"SUSD1","SUSD1",-1.1437307512896,1.29922081843047e-20,3.16520974301945e-22,746.855383017954,-9.69503763226117
"DSC2","DSC2",-1.03872525003707,1.37949193632729e-20,3.36461447884705e-22,1116.94308462872,-9.68879909344431
"CYTH4","CYTH4",-1.06856975877278,1.44832611616111e-20,3.54057701428096e-22,3998.81661126281,-9.68359070082618
"DOK2","DOK2",-1.20799597590125,1.62978682687594e-20,3.99326166083332e-22,3925.56208690842,-9.6712865132632
"TRBC2","TRBC2",-1.85257275711855,1.71183348928454e-20,4.20383360016635e-22,1301.6628266643,-9.66602667531295
"CEMIP","CEMIP",-2.28517908935426,1.78246250373414e-20,4.38224927747321e-22,3998.42331513152,-9.66177023863303
"UBE2F","UBE2F",-0.7491486701944,1.81440201180615e-20,4.46583129317026e-22,1684.16913653089,-9.65983489214399
"CENPF","CENPF",-1.42392172862977,1.90293670411741e-20,4.6890482130726e-22,375.16477308791,-9.65483690314575
"AL162414.1","AL162414.1",-2.41229693868249,1.90867390139275e-20,4.70850565221627e-22,8.89979762698837,-9.65441245399693
"MS4A7","MS4A7",-1.16441444089306,1.96636532117334e-20,4.85630571305806e-22,5135.88111419885,-9.65124386335338
"HPS5","HPS5",-0.740802353080525,2.01183258391304e-20,4.97420348970275e-22,1198.35601928086,-9.6487840178187
"WARS","WARS",-1.37630848098409,2.09206999761786e-20,5.18425150629207e-22,12011.6239638298,-9.64454116453865
"SPC25","SPC25",-1.57371891923641,2.14461757314169e-20,5.32044498981493e-22,73.4403648170969,-9.64188010494921
"PARPBP","PARPBP",-0.809863810034203,2.18533526982402e-20,5.42755045411346e-22,117.273666299048,-9.63983432078788
"NUDT22","NUDT22",-0.713776938756115,2.20514974798451e-20,5.4829089204242e-22,1100.79291085865,-9.63879254526883
"BORA","BORA",-0.78070396714625,2.26552818125543e-20,5.63934959125045e-22,156.951988407365,-9.63590385169557
"SPINT2","SPINT2",-1.37536766081353,2.31674233620273e-20,5.77328961272542e-22,2473.27182964426,-9.63349296196553
"IGHV2-70D","IGHV2-70D",-4.84112507467858,2.4250735887417e-20,6.05000937121622e-22,315.16526174283,-9.62868264831977
"SLC12A8","SLC12A8",-1.73896015721755,2.42821966106424e-20,6.06462666568241e-22,216.509672837011,-9.62843464291807
"GINS2","GINS2",-1.27872154899356,2.46057058788489e-20,6.15228381138048e-22,114.346211988901,-9.62695969816635
"CLEC9A","CLEC9A",-1.85272444947332,2.49474461271398e-20,6.24468477273075e-22,48.1821357763592,-9.6254272780579
"MS4A1","MS4A1",-3.11070496451198,2.56148838940047e-20,6.43317362745596e-22,604.032891728639,-9.62236966853582
"RACGAP1","RACGAP1",-0.923842103664255,2.68061574401321e-20,6.7398338706618e-22,520.057724033896,-9.61757967730231
"IGHV1OR15-9","IGHV1OR15-9",-4.79583115186128,2.7949001502868e-20,7.03496818316091e-22,61.4848515976499,-9.61316917575807
"LBP","LBP",-2.66978112432892,2.83846693826367e-20,7.15254107927625e-22,2341.67331056199,-9.61146296179828
"FDXACB1","FDXACB1",-0.547854650591889,2.87067726823217e-20,7.24971039726369e-22,151.473625799655,-9.61007366081814
"FEN1","FEN1",-0.614143149439901,2.9446502857769e-20,7.45257373015789e-22,595.910717034259,-9.60723161586057
"MMP3","MMP3",-3.5164127094841,2.95350301875584e-20,7.48357977435277e-22,103809.548616266,-9.60680398875097
"A1BG-AS1","A1BG-AS1",-1.21760395912546,3.01223617040096e-20,7.64079418833415e-22,122.642073643332,-9.60466235851031
"DRAM1","DRAM1",-1.0133753988594,3.12989901356372e-20,7.95670494876688e-22,3533.12253950239,-9.60048768412044
"GUCY2D","GUCY2D",-2.08345822636645,3.13502910096057e-20,7.97848521024947e-22,11.7203168589161,-9.60020593758631
"FLT3","FLT3",-1.59498985048948,3.16262298387265e-20,8.06408100573055e-22,84.1750050007776,-9.5991060056934
"GLA","GLA",-0.761891853427761,3.16262298387265e-20,8.066341547717e-22,1131.97218263332,-9.59907711387165
"ARHGDIB","ARHGDIB",-0.978814939236268,3.20955989972956e-20,8.20394823150386e-22,12696.675243328,-9.59733329263035
"SLC27A2","SLC27A2",-1.71845731107667,3.33240380823081e-20,8.53652710735642e-22,30.0025930008168,-9.59323539745422
"IGKV1D-13","IGKV1D-13",-4.72134184161814,3.4281343081173e-20,8.79131306890011e-22,832.316656701032,-9.590201525265
"CHST11","CHST11",-1.18513544914412,3.44243959611094e-20,8.83759405719353e-22,2362.6229154877,-9.58965978335492
"TAPBPL","TAPBPL",-0.918371329994045,3.45315785592373e-20,8.87473600881305e-22,1694.18812175976,-9.58922704491757
"FAM111B","FAM111B",-1.34548076128049,3.79626886424909e-20,9.77770712352937e-22,134.101064739421,-9.57922370436239
"IL27","IL27",-2.12600690226785,3.91129487268181e-20,1.00899528263592e-21,22.2324866558797,-9.5759762209959
"CDT1","CDT1",-1.41008075339051,3.91129487268181e-20,1.00957743612637e-21,196.568282344488,-9.57591662350528
"MARS","MARS",-0.554922292055716,3.92048395176353e-20,1.01304212495743e-21,2462.44727473756,-9.57556263064892
"ATPAF2","ATPAF2",-0.553845410905464,3.94258919091768e-20,1.01985303670289e-21,550.513748964809,-9.57487022727747
"LMAN2","LMAN2",-0.506273369182276,4.40127884767376e-20,1.14218553510363e-21,6616.47697498662,-9.56315676191754
"CDC25A","CDC25A",-1.3189618243497,4.41693168600776e-20,1.14747883800954e-21,51.5689796940729,-9.56267838569618
"TMEM8A","TMEM8A",-0.687418481004052,4.53011027768096e-20,1.17814435932441e-21,2877.80027586252,-9.55994927350097
"NEK6","NEK6",-0.897333405621392,4.59075938129668e-20,1.19519700686581e-21,1739.13831356986,-9.55846190671527
"SLC12A3","SLC12A3",-2.76339946239229,4.66461349474402e-20,1.21572505019809e-21,15.6651407019623,-9.55669901277734
"MYL2","MYL2",-5.41664174011701,4.68422306576025e-20,1.22214154412588e-21,1021.68533675342,-9.55615401904774
"MSR1","MSR1",-1.60062798902694,4.68883748979986e-20,1.22465246771916e-21,8941.46080037081,-9.55594152060727
"ARMH1","ARMH1",-1.72313521312159,4.7208879105821e-20,1.23433947320586e-21,76.5728539225826,-9.55512573305526
"TMEM176A","TMEM176A",-1.24094196641752,4.8809252472199e-20,1.27890445502069e-21,4889.60671182284,-9.55145251335706
"AC025857.2","AC025857.2",-1.79689813016535,4.98945373133412e-20,1.31012276373986e-21,21.2156144297564,-9.54895404715309
"TNNI1","TNNI1",-4.96935797591374,5.2048479725683e-20,1.3681314670751e-21,525.853522739605,-9.54446406537597
"ZNF710","ZNF710",-0.843352855117935,5.22026146885472e-20,1.3736381398185e-21,1088.03051059425,-9.54404767232183
"IL27RA","IL27RA",-1.00242963029214,5.33012694827748e-20,1.40403344003407e-21,1134.3633862473,-9.54177860547898
"ARHGAP18","ARHGAP18",-0.893905954790909,5.38007610555898e-20,1.41869045180733e-21,3131.62869552792,-9.5407017438357
"PDSS1","PDSS1",-0.765280300666205,5.49766610974654e-20,1.45276305840828e-21,132.03412780798,-9.53824034621865
"SPAG5","SPAG5",-1.40592656452053,5.77449267201968e-20,1.53074356267337e-21,161.004224919947,-9.53281544809127
"AL590764.1","AL590764.1",-1.52810377998352,5.9994448091237e-20,1.59204779325039e-21,29.5061557881805,-9.52873931082408
"AC106865.1","AC106865.1",-1.89925406760566,6.08410036874093e-20,1.61620840457425e-21,92.4600870049235,-9.52717537673571
"FANCD2","FANCD2",-0.92935290869049,6.23994076091412e-20,1.659345919418e-21,182.7933265415,-9.52443971286201
"ADPGK-AS1","ADPGK-AS1",-1.3520018986014,6.28623741529233e-20,1.67340954191057e-21,18.5466596382243,-9.52356302645908
"NAGA","NAGA",-0.899472505027469,6.43304820968306e-20,1.71510107193505e-21,4184.20817166388,-9.52100629278294
"ZC3H12A","ZC3H12A",-1.12814474028757,7.13726440334021e-20,1.91587055621369e-21,530.938583669408,-9.50949678385371
"IGLC3","IGLC3",-3.69022149634773,7.23404627153779e-20,1.94588282983525e-21,40276.950831218,-9.50787961546081
"CD37","CD37",-1.32878883225375,7.26646020071271e-20,1.95662733209435e-21,3365.01280055933,-9.50730665524913
"RUBCNL","RUBCNL",-1.21473811149031,7.54320344756182e-20,2.03745341900694e-21,527.851552003052,-9.50309374566496
"CHEK2","CHEK2",-0.774784220970609,7.63599258942655e-20,2.06464468620035e-21,285.591596491512,-9.50171354253705
"ATP6V0D1","ATP6V0D1",-0.584123903292365,7.8007387354844e-20,2.11136371070532e-21,6116.18564820273,-9.49938359161003
"JAK3","JAK3",-1.53519448981619,7.93053148846979e-20,2.14870428063906e-21,1035.72511590461,-9.49755774291677
"CD7","CD7",-1.75683404002624,8.00071128828962e-20,2.17217917624922e-21,645.663365231027,-9.49642588779482
"IGHV1-46","IGHV1-46",-3.86266632518356,8.11075884853082e-20,2.20431773583764e-21,3073.13085040474,-9.4948957778839
"SELPLG","SELPLG",-1.06008672690613,8.15029501896046e-20,2.21733461700499e-21,4012.40332884372,-9.49428231734621
"KIF18A","KIF18A",-1.16698558786076,8.43429211015205e-20,2.29694868059054e-21,58.9713643534139,-9.49060606684087
"PPIL1","PPIL1",-0.608168297728201,8.5082321545192e-20,2.31945673787311e-21,739.572227008807,-9.4895895801491
"KDM2B","KDM2B",-0.679795001414835,8.53416893669553e-20,2.33128517295098e-21,1382.69414874975,-9.48905930066919
"TCAP","TCAP",-4.4167130688152,8.58835388845246e-20,2.34848088211062e-21,544.408996114443,-9.48829312954551
"CXCL6","CXCL6",-3.31402842955679,9.16849245999111e-20,2.51478650331185e-21,467.451599290534,-9.48115715826231
"SLC16A3","SLC16A3",-1.52063764484577,9.32068906883096e-20,2.56172806184455e-21,8226.90942802715,-9.47922735776937
"RUNX3","RUNX3",-1.09619051051574,9.44375620155504e-20,2.59818463301319e-21,1538.15251994966,-9.47775258468453
"MICB","MICB",-1.01340129252808,9.5330064784999e-20,2.62539662738896e-21,344.672617686707,-9.47666506301029
"C5AR1","C5AR1",-1.25607272865753,1.02946914269679e-19,2.84664359457899e-21,4083.24701432565,-9.46821576176446
"CRTAM","CRTAM",-1.53457037006439,1.0491517185362e-19,2.90984239705511e-21,108.950133044654,-9.4659213787453
"HAGHL","HAGHL",-1.20892865968184,1.12473691783135e-19,3.1226145509687e-21,200.560891494186,-9.45854378000907
"CDKN1A","CDKN1A",-0.8680247965278,1.13119121690512e-19,3.14368681046523e-21,4185.42714936143,-9.4578403882073
"FASLG","FASLG",-1.74375777469631,1.14896927867033e-19,3.19629641843342e-21,58.2016366461938,-9.4561044367303
"LIME1","LIME1",-1.80505537112256,1.1690689474744e-19,3.25547004467435e-21,562.754936797141,-9.454185350304
"CASP4","CASP4",-0.883550469024162,1.20138052094525e-19,3.3521446730765e-21,3450.46109570049,-9.45112307952583
"IGLV2-34","IGLV2-34",-4.84854541588562,1.21135114762818e-19,3.38334174194686e-21,16.0774351704996,-9.45015350009037
"SLC26A6","SLC26A6",-1.0274758548278,1.25533398299057e-19,3.51318555797221e-21,238.143323675966,-9.44621085139029
"IGHJ3","IGHJ3",-3.81010337152102,1.27394964863995e-19,3.5759367140918e-21,495.197486336628,-9.4443568204821
"TRAF2","TRAF2",-0.581948055937311,1.3080039989577e-19,3.67517221170554e-21,594.046814844809,-9.44148952566595
"ARHGAP30","ARHGAP30",-1.11817543471344,1.32361135092465e-19,3.72640408204571e-21,4191.02351922636,-9.44003907578432
"EEF1AKMT4","EEF1AKMT4",-0.998441372807371,1.34333140358033e-19,3.79315599115506e-21,189.43124585067,-9.43817854436658
"LINC02384","LINC02384",-1.71932104058697,1.42397546784499e-19,4.03674717992574e-21,91.4796416534431,-9.43165342377303
"IGKV1-27","IGKV1-27",-3.81495420901323,1.49223003934935e-19,4.23439771444638e-21,2667.6727788557,-9.42663903221035
"GBP5","GBP5",-1.8749786093301,1.51168403523122e-19,4.29802847647622e-21,1529.82465032385,-9.4250738887726
"SGPL1","SGPL1",-0.986666202817961,1.51392164905925e-19,4.30861046324597e-21,2240.11489834913,-9.42481582534231
"TRBV20-1","TRBV20-1",-1.92273789992923,1.51732800635924e-19,4.32253441811608e-21,82.7713578063781,-9.42447721466548
"VSIG4","VSIG4",-1.49358505385608,1.54784729610399e-19,4.41810628908845e-21,15164.1732525677,-9.42218175536267
"IGHV1-69","IGHV1-69",-4.22902116255257,1.57511711308716e-19,4.50472517917053e-21,2161.663767103,-9.42014336769977
"RAB20","RAB20",-1.14691000801639,1.58612838470951e-19,4.54063791246456e-21,908.320143625153,-9.41930958526078
"UBE2S","UBE2S",-0.921161165233137,1.58771044406921e-19,4.54959257561853e-21,925.218034388772,-9.41910270169965
"PPP6R1","PPP6R1",-0.548235234177472,1.6039274993022e-19,4.60053351019363e-21,4239.55217077882,-9.41793339927504
"CFL1","CFL1",-0.602354306037428,1.69455502644607e-19,4.86992677983526e-21,28525.8885607409,-9.41195511361268
"ABHD3","ABHD3",-0.778101643530191,1.73450343529504e-19,4.99923777587475e-21,598.007362207765,-9.40920075236532
"PSMA5","PSMA5",-0.607754110334771,1.74384020923183e-19,5.03100938412527e-21,2740.09677956325,-9.4085347937593
"PYCARD","PYCARD",-1.1331155832373,1.80854863639148e-19,5.2328180754686e-21,3175.43780366535,-9.404399435234
"CD3D","CD3D",-1.87284091907763,1.83219037737904e-19,5.30665155527539e-21,548.266952003163,-9.40292578274531
"LCP1","LCP1",-1.27754853737494,1.83219037737904e-19,5.31143691282007e-21,16127.3705702139,-9.40283097213931
"IGHV1OR15-2","IGHV1OR15-2",-5.00838360132049,1.91397662546887e-19,5.55386666791107e-21,57.1090732132098,-9.39813513249509
"NUP62","NUP62",-0.594628009084322,1.92340834802289e-19,5.5865965118881e-21,2943.31621399735,-9.39751674714525
"AC243772.3","AC243772.3",-1.50369928785909,2.00215591388962e-19,5.8264829940091e-21,24.9535863887069,-9.39309088155134
"SDF2L1","SDF2L1",-1.08683693953454,2.03091211050618e-19,5.92148869014485e-21,2240.88761680108,-9.39138767946687
"CDK1","CDK1",-1.32408175498618,2.065007684087e-19,6.02665657209503e-21,289.381439261561,-9.38953353190666
"AL591468.1","AL591468.1",-3.31241296830409,2.23375290917986e-19,6.53781339272156e-21,8.82071147721193,-9.38095453842447
"ARRDC1","ARRDC1",-0.510088195140944,2.30648551396685e-19,6.75711853708476e-21,1057.03532137332,-9.37747547980385
"CST6","CST6",-3.02482907494872,2.38678770023287e-19,6.999026231763e-21,75.3644522759812,-9.37376508379612
"MANF","MANF",-0.911393403890848,2.51478749707609e-19,7.38839309245491e-21,2683.11430017725,-9.36805137232485
"SMPDL3B","SMPDL3B",-2.42146323415428,2.61011188324902e-19,7.68300529257412e-21,123.386142016831,-9.36392268615407
"LAT2","LAT2",-1.0835436954329,2.65976900628164e-19,7.84224571155115e-21,1407.79414202682,-9.36175581987361
"FUOM","FUOM",-1.23434645713445,2.69299326873771e-19,7.94949093127035e-21,671.168982824567,-9.36032086360977
"IQGAP3","IQGAP3",-1.48985588912763,2.70292149565223e-19,7.98633250283307e-21,143.196539860655,-9.3598323327466
"IGKV1-17","IGKV1-17",-3.82766499868311,2.9414369397027e-19,8.7074732542558e-21,2258.67808950821,-9.35069370044265
"DONSON","DONSON",-0.721878189341322,2.9414369397027e-19,8.70593197099533e-21,214.931869021116,-9.35071242243519
"FCRL5","FCRL5",-2.71810436986367,3.08544116848162e-19,9.15956751061443e-21,705.085604666999,-9.34533888526928
"PAG1","PAG1",-0.970862171996233,3.16340561144431e-19,9.3998338168631e-21,1306.88322763184,-9.34259849389757
"CCR1","CCR1",-1.4116585634098,3.18021608730762e-19,9.45864965897486e-21,3893.0319415089,-9.34193821760718
"TLR8","TLR8",-1.43035619363813,3.26221888142292e-19,9.71163697661236e-21,1508.0492147142,-9.33914367545791
"RENBP","RENBP",-0.952774829545341,3.30156598670056e-19,9.84484357589072e-21,1652.26517590627,-9.33770105050213
"RCC1","RCC1",-0.544747912880598,3.37526616766984e-19,1.00764043639704e-20,862.168314931247,-9.33523859401842
"FTH1P10","FTH1P10",-1.44895508230435,3.54259555541708e-19,1.06154431277306e-20,41.886380930332,-9.32971653260308
"MYD88","MYD88",-0.833223735485184,3.58223843651502e-19,1.07442189761398e-20,4025.96271258718,-9.32843838106265
"CLEC4A","CLEC4A",-1.28335298562944,3.59125371848875e-19,1.07812690029614e-20,444.68019122429,-9.3280734503557
"IGHV4-34","IGHV4-34",-3.7488927937817,3.662739285564e-19,1.10060848775972e-20,2788.67353366435,-9.32588533355388
"IGLV3-1","IGLV3-1",-3.60472048042812,3.7110661289067e-19,1.1161645583527e-20,8737.42591604048,-9.32439699360054
"SH3BP2","SH3BP2",-0.680934761095695,3.86720549076815e-19,1.16528198899523e-20,2550.65801670685,-9.31982877606135
"UPP1","UPP1",-1.11968647456821,3.90268189426845e-19,1.17814759344745e-20,1350.89328601202,-9.31866366417582
"AKR1A1","AKR1A1",-0.739302194045082,4.46002787338531e-19,1.35261611881344e-20,4961.05128258593,-9.30399802897744
"RHOG","RHOG",-0.790289593411498,4.58892802021265e-19,1.39298748822622e-20,4546.07327530535,-9.30087181322586
"GLMP","GLMP",-0.819320974527771,4.85619835810533e-19,1.47547211437904e-20,3137.15265572494,-9.29475384613213
"SEC23B","SEC23B",-0.663273005557486,4.93701499759941e-19,1.50140302784138e-20,2167.73352743409,-9.29290025718599
"ATP6V1B2","ATP6V1B2",-0.752191221814556,4.99155842801119e-19,1.5193816873556e-20,6518.07511051639,-9.29163359961956
"MZB1","MZB1",-3.23926233917528,5.11383001520478e-19,1.55879194860769e-20,3519.71479434654,-9.28890808982089
"THOC6","THOC6",-0.584096086821909,5.11383001520478e-19,1.55945088129172e-20,868.011769514687,-9.28886310124135
"ITGA4","ITGA4",-1.49514238161443,5.31174748628147e-19,1.62276661880543e-20,1021.66631030441,-9.28462561585991
"PAEP","PAEP",-3.62814862818573,5.36496824870289e-19,1.64052130141521e-20,18.1404993950909,-9.28346669356558
"PIF1","PIF1",-1.5152419278395,5.5970899572669e-19,1.71330979924339e-20,54.275212056118,-9.27884166292496
"GPSM3","GPSM3",-1.21409322871883,5.911876924957e-19,1.81434884860701e-20,2909.95744728014,-9.27273376168488
"IGLV1-47","IGLV1-47",-3.59502060009615,6.18800720866352e-19,1.90081782409678e-20,7131.61917798064,-9.26776801499452
"UNC119","UNC119",-0.611665977963562,6.38972365555621e-19,1.96634283365409e-20,856.516601417898,-9.26415160881627
"B3GNT5","B3GNT5",-1.12300859146954,6.65717243958378e-19,2.05235755210583e-20,553.831079221063,-9.25958112786879
"NUP210","NUP210",-1.83129423834509,6.75589377545426e-19,2.08467579356874e-20,773.703488140406,-9.25791265544863
"HLA-DOB","HLA-DOB",-2.13164895119007,6.99020889439814e-19,2.16477270569375e-20,340.871463078955,-9.2538853293619
"TRBV2","TRBV2",-2.07909551643691,7.28919360566562e-19,2.26142786985528e-20,21.2111288179565,-9.24921718036338
"LINC01146","LINC01146",-2.69168107499562,7.32507692309061e-19,2.27460228357434e-20,6.12570465387804,-9.24859622598812
"AC140658.1","AC140658.1",-4.55011868442408,7.33136826022449e-19,2.27859947321263e-20,11.2160693131645,-9.24840852798966
"TNNI2","TNNI2",-2.78756279804971,7.40526586603055e-19,2.30363113769759e-20,176.386870787839,-9.24724045519788
"CLECL1","CLECL1",-1.93630353102324,7.45171662397522e-19,2.32015817950671e-20,60.2326552181236,-9.24647609843501
"IGHV3-30","IGHV3-30",-3.64283519527086,7.98549947371719e-19,2.49303398203854e-20,10920.5998702144,-9.23878870400311
"DENND2D","DENND2D",-1.14159294227133,7.98705212074401e-19,2.49574506685827e-20,867.918210173559,-9.23867239334984
"SPAG4","SPAG4",-2.22017486541119,8.11257005470924e-19,2.53948882827553e-20,270.217918144639,-9.23681277666941
"NDC80","NDC80",-1.1249826210152,8.13274553224714e-19,2.54807135282112e-20,176.065673206119,-9.23645163883778
"CD84","CD84",-1.46562131780014,8.16481864429164e-19,2.56039609054442e-20,4315.18355558681,-9.23593513309573
"CABLES2","CABLES2",-0.579119283452937,8.34804670938918e-19,2.62018135045916e-20,220.553559323016,-9.23346402823449
"IGHV3-15","IGHV3-15",-3.68725738014529,9.35592507247764e-19,2.95216924935044e-20,2624.74710510068,-9.22068183879763
"PNP","PNP",-0.940161409942491,9.47424746741303e-19,2.99214561131121e-20,2403.73435207403,-9.21923958316982
"MGC12916","MGC12916",-1.68813058606667,9.955489282922e-19,3.14968092992794e-20,28.9941066967356,-9.2137356915754
"TNNT1","TNNT1",-3.73791378945616,9.96979109599974e-19,3.15698472057302e-20,861.718477316831,-9.2134871635035
"IGLV2-23","IGLV2-23",-3.64405764361146,1.0287088268727e-18,3.26319343548748e-20,6118.25321964407,-9.20993602992845
"DOK3","DOK3",-1.1740063812614,1.09775007984342e-18,3.50056053335435e-20,1209.43991026272,-9.2023958602992
"ATP6V1A","ATP6V1A",-0.612913604558295,1.09879860022287e-18,3.50696696099008e-20,2943.34141118713,-9.20219943397218
"ATP2A1","ATP2A1",-4.38759633390565,1.15490638289922e-18,3.69891967651903e-20,271.495184128542,-9.1964728620856
"LMNB1","LMNB1",-1.25918913442414,1.15653549464802e-18,3.70736116751282e-20,769.087999318136,-9.19622781918309
"SLC38A9","SLC38A9",-0.513874344114714,1.23926017863036e-18,3.98981325802944e-20,531.645645804533,-9.18833159546568
"AP2S1","AP2S1",-0.880162838835071,1.27356611722226e-18,4.10381165577403e-20,4703.25278177768,-9.18530016394401
"PDE6B","PDE6B",-1.13674669312069,1.32897391232887e-18,4.29346554533563e-20,77.4133516478612,-9.180436730728
"IDH2","IDH2",-1.30086364788422,1.38921594078599e-18,4.49583193659243e-20,3950.35578682328,-9.175476133415
"SBSN","SBSN",-4.067706124076,1.49387206889065e-18,4.84285217036884e-20,641.610170314061,-9.16746226326809
"GPR141","GPR141",-1.60685765186697,1.61261294052344e-18,5.23228282305028e-20,63.9557916040266,-9.15911877623297
"COL6A5","COL6A5",-3.1373287193801,1.64217315735913e-18,5.34192634045464e-20,52.1673951131108,-9.15688032452225
"KCNK6","KCNK6",-0.75704675502816,1.64706424695203e-18,5.3624279872891e-20,1423.49687813883,-9.15646681323072
"PLAUR","PLAUR",-1.36398552706441,1.71296416366698e-18,5.58653120972924e-20,2308.89529064542,-9.15204595520451
"SAPCD2","SAPCD2",-1.64728387043236,1.80477418405041e-18,5.90104562478364e-20,135.275840486889,-9.14612855302841
"AC093583.1","AC093583.1",-2.06857050366472,1.82517487794201e-18,5.9779246873362e-20,15.7255649919678,-9.14472956010281
"NLRC4","NLRC4",-1.33657215497492,1.83976952985085e-18,6.03085426370619e-20,381.331690589608,-9.14377668246227
"SLC36A1","SLC36A1",-1.09785362854953,1.90216747002625e-18,6.2460021733545e-20,1323.80334559992,-9.13998668192277
"DNAJB11","DNAJB11",-0.582193754288679,1.96352670708799e-18,6.45295606315468e-20,2891.97222618168,-9.13646087375451
"IGHM","IGHM",-3.42249915009987,1.9744181008135e-18,6.49425326539352e-20,73187.3756368341,-9.13577069976483
"ATF5","ATF5",-1.40756399465248,2.01786223956329e-18,6.64839907223363e-20,2950.33849546813,-9.13323232190782
"CCL8","CCL8",-1.98176110386145,2.02848416851995e-18,6.6890502337536e-20,367.703969872868,-9.13257259607149
"PLEKHA3P1","PLEKHA3P1",-1.73925184298386,2.06561321329555e-18,6.82300113659995e-20,8.45335133328662,-9.13042641795288
"IGKV7-3","IGKV7-3",-4.58410147745578,2.06678130429365e-18,6.83262056276592e-20,16.6046200629399,-9.13027390091378
"IGKJ3","IGKJ3",-3.77064577356296,2.08385342430811e-18,6.89486833352957e-20,94.3306737833649,-9.12929205654988
"EFTUD2","EFTUD2",-0.52546951570361,2.11174989444883e-18,6.99894250731611e-20,2899.67271407334,-9.12766988335317
"PSTPIP1","PSTPIP1",-0.990512151173958,2.13644178050895e-18,7.08673371095653e-20,937.210588114033,-9.12631994002588
"MCM5","MCM5",-0.643137962377949,2.18057267271786e-18,7.24527561220819e-20,1805.15486293252,-9.12392343453826
"TMEM171","TMEM171",-1.57199147439306,2.19125090620143e-18,7.29297165715543e-20,18.1701029566662,-9.12321260105097
"IGKV4-1","IGKV4-1",-3.42580211774062,2.20028364359954e-18,7.32916781631066e-20,26137.3175486365,-9.12267621500625
"MAN2A1","MAN2A1",-0.84094644346264,2.25223038348355e-18,7.52103693216249e-20,2755.72011348934,-9.1198759480184
"LOR","LOR",-5.39840728090347,2.27933471722216e-18,7.62320518115066e-20,1011.40333627488,-9.11841351217732
"FTL","FTL",-1.35443324226752,2.39236747563064e-18,8.01568140963912e-20,312381.266611171,-9.11297022448704
"ETV7","ETV7",-1.23622815620495,2.39314644130847e-18,8.03163293473283e-20,281.309813679061,-9.1127546018702
"WIPI1","WIPI1",-0.67610903473859,2.42489421394272e-18,8.14494084404453e-20,1683.95945302037,-9.1112350500607
"SERPINB9","SERPINB9",-0.903605052824514,2.50355389494625e-18,8.43546971159963e-20,922.916128190623,-9.10743230546844
"ARPC3","ARPC3",-0.886388264401366,2.50355389494625e-18,8.43706385781189e-20,9601.94063305001,-9.10741179877605
"OSTF1","OSTF1",-0.637832816378545,2.57482608931495e-18,8.68443085176612e-20,3542.20254438378,-9.1042752530319
"AC104699.1","AC104699.1",-3.23544703362535,2.62375096859549e-18,8.87138655026156e-20,37.0610149535001,-9.10196274951934
"SIT1","SIT1",-1.72287008453049,2.86856920289249e-18,9.71515423418641e-20,291.618232905958,-9.09209188146963
"CCL11","CCL11",-4.39188986338073,2.90406731169691e-18,9.85966267776123e-20,15.1756122832192,-9.09048677595491
"IGKV1D-8","IGKV1D-8",-4.03893250201241,3.21593624692772e-18,1.09364243101096e-19,251.014288218277,-9.07921149433545
"MCOLN1","MCOLN1",-0.595343618845906,3.2560136050148e-18,1.10908672483013e-19,1830.60541513571,-9.07768493367551
"AP1B1","AP1B1",-0.842256484250862,3.34298010335098e-18,1.13964171885665e-19,8782.82644157677,-9.07472571701902
"LINC01480","LINC01480",-2.21025452269738,3.36337613826245e-18,1.14753237442041e-19,31.592262464927,-9.07397425474781
"HSPA7","HSPA7",-1.75978587456246,3.41378267186554e-18,1.16568188795409e-19,476.302791066262,-9.07226499851594
"TPBGL","TPBGL",-1.38937429394937,4.03911628366603e-18,1.38258809654129e-19,94.5133979087213,-9.05365684857262
"IGHV3-49","IGHV3-49",-3.73229038308191,4.09183460185335e-18,1.40177413956175e-19,2338.50051019185,-9.0521524527851
"IGKV1-33","IGKV1-33",-3.51538135448733,4.11051783363478e-18,1.41046618904653e-19,12976.6597277223,-9.05147758644337
"PTPRCAP","PTPRCAP",-1.95550599358538,4.69670532428027e-18,1.61837376256662e-19,1795.00776668807,-9.03645335729263
"PAK1","PAK1",-0.650862676529295,4.72823782377395e-18,1.63165391660826e-19,1778.69764495481,-9.03555962651612
"SPATC1","SPATC1",-1.99223256588163,4.80896379107538e-18,1.66219236262954e-19,12.5339913898554,-9.03353141663367
"SSR4","SSR4",-1.30249836508984,4.80896379107538e-18,1.66170918872674e-19,11386.8038784272,-9.03356321897106
"MARCO","MARCO",-1.76513673536136,5.10920305443759e-18,1.76881677870703e-19,25196.8404657866,-9.02672781439834
"LILRA6","LILRA6",-1.30770424243882,5.27114508597229e-18,1.82635075731388e-19,781.746496487081,-9.02322313075097
"CST1","CST1",-5.03192429788491,5.34792654403765e-18,1.85444477234365e-19,42.4146948181819,-9.02155123688708
"LGALS2","LGALS2",-2.02603607865943,5.62394233047122e-18,1.95172354047015e-19,506.124302836245,-9.01594948525501
"CLEC5A","CLEC5A",-2.64484678505142,5.70459352878848e-18,1.98448298924823e-19,819.052854213117,-9.01412499053063
"C2","C2",-1.36140651492482,5.93788572008401e-18,2.06729456846967e-19,11908.0015920629,-9.009642408471
"IL32","IL32",-1.13149716278262,6.12565542612326e-18,2.13608221270528e-19,4424.91825688583,-9.00605183984494
"EML4","EML4",-0.795578717566459,6.14889010444746e-18,2.14589837233957e-19,1734.29800701359,-9.00554879532743
"AREG","AREG",-2.13891833850714,6.19925025660453e-18,2.16692956704727e-19,28.712186325354,-9.00447862957803
"IGLJ2","IGLJ2",-3.77696510544708,6.39822103049321e-18,2.24361311675553e-19,217.684810358661,-9.00066169374695
"PLTP","PLTP",-1.25907099880887,6.67047563344936e-18,2.34466056411976e-19,43403.5137301081,-8.99582430368852
"AP005019.1","AP005019.1",-1.58132885883231,6.68909087458542e-18,2.35306834389597e-19,23.2342921679337,-8.99543113222485
"PLA2G7","PLA2G7",-2.05261890865508,6.72486558834109e-18,2.36752759249472e-19,238.061985015823,-8.99475821206548
"ADAM8","ADAM8",-1.87693185825858,6.88176677886549e-18,2.42660208369752e-19,1943.62375595309,-8.99205048307527
"IGHV1-45","IGHV1-45",-4.85640605478973,6.95227731907418e-18,2.45340295078687e-19,67.5732353830297,-8.99084345250766
"LILRB3","LILRB3",-1.27099958212745,6.9681873957305e-18,2.46095984122385e-19,1050.1848963355,-8.99050546704208
"ABRACL","ABRACL",-0.96227825247267,6.98444110948574e-18,2.46864705974297e-19,1337.36731324684,-8.99016270310791
"RARRES3","RARRES3",-1.21596666633264,6.98520007689626e-18,2.47086241047564e-19,2022.56352324824,-8.99006411899327
"PVRIG","PVRIG",-1.80912590406164,7.02741508438301e-18,2.48775391140528e-19,160.899459254712,-8.98931529862787
"INPP5D","INPP5D",-0.956686798618648,7.36685922615399e-18,2.6140799428276e-19,2261.76437725745,-8.98386939793357
"SNX10","SNX10",-1.24379189651666,7.71082591646584e-18,2.74043290410981e-19,2345.99897372784,-8.97867647802533
"CXCL11","CXCL11",-2.1787194285721,8.11747092431229e-18,2.88948024260538e-19,293.023534240475,-8.97284672835618
"TAPBP","TAPBP",-0.866229580207066,8.53277824453133e-18,3.04206923338134e-19,8788.02392111692,-8.96717848493992
"RMI2","RMI2",-1.27983486824814,8.85037191731444e-18,3.15776336004529e-19,151.751657362902,-8.9630649925801
"SLC50A1","SLC50A1",-0.615123242310992,9.23226383090865e-18,3.29659371913421e-19,1084.08269969513,-8.95832107724078
"ZNRF2","ZNRF2",-0.511441841607618,9.32278309277054e-18,3.33242368825246e-19,1155.52224930058,-8.9571287911368
"AL355103.1","AL355103.1",-1.860949252776,9.49637437272441e-18,3.39884172671168e-19,25.7532794848556,-8.95495177239528
"LPAR5","LPAR5",-1.19189831245697,9.5429025846343e-18,3.41815465400838e-19,721.682856393128,-8.95432662662698
"ADAT3","ADAT3",-0.675086826794861,9.71251418997672e-18,3.48432216376308e-19,162.717583638849,-8.95221097998262
"C2CD2L","C2CD2L",-0.648242312005183,9.81583673591588e-18,3.5241247988459e-19,571.567438963026,-8.95095736405592
"PCED1B-AS1","PCED1B-AS1",-1.49151588838945,1.00556012963974e-17,3.61581203410527e-19,529.754658323112,-8.94812202470293
"IRF4","IRF4",-2.1988206049583,1.0078984102779e-17,3.62702954054012e-19,1112.81682873077,-8.94778002192155
"SPIB","SPIB",-2.38018330329291,1.04520565237117e-17,3.76419708115275e-19,386.009966187437,-8.9436805123193
"IGLV2-14","IGLV2-14",-3.31829473918515,1.04528567260518e-17,3.76739895380766e-19,8545.14557567784,-8.94358659110992
"AGAP2","AGAP2",-0.99904044316168,1.06977613979298e-17,3.85864898924632e-19,469.384983504568,-8.94094256484217
"LINC00892","LINC00892",-1.93879690954519,1.08132699173288e-17,3.90332670186503e-19,29.341692563044,-8.939670445548
"DUS1L","DUS1L",-0.621364000753108,1.09638932014468e-17,3.96075417117075e-19,1613.53667833476,-8.93805626438684
"TNF","TNF",-1.50373486725161,1.13833204853701e-17,4.11862020627468e-19,162.450818482458,-8.93373530788547
"PLIN3","PLIN3",-0.650322482974181,1.19046463932265e-17,4.31387883238871e-19,5939.30188011523,-8.92861177700956
"CRLF3","CRLF3",-0.643342390818882,1.22436018433376e-17,4.44662800967656e-19,990.329978782092,-8.9252576852878
"KNSTRN","KNSTRN",-0.77546201574211,1.22920368895185e-17,4.46796267705426e-19,259.497411543681,-8.92472787957796
"RNF166","RNF166",-0.664550522026055,1.23277276613736e-17,4.48437201340557e-19,1409.30060495601,-8.92432208265004
"ICOS","ICOS",-2.04006065017148,1.24581135055313e-17,4.53527421274533e-19,79.5741183200967,-8.92307255882584
"NRROS","NRROS",-0.835050461406533,1.26292369432985e-17,4.60461098866464e-19,1372.70427103372,-8.92139261900778
"HMBS","HMBS",-0.704040383835148,1.26717976576959e-17,4.62719301228755e-19,501.881294951078,-8.92085087710147
"TBXAS1","TBXAS1",-1.04288236477647,1.32213668514625e-17,4.83802649614436e-19,2177.86252541929,-8.91591543341968
"AC004865.2","AC004865.2",-1.4253407398888,1.32675340763718e-17,4.85952328260698e-19,42.2353359272532,-8.91542420134223
"PAQR4","PAQR4",-0.767604915973017,1.33658466736927e-17,4.89925808387621e-19,760.826196548184,-8.91452182961869
"IGHV2-5","IGHV2-5",-3.61968814969811,1.39520275559703e-17,5.11801205955593e-19,2283.80552193345,-8.90967988452033
"AL359762.1","AL359762.1",-1.04015011645032,1.43389281528275e-17,5.26393543617388e-19,77.7047448508623,-8.90656237161437
"LGALS7B","LGALS7B",-5.06162570431336,1.49906320335214e-17,5.51153830026892e-19,527.003707553386,-8.9014629027145
"GBP1","GBP1",-1.45362611084818,1.5084813524122e-17,5.55457523773244e-19,3953.96785082969,-8.90059968645742
"PLEKHB2","PLEKHB2",-0.794910875600148,1.52570390127302e-17,5.62224545639843e-19,5564.32706449944,-8.89925565833305
"CARMIL2","CARMIL2",-2.01227984428912,1.52688982107236e-17,5.63087173039369e-19,179.443960532488,-8.89908547763011
"NACC1","NACC1",-0.602886305372513,1.53496821577646e-17,5.66922058788517e-19,2063.76372840061,-8.89833202851298
"CYP27B1","CYP27B1",-2.49049885508375,1.67009734560808e-17,6.1776144323956e-19,45.7204797391277,-8.88879327073399
"NCF1B","NCF1B",-1.53729190955687,1.67328028210449e-17,6.2033805580459e-19,1591.74538183037,-8.88833071964643
"ARHGAP11A","ARHGAP11A",-1.08498311290865,1.73520046277058e-17,6.43777509671815e-19,284.08299080169,-8.88420798525281
"AC083949.1","AC083949.1",-2.17396306627709,1.80398763029907e-17,6.70806828939083e-19,6.15246838337379,-8.87963404775284
"TMEM229B","TMEM229B",-0.999352803342178,1.82179074728152e-17,6.77934675295003e-19,442.077623029019,-8.87845819416855
"DUSP5","DUSP5",-1.1834492084597,1.8509778946959e-17,6.8931190726515e-19,585.234885518087,-8.87660640445056
"CD6","CD6",-1.47368641326747,1.86885301476527e-17,6.96489611356424e-19,587.130613104257,-8.87545360961931
"LTA","LTA",-1.96624805740597,1.89195744336225e-17,7.05627612325767e-19,44.3882440545496,-8.87400283877023
"DHRS9","DHRS9",-1.56515716230323,1.91408895148519e-17,7.15482448485476e-19,538.862607348313,-8.87245891455226
"SP140","SP140",-1.58747630313099,1.92903092410137e-17,7.2160543558022e-19,373.408026299964,-8.87151019136983
"PLA2G15","PLA2G15",-0.856271903420165,2.09408077200161e-17,7.84514162388897e-19,2015.57188624537,-8.86219897899041
"SLC2A5","SLC2A5",-1.59519143630527,2.10112156797337e-17,7.87737563463186e-19,3102.9125239514,-8.861741966077
"ABI3","ABI3",-1.07549653332667,2.20182998734776e-17,8.27335699775548e-19,1695.31753232102,-8.85627373462362
"DTHD1","DTHD1",-1.89176126214256,2.2790153569379e-17,8.56973300769122e-19,35.2379060542513,-8.85234757245555
"IGHV1-58","IGHV1-58",-4.11230750476614,2.33829890546625e-17,8.80569148790217e-19,442.437014850749,-8.84931650537447
"MOXD1","MOXD1",-1.62071068836522,2.35269214689386e-17,8.87301038257112e-19,287.477810586704,-8.84846644391476
"SQOR","SQOR",-0.771305371413438,2.40521826125671e-17,9.07781331217166e-19,3713.82877762102,-8.84591894722966
"IGHV6-1","IGHV6-1",-3.72986355699032,2.45162723372408e-17,9.26663840816685e-19,1141.15253220087,-8.84361999777889
"CD1B","CD1B",-2.31570543031965,2.48121296621206e-17,9.38538256487741e-19,15.4404304711127,-8.84219786387204
"RUNX2","RUNX2",-0.992952459412059,2.5038010893864e-17,9.47780314811633e-19,365.090484944015,-8.84110323795003
"TRG-AS1","TRG-AS1",-1.18615216992766,2.51791501152577e-17,9.53824808547321e-19,139.842712541278,-8.84039301793792
"ADGRE2","ADGRE2",-1.71640337994321,2.57371179414726e-17,9.75678896178472e-19,998.004512134848,-8.83786176705937
"CHI3L1","CHI3L1",-2.11025282942557,2.65834006565082e-17,1.00850197333819e-18,14395.1924084591,-8.83416334398634
"TLR1","TLR1",-1.0348086266163,2.68785432877179e-17,1.02044811032395e-18,1031.821350672,-8.83284672421881
"CIP2A","CIP2A",-0.742195261422904,2.71925903497063e-17,1.03312893788571e-18,148.979154119557,-8.83146568484971
"GTF3C6","GTF3C6",-0.769131523404703,2.72829778562779e-17,1.03732353438224e-18,1735.09510773199,-8.8310125437323
"IGKV2D-29","IGKV2D-29",-3.89582552598764,2.77934257354349e-17,1.0582806844489e-18,716.185160066238,-8.82877531725396
"IGKV1D-12","IGKV1D-12",-5.15834215344723,2.79185389983645e-17,1.06382279611887e-18,39.4164277202488,-8.8281909983554
"CCL13","CCL13",-1.7529668214749,2.83435224822119e-17,1.08159671855465e-18,2116.57091058951,-8.82633712634908
"TMEM106A","TMEM106A",-0.959519892875302,2.85060823356342e-17,1.08859464250366e-18,539.195993394828,-8.82561546527475
"BEST1","BEST1",-0.833129697977791,2.94688721371283e-17,1.12700467100042e-18,551.449796668065,-8.8217342473282
"FGR","FGR",-1.30409268988158,2.9544460671982e-17,1.13071901052631e-18,2871.01121447273,-8.82136587722403
"CACNA2D4","CACNA2D4",-1.1590034799067,3.00883622957172e-17,1.15237379217604e-18,407.951489416932,-8.81924177059127
"TMC8","TMC8",-1.45043021933467,3.03589927114077e-17,1.16358508649995e-18,896.420574814046,-8.8181574981179
"TNFRSF17","TNFRSF17",-2.9000954343401,3.07752472425456e-17,1.1803969395329e-18,306.535182487912,-8.81655076573189
"HPRT1","HPRT1",-0.653491017093936,3.10307706269478e-17,1.19106261054515e-18,1064.30707611013,-8.81554310806398
"IGHJ4","IGHJ4",-3.36478201598429,3.1061693143119e-17,1.19311534916287e-18,2391.91187751721,-8.81535019503031
"CD27","CD27",-2.19519191337242,3.14269690442785e-17,1.20802202960446e-18,979.403430117249,-8.81395904468427
"NPC2","NPC2",-1.02653680723074,3.29764125293245e-17,1.26941953179086e-18,20778.4527759913,-8.80840246155591
"GFI1","GFI1",-1.6313208070703,3.31536842915517e-17,1.27901600165875e-18,79.7834797079632,-8.80755802805649
"CD4","CD4",-1.11600424051455,3.49868395232796e-17,1.35168667816768e-18,10102.3857785205,-8.80135943758151
"ARPC1B","ARPC1B",-0.848942538685106,3.61034755974197e-17,1.3968396969817e-18,20107.4578276043,-8.79767170913086
"NCF1C","NCF1C",-1.52200460918521,3.87197095966359e-17,1.5012994020605e-18,3328.70413194407,-8.78957264925381
"PIK3R5","PIK3R5",-1.14406649533582,3.9004567459974e-17,1.51343157921348e-18,1914.01896140826,-8.78866832046377
"AC142381.1","AC142381.1",-4.38287501415941,3.94846718689405e-17,1.53316091744764e-18,161.880381197746,-8.78721287834182
"STRIP2","STRIP2",-1.42115343142326,4.11339313765792e-17,1.5994936381973e-18,87.6144836315123,-8.7824516299674
"RAB4B","RAB4B",-0.57720419446718,4.13973306677196e-17,1.61088985678429e-18,1110.55633063942,-8.78165330375684
"UBE2D1","UBE2D1",-0.728202703598785,4.30068540382363e-17,1.67471986317536e-18,1391.06790069706,-8.77728248318215
"GNG4","GNG4",-1.76207520884985,4.33260370529129e-17,1.68956448326202e-18,87.980096842153,-8.77628957731731
"DTL","DTL",-1.26951777749123,4.34506274531355e-17,1.69563424207358e-18,136.818324690663,-8.77588607103359
"AC018529.2","AC018529.2",-1.52916388504739,4.37435975315534e-17,1.70828655447265e-18,54.9674747788776,-8.77504953439735
"IGHV1-67","IGHV1-67",-4.83817976795301,4.51376986547167e-17,1.76650394177623e-18,40.5789382215959,-8.77127756207757
"CD5","CD5",-1.6344789726167,4.61554713224495e-17,1.8076219430813e-18,453.162887016582,-8.76868673309384
"ACHE","ACHE",-2.08748018699954,4.90222402658284e-17,1.92536129713038e-18,128.806733542545,-8.76157784837675
"ADA","ADA",-0.89591023544563,4.98988138200052e-17,1.96117986024271e-18,702.552394528548,-8.75950020480157
"SLC45A4","SLC45A4",-0.72680804299917,5.02274476784299e-17,1.97689633789388e-18,852.362654359123,-8.75860037728425
"DEDD2","DEDD2",-0.610644063148618,5.03003299312488e-17,1.98116700189142e-18,1622.48025857296,-8.75835708611925
"PTPRJ","PTPRJ",-1.11670910350668,5.05922160188947e-17,1.99407368503741e-18,2658.44257338282,-8.75762495335573
"SEC11C","SEC11C",-1.39712275823572,5.26369350168446e-17,2.07613276791178e-18,2971.68722580772,-8.75307681259987
"MAD2L1","MAD2L1",-0.976713225148193,5.36443067817811e-17,2.1173613492126e-18,237.971802817283,-8.75085828463225
"B4GALT3","B4GALT3",-0.647546276092779,5.38950223603657e-17,2.12875948946727e-18,874.860284726095,-8.75025247020395
"FAM72B","FAM72B",-0.988616781954993,5.67336015320186e-17,2.25194839251831e-18,47.4463929671892,-8.74390198152181
"S100A14","S100A14",-3.5389740161951,5.68256135414095e-17,2.25718464938003e-18,113.711520823506,-8.7436397085233
"APOL2","APOL2",-0.704119548117141,5.69899541356945e-17,2.26530103407666e-18,1998.94574617448,-8.74323436097133
"IGHV5-51","IGHV5-51",-3.45755871739505,5.72031423613331e-17,2.27536959302083e-18,6541.20507138373,-8.74273350639398
"MARCKS","MARCKS",-0.818766013474268,5.93793705737786e-17,2.36524377839525e-18,10181.3146682216,-8.73835732142109
"AL391069.3","AL391069.3",-1.4915171123147,5.96473098005764e-17,2.37757917811357e-18,24.600094265038,-8.73776953522695
"MYDGF","MYDGF",-0.734486003878635,6.05343298785401e-17,2.41799845898113e-18,6132.2264343605,-8.73586442346953
"CCSAP","CCSAP",-0.830390242813298,6.14012319087052e-17,2.45433774375145e-18,615.108395578756,-8.73417827130172
"NRIP3","NRIP3",-1.60997383234424,6.19911407966374e-17,2.4796456318655e-18,293.921675284417,-8.73301847791473
"SMAP2","SMAP2",-0.859809355924286,6.23395786070779e-17,2.4953208328854e-18,4747.87355825079,-8.73230597212034
"NCF1","NCF1",-1.38727667919283,6.33071457382166e-17,2.53805051281077e-18,4879.61174189897,-8.73038593796642
"KIF23","KIF23",-1.2271577590296,6.33071457382166e-17,2.53934446598728e-18,159.436640927598,-8.73032829405408
"FBXL6","FBXL6",-0.683806990340621,6.333573562827e-17,2.54225670535774e-18,339.939720187524,-8.73019866363929
"CSF2","CSF2",-2.96355736683454,6.51651273724498e-17,2.62113669124585e-18,5.68899195328939,-8.72674219378381
"IL31RA","IL31RA",-1.87667226694748,6.53260227500351e-17,2.62942931988991e-18,26.3743407184442,-8.72638480050468
"AL645941.2","AL645941.2",-1.64287823908648,6.53413572979392e-17,2.63186791067657e-18,32.991103958624,-8.72627991456653
"PCNA","PCNA",-0.571146200712276,6.54911033491694e-17,2.63972502976722e-18,2065.30863975925,-8.72594262441064
"OVCA2","OVCA2",-0.713615964063093,6.56662297057725e-17,2.64861419886419e-18,1056.34063803945,-8.72556222348388
"FCHO1","FCHO1",-1.13725062742649,6.79589771349464e-17,2.74487966184076e-18,346.018770675751,-8.72152155656454
"SECTM1","SECTM1",-1.04234549189114,6.80583341904397e-17,2.75078981396899e-18,3322.51078599101,-8.72127806223331
"SIPA1","SIPA1",-0.650924587764537,6.93608118447558e-17,2.80536691252239e-18,2829.60973577716,-8.71905362328811
"CD22","CD22",-2.29140824010209,6.98535029125144e-17,2.82724142798525e-18,319.674242758568,-8.71817403988181
"AC008894.2","AC008894.2",-0.743314198215835,6.990896633546e-17,2.83143492921041e-18,565.96897520071,-8.71800618522372
"CYBB","CYBB",-1.34770897198853,7.03060110963747e-17,2.85143543261952e-18,25546.1658308071,-8.71720898059045
"IGSF6","IGSF6",-1.22296070201904,7.16992018110854e-17,2.9099383369182e-18,1327.81352939461,-8.7149084055355
"IGHV3-23","IGHV3-23",-3.33593643626454,7.41481940814156e-17,3.01759897864437e-18,11072.1310459123,-8.71079163667967
"PACSIN1","PACSIN1",-2.04877279656223,7.43399638146935e-17,3.02747559953358e-18,36.9384327105804,-8.71042126119226
"SLA","SLA",-1.09774862995896,7.59804082857959e-17,3.10063603429701e-18,1961.41906573143,-8.7077143114459
"CUX2","CUX2",-2.21977997920463,7.67199698572161e-17,3.13295486664311e-18,12.9503764026596,-8.70653853264288
"SOD2","SOD2",-1.17009939290125,7.74612790946312e-17,3.16619833790449e-18,46449.6104131203,-8.70534154323158
"P2RX7","P2RX7",-1.2388290470338,8.01942039447706e-17,3.28153564852748e-18,1341.8965261659,-8.70128273082687
"IGLV3-19","IGLV3-19",-3.4962844721004,8.10562742673055e-17,3.32133026266032e-18,7289.46464869769,-8.69991494193107
"IGHV3-43","IGHV3-43",-3.66659417323786,8.26813085379408e-17,3.39483114916758e-18,996.314976342617,-8.69743063901613
"CCL2","CCL2",-1.59971008824408,8.36227771811499e-17,3.43814902696017e-18,3106.53121088288,-8.69599126349626
"CD8A","CD8A",-1.5983551306772,8.40613402762696e-17,3.45852371422366e-18,794.478116640931,-8.69532042919221
"CFB","CFB",-1.51972240126475,8.41900311402327e-17,3.46616518450519e-18,8529.96684507842,-8.69506984022706
"IGKV1D-33","IGKV1D-33",-4.21742466548006,8.61426108561935e-17,3.55375788340533e-18,97.4076790789267,-8.69223571962334
"IGHE","IGHE",-3.3190885352445,8.83239881002032e-17,3.64867318089202e-18,177.285346341163,-8.68924149444085
"CENPK","CENPK",-0.979628193104886,8.92122803309764e-17,3.69282888617421e-18,107.87683490379,-8.68787466093032
"TNFRSF13C","TNFRSF13C",-2.44530103914122,9.03431735988558e-17,3.74215905137003e-18,198.918376792178,-8.68636660578763
"UBASH3A","UBASH3A",-1.69399940584112,9.15974179723174e-17,3.79666510173759e-18,114.440251645777,-8.68472297585774
"TRAC","TRAC",-1.48435325998745,9.19927371352376e-17,3.81561513190895e-18,1621.27371777501,-8.68415699039235
"PPIF","PPIF",-0.990056183678307,9.57526013583345e-17,3.98757871580074e-18,1147.48631846407,-8.67914419828246
"ADAMTS14","ADAMTS14",-2.02169178194069,9.75108633162857e-17,4.06351890335462e-18,251.574863411053,-8.67699810119773
"XIRP1","XIRP1",-4.30476168728135,9.9004716923348e-17,4.12853119212066e-18,51.0749743744916,-8.67519205721937
"AL592429.1","AL592429.1",-2.47881298625086,1.00302877581373e-16,4.18825674193439e-18,6.30076477710373,-8.6735574541351
"LINC02285","LINC02285",-1.46682931714378,1.02740122880931e-16,4.29575426679852e-18,30.7605957804303,-8.67067255170182
"AL441992.1","AL441992.1",-1.22887289163799,1.07125187007131e-16,4.49104616749061e-18,70.7734083081814,-8.66560929750533
"IKZF3","IKZF3",-1.84591594259951,1.08923036476166e-16,4.5724903953479e-18,735.661026925162,-8.66356166148122
"EVI2B","EVI2B",-1.15419350264888,1.10509242812189e-16,4.642158297365e-18,3340.86745097587,-8.66183847283238
"LAX1","LAX1",-2.17281193905528,1.1097083853107e-16,4.66773506183652e-18,379.367553968266,-8.66121224839313
"DIAPH3","DIAPH3",-1.61568474498901,1.11746202862654e-16,4.70657874635457e-18,85.0497343789304,-8.66026764427399
"KCNA3","KCNA3",-1.83143493281438,1.14104467238883e-16,4.80908583875096e-18,172.918099622187,-8.65781134573115
"HTATIP2","HTATIP2",-0.619434771648883,1.16823822153887e-16,4.92695311272002e-18,1490.02579001809,-8.65505007302652
"CD52","CD52",-1.77153432766151,1.17145720573004e-16,4.94379431212624e-18,1626.9402328026,-8.65466086875235
"IGLV2-18","IGLV2-18",-3.86797037826068,1.20170613888502e-16,5.07480083738206e-18,462.108385165618,-8.65167722088552
"PFKFB4","PFKFB4",-1.24047401860084,1.28502038427973e-16,5.43738242045055e-18,377.665732580615,-8.64379973495892
"LST1","LST1",-1.46696584427557,1.30228767251157e-16,5.51407658409777e-18,1816.00171836016,-8.64220005906479
"SIRPG","SIRPG",-1.93105200642089,1.31183322983326e-16,5.55815054870121e-18,85.9160909473741,-8.64129067895745
"YIF1B","YIF1B",-0.653489120896879,1.3256586737101e-16,5.62042325494931e-18,1877.0080329049,-8.64001786386792
"XCL2","XCL2",-2.19853536648161,1.34496019231292e-16,5.70600533156866e-18,39.7926374819986,-8.638291147257
"CKM","CKM",-4.66599730399848,1.36860275198345e-16,5.81393893804258e-18,1004.03186904796,-8.63614955500855
"HIST1H1D","HIST1H1D",-2.78028099512223,1.38889081677238e-16,5.90995113221347e-18,10.0566249619263,-8.63427723310629
"CCDC159","CCDC159",-0.706305887178168,1.38889081677238e-16,5.91173875180886e-18,336.219445941028,-8.63424265840427
"TRBC1","TRBC1",-1.76541122238437,1.38939180186567e-16,5.91774403693585e-18,785.390004534702,-8.63412658452354
"SLC35B1","SLC35B1",-0.629920753129103,1.42270524047857e-16,6.06756520677968e-18,1968.4255252577,-8.63126776925461
"IGLV1-44","IGLV1-44",-3.48442534514511,1.4264129034558e-16,6.08735374269223e-18,11248.4649311356,-8.63089539405637
"TMEM158","TMEM158",-1.22000770095793,1.42674138625569e-16,6.09436391477785e-18,210.241516333185,-8.63076376513395
"IGHV1OR16-1","IGHV1OR16-1",-4.30709251118741,1.44432034474096e-16,6.18793134457658e-18,76.4021138505471,-8.62902103288324
"MPP1","MPP1",-0.890138094470515,1.45068241642307e-16,6.21923221312524e-18,4104.38866555269,-8.62844384286886
"SERPINF2","SERPINF2",-0.849706778738077,1.46071171058085e-16,6.26630055075657e-18,177.830669218819,-8.62758127522085
"WDR77","WDR77",-0.531812519763635,1.47712859257215e-16,6.34496212168274e-18,921.354420245807,-8.62615390975586
"SPC24","SPC24",-1.14786990587431,1.49610677700496e-16,6.43065268332167e-18,71.2334780625145,-8.62461874179968
"SRA1","SRA1",-0.630216515477873,1.5134174892332e-16,6.50927717320369e-18,1475.98327233602,-8.62322782459577
"Z98257.1","Z98257.1",-1.76939838109411,1.52539296856807e-16,6.56503621872918e-18,17.3140136250892,-8.62225142588796
"ITGB2-AS1","ITGB2-AS1",-1.92915263561214,1.55045431084844e-16,6.67721786832291e-18,109.808093040106,-8.62031156757964
"MXD3","MXD3",-1.0800517923905,1.56370192778148e-16,6.74298782516501e-18,169.619940601454,-8.61918916988937
"TOR3A","TOR3A",-0.681680870939058,1.58037510806774e-16,6.8192910586449e-18,1949.94416893381,-8.61790047838386
"FBXO5","FBXO5",-0.546761739065328,1.58339177007149e-16,6.83672153823202e-18,261.968657525875,-8.61760809101561
"IGHV3-33","IGHV3-33",-3.44086717119261,1.64964911165204e-16,7.1320021523967e-18,7635.09812625127,-8.61276366829203
"ACAP1","ACAP1",-1.17122629442102,1.74418086922484e-16,7.56014286172717e-18,901.88871020083,-8.60608012562374
"AC083837.2","AC083837.2",-0.914420040794238,1.77253860935252e-16,7.68800021227183e-18,63.3509083184278,-8.60415653348631
"PHKG2","PHKG2",-0.527427127892281,1.81964041683037e-16,7.89736621325405e-18,758.076008495669,-8.60107382480276
"MYO7A","MYO7A",-1.03505265794862,1.83967066040194e-16,7.98942686803129e-18,761.308152685641,-8.59974377324542
"MFSD13A","MFSD13A",-0.798231277199108,1.86359878758692e-16,8.09853800654497e-18,296.57402237635,-8.59818683466777
"IGHV3-20","IGHV3-20",-3.78573883262342,1.88449478877557e-16,8.19459754840388e-18,928.256480227855,-8.59683317541671
"KLRC1","KLRC1",-1.61489704084904,1.96450631639026e-16,8.54799821570784e-18,26.0097487501983,-8.5919844200731
"PARP12","PARP12",-0.811308179566945,2.005923255714e-16,8.73380383393802e-18,1566.83479665525,-8.58951390217646
"HELLS","HELLS",-0.960632878318605,2.02414249923914e-16,8.81877275626699e-18,147.915700107817,-8.58840137058043
"AC017002.3","AC017002.3",-1.5989372126479,2.03406235146873e-16,8.86766137337167e-18,10.2135577233421,-8.58776603763892
"DNMT1","DNMT1",-0.674539688220206,2.05581883908274e-16,8.96824106805432e-18,1920.56907710826,-8.58646975344783
"PARP15","PARP15",-1.48676239743684,2.11313454196243e-16,9.22416360338163e-18,248.936767111538,-8.58323501518774
"AL031846.1","AL031846.1",-2.24930923411354,2.25138004389936e-16,9.83390251927609e-18,7.9414085114657,-8.57587181305231
"SFXN2","SFXN2",-0.843459614790916,2.34526443923906e-16,1.02635962915828e-17,227.128102700264,-8.57094870044957
"AL031123.1","AL031123.1",-1.8076032782945,2.36785955417006e-16,1.03690797480172e-17,9.98391295775125,-8.56977125795397
"SOCS1","SOCS1",-1.2594180971035,2.44610194540456e-16,1.07185289426508e-17,315.965608078854,-8.56595333685128
"GSDMC","GSDMC",-2.91510099640813,2.46162781398135e-16,1.07934231397705e-17,52.8772356725669,-8.56515107765978
"AC020909.2","AC020909.2",-2.59279878637878,2.48629166633586e-16,1.0908496398084e-17,22.3699482724311,-8.5639290671548
"ARHGAP9","ARHGAP9",-1.10596915773286,2.53219785277709e-16,1.11240245741511e-17,1083.51526901139,-8.56167413109463
"OSM","OSM",-2.09039577849954,2.74600391053775e-16,1.20938987558178e-17,153.388087250524,-8.55203319082242
"MPV17L2","MPV17L2",-0.53295826097557,2.79459135496519e-16,1.23234662677489e-17,428.375313930463,-8.54986303387127
"STRA6","STRA6",-2.33829643044943,2.83620295080917e-16,1.25227748406459e-17,108.793958025342,-8.54801103444699
"RHOF","RHOF",-1.33092206178892,2.86065471872407e-16,1.26466853906519e-17,459.639178603474,-8.54687425002504
"PNOC","PNOC",-2.83072623276341,3.0411825508353e-16,1.34871677724849e-17,162.239773760152,-8.53944187955189
"RCSD1","RCSD1",-0.791418852774573,3.07277340358779e-16,1.36358334732035e-17,2274.45693055266,-8.53817497103103
"RPL22L1","RPL22L1",-1.09555757927882,3.23397163685658e-16,1.43692008059913e-17,998.936754115539,-8.53211829819473
"AL117328.1","AL117328.1",-1.97858437778988,3.36073997750059e-16,1.49792981854312e-17,5.4044167921879,-8.52730774923131
"CDC42SE1","CDC42SE1",-0.556638785280802,3.64058477022261e-16,1.62671982903605e-17,3552.78913555167,-8.5177577776495
"CD300C","CD300C",-1.42363183525646,3.67753571336865e-16,1.64425568898769e-17,897.861528575077,-8.51651556197123
"GAS2L3","GAS2L3",-0.758367411539567,3.68826370160132e-16,1.65008034594289e-17,252.842558276247,-8.51610584211724
"SLC2A9","SLC2A9",-0.878625808727103,3.70019253733236e-16,1.65644856166014e-17,320.423814989989,-8.51565951698334
"RIN3","RIN3",-0.78610473133222,3.71096657876444e-16,1.66230614413225e-17,3102.84921861829,-8.51525047270597
"ACTN2","ACTN2",-4.4108909137915,3.73224938572908e-16,1.67392035167612e-17,292.424924790495,-8.5144436230327
"FTH1P23","FTH1P23",-1.41582544388825,3.7722755751486e-16,1.69292367274962e-17,20.7583460251627,-8.51313528342605
"IGLV1-41","IGLV1-41",-4.08826589217857,3.82993849793508e-16,1.72093682471675e-17,31.7052076710273,-8.5112328253081
"SLX1A","SLX1A",-0.841523942759744,3.93530531557353e-16,1.76937908683487e-17,1064.20623679123,-8.50801395113327
"IGHV3-7","IGHV3-7",-3.32019985029499,3.93599087366865e-16,1.77078446553344e-17,4230.0699258546,-8.5079218703921
"IGHV1-18","IGHV1-18",-3.37419250563555,3.95557414863487e-16,1.78290268943347e-17,6986.53187606338,-8.50713086004848
"LGALS17A","LGALS17A",-2.60019061191271,3.96029102298158e-16,1.78613264813497e-17,17.6811944337897,-8.50692092167568
"CTSD","CTSD",-1.01539383742706,3.97553475135663e-16,1.79411589197112e-17,48575.9442188803,-8.50640363581588
"XBP1","XBP1",-1.34144185689378,4.00928987317928e-16,1.8104667859374e-17,15530.3626716632,-8.50535120830474
"TLR2","TLR2",-1.37808447772713,4.03369330334487e-16,1.8226109671699e-17,2301.22851318581,-8.50457559843143
"TRBV7-2","TRBV7-2",-1.92768750953222,4.05893982656288e-16,1.83514993691568e-17,43.7443111249037,-8.5037801070448
"TRAF3","TRAF3",-0.589287643147049,4.14340430854746e-16,1.87680334533508e-17,1887.88743363862,-8.50117552472298
"TWF2","TWF2",-0.646638033602295,4.14982933835571e-16,1.88087038443662e-17,4953.30481251109,-8.50092427689549
"LY96","LY96",-1.26819280373756,4.16607823419601e-16,1.88939631694409e-17,1174.78768481264,-8.50039930900815
"HSPA8","HSPA8",-0.528603490854307,4.17361414149216e-16,1.89397737208341e-17,28939.603730634,-8.50011820390532
"MYO1F","MYO1F",-1.06427120586073,4.21756316307564e-16,1.91509697356103e-17,4054.59420696385,-8.49883086769005
"GALNT6","GALNT6",-0.919645487061785,4.2265833313832e-16,1.9203709631093e-17,646.59840960203,-8.49851157981066
"PTPRC","PTPRC",-1.21303822412018,4.27270646556866e-16,1.94370925485939e-17,8381.68846246392,-8.49710898470803
"C8orf76","C8orf76",-0.551357146353105,4.32197268983962e-16,1.96732582648309e-17,504.795178972034,-8.49570647992731
"C11orf45","C11orf45",-0.984066729099536,4.74996846265722e-16,2.17273818737854e-17,138.309150760729,-8.4841647063036
"NLRP7","NLRP7",-2.86404407013444,4.81461660287152e-16,2.20365169670106e-17,11.4101398058807,-8.48252160479556
"IKZF1","IKZF1",-1.14853473058494,4.84497286628545e-16,2.21889628412738e-17,2100.87846162721,-8.48171968549
"B2M","B2M",-0.892248935518346,4.85244651581726e-16,2.22367165770134e-17,278612.260954632,-8.48146960172509
"HLA-DQB1-AS1","HLA-DQB1-AS1",-1.87151072615469,4.8884256930845e-16,2.24288465249257e-17,75.3294851582538,-8.48046875359583
"CLEC6A","CLEC6A",-2.6044738474768,5.07852358962119e-16,2.33293571447964e-17,18.7088376568413,-8.47588777338613
"NME1","NME1",-0.804598478286853,5.10022813989945e-16,2.34432786137817e-17,1947.60745735345,-8.47532071798064
"IGHV3OR16-8","IGHV3OR16-8",-4.63459798674287,5.11523543010519e-16,2.35265183544908e-17,79.1573511661978,-8.47490810029409
"SLC25A5","SLC25A5",-0.712711447664738,5.3336614439122e-16,2.45905952006433e-17,7357.31091041497,-8.46975678126045
"ADCK2","ADCK2",-0.610902958183966,5.34173343012988e-16,2.46427005626898e-17,1474.55731372701,-8.46951021557284
"LNCAROD","LNCAROD",-2.07032368285955,5.38951696164647e-16,2.48931835691936e-17,19.1633207509505,-8.4683320492785
"METTL1","METTL1",-0.652912021198499,5.38951696164647e-16,2.48827832080995e-17,387.686623307998,-8.46838073498417
"AGPAT3","AGPAT3",-0.560981402766331,5.4416440246222e-16,2.51491171925397e-17,3595.69175288923,-8.46714026516938
"SLC25A13","SLC25A13",-0.529929339222776,5.4626459760799e-16,2.52614067576768e-17,596.448317507344,-8.46662114803413
"ENTPD4","ENTPD4",-0.704072229466713,5.48393183881633e-16,2.53751271148017e-17,1168.87534632,-8.46609773145806
"TMEM70","TMEM70",-0.673955718608998,5.6536982619608e-16,2.61921853975717e-17,1360.84871482889,-8.46240376679352
"EDEM2","EDEM2",-0.686396694758034,5.70068134334783e-16,2.64257367916026e-17,1706.93557708412,-8.46136874942712
"ADAM19","ADAM19",-1.21773714280919,5.72913804192677e-16,2.65895884036462e-17,1109.52857547138,-8.4606479896094
"OLR1","OLR1",-2.45064899599553,6.24944563283307e-16,2.91437562194557e-17,940.704348735591,-8.44994601013504
"VOPP1","VOPP1",-0.646867930684077,6.36736592945721e-16,2.97114162115996e-17,7910.23042085118,-8.44769350033402
"COLGALT1","COLGALT1",-0.753038642687491,6.70869929041301e-16,3.13708881119536e-17,7081.54397751026,-8.44134419406224
"CCDC189","CCDC189",-1.06112637797122,6.7734536727533e-16,3.17007072238405e-17,45.2243796499508,-8.44012183022576
"EVI2A","EVI2A",-1.16220359515909,6.81173913377481e-16,3.18988759435308e-17,2170.983275914,-8.43939340388486
"IGLL5","IGLL5",-3.12145070020683,6.85973340428082e-16,3.21427508086301e-17,15794.8309591668,-8.43850307442313
"TRAV21","TRAV21",-1.9272167702588,6.96947351384579e-16,3.27152429193486e-17,14.4449118911782,-8.43643895289407
"IGKV1D-16","IGKV1D-16",-3.82747620012267,7.1483196518915e-16,3.35946116601786e-17,234.625863316701,-8.4333367808521
"PRDX1","PRDX1",-0.69357094909106,7.77003469162949e-16,3.67113834210787e-17,16116.4841660437,-8.42295234168449
"SEPT3","SEPT3",-1.42020600201113,7.80834651930463e-16,3.69141622208799e-17,42.0038155522013,-8.42230719636907
"IL7","IL7",-0.994469795020674,7.87547057526577e-16,3.72753980119896e-17,215.539807545387,-8.4211665299269
"VPS9D1","VPS9D1",-0.533980524801497,8.1225075830432e-16,3.85352136762078e-17,612.481608945897,-8.41727203932571
"TCIRG1","TCIRG1",-0.963757594254849,8.24853911950639e-16,3.91791237899342e-17,4274.91089865446,-8.41532974831282
"NCF4","NCF4",-0.944758684349156,8.62405731766627e-16,4.10589265465477e-17,1602.73002777238,-8.40983461144689
"TMPO-AS1","TMPO-AS1",-0.988883871620809,8.70098734245894e-16,4.14642244235498e-17,43.4293346813584,-8.40868238929847
"PAFAH1B3","PAFAH1B3",-0.751721555248515,8.70098734245894e-16,4.1473695764752e-17,276.123131312315,-8.40865559624663
"MIIP","MIIP",-0.57117151867892,8.72334764341489e-16,4.16045932205794e-17,855.209986010609,-8.4082859231635
"AREL1","AREL1",-0.509364489803691,9.07139578995491e-16,4.33151247057638e-17,1354.01557317295,-8.40355786003981
"TREM2","TREM2",-1.95832464832188,9.82753784526443e-16,4.70626063224092e-17,1507.23951626289,-8.39381260344787
"SH2B3","SH2B3",-0.693777602742007,9.99676504406713e-16,4.79008755700387e-17,3982.25333658199,-8.39173768082595
"IFNG","IFNG",-2.0864941343334,1.05087524949405e-15,5.05005973554772e-17,26.2909133333026,-8.38552328528577
"TAP1","TAP1",-0.916756799960561,1.05538080931743e-15,5.07465336884339e-17,5803.10373874405,-8.3849518271969
"GMPPB","GMPPB",-0.578787649178118,1.11102877873591e-15,5.35151980391817e-17,1379.08632192085,-8.37870063192492
"VPREB3","VPREB3",-2.64883523030032,1.15371727125432e-15,5.56784631202255e-17,52.9390270883075,-8.37403446678353
"HMGN1","HMGN1",-0.65755634855078,1.15371727125432e-15,5.57000226846685e-17,4552.45579939909,-8.37398886849424
"FCRL4","FCRL4",-4.59531999587406,1.16223175204711e-15,5.617119580539e-17,4.29580123787662,-8.37299666495566
"IGLJ3","IGLJ3",-3.42114787925021,1.16223175204711e-15,5.61758845449393e-17,289.13797479182,-8.37298683264308
"SPCS3","SPCS3",-0.573003600668974,1.16551423583403e-15,5.63670299420779e-17,6109.22276837561,-8.3725866872593
"LINC01705","LINC01705",-2.84467491558916,1.17187715774409e-15,5.6740087052306e-17,13.2806253186641,-8.37180956671707
"MYCBP","MYCBP",-0.5075928339069,1.19027453211865e-15,5.76640316884241e-17,712.547769006327,-8.36990637374846
"FTH1P12","FTH1P12",-1.53319757904885,1.21236160446207e-15,5.87678558929487e-17,15.3433631516258,-8.36767169773848
"ZNF296","ZNF296",-0.995491504584397,1.2276326832939e-15,5.95423238726517e-17,152.963680681455,-8.3661283757037
"BTLA","BTLA",-1.8151840248478,1.22893161997924e-15,5.96395804985046e-17,127.99719493331,-8.36593596828137
"ATP6V1D","ATP6V1D",-0.533685170089998,1.22903605118119e-15,5.96789073493416e-17,1638.56180229983,-8.36585825394962
"POLA2","POLA2",-0.572790151555329,1.29836597611486e-15,6.32263515058584e-17,265.890792430519,-8.35904806035426
"CMTM6","CMTM6",-0.592003761565098,1.32006803375184e-15,6.43199699790441e-17,6197.74217870876,-8.35702445620296
"GCH1","GCH1",-1.05307237538722,1.34428412751946e-15,6.55748354887543e-17,707.099777362414,-8.35474387902716
"RTCA","RTCA",-0.51249819633601,1.34963452717343e-15,6.5873451068451e-17,972.806620283515,-8.35420752024837
"IGKV3-15","IGKV3-15",-3.32537315118832,1.36001681956121e-15,6.64939233870483e-17,15141.1867128815,-8.35310068414339
"PSMB9","PSMB9",-1.06716667074104,1.37620624473728e-15,6.74005399861576e-17,4588.85900378149,-8.3515015870872
"IGHV3OR16-9","IGHV3OR16-9",-4.01036047897561,1.37748693453264e-15,6.75400562464924e-17,212.692888408365,-8.35125739244189
"NR1H3","NR1H3",-1.21441217562156,1.38607017626032e-15,6.79995403545132e-17,2340.5130340867,-8.35045666227268
"GNPTAB","GNPTAB",-0.549938804482109,1.41100086510794e-15,6.92619518733125e-17,2332.53868796849,-8.34828386126744
"GSTO1","GSTO1",-0.911241882688433,1.41207490587418e-15,6.93540344014021e-17,6214.22927370027,-8.34812690508613
"PRSS21","PRSS21",-2.21237231671469,1.43631034281425e-15,7.05843939897289e-17,19.0634040261592,-8.34604923172433
"CNPY3","CNPY3",-0.635266322585329,1.46422828426789e-15,7.19971761240014e-17,3631.62012321864,-8.34370711282979
"CCL17","CCL17",-2.39061382476153,1.54058598008452e-15,7.57946830619981e-17,36.8685842873444,-8.33762940446311
"IGLV3-16","IGLV3-16",-4.07394468541958,1.60527972019775e-15,7.91700047855785e-17,46.8510818847428,-8.33247436513095
"PLEKHO2","PLEKHO2",-0.854655512388419,1.60527972019775e-15,7.9201257275262e-17,7940.47909539039,-8.33242765393362
"IGLC1","IGLC1",-3.05660534360974,1.61415480659019e-15,7.96841299643549e-17,26715.2483425548,-8.33170823443803
"NFAM1","NFAM1",-1.14844441652176,1.71077661008986e-15,8.47400706935104e-17,2323.76485263472,-8.32442358970139
"IGLC2","IGLC2",-3.21367663933937,1.73468321924569e-15,8.60209462589013e-17,81240.7700147664,-8.32264616366505
"IGHV3-60","IGHV3-60",-3.91341555841353,1.77213385154433e-15,8.79274775121646e-17,78.9452203256115,-8.32004829563959
"WSB2","WSB2",-0.579095217021757,1.85720192979742e-15,9.22518143247111e-17,3369.64590929412,-8.31435603407058
"TSEN54","TSEN54",-0.540949101262687,1.92915296178754e-15,9.5987122976746e-17,408.017216651395,-8.30964707248964
"CSTB","CSTB",-1.15712439964697,1.93835859663681e-15,9.64991903440652e-17,9942.9144946025,-8.30901565714039
"TDO2","TDO2",-1.84046602127143,1.95271637640228e-15,9.72684087701986e-17,104.804904240839,-8.30807333871745
"CD226","CD226",-1.2431215193671,2.00678205908907e-15,1.00017458443241e-16,522.74521782282,-8.30476469724993
"SLC46A3","SLC46A3",-0.583566072947241,2.01653339080794e-15,1.00559672087955e-16,779.06141949569,-8.30412271124049
"PSMB8","PSMB8",-0.703837888905332,2.05263437638877e-15,1.02474374024036e-16,4955.09072643701,-8.30188268047425
"PSD4","PSD4",-1.02103297384867,2.07558736049409e-15,1.03678119860778e-16,1335.32908558215,-8.30049543842582
"RAB39B","RAB39B",-1.59928030279113,2.12756126553528e-15,1.06392889487673e-16,59.9766454760395,-8.29742425596467
"BCL2A1","BCL2A1",-1.94309450827324,2.13804710366949e-15,1.06980380827822e-16,646.245368803002,-8.29676981272953
"CCNE2","CCNE2",-1.07782146042386,2.13804710366949e-15,1.07036448730046e-16,61.1040510199723,-8.29670754054954
"EOMES","EOMES",-1.58580001787958,2.16416702778374e-15,1.0840440833247e-16,182.138661478614,-8.29519809051924
"AC026310.2","AC026310.2",-2.2589053269612,2.21954119995378e-15,1.11363739649249e-16,6.71141294585555,-8.29199593229369
"AL133371.2","AL133371.2",-1.22650368660368,2.24098937605045e-15,1.1256481827576e-16,40.6669607668945,-8.29072017550665
"KLRB1","KLRB1",-1.67987865105637,2.26933520240407e-15,1.14178398336985e-16,328.79601816283,-8.28902723788456
"ANKRD36BP2","ANKRD36BP2",-2.23956915218041,2.34019001671046e-15,1.17808590109521e-16,195.948797896301,-8.28530317624388
"AL138756.1","AL138756.1",-0.948862321962066,2.36863168972573e-15,1.19372434704505e-16,91.2772665569349,-8.28373364354509
"IGKV1-37","IGKV1-37",-4.74842903073122,2.39259780827768e-15,1.20667698019004e-16,44.2561848808079,-8.28244894383264
"LINC02576","LINC02576",-2.31158308097394,2.39259780827768e-15,1.20713645518679e-16,27.9094111915951,-8.28240362118081
"MAFB","MAFB",-0.85604271680991,2.53801554928677e-15,1.28474877700482e-16,13890.186054808,-8.27498213764747
"CRELD2","CRELD2",-0.693653280716,2.58578799745005e-15,1.30965206727993e-16,2456.15291883889,-8.27269428320578
"CENPO","CENPO",-0.512322288122173,2.60166211108412e-15,1.31841720361002e-16,360.155945816568,-8.271899227451
"PLK4","PLK4",-1.00029258947279,2.6256591091192e-15,1.33204169438243e-16,115.337251720297,-8.27067368394091
"GPR31","GPR31",-2.73111975688399,2.6274809906237e-15,1.33369836485735e-16,8.48264473196374,-8.27052550749458
"ARPC5L","ARPC5L",-0.613598783201119,2.62865699937177e-15,1.33502802867049e-16,1299.22604099105,-8.27040671050429
"IGHV3-47","IGHV3-47",-4.11227547289765,2.66474875905518e-15,1.35410090251083e-16,51.5334407523139,-8.26871539111613
"IGHV3-66","IGHV3-66",-3.52296065597466,2.68683977591333e-15,1.36607547073614e-16,730.697005835874,-8.26766548743554
"IL15","IL15",-0.800502471764183,2.68768654385189e-15,1.36725517561803e-16,313.27553637864,-8.26756254497655
"FGD3","FGD3",-0.967307754460133,2.69982799840495e-15,1.37418422998953e-16,997.294601771694,-8.26695966955283
"AIFM3","AIFM3",-1.00837300543494,2.76743313873498e-15,1.40936594967772e-16,47.7406274301978,-8.26394413070692
"ADM2","ADM2",-1.74295205785769,2.79035526229151e-15,1.42259505915851e-16,62.7399815817515,-8.26282938490256
"IGHV4-31","IGHV4-31",-3.33375644473839,2.90444149340062e-15,1.48318796262298e-16,1143.67842779313,-8.25785079152061
"LXN","LXN",-0.968183109083639,2.94814704988082e-15,1.50632851356977e-16,1451.32718649097,-8.25600219926675
"CASP1","CASP1",-0.737962216542211,2.96596001640088e-15,1.51708338121132e-16,1455.7209760465,-8.25515255267802
"IGLV8-61","IGLV8-61",-3.64533505044011,3.06085487757204e-15,1.56988793720768e-16,1673.22165849974,-8.25106525550137
"LINC01410","LINC01410",-0.83992187071536,3.10079220491328e-15,1.59210013698962e-16,82.6452304869041,-8.24938629252599
"KISS1R","KISS1R",-2.53383520690153,3.11414558543066e-15,1.60069253227432e-16,8.13509076686284,-8.24874300273349
"GRINA","GRINA",-0.591805648782994,3.16262053087108e-15,1.6264905587337e-16,8064.87997670444,-8.24683183143778
"ZGLP1","ZGLP1",-1.46276986110521,3.16977979859386e-15,1.63105603016147e-16,43.0152229462311,-8.24649672692028
"RBP5","RBP5",-1.41961561813983,3.21897124853867e-15,1.65726547625113e-16,143.367300594497,-8.24459067306215
"GMFG","GMFG",-1.03548523900363,3.23625230993047e-15,1.66796669576625e-16,3437.0180090731,-8.2438209690747
"TMED5","TMED5",-0.528556362767796,3.23625230993047e-15,1.66732856004821e-16,2858.310677792,-8.24386673141814
"BHLHA15","BHLHA15",-2.97140642989687,3.34549763203253e-15,1.72706943958864e-16,106.498259057333,-8.23965568630383
"PLBD1","PLBD1",-0.742665591307885,3.34941395601738e-15,1.73002482522654e-16,3872.74797748192,-8.23945111138102
"LCK","LCK",-1.55388895498936,3.42762870137799e-15,1.77424571385615e-16,732.59179483851,-8.23643056915234
"TMEM102","TMEM102",-0.634499821633262,3.46069260610602e-15,1.79328991073201e-16,509.628061908713,-8.23515254019772
"CAPG","CAPG",-1.09602557446307,3.47216758138624e-15,1.80020395857238e-16,10019.9881088312,-8.23469185653001
"LINC01303","LINC01303",-1.54937433402641,3.47290799201643e-15,1.80155589495263e-16,40.218255176853,-8.23460198079634
"AC114271.1","AC114271.1",-0.869662118200655,3.50508598587734e-15,1.81922511657243e-16,76.0528284791474,-8.23343341867344
"TRAV12-2","TRAV12-2",-1.69621800812062,3.51572520440495e-15,1.82572712356973e-16,19.1993295315167,-8.23300621972354
"TMEM52B","TMEM52B",-2.09129459018106,3.51827921179829e-15,1.82803413262495e-16,74.7593413499904,-8.23285500358226
"GLDC","GLDC",-1.27563810788488,3.7487859518496e-15,1.95093613159671e-16,41.390523458705,-8.2250597276886
"IGLV3-21","IGLV3-21",-3.31325493304617,3.76281377787125e-15,1.9592853343731e-16,13714.9819944797,-8.22454786866948
"AL390036.1","AL390036.1",-1.51507071974336,3.9422272521538e-15,2.05819976119416e-16,37.5674523656584,-8.21864226937577
"KCNJ10","KCNJ10",-2.07918589162107,4.02370790347117e-15,2.10410481586395e-16,36.4047233182343,-8.21599599553926
"MYLPF","MYLPF",-3.27383965223363,4.07942481816668e-15,2.13437780730282e-16,114.844992171905,-8.21428182157488
"ZG16B","ZG16B",-2.39972067285309,4.08262582125516e-15,2.13832861829643e-16,40.6295405075945,-8.21405988153179
"MIXL1","MIXL1",-2.44670128501259,4.13056690590005e-15,2.16574114285659e-16,51.6906901971831,-8.21253100310352
"AL357143.1","AL357143.1",-2.3777790944935,4.18126074130365e-15,2.19348647111734e-16,13.654845030517,-8.21100286667517
"SHKBP1","SHKBP1",-0.537254554122482,4.24093329697279e-15,2.22951921897998e-16,3533.22240730381,-8.20904647846248
"IGKV1D-37","IGKV1D-37",-4.33143461646179,4.38299406793654e-15,2.30908955774218e-16,58.3766305160416,-8.20483439307285
"AC010186.2","AC010186.2",-0.838661332283288,4.38876728545968e-15,2.31335440747157e-16,196.889678127889,-8.20461269062588
"HSPA6","HSPA6",-1.04835776011295,4.45082520589537e-15,2.34854693094354e-16,690.517150957049,-8.20279848605069
"LINC01503","LINC01503",-1.08533096233521,4.56932591223682e-15,2.41489670511526e-16,248.817077320248,-8.19944983361526
"NAT1","NAT1",-0.582027984138223,4.56932591223682e-15,2.41424108515382e-16,208.023578018642,-8.19948247672406
"UBE2L6","UBE2L6",-0.828546547248322,4.62635576234721e-15,2.44632665677286e-16,5095.42705131728,-8.19789510711449
"PKD2L1","PKD2L1",-2.10948439480009,4.71762721581484e-15,2.49853427457789e-16,21.9000787611074,-8.19535558974619
"PTPN1","PTPN1",-0.635249858462865,4.71762721581484e-15,2.4976457881525e-16,3125.62907769548,-8.19539836890951
"ABCC10","ABCC10",-0.693748632160991,4.79785024246516e-15,2.54369649091811e-16,519.38901534203,-8.19320062421487
"FER1L4","FER1L4",-2.68912893377231,4.84976929168356e-15,2.57527818833649e-16,137.007100431718,-8.19171596095208
"TRBV18","TRBV18",-1.99228430773193,4.8775321026262e-15,2.59138012198064e-16,20.9458490602482,-8.19096589879747
"ZNF267","ZNF267",-0.59152496448302,5.00045057267888e-15,2.65807923124701e-16,726.154966074513,-8.18790707430059
"OTOAP1","OTOAP1",-1.83362350096406,5.14571500281236e-15,2.73960018268198e-16,63.766263164862,-8.18426965340968
"CCR2","CCR2",-1.44242430573698,5.14827438964845e-15,2.7423978699981e-16,824.923703290126,-8.18414672402801
"FAM30A","FAM30A",-2.85656945293134,5.15943283825517e-15,2.74977995449307e-16,425.47531427302,-8.18382295032841
"IGKJ5","IGKJ5",-3.38071778059445,5.22644245485025e-15,2.78695035989645e-16,227.354715267409,-8.18220558767704
"FTH1P2","FTH1P2",-1.31176563097572,5.47361232796336e-15,2.9263800543648e-16,31.0179405921905,-8.17632253599618
"FTLP3","FTLP3",-1.46473927624189,5.48411639879168e-15,2.9336434605536e-16,45.1535981940878,-8.17602368737377
"PLAU","PLAU",-1.08459445092528,5.80657915803531e-15,3.1137918159745e-16,4649.91366564167,-8.16883597026676
"AC046185.3","AC046185.3",-0.986689748237207,5.99742433724826e-15,3.22314539992046e-16,164.932580042098,-8.16467021775706
"GINS4","GINS4",-0.761849224031235,6.05912637003073e-15,3.25799436035938e-16,123.200236698073,-8.16337190117214
"IGLV5-37","IGLV5-37",-4.55076761493192,6.11611901912787e-15,3.29034416917541e-16,141.208871380318,-8.16217888447315
"VASP","VASP",-0.666826460902981,6.17677354941461e-15,3.32469678715529e-16,5967.08406407457,-8.16092459757161
"EME1","EME1",-1.042368534534,6.31387102322705e-15,3.40377046938568e-16,32.8928361423042,-8.15808532313084
"RPLP0P2","RPLP0P2",-1.48684521908419,6.33148087631057e-15,3.41679358231004e-16,96.4442905594371,-8.15762395032971
"CORO1A","CORO1A",-1.13894780841739,6.35632775017273e-15,3.43197403542427e-16,6337.31003683824,-8.15708833159804
"FANCI","FANCI",-0.800136849032017,6.49864606961763e-15,3.51243894884699e-16,324.907735687234,-8.15428767721776
"TRAV20","TRAV20",-2.11963578738241,6.63582568028495e-15,3.590282270504e-16,7.84299360311136,-8.1516378099039
"ITGAD","ITGAD",-1.6447257219912,6.67736863842612e-15,3.6146201800205e-16,18.0392742381578,-8.15082093280524
"AL135818.1","AL135818.1",-1.23386642370281,6.68493272850376e-15,3.62057819971646e-16,33.7600095350181,-8.15062178395691
"CCDC167","CCDC167",-1.02387039962533,6.75654112019706e-15,3.66312821708245e-16,468.277520811099,-8.14920885539457
"BID","BID",-0.753670531251001,6.89231511782054e-15,3.7386606883007e-16,1559.61154682278,-8.14674008578703
"TONSL","TONSL",-0.679228620337012,6.89722293974078e-15,3.74324545328928e-16,174.726679846094,-8.14659181992825
"SERPINA1","SERPINA1",-1.47820133827032,6.92854584736209e-15,3.76217625384288e-16,7840.56012382483,-8.14598150957963
"GLRX","GLRX",-0.838842614911626,6.93587343923792e-15,3.77002179972514e-16,2587.03229269338,-8.14572946354651
"DRAIC","DRAIC",-1.7996935703606,6.96216935747406e-15,3.78625572583467e-16,29.416210144195,-8.14520956978393
"GPR171","GPR171",-1.2769966160274,6.96630425627809e-15,3.7938889133798e-16,85.6654226511321,-8.14496587476852
"NAGPA","NAGPA",-0.54157831688317,6.96630425627809e-15,3.79432990014422e-16,795.9143651455,-8.14495181071704
"KIF26B","KIF26B",-1.93345931000266,6.97164613125274e-15,3.79918276978372e-16,246.16681467636,-8.14479714820059
"POU2AF1","POU2AF1",-2.33263718751808,7.00145882715204e-15,3.81933238320182e-16,1200.8339736317,-8.14415704927394
"ZNF831","ZNF831",-1.65693164616056,7.15340560119688e-15,3.90820208455634e-16,164.832459309493,-8.14137304205161
"KCNJ5","KCNJ5",-1.19598576544643,7.18185941201794e-15,3.9282676844891e-16,560.424124984923,-8.14075308827799
"PAX5","PAX5",-2.4975403669297,7.25256112604733e-15,3.97046133841309e-16,230.144820852029,-8.13945957667116
"IGKV2-30","IGKV2-30",-3.20302574785357,7.25265907696387e-15,3.97253660940321e-16,1697.29785353915,-8.13939630608914
"IGKV3D-11","IGKV3D-11",-3.61521480741222,7.33977107488426e-15,4.02434277471703e-16,129.509250310518,-8.13782731399617
"CD79A","CD79A",-2.63277806734686,7.41526248740733e-15,4.06780113594916e-16,3096.6131541183,-8.13652641935577
"TRAV8-2","TRAV8-2",-1.85880972040701,7.58375878825442e-15,4.16446127187769e-16,16.7474909447817,-8.13368140873273
"PRR13","PRR13",-0.620812101577399,7.65851261852409e-15,4.20764553898564e-16,4543.35442797272,-8.13243133213597
"VDAC1","VDAC1",-0.712179387188197,7.79126185414939e-15,4.28709432755147e-16,5697.93822256036,-8.13016416723029
"AL357033.4","AL357033.4",-0.895029884689598,8.04241007385263e-15,4.44322139829294e-16,104.64787290408,-8.12582706912011
"ADGRG5","ADGRG5",-2.06595897632743,8.13709167927657e-15,4.50233504762759e-16,123.439170196455,-8.12422402431878
"ABHD17C","ABHD17C",-0.819961331671122,8.1680725647561e-15,4.52175389926289e-16,359.731972557225,-8.12370194682675
"ASPHD1","ASPHD1",-1.39470090035746,8.25145026263858e-15,4.57481103063084e-16,71.4364536597301,-8.12228668851449
"IGLV6-57","IGLV6-57",-3.42485544128893,8.27343003847368e-15,4.59160953494108e-16,3299.79266656811,-8.12184197114725
"IGLV4-69","IGLV4-69",-3.27933438095413,8.33357637966437e-15,4.62731265457601e-16,2126.68239205395,-8.12090208136363
"LTK","LTK",-1.37726382551487,8.34248393446625e-15,4.63458410631114e-16,41.823587800783,-8.1207115355579
"FAM151B","FAM151B",-0.68446954620847,8.38770412142244e-15,4.66204376811605e-16,75.5685749709013,-8.11999461225903
"TRBV3-1","TRBV3-1",-1.905287687027,8.4398252962889e-15,4.69336626232651e-16,20.4215089487665,-8.11918190043441
"SLC12A9","SLC12A9",-0.571889786606317,8.50051382819877e-15,4.72948448810724e-16,1783.05940902217,-8.11825136487606
"CD3G","CD3G",-1.34759320413655,8.54425736514223e-15,4.75620403015722e-16,319.047341459854,-8.11756746895815
"TRAF4","TRAF4",-0.8539082802759,8.7117495233572e-15,4.85429611071528e-16,387.462904902496,-8.1150888260602
"IGHV3-73","IGHV3-73",-3.57052715152628,8.76671399908515e-15,4.88736668938545e-16,444.551541491886,-8.11426429470407
"UNQ6494","UNQ6494",-2.47306971453274,8.81648111546515e-15,4.91756897896746e-16,7.84245220355173,-8.11351606629029
"AC243960.1","AC243960.1",-1.77155860861111,9.26310174298639e-15,5.17184468047435e-16,63.5723995163255,-8.10739048370442
"CCDC134","CCDC134",-0.65621524355566,9.35613391769576e-15,5.22900306759024e-16,86.8933563325057,-8.10605442280985
"EIF4EBP1","EIF4EBP1",-0.91494800753316,9.65387882212146e-15,5.40617214038802e-16,1349.83031889351,-8.10200275021264
"SIGLEC1","SIGLEC1",-1.15303512410383,9.69316026882108e-15,5.43087167674714e-16,4495.18750863028,-8.10144831658737
"MAPK13","MAPK13",-1.44939465181218,9.96064133035484e-15,5.58906508655172e-16,1067.47719758354,-8.09795518153904
"PGLYRP2","PGLYRP2",-2.11209354952943,9.97183260938372e-15,5.59812428579758e-16,10.0475613912045,-8.09775810210466
"GALE","GALE",-0.580166183250008,1.0055648468809e-14,5.65007413040424e-16,415.084105058402,-8.09663398595808
"AC008957.1","AC008957.1",-1.59559714204297,1.01795245911541e-14,5.72890875248505e-16,37.6600128283991,-8.09494743080257
"S1PR2","S1PR2",-0.61104316891818,1.03124444161443e-14,5.80946346063488e-16,560.668980757759,-8.09324753714439
"AC022092.1","AC022092.1",-3.96690486293853,1.0378032205491e-14,5.85219767295007e-16,3.79736469513254,-8.09235515038696
"NRAP","NRAP",-4.2893540841893,1.04558476928104e-14,5.89899253804831e-16,201.259236311073,-8.09138530372434
"SLC43A2","SLC43A2",-1.06261614507563,1.04896945186916e-14,5.9210122370315e-16,6063.39974011805,-8.09093155461862
"LINC02361","LINC02361",-1.01949965740453,1.06812495537099e-14,6.03211473054112e-16,50.3523795551036,-8.08866718555479
"AP1G2","AP1G2",-0.728549380480592,1.10208388960885e-14,6.23310999865186e-16,742.750142952148,-8.0846732148725
"S100A11","S100A11",-0.866402350733865,1.13260872743618e-14,6.41837921359653e-16,15874.2962752489,-8.08110257775235
"RASAL3","RASAL3",-1.08695532613493,1.16706552642818e-14,6.62665498908486e-16,745.296715282167,-8.07720783852717
"APOL1","APOL1",-1.18429627280074,1.17363225741932e-14,6.66721265678211e-16,4432.40898143929,-8.07646346305031
"SPATA20P1","SPATA20P1",-1.70035939714865,1.22889311724698e-14,6.99826798198071e-16,53.2526908430336,-8.07054915855617
"TRIM46","TRIM46",-1.19494078130144,1.23861934909695e-14,7.05710926704992e-16,42.1180198251979,-8.06952688650565
"AC093330.2","AC093330.2",-1.52299308194295,1.31307444783637e-14,7.50328255906497e-16,24.7370997292957,-8.06203806763371
"AC008736.1","AC008736.1",-0.796472119709241,1.32526712754828e-14,7.58034326335632e-16,36.65739346468,-8.06078922879672
"MOV10","MOV10",-0.510604382430961,1.34540586249468e-14,7.70867969438626e-16,1274.13153391443,-8.05873692238323
"ZDHHC16","ZDHHC16",-0.502638477223341,1.39209471819674e-14,7.99751139847662e-16,877.27179462747,-8.05423854184679
"NAGS","NAGS",-0.901204891089276,1.40221347878511e-14,8.05955175820182e-16,127.736393631862,-8.05329320598069
"AC090204.1","AC090204.1",-1.37907007169942,1.40272482140369e-14,8.06640085451096e-16,59.4481769050273,-8.05318928309875
"HTR7","HTR7",-0.990459733091245,1.41008523513587e-14,8.11265763155523e-16,76.7817065472042,-8.05248968661992
"TLR7","TLR7",-1.16547081669013,1.42866525487799e-14,8.22353658905378e-16,1342.48354611141,-8.0508286046839
"IGHV3-71","IGHV3-71",-4.07605215268797,1.46902249770051e-14,8.46402648849324e-16,102.532800957569,-8.04730038122105
"IGLV3-9","IGLV3-9",-3.40561147785425,1.47649531292896e-14,8.5153137350523e-16,1328.14029824581,-8.04656073535548
"AC096667.1","AC096667.1",-1.29543059618426,1.48501225498024e-14,8.56857245382324e-16,49.0657827950369,-8.04579728853811
"ZAP70","ZAP70",-1.69946548406907,1.5210949341685e-14,8.7894907276134e-16,372.68683917914,-8.0426796274214
"AC087632.1","AC087632.1",-1.52811194522932,1.52379271402785e-14,8.80932707705579e-16,31.7263027035246,-8.04240347903748
"GSAP","GSAP",-0.831368369628013,1.52942020668515e-14,8.84612384354476e-16,725.616326803648,-8.04189283746229
"RAB5IF","RAB5IF",-0.688279310742449,1.53694219069778e-14,8.89819910823497e-16,2289.77670636352,-8.04117373587154
"VENTX","VENTX",-1.1458582093181,1.55636359765904e-14,9.02365514461549e-16,192.763112698257,-8.0394582129687
"AC146944.2","AC146944.2",-1.24447345676582,1.61969226850061e-14,9.4179179709889e-16,206.690229098344,-8.03421596705455
"ZNF683","ZNF683",-1.7466668415748,1.62204645438052e-14,9.43612808443802e-16,35.0973842198737,-8.03397909416066
"EEF1A2","EEF1A2",-2.86430429764726,1.67475581316613e-14,9.76610219134086e-16,217.01059406593,-8.02976314870929
"PASK","PASK",-1.17635306793335,1.68268279607019e-14,9.81701767853631e-16,313.132220155972,-8.02912514896583
"PRDX4","PRDX4",-0.75282408907432,1.7028206237186e-14,9.94399778868424e-16,4922.1024163794,-8.02754811117219
"IGHV3-48","IGHV3-48",-3.20824252022332,1.71618918924421e-14,1.00268502875425e-15,1966.29239346647,-8.02652977902252
"TRAV13-1","TRAV13-1",-1.64910720243229,1.74955416732968e-14,1.02266622686839e-15,24.7048678028815,-8.0241076151807
"KCNC3","KCNC3",-1.22722803260239,1.82033905072317e-14,1.06607173395662e-15,131.47705263825,-8.01900268881117
"ERO1A","ERO1A",-1.00968414567814,1.87402815620545e-14,1.09908160018293e-15,2558.37107817863,-8.01525565510562
"NCEH1","NCEH1",-0.998913530949845,1.8975636647571e-14,1.11394260013337e-15,1638.0192462037,-8.0136047989461
"IGKC","IGKC",-2.96805358385959,1.92153916607652e-14,1.12855275900299e-15,402215.489020993,-8.0120028231243
"TMEM208","TMEM208",-0.710852257356893,1.92265624364043e-14,1.1297447697823e-15,1529.35610415791,-8.01187302420864
"IGHV3-64","IGHV3-64",-4.02936318377269,1.93938541069169e-14,1.14011535363032e-15,143.608314356533,-8.01074942319542
"RNA5SP283","RNA5SP283",-1.35387696212028,1.94302208090403e-14,1.14279486848989e-15,10.4716614360162,-8.01046074784808
"IGKV1OR2-108","IGKV1OR2-108",-3.7198857561955,2.01279385093458e-14,1.18439242350464e-15,91.7168788207339,-8.00606281833636
"CD3E","CD3E",-1.4562329487989,2.09790557803364e-14,1.23622923817787e-15,1094.41538994754,-8.0007905438891
"AC004847.1","AC004847.1",-1.47397455009455,2.09790889043495e-14,1.23681597303691e-15,98.3848178095882,-8.00073212268345
"FTH1P22","FTH1P22",-2.01694797215607,2.14520253028395e-14,1.26649169592792e-15,6.51325821102694,-7.99781236652321
"TRAPPC1","TRAPPC1",-0.596188684572369,2.17346869322889e-14,1.28620879044597e-15,3167.37691526247,-7.99590945768046
"AEN","AEN",-0.596175575035777,2.19092699203572e-14,1.29837234426981e-15,538.590999588017,-7.99474982470254
"ZBP1","ZBP1",-1.83886349312495,2.19885577487427e-14,1.30368396743068e-15,277.833810903108,-7.99424678524268
"LY9","LY9",-1.51318338419968,2.24465676784566e-14,1.33209038571245e-15,205.583694440473,-7.99159034971742
"OR7E38P","OR7E38P",-1.21421931183139,2.32675619297157e-14,1.38275796610882e-15,45.1020659197585,-7.98698777607821
"ECT2","ECT2",-0.701328964815995,2.38385038511142e-14,1.41735271677844e-15,470.013259885851,-7.98393970730666
"IGLV1-51","IGLV1-51",-3.1802767642805,2.47676931686408e-14,1.47605095455203e-15,5553.61027576014,-7.97893180313335
"PLGRKT","PLGRKT",-0.683251181280888,2.53661670965e-14,1.51313164004209e-15,740.108471074922,-7.97586835021924
"FCRL2","FCRL2",-2.2499611405995,2.64326006764912e-14,1.57895646689117e-15,85.9605166812226,-7.97060797021404
"WDR62","WDR62",-1.35730154333119,2.65188687245825e-14,1.58484890719177e-15,99.2249781822239,-7.97014765975819
"TRBV6-5","TRBV6-5",-1.81727128773901,2.65332509811886e-14,1.58644803776027e-15,20.0326949789282,-7.97002302837091
"ARHGAP45","ARHGAP45",-0.834029312274181,2.66167022295508e-14,1.59217959539e-15,4021.57685928217,-7.96957734242435
"PRSS36","PRSS36",-1.00237190542126,2.6722802681004e-14,1.59927128518789e-15,461.964284609344,-7.96902807472851
"ADAMTS4","ADAMTS4",-1.51958080765495,2.69200453056111e-14,1.61182598791506e-15,683.013311436688,-7.96806154090318
"TRAF3IP3","TRAF3IP3",-1.42140389670202,2.73335452181491e-14,1.63734602575059e-15,481.62121666543,-7.96611950900022
"IFNGR2","IFNGR2",-0.718437400110671,2.84344497293239e-14,1.70804847851409e-15,4969.0920983373,-7.96089096955635
"GNPDA1","GNPDA1",-0.595938926846316,2.97013098823787e-14,1.78580419278859e-15,1824.5197617962,-7.95538146774156
"P2RY10","P2RY10",-1.67870135777515,3.03863240762758e-14,1.83083270807997e-15,159.708728918976,-7.95229795535734
"HCN2","HCN2",-0.9926031498416,3.03863240762758e-14,1.83122599729361e-15,51.6654907848869,-7.95227135363874
"AC004988.1","AC004988.1",-1.57651417424148,3.06106534363356e-14,1.84559842182004e-15,21.5754568795945,-7.95130305641464
"RHOH","RHOH",-1.5592997134962,3.1143143767761e-14,1.87857179410271e-15,345.678057379486,-7.94910935083394
"PNKD","PNKD",-0.540301526491242,3.25261140544034e-14,1.96471328657539e-15,1988.30021824953,-7.94355259650581
"DPEP2","DPEP2",-0.965632682830055,3.28102775236537e-14,1.98279252045383e-15,666.104411510146,-7.94241686287966
"RASGRP1","RASGRP1",-1.37190517226963,3.3674407230625e-14,2.037829633385e-15,323.604997521964,-7.93902118908813
"CREG1","CREG1",-0.537399455665288,3.37000423503412e-14,2.04125970807781e-15,8867.25664487847,-7.93881256109344
"CYSLTR2","CYSLTR2",-0.949402631526016,3.44071516242649e-14,2.08792666441881e-15,250.376619937014,-7.93600793092064
"ARRDC5","ARRDC5",-1.54497902884568,3.48241822252348e-14,2.11420401077523e-15,15.6824809910515,-7.93445573898051
"AL031595.1","AL031595.1",-1.81943545844503,3.50571615633817e-14,2.12958603537797e-15,19.0129735737659,-7.93355592145095
"ABCC3","ABCC3",-1.2392943875101,3.58476526772219e-14,2.1823351483499e-15,1033.96616041742,-7.93051809085887
"TRAV2","TRAV2",-2.07142937120522,3.68813544925365e-14,2.24834905296661e-15,16.5603844498144,-7.92681662808284
"ARAP2","ARAP2",-1.06053708294764,3.74329726678619e-14,2.28510690293011e-15,598.0623533508,-7.92480170348584
"AC012645.3","AC012645.3",-1.8671672649206,4.05452089729956e-14,2.48074519012475e-15,18.2321097326265,-7.9145873411629
"TRAV12-3","TRAV12-3",-1.75467365993853,4.05965071758748e-14,2.48600338452665e-15,16.9992682005484,-7.91432389168658
"MB","MB",-3.82568372104375,4.11831635286482e-14,2.52322211668205e-15,562.313102810174,-7.91247467438172
"AC103563.5","AC103563.5",-3.39052767360231,4.14522083146073e-14,2.54086149362568e-15,15.8395940593333,-7.91160762181889
"STAT4","STAT4",-1.12331428742201,4.1506125602879e-14,2.54532338191871e-15,212.341303038402,-7.91138923980528
"ASGR2","ASGR2",-1.17694001236377,4.18371718511017e-14,2.56679066882996e-15,114.145385717109,-7.91034379034303
"SLC52A2","SLC52A2",-0.501477686008025,4.263865977031e-14,2.6171520226961e-15,1702.43100812237,-7.90792461681277
"ETHE1","ETHE1",-0.7605647400388,4.32354338872468e-14,2.65498706212139e-15,1234.18606656366,-7.90613712927573
"TPI1","TPI1",-0.702432984832654,4.50144029727682e-14,2.77050318505567e-15,15213.7095377748,-7.90083089333782
"VAMP5","VAMP5",-0.96637828887689,4.53408595608459e-14,2.79185947790686e-15,4699.46831763536,-7.89987380284293
"SAMHD1","SAMHD1",-0.752355753257386,4.62454536325693e-14,2.85271606658887e-15,13284.069178607,-7.8971855217853
"IER3","IER3",-0.995096751108382,4.66708480655939e-14,2.88285991117369e-15,2468.33663563016,-7.89587479004722
"DPAGT1","DPAGT1",-0.572724382081328,4.99904522354432e-14,3.09487928682702e-15,947.887629649528,-7.8870199582506
"LAT","LAT",-1.28675117169208,5.02875429038387e-14,3.11747722419895e-15,465.670433263784,-7.88611164723437
"CMC2","CMC2",-0.760676013894927,5.07703604123752e-14,3.14882374683024e-15,621.747695272201,-7.88486236772598
"IGHG2","IGHG2",-2.89141646608789,5.14684803321551e-14,3.19499109964347e-15,39801.2756003414,-7.88304454318247
"HVCN1","HVCN1",-0.826509440522681,5.34138808693486e-14,3.3276661670521e-15,860.041710012001,-7.87796097172747
"IGKV1D-42","IGKV1D-42",-4.39001660779706,5.36292820000982e-14,3.34553205235741e-15,43.4429013157405,-7.87729171979861
"IGLV3-10","IGLV3-10",-3.35623974410322,5.36292820000982e-14,3.3455702610793e-15,1511.51270643609,-7.87729029228304
"AC135068.9","AC135068.9",-3.80134860222336,5.53193499984355e-14,3.45562824659216e-15,60.1078136716566,-7.87324361752388
"KLF16","KLF16",-0.551443623953068,5.54642826641284e-14,3.46622778349758e-15,1256.88473282504,-7.87286060987175
"LINC01423","LINC01423",-2.19858480616951,5.65886149142691e-14,3.54122482181279e-15,314.382007571624,-7.87018313625045
"AC025580.1","AC025580.1",-1.83687664474396,5.67138164309622e-14,3.5506406049879e-15,6.69035045660126,-7.8698509348646
"IGHV2-26","IGHV2-26",-3.41783460864976,5.77951661485316e-14,3.61995089437632e-15,950.031390080757,-7.86743193903274
"LAMP5","LAMP5",-2.01691148226457,6.08179012284405e-14,3.81863052596184e-15,134.478962801967,-7.86074250631678
"PSRC1","PSRC1",-0.883267520713835,6.08179012284405e-14,3.81944896077147e-15,88.8694967583296,-7.86071566507485
"IFNAR2","IFNAR2",-0.641910461282591,6.14661651315083e-14,3.86358752255195e-15,1498.59013586131,-7.85927642901488
"BCL2L12","BCL2L12",-0.555126184728735,6.45784242487758e-14,4.0682157157417e-15,491.891562168272,-7.85280881909282
"AC134879.2","AC134879.2",-3.76032500873822,6.47861054559057e-14,4.08310479263562e-15,38.190136172956,-7.85235080387782
"IGLV1-50","IGLV1-50",-3.6905451869629,6.63041829052603e-14,4.18062889844457e-15,40.6186611357464,-7.8493908350986
"YDJC","YDJC",-0.611878536636898,6.63367655366504e-14,4.18453241559414e-15,482.762180457217,-7.84927377856472
"SLC49A3","SLC49A3",-0.608277378658919,6.78472349663275e-14,4.28926909835905e-15,829.398741960986,-7.84617248509794
"STARD3NL","STARD3NL",-0.53195822868194,6.88121723790704e-14,4.35410818956069e-15,1308.23533932624,-7.84428972237587
"SDC3","SDC3",-0.968529573085274,7.06406900280711e-14,4.47177720010452e-15,7347.64041613368,-7.84094235043043
"SIGLEC18P","SIGLEC18P",-2.06451303247176,7.08103246233165e-14,4.48448940889687e-15,6.42772582482319,-7.84058592540737
"CALML5","CALML5",-4.86259290691319,7.23207183764451e-14,4.58820780556903e-15,902.791029616694,-7.83771449103721
"AC243962.1","AC243962.1",-1.70044943185085,7.23207183764451e-14,4.58820588138354e-15,15.003917457139,-7.83771454371308
"RNASEH2B","RNASEH2B",-0.574158411956541,7.28382746754459e-14,4.62307321075931e-15,1427.26048525311,-7.83676357963919
"IGHV3-11","IGHV3-11",-3.38340657375896,7.28964456610085e-14,4.62879730218195e-15,3923.07958119737,-7.83660813702384
"TRBV11-2","TRBV11-2",-1.95320474672124,7.32826811155378e-14,4.65536530347904e-15,11.436758174176,-7.83588912880625
"PSMB3","PSMB3",-0.594979579483304,7.46788103680456e-14,4.75030091316739e-15,3725.41011589273,-7.8333524916281
"SLC15A3","SLC15A3",-0.90341891897918,7.52215925222844e-14,4.79096103205226e-15,3977.72448875627,-7.83228130174294
"TUBA1C","TUBA1C",-0.773981451380744,7.55004959551128e-14,4.81098630671464e-15,4775.4544779405,-7.83175702125286
"IL26","IL26",-2.1413864679709,7.76609594212507e-14,4.96164234128241e-15,34.1610630346176,-7.82788023551949
"SPATA12","SPATA12",-1.49805964861318,8.02837757347197e-14,5.14039952230387e-15,22.7001084330952,-7.82342791944893
"PLEK2","PLEK2",-1.42016463827306,8.0323031687144e-14,5.14515196702598e-15,225.28531076408,-7.82331164111747
"IGKV1D-27","IGKV1D-27",-3.4593325422399,8.06319904268867e-14,5.17168529539418e-15,84.2426930056525,-7.82266438534921
"IGLV2-11","IGLV2-11",-3.04978066682746,8.15805229154746e-14,5.23479759585847e-15,5148.88802118806,-7.82113786114075
"IGHV1-24","IGHV1-24",-3.25982720230993,8.18320013542781e-14,5.25512895310993e-15,1570.19002625314,-7.82064995415549
"DAGLB","DAGLB",-0.595033111871088,8.18320013542781e-14,5.25777736924351e-15,930.315293122061,-7.82058653494209
"ENTPD7","ENTPD7",-0.890540490324633,8.36403332269391e-14,5.37862714298393e-15,393.978003043649,-7.81772561411079
"COPE","COPE",-0.502450787385248,8.37123244432063e-14,5.3855900993706e-15,5463.39813973645,-7.81756271118933
"ZBTB32","ZBTB32",-2.07511617147028,8.6326767789469e-14,5.56100795432649e-15,31.5286807326476,-7.81352567603708
"H2AFZ","H2AFZ",-0.609407957725875,9.23610187669966e-14,5.95744661816948e-15,4124.70400276907,-7.8048455339559
"PRELID1","PRELID1",-0.748668139023029,9.43253438469934e-14,6.09466611950747e-15,4051.13163418529,-7.80197305751715
"TDRD9","TDRD9",-1.46741328874684,9.51010888690076e-14,6.15009132198182e-15,106.045102382731,-7.80083082779633
"RPN2","RPN2",-0.574093199404172,9.82142518125676e-14,6.35962946231622e-15,8968.75142953186,-7.79660224885239
"AC109826.1","AC109826.1",-1.3046269813253,9.87087843006339e-14,6.3971546619923e-15,84.6597566695208,-7.79585947665908
"AC068580.3","AC068580.3",-1.60020667219408,1.00639426385515e-13,6.52788697419078e-15,28.2630914690266,-7.79330485004457
"AC004687.1","AC004687.1",-2.02922716082473,1.02498754787929e-13,6.65420487529158e-15,110.075627130047,-7.79088387731324
"CTSA","CTSA",-0.512152143270215,1.05984915210209e-13,6.88938877408246e-15,8818.40294950452,-7.78649455574508
"IGHV2-70","IGHV2-70",-3.4072434401043,1.09148707341151e-13,7.10417370429513e-15,745.196640250065,-7.78261293321012
"FAM83D","FAM83D",-1.62155521162646,1.1180941307583e-13,7.28358462322553e-15,175.582243837436,-7.77945813022392
"LIMD2","LIMD2",-1.31203333874225,1.13376824417482e-13,7.39201093553983e-15,1680.46549403963,-7.77758840924216
"CD300A","CD300A",-1.32465822338346,1.16655150813503e-13,7.61225667050623e-15,1052.44426182572,-7.77387215824313
"AC116353.5","AC116353.5",-1.37458229602949,1.16881912500509e-13,7.63031189062559e-15,61.4890028856494,-7.77357221802277
"PTGES2","PTGES2",-0.538204885325821,1.16986658032043e-13,7.64041086464324e-15,1534.28576491628,-7.77340475448769
"CALML3","CALML3",-4.69074835707197,1.20687839998251e-13,7.88886368769058e-15,130.650264158955,-7.76935203406323
"SUSD3","SUSD3",-1.34398720875514,1.21986473454352e-13,7.97892309441967e-15,178.48072418942,-7.76791395438011
"LINC01588","LINC01588",-0.871861306901089,1.21986473454352e-13,7.98055061177322e-15,91.3183472355836,-7.76788811320309
"IGHA1","IGHA1",-2.96259034611099,1.30115001463254e-13,8.52683953840029e-15,62863.5811875546,-7.75949474999384
"U62317.4","U62317.4",-1.9127457023729,1.30690025419155e-13,8.56816556894362e-15,19.1158994765876,-7.7588815064872
"GZMM","GZMM",-1.4672937906182,1.31313892318844e-13,8.6127272090938e-15,268.854884893956,-7.75822350245863
"MARCKSL1","MARCKSL1",-0.957917047200188,1.33436028913396e-13,8.76307412181078e-15,2301.91970133365,-7.75602791841244
"TCN2","TCN2",-0.891252529122872,1.34980789264267e-13,8.86828488629626e-15,4047.85443013917,-7.75451341669147
"NFKBID","NFKBID",-1.27733931989852,1.48971125768626e-13,9.80821739555388e-15,180.635794770464,-7.74171822128528
"NFKB2","NFKB2",-0.660150140303405,1.51489633863673e-13,9.9782579740727e-15,2125.46999432874,-7.73953307439764
"DAPP1","DAPP1",-1.06073364550807,1.54486648652922e-13,1.02015016211505e-14,660.522513328919,-7.73671921383214
"LILRA5","LILRA5",-1.34751552415539,1.58438044065579e-13,1.04712641806129e-14,542.406012444798,-7.73339876855754
"SKAP1","SKAP1",-1.15364121477605,1.59307128957202e-13,1.05331431327242e-14,248.08338488747,-7.73264898984809
"IL21-AS1","IL21-AS1",-2.7609470022033,1.63254030453543e-13,1.08123087486444e-14,12.9119817694173,-7.72931939274836
"IGHV3-69-1","IGHV3-69-1",-3.54892244891572,1.64154891927857e-13,1.08765485188158e-14,444.654533091135,-7.72856518655625
"ADGRE4P","ADGRE4P",-1.87304352051514,1.64672485850438e-13,1.09154333478005e-14,19.7573797071059,-7.7281107865311
"IGHV1-69-2","IGHV1-69-2",-4.16069365618664,1.64741239096328e-13,1.09245827961022e-14,171.450156422045,-7.72800409948856
"MIF","MIF",-0.912633448448436,1.66646073895386e-13,1.10555444145231e-14,9047.91599055295,-7.7264865848287
"GPR160","GPR160",-0.902240854183263,1.6720522942442e-13,1.11019611564869e-14,394.94970442968,-7.7259529745301
"ACTA1","ACTA1",-4.55771791517652,1.70273110182022e-13,1.13104061759933e-14,2071.95110216847,-7.72358342841106
"NINJ1","NINJ1",-0.929339499457579,1.7072105738436e-13,1.13449198830471e-14,4669.05399203281,-7.72319523728438
"LINC00189","LINC00189",-1.2106000419112,1.75823270721445e-13,1.17177271438568e-14,15.0093162842517,-7.71907464286492
"ZYX","ZYX",-0.606196198750119,1.83085728788191e-13,1.22278301373242e-14,11956.7625629303,-7.71364081469758
"KIF24","KIF24",-0.825572568536228,1.88848790669767e-13,1.2639050770679e-14,67.2808384447804,-7.70942031604375
"GPR35","GPR35",-1.08927481284751,1.92080723252077e-13,1.28607079373238e-14,76.1799475671727,-7.70720108272823
"HSPH1","HSPH1",-0.609416579404511,1.92143222912029e-13,1.2870248492198e-14,2061.71676817421,-7.70710640949666
"SIGLEC12","SIGLEC12",-2.64627324569327,1.96796227538193e-13,1.31874043484827e-14,28.5978611131922,-7.70399787412779
"UBASH3B","UBASH3B",-0.920310167988495,2.0382524286295e-13,1.36868295486229e-14,535.271851700983,-7.69924894302346
"IGHJ3P","IGHJ3P",-3.36258278141393,2.08251378364067e-13,1.39956536093593e-14,37.9699491550017,-7.69639698399853
"MERTK","MERTK",-1.08544663801517,2.0863492514225e-13,1.40272456987626e-14,1233.79196724243,-7.69610873323128
"RAC2","RAC2",-1.1818450429215,2.09419279019401e-13,1.40916554579187e-14,3202.73273381518,-7.69552302276666
"AC007384.1","AC007384.1",-1.22982940227475,2.15393167467084e-13,1.44996376148573e-14,64.2520067168178,-7.6918731179276
"IGKV2-28","IGKV2-28",-2.87391899951314,2.23104760652132e-13,1.50311973936224e-14,7547.01798015628,-7.68726637690436
"IGKV1OR2-6","IGKV1OR2-6",-4.93010436354274,2.26367670009168e-13,1.52573387061232e-14,7.89881493760604,-7.68535494626062
"SFMBT2","SFMBT2",-0.880961348111697,2.2752617623481e-13,1.53417650261186e-14,721.930044535124,-7.68464848109156
"SLC7A5","SLC7A5",-1.29429890945775,2.29067995391609e-13,1.5452112859866e-14,1267.89362274654,-7.68373085396747
"IGHV4-80","IGHV4-80",-4.15761374343945,2.37999721616446e-13,1.61076884762295e-14,58.5813767101729,-7.67840870773082
"SLC8A1","SLC8A1",-0.878321712967522,2.39887780052188e-13,1.62622182881372e-14,1526.91916009902,-7.67718524933341
"LINC01679","LINC01679",-1.16945081539608,2.41770632380689e-13,1.63965978698876e-14,103.646105990374,-7.67613058856343
"KRTDAP","KRTDAP",-4.74662204480518,2.434444382223e-13,1.65168993068454e-14,192.553487877112,-7.67519360756054
"CCR6","CCR6",-1.65367424165693,2.43929329642544e-13,1.6570195856136e-14,152.063234615678,-7.67478064575414
"HLA-DQA2","HLA-DQA2",-2.14808899477207,2.47960016211698e-13,1.68509134362124e-14,5007.33440745272,-7.67262688047618
"MPV17","MPV17",-0.501157305830213,2.61261614906572e-13,1.77912787516866e-14,2137.55603117335,-7.66566081769616
"HDAC2-AS2","HDAC2-AS2",-0.984061271087529,2.67780839778808e-13,1.82501506134964e-14,30.7769044263848,-7.66239205715731
"LINC01502","LINC01502",-2.81113042956127,2.7220995977415e-13,1.85595975360995e-14,15.6913799849583,-7.66023305665797
"RIMBP3","RIMBP3",-1.07002900389596,2.76235003864142e-13,1.88494296713427e-14,117.769826497589,-7.65824278702508
"DDIAS","DDIAS",-0.628974194528226,2.88380959401491e-13,1.97103864098246e-14,105.062517278976,-7.65250342055911
"CD300H","CD300H",-1.51649147010758,2.90234925401036e-13,1.98451922511147e-14,55.0712566362551,-7.65162716695108
"IGKV1D-43","IGKV1D-43",-3.78064586256141,2.95402061784203e-13,2.02149703604242e-14,63.978227023943,-7.64925329481628
"KLHL41","KLHL41",-3.35157085471576,2.98561552487022e-13,2.04395030775784e-14,256.531635557466,-7.64783261398582
"IGKV1D-17","IGKV1D-17",-3.88861551126325,2.99868010498335e-13,2.05373017921786e-14,26.6597892424358,-7.64721860795349
"RPS6KB2","RPS6KB2",-0.721337013525177,3.12590432691907e-13,2.14434858496107e-14,1607.49344055821,-7.64166238383029
"HLA-F","HLA-F",-0.849409473917603,3.15305912214402e-13,2.16473438824829e-14,5779.31991880345,-7.64044429474019
"BLVRA","BLVRA",-0.542545335164319,3.22937564939616e-13,2.22163041190515e-14,2771.4996043497,-7.63710342268498
"MCTS1","MCTS1",-0.622264275286076,3.27815094921461e-13,2.25701263959863e-14,872.570626105529,-7.63506800242394
"SLX1B","SLX1B",-1.02038803347988,3.28381019309334e-13,2.26182438665746e-14,548.014625819806,-7.63479362636252
"IGKV2-18","IGKV2-18",-4.85359865978598,3.30279260835322e-13,2.27674038200906e-14,7.14619778335396,-7.63394671864728
"IGHV4-59","IGHV4-59",-3.05992436577047,3.3661544482353e-13,2.32135640555655e-14,7954.90579157507,-7.63144568563496
"SLC6A12","SLC6A12",-1.29241262405451,3.4149932061316e-13,2.35694025878239e-14,164.013896829598,-7.62948463155729
"TRBV19","TRBV19",-1.66001494742942,3.44275889941832e-13,2.37898238652488e-14,35.2960811613643,-7.62828442734517
"MLKL","MLKL",-0.703691977262943,3.44275889941832e-13,2.37884252250126e-14,843.178034542066,-7.62829200846792
"AC138207.5","AC138207.5",-1.06187310031034,3.67752516045731e-13,2.54940907987661e-14,43.4203070576155,-7.61935778969943
"IGHV3OR16-15","IGHV3OR16-15",-4.59855163612864,3.71813803169036e-13,2.57859997849355e-14,7.52927796686639,-7.6178879415883
"AC008012.1","AC008012.1",-1.70283739124984,3.81941221005207e-13,2.65096485101872e-14,86.9575249279126,-7.61431358170507
"C9orf72","C9orf72",-0.658805833182521,3.93644871014946e-13,2.73329442145848e-14,585.606201719858,-7.6103619192878
"MIR503HG","MIR503HG",-2.10960004471204,3.93702652511003e-13,2.7347930593935e-14,11.7856828225356,-7.6102910776681
"BIRC3","BIRC3",-1.12232558180137,3.93949817292581e-13,2.73760806832169e-14,1336.23028276137,-7.61015811346818
"TRAV16","TRAV16",-1.82181606397541,3.98411592280035e-13,2.76972407288197e-14,8.53466120688263,-7.60865059265348
"CENPW","CENPW",-0.938927124263133,4.01065183641124e-13,2.78928956985256e-14,160.875564111723,-7.60774059581675
"ADORA2A","ADORA2A",-1.12377402552403,4.0358435963933e-13,2.80793466664743e-14,376.007364705925,-7.60687923039177
"AC135782.3","AC135782.3",-1.78115235061142,4.09329093054155e-13,2.85018557337778e-14,5.91202275287608,-7.60494796034745
"CKAP2","CKAP2",-0.655682162718134,4.12761918619836e-13,2.87638967679328e-14,727.22836047477,-7.60376427973051
"KLK7","KLK7",-3.84412175927287,4.13940646890653e-13,2.88575765260913e-14,80.0822786617666,-7.60334368550292
"TNIK","TNIK",-0.951810269414773,4.28731503704461e-13,2.99723654715202e-14,303.030476275023,-7.59843918265112
"UPK3A","UPK3A",-1.69934637379577,4.28901152044889e-13,3.00081363521302e-14,23.0412335072806,-7.5982847965192
"TRAV4","TRAV4",-1.80950482620991,4.38761811657707e-13,3.07102692424391e-14,13.8428565785653,-7.59529050465407
"RN7SL1","RN7SL1",-1.27039089015483,4.398654259166e-13,3.07997756070383e-14,3111.38272900442,-7.59491364704996
"A1BG","A1BG",-1.19552733786498,4.45888120329346e-13,3.12539665665854e-14,276.149885956943,-7.59301776956207
"NLRP2","NLRP2",-1.78614930262778,4.47042883481937e-13,3.13521921906774e-14,67.8872631427913,-7.59261132264641
"DNASE2","DNASE2",-0.653343716928109,4.7603449332794e-13,3.34252512527688e-14,3695.3022306705,-7.58431333139352
"LINC00877","LINC00877",-1.12545348629239,4.84640475095954e-13,3.40565473928056e-14,63.5271340298097,-7.58188675998621
"PFKFB2","PFKFB2",-0.653287797856566,4.87951516616117e-13,3.4302821600163e-14,723.258649981914,-7.58095210816344
"CD96","CD96",-1.23741646685741,4.90037074057031e-13,3.44664829057055e-14,323.798071097517,-7.58033462897648
"AC002091.2","AC002091.2",-1.09067349852747,4.90037074057031e-13,3.44767547016013e-14,31.1092209619083,-7.58029597065203
"STAT1","STAT1",-1.00621472753139,4.9568589129848e-13,3.49156305870734e-14,13694.6801163434,-7.57865473633445
"IGKV2-26","IGKV2-26",-4.30404437484699,4.98096511130631e-13,3.51132007428394e-14,20.7024333922742,-7.57792250833648
"IGHV4-4","IGHV4-4",-3.26728119083329,5.15249009887517e-13,3.63510869414719e-14,2532.3592621533,-7.57342490788949
"AL391832.3","AL391832.3",-1.30231383185507,5.24214486637329e-13,3.70128305129576e-14,9.29314623168903,-7.57108200339419
"AC099850.3","AC099850.3",-1.12183767911754,5.24971495093853e-13,3.70809134095561e-14,17.0351917736966,-7.57084329711015
"AC092484.1","AC092484.1",-4.63228587130181,5.3455740431907e-13,3.77878070342345e-14,6.14429752905157,-7.56839000909645
"CD300LB","CD300LB",-1.16503615438586,5.39533652052892e-13,3.81997345286229e-14,260.298188663897,-7.56698113606543
"RASSF5","RASSF5",-0.852512411880879,5.54547335453674e-13,3.93245553001853e-14,1933.39200428831,-7.56320881083512
"PITPNM1","PITPNM1",-0.549614244815704,5.7657826668583e-13,4.10119699010309e-14,1635.10848529171,-7.55774415995113
"ANKRD22","ANKRD22",-2.06398762215411,5.85650239609629e-13,4.18216315584597e-14,174.82714335837,-7.55520012369316
"MIR3142HG","MIR3142HG",-1.49396608471052,5.85650239609629e-13,4.17958968051442e-14,30.3193044807473,-7.55528023681508
"WDR86","WDR86",-1.32383537026424,5.85686542548093e-13,4.18526864461194e-14,175.509360392634,-7.55510351333876
"IGHV3-41","IGHV3-41",-3.74121571270739,5.93432815529818e-13,4.24294124553027e-14,64.0407749952462,-7.55332204098969
"GRM8","GRM8",-2.22991627410641,5.94478221776492e-13,4.25207280021875e-14,7.20691864740377,-7.55304215816703
"BRIP1","BRIP1",-0.977485958896009,6.00635976871595e-13,4.29946533409409e-14,67.4864000309317,-7.55159900133209
"AL022067.1","AL022067.1",-2.95069779397874,6.13127998451226e-13,4.39230371015931e-14,2.69013882373761,-7.54881674689557
"AMPD1","AMPD1",-2.80124057062721,6.15544836640652e-13,4.41304897516308e-14,39.425320071936,-7.54820294457394
"TRAV1-2","TRAV1-2",-1.80907518112769,6.16774909272797e-13,4.42358701479835e-14,9.02662756896968,-7.54789223524321
"AC090559.1","AC090559.1",-0.897797267176295,6.16999679625939e-13,4.42691895569942e-14,250.788660394408,-7.5477941459019
"HEXB","HEXB",-0.662757010957517,6.34897637310802e-13,4.55710499254443e-14,9791.71418774016,-7.54401734234245
"AC245884.4","AC245884.4",-2.75452111025807,6.38193251631318e-13,4.58728466094802e-14,2.76432496936488,-7.54315696107173
"SCT","SCT",-2.43429121382415,6.38193251631318e-13,4.58787566817329e-14,12.1927184836266,-7.54314016788209
"POLD1","POLD1",-0.570446625993947,6.38193251631318e-13,4.58786069891867e-14,799.953456953913,-7.5431405932001
"IGHGP","IGHGP",-3.02095826486907,6.57354202333943e-13,4.72928556438719e-14,428.671606987379,-7.539181998818
"AC007569.1","AC007569.1",-2.34578998479764,6.62611951811809e-13,4.7726530550013e-14,8.98773293861257,-7.53799140572163
"PI4K2A","PI4K2A",-0.538788797394329,6.70193398769118e-13,4.82912874095657e-14,2374.35570267908,-7.53645679255116
"METTL7B","METTL7B",-2.0561875820933,6.70422245335766e-13,4.83264648484541e-14,61.9021370936445,-7.53636178962873
"GNG5","GNG5",-0.751101846002484,6.77420325568712e-13,4.88497946270734e-14,3624.01765736889,-7.53495641873217
"SLC38A6","SLC38A6",-0.723382934874491,7.00233843025605e-13,5.05925051183935e-14,565.605978167433,-7.53038093706789
"DENND1B","DENND1B",-0.557689882282774,7.06070805027876e-13,5.10535935398553e-14,702.758773896699,-7.52919627241051
"MIR621","MIR621",-0.795471830936989,7.0658023239823e-13,5.11101241274817e-14,20.0769621946376,-7.52905175409401
"PPT1","PPT1",-0.61898938011232,7.22808452537489e-13,5.23444281447358e-14,10026.2306649054,-7.52593487328441
"LINC01614","LINC01614",-2.03033262551235,7.41268228662736e-13,5.37639005151342e-14,137.931541034938,-7.52243852221256
"ZBED4","ZBED4",-0.51273005515244,7.45394710753341e-13,5.40839702325002e-14,782.66837716705,-7.52166269459028
"TYRP1","TYRP1",-4.2184866997685,7.45685694367204e-13,5.41258689374829e-14,62.4243929180507,-7.5215614692334
"DNA2","DNA2",-1.01461639549027,7.63448919497685e-13,5.55003423567934e-14,42.2957065221372,-7.51828282304897
"POU2F2","POU2F2",-1.1203532128129,7.68547785894289e-13,5.59338924569408e-14,1274.98416548573,-7.51726518641213
"STEAP3","STEAP3",-0.997259072168114,7.73808713107084e-13,5.63613147693048e-14,2630.64862609877,-7.51626949625467
"RNF135","RNF135",-0.53993422957747,7.76080967013359e-13,5.65484501121372e-14,1597.73953370375,-7.51583589472575
"FSD1","FSD1",-1.58546590380907,7.86505001797643e-13,5.73518351136623e-14,7.75078096068345,-7.51399030183672
"AC008074.2","AC008074.2",-0.810878628878447,8.03740954531984e-13,5.86310823138732e-14,86.1814949783848,-7.51110334585082
"RASSF2","RASSF2",-0.753459505378089,8.07197839959922e-13,5.89057545648801e-14,4243.16734324021,-7.51049155705182
"AC110741.1","AC110741.1",-3.21635348549378,8.08084898452352e-13,5.89930132138456e-14,2.12107706374507,-7.51029778917959
"MPHOSPH6","MPHOSPH6",-0.560083344540917,8.15999976848105e-13,5.96163328033138e-14,500.523446509424,-7.50892177711533
"ATP6AP1","ATP6AP1",-0.552789299189741,8.16621627468531e-13,5.9707276065504e-14,5721.42851440269,-7.50872219818765
"GRN","GRN",-0.887853388085053,8.26385551125562e-13,6.04442003108983e-14,32126.8846483695,-7.50711592225905
"CD40LG","CD40LG",-1.38634822146742,8.29396366840968e-13,6.0687539037144e-14,104.994925319212,-7.50658974206521
"ATP6V1F","ATP6V1F",-0.833207660414105,8.543715083961e-13,6.25388036529103e-14,4840.41672337868,-7.50265330658421
"IGHV3-21","IGHV3-21",-3.01522627882902,8.5582285570675e-13,6.26688959426239e-14,5299.3735599405,-7.50238100886154
"LACC1","LACC1",-0.716542669516643,8.84657986245647e-13,6.48790289006912e-14,788.524662972333,-7.4978379680606
"SNHG28","SNHG28",-0.909634340945804,8.87842550249714e-13,6.51373266134424e-14,149.104186157674,-7.49731698555239
"TRAV8-4","TRAV8-4",-1.78068160007522,9.20691651118666e-13,6.76756483344926e-14,11.4461146703556,-7.49230264143179
"SCPEP1","SCPEP1",-0.567168150219754,9.2292231209874e-13,6.7865339632515e-14,4664.4598658785,-7.49193537353653
"CD5L","CD5L",-2.87231414954918,9.2804313276395e-13,6.82677582540506e-14,3.60456368217345,-7.4911595667545
"LINGO3","LINGO3",-1.15730753175397,9.35849463515869e-13,6.88680859562897e-14,85.9490284519658,-7.49001053480582
"TFPT","TFPT",-0.514030305162791,9.50418643825593e-13,6.99667076890144e-14,677.424033177932,-7.4879330333553
"MND1","MND1",-1.35961274144182,9.57242178369627e-13,7.05223993708968e-14,24.8356795510507,-7.48689439750756
"KRT1","KRT1",-3.35861479249239,9.59965078868779e-13,7.07497607952349e-14,3135.02049064736,-7.48647175676714
"AMDHD1","AMDHD1",-0.882551159715975,9.69137613420756e-13,7.14527940765965e-14,71.0575654275006,-7.48517328923608
"RELL2","RELL2",-0.888164436263068,9.72601591639301e-13,7.17352978809084e-14,98.722388183407,-7.48465505273101
"IGHV3-38","IGHV3-38",-4.17489024914483,9.75536017188522e-13,7.19789222995963e-14,39.3756935732323,-7.48420974671294
"LGMN","LGMN",-0.87992674697135,9.97831805284743e-13,7.36518082339791e-14,18314.5948213956,-7.4811914170073
"EPSTI1","EPSTI1",-1.13110424864821,1.01729293346282e-12,7.51449832383682e-14,1751.21897737636,-7.47855372087327
"IGHV4-28","IGHV4-28",-3.41388046673547,1.02677016660417e-12,7.59809091452995e-14,361.625962832098,-7.4770994635044
"MPHOSPH9","MPHOSPH9",-0.579774117750064,1.02677016660417e-12,7.59881475215072e-14,284.905636472477,-7.47708693973351
"AC007728.2","AC007728.2",-0.909301224470203,1.03285327839876e-12,7.64671305206162e-14,30.7468053340853,-7.47626080335215
"CCL22","CCL22",-1.60487064195224,1.05205249217437e-12,7.79765178171889e-14,100.016297147638,-7.4736903332347
"TRAV12-1","TRAV12-1",-1.69759949669341,1.07523396646161e-12,7.98145798658473e-14,9.34160394144795,-7.4706253807206
"IGKV2-24","IGKV2-24",-3.17600887851834,1.08431509979855e-12,8.05793465104653e-14,834.255847335264,-7.46937052972701
"NANS","NANS",-0.505326371014095,1.13002143504091e-12,8.4164941447507e-14,2422.61844259542,-7.46363909004755
"ST18","ST18",-1.64522713999905,1.13445430772733e-12,8.45267279318506e-14,19.3066497959074,-7.4630741781143
"PLD4","PLD4",-1.48966622230433,1.13613764387158e-12,8.46838204797935e-14,247.036995969189,-7.46282962543241
"TRBV5-1","TRBV5-1",-1.74455481499189,1.14453900519684e-12,8.53738363179583e-14,35.9584067737318,-7.46176070257855
"PIK3CG","PIK3CG",-0.924490466444283,1.14568678393119e-12,8.5491387333346e-14,893.007096753712,-7.46157944796801
"HM13","HM13",-0.517365589237941,1.15408794335571e-12,8.62147927022524e-14,6376.33195972279,-7.46046937635264
"CD1E","CD1E",-1.47157747256584,1.15492138073486e-12,8.63092465993074e-14,55.0075674718391,-7.46032511226464
"IGHV1-69D","IGHV1-69D",-3.01514660736086,1.17302731744359e-12,8.76950317876989e-14,6727.47801241077,-7.45822619057702
"POLD4","POLD4",-0.689990523654652,1.17937277435856e-12,8.82022899959308e-14,2105.191611944,-7.45746603478461
"CYTH1","CYTH1",-0.550237754416448,1.21037262162384e-12,9.06893827714254e-14,3885.23209618245,-7.45380008916306
"PDIA4","PDIA4",-0.709766524806683,1.23190809840727e-12,9.24059844686821e-14,7278.71454747754,-7.45132703291623
"SKA1","SKA1",-0.957542857597645,1.2775435052215e-12,9.60427828176277e-14,84.5444693156729,-7.44623346446596
"MMP2-AS1","MMP2-AS1",-2.23429004308333,1.28950351385701e-12,9.70137974606292e-14,15.1084233893068,-7.44490555593384
"IGLV3-22","IGLV3-22",-4.70359020223985,1.2989109599242e-12,9.78301718108764e-14,4.44849973890763,-7.44379919483669
"IGKV3-11","IGKV3-11",-2.94980962299915,1.31755546490633e-12,9.93078739263195e-14,10669.4916894351,-7.4418194756482
"C4orf48","C4orf48",-1.21482109491598,1.33019723250408e-12,1.00334876966022e-13,359.81504729574,-7.44046055153308
"NUBP1","NUBP1",-0.50460757644484,1.33030353571149e-12,1.00379976896753e-13,1276.86194485205,-7.44040118938958
"ANKRD44","ANKRD44",-0.830687212853747,1.35873966126689e-12,1.02639288697792e-13,1072.98373360527,-7.43746046239542
"SAMD10","SAMD10",-0.925968084017838,1.3863974877089e-12,1.04805853286872e-13,93.0365240755344,-7.43469961150681
"ACTR3C","ACTR3C",-1.05150178333489,1.38850869655e-12,1.05004155923071e-13,33.2396995938405,-7.43444972304474
"GALNS","GALNS",-0.613284067679085,1.40284689294187e-12,1.06166670782918e-13,1110.14169792269,-7.43299405975425
"IGLV10-54","IGLV10-54",-3.27870535370265,1.41587676781855e-12,1.07192231397775e-13,256.768819432342,-7.43172283345022
"SLC17A9","SLC17A9",-1.39586276326192,1.42892109566283e-12,1.08334930596907e-13,481.195826301635,-7.43032041227266
"SHTN1","SHTN1",-0.680636852423604,1.4409028069171e-12,1.09408201980269e-13,1397.46484346226,-7.42901637639958
"CISD2","CISD2",-0.593921588218357,1.46362025284915e-12,1.11337133659243e-13,1521.4250148903,-7.42670399488681
"HLA-DPA3","HLA-DPA3",-3.03075258937706,1.46574714682196e-12,1.1153978288011e-13,3.53852007778344,-7.42646335077222
"POMP","POMP",-0.704226196377973,1.48980112386427e-12,1.13494814537172e-13,3992.82379100941,-7.42416359078807
"GPRIN1","GPRIN1",-0.951259081547052,1.50237398508484e-12,1.14494508020124e-13,110.052786789949,-7.42300262329014
"PTPRE","PTPRE",-0.704333674861863,1.51220542582273e-12,1.15370209072525e-13,1803.4009894339,-7.42199380734616
"PPIB","PPIB",-0.589089566243852,1.53101194129622e-12,1.16847684885548e-13,19952.7742601336,-7.42030867884082
"EPB41L3","EPB41L3",-0.762322721671019,1.55772424136055e-12,1.19016645172662e-13,7680.30150912715,-7.41787243573319
"AGTRAP","AGTRAP",-0.62531086479393,1.60917311386061e-12,1.23037264148283e-13,2644.21217887317,-7.41346959135136
"RPL32P1","RPL32P1",-1.73337906461318,1.6114114318579e-12,1.23253323178204e-13,8.41244031485676,-7.41323701341823
"SIGLEC15","SIGLEC15",-0.907872857703342,1.62057235275729e-12,1.24044367405478e-13,63.3698525172518,-7.41238889485123
"RPL3L","RPL3L",-2.92688543662249,1.62444624183487e-12,1.24386169374784e-13,62.9049439268791,-7.41202407489655
"FTH1P15","FTH1P15",-1.38732886122422,1.63680715767915e-12,1.25423912932682e-13,13.4615231089888,-7.41092245230252
"BIN2","BIN2",-0.943026142243083,1.63831956423676e-12,1.25585471823027e-13,1111.21102267105,-7.41075175476889
"LINC01504","LINC01504",-0.970078748443795,1.64959285316137e-12,1.26541589739375e-13,37.9867248966227,-7.40974595002489
"PYHIN1","PYHIN1",-1.26249476940448,1.65066731708704e-12,1.26670024360714e-13,117.232932832348,-7.40961141033343
"COMMD9","COMMD9",-0.586558796390392,1.71186226499108e-12,1.31652348128513e-13,1540.94094037782,-7.40449312497167
"PRKCQ","PRKCQ",-1.39488818527897,1.73064689243503e-12,1.33145238275141e-13,168.43084943016,-7.40299652199609
"MT1G","MT1G",-1.97032336342068,1.76738958761541e-12,1.36021258575781e-13,833.178526734723,-7.40015926608621
"CDCA7","CDCA7",-1.26441203293839,1.77713360065425e-12,1.36820710940962e-13,122.019244162141,-7.39938105714325
"MAD2L2","MAD2L2",-0.595337483893729,1.82158135157442e-12,1.40445826298393e-13,1321.16418225966,-7.39590742938316
"LPAR2","LPAR2",-1.08847494682796,1.82450828728278e-12,1.40773210848745e-13,141.902080066786,-7.39559807580573
"PRKCQ-AS1","PRKCQ-AS1",-1.52417413800565,1.83157209954884e-12,1.41469014315905e-13,80.0620753960002,-7.39494293548156
"AC013457.1","AC013457.1",-2.05536105175477,1.83182149325496e-12,1.415417192837e-13,8.98938056821479,-7.39487466223309
"CD28","CD28",-1.18232628925939,1.86037617040483e-12,1.43851804786147e-13,675.393990750548,-7.39272314018926
"TRAV5","TRAV5",-1.69594361621571,1.89316222259213e-12,1.46439725928729e-13,11.1194978383179,-7.39035280967273
"CLCN1","CLCN1",-2.00952742777522,1.89637627062163e-12,1.46846920690924e-13,11.8900258031279,-7.38998360373099
"ESPL1","ESPL1",-1.06014730342592,1.94105838631618e-12,1.50523329079627e-13,131.274826913347,-7.38669500608747
"IGHV4-39","IGHV4-39",-2.93689327438193,1.96968929841774e-12,1.52908284211663e-13,7854.34128398087,-7.3846035751079
"IGHV3-74","IGHV3-74",-2.94554394130237,2.02636452149901e-12,1.57646923470487e-13,1785.75458009945,-7.38054158742118
"ABHD12","ABHD12",-0.641729663667976,2.03419245841854e-12,1.58312622826608e-13,3764.33953553755,-7.37998057978453
"NMI","NMI",-0.658293394790485,2.04095913089061e-12,1.58896135263484e-13,1594.36211243732,-7.3794907369168
"AC023590.1","AC023590.1",-1.9617854329387,2.04336524445668e-12,1.59140417923678e-13,8.25619411407867,-7.3792861928987
"AC124248.1","AC124248.1",-1.60041760296375,2.16966368194097e-12,1.69460561304491e-13,7.04977038255148,-7.37091524348694
"CD300LF","CD300LF",-1.2695601270838,2.1913514008832e-12,1.71337719288568e-13,180.825849394404,-7.36944664586582
"LYSMD2","LYSMD2",-0.686678867037896,2.1913514008832e-12,1.71282965920608e-13,728.446991167965,-7.36948925795778
"AL359183.1","AL359183.1",-0.876818105740569,2.23745278627548e-12,1.75004669499345e-13,72.0066334341245,-7.36662285325449
"IGHV5-78","IGHV5-78",-3.28302844495166,2.43003421249612e-12,1.90744985153703e-13,12.1099871778522,-7.35512748317869
"INSL3","INSL3",-1.44986573534136,2.44392910671585e-12,1.91971908647394e-13,9.22005350767853,-7.35427100043241
"TRBV27","TRBV27",-1.73366400929047,2.44487368057865e-12,1.92114255207002e-13,19.6950058429118,-7.35417198044477
"TXNDC11","TXNDC11",-0.759963515526471,2.52493571009098e-12,1.98546164130081e-13,2854.3265150997,-7.3497713730741
"TRBJ2-1","TRBJ2-1",-1.93611116658935,2.58878315170346e-12,2.036389144002e-13,5.74015532232216,-7.34638523415698
"TBC1D10C","TBC1D10C",-1.46287587520112,2.61333103748153e-12,2.05715591633389e-13,548.465297341105,-7.34502828460592
"SLC25A22","SLC25A22",-0.54982840320869,2.62055699327706e-12,2.06357449644814e-13,465.338335497625,-7.34461160109652
"ORMDL2","ORMDL2",-0.619842972173784,2.62473964813432e-12,2.06759978972198e-13,1351.53441028093,-7.34435093491463
"ZNF697","ZNF697",-0.737062963770971,2.68049040342598e-12,2.11674684680301e-13,297.341618487529,-7.34120791164632
"CASS4","CASS4",-0.885625626741869,2.70672510456721e-12,2.14123647296495e-13,258.680672805646,-7.33966842995268
"GCNT1","GCNT1",-0.701308752888417,2.72719969656771e-12,2.15819371109567e-13,967.91845002918,-7.33861255575622
"PCED1B","PCED1B",-0.971372224430064,2.89949785646409e-12,2.29841127477423e-13,398.154380872921,-7.33018156615287
"TPP1","TPP1",-0.902591360680891,2.96971039935534e-12,2.3583846488539e-13,10095.5057220738,-7.32672876026848
"MYBPC1","MYBPC1",-5.08291559130571,2.98410977455112e-12,2.37065166758765e-13,594.882088852398,-7.32603315484066
"ACY3","ACY3",-2.44026688607669,3.03800220290135e-12,2.41431199455658e-13,9.57000576356963,-7.32358574906441
"CD48","CD48",-1.43657547646909,3.13574185823718e-12,2.4946082964206e-13,1447.9087788648,-7.31919610117795
"TRBV7-9","TRBV7-9",-1.66597662330278,3.17604325374191e-12,2.53021090430505e-13,28.1548898464148,-7.31729401461425
"ARSA","ARSA",-0.767352253127747,3.18396378350415e-12,2.53740835039397e-13,1924.96893151809,-7.31691268387927
"IL17REL","IL17REL",-3.01609489003983,3.37223778329543e-12,2.68933025728452e-13,6.9294049536221,-7.30910227306308
"CENPU","CENPU",-1.20907483511807,3.40403356197745e-12,2.71658483287566e-13,207.118686781857,-7.30774708775165
"PARP8","PARP8",-0.546246856422348,3.56004147986321e-12,2.84406379966215e-13,984.053248026478,-7.30158071408066
"ATOX1","ATOX1",-0.822541309793695,3.64420695833117e-12,2.91536556666494e-13,1481.03719583634,-7.29824908683303
"AC239798.2","AC239798.2",-1.67095839159687,3.67823865901214e-12,2.9466920992337e-13,24.6812998293476,-7.29681056391079
"MAT1A","MAT1A",-2.24836125355183,3.70770887171512e-12,2.97133463586926e-13,78.9984973514165,-7.29568948816597
"CHST4","CHST4",-2.27757438391159,3.71908722017805e-12,2.98252653169401e-13,5.19520348685628,-7.29518334172481
"DEPDC7","DEPDC7",-0.84746043764723,3.77430013450625e-12,3.02785666539624e-13,69.21552047151,-7.29315221641536
"TMSB10","TMSB10",-0.966390054531153,3.77718080163149e-12,3.03122049558106e-13,53715.6999521326,-7.29300268448008
"CNN2","CNN2",-0.658429635874691,3.8706074543125e-12,3.10943294308812e-13,4839.99883649845,-7.2895711049806
"ATAD2","ATAD2",-0.648144702636182,3.9025915132995e-12,3.13730283605735e-13,430.179426798312,-7.28836876413855
"BOLA2B","BOLA2B",-0.895869572146783,3.93205024099295e-12,3.16208082097969e-13,602.356496949513,-7.28730858855044
"MYH7","MYH7",-5.56366917987508,3.95837430928737e-12,3.18766365979964e-13,1483.70286406572,-7.2862225025492
"BIK","BIK",-1.54532008737564,4.09611554355611e-12,3.30657856840098e-13,36.4292295054264,-7.28128395640737
"LINC00239","LINC00239",-1.65919448726618,4.11961350152622e-12,3.3278438822085e-13,9.93067428692551,-7.28041922751385
"TOR4A","TOR4A",-0.782155832321658,4.15021115778544e-12,3.35371767147595e-13,1359.60123325177,-7.27937438934808
"TRBV9","TRBV9",-1.67410096894053,4.22404092764658e-12,3.41573316546418e-13,16.3124937503956,-7.27690195363134
"AP2A2","AP2A2",-0.506123120535654,4.24426091324286e-12,3.43471953209004e-13,5220.06760535416,-7.27615381416763
"UAP1L1","UAP1L1",-0.656041750242028,4.30840944973609e-12,3.48996177308239e-13,764.2823300125,-7.27399992583731
"CPNE5","CPNE5",-1.56494227128352,4.30871736064649e-12,3.49141222784651e-13,622.891184233267,-7.27394382498664
"ERCC6L","ERCC6L",-0.824146670513484,4.38571484461921e-12,3.55624933323966e-13,48.9157741556512,-7.27145914642688
"TMEM156","TMEM156",-1.75530949043879,4.41209130009414e-12,3.58255664311477e-13,109.04732183612,-7.27046366644906
"SYN1","SYN1",-1.05713222209658,4.45335125094201e-12,3.61730050041673e-13,46.2418652928052,-7.26915988884404
"CARD16","CARD16",-1.07607265526705,4.51377508058294e-12,3.66889704110937e-13,854.381171966439,-7.26724622489398
"OTOA","OTOA",-1.48126297666118,4.52829092645208e-12,3.68195808570333e-13,40.576521041727,-7.26676599596085
"THEMIS","THEMIS",-1.33122390636123,4.55925388191406e-12,3.70967584147934e-13,147.757042542721,-7.2657523867322
"RASGRP3","RASGRP3",-0.677570189190464,4.721260604002e-12,3.84675811721194e-13,783.487298826015,-7.26084631644445
"CYCS","CYCS",-0.628857095153792,4.72381166122079e-12,3.85015339300615e-13,3367.23122511368,-7.26072699312151
"UNC93B1","UNC93B1",-0.672870148874908,4.72893009791955e-12,3.85564335509817e-13,4468.72417936542,-7.26053427274977
"GPR18","GPR18",-1.63302917813628,4.96365663055113e-12,4.05532476213111e-13,81.781741061474,-7.25370178514615
"TMEM121B","TMEM121B",-1.18438474643149,4.9993182606531e-12,4.08724751456322e-13,113.464044074021,-7.25264021773421
"STARD4","STARD4",-0.751110137226271,5.05227224136097e-12,4.13445007938444e-13,286.209086177189,-7.25108535833078
"TRBV6-1","TRBV6-1",-1.8250143646751,5.07928656578994e-12,4.15970562516818e-13,14.8961092538027,-7.25026058055904
"AC068547.1","AC068547.1",-1.54347785633699,5.21378192903324e-12,4.27566451155841e-13,178.764321108228,-7.24653572182117
"LRR1","LRR1",-0.532178959533663,5.31214747454492e-12,4.36373480347983e-13,327.692050956401,-7.24377240219695
"NPM1P25","NPM1P25",-1.04144880482409,5.32771486172427e-12,4.37800791982248e-13,29.6607807713774,-7.24332972810684
"CTPS1","CTPS1",-0.530437507029117,5.58826167351227e-12,4.60612955221625e-13,544.176824105003,-7.23644069075536
"PHACTR1","PHACTR1",-0.748434694187345,5.77938485466377e-12,4.76849593583408e-13,459.142974050052,-7.23173854215872
"GEN1","GEN1",-0.702035571280671,5.83060464256766e-12,4.81238197815829e-13,250.972652439864,-7.23049458006323
"MAP1S","MAP1S",-0.576607632923467,5.90784702334547e-12,4.88107556158773e-13,2227.31753704422,-7.22856962956755
"SLC35F3","SLC35F3",-1.77599584491121,5.91065400650685e-12,4.88504226600497e-13,13.6333179141549,-7.2284592873436
"MS4A6E","MS4A6E",-1.37088218544516,5.99845434952044e-12,4.96095165296924e-13,21.5151368741197,-7.22636448871742
"HIST1H4J","HIST1H4J",-1.07554799864129,6.00577209731255e-12,4.96956365510829e-13,117.264234500474,-7.22612882225866
"TIMELESS","TIMELESS",-0.617041201515465,6.00577209731255e-12,4.97035187649365e-13,525.653532579178,-7.22610727270386
"RNASE1","RNASE1",-0.978795590515548,6.20462881437799e-12,5.14357243037217e-13,43265.6219495925,-7.22145108336285
"AC113346.1","AC113346.1",-2.81018129460127,6.27135924783695e-12,5.20063937625503e-13,2.47332074552231,-7.21995078140533
"TIFA","TIFA",-0.605884132833989,6.34969075569765e-12,5.26736716068466e-13,672.004528375662,-7.21821685962375
"GPR25","GPR25",-1.99924631043796,6.36050902400883e-12,5.27811438730991e-13,16.100944480111,-7.21793961099024
"FCRL3","FCRL3",-2.0581380538306,6.41879131027607e-12,5.33061623456737e-13,132.800413884049,-7.21659312724602
"AC147651.3","AC147651.3",-1.12531949176126,6.41879131027607e-12,5.3318461615673e-13,109.924157077871,-7.21656174035985
"SGPP2","SGPP2",-1.91791654501136,6.47300291795086e-12,5.38048632789672e-13,98.7252255832796,-7.21532614239515
"AC138207.4","AC138207.4",-0.985306992187435,6.5049036261182e-12,5.41062924608689e-13,72.5676755366598,-7.21456591901153
"ASCC3","ASCC3",-0.543054591918582,6.52669736900729e-12,5.43057606870711e-13,1336.85707020469,-7.21406513044058
"DUX4L50","DUX4L50",-1.10654906558885,6.56299691857295e-12,5.46260872442058e-13,12.0747575389349,-7.21326467920493
"CRYBB1","CRYBB1",-1.08605999117586,6.778566676983e-12,5.6552613419401e-13,160.782238293245,-7.20854564987214
"ITK","ITK",-1.17877798726657,7.01830628441589e-12,5.86896692773454e-13,405.19255235399,-7.20349213312331
"TLR10","TLR10",-1.87620687957975,7.10956985410978e-12,5.95123018031824e-13,133.720976880975,-7.20159485855243
"DOCK8","DOCK8",-0.895609579002316,7.23126253449311e-12,6.06317427282377e-13,2801.56144122642,-7.19905398754722
"CLEC4C","CLEC4C",-1.90992861818642,7.26093397335398e-12,6.09007674587376e-13,20.0723398463416,-7.19845022932258
"BCL2L14","BCL2L14",-1.52219694108757,7.27413082970718e-12,6.10520081623647e-13,17.2749254628333,-7.19811195638924
"SLC2A3","SLC2A3",-1.28049296233112,7.33485701703541e-12,6.16639129292789e-13,4426.92954100439,-7.19675168368595
"PTP4A1","PTP4A1",-0.655599581608021,7.37754898810697e-12,6.20433875877874e-13,1126.37193808448,-7.19591474773799
"IGHV1-17","IGHV1-17",-4.26198164129059,7.40167307340477e-12,6.22875289438578e-13,6.49321381403945,-7.19537894349747
"XIRP2","XIRP2",-5.34654679466191,7.54044281773018e-12,6.36024528681575e-13,295.373837771092,-7.19252814041754
"APOBEC3C","APOBEC3C",-0.500789147727326,7.61574398659008e-12,6.42800635300203e-13,2560.3343300282,-7.19108156781498
"IGHV1-12","IGHV1-12",-3.93074872240532,7.6530103438558e-12,6.46159396001093e-13,34.9855427163759,-7.19037007491957
"KCNQ1","KCNQ1",-0.794303424455608,7.74665652079218e-12,6.54282069909416e-13,1204.8744644849,-7.18866432936503
"KLK11","KLK11",-2.7223643996464,7.75809002893423e-12,6.55463996590931e-13,39.2019855927893,-7.18841786120556
"AC063977.6","AC063977.6",-1.91260687244466,7.81516429370437e-12,6.60503920237259e-13,4.65143514026136,-7.18737175515669
"FTH1P20","FTH1P20",-1.52582319849748,7.93357396779348e-12,6.70953684133391e-13,5.60395465548829,-7.18522750246373
"EFHD2","EFHD2",-0.621423844632204,8.02494885244034e-12,6.79128772571676e-13,7905.12209097912,-7.1835727382307
"FMNL1","FMNL1",-0.746311400487366,8.09025542604855e-12,6.84880995927789e-13,5439.18711962912,-7.18242007791856
"IRF1","IRF1",-0.804656230253201,8.09405400634506e-12,6.85428183171465e-13,4158.68527655095,-7.18231092515905
"RALGDS","RALGDS",-0.509939179504919,8.14483221929727e-12,6.89955264514129e-13,3172.74766679421,-7.18141113177636
"TRBV4-1","TRBV4-1",-1.99348781593185,8.23199394881624e-12,6.97568267718505e-13,10.3617207172135,-7.17991097471592
"GPR174","GPR174",-1.28114056465065,8.28960893735308e-12,7.02912624039807e-13,212.464330998873,-7.17886742956832
"CHRNA1","CHRNA1",-2.14662796605459,8.4356246832389e-12,7.16234502721831e-13,21.7770773074135,-7.1762997129787
"RNF149","RNF149",-0.535586679503073,8.49492597463222e-12,7.21506325984791e-13,3346.64153910983,-7.1752965241936
"JCHAIN","JCHAIN",-2.33584443696761,8.55387354862244e-12,7.26989838320552e-13,25371.5847560329,-7.17426065825838
"STK10","STK10",-0.695531025447809,8.79677438679696e-12,7.4910510806034e-13,2922.1733619813,-7.17015936877373
"IGKJ2","IGKJ2",-2.89537907487631,9.47660777717506e-12,8.09639103471541e-13,283.099014149551,-7.15951343515096
"TRBV12-3","TRBV12-3",-1.67383830228749,9.47660777717506e-12,8.09617578864815e-13,24.6443012612217,-7.15951707993231
"CARD11","CARD11",-1.37334060602749,9.52917644163196e-12,8.15458443925021e-13,359.078568275513,-7.15853151320447
"RAB42","RAB42",-0.832211773969862,9.53021888378276e-12,8.1583204447515e-13,477.109326607693,-7.15846870916914
"TLR6","TLR6",-0.785721330822465,9.53681155565482e-12,8.16909321547798e-13,471.608249459859,-7.15828777168282
"TRAV8-6","TRAV8-6",-1.70289580400141,9.55858743097631e-12,8.19041052622193e-13,12.7484727309021,-7.15793041924332
"AC061992.1","AC061992.1",-1.34052536326549,9.76170044040845e-12,8.37805593199097e-13,14.4373738280947,-7.15482364457734
"ULK3","ULK3",-0.643240672358892,9.88925680515993e-12,8.49028876930803e-13,801.597136061997,-7.15299792617404
"NCK1-DT","NCK1-DT",-0.820787093121208,1.00556580518562e-11,8.63875626921833e-13,127.573103359087,-7.15061882934645
"SLC4A8","SLC4A8",-0.880074759336299,1.01599736701245e-11,8.73120524738502e-13,108.597013686009,-7.14915758512758
"UQCC2","UQCC2",-0.741766832225524,1.05805691632195e-11,9.10150144604752e-13,874.429968167412,-7.14345305654937
"CALR","CALR",-0.586093572168179,1.05919472875343e-11,9.11424147083442e-13,32395.7780429888,-7.14326087061799
"TRAV36DV7","TRAV36DV7",-1.98337777669808,1.07032910501156e-11,9.21601841221104e-13,5.58712171665174,-7.14173494370442
"CSN1S1","CSN1S1",-3.15679598892506,1.08417061181883e-11,9.34124421221468e-13,1085.5444776235,-7.13987998560496
"TRAV9-2","TRAV9-2",-1.72598603328315,1.11583028003953e-11,9.63268676594408e-13,17.2463499733441,-7.13565567648173
"AP002954.1","AP002954.1",-1.68036420674401,1.11748853915806e-11,9.65011705731473e-13,137.868302074152,-7.13540702463863
"AL365361.1","AL365361.1",-1.47461709686745,1.1424824742242e-11,9.87869166562643e-13,212.165898158327,-7.13218646784658
"RNASE2","RNASE2",-1.38518977527521,1.14474988088565e-11,9.90148816832939e-13,223.79790542369,-7.131869291415
"AC010247.1","AC010247.1",-1.30392493683073,1.14645682152374e-11,9.91944801117681e-13,16.2694054211517,-7.13161991358303
"ITGAM","ITGAM",-1.11570069544225,1.14710150252422e-11,9.92822345738736e-13,6997.13640243667,-7.13149822497489
"FNBP1","FNBP1",-0.507799050442103,1.15730705685275e-11,1.00197790065077e-12,2783.43208734665,-7.13023488797323
"SLC39A4","SLC39A4",-0.677502352241945,1.16191379879376e-11,1.00629022239783e-12,245.750376691676,-7.12964376820599
"BOLA2","BOLA2",-0.810861966079694,1.18095519526749e-11,1.02409801044659e-12,475.1268162675,-7.12722877646258
"IGLV4-60","IGLV4-60",-3.43519209120145,1.25230433201678e-11,1.08841391142253e-12,325.049767251084,-7.11883718146516
"AC100849.1","AC100849.1",-1.73366809949191,1.2631030259025e-11,1.09815145304248e-12,21.9403337231548,-7.11760927975962
"GALNT9","GALNT9",-1.80447834285997,1.26567803502222e-11,1.10074298794964e-12,14.3978075725288,-7.1172842879483
"GLB1","GLB1",-0.643583549647268,1.27795589760267e-11,1.11248955211516e-12,3060.52509459133,-7.11582056113256
"CCR4","CCR4",-1.18370594647739,1.29560265138098e-11,1.12857373813674e-12,111.000352852785,-7.11384074043877
"OSTC","OSTC",-0.604757320281485,1.35960136919429e-11,1.18583768200945e-12,4309.61252345113,-7.10701009027351
"TMPRSS13","TMPRSS13",-1.49410488001706,1.36229993092587e-11,1.18895082473279e-12,63.369497155058,-7.10664808173011
"LYN","LYN",-0.787323077501608,1.3719008512934e-11,1.19771246446018e-12,5324.09669873469,-7.10563421426127
"RNF144B","RNF144B",-0.694152904357121,1.39272643365308e-11,1.21705850020973e-12,1267.33956279063,-7.10342109211339
"APOBEC3F","APOBEC3F",-0.739697632482651,1.41489824303139e-11,1.2368281226889e-12,167.527004530858,-7.10119489237937
"AC246787.2","AC246787.2",-2.64690118443176,1.4329694295239e-11,1.2538232862092e-12,21.5887904541255,-7.09930885116084
"RNASEK","RNASEK",-0.673953299069747,1.43482298061697e-11,1.25584506178043e-12,7577.90080956961,-7.09908615593602
"SIGLEC22P","SIGLEC22P",-1.05111758305834,1.44764715919926e-11,1.26754852205872e-12,20.4790365029253,-7.09780391106346
"IGKV3-7","IGKV3-7",-3.3689073915617,1.49575613080316e-11,1.31209604003834e-12,136.724407096073,-7.09302725415677
"TRBV29-1","TRBV29-1",-1.59727004508934,1.49655163518286e-11,1.31321102370889e-12,33.9392059423101,-7.09290975086648
"LRRC61","LRRC61",-0.911086102346126,1.53375464718096e-11,1.34671139752475e-12,183.88618199577,-7.08942419888785
"SMTNL1","SMTNL1",-2.30285256530358,1.5573364482721e-11,1.36958787297518e-12,39.9588892650265,-7.08709255950774
"SHISA8","SHISA8",-3.03392650365348,1.57959062960588e-11,1.39092036206968e-12,11.1855977090153,-7.08495246585545
"TENT5C","TENT5C",-1.70438394159169,1.59098851006953e-11,1.40217370814562e-12,2473.10945492794,-7.08383646051144
"LINC02416","LINC02416",-2.3926439113463,1.61254981013164e-11,1.42219027156976e-12,4.09642882667984,-7.0818729424343
"AC079209.1","AC079209.1",-1.37436729831795,1.6203367157462e-11,1.42950960427505e-12,8.02851462480928,-7.08116171838863
"PLXNC1","PLXNC1",-0.815075249815556,1.63930681779068e-11,1.44807339528325e-12,3198.12736650226,-7.07937376376402
"SIRPA","SIRPA",-0.608495573817359,1.63930681779068e-11,1.44787720191746e-12,8026.20079078363,-7.07939254210034
"WNT10A","WNT10A",-1.85208717099729,1.66989907953481e-11,1.47695882351608e-12,92.8107540024638,-7.0766359260616
"SNX24","SNX24",-0.61171584146276,1.69565602340625e-11,1.50068512176024e-12,778.215223310597,-7.07442609985052
"IGLV3-12","IGLV3-12",-3.39660110625018,1.77172271731842e-11,1.57047477103068e-12,40.5448648269563,-7.06811932999111
"FMN1","FMN1",-0.906624101485027,1.85369562409285e-11,1.64675343665057e-12,490.992570484739,-7.06153323681115
"CLDN14","CLDN14",-1.25425514867085,1.86096121738501e-11,1.65372665115636e-12,20.0204927108958,-7.0609461608798
"GPX7","GPX7",-0.824538886861849,1.86546082195203e-11,1.65824517385506e-12,869.192798812523,-7.06056704109268
"TRAV17","TRAV17",-1.67387784383854,1.87521503948393e-11,1.66796130759393e-12,14.3017840589988,-7.05975524464225
"PDPN","PDPN",-1.04142288095212,1.90583168456612e-11,1.69625660454902e-12,5600.88245532422,-7.05741729392665
"AC011899.3","AC011899.3",-1.45736959908578,1.93855944869605e-11,1.72646618497111e-12,8.79448147693707,-7.05496302997783
"AC100861.1","AC100861.1",-0.869193540228046,1.95164101133539e-11,1.73866053581266e-12,54.3034586865768,-7.05398426106013
"JAKMIP2","JAKMIP2",-1.17796847289893,1.95419737275716e-11,1.74148264828004e-12,103.293723049955,-7.05375870638908
"FCRL6","FCRL6",-1.09454871693002,1.9995084739098e-11,1.78353369101362e-12,67.3303636364708,-7.05043964035766
"TMEM234","TMEM234",-0.500442401309881,2.02170322717363e-11,1.80445818352891e-12,238.012238589605,-7.04881657996096
"AC026369.3","AC026369.3",-1.79121900159354,2.04390383619871e-11,1.82712184047087e-12,33.1026912754518,-7.04707931523876
"HSD17B14","HSD17B14",-0.741854830822822,2.08824839358308e-11,1.86792727386985e-12,514.029135692911,-7.04400403794976
"DCT","DCT",-2.16817377395349,2.09279751578878e-11,1.87257979809951e-12,72.9815290559591,-7.04365759731223
"AC145098.1","AC145098.1",-1.03837313067584,2.12151031805459e-11,1.89886261498907e-12,35.1588313325779,-7.04171622048032
"JPH4","JPH4",-0.81860839676469,2.16710104830907e-11,1.94148091129347e-12,168.672562104982,-7.03862356349024
"IGHD","IGHD",-2.56626716907583,2.23468289720186e-11,2.00576416139094e-12,543.357298351331,-7.03408250707299
"AL159163.1","AL159163.1",-1.87398252522549,2.24424763014234e-11,2.01560024092505e-12,7.20838850210038,-7.03340029481802
"AL731567.1","AL731567.1",-1.82503966934503,2.24820737386051e-11,2.01978323789615e-12,9.48264168439534,-7.0331111590465
"CRCT1","CRCT1",-5.42950553362149,2.25168629282505e-11,2.02416398449081e-12,43.0373709429053,-7.0328089834848
"CR1","CR1",-1.46686708005086,2.25365595940339e-11,2.02656282230951e-12,1228.72373603498,-7.03264378791451
"FTH1P11","FTH1P11",-1.22360830790514,2.2546761624241e-11,2.02810870415124e-12,12.417354731119,-7.03253743261646
"CCL24","CCL24",-2.38638648810205,2.28333080767822e-11,2.05515684403985e-12,123.493204783725,-7.03068930162779
"LRRC26","LRRC26",-3.14360524481089,2.29893855004861e-11,2.07112735714484e-12,16.7119513978418,-7.02960924725547
"CHST15","CHST15",-0.682436600690654,2.30146523717406e-11,2.07404518795366e-12,3122.32794631228,-7.02941280303403
"PGK1","PGK1",-0.637496049410287,2.32891556565097e-11,2.09943217820634e-12,16788.0860675026,-7.02771496380144
"IGKV1-6","IGKV1-6",-3.00024284170458,2.40231518021344e-11,2.16760815006297e-12,1374.79073215168,-7.02325323758539
"TRGV1","TRGV1",-2.39746351559317,2.43683216452116e-11,2.20011132568196e-12,2.40915888531291,-7.02117433002255
"WTAPP1","WTAPP1",-1.9504975611277,2.50063929353925e-11,2.25944200626123e-12,35.669502681006,-7.01745604762356
"HLA-B","HLA-B",-0.957134269519142,2.51192634966001e-11,2.27141158976922e-12,75676.0557393434,-7.01671752876329
"OAZ1","OAZ1",-0.646027229175159,2.51192634966001e-11,2.2708509551633e-12,45795.5504795727,-7.01675203441398
"CXCL5","CXCL5",-2.44332403616811,2.52291898438855e-11,2.28346144733369e-12,529.283547822253,-7.01597790258839
"AC134669.1","AC134669.1",-1.09752556069697,2.52403724834728e-11,2.28658426679544e-12,39.7394920986225,-7.01578684699354
"PREX1","PREX1",-0.692870685405051,2.53199762283127e-11,2.29450153918452e-12,5096.71487003652,-7.01530360902498
"IFNWP19","IFNWP19",-1.92774152309137,2.60286983488691e-11,2.36235377906391e-12,17.4566382362741,-7.01122800916907
"TRGV5","TRGV5",-1.50461483619643,2.61420533716541e-11,2.37409923023969e-12,22.1758301177801,-7.01053418576791
"P4HB","P4HB",-0.518171596279943,2.70724881574604e-11,2.46086087474504e-12,32848.5159471302,-7.00551094926741
"AC078883.1","AC078883.1",-1.05639152711955,2.72355346772075e-11,2.47719999029207e-12,102.419286722271,-7.00458443232563
"DYRK4","DYRK4",-0.68047931476151,2.77746327335962e-11,2.53010452330014e-12,432.548998968957,-7.00162505244442
"REXO1L1P","REXO1L1P",-2.00412928244657,2.7887276996928e-11,2.54269778555962e-12,12.2161882355755,-7.000929554249
"GGTA1P","GGTA1P",-0.955459354517556,2.83632351559479e-11,2.58814953789701e-12,3038.23616150859,-6.99844714936999
"SLC25A15","SLC25A15",-0.53220303831239,2.84402297288304e-11,2.5962857801232e-12,128.770583440893,-6.99800729412549
"GEMIN7","GEMIN7",-0.54286700627605,2.8514635409138e-11,2.60387304809299e-12,388.779325513277,-6.99759833350571
"TRBV10-3","TRBV10-3",-1.84129107313183,2.90516476655997e-11,2.65696044573749e-12,14.9948234566748,-6.99476915243256
"DCSTAMP","DCSTAMP",-2.18060010260544,2.90677929439401e-11,2.6592472875822e-12,24.6655554889485,-6.99464852905266
"IGHV1OR21-1","IGHV1OR21-1",-4.81381748508645,2.92613476501531e-11,2.67858580301332e-12,7.99113313063629,-6.99363253469966
"AC244205.1","AC244205.1",-2.98486309900351,2.96613438080122e-11,2.71685507325793e-12,22.4211038624843,-6.99164299950916
"AP001056.1","AP001056.1",-1.33405186001025,3.05364720669992e-11,2.80297149872135e-12,11.5130713809186,-6.98726468132522
"MAP3K8","MAP3K8",-0.631558911912072,3.2230011676759e-11,2.97010226072098e-12,1318.57888423705,-6.97913157324858
"ST3GAL5","ST3GAL5",-0.672344766294879,3.26391101270394e-11,3.01144124098956e-12,806.738416255461,-6.97718916282766
"P2RX5","P2RX5",-2.01646191888269,3.28601811610955e-11,3.03458620729504e-12,176.543537836024,-6.97611302826784
"AL645922.1","AL645922.1",-1.85451813611371,3.28690255243861e-11,3.03631918014817e-12,678.872473426213,-6.97603277717171
"ERP27","ERP27",-0.745266497242554,3.30555995445861e-11,3.05539701992606e-12,36.1642742946297,-6.9751522709909
"PERM1","PERM1",-1.9339408960655,3.3090525742108e-11,3.05954770415532e-12,51.2251173680927,-6.97496141720277
"AL592164.1","AL592164.1",-3.01957421365974,3.34356656047539e-11,3.09239131642017e-12,1.61634612253307,-6.97346011787419
"CLEC12A-AS1","CLEC12A-AS1",-0.883873070918818,3.61755508119548e-11,3.3518475511899e-12,53.0493489424111,-6.96212211556224
"P2RY8","P2RY8",-1.22674801288123,3.74167383095617e-11,3.47102174478666e-12,757.526474227849,-6.95719994592667
"SLC37A2","SLC37A2",-1.04658696268551,3.76681414428673e-11,3.49539352929074e-12,2669.91830786341,-6.95621376992529
"IL1RN","IL1RN",-1.78791657848382,3.82574539384298e-11,3.55221126324487e-12,1106.89797324081,-6.95394063934156
"STK17B","STK17B",-0.625534882939966,3.82861233527918e-11,3.55594043237637e-12,3410.83915554687,-6.9537926941707
"TRGV3","TRGV3",-1.43026252324384,3.86161343607196e-11,3.58982043464808e-12,21.6923918927719,-6.95245551931979
"C1orf54","C1orf54",-0.931802212784059,4.00879687590515e-11,3.73154178636562e-12,918.966441848341,-6.94699301182149
"E2F1","E2F1",-0.928667127000736,4.00879687590515e-11,3.73323143597814e-12,202.24573610793,-6.94692912068049
"HLA-DRB5","HLA-DRB5",-1.60635451845342,4.04987028298472e-11,3.77272933400276e-12,20730.5190944629,-6.94544359928026
"HRH2","HRH2",-0.853958100513808,4.05066072480336e-11,3.7745947882976e-12,978.044302101714,-6.94537381692551
"COX5A","COX5A",-0.75720756952412,4.12329340638959e-11,3.848388598709e-12,2898.9093448561,-6.94264014192657
"KCTD17","KCTD17",-0.552680221002432,4.1635722064691e-11,3.88793502206871e-12,1155.88281484032,-6.9411962308643
"SLC20A1","SLC20A1",-0.693764263264674,4.16608959969008e-11,3.89144703792654e-12,1760.16755497507,-6.94106869780514
"IGHJ5","IGHJ5",-2.787653947846,4.25668620193681e-11,3.98081734006913e-12,1679.3794876105,-6.93786077423641
"AC034199.1","AC034199.1",-1.92621065390847,4.25810722983027e-11,3.98333320231648e-12,7.08301824970582,-6.93777149334885
"GTSF1","GTSF1",-1.17260657057818,4.30824264127958e-11,4.03383610649703e-12,44.9872503167745,-6.93599088482942
"LINC00888","LINC00888",-0.611866351445538,4.38328437348454e-11,4.10776364143694e-12,188.803113165635,-6.93342340641288
"TRAV10","TRAV10",-1.87745584564372,4.43209531989737e-11,4.15474189848498e-12,4.7792776111296,-6.9318153028033
"NEU3","NEU3",-0.630238637597806,4.48936302408382e-11,4.21218005270136e-12,507.184307659959,-6.92987319739954
"RTP5","RTP5",-2.28560192880802,4.55218733519087e-11,4.27239435751573e-12,9.27126109845963,-6.92786490372728
"STAT2","STAT2",-0.633428264725161,4.55354039767538e-11,4.27493353571308e-12,2720.07122225428,-6.92778082691501
"PCAT7","PCAT7",-1.52367069881233,4.64358548764993e-11,4.36335238435343e-12,12.5091308872814,-6.92488324459852
"CHEK1","CHEK1",-0.511495035889918,4.71582436637985e-11,4.43254627552136e-12,259.165526186878,-6.9226555561745
"SAMD3","SAMD3",-1.04380691297527,4.76602425650438e-11,4.48238769099534e-12,118.582941249304,-6.92107194073593
"SPNS3","SPNS3",-0.999966803580829,4.780897842608e-11,4.4990414262424e-12,62.9779800399119,-6.92054664566564
"MIR4539","MIR4539",-2.78532693716287,4.82179038685348e-11,4.53886721572243e-12,13.3839483232466,-6.91929814315301
"MIR31HG","MIR31HG",-1.89993066594332,4.90536054961132e-11,4.62163586276969e-12,22.9573859048332,-6.9167374147267
"CLEC2D","CLEC2D",-1.14008319161378,5.10057289531542e-11,4.81550951816957e-12,440.321131961805,-6.91091104871602
"ANO9","ANO9",-1.95782280186239,5.14535019570615e-11,4.8592185262864e-12,114.402548862633,-6.90962928358426
"AL606469.1","AL606469.1",-1.94594673062325,5.27887905530245e-11,4.99120773674869e-12,2.89271966828302,-6.90582619499329
"CCL25","CCL25",-2.56381768854845,5.33439565214362e-11,5.04667284832765e-12,6.24847565860311,-6.90425737977661
"SEMA4D","SEMA4D",-1.09361530801525,5.50999979636943e-11,5.21587715915557e-12,1270.1657448452,-6.89957384049168
"RYR1","RYR1",-1.42312188820492,5.51345944612222e-11,5.22068898633511e-12,428.163168489636,-6.89944283882709
"IGKV1D-39","IGKV1D-39",-2.64642594448731,5.52692736753236e-11,5.23652296090383e-12,21861.5907665311,-6.89901259391133
"DENND4B","DENND4B",-0.699782187964299,5.72229497328242e-11,5.4264104527127e-12,1610.19110277549,-6.89394999791448
"IGHV3-52","IGHV3-52",-3.86963622546231,6.1334379566551e-11,5.83339102665009e-12,10.8844448951653,-6.88366024282348
"CNKSR1","CNKSR1",-2.24440538081062,6.30065731302049e-11,6.00648028168086e-12,64.8900064483171,-6.87949571925631
"PKIB","PKIB",-1.40712776627185,6.38642061436831e-11,6.09536005117689e-12,148.337887440643,-6.87740276139221
"SPATA8","SPATA8",-1.8020573583161,6.43774332055356e-11,6.14613822241002e-12,6.00041090670076,-6.87622041266819
"TRAV8-3","TRAV8-3",-1.85378102630467,6.5234233834224e-11,6.2315740585334e-12,8.86073921180915,-6.87425251338206
"SLURP1","SLURP1",-3.12739760289169,6.68675596289822e-11,6.39505497106726e-12,102.896003057063,-6.87055957436131
"NUP50-DT","NUP50-DT",-0.60960412355253,6.73232162163976e-11,6.44238609814336e-12,131.055870026664,-6.86950765422614
"NLRP4","NLRP4",-3.11481720183992,6.78356483347102e-11,6.49520423776249e-12,2.02832463958354,-6.86834269180892
"SPRR2G","SPRR2G",-6.48866014765723,6.96682277406222e-11,6.68232394858483e-12,84.4512760554234,-6.86428897664329
"EXOSC4","EXOSC4",-0.505622280731711,6.98251750502638e-11,6.6993241121396e-12,654.125103705238,-6.86392621906412
"LYPD3","LYPD3",-1.77634470728116,7.03955022063349e-11,6.75796821180815e-12,272.525362573789,-6.86268173012748
"AC002091.1","AC002091.1",-0.958505631618063,7.08107055206447e-11,6.80572300028384e-12,28.9401217198991,-6.86167611700428
"PSME2P2","PSME2P2",-1.96950469703761,7.31688925795839e-11,7.04460919776676e-12,2.81104441333554,-6.85674727802866
"TRAV26-1","TRAV26-1",-1.73212660908381,7.48337530092154e-11,7.21397405205603e-12,10.9866810519261,-6.85335109186044
"PSTPIP2","PSTPIP2",-1.02305563116708,7.48679212389065e-11,7.2207110100799e-12,320.434072006682,-6.85321762046266
"POLE2","POLE2",-0.621192993356737,7.54998224355809e-11,7.28375987315806e-12,67.2910371498181,-6.85197438986524
"GAPDH","GAPDH",-0.850648026674869,7.63852221831484e-11,7.37556542557285e-12,70269.5397779282,-6.85018284912526
"AC005332.4","AC005332.4",-0.577461383516668,7.83877250585856e-11,7.5732921269145e-12,157.725394688988,-6.84639738920444
"CERNA2","CERNA2",-1.17768284209609,7.92090823447499e-11,7.65706195321512e-12,37.5809197593992,-6.8448227487216
"AC112721.1","AC112721.1",-2.60332697117348,8.00055359237734e-11,7.74297479379348e-12,4.45263220723848,-6.84322526301552
"MMP9","MMP9",-1.88724921160228,8.19374911217583e-11,7.9355830553626e-12,3308.98381981695,-6.83970607166979
"TRIB1","TRIB1",-0.621842661610399,8.19374911217583e-11,7.9368022759055e-12,1650.01703351849,-6.83968406266725
"RNF213","RNF213",-0.742364183606072,8.2112100346701e-11,7.95829332140709e-12,7018.48027041928,-6.83929665568424
"NUGGC","NUGGC",-1.42196437910993,8.27503228130466e-11,8.02937627072377e-12,115.064995495695,-6.83802254656243
"FUT8-AS1","FUT8-AS1",-1.16821750271214,8.28941652692312e-11,8.04564413846587e-12,48.4232442807841,-6.83773251151628
"C17orf49","C17orf49",-0.588211215325633,8.53250399312921e-11,8.2910965630797e-12,2951.71628649106,-6.83342480420692
"TRBV5-4","TRBV5-4",-1.82024367684904,8.60256402043484e-11,8.36397025875309e-12,12.9255294753436,-6.83216990553268
"CEP85","CEP85",-0.879597604873927,8.76087321316347e-11,8.52765693668762e-12,333.004387186329,-6.82938980704246
"UGCG","UGCG",-0.641385904546984,8.946151244489e-11,8.71548393017117e-12,1892.15112486653,-6.82626341058605
"TRBV6-6","TRBV6-6",-1.74533836385286,9.13127665980095e-11,8.90347198773065e-12,9.94386589702828,-6.82319974711934
"GAPDHP14","GAPDHP14",-1.91339810302342,9.28860065915692e-11,9.06204942356773e-12,3.69220174932609,-6.82066427653672
"C19orf84","C19orf84",-1.91791449210292,9.37280497105011e-11,9.15987574313636e-12,3.8744716576827,-6.81912173763596
"MYH2","MYH2",-5.82298113937181,9.39689066072504e-11,9.18603360199658e-12,747.656976414147,-6.81871201167654
"TRAV6","TRAV6",-1.78356656173834,9.40126491705279e-11,9.19293026592925e-12,6.96127900413591,-6.81860417558544
"PSMB8-AS1","PSMB8-AS1",-0.755846996205988,9.59662804236273e-11,9.389314126465e-12,795.661573719605,-6.81556632679983
"KDM1B","KDM1B",-0.535954179005685,9.7345061709676e-11,9.52964060555769e-12,1129.71209863276,-6.8134335219685
"RECQL4","RECQL4",-0.693384404393486,9.7492841451129e-11,9.54682514335376e-12,157.37230537402,-6.81317445385369
"RASGEF1B","RASGEF1B",-0.876066081827571,9.91452078984395e-11,9.71968491090764e-12,1412.10716812693,-6.8105935999673
"IL10RB-DT","IL10RB-DT",-0.595999794025902,1.00048091481258e-10,9.82214294625753e-12,395.419123902481,-6.8090850107514
"IGHA2","IGHA2",-2.60518027232557,1.03960872204577e-10,1.02149707183591e-11,2158.90665378051,-6.80344047692314
"EGR4","EGR4",-3.09397909444561,1.04035345638961e-10,1.02251882570865e-11,2.41957961577738,-6.80329651589107
"ALOX12B","ALOX12B",-3.42037949966661,1.04110395849806e-10,1.02383686845468e-11,31.4545489069095,-6.80311101695334
"ACTG1P22","ACTG1P22",-2.96856195752392,1.05710172804579e-10,1.0401586341468e-11,9.84065269788899,-6.80083310991801
"LAMTOR2","LAMTOR2",-0.710903075464225,1.06606898834089e-10,1.04927933040604e-11,1714.5549879564,-6.79957540637961
"LINC02195","LINC02195",-2.65873349372664,1.11544827056889e-10,1.09974649003544e-11,3.40737489731691,-6.7928041306488
"AP1S2","AP1S2",-0.648562468425285,1.11864186257931e-10,1.10320694349982e-11,4238.26093659818,-6.79235105231614
"MSLN","MSLN",-1.51530245240191,1.11883978982632e-10,1.10433775491986e-11,22.2570458037218,-6.79220329655903
"CTSW","CTSW",-1.05697583992802,1.12626879652039e-10,1.11261229682739e-11,355.524338199063,-6.79112660484469
"AL161785.1","AL161785.1",-0.758583821829437,1.13307799534334e-10,1.11965477170513e-11,117.719027391146,-6.79021639205698
"AC002350.1","AC002350.1",-0.589211756712255,1.13424901638137e-10,1.12112808699326e-11,53.1913341869599,-6.79002668123148
"PRAMENP","PRAMENP",-3.16730940552858,1.13549328053568e-10,1.12267447137562e-11,8.3378188750136,-6.78982782419986
"CHI3L2","CHI3L2",-1.58635191629454,1.15283482768237e-10,1.14142698478823e-11,15680.4938968496,-6.78743747606752
"CD163L1","CD163L1",-1.03484209174206,1.16157313455597e-10,1.1504026054571e-11,974.221916623632,-6.78630695094099
"KRT36","KRT36",-2.20282400331176,1.19356522076554e-10,1.18308513590028e-11,2.95735938542759,-6.78226218420568
"DLGAP3","DLGAP3",-0.758844016581841,1.2047077397873e-10,1.1951372392761e-11,42.0362038616988,-6.78079819307028
"TRBV7-6","TRBV7-6",-1.6946596682114,1.26436736147781e-10,1.2571424051265e-11,10.3855609175485,-6.77348773195255
"DNPH1","DNPH1",-0.658153468775324,1.27037585143937e-10,1.26347067259531e-11,1352.01760159536,-6.77276159041015
"SLIT1","SLIT1",-0.808518735614481,1.27826057425494e-10,1.27202515681955e-11,43.1202455788025,-6.77178564230723
"ZNF671","ZNF671",-0.606510157122929,1.33015055251956e-10,1.32477433425851e-11,242.826425564886,-6.76590611585503
"CBX8","CBX8",-0.516671636091413,1.33494812039347e-10,1.32992462224007e-11,218.515756591794,-6.76534439490296
"ZFP69B","ZFP69B",-0.691215645428349,1.35340159288027e-10,1.34906316268707e-11,51.5987500453416,-6.76327553820229
"TRAV13-2","TRAV13-2",-1.47736755805139,1.38364123955614e-10,1.38036292581782e-11,15.0616491765255,-6.75995322983727
"FAM172BP","FAM172BP",-2.36671690741632,1.41113432658598e-10,1.40897091507484e-11,3.30773826547692,-6.75698055469078
"IGLV3-25","IGLV3-25",-2.74999945021317,1.4114579838929e-10,1.40968751394794e-11,5195.48999831971,-6.75690685374272
"AC093895.1","AC093895.1",-2.11961441570182,1.41532226395555e-10,1.41394146174681e-11,13.7946653621413,-6.75647009661241
"IGKV1OR2-11","IGKV1OR2-11",-4.33856072456997,1.41721132200786e-10,1.41661875978263e-11,7.31726375098241,-6.7561958750869
"IGKV1OR2-9","IGKV1OR2-9",-4.33856072456997,1.41721132200786e-10,1.41661875978263e-11,7.31726375098241,-6.7561958750869
"BFSP2","BFSP2",-2.20091523578624,1.42000358800977e-10,1.41980567810203e-11,14.2855973416051,-6.75587011677296
"TMEM147","TMEM147",-0.539404264149692,1.47438397736079e-10,1.47674128179676e-11,2831.23457250379,-6.75016793564177
"HERPUD1","HERPUD1",-0.685886720606202,1.48136472707181e-10,1.48446165681482e-11,6740.14218674335,-6.7494113599141
"CSRP3","CSRP3",-4.1605070943624,1.48582948239601e-10,1.48976408311595e-11,54.8402076761318,-6.7488939655109
"IGKV3-20","IGKV3-20",-2.71163053367922,1.50141861489253e-10,1.5066500386378e-11,23638.2466023458,-6.74725822095466
"TPM3","TPM3",-0.585556106047321,1.53431287040371e-10,1.54222500646015e-11,23616.7625716441,-6.74387003726666
"CD207","CD207",-2.79217156617493,1.53494275044259e-10,1.54328599326729e-11,15.7620763138186,-6.74377016771981
"ACOT7","ACOT7",-0.76631851240195,1.5374728126524e-10,1.54625837158184e-11,1762.3931104908,-6.74349073858437
"PSAPL1","PSAPL1",-4.05055920909155,1.5417058595228e-10,1.5509453510851e-11,62.9492193739496,-6.74305118912668
"IGHV3OR15-7","IGHV3OR15-7",-3.69799512097781,1.57868218896053e-10,1.59034353474658e-11,15.7647445805106,-6.73940699486571
"ISG20","ISG20",-1.13311853018725,1.58860091606561e-10,1.60077834469051e-11,1128.18797845221,-6.73845661932298
"ARSB","ARSB",-0.59685556127645,1.62069937395234e-10,1.63402637925731e-11,1602.31798482963,-6.73546843333362
"PAXX","PAXX",-0.614829170064285,1.6369538738155e-10,1.65132712734169e-11,649.789750064334,-6.73393698939235
"STMN1","STMN1",-0.685421966807351,1.6463997875363e-10,1.66131490756276e-11,1572.07764751396,-6.7330600195447
"HCP5","HCP5",-0.625601893440642,1.66878080982167e-10,1.68482901551891e-11,1475.43143744445,-6.73101559833721
"SLC8A1-AS1","SLC8A1-AS1",-0.706218827873493,1.72134294529183e-10,1.73981589397301e-11,93.3574704568217,-6.72634181820357
"IGHV3-6","IGHV3-6",-3.26702431872989,1.731744355538e-10,1.75081164530629e-11,110.584490622417,-6.72542457706
"ADRB3","ADRB3",-1.67521571962294,1.74936414711083e-10,1.77057594931273e-11,6.01145418029947,-6.72378997498143
"AC100858.3","AC100858.3",-1.18331936552576,1.76405416957033e-10,1.78691926194246e-11,12.4777046499827,-6.72245174493428
"FHAD1","FHAD1",-1.29244929216523,1.79097899077635e-10,1.81519152904886e-11,195.354094383302,-6.72016479392731
"NCF2","NCF2",-0.901690073702226,1.81087718940887e-10,1.83687305707565e-11,4104.18398545324,-6.71843447754013
"GAB3","GAB3",-0.601772547212258,1.81665378599328e-10,1.84323896334928e-11,419.354367880236,-6.71793023678691
"IGKV2D-30","IGKV2D-30",-3.58239059940453,1.84054612624101e-10,1.86902008024975e-11,27.808780238915,-6.71590541306168
"EIF4A1P10","EIF4A1P10",-0.754647756902427,1.85270753866092e-10,1.8849846734808e-11,15.0688561959396,-6.71466523577181
"TRAV41","TRAV41",-1.40659762993284,1.87500115072914e-10,1.90923462121632e-11,12.3252660920709,-6.7128009659052
"IGHV3-35","IGHV3-35",-3.66051891979789,1.8824558697467e-10,1.91735017367371e-11,44.741445688849,-6.71218223903003
"REL","REL",-0.618426191546001,1.9417330264481e-10,1.97934987532284e-11,806.568122479041,-6.70753832364689
"MSX2","MSX2",-0.925386188432249,1.98381199675341e-10,2.02279701299623e-11,371.354158780005,-6.70436815020927
"TRBV6-2","TRBV6-2",-1.64739232314011,2.0356772942087e-10,2.07851872576626e-11,15.6600812861357,-6.70039854107449
"LMOD2","LMOD2",-3.84795868503538,2.081021392996e-10,2.12771748279005e-11,60.6895972817259,-6.69697929889743
"IGKV1-8","IGKV1-8",-2.97794531334717,2.08350608898985e-10,2.13083870118571e-11,545.240166070843,-6.69676499775203
"AC243960.3","AC243960.3",-1.1374244268904,2.10533718156916e-10,2.15492630821518e-11,19.064574427505,-6.69512141970698
"GPCPD1","GPCPD1",-0.542557716728669,2.10554694682147e-10,2.15572792632063e-11,2044.1057503481,-6.69506703238968
"NUDT16P1","NUDT16P1",-0.57847017851957,2.1166334453109e-10,2.16766864893999e-11,151.210007285062,-6.69425922693619
"UCHL3","UCHL3",-0.604826611840739,2.18428411396396e-10,2.24060363467244e-11,636.323883772131,-6.68941769111471
"ARRDC4","ARRDC4",-0.622671872861167,2.21971395235299e-10,2.28031645534049e-11,1338.23725727179,-6.68684598102707
"ENO1","ENO1",-0.598551084583048,2.21971395235299e-10,2.28065940860575e-11,39720.6123119093,-6.68682396368349
"TRBV4-2","TRBV4-2",-1.71188167352404,2.22842495130458e-10,2.29085190812858e-11,16.2690210024017,-6.68617108813733
"IGHV1-68","IGHV1-68",-5.03111474288594,2.23270054677844e-10,2.295869635419e-11,8.42332937558734,-6.68585072394814
"GLIPR1","GLIPR1",-0.651148553926481,2.23417824510098e-10,2.29801190924672e-11,5327.46006696816,-6.68571415606635
"GUCA1A","GUCA1A",-1.97864900013554,2.26744808953148e-10,2.33412844449889e-11,32.6266428490357,-6.68343033558198
"LINC00582","LINC00582",-2.64395421263134,2.26926057010337e-10,2.33662677239355e-11,16.7157301865458,-6.68327363621437
"IGHV3OR16-12","IGHV3OR16-12",-3.81764944534822,2.37368915901276e-10,2.44746374890263e-11,21.8553087319747,-6.67648184141973
"DAPK1","DAPK1",-0.800750857539015,2.3749402006087e-10,2.44941567728284e-11,2147.71206894287,-6.67636495028128
"OTULINL","OTULINL",-0.676728758726276,2.39899326761245e-10,2.47689785734816e-11,1990.70630944402,-6.67472879151253
"SLC16A13","SLC16A13",-0.617756165158212,2.41620976670129e-10,2.49534695069778e-11,85.0041661697104,-6.67364035934535
"FBXO16","FBXO16",-1.29465022397747,2.4524917509565e-10,2.53486812893288e-11,27.9630447034825,-6.67133501891194
"ISOC2","ISOC2",-0.525072720320457,2.4524917509565e-10,2.53450237195884e-11,1609.25632954059,-6.67135619241472
"C16orf54","C16orf54",-0.855645734625874,2.45988194701063e-10,2.54319223455399e-11,835.239848933003,-6.67085394708518
"PAQR8","PAQR8",-0.556021072885531,2.52149132684469e-10,2.60969959486393e-11,801.334338888019,-6.66706476049822
"TTN","TTN",-2.0519478022155,2.58762349627969e-10,2.68379465247031e-11,1138.10534483658,-6.66295302442636
"FAM72C","FAM72C",-1.20314086703128,2.62481280317963e-10,2.72395207421262e-11,21.1571409898189,-6.66077077545651
"ATP13A1","ATP13A1",-0.594498874552638,2.63097936584242e-10,2.73181829624056e-11,1652.01362647732,-6.66034699712182
"TRAV39","TRAV39",-1.98622381257891,2.63099582641431e-10,2.73256876633302e-11,4.41157859736568,-6.66030662934931
"AC091564.7","AC091564.7",-0.709402166158051,2.73972206054891e-10,2.84931094297087e-11,75.0049188138857,-6.65415560879611
"PPP1R27","PPP1R27",-3.61974263792991,2.83224258449688e-10,2.94869018901627e-11,19.1469696171633,-6.64911077438965
"AC091057.6","AC091057.6",-1.26512198955867,2.8533208172796e-10,2.97143040372309e-11,17.2281989754406,-6.64797981619971
"IRF7","IRF7",-0.797965081115402,2.85719834639989e-10,2.97706130141959e-11,1098.44053302753,-6.64770107865078
"ICAM1","ICAM1",-0.842021852369734,2.87574714434774e-10,2.99959465202766e-11,4190.77314496263,-6.64659078548511
"PROC","PROC",-1.4271405681335,2.93016383331833e-10,3.05880517234206e-11,14.8723252454855,-6.64371174427673
"CST7","CST7",-1.19740400853497,2.93444114108926e-10,3.06408822704401e-11,535.015619418498,-6.64345751835134
"TRBV15","TRBV15",-1.81701887972117,2.97743586054127e-10,3.11230229324871e-11,6.36495967503326,-6.64115703418943
"TRBV24-1","TRBV24-1",-1.76924300834505,3.00474618317818e-10,3.14252478865074e-11,6.9495004342583,-6.63973271734843
"INAFM2","INAFM2",-0.505242674243459,3.01018508311976e-10,3.14905215803441e-11,1096.02196071306,-6.63942685831172
"TMIGD3","TMIGD3",-1.55636398956826,3.01289553261737e-10,3.15272747859111e-11,227.774218493553,-6.63925491332004
"GPX1","GPX1",-0.823333983825843,3.03949209872977e-10,3.18310015747114e-11,20303.8690153748,-6.63784143134553
"KNTC1","KNTC1",-0.742968476397679,3.08069158721785e-10,3.22710494348841e-11,342.438076499768,-6.63581678169622
"ORAI2","ORAI2",-0.563668158186082,3.16586795394726e-10,3.32074177301841e-11,2859.55737982534,-6.63159701095709
"LIG1","LIG1",-0.638657867670224,3.24545580717917e-10,3.407841679622e-11,486.484988693952,-6.62777508849584
"SOAT1","SOAT1",-0.595676227852029,3.42963756673252e-10,3.60984291344446e-11,1955.04230184666,-6.61926701616047
"AL449106.1","AL449106.1",-1.82623918267666,3.43645664475612e-10,3.61797818738505e-11,7.91266756529493,-6.61893420798249
"AL591518.1","AL591518.1",-2.73285680070016,3.47366387796494e-10,3.65966345557336e-11,2.95506625033451,-6.61724030139131
"FOLR2","FOLR2",-0.800915373965025,3.55053231557475e-10,3.74500746540345e-11,7525.83966555306,-6.61383041520986
"APOBEC3D","APOBEC3D",-0.818882542345969,3.55221061764442e-10,3.74776785722205e-11,192.197338827808,-6.61372139872651
"RTKN2","RTKN2",-0.967565232578336,3.5691174019086e-10,3.7675951501123e-11,74.9260076184429,-6.61294065841463
"AC007068.1","AC007068.1",-1.23935396654927,3.60569236253176e-10,3.80821417745864e-11,53.2910332139759,-6.61135367887764
"FANCB","FANCB",-0.725595281230401,3.6095658689944e-10,3.81331139888189e-11,20.871327514656,-6.61115570196876
"AL355607.2","AL355607.2",-2.46053810810161,3.64885611327041e-10,3.85685362551119e-11,7.08591147201838,-6.60947499252242
"STAMBPL1","STAMBPL1",-0.718206135268559,3.69059733622327e-10,3.90508919534594e-11,190.112299581882,-6.6076346633073
"LINC02577","LINC02577",-1.15345670380715,3.69285623621701e-10,3.90850874673616e-11,52.9363659407871,-6.60750504297834
"LINC01605","LINC01605",-1.11924290240156,3.75599126827218e-10,3.97951855350594e-11,206.561574072635,-6.60483815489333
"AC135068.2","AC135068.2",-3.5047573301538,3.77097651810313e-10,3.9974978950094e-11,206.465959543854,-6.60417029977212
"HS3ST3A1","HS3ST3A1",-1.25804597588006,3.90042375106305e-10,4.14124433945621e-11,57.8886420179652,-6.59893406215035
"CR2","CR2",-1.67167401823166,3.95299940722639e-10,4.19816801157702e-11,56.4221933952534,-6.59690951647066
"IGKJ1","IGKJ1",-2.59764625168612,3.95412773278268e-10,4.20157070867389e-11,456.558566668989,-6.5967893485406
"ATF7IP2","ATF7IP2",-0.699736862859847,3.98022138803511e-10,4.23040673242589e-11,148.721512711838,-6.59577479614499
"NOP10","NOP10",-0.770215406250404,4.04202752997757e-10,4.29722452943121e-11,2130.7837556824,-6.59344967880305
"ARHGAP25","ARHGAP25",-0.750349654997563,4.06938172693224e-10,4.32744008034745e-11,1308.745833882,-6.59240983394659
"KCNE3","KCNE3",-0.701217344879827,4.08991530190516e-10,4.35155587661937e-11,623.482550839594,-6.5915849922993
"MYBPH","MYBPH",-2.08956337082176,4.10481714674652e-10,4.36855522404968e-11,10.6420966230409,-6.59100624037856
"IL23A","IL23A",-1.1045939840023,4.11572591720325e-10,4.38131213318445e-11,22.7102344080201,-6.5905733699582
"CRLF2","CRLF2",-1.39581464399933,4.12748399811756e-10,4.39612999492883e-11,10.5717433775871,-6.59007211222415
"BRSK1","BRSK1",-1.01203501791226,4.17618155445193e-10,4.4526535040498e-11,68.213517519864,-6.58817509919822
"TMPPE","TMPPE",-0.738352717161981,4.17707828505562e-10,4.45477394247326e-11,105.384854911265,-6.58810439350264
"WNT5A","WNT5A",-1.11116812530367,4.31282032889516e-10,4.61035984984333e-11,271.765132089122,-6.58300424181007
"AL928742.1","AL928742.1",-2.46821002582846,4.45135894682778e-10,4.7659009657883e-11,48.4358533430297,-6.57807117527176
"LINC02084","LINC02084",-1.11273128012291,4.50680760759477e-10,4.82778024696493e-11,18.7240238493008,-6.57615231059826
"TRGV7","TRGV7",-0.886032552859338,4.52772493132499e-10,4.8514493758922e-11,18.4524966696253,-6.57542469091226
"ANKRD2","ANKRD2",-2.20505568456981,4.57870185289561e-10,4.9098999381434e-11,55.8802424609624,-6.57364261765945
"TET3","TET3",-0.824236971229062,4.68041588643047e-10,5.0267992781649e-11,935.698378005395,-6.57013995123941
"PSME1","PSME1",-0.516874862390725,4.73733671747473e-10,5.09189418329828e-11,7557.00988535714,-6.56822389175683
"AC109446.3","AC109446.3",-2.14338737532756,4.94093553486657e-10,5.32037183865911e-11,5.21461870222057,-6.56168330689823
"AF064858.3","AF064858.3",-1.24998253766652,4.94418413983029e-10,5.32524808816843e-11,9.98425507144553,-6.56154673068676
"OVOL3","OVOL3",-3.16201294359246,4.95780308892456e-10,5.34129865886924e-11,3.3386093672289,-6.56109804151073
"AC007240.1","AC007240.1",-0.97436846151387,5.02135620478633e-10,5.41116741120668e-11,23.4373166539343,-6.55916012378762
"LINC01281","LINC01281",-2.19785598432818,5.12719415995604e-10,5.52808000298535e-11,6.61030383301498,-6.55597147036154
"AL390729.1","AL390729.1",-1.83312753814152,5.31403089850163e-10,5.73841273889765e-11,4.3701795547799,-6.55039751312671
"C5orf58","C5orf58",-1.26598896154339,5.38855243933671e-10,5.82639579433787e-11,8.02822601944954,-6.54812496449672
"IGLV1-36","IGLV1-36",-2.91962564520122,5.38984540761901e-10,5.82929621785693e-11,577.49953925853,-6.54805062114593
"CDSN","CDSN",-4.74344148650566,5.58528713142149e-10,6.05157103270671e-11,258.668983469168,-6.54245830618386
"EMILIN2","EMILIN2",-0.8004367902423,5.77125561134805e-10,6.25949981428718e-11,5902.60866751926,-6.53740591052808
"HLA-A","HLA-A",-0.792922538104608,5.82790366318975e-10,6.32418925736521e-11,53323.8311667018,-6.53586748594002
"AF127936.1","AF127936.1",-1.19609058183566,5.91407304082276e-10,6.420993587179e-11,19.1355914928946,-6.53359382689961
"IGHV3-64D","IGHV3-64D",-3.02429076077914,5.99056781863175e-10,6.50571490491688e-11,928.205624738913,-6.53163130688033
"TRBV30","TRBV30",-1.78436606376612,6.03844226099983e-10,6.55938940518922e-11,12.6519434623894,-6.5304008614022
"IL1B","IL1B",-1.65377887821252,6.04270056143372e-10,6.56569945323167e-11,281.894816593838,-6.5302568559208
"SLC46A1","SLC46A1",-0.683429809149941,6.04672076774961e-10,6.57175310758348e-11,1143.27727227002,-6.53011882892068
"HMSD","HMSD",-1.58174528444227,6.12975576296226e-10,6.66541525611589e-11,10.1507698595345,-6.52799897590525
"GPR162","GPR162",-0.648204575201749,6.2275828119006e-10,6.77526291703081e-11,245.842194158925,-6.52554960612445
"SIGLEC14","SIGLEC14",-1.36206417257708,6.30367344335173e-10,6.86683088964977e-11,380.509506726667,-6.52353733572853
"SP140L","SP140L",-0.505942728802168,6.41908772684677e-10,6.99613463748316e-11,508.637474868346,-6.52074004152368
"AC006033.2","AC006033.2",-0.903738501709125,6.55055211291947e-10,7.14489488999412e-11,57.0800607808468,-6.51758371184948
"PMCH","PMCH",-2.18248431390583,6.65111473777887e-10,7.25643570276418e-11,3.97081966753484,-6.51525896747055
"FBXO43","FBXO43",-1.28044516487112,6.8742543943415e-10,7.50946424290574e-11,7.57105368812865,-6.51011230212331
"AC015819.1","AC015819.1",-0.747419368778071,6.99401281381925e-10,7.64223839168543e-11,25.6238776429557,-6.50747909208755
"WDR49","WDR49",-1.23898932762131,7.20186769078533e-10,7.88341029176697e-11,28.0511217041011,-6.50280854697926
"SPN","SPN",-1.05608148857768,7.31992536314272e-10,8.02488263504957e-11,617.368062827929,-6.50013338580287
"CCL5","CCL5",-1.10530815989371,7.63400634193366e-10,8.38623525952907e-11,2365.32852391544,-6.4935043338088
"IGLV5-48","IGLV5-48",-3.63323439207795,7.74475813265046e-10,8.52085305911397e-11,10.8505067040449,-6.49110594275019
"TGFB1","TGFB1",-0.52662492302558,7.84892114167943e-10,8.63982985045075e-11,8387.28379020315,-6.48901686062644
"PTX3","PTX3",-1.62238464808476,7.87720985707515e-10,8.67316486005487e-11,255.396793852819,-6.48843658369729
"ACPP","ACPP",-1.24258175938196,7.88975060769192e-10,8.68917202815073e-11,166.237973412709,-6.48815871455375
"SPCS1","SPCS1",-0.536789694895752,7.99589986805554e-10,8.81499204966123e-11,3631.5556200513,-6.48599186846153
"UNC13A","UNC13A",-1.24334788129144,8.09296302243304e-10,8.93010537365415e-11,31.1295290567187,-6.48403573877799
"CCR7","CCR7",-1.3679072725954,8.15499587500331e-10,9.00402471383641e-11,452.783860027999,-6.48279257848013
"PRC1","PRC1",-0.886339102255001,8.30794668757679e-10,9.18447848444029e-11,414.102028572276,-6.47979916984387
"TXNDC5","TXNDC5",-0.854736026812946,8.35194685237731e-10,9.23544896540231e-11,18315.5340571848,-6.47896407176945
"AC093627.4","AC093627.4",-0.872481450255188,8.37142003282621e-10,9.25931559310227e-11,108.736151774665,-6.47857458981931
"PDIA6","PDIA6",-0.508084112669047,8.45120048409706e-10,9.35226924651298e-11,12801.1338718452,-6.47706696794666
"IGLV5-45","IGLV5-45",-2.96757493225662,8.53151216542614e-10,9.44352189795323e-11,391.390945045356,-6.47560111830855
"HIST1H1B","HIST1H1B",-2.38356681367738,8.54932503230708e-10,9.46562202880104e-11,6.32203133008247,-6.47524819309977
"AP1S1","AP1S1",-0.50432140958348,8.57735690760397e-10,9.50144009778904e-11,1767.76486546656,-6.47467790835139
"AC073370.1","AC073370.1",-2.37511822003192,8.72489056012342e-10,9.67216439236539e-11,2.33389739869539,-6.47198825175609
"AC008972.1","AC008972.1",-0.981245941924109,8.8158990713171e-10,9.77796861457024e-11,8.35882525113297,-6.47034457030395
"ATP1A3","ATP1A3",-1.55051101749265,8.82274559741235e-10,9.78802159657175e-11,26.257596015073,-6.47018930163165
"UBE2QL1","UBE2QL1",-1.35032409283298,8.89339065223055e-10,9.86887475582712e-11,77.7477456249778,-6.4689461613346
"HIVEP3","HIVEP3",-0.788048967278761,8.96670970354573e-10,9.95273534202623e-11,677.777910596372,-6.46766725649356
"AC007728.3","AC007728.3",-1.91986709673304,9.13490788061757e-10,1.01496147211545e-10,5.08363212754038,-6.46470569858948
"SEMA7A","SEMA7A",-0.787353354475673,9.23028627576373e-10,1.02658793701177e-10,279.0203168794,-6.46298305274115
"IGHV3-19","IGHV3-19",-3.12166172672088,9.60559290058317e-10,1.0696681153402e-10,229.576761942252,-6.45676215170404
"CENPI","CENPI",-0.667705928011905,9.74365587632562e-10,1.08558585470867e-10,46.326849710709,-6.45452537842945
"IGKV3D-20","IGKV3D-20",-2.95324613284323,9.93873647795413e-10,1.10898291627179e-10,571.970737304202,-6.45129513153138
"CASQ1","CASQ1",-2.60789713712201,1.00594842064574e-09,1.12357778997281e-10,75.2273373773996,-6.44931370378081
"CLEC4E","CLEC4E",-1.26863164441716,1.02329895332236e-09,1.14409814683651e-10,435.163952572093,-6.44656996351123
"ALOX15B","ALOX15B",-1.83248921333563,1.03130830956644e-09,1.15362794321676e-10,101.64623301322,-6.44531206951036
"C19orf24","C19orf24",-0.621543603977342,1.03662101362083e-09,1.15985972088474e-10,1281.33691034002,-6.44449498140241
"AC006272.1","AC006272.1",-1.50238961785514,1.03894074385458e-09,1.16303443270244e-10,5.00151316519314,-6.44408037314876
"GPR155","GPR155",-0.548471469323492,1.05184465450436e-09,1.17835921016112e-10,872.727857992012,-6.4420944331212
"HIF1A","HIF1A",-0.70450490179152,1.05636023495893e-09,1.18400683059787e-10,10433.0385216327,-6.4413689175051
"CENPE","CENPE",-0.75467809427975,1.07669203518628e-09,1.20739569548555e-10,217.56374606238,-6.43839987025495
"ACOXL","ACOXL",-1.20915173303547,1.08219865316895e-09,1.2138724405162e-10,44.5182262012264,-6.43758763141741
"AL023653.1","AL023653.1",-1.75042876512296,1.0927904485457e-09,1.22666679757311e-10,4.4418338395809,-6.43599548484328
"IGKJ4","IGKJ4",-2.59678341162059,1.11899296750431e-09,1.25795083984526e-10,505.929091811501,-6.43216981453825
"AC011944.1","AC011944.1",-1.31060391434969,1.12147155050903e-09,1.26104982153406e-10,8.38481936154986,-6.4317959210962
"AC020659.1","AC020659.1",-2.45568254458801,1.12323156574765e-09,1.26334198405345e-10,8.52841584888695,-6.43151994805866
"ENO3","ENO3",-1.90572827284486,1.12628749514104e-09,1.26709305376704e-10,232.109194725937,-6.43106937873795
"SMPD2","SMPD2",-0.551828395596198,1.1413217185308e-09,1.28496123237516e-10,345.313317292048,-6.42894083713891
"ILDR1","ILDR1",-1.28400267253211,1.14733817545713e-09,1.29205469793639e-10,16.5895736630228,-6.42810384198848
"MT1F","MT1F",-1.12100744236179,1.15243468570578e-09,1.29811527942496e-10,671.217058465507,-6.42739227245172
"ZNF815P","ZNF815P",-0.643647740232585,1.1898196379305e-09,1.34188439165625e-10,54.0071196403918,-6.42234774790168
"CDC25B","CDC25B",-0.527295989781423,1.20135263596769e-09,1.35656572217564e-10,1881.44248184752,-6.42069164023632
"BATF3","BATF3",-0.904218736255429,1.20541417218009e-09,1.36148800715644e-10,275.480718796927,-6.42014030740278
"NLRC3","NLRC3",-1.00447149004904,1.21067776955788e-09,1.36844553465009e-10,239.877215920125,-6.41936432583875
"POPDC2","POPDC2",-1.08341505078166,1.22409994535754e-09,1.38464043993335e-10,203.78222566015,-6.41757291859778
"MOGS","MOGS",-0.565327630513917,1.22659408627449e-09,1.38780359475628e-10,1418.54392311934,-6.41722541624771
"COA6","COA6",-0.656741068225803,1.25574281621724e-09,1.42288349767891e-10,574.85015934748,-6.41342262336356
"EXOSC1","EXOSC1",-0.531925260203696,1.25817708830406e-09,1.42599248530852e-10,748.491052466716,-6.41309002986331
"NCAM2","NCAM2",-1.12088817977414,1.27057353829086e-09,1.44075070488285e-10,187.750171575917,-6.41152082826906
"IFNG-AS1","IFNG-AS1",-1.65958668275901,1.28743144476927e-09,1.46130197717087e-10,28.4321416308434,-6.40936163668994
"LIPA","LIPA",-0.778959274971277,1.32470574024157e-09,1.50582578639864e-10,8720.90733173455,-6.40478382978811
"AC069281.2","AC069281.2",-1.10201647548976,1.32824410093385e-09,1.51058841304811e-10,184.429589208889,-6.40430200543283
"RASGEF1A","RASGEF1A",-0.780308837697613,1.33024500557672e-09,1.51397640634697e-10,83.3506473192678,-6.40396015245888
"IL21R-AS1","IL21R-AS1",-1.55357531610459,1.33863732492567e-09,1.52427413862617e-10,13.35032706434,-6.40292566830945
"TRAV14DV4","TRAV14DV4",-1.64116783432211,1.33978533525672e-09,1.52595480971678e-10,10.9448814277468,-6.40275748089133
"AC009303.4","AC009303.4",-0.588209833494725,1.36979711850805e-09,1.56166417134437e-10,69.1587028019619,-6.39922612965784
"MIR34AHG","MIR34AHG",-1.16851523158819,1.38947099523979e-09,1.58525568878508e-10,143.414607086125,-6.396936156558
"PSMA6","PSMA6",-0.501848854191976,1.38956889091998e-09,1.58575471482269e-10,5253.5823942842,-6.39688807777345
"CLPP","CLPP",-0.512993782784725,1.39046498853033e-09,1.58716491373706e-10,1803.53594995374,-6.39675229169736
"LIPN","LIPN",-1.64972312842685,1.40102468943612e-09,1.59999948505082e-10,77.2559928918846,-6.39552186001923
"IGKV2D-28","IGKV2D-28",-2.94506780805065,1.40188080122144e-09,1.60136795077504e-10,1055.24099970011,-6.39539123665407
"SMPD5","SMPD5",-1.54800668753245,1.42798250587339e-09,1.63317413842467e-10,6.8040978439772,-6.39238559581916
"TXNDC17","TXNDC17",-0.609067739794688,1.45971970099459e-09,1.66987864888691e-10,1137.02741252568,-6.38898735559532
"KLK8","KLK8",-4.66456762486008,1.46113175724221e-09,1.67190128598726e-10,24.4974886572993,-6.38880222044396
"U62317.2","U62317.2",-1.01736299642559,1.48825551457261e-09,1.70376735842501e-10,184.387927411484,-6.3859140007479
"DHDH","DHDH",-1.32484192255025,1.51268845043923e-09,1.73376495325405e-10,32.6246370294363,-6.3832429631651
"MIR3945HG","MIR3945HG",-1.36049379866287,1.51563895866045e-09,1.73807349851682e-10,46.1409206264816,-6.38286303637266
"PRKCB","PRKCB",-0.890101174398669,1.55189863008194e-09,1.78138496409127e-10,1555.10672611727,-6.37909415503685
"LITAF","LITAF",-0.544728968609791,1.60972539548703e-09,1.84955765301673e-10,10832.9134061514,-6.37333955000387
"LINC00426","LINC00426",-0.953880736550652,1.6188297569257e-09,1.86046971088632e-10,54.9675482997026,-6.37243772763976
"CCL19","CCL19",-1.71424768874849,1.62433812046667e-09,1.8677058528014e-10,882.081664211947,-6.37184254503608
"SLC12A5","SLC12A5",-1.18981949322677,1.64976104413127e-09,1.89739764964059e-10,19.3744051806952,-6.36942371295694
"AC083855.2","AC083855.2",-0.692466835849837,1.67661931729368e-09,1.93062422292409e-10,79.6315342849993,-6.36676038392161
"ARID3A","ARID3A",-0.553868591214023,1.68663361766266e-09,1.94262581412741e-10,826.006640737829,-6.36580937348985
"AL118506.1","AL118506.1",-0.523524020410348,1.71798033874194e-09,1.9806457647489e-10,343.841515655162,-6.3628341102851
"PIK3CD-AS1","PIK3CD-AS1",-1.06208880839275,1.72338570934839e-09,1.98831873198411e-10,14.0258838934582,-6.36224043127519
"MCM4","MCM4",-0.56688209491993,1.72873917463185e-09,1.99545893300362e-10,986.751358254715,-6.36168998091765
"AC100801.1","AC100801.1",-1.45092561632611,1.73046926319416e-09,1.99793831028577e-10,11.9143862224004,-6.36149929145932
"IGKV3OR2-268","IGKV3OR2-268",-2.86176698831507,1.73616465097531e-09,2.00499795093817e-10,231.470912307008,-6.36095759650476
"CEP128","CEP128",-0.720979449742786,1.8016172595949e-09,2.0830964161114e-10,207.837578997197,-6.35508629844786
"NEUROG3","NEUROG3",-1.62041734784275,1.80163253063827e-09,2.08361627027685e-10,13.1242296880583,-6.3550479418026
"SNORA73B","SNORA73B",-1.31607397623033,1.81751053057074e-09,2.10299267244576e-10,18.6309644356675,-6.35362491130081
"PSENEN","PSENEN",-0.534035990266285,1.86175065646289e-09,2.15625755473262e-10,1618.08346701604,-6.34977808158431
"KRT78","KRT78",-4.1328124206142,1.86859493550757e-09,2.16522624303971e-10,38.5564166044718,-6.34913950095997
"CLNK","CLNK",-1.18435213539491,1.8735341296575e-09,2.17147175222743e-10,32.9843786932553,-6.34869633805672
"TRAV30","TRAV30",-1.79754233673377,1.91017336646195e-09,2.2155348788427e-10,3.15288939390543,-6.34560467897398
"IFNLR1","IFNLR1",-1.51210825930226,1.92647000346933e-09,2.2355106967088e-10,79.6278805785691,-6.34422282646159
"LARGE2","LARGE2",-2.21441339811292,1.93137521470673e-09,2.24174115513278e-10,46.8170507277751,-6.34379429351667
"BTF3P7","BTF3P7",-2.54899833719095,1.97096877097231e-09,2.2893454686109e-10,1.90417467444427,-6.34055794515304
"CD244","CD244",-0.923574262813059,2.01099291369768e-09,2.33751650177542e-10,153.806538952702,-6.33734930247594
"RARRES1","RARRES1",-1.16379827527495,2.01856407878556e-09,2.34687965787166e-10,2367.22602909342,-6.33673313229012
"C9orf139","C9orf139",-0.95772553748256,2.03920312122806e-09,2.37144402000376e-10,73.4052882084014,-6.3351279444046
"CKLF","CKLF",-0.725717069437315,2.04071898994508e-09,2.37377570593473e-10,1125.71037836593,-6.33497642248033
"POLR3K","POLR3K",-0.539823840562664,2.04170426163915e-09,2.37549089563256e-10,508.717909706263,-6.33486505562531
"UGT2B17","UGT2B17",-3.05646321948039,2.04961636036433e-09,2.38526782007556e-10,24.5250256389962,-6.33423173823385
"AP000695.2","AP000695.2",-0.986981900837503,2.09204320675479e-09,2.4358089127846e-10,22.3099278006639,-6.3309977540616
"AL357033.3","AL357033.3",-0.858327885762953,2.09379404385258e-09,2.43843108438079e-10,25.7808035660807,-6.33083176210684
"ABCA1","ABCA1",-0.745219417498635,2.1024862359932e-09,2.4497261230527e-10,3559.5911576013,-6.3301187368168
"SBNO2","SBNO2",-0.63467373681945,2.22237250256004e-09,2.59127085106861e-10,4274.29662990501,-6.32144590887988
"IGHV3-62","IGHV3-62",-3.19419704585146,2.22716742349323e-09,2.59810332190082e-10,90.6809478980219,-6.32103906273766
"DOT1L","DOT1L",-0.634897249362516,2.24140300512926e-09,2.615334628424e-10,932.840121180531,-6.32001763039939
"IGLVI-70","IGLVI-70",-3.33972699713133,2.24159737846948e-09,2.61618626443253e-10,10.8351598920909,-6.31996731797407
"AC074011.1","AC074011.1",-1.34543208873609,2.25551749100881e-09,2.63306125500903e-10,8.84523766123546,-6.3189736725285
"SLC4A7","SLC4A7",-0.548915456090747,2.28082584373329e-09,2.6645132016965e-10,1385.46455165891,-6.31713818304947
"AC140134.1","AC140134.1",-1.15857706437054,2.30341180218202e-09,2.69282483577739e-10,242.32086567353,-6.31550396429239
"TRBJ2-7","TRBJ2-7",-1.72956730145999,2.3474686258512e-09,2.74629291225017e-10,5.79131513656293,-6.31246291186487
"ODF3B","ODF3B",-0.685183517905959,2.36563939938534e-09,2.76821022958039e-10,1158.12713077608,-6.31123301857082
"ANKRD18DP","ANKRD18DP",-1.50745237487396,2.38526942205731e-09,2.79251054289636e-10,7.37652436754138,-6.30988047097533
"NKG7","NKG7",-1.23286637158745,2.38900453298559e-09,2.79754928029894e-10,848.88881207984,-6.30960145567416
"TNS4","TNS4",-1.59919429476163,2.39849222136991e-09,2.80932803183174e-10,39.7390910508095,-6.30895112831027
"BCL3","BCL3",-0.651641803441186,2.40706919826762e-09,2.82004511228399e-10,2851.90212519788,-6.3083617272468
"AL023875.1","AL023875.1",-0.657716069060912,2.43256911450371e-09,2.85241363459345e-10,59.9515894884656,-6.30659476345472
"CREM","CREM",-0.540184049116712,2.43256911450371e-09,2.8526322689107e-10,1201.89524277619,-6.30658289513902
"AC098828.1","AC098828.1",-2.99700897418087,2.44008166909727e-09,2.86212227555716e-10,1.58121865687807,-6.30606859512027
"TPD52","TPD52",-1.05040919186177,2.54989944314672e-09,2.99590972902117e-10,992.535903199337,-6.29899017813542
"MPEG1","MPEG1",-0.692349175013125,2.56278067030774e-09,3.01247277677707e-10,7548.92849812826,-6.29813542271064
"ATP5MF","ATP5MF",-0.710626222891535,2.58243249140869e-09,3.03701259407756e-10,3282.9848821892,-6.29687741609262
"SLC15A2","SLC15A2",-1.06634709757687,2.60362597232108e-09,3.06338821718949e-10,62.2606823452673,-6.29553631873538
"AC005264.1","AC005264.1",-1.51272959200972,2.60732551920502e-09,3.06846783054595e-10,4.66056147221448,-6.29527933556491
"CHRND","CHRND",-4.69682515882442,2.62978492945676e-09,3.09783166881792e-10,11.6963592496369,-6.29380187974603
"LINC01637","LINC01637",-0.847708752844881,2.6457995490516e-09,3.11817156610179e-10,49.8501879479698,-6.29278646324992
"SMYD2","SMYD2",-0.501737785605259,2.6514422750252e-09,3.12556080308894e-10,1013.72228919964,-6.29241917568871
"OIP5","OIP5",-0.933514425446113,2.66324369590211e-09,3.14095723410782e-10,48.3243858008682,-6.29165660066885
"MRPS12","MRPS12",-0.530169218153845,2.69893377719301e-09,3.18681072618525e-10,1082.32384934817,-6.28940694171149
"GFRA2","GFRA2",-0.945410360487455,2.73156070427047e-09,3.2268583316232e-10,1134.37594785753,-6.28746783837114
"MRPL52","MRPL52",-0.62552105099434,2.75418647761191e-09,3.25435441912108e-10,893.004507795063,-6.2861500370703
"SPINK1","SPINK1",-2.36049174257112,2.80660758945709e-09,3.31864233992389e-10,13.3686332439167,-6.283110858426
"TMPRSS3","TMPRSS3",-1.28256117004038,2.80660758945709e-09,3.31806646911482e-10,10.6425776579931,-6.28313782638664
"IGHG1","IGHG1",-2.80920965894589,2.87111584277653e-09,3.39732034915299e-10,327736.037091998,-6.27946867470656
"OSBPL3","OSBPL3",-0.613200137564523,2.9539231409326e-09,3.49859774935822e-10,1082.12078835369,-6.27489969035021
"TRBJ2-4","TRBJ2-4",-2.13848527480151,2.9670324885823e-09,3.51495138020203e-10,2.99402944514036,-6.27417405234326
"CAPN10","CAPN10",-0.505625944000101,3.04561310935257e-09,3.61228816175475e-10,380.694125025017,-6.26992208420272
"LAD1","LAD1",-1.99673762895644,3.08531455280742e-09,3.66109659966584e-10,140.493068387803,-6.26783191281113
"C10orf55","C10orf55",-0.56831748429058,3.13725599374476e-09,3.72535485250249e-10,84.9209923432959,-6.2651212229639
"IGKV2D-24","IGKV2D-24",-3.678403272084,3.13771472583712e-09,3.72677420119636e-10,27.2108146726572,-6.26506186538421
"TRBV28","TRBV28",-1.58786142061796,3.15240060443103e-09,3.74773200777655e-10,44.2722816927181,-6.26418796328965
"ARHGAP27","ARHGAP27",-0.593877890615917,3.16189131705532e-09,3.75989640656669e-10,1202.89877155722,-6.26368291580975
"PDK1","PDK1",-0.849382668150956,3.1817997032429e-09,3.78623078275789e-10,1083.17640826959,-6.26259499485963
"IGLV2-28","IGLV2-28",-3.22342145860302,3.18381377706708e-09,3.79069260395066e-10,13.3848181820292,-6.2624114010388
"PIK3CD","PIK3CD",-0.789024120321775,3.18381377706708e-09,3.79128988310259e-10,1681.4443195452,-6.26238684036861
"GLUL","GLUL",-0.685072550110919,3.20253980774197e-09,3.81448156055231e-10,52031.8683722323,-6.26143608638784
"ATP8B3","ATP8B3",-0.736909757607867,3.26471917250338e-09,3.8940023244995e-10,84.474651068566,-6.25821840609032
"FTH1P16","FTH1P16",-1.06988069693849,3.30689276568289e-09,3.94614855188528e-10,8.6843379080245,-6.25614303351267
"MIR9-3HG","MIR9-3HG",-1.06473700449936,3.32078993045306e-09,3.96365783475959e-10,22.7777548912215,-6.25545217988015
"IGKV1-39","IGKV1-39",-2.7925380570554,3.34696111760162e-09,3.9958284227701e-10,1183.19973841769,-6.25419057359166
"PPARGC1B","PPARGC1B",-0.642910045062396,3.37136942695698e-09,4.02778797601049e-10,304.573608343885,-6.2529470232495
"EMC6","EMC6",-0.659461310507717,3.38200469998703e-09,4.04143669654199e-10,875.589438578849,-6.25241888235363
"MYLK2","MYLK2",-2.87399505355619,3.4544534751473e-09,4.13090046226673e-10,22.9840838631986,-6.24899957332325
"TRBV13","TRBV13",-1.92803970091663,3.56885760633864e-09,4.28063952057845e-10,4.96661678225255,-6.24343510702573
"HLA-DRB6","HLA-DRB6",-1.44002472964924,3.57904106905533e-09,4.2948492828664e-10,480.352222739231,-6.24291696571749
"GNG10","GNG10",-0.627973556472157,3.62128294778775e-09,4.34856778789398e-10,4534.19688717332,-6.24097319224397
"TCL1A","TCL1A",-1.73995375662304,3.64096079673309e-09,4.37422746590093e-10,86.3520802934202,-6.24005296842086
"LINC01426","LINC01426",-0.967095508371159,3.67358245829559e-09,4.41546691572700e-10,107.252708778065,-6.23858499472416
"GCNT3","GCNT3",-0.920880702065367,3.69300552357661e-09,4.43984190193335e-10,23.0282894341886,-6.23772361404467
"RASSF7","RASSF7",-0.772946295540016,3.71678136215768e-09,4.46946196413888e-10,244.274428423528,-6.23668307032116
"IGHV5-10-1","IGHV5-10-1",-2.97012482216285,3.76970188368446e-09,4.53835329216256e-10,2708.13343617635,-6.2342887391888
"IGLV4-3","IGLV4-3",-3.28256406059097,3.79504292194241e-09,4.57097713329983e-10,10.536824016268,-6.23316724250853
"C1orf127","C1orf127",-1.39470865833813,3.86062830153338e-09,4.65427662832944e-10,27.4384652918428,-6.23033875248523
"MAGED4B","MAGED4B",-1.07315807050822,3.86563840837581e-09,4.66139421731951e-10,244.999020826926,-6.23009936598118
"NOP16","NOP16",-0.548377424948557,3.88960522199015e-09,4.69137889771467e-10,515.944704070478,-6.22909479023583
"SGK1","SGK1",-0.785578444791027,3.91680863296908e-09,4.72528160654779e-10,4711.3962907602,-6.22796646974028
"AC004967.2","AC004967.2",-0.709900796971532,3.91756772814345e-09,4.72728939237157e-10,56.2345250838436,-6.22789989640703
"AC092718.4","AC092718.4",-0.66788566334773,4.03089347716781e-09,4.86853280461829e-10,26.178950434056,-6.22328453189662
"CLEC2B","CLEC2B",-0.70743113904882,4.04416387280241e-09,4.88681543933058e-10,1336.48492256153,-6.22269669299923
"GAA","GAA",-0.697539534590041,4.04416387280241e-09,4.88575484760242e-10,8786.48529978259,-6.22273073536057
"MREG","MREG",-1.0569457948882,4.0662799467132e-09,4.91467312862674e-10,296.824114193511,-6.22180510281191
"LCE2B","LCE2B",-4.32554026408992,4.09304792548433e-09,4.94930784689924e-10,55.0431319067473,-6.22070346549018
"NPC1","NPC1",-0.743280227141606,4.20109728869384e-09,5.08464513658778e-10,1850.8644318238,-6.21646969936411
"LINC00944","LINC00944",-1.32747184963053,4.2121928478025e-09,5.10042250337396e-10,15.1219624295751,-6.21598331083693
"LHFPL2","LHFPL2",-0.814003097277076,4.22294917096848e-09,5.11462415271304e-10,9189.05053204664,-6.21554675295236
"AC131212.3","AC131212.3",-0.967490734786752,4.23875949100862e-09,5.13613589056849e-10,27.8734239867265,-6.21488773126926
"AC008494.3","AC008494.3",-0.668042114510141,4.28421355448324e-09,5.19240711774024e-10,21.9503163799882,-6.21317649388874
"AC093512.2","AC093512.2",-0.775877619573301,4.4128983886368e-09,5.35575180045286e-10,1000.19839997531,-6.20830972179011
"IGHJ2","IGHJ2",-2.78362852681776,4.44220554675598e-09,5.39255892853583e-10,231.080281188897,-6.20723308399836
"TNRC6C-AS1","TNRC6C-AS1",-0.881099541987862,4.46480566379311e-09,5.42123859832272e-10,177.526174834921,-6.20639914000957
"IGLJ1","IGLJ1",-2.92193582779302,4.47635379614351e-09,5.43650828983896e-10,5.69365049087882,-6.20595688437549
"C11orf98","C11orf98",-0.586935289870597,4.48129135428872e-09,5.44375406884745e-10,945.21902290564,-6.20574744898691
"NBEAL2","NBEAL2",-0.804451660971277,4.54131287663273e-09,5.5191983671411e-10,1378.88393004332,-6.20358279107515
"IGKV3D-7","IGKV3D-7",-3.55907890659208,4.58595110177684e-09,5.57856184199419e-10,35.657817728035,-6.20189972915606
"GJB4","GJB4",-4.31974980773169,4.71423539987368e-09,5.74381127048023e-10,14.6276562354339,-6.19730505235599
"AC131097.3","AC131097.3",-1.50444712678965,4.73008591698055e-09,5.76444198718856e-10,5.34795858064779,-6.19674050631758
"CHORDC1","CHORDC1",-0.506324748023045,4.75116652495491e-09,5.7914567842865e-10,546.817209098257,-6.19600423778947
"MT2A","MT2A",-1.05224037191707,4.80516772891543e-09,5.86130006459482e-10,16870.9169815914,-6.19411613200309
"LINC02541","LINC02541",-1.74694592425419,4.81295694356084e-09,5.8734844596263e-10,21.5037143002003,-6.19378899607882
"FCMR","FCMR",-1.40627878588603,4.87676589602173e-09,5.95679112372605e-10,596.730440740528,-6.1915698983729
"WFDC5","WFDC5",-4.86253239098503,4.90433644983116e-09,5.99320167137556e-10,32.688542101785,-6.1906094995865
"AC012181.1","AC012181.1",-1.20722470099538,5.01366943715559e-09,6.13239902166933e-10,26.8232341322822,-6.1869896486252
"AL139125.1","AL139125.1",-2.35238521354795,5.02701720027653e-09,6.15012640892368e-10,2.28915579070763,-6.18653441154687
"AL031985.3","AL031985.3",-0.635878709954985,5.05700212445618e-09,6.1910392559196e-10,54.9739004639884,-6.18548864290946
"TRAV38-1","TRAV38-1",-1.76211258890658,5.08763861364333e-09,6.22996416159864e-10,5.73101505999201,-6.18449992838862
"TLR5","TLR5",-0.594028603870239,5.12530369512638e-09,6.28180079372006e-10,568.721180848512,-6.18319256548631
"APOBEC3A","APOBEC3A",-1.65729688230916,5.16084397740537e-09,6.32823767431532e-10,424.403249381716,-6.18203029621344
"LINC01215","LINC01215",-1.28924298034389,5.16880493072437e-09,6.34088097564263e-10,54.9336503386891,-6.18171528800648
"TUBB3","TUBB3",-1.05037670895394,5.20675723633257e-09,6.39034205200621e-10,1359.81620523534,-6.18048882376717
"CALML4","CALML4",-0.649202055014819,5.28887498968787e-09,6.49702357618242e-10,363.371230727446,-6.17787471949112
"DMKN","DMKN",-2.28666549846384,5.35074121275502e-09,6.57749651519154e-10,983.340080110281,-6.17593038818472
"PMAIP1","PMAIP1",-0.785554027286271,5.49608241044932e-09,6.76381988630906e-10,153.860443537805,-6.17151620120076
"ORC6","ORC6",-0.577370522357371,5.55423449980778e-09,6.83848189147065e-10,207.975721839885,-6.16978059296588
"FCRLA","FCRLA",-1.70565150156737,5.56409972660754e-09,6.85353089044979e-10,201.886066689427,-6.16943300040078
"LCNL1","LCNL1",-2.32145589653766,5.82368086723987e-09,7.18808609899321e-10,9.6421840703778,-6.16189202348105
"CDH15","CDH15",-1.70907995542078,5.85155444055392e-09,7.22412114765528e-10,65.1914233959896,-6.16110030627106
"AL096865.1","AL096865.1",-1.54190198386157,5.88818144986001e-09,7.27262216148563e-10,6.73188543112361,-6.16004076288083
"GPA33","GPA33",-1.16400070642025,5.90661419807577e-09,7.29703529641026e-10,26.6766175284774,-6.15951004367353
"MYO9B","MYO9B",-0.581025606017728,5.9687588702899e-09,7.37880016438626e-10,4511.28896815898,-6.15774508016126
"TMEM258","TMEM258",-0.783717739873467,5.97458403425716e-09,7.3893322257837e-10,3545.99243044031,-6.15751912507413
"IGKV1D-35","IGKV1D-35",-3.37971980401185,5.98626936304304e-09,7.40545322179373e-10,17.8329097861706,-6.15717387258771
"IGHV3-36","IGHV3-36",-3.90674009527697,6.03572735066878e-09,7.47336610220787e-10,4.56276718574173,-6.15572743277069
"AC010733.2","AC010733.2",-0.603765377350662,6.07257540648878e-09,7.52576174418094e-10,411.689438187394,-6.15462022161716
"MYH6","MYH6",-4.52302776470145,6.11894895604566e-09,7.58664389031111e-10,8.90019968788985,-6.15334308191889
"APRT","APRT",-0.563771261192858,6.18299460316877e-09,7.66777504933739e-10,2846.08791442565,-6.15165662409296
"PLA2G1B","PLA2G1B",-1.43040313811329,6.41664143959349e-09,7.96468413394001e-10,6.20194747132496,-6.14562981664674
"DOP1B","DOP1B",-0.53204413332455,6.50507796025195e-09,8.08051416209358e-10,881.844098485155,-6.1433378801279
"IGHV3-63","IGHV3-63",-2.9547134427732,6.53961520004135e-09,8.12644029596775e-10,117.040446628402,-6.14243799700129
"SCG5","SCG5",-1.07824314755145,6.57192022643441e-09,8.16841596924629e-10,37.4059700892373,-6.14161984792696
"GAL3ST4","GAL3ST4",-0.907760754144657,6.58453067928719e-09,8.1859252486748e-10,1156.17882388655,-6.14127978542039
"HELB","HELB",-0.710432479267656,6.59625388942873e-09,8.20417696296334e-10,221.022795853408,-6.14092605784121
"TRIM54","TRIM54",-3.17882600406765,6.61769560132109e-09,8.23453467994351e-10,20.0264577426237,-6.14033940625033
"CD1C","CD1C",-1.02917608586959,6.8700050587558e-09,8.56955334855254e-10,198.767856064897,-6.13400182677643
"IL24","IL24",-1.38559274008143,6.91466727191983e-09,8.63104670206467e-10,84.7513939165005,-6.13286485338178
"PIPOX","PIPOX",-0.686566052747619,7.12599737479152e-09,8.90675184071503e-10,135.727860868836,-6.12786247455889
"CDYL2","CDYL2",-0.670548767492658,7.19816817989357e-09,9.00498363522295e-10,605.919348280601,-6.1261165817608
"TRAV29DV5","TRAV29DV5",-1.3599955270973,7.20731179257636e-09,9.0184313970384e-10,14.6124264345642,-6.12587901876717
"NFKBIZ","NFKBIZ",-0.831536434000481,7.29750878749841e-09,9.14146466648581e-10,1132.56378510498,-6.12372146054287
"EDEM1","EDEM1",-0.554828882098256,7.40246408922683e-09,9.28119399953792e-10,2563.72531957491,-6.1213051942724
"FAM72D","FAM72D",-0.945301842512779,7.50627987378296e-09,9.41763504164379e-10,26.0268375648143,-6.11897978316198
"TNFAIP6","TNFAIP6",-1.36695024162249,7.68678195522102e-09,9.6548124014567e-10,6342.75098086576,-6.11501459979513
"TRAV1-1","TRAV1-1",-1.85963637674929,7.70953969037413e-09,9.68554575178152e-10,4.83289346316113,-6.11450775955325
"AD000864.1","AD000864.1",-0.959470073008168,7.82412961394719e-09,9.83168677342827e-10,26.8665608572999,-6.11211892919848
"ELL2","ELL2",-0.674669594077727,7.87140105571212e-09,9.90205796917875e-10,2745.34819627321,-6.11098096160673
"CLDN7","CLDN7",-0.902815320198794,7.88140148892117e-09,9.91683521142583e-10,186.961424180228,-6.11074300198385
"GBA3","GBA3",-2.49548891761018,7.9033080072466e-09,9.94660227253474e-10,10.5277764714227,-6.11026470756342
"TMEM217","TMEM217",-0.889957254740653,8.00261421334012e-09,1.00782748476295e-09,51.878419333517,-6.10816561101984
"AL049634.1","AL049634.1",-1.23211854090532,8.09753354056528e-09,1.02050084620083e-09,7.42758297857548,-6.10617035544762
"FAM110A","FAM110A",-0.633986345583594,8.11556732468852e-09,1.02318358214819e-09,596.490230244594,-6.10575109351461
"ICAM5","ICAM5",-1.58494227978884,8.18854124014904e-09,1.03270455134413e-09,47.0638989659019,-6.10427174606802
"KIF4A","KIF4A",-0.92611074065478,8.32329553769561e-09,1.05076530983201e-09,189.888349319883,-6.1015016870932
"ZNF101","ZNF101",-0.569854267427566,8.628034575917e-09,1.09116077689019e-09,405.702705428656,-6.09547043663162
"RTP4","RTP4",-0.732390220443837,8.73870660109327e-09,1.10613147527706e-09,250.271153050345,-6.0932903829564
"RPL26L1","RPL26L1",-0.584448551818595,9.03576055535085e-09,1.1452432960329e-09,663.997864259305,-6.08772784561836
"IGHV3-22","IGHV3-22",-3.43810027617142,9.06605252208052e-09,1.14958809541308e-09,16.3719666862927,-6.08712139150311
"C1orf68","C1orf68",-4.06694202858767,9.06953683810406e-09,1.15028272093027e-09,59.1824455510238,-6.08702464179327
"FTH1P7","FTH1P7",-1.34261054839912,9.07446798150185e-09,1.15116108108195e-09,4.34438469026315,-6.08690238244459
"TRAV8-1","TRAV8-1",-1.67150417979162,9.07496968826256e-09,1.15147768699571e-09,6.46441647624831,-6.08685833622211
"LINC01781","LINC01781",-2.46294586524161,9.2817074783197e-09,1.17848578574902e-09,18.0351199601586,-6.08314377522023
"SAMD9L","SAMD9L",-0.759121490036259,9.42458020342178e-09,1.19820237791796e-09,1783.19335399104,-6.08048409525155
"KCNJ11","KCNJ11",-1.38607238095222,9.44405974008516e-09,1.20120542422324e-09,23.4394806966541,-6.080082746401
"TNNC1","TNNC1",-2.68140542324446,9.5148190628286e-09,1.2104706397979e-09,412.005722539749,-6.07885061203808
"CEACAM4","CEACAM4",-1.06524527939242,9.54291905475049e-09,1.21431151177522e-09,71.513625997396,-6.07834252744523
"HEXA-AS1","HEXA-AS1",-0.78315493878229,9.55558400482523e-09,1.21618945131797e-09,13.9747384049678,-6.07809467673798
"MYL1","MYL1",-5.3337123863405,9.78694134302313e-09,1.24672674390566e-09,205.498023074831,-6.07411588511843
"GPR19","GPR19",-0.840999534483542,9.81771429097469e-09,1.25174146806741e-09,19.6955121358028,-6.07347159842707
"EFNA4","EFNA4",-0.587309908036053,1.00308360662149e-08,1.28059175423733e-09,230.432785501614,-6.06981312519188
"TRBV7-3","TRBV7-3",-1.38642357070994,1.00347448134033e-08,1.28137048056308e-09,18.0816835450908,-6.06971549326539
"APOC4","APOC4",-1.86863232337372,1.01360926151829e-08,1.2954420805746e-09,3.85579867398696,-6.06796117755156
"RPL28","RPL28",-0.749211282017667,1.01663538107853e-08,1.29959299167279e-09,36079.1454352799,-6.06744722785292
"ADORA3","ADORA3",-1.30723076375964,1.02568889602501e-08,1.31173816166209e-09,458.489427756777,-6.06595259937989
"TRBV7-7","TRBV7-7",-2.34369154523756,1.03159694676686e-08,1.3195814323939e-09,2.09814657867339,-6.06499453005402
"ALDOA","ALDOA",-0.770250031856702,1.03618610857932e-08,1.32602938661677e-09,41434.967371083,-6.06421104946711
"RN7SL138P","RN7SL138P",-0.861641132061701,1.04370761702083e-08,1.3368185366441e-09,28.571142008756,-6.06290834548424
"ATP6V0E1","ATP6V0E1",-0.513620398065947,1.06410992711028e-08,1.36621333080696e-09,8090.83636517716,-6.05941048457264
"PRAM1","PRAM1",-1.08219170429315,1.07790216877887e-08,1.38482260512942e-09,238.168008818798,-6.05723377999291
"IGKV1OR1-1","IGKV1OR1-1",-3.66677621541265,1.08030365213659e-08,1.38851014355451e-09,4.3587557661466,-6.05680583949935
"AC134981.1","AC134981.1",-2.7596022149738,1.08228645373894e-08,1.3916619961248e-09,168.386936093663,-6.05644094274631
"IGHV1OR15-4","IGHV1OR15-4",-2.7596022149738,1.08228645373894e-08,1.3916619961248e-09,168.386936093663,-6.05644094274631
"LINC00996","LINC00996",-1.349186912233,1.08362284590963e-08,1.3936824560354e-09,17.1755593674303,-6.0562074532078
"PARP14","PARP14",-0.703032123518059,1.08610512590184e-08,1.39717774384306e-09,3196.73396727117,-6.05580430676282
"MYH1","MYH1",-4.0092010760522,1.11233186367368e-08,1.4321563423857e-09,163.294917360675,-6.05182316461054
"GPX1P1","GPX1P1",-0.890685876375522,1.13170156058657e-08,1.4589880746238e-09,48.105691985821,-6.04883298818023
"AC010186.3","AC010186.3",-0.675042518156748,1.14055816895452e-08,1.47072392741006e-09,61.9026190727154,-6.04754193625671
"IGHV4-61","IGHV4-61",-2.69643267090438,1.15591450137837e-08,1.49149218867749e-09,1703.60389295072,-6.04528164958363
"IGKV2-29","IGKV2-29",-3.07445180035263,1.16194562621342e-08,1.5002458928559e-09,92.3362887788443,-6.04433812755122
"IGHV3OR16-16","IGHV3OR16-16",-3.36703929173462,1.16985399253525e-08,1.51143505377029e-09,2.59408227187957,-6.04313988073787
"MIR4432HG","MIR4432HG",-1.3557090971718,1.21016300589379e-08,1.56520037556715e-09,14.1969424054103,-6.03750012897133
"HPCAL4","HPCAL4",-1.41308099855103,1.2211955092963e-08,1.58015039837029e-09,30.2624564267241,-6.03596547287007
"ZNF80","ZNF80",-2.17892553058997,1.23547716680159e-08,1.60104065462317e-09,6.53304532513436,-6.03384457179536
"APOO","APOO",-0.533814863736975,1.2509033616234e-08,1.62207733470998e-09,210.106643141257,-6.03173588472558
"AL161725.1","AL161725.1",-1.04230506853378,1.26001293082948e-08,1.63494360780801e-09,18.4014646789,-6.03045928312688
"SHISAL2A","SHISAL2A",-1.05645130178662,1.27484788584624e-08,1.6549035831041e-09,42.1415303637414,-6.0284980851794
"RALGPS2","RALGPS2",-1.04060287910821,1.28323512046655e-08,1.66615174773376e-09,824.918969270093,-6.02740301043048
"AC093673.1","AC093673.1",-0.632021805346015,1.29599102245111e-08,1.68415613844378e-09,137.13925953344,-6.02566508340794
"IGHJ1","IGHJ1",-3.02175720257987,1.29623707837845e-08,1.68483721156202e-09,169.911374588924,-6.02559969676319
"GUCY1B2","GUCY1B2",-1.76646500896279,1.34040348887053e-08,1.74560699651655e-09,6.89043827071643,-6.01986676132092
"LY6H","LY6H",-1.6112190080662,1.38211745514723e-08,1.80262789481084e-09,23.7376208780185,-6.01466166650293
"AC018755.4","AC018755.4",-1.15499521111759,1.39905640378317e-08,1.82589047596176e-09,43.938319815651,-6.01258410385085
"PGD","PGD",-0.506245483895457,1.41574027927833e-08,1.84924291252913e-09,5497.33958069,-6.01052429624698
"AC007163.1","AC007163.1",-1.8854237801518,1.41886692236241e-08,1.85372244323696e-09,11.1209915600106,-6.01013207687218
"IGHV3-25","IGHV3-25",-4.15334232573452,1.4265158963988e-08,1.86451095141853e-09,3.17921074074897,-6.00919123262064
"AC106882.1","AC106882.1",-1.95937587020331,1.43190809250461e-08,1.87315531097537e-09,7.2944969409561,-6.0084411951607
"C19orf38","C19orf38",-1.10398195177118,1.44440785734999e-08,1.89051607774192e-09,302.560804715471,-6.00694500302278
"ITGAL","ITGAL",-1.16850636159548,1.4616020560502e-08,1.9136292285067e-09,1192.52601635359,-6.00497369863073
"IL9R","IL9R",-1.38808254151343,1.46562941288808e-08,1.9193106569333e-09,9.29103405841964,-6.00449268601548
"CNIH2","CNIH2",-1.13358581288257,1.48687956804754e-08,1.94879657950091e-09,17.6633057217722,-6.00201836019387
"DRAM2","DRAM2",-0.529408591876269,1.50024711030791e-08,1.96734372460993e-09,2265.95634958893,-6.00048058673893
"HIST1H3E","HIST1H3E",-1.04334484414441,1.50258509464746e-08,1.97147541198762e-09,27.4196783491888,-6.00013994607113
"PRDM15","PRDM15",-0.660164965219066,1.50258509464746e-08,1.9714742703978e-09,282.827852391532,-6.00014004009443
"LINC02328","LINC02328",-0.85612073093331,1.50621331173115e-08,1.97707553587233e-09,40.7379198728564,-5.99967934740586
"AL669918.1","AL669918.1",-1.29203493160668,1.52671540969259e-08,2.00568912219685e-09,708.199199438894,-5.99734560029488
"CHRNA6","CHRNA6",-2.39750161288766,1.5327333951918e-08,2.01444960510922e-09,2.94468261043729,-5.99663757123729
"AC083799.1","AC083799.1",-0.534682879775499,1.5327333951918e-08,2.01419154936481e-09,195.417404410094,-5.99665838458766
"MRC1","MRC1",-0.848609855102595,1.592946649655e-08,2.09669521384554e-09,6517.22793646845,-5.99013298502044
"IGKV1OR2-3","IGKV1OR2-3",-4.23620109736031,1.60824181156197e-08,2.11817214205723e-09,5.22371073001574,-5.98847536471095
"ANKRD13D","ANKRD13D",-0.524715768415235,1.61984877869379e-08,2.13436241864406e-09,965.796305566339,-5.9872365640984
"TRGC1","TRGC1",-1.17577640385614,1.62832620901435e-08,2.14644031844707e-09,33.4717181501804,-5.9863183697195
"FTH1P5","FTH1P5",-1.34235751506833,1.63942251930225e-08,2.16198130698785e-09,5.17945389256757,-5.98514427873998
"AL590764.2","AL590764.2",-2.24305215967069,1.6411877626165e-08,2.16476668786098e-09,8.81032108213384,-5.98493471786877
"AL133342.1","AL133342.1",-1.00358883369908,1.67240527613364e-08,2.20874040371322e-09,15.7622076050393,-5.98166066802702
"NCR3","NCR3",-1.27323433771967,1.70308350608172e-08,2.25163068135069e-09,43.4339900342395,-5.97852788967114
"TRPM2-AS","TRPM2-AS",-1.54927382535469,1.71564356047906e-08,2.26967089561913e-09,3.37499127086455,-5.97722753450646
"FAM173A","FAM173A",-0.552649209822442,1.74615186914945e-08,2.31392501350146e-09,793.677841195934,-5.97407981559494
"IGSF22","IGSF22",-0.778445209864671,1.77003246239014e-08,2.34754409924803e-09,49.1440576573932,-5.97172749928763
"TMEM134","TMEM134",-0.670505727072222,1.80753174205039e-08,2.39828601872051e-09,1178.77377586116,-5.96823852113673
"BCL11A","BCL11A",-1.16910906029983,1.82634467336346e-08,2.42426573785555e-09,240.14382232116,-5.96647990844415
"AC078850.1","AC078850.1",-1.73245519425125,1.84567437415518e-08,2.45146714783259e-09,8.59320820897822,-5.96465816041735
"IGKV2-40","IGKV2-40",-3.02764552847018,1.85117122545304e-08,2.45928419805134e-09,122.88847746096,-5.96413827381001
"ABCG1","ABCG1",-0.569212624874811,1.89036525429565e-08,2.51293432689505e-09,1865.06252993651,-5.96061301742886
"RASD2","RASD2",-1.0443807925408,1.91138110339256e-08,2.54193707157795e-09,96.6973238254887,-5.95873770339859
"AC112721.2","AC112721.2",-2.00898230775298,1.91381718881946e-08,2.54624374696454e-09,9.8127856972365,-5.95846101275441
"LRMP","LRMP",-0.9072470863253,1.91674232502218e-08,2.55066978666366e-09,568.675774477866,-5.95817712782962
"CD82","CD82",-0.695181610045305,1.96521934728601e-08,2.61682308626767e-09,3271.88445384596,-5.95399030685168
"TRBV14","TRBV14",-1.59850534929701,1.96592417094178e-08,2.6183095996543e-09,7.64261660429461,-5.95389741481711
"AC133644.2","AC133644.2",-1.56748384631576,1.98522358736535e-08,2.64622695324909e-09,11.5070714935629,-5.95216233739371
"CIAO2B","CIAO2B",-0.580938880676909,2.04235726938159e-08,2.72579975074539e-09,2273.02367241986,-5.9473129465011
"TRAV19","TRAV19",-1.32112961433931,2.04529014693969e-08,2.73028418500186e-09,22.1798401983685,-5.94704377243482
"TTC24","TTC24",-1.81055441686921,2.04885401680209e-08,2.73561274996014e-09,11.6020354460721,-5.94672448937466
"MEF2B","MEF2B",-1.59052538328286,2.08186332698698e-08,2.78316836689326e-09,155.099961987171,-5.94390152537208
"LINC01235","LINC01235",-1.46008991256082,2.09600206377132e-08,2.80323843957485e-09,153.647354817946,-5.94272420941202
"TRGV10","TRGV10",-1.33062427864505,2.0968348465275e-08,2.80493670480431e-09,12.1310364780656,-5.94262496568794
"IGHV7-34-1","IGHV7-34-1",-3.9384381238152,2.10520143389329e-08,2.81671550736941e-09,27.9617663471728,-5.94193823859868
"THAP8","THAP8",-0.500076460078822,2.12909077275778e-08,2.85045936768101e-09,198.742600976176,-5.9399862769718
"AC097637.1","AC097637.1",-1.47210298254556,2.15102042224446e-08,2.88081101978682e-09,70.0841965551175,-5.9382496697955
"AL121985.1","AL121985.1",-0.951515258950424,2.1813857083799e-08,2.92351288805312e-09,19.3534294547753,-5.93583635857867
"LINC00528","LINC00528",-0.975491907022929,2.18566293543221e-08,2.93046375454465e-09,24.9909021851855,-5.93544677932401
"TDRD6","TDRD6",-1.21354256864145,2.2686991773811e-08,3.04432553028923e-09,38.6417592519433,-5.92919006060002
"TAF10","TAF10",-0.646092149742525,2.28910362405249e-08,3.0729820358012e-09,2550.98868980255,-5.92765128280299
"AF064858.1","AF064858.1",-0.91190846981514,2.31575309771339e-08,3.11133935358287e-09,14.9587699645102,-5.92561332107231
"CACNA2D3","CACNA2D3",-1.26340880152845,2.32706386904181e-08,3.12977928031407e-09,81.2917593327345,-5.92464228129805
"BMP1","BMP1",-0.813826325653235,2.34035200903413e-08,3.14895585996034e-09,3633.72518374701,-5.92363834053366
"AL451123.1","AL451123.1",-0.707584390515435,2.39210294500035e-08,3.22125416788758e-09,53.0600909354152,-5.91990613377445
"LINC01150","LINC01150",-0.871512711458222,2.42061873359035e-08,3.26167831586781e-09,64.0729691002719,-5.91785473951489
"MRPL12","MRPL12",-0.511393903415569,2.4241711606399e-08,3.26714078374744e-09,1585.42545242377,-5.91757943738824
"NEFH","NEFH",-0.834808265004856,2.43334767561216e-08,3.28018658097851e-09,164.21142905457,-5.91692375307935
"TRBV11-3","TRBV11-3",-2.27547014590975,2.44005743324738e-08,3.28991158316867e-09,2.56844829313989,-5.91643662221873
"SYNGR3","SYNGR3",-0.993758869390084,2.46296298900981e-08,3.32354113722551e-09,51.7693813887137,-5.91476283827622
"DOK7","DOK7",-2.03540546070701,2.47718331897287e-08,3.34411116760575e-09,16.4288959805947,-5.91374715119872
"VWA7","VWA7",-1.10197246655638,2.48602851923614e-08,3.3574378190102e-09,38.525414502355,-5.91309236242997
"BRI3","BRI3",-0.728480165414027,2.48910074396117e-08,3.36228075407271e-09,7071.15594847656,-5.91285503739486
"AC012073.1","AC012073.1",-0.866358027178125,2.51900554827247e-08,3.40548485271679e-09,11.0889548253029,-5.91075245480232
"TNFRSF1B","TNFRSF1B",-0.674942879857957,2.56797014121859e-08,3.47239669827216e-09,7390.76837772436,-5.90754681495196
"CAPN12","CAPN12",-1.02856966703212,2.57193847172072e-08,3.4784795720666e-09,25.2826708642989,-5.90725838257679
"TRAV27","TRAV27",-1.5571822699538,2.69586289752276e-08,3.65660456009638e-09,6.02037135444112,-5.89902291524247
"SLC9A7P1","SLC9A7P1",-0.817861348594889,2.7118563656412e-08,3.67980955761431e-09,36.8482719014073,-5.89797892702325
"COX8A","COX8A",-0.681289717742458,2.73592916307522e-08,3.71552526341532e-09,4411.50903518027,-5.89638454108445
"AC006987.2","AC006987.2",-0.962556391298668,2.75136388296376e-08,3.73878715803437e-09,13.3018684909652,-5.8953541090462
"UNC45B","UNC45B",-1.86807927447027,2.83207738905229e-08,3.85083581987375e-09,21.2999194610514,-5.89047652123459
"LINC00937","LINC00937",-0.798557198636419,2.83219977363764e-08,3.85179169214719e-09,55.6996992095778,-5.89043550836773
"ADSL","ADSL",-0.5099031802753,2.85395598935402e-08,3.88297120112529e-09,1885.73129207941,-5.88910311690845
"B4GALT1","B4GALT1",-0.534137972727997,2.86765565956975e-08,3.90240973659081e-09,7479.36335315733,-5.8882777114785
"FUT7","FUT7",-1.00186603278226,2.87267161876183e-08,3.91083712502656e-09,168.430667952295,-5.88792110785193
"KLRG1","KLRG1",-0.753420190208605,2.87267161876183e-08,3.91038845702392e-09,108.030099286468,-5.88794007430967
"TRGV4","TRGV4",-1.17831096610317,2.90159998228853e-08,3.95426405948673e-09,20.0620296368212,-5.88609528011807
"IGLV2-5","IGLV2-5",-2.77224924950773,2.93211601848239e-08,3.99830287454101e-09,73.1857377381614,-5.88426355063295
"LINC01727","LINC01727",-2.9039043001903,2.94501188655575e-08,4.01752980426588e-09,2.01648114303013,-5.88346998530117
"AL157402.2","AL157402.2",-2.06487542507116,2.94748754481554e-08,4.02243716441274e-09,3.06321982616057,-5.88326803283879
"MIR6774","MIR6774",-2.42500141181552,2.95159248794801e-08,4.02897516752095e-09,1.16291222483197,-5.88299934681946
"UFC1","UFC1",-0.510938336507865,2.96326744758396e-08,4.04573768871533e-09,3537.59966184716,-5.88231240765769
"ROGDI","ROGDI",-0.584523461866081,2.97735668570509e-08,4.06912329756434e-09,550.79809214186,-5.88135866395184
"SLC46A2","SLC46A2",-1.39905734324828,3.02006454468567e-08,4.13254267591971e-09,113.578059265682,-5.87879881359453
"GPR3","GPR3",-1.04238374219783,3.0639156413677e-08,4.19340091961405e-09,17.7432183668783,-5.87637803925061
"C1GALT1","C1GALT1",-0.715448942545071,3.15559668125263e-08,4.32151818675796e-09,2582.24428180125,-5.87139171715284
"BTBD11","BTBD11",-0.845543494482713,3.18246049281975e-08,4.35919466528677e-09,425.070349877973,-5.86995270808358
"AL391094.1","AL391094.1",-2.13490681995343,3.2089824231249e-08,4.3991012005375e-09,2.1252995693827,-5.86844166493084
"PANO1","PANO1",-0.632133626563822,3.21488303206595e-08,4.40841447271495e-09,25.3141152291214,-5.86809094225043
"GIMAP2","GIMAP2",-0.566707763437365,3.22921757373135e-08,4.42954137430856e-09,1319.1827478351,-5.86729800323341
"VAV3","VAV3",-0.814217433259523,3.29098404991485e-08,4.51885363899109e-09,679.400059810848,-5.86398608560435
"FCAMR","FCAMR",-3.43983212496437,3.29350906952503e-08,4.52415684867438e-09,1.89925423648997,-5.86379143840488
"IGHV3-65","IGHV3-65",-3.63507316612046,3.31388070541787e-08,4.55675916928958e-09,2.87834424055431,-5.8625996702308
"SLC12A7","SLC12A7",-0.510260354969934,3.31392436498511e-08,4.55774294545967e-09,2877.92861197683,-5.86256383769411
"AP002358.2","AP002358.2",-2.09424944835208,3.3650837132617e-08,4.63185599333415e-09,2.21040752875717,-5.85988579730042
"IGKV1OR-2","IGKV1OR-2",-4.23051319935128,3.37794995984336e-08,4.65144886456479e-09,6.54637308228802,-5.85918478683304
"ENTHD1","ENTHD1",-1.87455012126322,3.39738607657277e-08,4.68010647816658e-09,8.64957807340793,-5.85816460811153
"GCSAM","GCSAM",-1.10003641985348,3.41985174572966e-08,4.71296084484668e-09,88.0645249622356,-5.85700248244411
"AC119044.1","AC119044.1",-0.870105519979964,3.43044636758682e-08,4.72947393284583e-09,16.7623682970346,-5.8564213545543
"SERPINB8","SERPINB8",-0.578212524812428,3.43604281924296e-08,4.73814740816584e-09,1379.48381316914,-5.85611690838398
"AC120057.3","AC120057.3",-0.639921408602488,3.47947893302492e-08,4.80192339997391e-09,18.2224573829462,-5.85389483136559
"AC244453.2","AC244453.2",-0.990372685593338,3.48471853068795e-08,4.81012575999073e-09,22.7602252093601,-5.85361113214667
"AL844908.1","AL844908.1",-1.11175421054411,3.51129450868093e-08,4.85072490174848e-09,7.9745644413289,-5.8522138040411
"CES4A","CES4A",-1.09486341992748,3.54279368226366e-08,4.89819001087882e-09,83.2062873842317,-5.85059452320267
"BATF2","BATF2",-0.861765458725407,3.56604237494195e-08,4.93331520748067e-09,272.904989178446,-5.84940602098121
"MAP3K21","MAP3K21",-0.857395741690255,3.57114048916107e-08,4.94142378825245e-09,56.122056868993,-5.84913282758762
"AC015911.7","AC015911.7",-1.10832784305691,3.66305188374746e-08,5.07568805968185e-09,27.221606822448,-5.84467152599843
"STAB1","STAB1",-0.893408599334565,3.68320875861236e-08,5.10567168127646e-09,9723.80684452765,-5.84369093262395
"TGM2","TGM2",-1.17403155555572,3.68660660054529e-08,5.11243702793389e-09,5806.6143987209,-5.84347045154464
"CIB1","CIB1",-0.545659634452362,3.68660660054529e-08,5.11144501045046e-09,3972.35920493191,-5.84350276339708
"TRAV3","TRAV3",-1.54405616412086,3.71933565657876e-08,5.15989785722438e-09,13.6158862917333,-5.84193164868369
"TRAT1","TRAT1",-1.12817365894011,3.7600985248944e-08,5.21959321365132e-09,130.489460801022,-5.84001560755036
"AC092821.3","AC092821.3",-0.707825822938581,3.80884432379887e-08,5.29256834958533e-09,40.7633152215307,-5.83770208051473
"MYCL","MYCL",-1.24953417510244,3.82236718243804e-08,5.31348993416544e-09,310.551548567991,-5.83704452767491
"RAB33A","RAB33A",-0.840768600718216,3.9278952311804e-08,5.46894402222888e-09,49.8490486427814,-5.83223615799185
"LINC00649","LINC00649",-0.718203504571182,3.93261596652451e-08,5.47661306446173e-09,119.558550391905,-5.83200240146229
"TRAV25","TRAV25",-1.50281793172537,3.94045429023368e-08,5.48862720231295e-09,6.05275596753125,-5.83163684352707
"PGF","PGF",-0.969624212348943,3.95032954065526e-08,5.50458463379391e-09,2406.36739932883,-5.83115250357729
"SPINK5","SPINK5",-2.22083274119265,3.96079141695772e-08,5.52026678321633e-09,190.235745942337,-5.83067784798864
"WDR86-AS1","WDR86-AS1",-0.897070328515783,4.03024474904723e-08,5.62884421518769e-09,40.4901251414969,-5.82742704904201
"TRBJ2-6","TRBJ2-6",-1.8999778673788,4.0482779576562e-08,5.6577195222262e-09,3.44957050039323,-5.82657279328056
"FHOD1","FHOD1",-0.610427340026922,4.0482779576562e-08,5.65799740200367e-09,1697.58015918464,-5.82656459302394
"AL008726.1","AL008726.1",-1.29316330934379,4.06257919998109e-08,5.67911768303976e-09,25.1842967027733,-5.8259424754184
"LINC01806","LINC01806",-1.21385114013409,4.11062664417084e-08,5.75315857292872e-09,22.9564897992588,-5.82377916771046
"AL118508.3","AL118508.3",-1.54474654258745,4.17662450127963e-08,5.85018484151362e-09,8.92578461743035,-5.8209849200503
"ALCAM","ALCAM",-0.755341854489097,4.26567148193959e-08,5.98204689216392e-09,1656.82457532727,-5.81725885554798
"IDO2","IDO2",-1.22068817701413,4.32556302799564e-08,6.06965415552057e-09,10.8741641512475,-5.81482723074335
"AC083973.1","AC083973.1",-1.1078035968798,4.35659596924639e-08,6.11684289814468e-09,8.7240319541818,-5.81353157149756
"IGHV3-72","IGHV3-72",-2.61915292233981,4.41769779370129e-08,6.20632665651694e-09,209.837126223999,-5.81110110022251
"TMEM238","TMEM238",-1.08155824486596,4.44732843517802e-08,6.24919376773029e-09,85.9056712216435,-5.80994883611081
"KIRREL2","KIRREL2",-1.85880018109473,4.50754461528548e-08,6.34008923448934e-09,3.82708704234887,-5.80753079731264
"SLCO5A1","SLCO5A1",-1.35752508926397,4.61631415396327e-08,6.5007997507519e-09,68.2357009956995,-5.80333687142153
"AC020912.1","AC020912.1",-1.11617804194954,4.6209013386863e-08,6.50854758589041e-09,7.25870173722437,-5.80313723968153
"AL137789.1","AL137789.1",-1.69246631317206,4.7228426306371e-08,6.66529679133537e-09,4.66263118310126,-5.79914729735351
"MCM2","MCM2",-0.547551548249111,4.82002753982645e-08,6.80648348899256e-09,690.624964367248,-5.79563084771576
"IGKV6D-21","IGKV6D-21",-3.13478270281756,4.88558731709825e-08,6.9045094627702e-09,249.244941772099,-5.79323085756668
"AC027808.2","AC027808.2",-1.30925560974867,4.94041543780667e-08,6.98474901757642e-09,7.85558675129732,-5.79129087308731
"TP53INP1","TP53INP1",-0.743601767060007,4.9602006445596e-08,7.01686920449894e-09,1887.53426976733,-5.79052035847148
"CD79B","CD79B",-1.13166388222924,5.03609898549671e-08,7.13406412384509e-09,745.050859047523,-5.78773782627108
"FBXO40","FBXO40",-2.06138549407189,5.05469253828724e-08,7.16322142568706e-09,28.6218877228765,-5.78705245767035
"FKBP2","FKBP2",-0.543525814221345,5.0669339283716e-08,7.18480638149863e-09,3303.67886224512,-5.78654682923241
"TRBV10-2","TRBV10-2",-1.85912320123343,5.09669807456558e-08,7.22985268333498e-09,4.88935265743001,-5.78549635904989
"LMNTD2","LMNTD2",-0.851422791121899,5.13856081240314e-08,7.29066885996711e-09,39.042227430971,-5.78408819117049
"E2F2","E2F2",-0.965446461460776,5.19674348064394e-08,7.37756503050023e-09,144.034424482263,-5.78209584929098
"AC008750.1","AC008750.1",-2.52175728783025,5.32945451927588e-08,7.57861936113225e-09,1.54494245272691,-5.77757222366099
"CHRDL2","CHRDL2",-1.87785589071953,5.40615299084357e-08,7.69595075240087e-09,69.3190779320084,-5.77498594800733
"LINC02273","LINC02273",-1.23092373292817,5.47691969278635e-08,7.80432431206238e-09,25.4594778442853,-5.77263096331053
"AC021087.3","AC021087.3",-3.36582425591459,5.47823354118344e-08,7.8077235110999e-09,2.297384112354,-5.77255761327252
"LINC00539","LINC00539",-0.847421817971003,5.48171503894533e-08,7.81421343809517e-09,17.0537280757242,-5.77241765577386
"TNFRSF9","TNFRSF9",-0.916370109000088,5.53326349740839e-08,7.89232315435226e-09,110.381028136683,-5.77074200258151
"CD247","CD247",-1.0508186497113,5.59304685439782e-08,7.98227174760051e-09,427.90045738482,-5.7688322367509
"SIDT1","SIDT1",-0.714994442409969,5.60130113413269e-08,7.99561340986579e-09,158.636539700269,-5.76855075345357
"PABPC1L","PABPC1L",-1.19632681736807,5.67046135948361e-08,8.10179931320452e-09,64.4829722836472,-5.76632658165585
"IGHV1OR16-4","IGHV1OR16-4",-3.61548570757182,5.70451715631839e-08,8.15726076987131e-09,26.4483670932369,-5.76517612795704
"IGKV2D-40","IGKV2D-40",-2.83155654757838,5.71804920863985e-08,8.18139277712845e-09,211.121927959081,-5.7646779231122
"DUSP10","DUSP10",-0.575328851223422,5.79440516548222e-08,8.29871881261258e-09,581.448459565252,-5.76227590914304
"TM6SF1","TM6SF1",-0.515319729535016,5.9175764876831e-08,8.48007267545054e-09,693.512014018531,-5.75862725256961
"FAM92B","FAM92B",-1.31694718719987,6.00515739115562e-08,8.60892667950198e-09,48.8853449690666,-5.75608065263938
"TLR9","TLR9",-1.85466908376082,6.00777832910775e-08,8.61435866897011e-09,53.7799547929511,-5.75597411356128
"CLEC17A","CLEC17A",-1.65612213965089,6.01485218945507e-08,8.6261782619502e-09,37.0120789721622,-5.7557425181863
"CBWD3","CBWD3",-0.520782317281931,6.02234055730173e-08,8.63859637850165e-09,422.70409125445,-5.7554995273303
"RAB19","RAB19",-1.8158891233396,6.12577478571516e-08,8.79379516276881e-09,2.91685776397672,-5.75249099931982
"ADAM10","ADAM10",-0.502887410188359,6.15718179057493e-08,8.8423137519281e-09,4186.72814245355,-5.751561051624
"GJB2","GJB2",-1.43332895922231,6.23318274496237e-08,8.95884822531645e-09,2453.17636643889,-5.749347565983
"SEC61B","SEC61B",-0.578939026482012,6.23905141414508e-08,8.97032116910392e-09,3852.74259023552,-5.74913116157588
"RPP40","RPP40",-0.549114311002085,6.46232912657395e-08,9.31295932665848e-09,170.892079240726,-5.74278927535348
"TAS1R3","TAS1R3",-1.54849695319528,6.46970299135212e-08,9.32899611826189e-09,106.571430852152,-5.74249803632947
"MIR5195","MIR5195",-2.75971122871262,6.58892431576784e-08,9.51192725612868e-09,4.58610691628692,-5.73920989313298
"NRP2","NRP2",-0.709962592494039,6.60532544668478e-08,9.53744552301803e-09,3243.89808205205,-5.73875610156697
"IGLC6","IGLC6",-2.59710687631342,6.64738661154761e-08,9.60188360168354e-09,11.6311938979722,-5.73761543081252
"LINC01724","LINC01724",-2.40204244760181,6.74436121113005e-08,9.74571944766499e-09,2.27841936601353,-5.73509588692059
"C4BPB","C4BPB",-0.936271122148687,6.90411219267871e-08,9.99195832874923e-09,56.1647697257994,-5.73086531511222
"TRBJ2-3","TRBJ2-3",-1.34564120734585,6.94515459118527e-08,1.00552286959209e-08,17.6857593467685,-5.7297946479929
"SLC12A5-AS1","SLC12A5-AS1",-1.97977925313031,7.06136964124849e-08,1.02293903904023e-08,4.2212836642339,-5.72688094330861
"ADORA2B","ADORA2B",-0.650984654263134,7.09213048649769e-08,1.02818594174981e-08,196.586564599133,-5.72601258961237
"CBWD5","CBWD5",-0.536747670475453,7.09464580697993e-08,1.02874836203232e-08,500.993601588059,-5.72591976569516
"CISH","CISH",-0.649111330494635,7.11309886407084e-08,1.03201894320526e-08,498.175256545032,-5.72538095234709
"ATG4D","ATG4D",-0.653774271300144,7.27637327891268e-08,1.05651925881132e-08,413.076382911976,-5.72139663794573
"SLC7A11","SLC7A11",-1.10274811669411,7.28456254020489e-08,1.05791138214544e-08,80.1903051539565,-5.7211729513754
"SPOCD1","SPOCD1",-0.974743527248638,7.30434131577853e-08,1.06119099478293e-08,149.692273395484,-5.72064711155979
"EPOP","EPOP",-0.728675088981704,7.32936605949704e-08,1.06543955401469e-08,226.440839402152,-5.71996825815575
"EGR2","EGR2",-1.15686127657688,7.3638587440115e-08,1.07106940560981e-08,660.248664516819,-5.71907273751316
"LRRC14B","LRRC14B",-2.93550105390281,7.40443427913835e-08,1.07796945870903e-08,5.29964590133043,-5.71798138907665
"TRPV4","TRPV4",-0.696719369573789,7.46089750368958e-08,1.08684739663503e-08,234.099705203988,-5.71658715241034
"SEPT1","SEPT1",-0.801809393180437,7.47032820170604e-08,1.08863765403538e-08,671.433681649963,-5.71630734270174
"RNF181","RNF181",-0.609867399606013,7.47328667541368e-08,1.08927710176273e-08,1940.11460914819,-5.71620750808842
"RFPL4A","RFPL4A",-2.86427995870015,7.48999606389789e-08,1.092130157777e-08,7.99144860609156,-5.71576276385105
"ANKRD1","ANKRD1",-2.31747253790947,7.57805221784249e-08,1.10581472781618e-08,32.4625185841157,-5.71364514081861
"AC106782.2","AC106782.2",-0.588229504158454,7.81250997459261e-08,1.14242306137179e-08,50.576546878759,-5.70810296440334
"IGLV2-8","IGLV2-8",-2.26259005104468,7.81501886266933e-08,1.14309407672419e-08,3356.43017946243,-5.70800299771345
"AC243312.1","AC243312.1",-2.37027243149676,8.03390954996865e-08,1.1782426757616e-08,1.17314447122139,-5.70284477923444
"EXOC3L4","EXOC3L4",-1.12121053508631,8.34449255729269e-08,1.22627379673031e-08,52.8632252131689,-5.69603268350451
"MCUB","MCUB",-0.519862252939005,8.40396122540708e-08,1.23617291669612e-08,2239.85417690125,-5.69466099588995
"TIMD4","TIMD4",-1.354245802504,8.58017335783521e-08,1.26352768918309e-08,2665.80771457408,-5.69092531422406
"SH3BGRL3","SH3BGRL3",-0.625564767935572,8.75527548066936e-08,1.29028965759718e-08,16921.4533575526,-5.68734586998754
"SORD2P","SORD2P",-1.04049498737132,8.79962422474519e-08,1.29756131425511e-08,58.1579439663547,-5.68638573857484
"RTN1","RTN1",-0.697063584296111,8.91846772439867e-08,1.31632854636072e-08,815.361373388749,-5.68393171244881
"KCNN1","KCNN1",-0.98784818874324,8.9209581750255e-08,1.3169447942839e-08,10.3467408317458,-5.68385170878393
"LSM10","LSM10",-0.589543883291723,8.95863976319346e-08,1.32300692586478e-08,1587.34904201657,-5.68306663269567
"IGHV7-4-1","IGHV7-4-1",-2.62033419303667,9.23253048770021e-08,1.36499907196549e-08,1163.09866451162,-5.67772251077538
"TGFBI","TGFBI",-0.832624280531815,9.24131663634474e-08,1.36655567263579e-08,34692.8588595346,-5.677527494492
"DIO1","DIO1",-0.863450915100269,9.4170739008253e-08,1.39385818573888e-08,8.24855815915511,-5.67414158245514
"AC099343.2","AC099343.2",-0.956345407352978,9.46148390444767e-08,1.40122268945869e-08,11.4746827082661,-5.67323930855792
"SNX22","SNX22",-1.04978315147761,9.49559882182577e-08,1.4070690825596e-08,124.926195476658,-5.67252630258525
"ARNTL","ARNTL",-0.692395950170264,9.61484042940591e-08,1.42559641384235e-08,424.815299161047,-5.67028563482498
"C1orf195","C1orf195",-2.04532753027659,9.77656049260156e-08,1.45115497207257e-08,2.61274699646781,-5.66724061176337
"IGKV2OR22-4","IGKV2OR22-4",-3.33876679930996,9.84887486358257e-08,1.46227094668456e-08,18.2112616247573,-5.66593248889498
"UNC5A","UNC5A",-1.18808746178961,9.90615815363371e-08,1.47149593869586e-08,29.8855424407624,-5.66485420981305
"AC040970.1","AC040970.1",-0.779386445583192,9.99826983000384e-08,1.48545723188629e-08,33.2254299270002,-5.66323474479152
"CLEC4D","CLEC4D",-1.25185340192896,1.00301023323169e-07,1.49130497116594e-08,99.6586639988842,-5.66256081491086
"AC064805.1","AC064805.1",-1.0039520881378,1.00606853870696e-07,1.4961325864813e-08,25.754461774864,-5.66200638195705
"HAPLN3","HAPLN3",-0.759717583188418,1.01098106508246e-07,1.50371985039164e-08,2070.71079271736,-5.66113851602115
"RASAL1","RASAL1",-1.41756244102239,1.01347618619645e-07,1.50799606464575e-08,15.0020850193998,-5.66065125540201
"TYR","TYR",-2.61872250001135,1.0449301739995e-07,1.55683673310866e-08,7.05605690106032,-5.65517928992796
"VPS9D1-AS1","VPS9D1-AS1",-0.938832440968823,1.06501695012506e-07,1.58973261823546e-08,24.9658567802154,-5.65158692116445
"HLA-C","HLA-C",-0.888387117270884,1.06759995168816e-07,1.59388580940538e-08,40080.5518186345,-5.65113851792404
"TNFRSF11A","TNFRSF11A",-0.89966829937715,1.07193612616734e-07,1.60155474181378e-08,535.290553258298,-5.6503135086198
"RIBC2","RIBC2",-0.833053974613135,1.08992414079168e-07,1.62934164935631e-08,15.9318637304139,-5.6473560466008
"AC068580.1","AC068580.1",-1.53490633490773,1.09000038425934e-07,1.62975945955877e-08,6.33846442044748,-5.64731195238885
"MYBPC3","MYBPC3",-1.38957557872761,1.09409408895922e-07,1.63649028051711e-08,14.3254946226337,-5.64660311435738
"AC025580.2","AC025580.2",-0.874893086744881,1.10075090205417e-07,1.64675403242501e-08,31.7101745026473,-5.64552764764353
"SPTBN5","SPTBN5",-1.32144039142463,1.11123111948144e-07,1.6630522314971e-08,46.3942335337064,-5.64383317763562
"KRT17","KRT17",-1.44403573078637,1.12026905842367e-07,1.67751508901796e-08,42.9215219779791,-5.64234297354839
"CCL1","CCL1",-2.98133589524576,1.12647788427745e-07,1.6877543213913e-08,1.32785562424035,-5.64129548236817
"HOOK1","HOOK1",-1.70936290455999,1.13001024536108e-07,1.69399166538032e-08,87.4019459247992,-5.6406604119301
"AC016876.2","AC016876.2",-0.637366675450775,1.14184388893738e-07,1.71268626240335e-08,140.41436317439,-5.63877048955009
"ATP6V0D2","ATP6V0D2",-1.51741755265329,1.14401072481389e-07,1.71625525322602e-08,23.0384690670041,-5.63841196250279
"CCDC57","CCDC57",-0.679886562736935,1.14512970582617e-07,1.71825315859576e-08,391.902282733845,-5.63821157661267
"C17orf100","C17orf100",-0.534224051615051,1.14797117579704e-07,1.72283674160035e-08,54.4034698786944,-5.63775270615701
"PLCH1","PLCH1",-0.978077297661838,1.17150320442375e-07,1.75880592586099e-08,19.0225187758921,-5.63419238692729
"SEC61G","SEC61G",-0.641287030887825,1.18717883443431e-07,1.78331218958847e-08,2479.13417080356,-5.6318069680159
"ACOT11","ACOT11",-0.547980377536533,1.19576608943153e-07,1.79656563680445e-08,243.392404689094,-5.63053011842183
"AL162253.1","AL162253.1",-1.29215090063647,1.21606759790697e-07,1.8280843360313e-08,12.7302089902432,-5.62752994633641
"KRT81","KRT81",-1.44769230523232,1.26395020072611e-07,1.90464523627188e-08,5.84735328388693,-5.62044653966494
"CNBD1","CNBD1",-1.11528545724579,1.26710019515586e-07,1.91009835690673e-08,13.9378501165001,-5.61995261882052
"CCDC88B","CCDC88B",-0.734585060884343,1.27840971767571e-07,1.92821602295283e-08,899.039414640941,-5.61832137143281
"SEZ6L2","SEZ6L2",-1.16667492514054,1.2849940020907e-07,1.93850523743969e-08,309.501314541636,-5.6174015819641
"SYTL1","SYTL1",-1.34689932482893,1.2888485040414e-07,1.94539781167504e-08,426.006436351152,-5.61678807770494
"LINC02397","LINC02397",-1.30184929663284,1.29097787103672e-07,1.94897174899927e-08,28.1841542947272,-5.61647079387083
"AC007881.1","AC007881.1",-1.0311409345182,1.30107124113053e-07,1.96457224061438e-08,7.04980699178232,-5.6150924094311
"GVINP1","GVINP1",-0.889741376681446,1.30955983832642e-07,1.97775476071152e-08,324.499620855458,-5.61393592436471
"VNN1","VNN1",-0.880547580710505,1.31996685947877e-07,1.99457570598868e-08,208.17079527532,-5.61247106466615
"HIST1H3C","HIST1H3C",-2.54422690650205,1.32202299612804e-07,1.99805120139546e-08,1.58195695853537,-5.61216989511805
"TTC7A","TTC7A",-0.528547289816548,1.32385963214005e-07,2.0015650577638e-08,3727.25999810227,-5.61186591801584
"DPEP1","DPEP1",-2.17359866114027,1.33020328052973e-07,2.01152691202057e-08,33.6556268569755,-5.61100694493197
"E2F5","E2F5",-0.741720143671909,1.34257200939757e-07,2.0313535517798e-08,175.107471978176,-5.60930958965817
"CSF3","CSF3",-3.04799774358189,1.34508929059366e-07,2.03591215273131e-08,5.91664528873987,-5.60892160323339
"NOL12","NOL12",-0.556408865653154,1.35695851208443e-07,2.05576850541571e-08,406.679308852431,-5.60724139109778
"S100A9","S100A9",-1.10095342890501,1.37974009542649e-07,2.09143599691408e-08,17666.4515669856,-5.60426245464658
"RASGRF1","RASGRF1",-0.949077412185776,1.3871623799293e-07,2.10307350088794e-08,29.3140939947127,-5.6033011580758
"KLK1","KLK1",-1.53488184346406,1.39010064668405e-07,2.10791568444913e-08,37.9338423443596,-5.60290269809728
"LCE1A","LCE1A",-5.08547611052422,1.39413923432984e-07,2.11442831330694e-08,15.7848770530375,-5.60236817729819
"RNASE3","RNASE3",-1.25289001435468,1.39776291811675e-07,2.12031381195578e-08,12.7184480603911,-5.60188650094356
"SERTM2","SERTM2",-2.02781810964105,1.40986726456597e-07,2.13985428726459e-08,3.69301186926563,-5.60029654152121
"GBP1P1","GBP1P1",-0.813149755819613,1.42485879379282e-07,2.16419667383334e-08,149.929596247187,-5.59833546273131
"C1orf53","C1orf53",-0.718379465311753,1.4298622093113e-07,2.17219485456351e-08,61.4156692838219,-5.59769578216788
"PCSK4","PCSK4",-0.694734202185452,1.43125782372099e-07,2.17511293517125e-08,22.1953094216289,-5.59746296829064
"MCRIP2","MCRIP2",-0.734387371071773,1.43532970603034e-07,2.18170115316611e-08,566.370578761738,-5.59693845207879
"AL645939.1","AL645939.1",-1.23311804973722,1.4928148727226e-07,2.27448810990989e-08,17.7831195885019,-5.58971025654918
"SEMA4B","SEMA4B",-0.635664584990968,1.54795825491843e-07,2.36152627990761e-08,1657.26562072914,-5.58318549943299
"AC004596.1","AC004596.1",-0.999534482484022,1.55547134447232e-07,2.37472238429962e-08,4.48536995712662,-5.58221669560426
"NDUFB11","NDUFB11",-0.585070226183947,1.5632424787085e-07,2.3887652315763e-08,3146.96476626422,-5.58119144954623
"POMC","POMC",-0.856358986456225,1.56592785552068e-07,2.39417819861489e-08,115.196958021145,-5.58079781866343
"RPS19","RPS19",-0.721382864174734,1.57330511894689e-07,2.40633454708336e-08,25682.1744669174,-5.57991694808042
"HIST1H4E","HIST1H4E",-1.3648755322966,1.58843964471752e-07,2.43081077337957e-08,14.6887128568944,-5.5781563843298
"TRBJ2-5","TRBJ2-5",-1.91119997738944,1.59199980844311e-07,2.43714646633297e-08,2.2837730178973,-5.57770346413352
"PLPP5","PLPP5",-0.542630267472071,1.61238682245426e-07,2.46970469390555e-08,1165.97473819867,-5.5753938476674
"LIF","LIF",-0.980093000685099,1.64778057639011e-07,2.52621412408239e-08,133.993155013476,-5.57145445297875
"SOCS3","SOCS3",-0.800566785936796,1.65042731711273e-07,2.53073189447725e-08,5995.26680940536,-5.57114321130339
"AL353743.4","AL353743.4",-1.5478000356333,1.6575979150848e-07,2.54218919269591e-08,3.80255610104514,-5.57035629770812
"QPCT","QPCT",-0.836868937032983,1.67560639556478e-07,2.57027512049979e-08,834.977099210693,-5.56844175758412
"DCC","DCC",-1.71138999702043,1.67906499707948e-07,2.57651646241743e-08,22.5442649558734,-5.56801906049611
"PRSS30P","PRSS30P",-1.07085682563868,1.69048013564278e-07,2.594975360832e-08,9.33968462853747,-5.56677471550385
"PLEKHG4B","PLEKHG4B",-0.937311875828966,1.70193753144599e-07,2.61446069290561e-08,14.7709654734397,-5.56547046206249
"MIR4538","MIR4538",-2.87979331066181,1.70215987977537e-07,2.61565264172015e-08,4.10245480435683,-5.56539098526873
"SNCB","SNCB",-2.81925815797789,1.70805651176129e-07,2.62624103662028e-08,3.17144058655594,-5.56468651087613
"KCNAB3","KCNAB3",-0.901907167527283,1.72593996647782e-07,2.6547001351985e-08,25.8393923255838,-5.56280662316358
"ANPEP","ANPEP",-0.842606324138044,1.7633131115025e-07,2.71415052312664e-08,8365.52440258045,-5.55894187951222
"IGHV3-75","IGHV3-75",-3.47069373041245,1.76625268349058e-07,2.72015221638619e-08,15.1544075378007,-5.55855629782992
"FAAH2","FAAH2",-1.34898111135675,1.76709226525386e-07,2.72193780008162e-08,49.2043879679535,-5.5584417414722
"HAO1","HAO1",-2.51088968669279,1.77591747958381e-07,2.73701679292513e-08,1.66819253519403,-5.55747722769363
"MYF6","MYF6",-2.62454479192089,1.80653109790646e-07,2.78621228284778e-08,19.2798788988003,-5.55436595188842
"ARHGAP26","ARHGAP26",-0.505909519687573,1.80987866452699e-07,2.79187972947523e-08,1427.34146490789,-5.55401095497136
"AC063949.2","AC063949.2",-1.50398181948943,1.81335405634909e-07,2.79774625836717e-08,25.2120693876742,-5.55364422371978
"BSPRY","BSPRY",-1.16285561213741,1.83326208015189e-07,2.831527578013e-08,67.2104325898333,-5.55154687968702
"AP001434.1","AP001434.1",-1.18805128630016,1.84245894395257e-07,2.84675956134609e-08,31.004360408567,-5.55060911818521
"IGHV3OR16-13","IGHV3OR16-13",-3.10160663275899,1.85190706609013e-07,2.86187394408465e-08,32.494689335706,-5.54968339675984
"TMEM141","TMEM141",-0.549964744815335,1.86235380298686e-07,2.88009446661216e-08,1031.21120826429,-5.54857371694288
"HOMER3-AS1","HOMER3-AS1",-1.04588768250632,1.86646146770322e-07,2.88852796339743e-08,12.078993619715,-5.5480623979309
"CD200R1","CD200R1",-0.74827685311691,1.87821335509244e-07,2.90828576656126e-08,401.964549515889,-5.54687014067989
"GAS6-AS1","GAS6-AS1",-0.922034614500117,1.88946798469485e-07,2.92825001545691e-08,50.2024963038245,-5.5456733815532
"AL590648.3","AL590648.3",-0.756920996101115,1.88946798469485e-07,2.92682135890641e-08,13.8743093224559,-5.54575875915331
"MSH5","MSH5",-0.605980192691615,1.88946798469485e-07,2.92834620066993e-08,88.8643731214126,-5.545667634904
"ANKRD20A10P","ANKRD20A10P",-3.01637434785017,1.9082016135e-07,2.96003957606342e-08,1.91589980716061,-5.54378399490685
"RGS14","RGS14",-0.524717634639654,1.91958160577606e-07,2.97822751714272e-08,796.118217982102,-5.54271184410103
"MIR7848","MIR7848",-1.56011110587449,1.92174531713909e-07,2.98212018969012e-08,2.79774410676446,-5.54248320256605
"MIR650","MIR650",-3.41463674438081,1.92449626156268e-07,2.98692548693547e-08,1.50290273653403,-5.54220135576597
"MSL3P1","MSL3P1",-1.01702687474098,1.99062550440357e-07,3.09400078398727e-08,38.576469998771,-5.53603255674149
"RGS10","RGS10",-0.711301744283215,2.05121459483262e-07,3.19103237735495e-08,2399.82960936835,-5.53061872350191
"AC007952.3","AC007952.3",-2.21267508380563,2.07024691293346e-07,3.22237178029838e-08,2.19853610698435,-5.52890423603407
"MRPL14","MRPL14",-0.548146011656555,2.07234517909673e-07,3.22621542167393e-08,1252.6705216879,-5.5286950761731
"NUAK2","NUAK2",-0.758619122530947,2.09494104134285e-07,3.26372835681259e-08,344.935138399801,-5.52666632924375
"AC012254.2","AC012254.2",-1.37205026379556,2.10382062596302e-07,3.27932123773804e-08,58.8549136944666,-5.5258296941312
"AC004921.1","AC004921.1",-1.00708125342683,2.11011692429012e-07,3.28972375123475e-08,31.5091532896949,-5.52527369111418
"RAB26","RAB26",-1.29945145371765,2.14310547702989e-07,3.34294585350781e-08,14.3585034615779,-5.52245544571301
"NLRC5","NLRC5",-0.676773015510912,2.15921452180237e-07,3.36927746147726e-08,1364.64913452907,-5.52107717458497
"AC010719.1","AC010719.1",-1.75199143006088,2.16679714278849e-07,3.38231749118203e-08,10.9247767561611,-5.52039848608997
"PIM1","PIM1",-0.588934762049541,2.17964798887211e-07,3.4035924832506e-08,2473.04125140391,-5.51929662578247
"AC013264.1","AC013264.1",-1.51129305042191,2.18954966639205e-07,3.42088526275329e-08,7.48991414297898,-5.5184059204601
"REC8","REC8",-0.870840350153204,2.19924141006299e-07,3.43725340382528e-08,86.7542407426309,-5.51756685498798
"HIST1H2AH","HIST1H2AH",-2.44015989576734,2.21790442967516e-07,3.46827703149203e-08,1.58646241082143,-5.51598709844207
"AKAP5","AKAP5",-0.645175861523744,2.22863983261788e-07,3.48630710540809e-08,75.6716487671722,-5.51507527339557
"HIST1H2BD","HIST1H2BD",-0.939500528765474,2.33213210441954e-07,3.65600305372975e-08,95.7415966799288,-5.5067107105694
"AC026401.3","AC026401.3",-0.504653854974114,2.34017506031191e-07,3.66926403184794e-08,45.4408952231415,-5.50607301130451
"SUSD6","SUSD6",-0.50616966968887,2.34832344324713e-07,3.68400399682087e-08,3184.33735673545,-5.50536680765605
"TRBJ2-2","TRBJ2-2",-2.13551507430958,2.36178028244919e-07,3.70708983149028e-08,1.17409794175296,-5.50426623481627
"AC127521.1","AC127521.1",-1.04124023622315,2.36527582794307e-07,3.71323580849487e-08,9.47338471370324,-5.50397435748282
"STAP1","STAP1",-1.35620931225388,2.39354696956291e-07,3.76028730883807e-08,69.0941232550608,-5.5017552438282
"IGHV3-42","IGHV3-42",-3.91883175639351,2.41410044340592e-07,3.79392287105856e-08,5.1801764011728,-5.50018531776372
"AC245128.3","AC245128.3",-1.24332619181246,2.45355806296027e-07,3.85866887560191e-08,31.6045432075266,-5.49720095910962
"TEP1","TEP1",-0.587275089461117,2.45679206005911e-07,3.8644397477111e-08,1202.01900042677,-5.49693732199662
"AC021678.2","AC021678.2",-2.74546987094108,2.4747652378323e-07,3.89478035757524e-08,2.12843098754087,-5.49555748808922
"ZDHHC20","ZDHHC20",-0.531323916247699,2.48941969716539e-07,3.91923134483348e-08,5224.52888556757,-5.49445306708557
"PATL2","PATL2",-0.771753310861127,2.49765555231127e-07,3.93498235028942e-08,64.3432492941578,-5.49374514645941
"AC124067.2","AC124067.2",-0.890921944447711,2.50249925281055e-07,3.94400857850615e-08,30.7124463845233,-5.49334070491516
"GNB3","GNB3",-1.21013113061607,2.51477332335327e-07,3.96475482003794e-08,44.2760692166132,-5.49241451235997
"BICDL1","BICDL1",-1.32122696461576,2.51649596149149e-07,3.96817216840623e-08,195.721400192731,-5.49226239966861
"LCE2D","LCE2D",-4.654692558878,2.52311890084779e-07,3.97931895219423e-08,25.6674182177622,-5.4917671165044
"AC245884.11","AC245884.11",-1.12599759357475,2.55537489530034e-07,4.03446506117941e-08,7.70697062327059,-5.48933644139337
"GLULP5","GLULP5",-1.36572995825015,2.55691602177735e-07,4.03761094449302e-08,5.2635833669892,-5.48919875343464
"ARHGAP15","ARHGAP15",-0.610766349995698,2.56720561580127e-07,4.05529037623575e-08,606.380937238489,-5.48842689574609
"LOXL2","LOXL2",-1.13583633192416,2.61878448875696e-07,4.1426068219361e-08,5604.42516159691,-5.48466201093222
"DNAJC25-GNG10","DNAJC25-GNG10",-0.538172337357764,2.62653460901366e-07,4.15559872913214e-08,923.727180104586,-5.48410841628113
"CCBE1","CCBE1",-1.03828290962055,2.64293541467977e-07,4.18523096607548e-08,399.02844991323,-5.48285201790395
"ACSS1","ACSS1",-0.630785600493616,2.68123208250819e-07,4.24961271669451e-08,734.598786125202,-5.48015171659804
"NOS2","NOS2",-1.71787014912891,2.76052527466325e-07,4.38529157917933e-08,239.26685930541,-5.47458861405725
"LINC01353","LINC01353",-1.0629393992547,2.81717527300654e-07,4.47999580000064e-08,9.32024237997691,-5.47080358637862
"DARS-AS1","DARS-AS1",-0.687762473759091,2.82180909476561e-07,4.48815127379305e-08,35.0818933838283,-5.47048127457981
"TRBJ1-5","TRBJ1-5",-1.70345982520512,2.83542220991916e-07,4.51138396493897e-08,5.75199441816768,-5.46956620042
"TMEM251","TMEM251",-0.512327124008149,2.84644726761892e-07,4.53051258483736e-08,492.154296729674,-5.46881619755007
"TAP2","TAP2",-0.612210384179279,2.87491014375088e-07,4.58062338165297e-08,3124.22188507988,-5.46686589333498
"AP005482.1","AP005482.1",-1.29213657836243,2.93376492545029e-07,4.67848617101076e-08,8.15025180016588,-5.4631160159122
"DPYSL4","DPYSL4",-0.980458568650822,2.94579844648489e-07,4.70013945858662e-08,117.063944068661,-5.46229659125668
"AC021192.1","AC021192.1",-2.42484724369959,2.9745415261026e-07,4.74682933433795e-08,2.04173165673596,-5.46054208959155
"SRGAP3","SRGAP3",-0.563198773279382,2.98354075101221e-07,4.76202211576193e-08,191.615091542092,-5.45997478463009
"TP73","TP73",-1.28035718172529,3.0009618844724e-07,4.79150095449698e-08,64.9347412935199,-5.45887901947399
"PTGER2","PTGER2",-0.714318049282206,3.00824470161044e-07,4.80396763638362e-08,1113.52337682995,-5.45841758230236
"GZMH","GZMH",-1.11220550272413,3.08448127137058e-07,4.93087110559171e-08,288.475927956781,-5.45378537601001
"EDARADD","EDARADD",-0.678619097767929,3.1008484233017e-07,4.95876443330504e-08,84.4481356192042,-5.4527827221197
"AC011511.5","AC011511.5",-1.16693474571357,3.11223123047293e-07,4.97870244785621e-08,13.8693047624146,-5.45206937483723
"FAM90A1","FAM90A1",-0.834272803686887,3.11557391935204e-07,4.98491827096327e-08,22.3693072131695,-5.45184754967349
"CLEC11A","CLEC11A",-0.786559747750974,3.1258167655626e-07,5.00323309545991e-08,1138.78125212774,-5.45119550070615
"CABP4","CABP4",-0.638213047422243,3.1258167655626e-07,5.00392074832782e-08,99.2503314543029,-5.45117106380445
"AC006058.1","AC006058.1",-2.83856652054063,3.13183439386399e-07,5.01442697096996e-08,11.101552763603,-5.45079811173042
"TMEM191C","TMEM191C",-0.601811040492343,3.17680541241191e-07,5.0890873045662e-08,39.9217164910441,-5.44816941565768
"PLXNB2","PLXNB2",-0.578869683589605,3.22085677492055e-07,5.16145103805387e-08,9148.76821500568,-5.44565701156122
"IGHJ2P","IGHJ2P",-2.76198414409669,3.24895541968302e-07,5.21010188973837e-08,3.19081166669802,-5.44398701765052
"VDAC2P3","VDAC2P3",-2.87793691258312,3.26751429202915e-07,5.24259575328775e-08,2.02203143399313,-5.44288002760422
"FPR1","FPR1",-0.920004427389941,3.27303389106149e-07,5.2523640727083e-08,3108.30932223962,-5.44254854358833
"TMED3","TMED3",-0.514748060472133,3.2776592533267e-07,5.26161383690828e-08,3541.1238547402,-5.44223520683808
"LINC01615","LINC01615",-0.834515136961343,3.30622713000556e-07,5.30839533625979e-08,73.1667353802311,-5.44065861147272
"LINC02132","LINC02132",-1.74574673833767,3.32401037629966e-07,5.33787422379438e-08,4.93981137306526,-5.43967203737256
"UBXN11","UBXN11",-0.534745888406484,3.32419348832072e-07,5.33909487936e-08,813.479244349499,-5.43963129946349
"LCE2C","LCE2C",-4.01668944880795,3.40425828663953e-07,5.476936824127e-08,23.0540969199493,-5.43508808876365
"SAMD9","SAMD9",-0.565915600047187,3.44944459502367e-07,5.5527644700381e-08,1252.3647719786,-5.43263586712079
"KREMEN2","KREMEN2",-1.23900946640395,3.46011208332106e-07,5.57090101554353e-08,23.6749142287441,-5.43205415212558
"HSPE1","HSPE1",-0.508457671945946,3.48802474374055e-07,5.62070272991335e-08,2154.6908553671,-5.43046619152787
"PGP","PGP",-0.53342912645451,3.50410304423803e-07,5.64856526963862e-08,791.479760586986,-5.42958371377344
"GRAP","GRAP",-0.559240031315381,3.57697318086057e-07,5.7740074398226e-08,367.464531194016,-5.42566218073371
"FHL3","FHL3",-0.670310865047939,3.66799947984044e-07,5.926055744991e-08,1129.33576568961,-5.42101810442852
"ZBED6CL","ZBED6CL",-0.804697610199935,3.68524393070449e-07,5.95597053943543e-08,128.240137105264,-5.42011801230032
"AANAT","AANAT",-1.24011642478399,3.6947915389746e-07,5.97346088531085e-08,7.05434071027083,-5.41959378068713
"HSP90B1","HSP90B1",-0.534702500692753,3.716234459087e-07,6.0091640688958e-08,27971.5674199494,-5.4185282634944
"MPO","MPO",-0.8487965195178,3.71930508325258e-07,6.01516601896347e-08,45.9028879399798,-5.41834974523319
"IL1A","IL1A",-2.02402584202296,3.72618230430046e-07,6.02757724528335e-08,6.31171059545857,-5.41798114026597
"MAGED4","MAGED4",-0.939185139699911,3.72618230430046e-07,6.02836574053237e-08,197.19543850024,-5.41795774734542
"TNNC2","TNNC2",-1.95259786445594,3.75302243647907e-07,6.0749271884694e-08,234.390825275394,-5.41658160162384
"P4HA1","P4HA1",-0.640862046067011,3.76949756774092e-07,6.10474728043895e-08,3295.86832227504,-5.415705612949
"AC092865.3","AC092865.3",-2.63104075657235,3.79476277747768e-07,6.152011237299e-08,1.07759591144289,-5.41432565433159
"AC011893.1","AC011893.1",-1.63984805501801,3.87963127711762e-07,6.29716876004345e-08,3.09043152227872,-5.41015083539603
"MTND6P4","MTND6P4",-1.9635443622624,3.90245782555167e-07,6.33639493626159e-08,13.2055248755007,-5.40903866755099
"NPM3","NPM3",-0.502429548137138,3.91609087488877e-07,6.36180560804231e-08,656.211978332397,-5.40832176110829
"CHCHD1","CHCHD1",-0.536141774466606,3.95324523425122e-07,6.42436786499919e-08,963.078557034369,-5.40656845979589
"AC007182.1","AC007182.1",-1.5395945131623,3.99378437031701e-07,6.49358724238581e-08,7.23344860930091,-5.40464776566244
"AL022316.1","AL022316.1",-1.39067537932807,3.99733593582564e-07,6.50047605563953e-08,5.81736567790203,-5.40445770186353
"PTRHD1","PTRHD1",-0.618687572346009,4.00965648998148e-07,6.52274711513085e-08,1003.41288692195,-5.40384457108574
"PLD3","PLD3",-0.530109163184861,4.08692648486671e-07,6.65300367153214e-08,19627.9891220857,-5.40029867546242
"AC136475.3","AC136475.3",-1.34127578495144,4.10524479115022e-07,6.68625653371171e-08,16.9923280633935,-5.39940423025197
"RIMBP3C","RIMBP3C",-1.36564077545636,4.11485372455193e-07,6.70534769999458e-08,24.3306767753528,-5.39889265573131
"GABARAP","GABARAP",-0.509563577008311,4.14853871060798e-07,6.76139535635537e-08,16068.7028574903,-5.39739889155884
"COL24A1","COL24A1",-0.866710386730458,4.18769335315038e-07,6.83221441003183e-08,109.537974115694,-5.39552850557371
"AL357874.1","AL357874.1",-1.63525482497245,4.22236830244379e-07,6.89231742971731e-08,2.90755967248241,-5.39395581282118
"CHST13","CHST13",-1.04312342036329,4.25661681295707e-07,6.95059548161743e-08,110.302472245867,-5.39244350812624
"HIST2H2AC","HIST2H2AC",-0.825088580503706,4.3424346523247e-07,7.0991997870061e-08,21.9849166055153,-5.38864215597706
"LMOD3","LMOD3",-1.5072325934533,4.38286792355867e-07,7.16896696179575e-08,38.4398174176907,-5.38688399895793
"CXorf65","CXorf65",-1.79734978409252,4.38675184704329e-07,7.17654260356713e-08,5.25614882693891,-5.38669408862728
"OACYLP","OACYLP",-1.28768294789877,4.38939492502088e-07,7.18209009334426e-08,18.497216602527,-5.3865551442378
"AC112496.1","AC112496.1",-1.45268983792291,4.39770741540446e-07,7.19691713890999e-08,4.84803909376281,-5.38618429040283
"TRAJ1","TRAJ1",-2.33655321311849,4.44247917406607e-07,7.2776167542819e-08,0.969725224002187,-5.38417871773277
"LINC00900","LINC00900",-0.606227286934077,4.48679418702464e-07,7.35521578087579e-08,157.405418563873,-5.38227041426512
"MS4A14","MS4A14",-0.910981820240276,4.51509848665644e-07,7.40413223609751e-08,179.36630807872,-5.38107746335986
"AC126177.7","AC126177.7",-2.53632569277506,4.52001718107805e-07,7.41597553474206e-08,1.47756782150312,-5.38078978262343
"ENAM","ENAM",-1.24624596850613,4.54514690919622e-07,7.45847522074931e-08,16.7542190862394,-5.37976109076815
"FCAR","FCAR",-1.27204569708781,4.55741979037755e-07,7.47988508034648e-08,73.7309046151178,-5.37924502011328
"BX890604.2","BX890604.2",-0.576912176610815,4.58532718109266e-07,7.52824448686712e-08,232.07545955259,-5.37808459391695
"HIF1A-AS2","HIF1A-AS2",-1.0958846634556,4.60783136680639e-07,7.56647653849657e-08,9.56762443323629,-5.37717228109564
"LINC02422","LINC02422",-1.37920808237296,4.60785340040156e-07,7.56908155778854e-08,7.13566273179727,-5.37711028135863
"GRIN3B","GRIN3B",-1.16015359549903,4.62793630761882e-07,7.60594075811026e-08,19.2664485560172,-5.3762352364297
"MRO","MRO",-1.07206781553744,4.64307948609947e-07,7.63341681087516e-08,120.942815952167,-5.37558561701738
"CARD14","CARD14",-0.991063865374997,4.64307948609947e-07,7.63275420810682e-08,92.1833148656852,-5.37560125634392
"APOC1P1","APOC1P1",-1.37676805083662,4.68110780552439e-07,7.69985147328207e-08,6.75088708646294,-5.37402420486839
"GGH","GGH",-0.877208263334407,4.72337834591381e-07,7.77333122070387e-08,587.613339317075,-5.37231233603325
"CRACR2A","CRACR2A",-0.515655350005754,4.83813336445226e-07,7.97432267149999e-08,167.805460081202,-5.36770866157871
"AC087741.1","AC087741.1",-1.11490019721613,4.92366963687623e-07,8.1262851344792e-08,40.4052730358175,-5.36430198478395
"AUNIP","AUNIP",-0.589889552729809,4.94578971145386e-07,8.16417189441945e-08,21.8531324064663,-5.36346225305237
"NUDT14","NUDT14",-0.548626260166019,4.98905299634909e-07,8.2388878455254e-08,575.296786396678,-5.36181723133521
"AC108868.1","AC108868.1",-1.32984082230057,5.01780158140933e-07,8.28863893280327e-08,7.54490859440495,-5.360729854133
"AKNA","AKNA",-0.639190801523052,5.05833318134802e-07,8.35841089868462e-08,2381.38730471077,-5.35921549280654
"TPI1P2","TPI1P2",-0.633281242275883,5.07413257103732e-07,8.38734666097597e-08,15.9989625853789,-5.35859104619069
"TREM1","TREM1",-1.03745582375886,5.10839037211049e-07,8.4453974347003e-08,5366.34938231937,-5.35734455031521
"MS4A4E","MS4A4E",-0.874583146004283,5.11123332782531e-07,8.45437172608094e-08,35.6363593289307,-5.35715259052114
"AL451067.1","AL451067.1",-1.56487313577626,5.29384046726505e-07,8.77264991718208e-08,3.71180211516574,-5.35046916672657
"AC092755.2","AC092755.2",-1.01288981226118,5.30830184726767e-07,8.79957382179814e-08,6.05113393246546,-5.34991461687152
"AC097375.1","AC097375.1",-2.31691604977597,5.40352873932617e-07,8.96948115475605e-08,2.87731832774995,-5.34645248804896
"FXYD2","FXYD2",-1.00237209202776,5.46506787172697e-07,9.07772528156684e-08,111.157438283836,-5.34427980265991
"BCL11B","BCL11B",-1.10931376892975,5.51417856852274e-07,9.16391153324949e-08,344.140514203375,-5.34256772664207
"KCNG2","KCNG2",-0.866679355297746,5.55729116093743e-07,9.2417558372551e-08,17.966470324165,-5.34103470799375
"GAPDHP1","GAPDHP1",-1.0036878072997,5.58910568540709e-07,9.29622121946317e-08,11.0302657670609,-5.33996951497608
"RPGRIP1","RPGRIP1",-0.531143029792377,5.60735842715458e-07,9.33126963348094e-08,36.8450820157685,-5.33928725460467
"FAM129C","FAM129C",-1.16369810111736,5.92043162986754e-07,9.88691453506241e-08,101.488780495219,-5.32879016051235
"AC034105.1","AC034105.1",-4.38405072871511,5.93018229416283e-07,9.90485081717734e-08,4.78287721573601,-5.32846091081916
"AL137186.1","AL137186.1",-1.95794757302428,5.97607559710045e-07,9.98316963161616e-08,1.73131154224659,-5.32702997038704
"IL17C","IL17C",-2.61847713570297,5.99763533762606e-07,1.00208574811793e-07,1.02017827455174,-5.32634525479102
"RN7SL4P","RN7SL4P",-0.888176993575038,6.00219803309651e-07,1.00301539256902e-07,31.3170762137108,-5.32617673958709
"VWA3B","VWA3B",-1.11243210043322,6.14269875317558e-07,1.02820643938172e-07,7.28200342677171,-5.3216670276113
"RHPN1","RHPN1",-0.633011978075414,6.28098082166057e-07,1.05187826554806e-07,124.135889190918,-5.31752570783413
"ABCC4","ABCC4",-0.525840340411499,6.32143615558875e-07,1.05935816494494e-07,684.740704934504,-5.31623586059715
"CIRBP-AS1","CIRBP-AS1",-0.667990530687956,6.38128898682579e-07,1.06992204197232e-07,22.0949932501037,-5.31442914221902
"ANKRD23","ANKRD23",-1.7203497854519,6.65408077803075e-07,1.11844200951987e-07,92.2416148881301,-5.3063465976539
"LINC02154","LINC02154",-1.66356243186957,6.75580118962878e-07,1.13685775001502e-07,17.9781698462978,-5.30336742573496
"TRAV24","TRAV24",-1.43840342373931,6.8056921881859e-07,1.14582246178795e-07,6.0624485308434,-5.30193403651409
"RPL4P1","RPL4P1",-1.73010710066151,6.82278529473604e-07,1.14889047987458e-07,3.10382842019261,-5.3014459752449
"AC099066.2","AC099066.2",-1.06411011832661,6.83568499607805e-07,1.15149192942694e-07,37.280961803373,-5.30103312291415
"GDPD1","GDPD1",-0.608983969907289,6.86262144263038e-07,1.15636366886971e-07,109.661648526244,-5.3002623955543
"TTC39A","TTC39A",-0.885181880002623,6.87027086597583e-07,1.15784411583804e-07,58.1078105117569,-5.30002880573671
"TRBV11-1","TRBV11-1",-1.94987628566312,7.00252680242395e-07,1.1811091200409e-07,2.41734363304348,-5.29639544896898
"TMEM189-UBE2V1","TMEM189-UBE2V1",-0.54283298363567,7.20890548043905e-07,1.21873203453276e-07,315.88772296105,-5.29066381873055
"PVALB","PVALB",-1.07393517089032,7.26436938178049e-07,1.22912117484063e-07,28.1818369788351,-5.28911125261396
"CAMK4","CAMK4",-0.872752753012382,7.28604525181552e-07,1.23323708621081e-07,133.71285148857,-5.28849967463908
"SLC16A10","SLC16A10",-1.04083806829212,7.28929443819069e-07,1.2343543891849e-07,534.858693301682,-5.28833399683111
"IGKV1OR2-118","IGKV1OR2-118",-3.90588353537959,7.34102178312075e-07,1.24331842102416e-07,2.92740520883001,-5.28701000480552
"ADAMTS7P4","ADAMTS7P4",-0.996442928707243,7.38034124310093e-07,1.25038924252453e-07,17.5123820866132,-5.28597214045659
"AC093426.1","AC093426.1",-0.977855798826319,7.39063692760642e-07,1.25254557546612e-07,20.7974708211348,-5.28565676081044
"CD209","CD209",-0.84265669663408,7.41747211760346e-07,1.25771380881901e-07,2240.41810528651,-5.28490300159562
"KIF21B","KIF21B",-0.839775341411408,7.48376220259969e-07,1.26999705336382e-07,416.294689261212,-5.28312351249388
"IGLV5-52","IGLV5-52",-1.06200006954707,7.59466599208263e-07,1.2896642571085e-07,40.2165294023187,-5.28030868281696
"SMIM35","SMIM35",-0.823116355232578,7.69819336014502e-07,1.30810276581029e-07,10.6928720454082,-5.27770717340537
"CHAC2","CHAC2",-0.555811329603731,7.80797210605924e-07,1.32740966898551e-07,102.496762244887,-5.27502088884227
"IGHV7-56","IGHV7-56",-3.45327226625775,8.13996172444992e-07,1.38702678805749e-07,24.5656562324731,-5.26695832466464
"LEF1","LEF1",-0.808537380852718,8.18931220486793e-07,1.39657733991309e-07,385.054416901908,-5.26569796272991
"SLFN13","SLFN13",-0.618137801511021,8.36829416265086e-07,1.42873314972088e-07,184.140937142076,-5.26151489164924
"TRAV34","TRAV34",-2.16877907360213,8.37950164771484e-07,1.4308801977394e-07,1.64648892408877,-5.26123883998373
"VKORC1","VKORC1",-0.587496357559505,8.41369535159225e-07,1.43718815650334e-07,9095.9641248165,-5.26043012051012
"AL138963.3","AL138963.3",-0.713418662399889,8.46333238304678e-07,1.44661056927785e-07,48.9949609171573,-5.25922848035301
"CEBPE","CEBPE",-0.916128616582287,8.47108952157679e-07,1.44817260030189e-07,25.9017965333696,-5.25903000636494
"LINC00520","LINC00520",-1.17406956969113,8.53355375044125e-07,1.45980263042392e-07,9.82487293156843,-5.25755875434883
"TBC1D27P","TBC1D27P",-1.91687428634064,8.54667609946429e-07,1.46228565570765e-07,11.0851466683494,-5.2572461092348
"HIST1H2BI","HIST1H2BI",-2.15898239099582,8.5778632550616e-07,1.46881711430922e-07,2.24280304154769,-5.2564261590462
"MIR4537","MIR4537",-2.26269961972054,8.82703313796982e-07,1.51369778020322e-07,16.2581303443572,-5.25088547211176
"IGKV2OR2-2","IGKV2OR2-2",-3.63286119260648,8.9333226936478e-07,1.53242279739954e-07,2.42088212115404,-5.24862063231293
"FTH1P3","FTH1P3",-0.954343404066497,8.98933063640225e-07,1.54228097747891e-07,5.03160046274292,-5.24743899127114
"NDUFA3","NDUFA3",-0.645833903319056,9.1577212591737e-07,1.5727030154082e-07,1439.61416281231,-5.24383799605727
"SMIM29","SMIM29",-0.500263434630003,9.25393358219842e-07,1.58974195587704e-07,1018.85362096567,-5.24185045056338
"IGHV3-79","IGHV3-79",-2.95924382265573,9.25632512355467e-07,1.59041081704783e-07,2.09952153241334,-5.24177285060381
"RPPH1","RPPH1",-1.27198162294351,9.28441414061708e-07,1.59627223468505e-07,302.58513999692,-5.24109416731641
"HLA-L","HLA-L",-0.767441008640381,9.47486497010701e-07,1.6303370441943e-07,129.797312261557,-5.2371969340344
"LINC01678","LINC01678",-0.732968025875593,9.52286369643206e-07,1.63886161565914e-07,77.8507420768872,-5.23623398823794
"CCDC78","CCDC78",-1.42053826368144,9.55750940051275e-07,1.64535687965343e-07,9.4937690456002,-5.23550352091623
"AC087273.2","AC087273.2",-2.25229697120218,9.56877494125465e-07,1.64756300521617e-07,2.05084556887126,-5.23525605088159
"IGHV3-16","IGHV3-16",-3.78939332906638,9.62684883550837e-07,1.65944064665599e-07,3.05445136074978,-5.23392916941862
"CSF2RB","CSF2RB",-0.660126590815484,9.65891816173847e-07,1.66623566774105e-07,4369.42199265081,-5.23317420385816
"MICALL1","MICALL1",-0.528174534243404,9.65891816173847e-07,1.66622066002025e-07,1194.54556839409,-5.23317586801896
"NEURL3","NEURL3",-1.13521738802107,9.74559138670152e-07,1.68289724433773e-07,8.97553098423276,-5.23133553335621
"DRAXIN","DRAXIN",-0.682360801678614,9.81947903682703e-07,1.69620380742069e-07,38.9454028919203,-5.22987969959095
"NDUFB2","NDUFB2",-0.57049645379015,9.87034170255522e-07,1.70526488843031e-07,3499.87502922528,-5.22889465837979
"FAM167B","FAM167B",-0.862710716527118,1.00269701888301e-06,1.7348405285594e-07,202.933701775224,-5.22571430683871
"CDK5R1","CDK5R1",-0.883777998702151,1.00470562749655e-06,1.7385958287104e-07,93.8834537056241,-5.22531424515468
"ENG","ENG",-0.590232398243338,1.00553575370235e-06,1.74059290048545e-07,18360.2984804475,-5.22510183216375
"SERINC2","SERINC2",-0.702990124200639,1.01092874549829e-06,1.75021001764179e-07,894.586072637615,-5.22408222233216
"SPRR1B","SPRR1B",-4.31757984957878,1.02621088501115e-06,1.77838413159981e-07,21.5647683663451,-5.22112607514902
"ZGRF1","ZGRF1",-0.578114024824372,1.02878409783262e-06,1.78341694896754e-07,62.2277080337637,-5.22060278122103
"AC026202.2","AC026202.2",-0.934696279944907,1.03299770990436e-06,1.79129721346761e-07,14.9635087201296,-5.21978628099268
"DNAH17-AS1","DNAH17-AS1",-1.18021509764316,1.04071118638636e-06,1.8055432540958e-07,10.9939715655634,-5.21831897577344
"AC008105.3","AC008105.3",-0.875100408064334,1.05181774215412e-06,1.82715767779915e-07,141.756130142484,-5.21611398100314
"RIMBP3B","RIMBP3B",-0.76714472584945,1.05825053762744e-06,1.83862734523536e-07,65.9216799921673,-5.21495412264529
"TRGV6","TRGV6",-2.01894188129786,1.0626597772776e-06,1.84658426524001e-07,1.50297794611733,-5.21415358926528
"BOLA2-SMG1P6","BOLA2-SMG1P6",-0.550782114554585,1.07235966022219e-06,1.86423110850878e-07,611.98710137122,-5.21239000080822
"AGBL1","AGBL1",-1.81750465773593,1.08744659911872e-06,1.89135078773831e-07,14.8367895217407,-5.20971092741824
"LINC002481","LINC002481",-0.809896193942049,1.10768981027505e-06,1.92822937008159e-07,16.8461856766214,-5.2061267748702
"DENND6B","DENND6B",-0.506731386095664,1.11346853714407e-06,1.93921990803517e-07,351.429397315228,-5.2050714377775
"LTB","LTB",-1.07817194060068,1.1242587945345e-06,1.95832563262609e-07,1355.59470672761,-5.20325054681334
"SNRPG","SNRPG",-0.558145846821968,1.14558040891488e-06,1.99706198671878e-07,1824.66824243065,-5.19961084952603
"AC091182.2","AC091182.2",-0.919885278759793,1.14568959530317e-06,1.99757168463312e-07,24.0561608273185,-5.19956341420619
"AC068631.2","AC068631.2",-0.547385626092995,1.15030654585774e-06,2.00594223021213e-07,173.137546809141,-5.1987860737674
"RPS2P32","RPS2P32",-0.635291332816443,1.15194693179474e-06,2.00944498931609e-07,45.0692131470706,-5.19846171602813
"ATAD3B","ATAD3B",-0.738281721845507,1.19106066156778e-06,2.08033062170975e-07,281.282303633943,-5.19201247365343
"FAM19A4","FAM19A4",-1.86678921105166,1.21532383087626e-06,2.12474176090757e-07,2.42844114724625,-5.18807925790254
"FHIT","FHIT",-0.523082232963267,1.22616715585726e-06,2.14481598321506e-07,121.708470291118,-5.18632741532358
"NDUFB3","NDUFB3",-0.56821224429104,1.22681871897512e-06,2.146548041535e-07,1531.02434856005,-5.18617700494263
"AC124014.1","AC124014.1",-1.68452537756879,1.24374307719301e-06,2.17789380095513e-07,3.29290389625276,-5.18347504537299
"COL4A4","COL4A4",-1.16220518212275,1.25396411429884e-06,2.19649073010563e-07,126.926501707435,-5.1818897229488
"ZNF469","ZNF469",-0.825886355445821,1.27397173656398e-06,2.23366751860278e-07,402.605625635974,-5.17875904333635
"LINC01934","LINC01934",-0.830236589561195,1.29790954450172e-06,2.2781704255686e-07,46.2042371098928,-5.17507697122973
"SLC9A2","SLC9A2",-2.86658428916851,1.30220493237184e-06,2.28607293772206e-07,8.94899251166112,-5.17443040921853
"EMC9","EMC9",-0.510648368002733,1.3042134721225e-06,2.29032609738585e-07,324.266842476067,-5.17408332062491
"AC026369.2","AC026369.2",-0.960036306239977,1.339962127323e-06,2.35609229244697e-07,35.1996637137242,-5.16879415265018
"CACNA1S","CACNA1S",-3.9703228402638,1.34030445715871e-06,2.35706782444998e-07,30.2330049840752,-5.16871677521642
"IGHV3OR16-6","IGHV3OR16-6",-3.88042881540574,1.36632370505994e-06,2.4051105776874e-07,3.25638643189043,-5.16494389152132
"NLGN4X","NLGN4X",-0.952247851240755,1.36792491995052e-06,2.40831046534006e-07,446.498754478135,-5.16469519159276
"HIST2H2AA4","HIST2H2AA4",-0.794460541127179,1.37154107251111e-06,2.41505922092061e-07,646.454404613631,-5.16417171345917
"ARHGEF39","ARHGEF39",-0.639747735386172,1.4070232514137e-06,2.48028293851992e-07,50.9767811441062,-5.1591841287162
"IGHJ6","IGHJ6",-2.90170465241105,1.42648538311953e-06,2.51618104651719e-07,295.281733339259,-5.15649283645414
"AC243960.7","AC243960.7",-1.53713885563756,1.44255255607653e-06,2.54693460353693e-07,2.876841484659,-5.15421656927565
"IGKV2OR2-8","IGKV2OR2-8",-3.68812882568417,1.44795761667137e-06,2.55688125480505e-07,2.51405857594324,-5.15348603367134
"PLCXD2","PLCXD2",-0.6914130576669,1.45970060431602e-06,2.57843142287125e-07,89.0164524253666,-5.15191264462444
"COX6A2","COX6A2",-3.98588739701023,1.46676028542497e-06,2.59171942837878e-07,31.5461454322847,-5.15094879911672
"ZBTB8OS","ZBTB8OS",-0.505265059829177,1.4774715359385e-06,2.61146954965465e-07,596.067929262269,-5.14952500779511
"AC083837.1","AC083837.1",-0.892887987311081,1.49614000139752e-06,2.64696880525994e-07,9.54485662723726,-5.1469918087999
"AC068580.4","AC068580.4",-0.705935839551405,1.5090334641152e-06,2.67104181104711e-07,457.867539989745,-5.14529258169469
"CA12","CA12",-0.841688828043054,1.5165491520945e-06,2.68519030358308e-07,2536.18687182007,-5.14430077873222
"AC005532.1","AC005532.1",-0.968577218544564,1.51966457799302e-06,2.69155365256241e-07,15.0869139162547,-5.14385635532369
"MYB","MYB",-0.921226654004145,1.55058065403426e-06,2.7510650488998e-07,47.542551466275,-5.13974845660934
"FUCA1","FUCA1",-0.543954612723258,1.57788399020105e-06,2.80038672212127e-07,4029.9774636546,-5.13640845063162
"TRBV5-6","TRBV5-6",-1.2873191130339,1.62922720023862e-06,2.8974131115045e-07,11.3061565365915,-5.13000056357216
"DLL3","DLL3",-1.6186264681727,1.63170173414133e-06,2.90226864545111e-07,3.12112219293966,-5.12968536136509
"PLSCR1","PLSCR1",-0.518397786148763,1.63832954785432e-06,2.91451405558364e-07,3660.66813335758,-5.12889269336965
"AC139495.3","AC139495.3",-0.757538820481238,1.64465226639818e-06,2.92667876479051e-07,294.333781966109,-5.12810842724877
"AL445584.2","AL445584.2",-1.02033644190784,1.6542820618301e-06,2.94427622711783e-07,6.52089161399473,-5.12697946086067
"SH3D21","SH3D21",-0.768267100044573,1.65543559365628e-06,2.94679071807359e-07,80.0541773726523,-5.12681867581358
"GOLM1","GOLM1",-0.689948920389742,1.69680825772995e-06,3.02327481070658e-07,8611.02005515699,-5.12199027862408
"TRBV12-4","TRBV12-4",-1.28415810839461,1.78558047567489e-06,3.19090074691337e-07,13.6552282148081,-5.11180798586174
"RAB11FIP1","RAB11FIP1",-0.625034439913897,1.80405523096785e-06,3.22492158779005e-07,2122.01994967227,-5.10980460676387
"UQCR10","UQCR10",-0.654048613321564,1.80795034669722e-06,3.23339635523606e-07,1853.22577679026,-5.10930872941852
"TRGC2","TRGC2",-1.02227167985648,1.81673796072233e-06,3.25012522143997e-07,72.0249331996022,-5.10833355877978
"Z84484.1","Z84484.1",-1.67144467924434,1.8312248142686e-06,3.27706294288625e-07,1.98533575372702,-5.10677342420998
"INTS6L","INTS6L",-0.652900498282505,1.86541511588903e-06,3.34148404783004e-07,202.385832629448,-5.10309202861945
"TRAV23DV6","TRAV23DV6",-1.31650970998564,1.89272154808103e-06,3.39397288329066e-07,10.7164379077084,-5.10014281876125
"LY75","LY75",-0.66254537461716,1.91628974186251e-06,3.43783715083683e-07,974.490373213506,-5.09771177819844
"SPRR2E","SPRR2E",-4.15698633482484,1.92466843199624e-06,3.45340507226754e-07,41.2645713506352,-5.09685616821202
"KIR3DL2","KIR3DL2",-1.1983878319645,1.92693749223212e-06,3.45801354006701e-07,8.0406709735099,-5.09660360183034
"DDN","DDN",-1.5305131146061,1.94888154323609e-06,3.50173949204177e-07,17.2696369756867,-5.09422324458992
"CATIP-AS1","CATIP-AS1",-1.4813158594489,1.95752484985395e-06,3.51836104023924e-07,3.93773588691826,-5.09332591805651
"LINC00158","LINC00158",-2.00078822760346,2.0094202456954e-06,3.61555614939757e-07,2.70812846027456,-5.08815929892259
"AC136428.1","AC136428.1",-3.27768832967159,2.01073027792267e-06,3.61847377679966e-07,41.8037563843679,-5.08800628713474
"TRAPPC5","TRAPPC5",-0.513316563368401,2.03351142702196e-06,3.66230448222686e-07,2481.048548432,-5.08572185394281
"WDR45P1","WDR45P1",-1.85761550459166,2.03777541186843e-06,3.67055183595645e-07,1.79353891284834,-5.08529495767401
"PCSK1","PCSK1",-1.23620682044304,2.061484377751e-06,3.71383234380618e-07,486.206868726219,-5.08306975486973
"MC1R","MC1R",-0.555722965694195,2.07439513260196e-06,3.73766972463807e-07,306.504195277837,-5.08185485618064
"TRDV1","TRDV1",-1.49583699689064,2.09351506051937e-06,3.77503802829262e-07,10.4486255854775,-5.07996530659396
"TRBJ1-4","TRBJ1-4",-1.84723740884988,2.09501774252846e-06,3.77833164993983e-07,3.74134208281423,-5.07979962933704
"HIGD2A","HIGD2A",-0.602478800796628,2.1092570635567e-06,3.80577588080907e-07,2779.68884325399,-5.07842451148643
"AC073585.1","AC073585.1",-1.23210393063217,2.11013330077414e-06,3.80794508410084e-07,4.43218596065632,-5.07831623004969
"GPR85","GPR85",-0.563584039240385,2.13221561204621e-06,3.85017219089487e-07,183.726606074847,-5.07622012768894
"AC006064.4","AC006064.4",-0.790340941925011,2.13528196256527e-06,3.85689954492625e-07,34.280632159412,-5.0758882402698
"AC239798.4","AC239798.4",-0.564711446386028,2.17250351376886e-06,3.92655408593095e-07,30.0633510960049,-5.07248436365263
"ASB15","ASB15",-3.78447161826363,2.17453577553862e-06,3.93143945369853e-07,6.54260510295901,-5.07224781725609
"IGHV7-81","IGHV7-81",-2.73306632723474,2.17819775466247e-06,3.93988159721387e-07,33.9221529952227,-5.07183972182103
"RPS2P46","RPS2P46",-0.827659878208014,2.18423343902583e-06,3.95140767087878e-07,24.8569699440769,-5.07128390875264
"KCNJ1","KCNJ1",-0.991061902743403,2.18633757385566e-06,3.95582360749745e-07,5.75317670076148,-5.07107137682331
"SLC22A15","SLC22A15",-0.546470111111321,2.22562495803191e-06,4.03187082989531e-07,155.120536418451,-5.06744682518799
"SLFN12L","SLFN12L",-0.640040077837829,2.26893059736983e-06,4.11727893766623e-07,71.8361993504402,-5.0634539397195
"TXN","TXN",-0.61602804682359,2.35928648437609e-06,4.29176406886086e-07,6514.75437436426,-5.05553922335841
"HSPE1-MOB4","HSPE1-MOB4",-0.735659183518508,2.37179017905716e-06,4.31649284433845e-07,93.1842293621824,-5.05444271721551
"SNORD14E","SNORD14E",-1.92868756748907,2.37667596198844e-06,4.32604711687373e-07,2.41762967852229,-5.05402069063572
"TNFRSF14-AS1","TNFRSF14-AS1",-0.699986971557962,2.37814428014737e-06,4.32938266024878e-07,76.5291694307652,-5.05387356640385
"GTF3A","GTF3A",-0.506333017159042,2.3800920919366e-06,4.33359206816163e-07,4542.12462870607,-5.05368805373357
"COL7A1","COL7A1",-1.4983182215133,2.40507050617592e-06,4.38175354100789e-07,162.420352413479,-5.05157781660982
"UCP3","UCP3",-1.14692896771067,2.42830243514338e-06,4.42543312082716e-07,50.5467572180595,-5.04968321788986
"AC008760.2","AC008760.2",-1.07741543124611,2.42983080637979e-06,4.42889578896653e-07,22.9474753547528,-5.04953379754673
"AC079210.1","AC079210.1",-1.0394670324989,2.43147370801158e-06,4.43256809767129e-07,10.7360216871421,-5.04937545392337
"AL133230.1","AL133230.1",-0.887162032455869,2.48095931386552e-06,4.52969575075099e-07,9.67188220317514,-5.0452327705929
"STC2","STC2",-0.824790277672373,2.53641781950486e-06,4.6337790631456e-07,153.664428751833,-5.04088746617525
"ZSWIM4","ZSWIM4",-0.621162914144167,2.54229691118611e-06,4.64593687797522e-07,462.15016227011,-5.04038605205222
"OAS1","OAS1",-0.692625407392934,2.56298197948845e-06,4.6873100397e-07,2236.7779549763,-5.03868916600551
"IGHV1-14","IGHV1-14",-3.47104024597437,2.56757975828808e-06,4.69643438993349e-07,15.539816852036,-5.03831688316332
"HNRNPA1P21","HNRNPA1P21",-1.3190371541965,2.67378914203254e-06,4.900394037314e-07,5.65782186908906,-5.03017224552605
"ATP5F1E","ATP5F1E",-0.641140774049761,2.6762775004667e-06,4.90644658413086e-07,7890.4333737321,-5.02993557919825
"AC138207.1","AC138207.1",-1.01706373719806,2.71734941640552e-06,4.98628883852197e-07,8.07011928504073,-5.02683967523343
"AC109460.3","AC109460.3",-0.567278067504657,2.71826842648467e-06,4.98873291149131e-07,51.6885623888205,-5.0267456616633
"AP006296.1","AP006296.1",-1.49626213838308,2.77623224415496e-06,5.10130256542705e-07,2.32908202395445,-5.02246300428484
"AC243829.1","AC243829.1",-1.07352706298174,2.79452800797558e-06,5.13725775960947e-07,18.6577085686653,-5.02111429500752
"CD1A","CD1A",-1.33655788002027,2.82369696462304e-06,5.19245404198417e-07,22.7426017754994,-5.01906144685658
"SMCO1","SMCO1",-2.25929300249951,2.86270476038596e-06,5.26737675911016e-07,8.36918288675008,-5.01630835089577
"RASGRP4","RASGRP4",-0.53416325183029,2.94106716787354e-06,5.41730225653194e-07,601.324184421416,-5.01091079965701
"DLEU7","DLEU7",-0.854313432815909,2.95019531249705e-06,5.43677682869135e-07,63.05611618334,-5.0102202805523
"IDI2","IDI2",-3.98748820923447,2.9858221498881e-06,5.50972616927087e-07,5.82697970067746,-5.00765470782059
"FAM83H","FAM83H",-1.12581675736885,3.03465551851234e-06,5.60237588825288e-07,482.755815907233,-5.00444309233902
"EREG","EREG",-1.16253771864034,3.04431332164943e-06,5.62190264973588e-07,179.951143112371,-5.00377275271254
"HIST1H1E","HIST1H1E",-1.20746439976206,3.05071581502002e-06,5.6346316979851e-07,30.0466753938284,-5.00333698118389
"MTCO2P22","MTCO2P22",-2.4376579299524,3.09108277554231e-06,5.71688758626432e-07,4.05486407394171,-5.00054367365071
"C10orf71","C10orf71",-3.09602330420423,3.10644555556002e-06,5.74703251630713e-07,37.1955127734769,-4.99952968185494
"AC046143.1","AC046143.1",-0.675574573100795,3.20206734978935e-06,5.93643203998578e-07,20.1901092179077,-4.99327374856537
"IGLV2-33","IGLV2-33",-3.94971645202825,3.23399678334435e-06,5.99833159480789e-07,3.91477297680555,-4.99127084874084
"PPIAP22","PPIAP22",-0.592241300670647,3.24695130838325e-06,6.02416945187426e-07,35.7950462864224,-4.99044069434307
"CFAP54","CFAP54",-0.706905959637983,3.24740801870471e-06,6.02592200153792e-07,71.2078500802243,-4.9903845103651
"CD1D","CD1D",-0.716949938009267,3.30661250309467e-06,6.1385475318775e-07,129.855037321686,-4.98680654588727
"RPS2","RPS2",-0.600362810874498,3.31965987242222e-06,6.16461994984721e-07,52375.3231937936,-4.98598728270387
"IL12RB2","IL12RB2",-0.818869931451409,3.32937069475849e-06,6.18543712350254e-07,117.694130430464,-4.98533554725039
"RGPD1","RGPD1",-1.00820988489631,3.35811401424613e-06,6.23977366382292e-07,53.5656344633812,-4.983644311083
"AC245369.1","AC245369.1",-3.19238123782361,3.37451044327475e-06,6.27494332183577e-07,11.8245729913338,-4.98255719888814
"AC104109.2","AC104109.2",-0.782755545510679,3.42163655078363e-06,6.36925125745869e-07,11.8955939724547,-4.97967082451084
"CD8B","CD8B",-0.824029147789654,3.42445446389583e-06,6.37545125138962e-07,231.917165736239,-4.97948251420564
"EVA1A","EVA1A",-1.02194493503964,3.43417698875329e-06,6.3954666095779e-07,130.95449078276,-4.97887579685347
"RNU2-2P","RNU2-2P",-1.41983072619045,3.48285138302353e-06,6.49193789499048e-07,23.1953343556062,-4.9759769315486
"COX6B1","COX6B1",-0.562885508171315,3.49290774729768e-06,6.51165631050227e-07,4370.65083786246,-4.97538952601903
"AC006058.4","AC006058.4",-2.43041608557618,3.50003375824565e-06,6.52591660178542e-07,3.69824645292415,-4.97496578350499
"SPOCK2","SPOCK2",-0.851920381637519,3.50340730088499e-06,6.53318323147612e-07,1762.93209824569,-4.97475019973761
"RF00004","RF00004",-0.985517961094029,3.51232502886189e-06,6.550792130485e-07,44.7958627270331,-4.97422874219364
"ADAM12","ADAM12",-1.26608386011653,3.51574683111504e-06,6.55913408798688e-07,2207.66768163573,-4.97398218070908
"CPNE9","CPNE9",-0.867046310870001,3.55390593766909e-06,6.63329732644801e-07,12.6815174044641,-4.97180334466104
"HSF5","HSF5",-1.47319165292911,3.55929328077423e-06,6.64434483661185e-07,6.07337524282938,-4.97148079136484
"RPL10P16","RPL10P16",-0.581261366814751,3.57324179920784e-06,6.67237541822811e-07,28.3007792128561,-4.97066469817287
"AL117336.2","AL117336.2",-0.920724807133519,3.5852566715843e-06,6.6958103692306e-07,8.21126761294986,-4.96998493568285
"HIST1H1C","HIST1H1C",-0.821923507652312,3.60981515720703e-06,6.74451594763377e-07,439.118518632684,-4.96857946799389
"AC011611.3","AC011611.3",-1.41684985180249,3.6432754692209e-06,6.81229041046238e-07,34.7103107289788,-4.96663992860332
"TMEM92","TMEM92",-0.894199787379734,3.71897044497307e-06,6.96004670872452e-07,26.2571581925139,-4.96247516831159
"GBP3","GBP3",-0.843488142321264,3.71978483405254e-06,6.96260771028928e-07,1302.23450556402,-4.96240373587561
"PTPN2P1","PTPN2P1",-2.3251727151919,3.72359504904869e-06,6.97077751899958e-07,1.11326502067159,-4.96217602952463
"AC009119.1","AC009119.1",-0.728745646840937,3.77615040289777e-06,7.07442699871105e-07,20.2266433398994,-4.95930925876011
"HIST1H3I","HIST1H3I",-2.36712372480901,3.78086211077244e-06,7.0843080442125e-07,1.6986609133371,-4.95903808196709
"AL024507.2","AL024507.2",-0.510048888911249,3.7878746528015e-06,7.09850349568905e-07,29.3455304831244,-4.9586491371797
"IFNL1","IFNL1",-2.2720832862988,3.81613998076696e-06,7.15679157926135e-07,1.64688745609307,-4.95705990400803
"PYY2","PYY2",-1.88988032035817,3.82432759582679e-06,7.17427866757193e-07,1.51504234143954,-4.95658554742462
"STX1A","STX1A",-0.575759035396195,3.8593941063663e-06,7.24328934304232e-07,99.4832597639799,-4.95472436586034
"AC025164.1","AC025164.1",-0.606613679236432,3.86642852464255e-06,7.2575692501583e-07,71.0761829603378,-4.95434137838788
"AP002784.2","AP002784.2",-0.94302546476364,3.8805598597339e-06,7.28625817844391e-07,4.54852470267827,-4.95357413015286
"PTP4A3","PTP4A3",-0.878013197760588,3.88387951729602e-06,7.29357388376955e-07,2523.22027936444,-4.95337894681645
"TRAV26-2","TRAV26-2",-1.37874819463339,3.89051737955638e-06,7.30712365252987e-07,5.02892874704151,-4.95301793606707
"FCRL1","FCRL1",-1.27696651871595,3.89192627029897e-06,7.31085467192885e-07,65.7629344675372,-4.95291864258778
"HJV","HJV",-3.97372170875694,3.89501126855379e-06,7.31773545646063e-07,14.2970141771235,-4.95273565249734
"HSH2D","HSH2D",-1.09241009460235,3.92519639947596e-06,7.38129433567111e-07,289.260653343368,-4.95105313919457
"HIST1H2AL","HIST1H2AL",-2.36688454571894,3.97682566928162e-06,7.48696322517856e-07,1.652531728797,-4.94828655195033
"AC096888.1","AC096888.1",-2.34997302731281,4.01498708039768e-06,7.5644035334935e-07,1.62765803250034,-4.94628281867638
"ATP5MC2","ATP5MC2",-0.518636205467798,4.03514837661894e-06,7.60576259866125e-07,5127.89029831554,-4.9452207521238
"DNMT3B","DNMT3B",-0.604199948741236,4.05710571249399e-06,7.64941130015592e-07,77.9320721843481,-4.94410590672256
"UTF1","UTF1",-1.26130677361692,4.07603596418581e-06,7.68737542402264e-07,4.12760124060598,-4.94314122458471
"CPZ","CPZ",-1.07446606479934,4.11828333853981e-06,7.76934958473518e-07,592.522527951537,-4.94107378914955
"IGHV3OR16-10","IGHV3OR16-10",-4.42044704628592,4.15904553864635e-06,7.84856816630963e-07,18.6195560721764,-4.93909571946372
"GHRL","GHRL",-0.846407188804486,4.26115433281646e-06,8.05076071577142e-07,25.8247821560357,-4.93413290696562
"AC010980.2","AC010980.2",-1.77168876813196,4.32171278655464e-06,8.16999473684003e-07,4.91879320268443,-4.93126228533072
"HIST2H2BF","HIST2H2BF",-0.586915414759275,4.32259183390875e-06,8.17286143816112e-07,87.1835488038314,-4.93119376586338
"IGKV1-32","IGKV1-32",-3.70807630869702,4.33347133015119e-06,8.19947132796273e-07,1.8246074872508,-4.93055884263163
"TRGV2","TRGV2",-1.31587432708676,4.42228413396598e-06,8.37244706282841e-07,5.59948305026054,-4.92647931570646
"SLC45A3","SLC45A3",-0.524157484917152,4.43321027563835e-06,8.39684009002442e-07,221.660320345448,-4.92591056268804
"PTGDS","PTGDS",-1.12544750532706,4.43521509457462e-06,8.40187366765968e-07,5663.2224471824,-4.92579339679482
"ATP2A1-AS1","ATP2A1-AS1",-1.16073061387231,4.43769677238491e-06,8.40781183606975e-07,12.9945725098963,-4.92565526175122
"CNTRL","CNTRL",-0.515292495022197,4.44031857065901e-06,8.41458285298732e-07,569.907821150161,-4.92549786739352
"C4orf50","C4orf50",-1.05388410672785,4.46806293940758e-06,8.47281733150934e-07,14.1779316285714,-4.92414920273795
"MPRIPP1","MPRIPP1",-0.818848430295049,4.47958254740599e-06,8.49591070454365e-07,5.60050936895725,-4.92361684887357
"CCDC28B","CCDC28B",-0.707766275427769,4.49248158010464e-06,8.52162708086748e-07,298.726692070677,-4.92302566638728
"NEURL2","NEURL2",-0.688372417065238,4.58318877423485e-06,8.70262910943214e-07,128.417801041442,-4.91891265150369
"AP006284.1","AP006284.1",-1.83932737123277,4.58906146712509e-06,8.71544381271842e-07,4.98883010860921,-4.9186245864113
"PLCG2","PLCG2",-0.537632298018416,4.59233777269469e-06,8.72384165042908e-07,1575.30518958641,-4.91843603034421
"HSPA5","HSPA5",-0.56642826700124,4.60320236235999e-06,8.74832995305099e-07,20577.9002716137,-4.91788719248078
"SMOX","SMOX",-0.539909472507252,4.63556662716024e-06,8.81371427564042e-07,606.767432075878,-4.91642899943049
"ATG16L2","ATG16L2",-0.655904957205241,4.66190665909139e-06,8.86769367014345e-07,469.957173319785,-4.91523298599887
"EEF1B2","EEF1B2",-0.547011365405661,4.7207328682968e-06,8.98616996727494e-07,13975.8713806071,-4.91263231589506
"LINC02520","LINC02520",-1.63264102206219,4.74383349455612e-06,9.0354325486556e-07,3.69825349826133,-4.91156065965243
"AC011586.2","AC011586.2",-1.15114010580991,4.75457138951007e-06,9.05853531632092e-07,12.3966648130808,-4.91106001939833
"LILRB5","LILRB5",-0.675284927973301,4.88591435418007e-06,9.33056424821956e-07,3147.72078269195,-4.90525583653135
"DDN-AS1","DDN-AS1",-0.77304555687687,4.91099967818117e-06,9.38120719012559e-07,17.9050820366293,-4.9041933031482
"BTN1A1","BTN1A1",-1.25323680275003,4.94670134960316e-06,9.45492157609167e-07,8.5194905519322,-4.90265653840972
"CACNA1F","CACNA1F",-0.597699476370613,4.95496562147198e-06,9.4734799157286e-07,17.2528332368273,-4.90227146009269
"TMEM26","TMEM26",-1.0289041807039,5.03172981173691e-06,9.62866206482896e-07,47.0199606925317,-4.89907962536458
"LIPM","LIPM",-1.89228057813293,5.14363833025152e-06,9.85714662591755e-07,13.1584843219185,-4.89446909198351
"FDCSP","FDCSP",-2.32579570061534,5.21978597522533e-06,1.00074391463693e-06,13.6539475372798,-4.8914921386308
"AC006369.1","AC006369.1",-1.08838690926075,5.26160880342464e-06,1.00920223488125e-06,9.65039108661365,-4.88983560816091
"Z83844.2","Z83844.2",-1.5878569650716,5.28346727105083e-06,1.0139838929947e-06,2.3461865812894,-4.888905041507
"GRIN2D","GRIN2D",-0.643226892673645,5.28673199800565e-06,1.01490517826522e-06,105.138748160444,-4.88872623403304
"PLA2G2C","PLA2G2C",-1.03909982735685,5.35575486011697e-06,1.02890209047878e-06,6.28044872970384,-4.88602869511545
"AL355075.5","AL355075.5",-2.30794586802937,5.41074979127751e-06,1.04067382745129e-06,2.48995902709902,-4.88378720620231
"IGHV7-40","IGHV7-40",-3.55768097977509,5.48761189058051e-06,1.05637484923621e-06,3.43956559628362,-4.88083521574176
"IGLC5","IGLC5",-2.54795010589813,5.50347181150582e-06,1.05973472540438e-06,3.5584196971026,-4.88020900444247
"AC093627.7","AC093627.7",-1.69878488824057,5.5080635223039e-06,1.06077242858809e-06,7.4576310306919,-4.88001598424942
"BCAS2P2","BCAS2P2",-1.69489186848135,5.7066190686422e-06,1.10092015537485e-06,2.42244144304029,-4.87268440307951
"AL365277.1","AL365277.1",-1.13340853005499,5.73056540596679e-06,1.10617882749324e-06,3.61999055081268,-4.87174321078446
"AL137782.1","AL137782.1",-0.608207793845933,5.74089437061335e-06,1.10874985584363e-06,63.5178136331255,-4.8712846165789
"SMIM4","SMIM4",-0.557506467583764,5.74089437061335e-06,1.10858988849054e-06,403.896926799115,-4.87131312007864
"DUPD1","DUPD1",-2.5477948923922,5.83066193423287e-06,1.12728839514534e-06,4.97417674613736,-4.86800787442798
"PDLIM1P4","PDLIM1P4",-0.797716797224142,5.86034311860454e-06,1.1331902498609e-06,9.4640665511757,-4.86697557960909
"RNU1-1","RNU1-1",-1.2933682025064,5.90589264841475e-06,1.14397346380025e-06,7.3335749702439,-4.86510277559687
"RNU1-2","RNU1-2",-1.2933682025064,5.90589264841475e-06,1.14397346380025e-06,7.3335749702439,-4.86510277559687
"RNU1-27P","RNU1-27P",-1.2933682025064,5.90589264841475e-06,1.14397346380025e-06,7.3335749702439,-4.86510277559687
"RNU1-28P","RNU1-28P",-1.2933682025064,5.90589264841475e-06,1.14397346380025e-06,7.3335749702439,-4.86510277559687
"RNU1-3","RNU1-3",-1.2933682025064,5.90589264841475e-06,1.14397346380025e-06,7.3335749702439,-4.86510277559687
"RNU1-4","RNU1-4",-1.2933682025064,5.90589264841475e-06,1.14397346380025e-06,7.3335749702439,-4.86510277559687
"RNVU1-18","RNVU1-18",-1.2933682025064,5.90589264841475e-06,1.14397346380025e-06,7.3335749702439,-4.86510277559687
"RN7SL368P","RN7SL368P",-1.4611545910812,5.90794548585715e-06,1.14453578053539e-06,4.05059528926767,-4.86500558031793
"XKR6","XKR6",-0.684602214043911,5.95349412215522e-06,1.15435554323935e-06,32.7761801054375,-4.86331562138076
"VAV3-AS1","VAV3-AS1",-1.80196838190254,5.98761773064453e-06,1.16147266306774e-06,2.0950840109737,-4.86209940501084
"ANTXRLP1","ANTXRLP1",-1.92699220782527,6.10239146752587e-06,1.18509718060635e-06,2.15239296041618,-4.85811309004188
"EML2-AS1","EML2-AS1",-1.21037355693875,6.20421125124146e-06,1.20592216865035e-06,25.9352114426838,-4.85466205797566
"AL845472.2","AL845472.2",-0.69584730161069,6.22082581426466e-06,1.20965800363234e-06,34.1401735736214,-4.85404904201478
"AC048341.2","AC048341.2",-1.01678841381377,6.24144949885929e-06,1.21436425092788e-06,17.300215374932,-4.85327937768398
"MYO18B","MYO18B",-2.69939580174329,6.39050948260079e-06,1.2446129548413e-06,26.3853123462126,-4.84839991832612
"IL23R","IL23R",-1.16028996629134,6.41528829952918e-06,1.2499753369675e-06,4.21242750783723,-4.847546827001
"HMGA1P4","HMGA1P4",-0.948779357404328,6.42365201512271e-06,1.25178400662642e-06,8.71673393025727,-4.84725988295951
"GPR33","GPR33",-1.60428742523192,6.48192154037163e-06,1.26404245564989e-06,1.91301797872024,-4.84532553708497
"SATB1-AS1","SATB1-AS1",-0.994968349595671,6.53721863292274e-06,1.27537263308226e-06,17.600335374768,-4.84355365008796
"PVT1","PVT1",-0.549434583384075,6.56930557990186e-06,1.28199883943952e-06,110.821463403541,-4.8425244048435
"IGSF21","IGSF21",-0.826263198196641,6.63757929846301e-06,1.29606252225041e-06,649.461694259685,-4.84035675052751
"AC007406.3","AC007406.3",-0.822125965385419,6.65227898549135e-06,1.29930366136133e-06,22.4559649785852,-4.83986039810955
"TNFRSF13B","TNFRSF13B",-1.28478451082892,6.66064150540086e-06,1.30130832923637e-06,48.0792606812641,-4.83955399632503
"SMKR1","SMKR1",-0.852802519019902,6.71054510730806e-06,1.31180635087251e-06,70.7346079419931,-4.83795681218353
"SNHG15","SNHG15",-0.520050300887988,6.79133956095454e-06,1.32854692791021e-06,434.919860117397,-4.83543513465458
"AC099524.1","AC099524.1",-1.06642707745997,6.85007595056837e-06,1.34099187180046e-06,16.099834317907,-4.83358024664865
"RDM1","RDM1",-0.979653076805447,6.89005126190215e-06,1.34920167567561e-06,6.40888958592154,-4.83236563768441
"GOLGA8B","GOLGA8B",-1.14848704448545,6.92870230883797e-06,1.35696341245702e-06,207.026405564659,-4.83122383776296
"IGKV1OR22-1","IGKV1OR22-1",-2.32417014951199,6.96687699667565e-06,1.36502239469361e-06,23.6772786864619,-4.83004493862081
"TOMM20P2","TOMM20P2",-0.938093440967133,7.04562295020964e-06,1.38182586976098e-06,10.6812264942939,-4.82760823999124
"FOSL1","FOSL1",-0.679724751367618,7.14553126242461e-06,1.40241632386709e-06,144.623818395506,-4.82466094483362
"DNASE2B","DNASE2B",-1.61441849053075,7.15347492302857e-06,1.40417478489107e-06,8.12689178128919,-4.82441117268039
"JAML","JAML",-0.729600632303892,7.18616113300576e-06,1.41099147096565e-06,1374.63925057277,-4.82344576393363
"TNS3","TNS3",-0.525411481949635,7.22349970782082e-06,1.41852419349401e-06,6545.399569064,-4.82238414968725
"PLXNA1","PLXNA1",-0.557220090904151,7.23274625066798e-06,1.42054160507893e-06,2882.00555238764,-4.82210074881218
"TPT1","TPT1",-0.592958806599388,7.29802806756234e-06,1.43397351493371e-06,171543.46104985,-4.82022367650791
"AL109811.2","AL109811.2",-0.933363478284457,7.35764286687518e-06,1.44609727816967e-06,7.08783118803835,-4.81854387505931
"SLA2","SLA2",-0.803325751230379,7.39351518385436e-06,1.45375668551353e-06,191.03249556852,-4.81748959617759
"LINC01991","LINC01991",-2.75435308960845,7.46613717606735e-06,1.46846171189773e-06,0.9263520098046,-4.81548040886772
"AP001057.1","AP001057.1",-0.88749859730215,7.49022713530181e-06,1.47361736922537e-06,19.0867146612327,-4.81478055537097
"HIST1H4C","HIST1H4C",-1.11251326580797,7.56194765484093e-06,1.48878149926527e-06,40.0790321044054,-4.81273566683809
"MLLT11","MLLT11",-0.578526784471097,7.58457292919597e-06,1.49387016913446e-06,214.578734575053,-4.81205394344139
"AC119427.1","AC119427.1",-2.18056742690149,7.79967741372471e-06,1.53754198382888e-06,2.21540677903239,-4.80629341701489
"BLK","BLK",-1.37758063249358,7.80026394780391e-06,1.53787503561859e-06,202.419291498047,-4.80625009318241
"PGBD5","PGBD5",-1.12054533433115,7.87531516890118e-06,1.55376949868941e-06,87.841157097451,-4.80419293682994
"IGHV1-3","IGHV1-3",-2.09951367927079,7.9026724108748e-06,1.55960754478031e-06,2779.24960218173,-4.80344241865836
"HIST1H3G","HIST1H3G",-1.2879660560894,7.92593929245949e-06,1.56442024055486e-06,3.98400776616341,-4.80282574399018
"RAPSN","RAPSN",-1.36288806235591,7.9597826597827e-06,1.5719877392212e-06,8.08421129111914,-4.80185976145082
"CEMIP2","CEMIP2",-0.645427446089718,7.98710365549941e-06,1.57760603492317e-06,3271.71588470261,-4.80114547957089
"TTN-AS1","TTN-AS1",-0.75936983227255,8.03612846218585e-06,1.58796138448601e-06,197.42923091297,-4.79983533623441
"AL121985.3","AL121985.3",-2.06739233126437,8.12323516058488e-06,1.60721179567474e-06,1.36580215704194,-4.79742148095611
"ZFP36","ZFP36",-0.596820681966761,8.15000223539663e-06,1.61273493711723e-06,5422.05701116255,-4.79673405096936
"AC010422.3","AC010422.3",-1.01280280308281,8.15322991782718e-06,1.61360090359785e-06,440.950118496001,-4.79662647494958
"RUFY4","RUFY4",-1.68123045357079,8.16580818646399e-06,1.61657376343921e-06,4.82516707941027,-4.79625758866296
"TCF7","TCF7",-0.906215217456908,8.21518534447376e-06,1.62723643366775e-06,725.51497337159,-4.79493985724308
"TCTEX1D1","TCTEX1D1",-0.772523009324457,8.23067465482876e-06,1.63099278386558e-06,102.187361415862,-4.79447761014507
"IGLV3-6","IGLV3-6",-2.84620224530504,8.28142158965568e-06,1.64174133367613e-06,2.05675530063699,-4.79316055177717
"YBX1P1","YBX1P1",-0.570935211325563,8.34430656644384e-06,1.65583605425822e-06,72.1374035568209,-4.79144597941292
"SPINK13","SPINK13",-1.43699898006462,8.43955227174706e-06,1.67619958816108e-06,6.80734463215738,-4.78899344123678
"ROR1-AS1","ROR1-AS1",-1.10532146375134,8.49144515978388e-06,1.68803340752494e-06,95.2318988788739,-4.78758132636783
"PLIN2","PLIN2",-0.630535902813572,8.50697295339666e-06,1.69167233587545e-06,2751.59868926627,-4.78714900995436
"AC009086.2","AC009086.2",-1.51463947785037,8.58335480114303e-06,1.7075791837145e-06,16.5348078923194,-4.78526965771774
"MT1L","MT1L",-0.685357249343805,8.61247947186968e-06,1.71361333714859e-06,205.655929083935,-4.78456113730847
"FAM169A","FAM169A",-0.861632051438516,8.64723478068611e-06,1.72076959161862e-06,19.5965769381053,-4.78372396314428
"GPR34","GPR34",-0.55800932559708,8.69164372079414e-06,1.7298490917483e-06,1636.12331080585,-4.78266660078425
"MYADML2","MYADML2",-2.601819550587,8.72511934910816e-06,1.73699797606496e-06,6.13184088653021,-4.78183781655219
"IL36B","IL36B",-3.24744476828757,8.75152340948943e-06,1.74249844498907e-06,11.8388649764796,-4.78120236475216
"SPRED3","SPRED3",-0.691948809275969,8.78325291068433e-06,1.74930570165406e-06,117.926503940942,-4.78041860763993
"AC060814.4","AC060814.4",-2.65626523080941,8.86264282521291e-06,1.76610546501595e-06,1.57658579496018,-4.77849683064043
"IGKV1-13","IGKV1-13",-2.45291234179203,8.96377547867007e-06,1.78725814631156e-06,35.9777267825342,-4.77610194144663
"SPINK2","SPINK2",-1.30893291497573,8.99311655606645e-06,1.79461244389909e-06,7.63532520934437,-4.77527567104021
"CFP","CFP",-0.669795478035746,9.12430033263895e-06,1.82257104344782e-06,1189.69395141307,-4.77216388425572
"AC107884.1","AC107884.1",-0.834161371686687,9.15383097162846e-06,1.8287249219139e-06,57.7549913296136,-4.77148512077979
"AC018523.2","AC018523.2",-0.782369548858397,9.17416218662063e-06,1.83304235689747e-06,10.0761397590579,-4.77101022303127
"DWORF","DWORF",-1.57747051801283,9.19137844553749e-06,1.83673845508176e-06,19.9670217541653,-4.7706045225579
"IL5RA","IL5RA",-0.950076436700728,9.21782261156923e-06,1.8428392630132e-06,77.3831841439142,-4.76993658315636
"KCNK2","KCNK2",-0.806616922858843,9.21908306092529e-06,1.84355963426002e-06,634.385133642798,-4.76985785449865
"ATP5MPL","ATP5MPL",-0.560702421147896,9.25404223257222e-06,1.8513243513079e-06,1803.49973158457,-4.76901112767286
"TRGV5P","TRGV5P",-1.472673055142,9.27584469029782e-06,1.8562459775731e-06,14.8147471251403,-4.76847619927829
"WNT5A-AS1","WNT5A-AS1",-1.03263001833484,9.27584469029782e-06,1.85646173871326e-06,8.93372690894641,-4.7684527795314
"AC034105.5","AC034105.5",-3.9459583850373,9.27849193264315e-06,1.85725019005743e-06,2.88251735945779,-4.76836721948321
"LRRC63","LRRC63",-0.736508672700953,9.34622958840276e-06,1.87106957223439e-06,10.8247086850175,-4.76687322681055
"IGKV2D-18","IGKV2D-18",-3.04559121515204,9.44007644428031e-06,1.891699221127e-06,3.01795368609059,-4.76466259673779
"CDK18","CDK18",-0.511319276126968,9.4876266460583e-06,1.90202120804045e-06,260.258803031106,-4.76356519362627
"UNC93A","UNC93A",-5.1658561656046,9.59434375083428e-06,1.92475238954019e-06,6.92751943325865,-4.76116851886891
"TPTE2","TPTE2",-1.50404086866514,9.69298043517847e-06,1.94643152766622e-06,10.0414913749009,-4.75890796774525
"MTRNR2L8","MTRNR2L8",-1.39625424902363,9.71090532234405e-06,1.95030168215997e-06,69.4078216713931,-4.75850696081041
"SMPX","SMPX",-3.26924204180158,9.73854614493674e-06,1.95666733415203e-06,23.9732820505457,-4.75784904216073
"ST6GAL2","ST6GAL2",-1.07447388774432,9.78852994665721e-06,1.96752862565422e-06,102.00146470685,-4.75673121185995
"ARHGAP22","ARHGAP22",-0.588686076448754,9.83464517374759e-06,1.97707208343046e-06,1025.71320670628,-4.7557538932663
"RASSF6","RASSF6",-1.2640282642919,9.92306091064921e-06,1.9951230201676e-06,106.710975045815,-4.75391767712134
"HMHB1","HMHB1",-2.00549024803656,9.98283002059065e-06,2.00769668567419e-06,1.07556134199512,-4.75264803775917
"FABP7","FABP7",-1.81465641963423,1.00798236373488e-05,2.02888937938107e-06,11.381095573737,-4.75052526934554
"SLURP2","SLURP2",-3.78893745271587,1.00977559891481e-05,2.03278031368996e-06,21.2779589575119,-4.75013784902203
"RPLP1","RPLP1",-0.656238170661684,1.01032523205615e-05,2.0341684044994e-06,56419.7162948576,-4.74999980918995
"AL109955.1","AL109955.1",-1.1808709712465,1.01284886490245e-05,2.04009641750108e-06,9.15560935353379,-4.74941130956218
"AC063977.2","AC063977.2",-1.03114541085459,1.01421134416308e-05,2.04368886605015e-06,4.98471607791744,-4.74905547038714
"TERT","TERT",-2.51803180712271,1.02801183464334e-05,2.07293034475537e-06,2.28307178483049,-4.74618119243577
"NDUFA1","NDUFA1",-0.514966536888632,1.04110885853781e-05,2.10089164693141e-06,2657.40465671777,-4.74346894351038
"MARCH3","MARCH3",-0.661778916444884,1.04291120067307e-05,2.10500906036898e-06,705.587087132341,-4.74307248570065
"AC004771.1","AC004771.1",-1.00251611887448,1.04591821921025e-05,2.11173125080904e-06,4.90879578731394,-4.74242681676609
"UQCR11","UQCR11",-0.59831903877608,1.04853322482539e-05,2.11752563452542e-06,4894.62054771375,-4.74187184620868
"LCN12","LCN12",-1.08130815257395,1.07354905430416e-05,2.17253411407616e-06,5.48277291513225,-4.73667475185521
"EPHB2","EPHB2",-0.551995815285054,1.07842670821383e-05,2.18330681024588e-06,1219.45953883201,-4.73567178415102
"ATP1B1","ATP1B1",-0.79224845432417,1.09967990096233e-05,2.22817371431224e-06,1020.42242389524,-4.73154503358829
"IGKV1OR10-1","IGKV1OR10-1",-3.04186912470593,1.10596933484349e-05,2.24153394666119e-06,59.7209368553487,-4.73033160398848
"AC093010.2","AC093010.2",-0.877449777818255,1.1323628281829e-05,2.29692105942493e-06,10.3745396189597,-4.72537410106227
"TRIB3","TRIB3",-0.6073707068318,1.13307010107073e-05,2.29867155277847e-06,327.541363125835,-4.725219298863
"RAB11FIP4","RAB11FIP4",-0.764397612215182,1.13384251777726e-05,2.30055461655768e-06,389.446734405691,-4.72505289932587
"RN7SL2","RN7SL2",-0.695704974254273,1.13489469383383e-05,2.30332216468408e-06,4934.71788230562,-4.72480857830028
"AP000346.2","AP000346.2",-1.31466580064225,1.17444240555667e-05,2.3888240371699e-06,19.3968291645045,-4.71739603338473
"AC103563.3","AC103563.3",-3.66859147405087,1.1858161606372e-05,2.41460266298391e-06,4.56607888397191,-4.7152111074192
"LINC02100","LINC02100",-1.57340778345718,1.19144799637767e-05,2.42806308056227e-06,1.82866371870761,-4.71407912291629
"TESPA1","TESPA1",-0.705260842049785,1.21680193997729e-05,2.48380225963866e-06,184.320226728355,-4.7094548494729
"HIST1H3B","HIST1H3B",-1.72158754337443,1.2236561251652e-05,2.49949883908309e-06,2.94289039091747,-4.708170591912
"CLSTN3","CLSTN3",-0.604936366196584,1.22965718729006e-05,2.51244242030276e-06,1747.98732199529,-4.707117389126
"IGLV3-17","IGLV3-17",-3.77109027007755,1.23021681635565e-05,2.51392877510892e-06,2.78879168476039,-4.70699677988061
"ZNF280B","ZNF280B",-0.507953014593331,1.23441626283737e-05,2.52319845446312e-06,36.904447814209,-4.70624613915097
"F13A1","F13A1",-0.653338388193187,1.2405591912273e-05,2.53679225835359e-06,26548.4103519157,-4.70515011277341
"MIR222HG","MIR222HG",-0.992522299656998,1.25047206634291e-05,2.55741144271997e-06,25.5610789882054,-4.70349836565268
"CNR2","CNR2",-1.01328012012848,1.25567832857824e-05,2.56840908016923e-06,52.193095219371,-4.70262259450419
"AL365209.1","AL365209.1",-0.950111179643006,1.25669054588369e-05,2.57082980243634e-06,27.9516388481812,-4.70243030933818
"KCNK9","KCNK9",-1.28810186521827,1.27544949604393e-05,2.61240498869151e-06,7.99201873479265,-4.69915471285739
"ITGB6","ITGB6",-4.0002690087121,1.28223685079934e-05,2.62702184066206e-06,11.6987030390245,-4.69801496790357
"NME8","NME8",-0.864915740317045,1.28259511715324e-05,2.62811336758005e-06,12.810910687185,-4.69793010079604
"AC008556.1","AC008556.1",-0.924633381350894,1.29295452724559e-05,2.65078203425542e-06,71.5830094304575,-4.69617519788228
"AC011591.2","AC011591.2",-2.16698213037345,1.31192232482548e-05,2.69113209432494e-06,2.71768706431707,-4.69308682160737
"TRAV22","TRAV22",-0.965013348422479,1.32043483864519e-05,2.70896178743654e-06,10.2543813278613,-4.69173627758274
"RPL4P6","RPL4P6",-0.548508818899071,1.3212001806863e-05,2.71200505381852e-06,8.95795995407212,-4.69150661221538
"FAM177B","FAM177B",-1.25587401661841,1.34780330491421e-05,2.76811560992555e-06,13.6796858414053,-4.68731586820938
"TRBJ2-2P","TRBJ2-2P",-1.48406824484803,1.3493316152206e-05,2.77275893168118e-06,3.35994116488235,-4.68697273222585
"AP1S3","AP1S3",-0.539760895213096,1.3582973506564e-05,2.79345445383775e-06,51.7862358664551,-4.68545003281726
"SLC22A16","SLC22A16",-0.644098482234493,1.36260309813739e-05,2.80268941077514e-06,62.7430144370985,-4.68477404906305
"AL049836.1","AL049836.1",-1.54203097510626,1.37141362166911e-05,2.821958287153e-06,3.09800404518018,-4.68337045423995
"C8orf87","C8orf87",-2.1697586894122,1.37605694475356e-05,2.83227999444189e-06,1.3722862083893,-4.68262237233515
"RN7SL3","RN7SL3",-1.19035200618913,1.41134646240982e-05,2.9100292076503e-06,5.31335000427626,-4.67707001503266
"AC084048.1","AC084048.1",-2.03240398467426,1.42776954936367e-05,2.94787151279072e-06,0.869065575308513,-4.67441886010179
"HORMAD1","HORMAD1",-1.20584556601573,1.43281522618593e-05,2.95868855626072e-06,9.90677392218069,-4.67366703981051
"AC092868.1","AC092868.1",-1.81286506541609,1.43359578560636e-05,2.96069997924949e-06,1.63247288355962,-4.67352753009084
"AC108673.2","AC108673.2",-0.755943857672198,1.44116263780233e-05,2.97713067839807e-06,10.1911126216432,-4.67239131114976
"TMOD4","TMOD4",-1.6410953203122,1.44825253161107e-05,2.99339164373411e-06,26.7414626248589,-4.67127273742733
"TRGV8","TRGV8",-0.96675453231316,1.45497951273019e-05,3.00932347998829e-06,7.83792002687165,-4.67018244355949
"AC087672.1","AC087672.1",-2.75269989347017,1.45500452650258e-05,3.00978079196533e-06,1.67829019674375,-4.67015122927723
"AC010654.1","AC010654.1",-0.52054517387948,1.45575254632733e-05,3.01173390908473e-06,24.3909526550028,-4.67001796852422
"PLEKHG7","PLEKHG7",-1.57664953739523,1.45891651275542e-05,3.01909301482822e-06,3.63563426160267,-4.6695166019453
"SCAMP5","SCAMP5",-0.758905068136006,1.47073779336105e-05,3.0443759870381e-06,518.092466226343,-4.66780299317827
"TEAD4","TEAD4",-0.655605645617276,1.49647323448802e-05,3.10181880742939e-06,531.148040834723,-4.66395987974779
"AC008033.3","AC008033.3",-0.894210222794594,1.49876720795009e-05,3.10699142174908e-06,11.0333744799841,-4.66361717272792
"AC006987.1","AC006987.1",-1.15365044147128,1.52041400402458e-05,3.15568018786537e-06,3.69187660492877,-4.66041789833754
"GADD45B","GADD45B",-0.500644536263092,1.53273980939837e-05,3.18179991134663e-06,2310.96538955049,-4.65872106646418
"HIST1H2BM","HIST1H2BM",-2.24830713574992,1.54060932357978e-05,3.1997435735172e-06,1.02491711939629,-4.65756310574697
"AC023202.1","AC023202.1",-2.12919918362577,1.57166836766941e-05,3.26556543905443e-06,1.13952371731642,-4.6533680875289
"FAM21EP","FAM21EP",-0.560957860605122,1.59111771674064e-05,3.30775078228619e-06,17.8327708051644,-4.65072192894945
"AC069360.1","AC069360.1",-0.933628342847356,1.60215263333256e-05,3.33247747733173e-06,8.81774828464541,-4.64918590394884
"CFAP99","CFAP99",-1.05061437968776,1.62194470298077e-05,3.37545342228696e-06,4.6884516808447,-4.64654205676312
"TBX21","TBX21",-0.841348087572111,1.62752942265787e-05,3.38843686629453e-06,108.059656944498,-4.64574967266935
"YWHAEP7","YWHAEP7",-1.92551968322143,1.63119810698233e-05,3.39698426683344e-06,1.01236338335407,-4.64522960962107
"IGHV3OR16-7","IGHV3OR16-7",-3.3804955748362,1.63767796474319e-05,3.41185370268286e-06,2.98048369251651,-4.6443278680577
"UTS2","UTS2",-1.46214093248777,1.63767796474319e-05,3.41192360018417e-06,11.8373361891621,-4.64432363810189
"LBHD1","LBHD1",-0.513742884683376,1.6520887898488e-05,3.44371288376009e-06,85.5263268253728,-4.64240842109986
"AC060234.3","AC060234.3",-1.27854256161009,1.6635029480607e-05,3.46843262759415e-06,2.77249518550339,-4.64093080566555
"NME2","NME2",-0.508906023974207,1.73150801683845e-05,3.62422123998325e-06,15593.1862180086,-4.63184461430111
"NID2","NID2",-0.744313182375905,1.73400603077447e-05,3.63089987545027e-06,2684.50307644708,-4.63146351524427
"TRAJ12","TRAJ12",-2.15388786961113,1.73511655241416e-05,3.63419255047805e-06,0.777329886194419,-4.63127587454093
"TNFRSF12A","TNFRSF12A",-0.665567011765864,1.76506100795766e-05,3.6998630745203e-06,1129.51368504252,-4.62756713894511
"DUSP13","DUSP13",-2.7745889883081,1.77580685578201e-05,3.7243681624819e-06,9.85316736852404,-4.62619936537535
"AP000820.1","AP000820.1",-1.52589453117828,1.84786089456943e-05,3.88475731479935e-06,1.89308794950579,-4.61745454829024
"LGI2","LGI2",-0.590509945138656,1.84979699565933e-05,3.88934320230197e-06,1125.9445227324,-4.61720963664779
"AC116348.4","AC116348.4",-1.83554649617269,1.8539043555897e-05,3.89952955185501e-06,2.28317890252446,-4.61666661824773
"AC007182.2","AC007182.2",-1.72804733701401,1.85713403301713e-05,3.90735823866574e-06,1.21502936389913,-4.61625020637606
"KIR3DX1","KIR3DX1",-0.776500261292965,1.86437737071146e-05,3.92467676755761e-06,15.9418912526145,-4.61533185897518
"DOCK4","DOCK4",-0.50219633305743,1.86670937425573e-05,3.9301061752623e-06,1629.74326172531,-4.61504475408903
"S100A8","S100A8",-0.975875750788353,1.86875576607542e-05,3.93522523902165e-06,7699.18461446779,-4.61477440804164
"TNC","TNC",-0.904418052446733,1.89014290176506e-05,3.9820766694189e-06,47204.2065330578,-4.61231565065829
"RN7SL431P","RN7SL431P",-1.74990801023481,1.89445084205882e-05,3.99220860375322e-06,9.11477016365346,-4.61178757575777
"RPSAP52","RPSAP52",-1.30654206518528,1.94219529600324e-05,4.09931784845617e-06,9.11340850637175,-4.60628230439615
"HLA-J","HLA-J",-1.30776765104212,1.95188160173138e-05,4.12139460156521e-06,131.742820769334,-4.60516474243825
"LINC01800","LINC01800",-1.52041355248317,1.96416320712896e-05,4.14951719772275e-06,2.93620084627025,-4.60374940924287
"UGT3A2","UGT3A2",-1.8985763103087,1.98673567099982e-05,4.19905759500912e-06,5.55520444242897,-4.60127838880344
"MDK","MDK",-0.741594630082664,1.99680210219014e-05,4.22181015891629e-06,2525.52060698668,-4.60015286367763
"BST2","BST2",-0.613418645290633,2.00873959955023e-05,4.25040900353611e-06,5887.62978655151,-4.59874635038992
"SP6","SP6",-1.14955271271579,2.01262245532194e-05,4.25918597374333e-06,105.98259666003,-4.59831651047602
"AL159169.2","AL159169.2",-0.891681943148055,2.02966855399636e-05,4.29752260241292e-06,8.34105412710239,-4.59644892278882
"LINC00926","LINC00926",-1.05935256518448,2.03608425914194e-05,4.31337710647492e-06,83.6195101908264,-4.59568122489458
"AC060764.1","AC060764.1",-2.31428935587574,2.04382355403353e-05,4.33034225343801e-06,1.75924427303147,-4.59486273679122
"CLLU1OS","CLLU1OS",-2.10525905349511,2.04742557747095e-05,4.33911544683252e-06,4.37646721792172,-4.59444067617522
"SCARNA10","SCARNA10",-1.59106087197062,2.07012585659954e-05,4.39068645097308e-06,8.54693827923798,-4.59197610715594
"CXCR5","CXCR5",-1.50423319488402,2.07901177613181e-05,4.41127181600427e-06,238.551016569601,-4.59100007346403
"TMEM191B","TMEM191B",-0.85578261990715,2.09390501046743e-05,4.44403979085687e-06,23.4074939630547,-4.5894553795884
"TFAP2E","TFAP2E",-0.681735362402449,2.10958515952141e-05,4.47908297144935e-06,39.0258454372186,-4.58781546019875
"LINC01929","LINC01929",-1.20723861997708,2.11140896003625e-05,4.48354382092158e-06,25.6904365095954,-4.58760758793715
"AL645608.8","AL645608.8",-2.50650843407479,2.12034773767032e-05,4.50488932586011e-06,0.752514672219333,-4.58661563773925
"CAPSL","CAPSL",-2.40400714137488,2.12034773767032e-05,4.50468120180761e-06,0.881837396606598,-4.58662528774719
"SNHG12","SNHG12",-0.861193784093899,2.14154696862708e-05,4.55487132082881e-06,191.368110560572,-4.58431042078168
"CLEC12A","CLEC12A",-1.02410629935754,2.17445128226344e-05,4.63074781783769e-06,553.673456222085,-4.58085683109587
"ZNF154","ZNF154",-0.663489206021706,2.19157602605759e-05,4.66904963544479e-06,98.0906572886166,-4.57913402444347
"C20orf141","C20orf141",-2.07816762071223,2.19899806056822e-05,4.68731377537706e-06,1.16837366724116,-4.57831726928672
"ICAM4","ICAM4",-0.781926585342497,2.20710120794735e-05,4.70643184412467e-06,51.6290224789703,-4.57746558634068
"CASP1P2","CASP1P2",-2.34071342577838,2.20789880229328e-05,4.70874807981767e-06,1.39004517703281,-4.57736262646689
"MYL3","MYL3",-1.5112550092569,2.21024067472546e-05,4.71435864613218e-06,133.213048312628,-4.57711342998547
"AC097637.2","AC097637.2",-0.932791055907343,2.24228560997336e-05,4.78958456563786e-06,10.3646212636125,-4.57379938929838
"LINC02363","LINC02363",-1.11647815871863,2.26740556407095e-05,4.84513757607468e-06,5.40382670279339,-4.57138387847043
"CPSF1P1","CPSF1P1",-1.21272312722295,2.28952456135084e-05,4.89495564754313e-06,7.61674016582607,-4.56924018381102
"RNU2-1","RNU2-1",-1.16465223926033,2.28972094323194e-05,4.89601375763964e-06,3.7912888928427,-4.56919487983101
"RPS28P7","RPS28P7",-0.648189780273167,2.31298659269083e-05,4.94834065474625e-06,1889.94885293796,-4.56696607203103
"AC148476.1","AC148476.1",-1.98610380095083,2.36666506757991e-05,5.06779680812513e-06,1.09688771947787,-4.56196138912211
"COL19A1","COL19A1",-0.995869509187354,2.39316005237681e-05,5.13253615135531e-06,19.1787124982569,-4.55929610325708
"WT1","WT1",-2.13880100481372,2.47524782349338e-05,5.31893671674158e-06,24.0661538689914,-4.55179809702135
"AC016397.2","AC016397.2",-0.764677931921577,2.49927296776023e-05,5.3761364438204e-06,11.7048051184394,-4.54954763054111
"AL445933.1","AL445933.1",-1.40631965239276,2.51619774262892e-05,5.41534850755063e-06,3.79463103791414,-4.5480180767583
"AC093567.1","AC093567.1",-0.915650398615777,2.52997884483142e-05,5.44712379023775e-06,5.51426205201557,-4.5467863688467
"TSPAN32","TSPAN32",-0.616382572638456,2.57227896664713e-05,5.54393337146081e-06,101.254740778511,-4.54307569117671
"LINC00525","LINC00525",-1.61839502950627,2.57732068318568e-05,5.55695483886864e-06,10.7786136985009,-4.54258132295354
"TIAF1","TIAF1",-0.548202746457722,2.6009936924256e-05,5.61234625033215e-06,76.6246972579946,-4.54049067011856
"CACNG1","CACNG1",-3.14243762805929,2.61232051955848e-05,5.63824328444356e-06,9.29703345020866,-4.53951999874366
"AC099521.2","AC099521.2",-1.32806256016878,2.62439511374035e-05,5.66796190697149e-06,3.87816450992952,-4.53841133182816
"AC015911.8","AC015911.8",-0.954558022176134,2.6247836662381e-05,5.66953271907429e-06,13.5977421154606,-4.53835288690042
"C12orf42","C12orf42",-1.44022767499209,2.64144153183077e-05,5.70624999907694e-06,4.74087861630102,-4.53699115077923
"SIRPG-AS1","SIRPG-AS1",-1.33535034950476,2.64841541666161e-05,5.72500670556397e-06,3.07858124827738,-4.53629875290038
"MYL6B","MYL6B",-0.578028056414602,2.65354500075094e-05,5.73757451451569e-06,1076.53455736891,-4.53583603004578
"HYOU1","HYOU1",-0.575358232010256,2.66327773120667e-05,5.76010367008573e-06,4636.15770976105,-4.53500897237986
"BX571818.1","BX571818.1",-0.544830819948779,2.67894333891689e-05,5.7954785375147e-06,60.5228595711769,-4.53371656856228
"GALR2","GALR2",-1.14322789854127,2.69649149459637e-05,5.8349445219656e-06,3.47773179224004,-4.53228357865813
"AC104971.3","AC104971.3",-2.22893401322473,2.6995052109696e-05,5.84297086081644e-06,2.1949838446187,-4.53199328185153
"LEMD1","LEMD1",-2.26055683050703,2.71289768919859e-05,5.87347076014088e-06,1.39862412573113,-4.53089363059314
"RHEBL1","RHEBL1",-0.519076592131021,2.71992933570302e-05,5.89096890269337e-06,60.7205822622297,-4.53026521266509
"AC013270.1","AC013270.1",-1.69412771567863,2.73136827238416e-05,5.91650532256372e-06,2.1039878073351,-4.52935131143407
"SETP9","SETP9",-2.20735886793479,2.772021158541e-05,6.01074636718896e-06,1.00476000025847,-4.52601096084332
"AC126177.6","AC126177.6",-1.42770729285245,2.78223884107923e-05,6.03522861638426e-06,3.41394987113065,-4.52515139596359
"PPY","PPY",-1.89263199731491,2.78279081854628e-05,6.03720165595698e-06,1.40890960316398,-4.52508226847045
"RPLP0","RPLP0",-0.513575010097418,2.79204758216477e-05,6.0580622660824e-06,74342.8547283041,-4.52435271509696
"BLOC1S1","BLOC1S1",-0.509716708970096,2.79742569922139e-05,6.07129100881887e-06,2617.37496758768,-4.52389131394405
"AC066613.1","AC066613.1",-1.08570592634785,2.88448587653355e-05,6.27149542493706e-06,15.6311125510423,-4.51702347797145
"KCNG1","KCNG1",-0.700608375405548,2.88448587653355e-05,6.27083209061965e-06,51.7778624068185,-4.5170458846948
"HPDL","HPDL",-0.595193270291136,2.903261061923e-05,6.31393527668941e-06,26.8718618838493,-4.51559459838762
"AP003774.4","AP003774.4",-1.068546577923,2.9044249948932e-05,6.31889535474325e-06,9.1358542692549,-4.51542820095009
"IGHEP1","IGHEP1",-2.71286218196822,2.91445636891007e-05,6.34315688597905e-06,1.01776976114507,-4.51461608750458
"AC026748.1","AC026748.1",-0.917193129613292,2.94906551843081e-05,6.42834630080249e-06,8.5386128337656,-4.51178786741287
"AC005162.1","AC005162.1",-1.53862560986099,2.95254787283522e-05,6.43676011524579e-06,2.14656415035834,-4.51151048417341
"LILRP1","LILRP1",-2.16562947251163,2.96144602605693e-05,6.45698419953095e-06,1.1281317246724,-4.51084516121383
"TNFSF12-TNFSF13","TNFSF12-TNFSF13",-1.01823285155671,2.96283890922133e-05,6.46084704859609e-06,407.868034334764,-4.51071830972737
"AP001257.1","AP001257.1",-0.897357502259021,2.98179830031442e-05,6.50302157537563e-06,8.56519134204636,-4.50933804852867
"PSAP","PSAP",-0.504700032996916,2.98997470707549e-05,6.52168699173957e-06,140048.669707156,-4.50872991048041
"AC007731.3","AC007731.3",-2.17900289291212,3.010561355825e-05,6.5699235645424e-06,0.783507972608401,-4.5071659932809
"PET100","PET100",-0.505424706201415,3.03045196429567e-05,6.61588844163447e-06,1568.99849441643,-4.50568591639123
"MACC1","MACC1",-0.925265451460313,3.03773133684225e-05,6.6331518673888e-06,67.1250427978373,-4.50513257110193
"FBP2","FBP2",-3.20837614617947,3.04888067338453e-05,6.6609786911062e-06,13.3803270157256,-4.5042435303338
"BPIFB4","BPIFB4",-2.92712881829417,3.07859143364368e-05,6.73042302831146e-06,8.63011670922603,-4.50204025316958
"ZC2HC1C","ZC2HC1C",-0.502919606997883,3.09177696288718e-05,6.76269653735908e-06,56.8582071392167,-4.50102369582694
"AC034238.1","AC034238.1",-0.868979706999655,3.1218019407976e-05,6.83533219371852e-06,6.4970835337209,-4.49875267499881
"RNF207","RNF207",-0.626023660820821,3.12999573173543e-05,6.85414535707694e-06,54.7012748491813,-4.49816822816272
"MIR1-1HG","MIR1-1HG",-2.91959977959103,3.13173213498973e-05,6.85882073438727e-06,8.65666627826645,-4.49802322167277
"SNHG3","SNHG3",-0.620861759175616,3.14038255109699e-05,6.87864141784533e-06,272.13410985348,-4.49740953279348
"APOBR","APOBR",-0.746500024247383,3.23357291750473e-05,7.08817210404381e-06,1002.21446949539,-4.49102352395963
"TMEM191A","TMEM191A",-0.557757356102062,3.25069773834106e-05,7.12661678384737e-06,60.6213022140068,-4.48987145504454
"LGALS7","LGALS7",-2.77427242942693,3.26133303172807e-05,7.15447831629266e-06,54.7745672499935,-4.48904023928791
"CAVIN4","CAVIN4",-1.24908265586842,3.26650415816424e-05,7.16855393372183e-06,20.8368439655434,-4.48862148629462
"RNU4-2","RNU4-2",-1.09955828495362,3.26650415816424e-05,7.16777803559573e-06,18.8244338755749,-4.48864454896267
"HIST1H4B","HIST1H4B",-1.84224788664429,3.30949836200733e-05,7.26567501022153e-06,3.65385523220339,-4.48575336235032
"IGKV6D-41","IGKV6D-41",-2.91371328186731,3.31017430015014e-05,7.26851153891965e-06,2.80567196746516,-4.48567014781315
"RNU4-51P","RNU4-51P",-1.7976570700009,3.35433932422766e-05,7.37159894974518e-06,1.7153225400843,-4.48266677990081
"SMPD3","SMPD3",-1.0072978510641,3.36700897839175e-05,7.40131924838949e-06,180.530581179968,-4.48180836068713
"TTC22","TTC22",-1.02862148729925,3.36855202868714e-05,7.4056501324754e-06,64.6497675134747,-4.48168354587271
"SMIM6","SMIM6",-1.22435923099199,3.37068702516632e-05,7.41316254454698e-06,2.84808615429339,-4.48146720580512
"NTF4","NTF4",-2.58776227006663,3.37495888790836e-05,7.42349842076234e-06,4.6494251706924,-4.48116989889932
"AC008083.2","AC008083.2",-0.764826387073371,3.39322606246871e-05,7.46557026092418e-06,8.91855250681885,-4.47996379179561
"AC096992.2","AC096992.2",-0.521085130160967,3.41358001012971e-05,7.51225482368615e-06,46.2978532492682,-4.47863303198201
"TSGA10IP","TSGA10IP",-1.12435087203624,3.43805346286728e-05,7.5699468440944e-06,3.64894432774249,-4.47699938236902
"TOX","TOX",-0.770067529251239,3.45091140904165e-05,7.5992195488304e-06,217.92211981897,-4.47617502220454
"AL109615.3","AL109615.3",-0.786429439758704,3.45712891510723e-05,7.614838379701e-06,10.7913839828623,-4.47573641554779
"AC090796.1","AC090796.1",-2.48900519610768,3.46649304480248e-05,7.6373968017056e-06,1.2176839515873,-4.475104447867
"AC007613.1","AC007613.1",-0.839609146531871,3.46657230167686e-05,7.63853771282385e-06,11.8836827799349,-4.4750725330067
"NMRK2","NMRK2",-3.0207752547242,3.52605227390319e-05,7.77451525758166e-06,20.9026683458124,-4.47130108354749
"ZDHHC23","ZDHHC23",-0.546616637444687,3.55586153500284e-05,7.84420576669337e-06,101.753090342174,-4.46939253628959
"GJA9-MYCBP","GJA9-MYCBP",-1.25173768600657,3.57643778779507e-05,7.89476145307068e-06,30.5522745981987,-4.46801813471388
"KCNN4","KCNN4",-0.744245018836104,3.63013875451512e-05,8.02020341973153e-06,804.274890285476,-4.46464389038337
"AC103702.2","AC103702.2",-0.976272045219705,3.65224668739186e-05,8.07108341118959e-06,5.49377830611098,-4.46328963910724
"TRAJ3","TRAJ3",-2.00975187359646,3.6933352457386e-05,8.17115034018878e-06,1.20983179107048,-4.46064984336901
"ANKRD39","ANKRD39",-0.502461503734069,3.71264380904311e-05,8.21593845295979e-06,334.674733436661,-4.45947831607599
"SMYD1","SMYD1",-4.18707695158781,3.72299105989812e-05,8.24091205760307e-06,29.1456642441205,-4.4588277271267
"TNFSF14","TNFSF14",-0.72459547866487,3.72457852280899e-05,8.24546414721923e-06,198.489497519128,-4.45870934344705
"FLJ46906","FLJ46906",-0.687573744791102,3.72500259650479e-05,8.24744128893032e-06,21.8074094077031,-4.45865794447303
"AC107464.3","AC107464.3",-1.14371632444544,3.74658733757929e-05,8.29732025005364e-06,4.83452057806987,-4.45736514211408
"LINC01060","LINC01060",-1.12940649542048,3.75861210865371e-05,8.32709380894208e-06,11.2919637151581,-4.45659698336166
"MRPL53","MRPL53",-0.527935190939043,3.79452999434547e-05,8.41195736446817e-06,1554.19003708095,-4.45442181987091
"CCDC63","CCDC63",-1.98061644493573,3.81169661892087e-05,8.451075932236e-06,1.79903496318787,-4.45342621336831
"GAPT","GAPT",-0.783683962595901,3.88131728897813e-05,8.61300820559021e-06,235.96732299736,-4.44935118933705
"TSPAN5","TSPAN5",-0.594397970561376,3.93770223338613e-05,8.75130310990596e-06,475.422498657126,-4.44592855599195
"LMTK3","LMTK3",-0.785245077575278,3.94145951522958e-05,8.76075210437371e-06,45.4864945452017,-4.44569659502996
"AC011337.1","AC011337.1",-0.734277428655109,3.9945961944219e-05,8.88442732691076e-06,15.2317736799439,-4.44268237008371
"AC012313.10","AC012313.10",-1.10491803897213,4.03404636139443e-05,8.9777912611493e-06,5.97312026905811,-4.4404333377267
"KIAA0895L","KIAA0895L",-0.512419853937422,4.05641331887195e-05,9.03322257964266e-06,164.833065407281,-4.43910860950151
"ATP1B4","ATP1B4",-1.73171825640015,4.07406310369052e-05,9.07479812169782e-06,6.08458221234319,-4.43812010215444
"EEF1B2P6","EEF1B2P6",-0.67330980347375,4.07548537467652e-05,9.08023821596918e-06,19.5421316686016,-4.43799107780259
"TESMIN","TESMIN",-0.522861937948202,4.11812163771757e-05,9.18326776355138e-06,26.0350032893032,-4.43556133944932
"AC244157.2","AC244157.2",-2.16081585897046,4.14599913989189e-05,9.24890065966685e-06,1.2208621495062,-4.43402706773801
"PPM1N","PPM1N",-0.574005068100771,4.18338051060618e-05,9.33812156904091e-06,120.595123955963,-4.4319579873235
"PRSS16","PRSS16",-0.965418143467242,4.27830710188531e-05,9.56671207563037e-06,42.7993727106319,-4.42674182366031
"HKDC1","HKDC1",-0.867352879369629,4.3447301022435e-05,9.72614005606064e-06,13.3911900185605,-4.42317388071834
"AL133264.2","AL133264.2",-1.00813556718034,4.36090767511911e-05,9.76600202422492e-06,10.5008596244207,-4.42229051595591
"MCF2L2","MCF2L2",-0.523430818491591,4.41206525076673e-05,9.88548584966214e-06,46.700713181561,-4.41966316895623
"FAM215A","FAM215A",-0.68395438515128,4.42888510319841e-05,9.92810982576212e-06,7.78454398012066,-4.41873323952359
"AC098826.2","AC098826.2",-1.9585067118272,4.43473229805808e-05,9.94245348384144e-06,1.82919273817098,-4.41842116059447
"MMP10","MMP10",-1.56787102068609,4.45910054823927e-05,1.00037489880219e-05,13.1201987316101,-4.417092364503
"FOXB1","FOXB1",-1.04754492628177,4.45910054823927e-05,1.00045436411924e-05,3.78351936512092,-4.41707518870852
"ARPP21","ARPP21",-2.5029671935834,4.48087862865071e-05,1.00546544838016e-05,5.82868562096084,-4.4159947061342
"STAG3","STAG3",-0.587699052356796,4.56529449004929e-05,1.02542558887295e-05,135.492721735242,-4.41174136516849
"AC108752.1","AC108752.1",-0.77130743672676,4.70354388363079e-05,1.05831376247157e-05,7.65793066568367,-4.40490268581316
"GYS1","GYS1",-0.561765874989828,4.7037822968548e-05,1.05849852216052e-05,1603.72964596895,-4.40486484370787
"EDNRB-AS1","EDNRB-AS1",-1.80004315514942,4.76681745946438e-05,1.07370286712811e-05,0.975246525781702,-4.40177213700582
"HIST1H4A","HIST1H4A",-1.95554654066706,4.77634388629097e-05,1.07602540178407e-05,1.65724976525577,-4.40130339736856
"LINC01539","LINC01539",-1.76214281052209,4.85942596798821e-05,1.09623231662519e-05,2.94538701505782,-4.39726547594355
"MIR663B","MIR663B",-0.864433634151412,4.886469212391e-05,1.10246917923603e-05,49.5136276784089,-4.39603351717741
"AL031985.1","AL031985.1",-2.34774673886819,4.95822638497869e-05,1.11990267310055e-05,0.710125646685731,-4.39262487218406
"RPTN","RPTN",-2.01427360094875,4.95822638497869e-05,1.11978108883551e-05,12.6412522593361,-4.39264846876695
"KRT8P34","KRT8P34",-2.21738462317791,5.02214238674636e-05,1.13489918688091e-05,1.02372144112773,-4.38973300174149
"SH2D3A","SH2D3A",-0.745868527432422,5.02420986980631e-05,1.1355064424917e-05,121.112636308993,-4.38961667089351
"LINC02320","LINC02320",-1.85936499741429,5.14510560665048e-05,1.16397706212057e-05,1.51976733283774,-4.38422820502829
"IGKV1OR22-5","IGKV1OR22-5",-3.13534175585926,5.17888095112472e-05,1.17205113427684e-05,3.58600937446192,-4.38272296671509
"DNAJC12","DNAJC12",-0.732921733262077,5.22054999498958e-05,1.18177244625255e-05,53.9497951815407,-4.38092371311898
"COL17A1","COL17A1",-1.32032619981249,5.2359605357911e-05,1.18555282041062e-05,406.544686971082,-4.3802278410341
"AL445471.1","AL445471.1",-1.76043145464579,5.27432334542779e-05,1.19453316185647e-05,1.31989542917121,-4.37858323940142
"AC073046.1","AC073046.1",-0.73469920133582,5.31329408126332e-05,1.20428266097786e-05,14.4732123648206,-4.37681108559683
"ISL2","ISL2",-1.13753703465014,5.38884515602393e-05,1.22272333296264e-05,12.857645548132,-4.37349627296893
"AC091808.1","AC091808.1",-1.52276870510957,5.45265707717911e-05,1.23765816249392e-05,3.60318299254291,-4.3708464368308
"HMGN2P46","HMGN2P46",-0.585343399210271,5.46609353719636e-05,1.24101273478646e-05,37.9719931143401,-4.37025544455682
"COX7B","COX7B",-0.524978057334761,5.54983457534653e-05,1.26172685147112e-05,2238.56676155659,-4.36663955374581
"OLFML2B","OLFML2B",-0.601397664082177,5.55090986940318e-05,1.26212604333719e-05,5912.55963817305,-4.36657042797396
"GDNF","GDNF",-0.969656960427166,5.5607602462267e-05,1.26467575885613e-05,17.8292193887954,-4.36612939987168
"AL360181.2","AL360181.2",-1.04946595877826,5.56369048198847e-05,1.26549726363835e-05,25.2961346864409,-4.36598748366498
"BSND","BSND",-0.737834139512948,5.60382140793502e-05,1.27556252591491e-05,6.42264834945139,-4.36425579470225
"JUNB","JUNB",-0.550155113814365,5.66631754915022e-05,1.2904199129354e-05,14058.053477016,-4.3617233194383
"SNORD99","SNORD99",-1.18176308450469,5.81462910163011e-05,1.32711311732815e-05,4.1164584218048,-4.35558614315683
"HIST1H2AJ","HIST1H2AJ",-1.8887095370678,5.87562650441926e-05,1.34185388015908e-05,1.97598412377848,-4.35316612774832
"SYNPO2L","SYNPO2L",-1.37230035840974,5.88219119265168e-05,1.34351706292928e-05,36.8588127286671,-4.35289467419633
"LINC01411","LINC01411",-1.1838070155338,5.88489505334876e-05,1.34429867490434e-05,65.079702084713,-4.35276721542956
"HOMER1","HOMER1",-0.573646401145118,5.93698780812832e-05,1.35669480281633e-05,188.512172561481,-4.35075515411701
"IGHJ1P","IGHJ1P",-2.43499104591646,5.98139189836884e-05,1.36717529105573e-05,1.13345929382156,-4.34906766169164
"MEX3A","MEX3A",-0.654355319973048,6.08336865978705e-05,1.39150169260523e-05,92.5354855576021,-4.34519787795487
"AC096734.1","AC096734.1",-2.16255085839161,6.10176704782268e-05,1.39588019962316e-05,1.0027214951404,-4.34450821527143
"AL445231.1","AL445231.1",-0.817331679323158,6.11706957140472e-05,1.39972192645746e-05,5.36845363538521,-4.34390479860637
"PLEKHN1","PLEKHN1",-0.948112056019067,6.13674739629548e-05,1.40439571076198e-05,84.0597119444926,-4.34317281761637
"LGALS8-AS1","LGALS8-AS1",-0.987505142613966,6.20224994498769e-05,1.420596175553e-05,3.91375188031759,-4.34065345499722
"ALOX15P1","ALOX15P1",-0.801031707284641,6.23106824498546e-05,1.42754424823792e-05,16.5678019242318,-4.33958133409069
"TRBV5-5","TRBV5-5",-1.72954217163532,6.27638590062781e-05,1.43845142508604e-05,2.42488097847,-4.33790830116226
"STARD5","STARD5",-0.556381114453594,6.28918327693631e-05,1.4415596957839e-05,394.961539305488,-4.33743374381218
"YIPF7","YIPF7",-1.72339745849747,6.34445872449997e-05,1.45529061585813e-05,2.29758270708501,-4.33534897513234
"TRBJ1-1","TRBJ1-1",-1.47348037677449,6.39786786599392e-05,1.46825494468928e-05,3.29800696537597,-4.33339774321754
"TRBV8-2","TRBV8-2",-1.3435054998768,6.41199301887389e-05,1.472032738772e-05,1.91189799261885,-4.3328322467929
"IGHV2OR16-5","IGHV2OR16-5",-3.72537562085219,6.41817802260769e-05,1.47363156438243e-05,2.18391687871409,-4.3325933359221
"SIK1B","SIK1B",-0.843291153691116,6.44459807771454e-05,1.48005696340878e-05,1001.25122398448,-4.33163568121737
"AC009951.1","AC009951.1",-0.891525717059443,6.45099991309644e-05,1.48188683717987e-05,21.0330178832705,-4.33136367828781
"CDH1","CDH1",-1.16337220018314,6.46232722256438e-05,1.48520942021027e-05,76.928230708441,-4.33087060819371
"RPS29","RPS29",-0.628284750249433,6.49739001178727e-05,1.49417331281519e-05,13131.3812848579,-4.32954559784196
"DDX60L","DDX60L",-0.525935402928486,6.50628697712149e-05,1.49658202467475e-05,1006.53145371396,-4.32919084271314
"PAX8","PAX8",-0.682060966621671,6.54191814175747e-05,1.50550734991915e-05,409.945392773659,-4.32788104971552
"FO393401.1","FO393401.1",-0.759574939161051,6.58200922022425e-05,1.51528401811379e-05,18.9808042075209,-4.32645479169884
"GRIK1","GRIK1",-0.713899923831072,6.62609756937613e-05,1.52635736065015e-05,12.1934828980634,-4.32484992804384
"DBI","DBI",-0.523761547431786,6.63386232250015e-05,1.5285158455132e-05,4730.51212869514,-4.32453839126368
"BTG2","BTG2",-0.565300719994598,6.66147428744696e-05,1.53543500718882e-05,5577.87835242104,-4.32354255976078
"C17orf53","C17orf53",-0.505570374581286,6.66585504273589e-05,1.53663055619305e-05,53.3351392830214,-4.32337092551316
"MEP1A","MEP1A",-1.9204439391153,6.6747263649126e-05,1.53913113342694e-05,1.18497658518554,-4.3230123513025
"COL4A3","COL4A3",-0.984859367048188,6.71523611152946e-05,1.54969866947324e-05,40.2448830462466,-4.32150311038628
"PYY","PYY",-0.798220812862268,6.80946426428604e-05,1.57277270784318e-05,5.6676035874811,-4.31824152113495
"ALPK2","ALPK2",-1.35823542049073,6.97189890723718e-05,1.61281641898708e-05,85.4197813087106,-4.31268799582192
"NT5DC4","NT5DC4",-1.62831673526276,7.05211634773583e-05,1.63255264858386e-05,1.61436869454501,-4.30999902631642
"KLHDC8A","KLHDC8A",-0.913800929693886,7.07510957828595e-05,1.63807275699632e-05,15.8439847500887,-4.30925248174043
"AC009041.4","AC009041.4",-0.622822276416779,7.2603615283998e-05,1.68440387458875e-05,8.73790744270999,-4.30307948391368
"AC023128.1","AC023128.1",-1.98120459055354,7.3434210045262e-05,1.70449245169867e-05,0.883935438488863,-4.30045309775406
"GALNT14","GALNT14",-0.609153388744427,7.3448996560007e-05,1.70504039958673e-05,43.5474198802617,-4.30038187293459
"SYCE3","SYCE3",-1.199863052812,7.38046412076513e-05,1.71391349380054e-05,3.7820508626475,-4.29923153317591
"ZNF883","ZNF883",-0.624016036252768,7.4510855870701e-05,1.73176729268266e-05,45.0003383373408,-4.29693399983616
"LY6D","LY6D",-2.05459694398033,7.49068437353143e-05,1.74222356551209e-05,101.491391532162,-4.2955988823048
"AC020658.5","AC020658.5",-0.956207482140088,7.50300840601634e-05,1.74529909820784e-05,3.88668275313369,-4.29520763347538
"IGLV3-29","IGLV3-29",-4.08237399172812,7.52173444723088e-05,1.75007435347836e-05,2.79658572025316,-4.294601457181
"AC093788.1","AC093788.1",-0.77475178255494,7.53965177593171e-05,1.75461203390568e-05,9.74212491720277,-4.29402689747662
"AC215522.2","AC215522.2",-1.07013745226926,7.54594620477949e-05,1.75654903849794e-05,11.7287233786756,-4.29378206560746
"TUBAP2","TUBAP2",-0.868187918185267,7.62717169118221e-05,1.77630716320076e-05,3.96037833942131,-4.29129928555347
"SLC5A10","SLC5A10",-0.960646565229871,7.68399408109695e-05,1.78996901841748e-05,17.4665267407447,-4.28959789481294
"AL031728.1","AL031728.1",-0.947046294531331,7.75333651448322e-05,1.80720278561975e-05,15.3953327352202,-4.28746923339888
"AC012651.1","AC012651.1",-0.965930871917203,7.77477866660649e-05,1.81263411198597e-05,48.2054601931819,-4.28680237953543
"AC025884.1","AC025884.1",-1.44270524252729,7.8019828427655e-05,1.8196290019629e-05,3.12143385240245,-4.28594635150957
"PTGS2","PTGS2",-0.732080444658608,7.84192848087225e-05,1.82938256324515e-05,235.481628325713,-4.28475793845785
"VEGFC","VEGFC",-0.609057253033253,7.89383609710239e-05,1.84193176219775e-05,1096.77976251822,-4.28323774166017
"HIST1H3F","HIST1H3F",-2.40315740131239,7.89771165193321e-05,1.84305622160237e-05,0.874270044092678,-4.28310200785778
"AC004706.1","AC004706.1",-1.4166719745784,7.94524762487309e-05,1.85547831640939e-05,2.86307180359972,-4.28160776044416
"AC100757.2","AC100757.2",-3.17985666711812,7.95851329354878e-05,1.85879812924447e-05,2.38568118576056,-4.28121003555432
"KLHL40","KLHL40",-3.03846086597668,7.98917920326922e-05,1.86662857370878e-05,15.2836249791225,-4.28027459537981
"ATP12A","ATP12A",-2.46519417662988,8.15745075306609e-05,1.90821816640364e-05,1.30929213636557,-4.27536802075193
"CAMK2N2","CAMK2N2",-0.786647241285469,8.17071196030382e-05,1.91154802739596e-05,15.6309439916026,-4.27497959301132
"RNA5SP39","RNA5SP39",-1.64342691314523,8.22740085654587e-05,1.92526913423561e-05,1.28248942204969,-4.2733857976223
"RPS2P7","RPS2P7",-0.765691058462781,8.32758300820155e-05,1.95103373335008e-05,10.7861668526826,-4.27042208531707
"LINC01619","LINC01619",-0.766977905598101,8.42435987579981e-05,1.97488129771363e-05,13.5333098784577,-4.26771192106141
"IGHV7-27","IGHV7-27",-2.73936846608313,8.44489564700639e-05,1.9801661932437e-05,8.42787875398938,-4.26711553767129
"AC107983.1","AC107983.1",-0.865762217143869,8.47525616004022e-05,1.98775763987675e-05,24.8047972005008,-4.26626151451915
"AL138930.1","AL138930.1",-0.889084126097851,8.51919292880505e-05,1.99948723234951e-05,3.87212210787641,-4.26494804563411
"ARX","ARX",-1.15785324031883,8.52561973202501e-05,2.00123327563436e-05,10.9350218100106,-4.26475315302103
"UBXN10-AS1","UBXN10-AS1",-0.797519511805619,8.53349805808973e-05,2.00332043610402e-05,14.5293632986415,-4.26452039740257
"LCN8","LCN8",-3.26921719933899,8.58533441504559e-05,2.0157288300468e-05,4.11298395461412,-4.26314138906637
"AL683842.1","AL683842.1",-0.973010898883724,8.5947595520037e-05,2.01842088433815e-05,4.9055352138475,-4.26284327461047
"AC117394.2","AC117394.2",-0.991159674194961,8.63641195217135e-05,2.02940634862173e-05,2.85086361134749,-4.26163067097561
"LINC01711","LINC01711",-1.04158348683043,8.6579758392287e-05,2.03495616101398e-05,8.17569387332262,-4.26102044290379
"IGLV3-24","IGLV3-24",-2.71341551316413,8.89657262358933e-05,2.09376341912097e-05,2.11890047330523,-4.25464991453986
"AC116353.4","AC116353.4",-1.51546787081799,8.90198703243528e-05,2.09603022893326e-05,3.09142208284117,-4.25440777783799
"MYOG","MYOG",-1.39986681049822,8.93136069693801e-05,2.10319540537233e-05,11.0858441942612,-4.25364404223577
"TRBV25-1","TRBV25-1",-1.25147467711497,9.01285037518296e-05,2.12338986400129e-05,4.83303226114659,-4.25150477060327
"EXOC3L2","EXOC3L2",-0.690365812437582,9.10262073279564e-05,2.14656923761536e-05,441.875753686496,-4.24907304193316
"AC120193.1","AC120193.1",-0.999283454916246,9.10436346111888e-05,2.14723398591016e-05,6.04577754623771,-4.2490036730893
"AC078778.1","AC078778.1",-1.1636964073632,9.10880583546061e-05,2.14853560918934e-05,3.95129709827911,-4.24886790326528
"HNRNPCP1","HNRNPCP1",-0.560011107042199,9.15561641055949e-05,2.16034265966233e-05,10.8402573989272,-4.24763989658904
"RPL31P11","RPL31P11",-0.873154557054325,9.21654697825965e-05,2.17600426218423e-05,7.14472703496669,-4.24602081336749
"SLC4A11","SLC4A11",-0.889351307149964,9.23023518418784e-05,2.17975059178925e-05,44.5430963341993,-4.24563516526301
"NDUFA7","NDUFA7",-0.525542788877423,9.34023904498992e-05,2.20781120840459e-05,713.890950684642,-4.24276649828686
"ROS1","ROS1",-1.28072699193737,9.45827765642771e-05,2.23808554774675e-05,21.5282713169939,-4.23971017984698
"HIST2H3A","HIST2H3A",-0.784616744343583,9.67966314607458e-05,2.29505825004907e-05,6.21345051152533,-4.23406376265197
"HIST2H3C","HIST2H3C",-0.784616744343583,9.67966314607458e-05,2.29505825004907e-05,6.21345051152533,-4.23406376265197
"PPFIA4","PPFIA4",-0.88457244799302,9.7283821477861e-05,2.30769427394174e-05,58.0759614663828,-4.23282952704743
"RN7SL124P","RN7SL124P",-1.32577035446274,9.74201652312624e-05,2.31147162773103e-05,5.83481807691993,-4.23246181892546
"LINC01693","LINC01693",-2.09897581310224,9.74487427375437e-05,2.31248149798442e-05,1.22084987610896,-4.23236360954722
"SUCNR1","SUCNR1",-0.61869511486965,9.74907431177852e-05,2.31396147079565e-05,298.890947498042,-4.23221975663792
"SH2D1A","SH2D1A",-0.692613755542332,9.84357641040719e-05,2.33831242284293e-05,282.178065545748,-4.22986533890056
"ZDHHC4P1","ZDHHC4P1",-1.31648370948662,9.85387811983772e-05,2.34130890852952e-05,3.00694091675194,-4.22957723178262
"PITX2","PITX2",-1.99205662892643,9.97000046012835e-05,2.37084526621199e-05,10.1818422354613,-4.22675598560541
"TICRR","TICRR",-0.534716221113494,0.000100596097245522,2.39467782711292e-05,49.9867161399981,-4.22450382701773
"AL390719.1","AL390719.1",-0.767708540137861,0.00010144078764071,2.41676491140111e-05,15.6236011930704,-4.22243557449356
"PEBP1P3","PEBP1P3",-1.44521696707031,0.000102535126981214,2.44540918871433e-05,2.05865099420168,-4.21977992318689
"AL731568.1","AL731568.1",-1.18247745529659,0.000102975477806931,2.45763356371553e-05,2.07704720087193,-4.21865558325458
"LINC01908","LINC01908",-1.27035324778915,0.000103374080129976,2.46801113954912e-05,1.67670812646301,-4.21770527073306
"EIF4EP1","EIF4EP1",-1.05803981606576,0.000104181534105921,2.48815995601264e-05,3.80037898695379,-4.21587097589379
"WT1-AS","WT1-AS",-1.10841788723154,0.000104240973601023,2.49074181382012e-05,13.8565073645488,-4.21563695249811
"PAQR5","PAQR5",-0.875257955183021,0.000104868158562137,2.50660476563158e-05,227.323346522324,-4.2142041555988
"B3GNT3","B3GNT3",-0.788422177164467,0.000106309372995345,2.54312763497156e-05,65.2307646592973,-4.21093780220924
"DUSP26","DUSP26",-1.58999156891852,0.000106322335441125,2.54373409084649e-05,35.1946591456581,-4.21088394248081
"NEU4","NEU4",-1.21096500728016,0.000106360086940924,2.54493375972374e-05,16.0782140481071,-4.21077743509994
"AC010776.2","AC010776.2",-1.32863050452546,0.000106957775311407,2.56042752438847e-05,7.17193211022967,-4.20940616317819
"ATP10B","ATP10B",-1.24110898385177,0.000106981499410061,2.56129365416867e-05,86.8054886052299,-4.20932973970284
"AL355312.3","AL355312.3",-1.75629919549976,0.000107096454667508,2.56434437796208e-05,2.74723778077576,-4.20906075290525
"AMZ1","AMZ1",-0.77094609688405,0.000107675730622585,2.57941527239162e-05,33.6510325370897,-4.20773637972572
"MIR663AHG","MIR663AHG",-0.704823372975389,0.000107937291083835,2.58598192854512e-05,1325.98258598088,-4.20716162738191
"AC245517.5","AC245517.5",-2.28827913624427,0.000108469247511319,2.60054076054314e-05,3.20015637808687,-4.20589228734678
"EPS8L1","EPS8L1",-0.72120089810375,0.000108469247511319,2.60050596818082e-05,113.941522143909,-4.20589531272194
"CSTA","CSTA",-0.946849562471319,0.000109195570723096,2.61917180786687e-05,958.608321051101,-4.20427772579962
"ARAP1-AS2","ARAP1-AS2",-0.99829114060313,0.000109375499931361,2.62440223946802e-05,4.63492449964776,-4.20382642154105
"EGLN3","EGLN3",-0.966813371807241,0.000110404849534158,2.6512551323673e-05,1091.35763892553,-4.20152282238412
"FER1L6","FER1L6",-1.17599446017133,0.000110534000483304,2.6548239128239e-05,19.6800090342382,-4.20121834329311
"LINC00322","LINC00322",-2.00125609550582,0.000111187426971509,2.67097768819643e-05,0.854045093175474,-4.19984499533515
"LINC02325","LINC02325",-1.35373305148882,0.000112125338791452,2.69569629847045e-05,2.50443428827116,-4.19775870449548
"AC022182.2","AC022182.2",-0.771379036612448,0.000112591573455057,2.7084746450652e-05,16.5961785163666,-4.19668731365744
"OIT3","OIT3",-1.06076733798698,0.000112726066485143,2.71202419465719e-05,41.2302572561606,-4.19639055733342
"ZDHHC20-IT1","ZDHHC20-IT1",-0.708525580593716,0.000114474717736289,2.75632783778695e-05,14.5885669915513,-4.1927173511231
"AL109914.1","AL109914.1",-1.86904716475354,0.000114499897012277,2.75737727495549e-05,1.40700569508383,-4.19263102488587
"AC011484.1","AC011484.1",-0.959324255455892,0.000115251989505893,2.77697058477753e-05,55.8067515465907,-4.19102499806153
"ZNF695","ZNF695",-0.714097785970892,0.000115309590320045,2.77867988380987e-05,6.71512563964564,-4.19088540140214
"CAPN3","CAPN3",-1.05555782633065,0.000116709326020633,2.81566332183576e-05,126.151893029505,-4.18788482714898
"RBP1","RBP1",-0.759928030582342,0.000116743682486872,2.81714302240794e-05,87.3496121262427,-4.18776555583763
"FCN3","FCN3",-0.730578076623232,0.000117198652637384,2.82844859800549e-05,36.8355089945513,-4.18685623055676
"SRSF9P1","SRSF9P1",-0.850149244546573,0.000117562389364731,2.83755464671555e-05,4.44553663466956,-4.18612632562392
"AC022816.1","AC022816.1",-1.79694797851742,0.000118283943781554,2.85727848588418e-05,1.02161211364609,-4.18455294568746
"LAMB4","LAMB4",-1.2802027935931,0.000119676216656706,2.8939126954618e-05,15.6509309350746,-4.18165782168598
"GRM1","GRM1",-1.16652093739554,0.000119676216656706,2.8938106623922e-05,37.620917970609,-4.18166583665312
"GRIN1","GRIN1",-1.61166043249431,0.000120126249817988,2.90579957051011e-05,5.13092821062467,-4.18072590992431
"MIR4420","MIR4420",-2.04838991028311,0.000122084097634699,2.95928449625462e-05,1.19290747849278,-4.17657711395806
"SCARNA9","SCARNA9",-0.978027647380277,0.000124726415487121,3.02924392512692e-05,23.7887153971179,-4.1712566891238
"IL17A","IL17A",-2.34776072822165,0.000126511692692068,3.07612960377116e-05,0.892889321054998,-4.16775599469049
"SBK2","SBK2",-2.10568491916069,0.000128572049730724,3.1326781510697e-05,1.47112950393896,-4.16360066567184
"OBP2A","OBP2A",-2.8887172545793,0.0001291440763464,3.14769561971546e-05,1.59607004619653,-4.16250912276854
"RMRP","RMRP",-0.908743633712301,0.000131018239724919,3.19666244546958e-05,287.742861704273,-4.15898403080949
"AL034430.1","AL034430.1",-1.19564363347735,0.000131461172624464,3.20820227547646e-05,93.2688314945823,-4.15816075817345
"SLC39A12","SLC39A12",-1.13465432773327,0.000131779705644098,3.21671047338082e-05,3.21624144589425,-4.15755556764738
"RFLNA","RFLNA",-1.08306109590864,0.00013221399297886,3.22804840279256e-05,92.3668617764814,-4.15675145683965
"IGHD3-9","IGHD3-9",-2.31296499570612,0.000132830925783711,3.24385154227482e-05,1.04016881024211,-4.15563512852725
"TFCP2L1","TFCP2L1",-0.841816614083835,0.0001332928919619,3.25661936737577e-05,352.167691782653,-4.15473698082238
"FRGCA","FRGCA",-1.87079621978073,0.000133717744542627,3.26737212170221e-05,1.6583643443406,-4.15398317368778
"AC011676.1","AC011676.1",-0.778855618321036,0.000134006590149334,3.27555063141326e-05,4.08625678841415,-4.15341140673582
"AC087269.1","AC087269.1",-0.815687635873958,0.000135694934322594,3.31946688115702e-05,6.59817921677953,-4.15036418537576
"SIRPD","SIRPD",-0.8594791349542,0.000136328648393218,3.33572926995309e-05,9.27091164778345,-4.14924549337089
"RPL41P2","RPL41P2",-0.612871353842968,0.000137072280961644,3.35583510435156e-05,64.2518782135936,-4.14786955024418
"TWISTNB","TWISTNB",-0.645548249691803,0.000138216009498558,3.38653302715631e-05,2882.99978769236,-4.14578376872384
"MTLN","MTLN",-0.596515162089041,0.00013836449842048,3.39123366464927e-05,769.559865453957,-4.14546596880107
"OST4","OST4",-0.508339784323294,0.000138650287291098,3.39871951620326e-05,5327.70258365671,-4.14496072927366
"GRM2","GRM2",-0.794648597663494,0.00013900588970977,3.40782383274543e-05,36.0789414119739,-4.14434767786697
"AP000593.4","AP000593.4",-0.740781811655632,0.000139077288896568,3.40996190420686e-05,16.4645773988272,-4.1442039335182
"BTBD19","BTBD19",-0.560728914483473,0.000139456397089346,3.41964578451562e-05,147.789838004346,-4.14355394811932
"AC133961.1","AC133961.1",-1.76058485189461,0.000139933119538439,3.43289584685101e-05,1.32305859248419,-4.14266742608814
"AL357992.1","AL357992.1",-1.73219348767689,0.000140553578606088,3.44929256041253e-05,2.01456547600516,-4.1415748592922
"AC079015.1","AC079015.1",-0.666550566198989,0.000140584551706564,3.45044453735552e-05,7.98213814006056,-4.14149828485531
"AC140658.5","AC140658.5",-3.73774384465171,0.000142422641744023,3.50071875929979e-05,2.9607599659778,-4.13817987817225
"AC010503.4","AC010503.4",-1.28249686635006,0.00014260913680578,3.5057002856869e-05,8.73726532835987,-4.13785353530287
"SNORA48","SNORA48",-1.43957059211584,0.000142832112586185,3.51237602016815e-05,2.04269288557153,-4.13741689364427
"HIST1H4F","HIST1H4F",-1.68474661572105,0.000143169954715847,3.5222801960197e-05,3.21239299924723,-4.13677053820718
"GATA3","GATA3",-0.843383420227353,0.00014375282294422,3.53742138244342e-05,339.06285267452,-4.13578573922181
"KLHL17","KLHL17",-0.554646271299612,0.000145020374863989,3.57225101790402e-05,112.051329104387,-4.13353549149273
"FBXL16","FBXL16",-0.879814015892014,0.0001450323401576,3.57295002735295e-05,80.5583846896683,-4.13349054399551
"AL132639.3","AL132639.3",-0.996545792537809,0.00014529614804382,3.57985408378907e-05,2.33652542735818,-4.13304704939104
"AC009133.3","AC009133.3",-0.647022247736006,0.0001481862604246,3.65725756041646e-05,25.8741046498299,-4.12812973933389
"AL391095.2","AL391095.2",-1.78754075792207,0.000148592254794295,3.66769175248358e-05,2.07772652999882,-4.12747444529542
"LEF1-AS1","LEF1-AS1",-0.700891469436426,0.000149584114166204,3.69509245920808e-05,11.267069787213,-4.12576200108108
"AC110995.1","AC110995.1",-0.66042265491017,0.000150236647525019,3.71330551527342e-05,140.598148146717,-4.12463040895617
"PBX4","PBX4",-0.622738157766032,0.000152967387443504,3.78378424020531e-05,40.0652658380282,-4.1203005923541
"AL627309.6","AL627309.6",-1.0353789058183,0.000153452912788995,3.79664962763797e-05,47.926976854859,-4.11951848764635
"CHCHD10","CHCHD10",-0.644228312945289,0.000154129371516694,3.81467509323128e-05,1319.90789887527,-4.11842691585587
"Z84723.1","Z84723.1",-1.58678713897377,0.000154164298917547,3.81596926658624e-05,2.33208545411452,-4.11834873283858
"AC016745.1","AC016745.1",-1.32724724065525,0.00015419856254511,3.81724720268466e-05,2.45549903838084,-4.11827155543319
"AL031590.1","AL031590.1",-0.592751163670988,0.000155489940456705,3.85138288752134e-05,14.1525698437255,-4.11621905075047
"LINC00880","LINC00880",-0.862083849506534,0.000156835895324254,3.88936735338754e-05,10.0138183461341,-4.11395532718001
"AARD","AARD",-0.948525996245388,0.00015828615598391,3.92726153146422e-05,14.0692275254843,-4.11171779769258
"CCR8","CCR8",-1.00729613165065,0.000158633359828943,3.93676042524621e-05,8.60960783968686,-4.11116013098419
"AC005632.2","AC005632.2",-0.61553133181043,0.000158789006019246,3.94106567134596e-05,13.5312553439416,-4.11090779649327
"PPIAL4C","PPIAL4C",-1.64576117063933,0.000159766363072331,3.96716267093943e-05,2.18532848019838,-4.10938380336601
"ZNF812P","ZNF812P",-0.793934140056387,0.000159766363072331,3.96742920807215e-05,30.8492030048188,-4.10936828746767
"AL807752.6","AL807752.6",-0.735901978123768,0.000160009247190119,3.97402757481244e-05,19.8666396729338,-4.10898449247916
"SPATA13-AS1","SPATA13-AS1",-1.41062673762701,0.000160572771103535,3.98891856745562e-05,2.00964830040949,-4.10812057337042
"TMIGD2","TMIGD2",-0.778333282969743,0.000161294614787759,4.00774967586924e-05,22.9063935418176,-4.10703243569527
"RSRP1","RSRP1",-0.608603902936525,0.000161651241132888,4.0184132917717e-05,781.749653423998,-4.10641839862125
"DRC7","DRC7",-0.937073530729069,0.000163055232788406,4.05604152586408e-05,3.96765921529558,-4.10426395912681
"PKD1L3","PKD1L3",-0.646729538492121,0.000164807614189275,4.10192944138267e-05,11.423928344092,-4.10166212640299
"AL160272.1","AL160272.1",-0.549215237021299,0.000167729278146429,4.17745254421837e-05,39.6819003560827,-4.09743952561164
"RF00003","RF00003",-0.850962979744518,0.000167748245783417,4.17839254166025e-05,14.7071178277652,-4.09738742682615
"NOTUM","NOTUM",-1.5610497071188,0.00016939723015084,4.22277192819222e-05,9.30320869255251,-4.09494029602967
"ITLN1","ITLN1",-1.19497092540538,0.000169907737598615,4.2378660237837e-05,130.469041554404,-4.09411354820345
"CDH11","CDH11",-0.550465581860599,0.00017127131830558,4.27358803968707e-05,4810.01079394048,-4.09216802421871
"CLEC4G","CLEC4G",-1.10229021349894,0.000171839962550366,4.28941286310392e-05,231.571133045524,-4.09131108517701
"PYCARD-AS1","PYCARD-AS1",-0.909422799858415,0.000173322791918504,4.32690989385958e-05,17.4826638761645,-4.08929247490037
"C4orf54","C4orf54",-2.79223469521765,0.000173812779292634,4.33962665957945e-05,12.6199753910138,-4.0886116490114
"AL161935.3","AL161935.3",-0.804866666834162,0.000174306887075737,4.35293491654781e-05,22.2388815623885,-4.08790117969676
"SPINT1","SPINT1",-0.867592551936922,0.000175158162909984,4.375170168185e-05,554.084161556948,-4.08671872180591
"LINC01132","LINC01132",-0.618502046145022,0.000176179259552264,4.40411316979708e-05,16.6231711990794,-4.08518805976908
"VGLL2","VGLL2",-1.92888649174771,0.000178057233971935,4.45403656491747e-05,33.7960611370526,-4.08257012600702
"LINC02158","LINC02158",-0.610749317286323,0.000178383130078449,4.46318320720322e-05,25.8845463644021,-4.08209350368941
"AC026785.2","AC026785.2",-1.2235707918189,0.000180271102335928,4.51343565486079e-05,3.83944209833744,-4.0794913119553
"E2F3P1","E2F3P1",-1.39787646781857,0.000182395981553293,4.57121190284503e-05,2.03289829088192,-4.07653326258848
"RNF128","RNF128",-1.31121026837664,0.000183642386596954,4.60449691272364e-05,44.7555500222862,-4.07484518139897
"AP000763.3","AP000763.3",-0.992169986806895,0.00018523180853815,4.64693038841352e-05,5.08347188091235,-4.0727098281789
"IER3-AS1","IER3-AS1",-0.752651991437943,0.000186015625764484,4.6691866481092e-05,10.7081939308857,-4.07159722157664
"ASB5","ASB5",-3.20671957108395,0.000187582919699145,4.71061888103023e-05,11.7998608869229,-4.06953932306726
"AC022239.1","AC022239.1",-1.62954176669385,0.000187851612985729,4.7178899874604e-05,10.2539536827276,-4.06917994553035
"AP000553.5","AP000553.5",-1.58654093193951,0.000188143710323187,4.72575044939998e-05,1.54864203488669,-4.06879202910135
"AC027020.2","AC027020.2",-0.863741389260701,0.000188692587874252,4.74058897424566e-05,19.6995008419714,-4.06806140753634
"FUNDC2P4","FUNDC2P4",-1.72306667032962,0.000188975658030381,4.74822740483861e-05,1.16060463006299,-4.06768615029101
"WISP3","WISP3",-1.0722229037572,0.000189089707115493,4.75214717589765e-05,106.533803806299,-4.06749380377772
"AL391832.2","AL391832.2",-0.56484804160918,0.00019484263929802,4.90607702129857e-05,14.8858365375969,-4.06005684478641
"HTR3A","HTR3A",-1.45727610269592,0.00019543424727477,4.92295072815209e-05,5.8351966747272,-4.05925510774323
"CU634019.6","CU634019.6",-0.776842511360309,0.00019543424727477,4.92303635574105e-05,15.9143800707176,-4.05925104588244
"TRAJ2","TRAJ2",-1.47677799493897,0.000197016399169106,4.96673537027288e-05,2.28551331396875,-4.05718681205431
"DSG3","DSG3",-1.66259022581545,0.000198087909437638,4.99650868989877e-05,28.3301995258688,-4.05579023138094
"AL162632.1","AL162632.1",-0.724841183331778,0.000198700761414791,5.01307481969415e-05,23.7036198907161,-4.05501657378171
"AC133065.1","AC133065.1",-1.43677241829285,0.000200501424120657,5.06465200106312e-05,1.82730157176537,-4.05262328240842
"SNORA26","SNORA26",-1.24181468013538,0.000201827323258823,5.10039446038883e-05,3.16671630470329,-4.05097826949827
"CEND1","CEND1",-0.629159363892373,0.000202164527414849,5.10947949845417e-05,12.1783696380423,-4.05056188086111
"ATAD3C","ATAD3C",-0.529883871331607,0.000202349973023666,5.11473046795429e-05,63.3557555701586,-4.05032153646622
"AL365181.3","AL365181.3",-0.823831154561425,0.000202705142343809,5.12427299210036e-05,28.4019933469934,-4.04988535949851
"LINC02345","LINC02345",-0.840887861000402,0.00020725137945333,5.24844259883903e-05,69.3744340832138,-4.04427883546818
"AC026355.2","AC026355.2",-1.04964329999103,0.000207790997324445,5.2638455294343e-05,8.97659771372951,-4.04359214352951
"AL359834.1","AL359834.1",-1.23414043895937,0.000208024174005111,5.27207188865356e-05,2.58436711147226,-4.04322617643043
"TNFSF15","TNFSF15",-0.894151960554696,0.000209066826868798,5.30082747651173e-05,613.799794103005,-4.04195116068404
"FAM240A","FAM240A",-0.847854919928446,0.000209134793759945,5.30313371103615e-05,28.5095688265913,-4.04184918689746
"SCARNA5","SCARNA5",-1.43558888511435,0.000209599827136056,5.31609429159855e-05,3.03036949578915,-4.04127689489749
"AC093525.8","AC093525.8",-0.633881270263353,0.000209724776955586,5.32043259950604e-05,24.2589444598535,-4.04108562633574
"TRBV12-5","TRBV12-5",-1.46997333879292,0.000209753154697393,5.32173718203672e-05,1.8485494065766,-4.04102813842846
"NRCAM","NRCAM",-0.735719296777317,0.000209996407463678,5.32907956390055e-05,76.7441043799653,-4.04070483691045
"CD101","CD101",-0.688649655243967,0.000210239543960376,5.33583567319643e-05,79.2070409379115,-4.04040772293755
"AC022973.4","AC022973.4",-0.90588656658957,0.000210427458141595,5.34119145320521e-05,4.91024898215023,-4.04017244454436
"HNRNPA1P70","HNRNPA1P70",-1.49505964998129,0.000212969362553258,5.40749246967979e-05,3.73045047017902,-4.03727822082822
"AC026347.1","AC026347.1",-2.19312891232994,0.000213541875182845,5.42560053600455e-05,1.92903743773424,-4.03649359873584
"TRAV35","TRAV35",-1.09623824583918,0.00021420900680307,5.4449391861664e-05,4.90398731705848,-4.0356583904551
"NUP62CL","NUP62CL",-0.711487653217621,0.000214231182950634,5.44610003765793e-05,9.95704156090431,-4.03560834442001
"CDKN2B-AS1","CDKN2B-AS1",-0.544590886321919,0.000214938521726903,5.46647825013593e-05,14.4664547536134,-4.03473145136242
"CENPVL3","CENPVL3",-1.92190707691647,0.000215656832412349,5.48835367226411e-05,0.990057889567607,-4.03379357198737
"LINC00115","LINC00115",-0.687027645891979,0.000216675889378678,5.51730801247169e-05,10.9932890725517,-4.03255762467195
"GALNTL6","GALNTL6",-1.25155540896331,0.000218974363983398,5.5794973133721e-05,4.391107971044,-4.0299236473713
"TTBK1","TTBK1",-0.753813498070126,0.000220970694351364,5.63221192794111e-05,5.74730547177855,-4.02771265078523
"LINC01405","LINC01405",-3.94595295352315,0.000221685730349399,5.65178871211677e-05,4.49731784676028,-4.0268965349747
"AL121899.1","AL121899.1",-1.54882806192416,0.000222527447625823,5.67499266433075e-05,2.88207887019414,-4.02593267071716
"AC012181.2","AC012181.2",-0.763388637762081,0.000223566296997695,5.70397858235512e-05,15.4794385439456,-4.02473386112866
"AL136528.1","AL136528.1",-1.31795415061379,0.000224601944809725,5.73290594738021e-05,2.04020234481631,-4.02354321216623
"MCTP2","MCTP2",-0.533090845259228,0.000225398231913352,5.75457943724777e-05,301.365418419771,-4.02265485539319
"RPL13AP19","RPL13AP19",-1.90636136638022,0.000226648112850279,5.78892448236126e-05,0.600502452554996,-4.02125358355648
"TMSB4XP6","TMSB4XP6",-0.509235786757929,0.000227038637732541,5.80016477998256e-05,64.7729635156507,-4.02079669114706
"LINC00299","LINC00299",-0.790018971274927,0.000229035688900742,5.85501408476294e-05,5.10016965300464,-4.01857915266605
"ABCC12","ABCC12",-3.06052571087809,0.000230726136522928,5.90015770442187e-05,1.78742589769941,-4.01676872208172
"F12","F12",-0.674475502498987,0.000233007709180222,5.96174986080907e-05,65.4323526914336,-4.01431968659664
"CCL27","CCL27",-1.97641608465868,0.000235173195053781,6.01846718826136e-05,7.31707677330475,-4.01208558270928
"FAM225A","FAM225A",-0.522783074458273,0.000235858306694624,6.03928754089705e-05,549.263579595765,-4.01127046540579
"ICAM3","ICAM3",-0.586962466868064,0.000236060197448816,6.04511507724675e-05,2181.66011176257,-4.01104279381092
"RN7SL738P","RN7SL738P",-0.988029644000912,0.000237270403042222,6.07785014743847e-05,2.1443956388347,-4.00976774168881
"M1AP","M1AP",-0.509077307387591,0.000238211492748629,6.10352624765268e-05,36.7105963909879,-4.00877218310909
"LINC02391","LINC02391",-0.634576106170876,0.000239478649096126,6.13866385251004e-05,18.2507505296808,-4.007416173704
"SOX30","SOX30",-0.577453360409862,0.000239710953329326,6.1459549790192e-05,14.0623763659516,-4.00713571978325
"TRBJ1-2","TRBJ1-2",-1.44239388691716,0.000239740946678497,6.14739224667733e-05,2.20488944397622,-4.00708047230687
"AL354919.2","AL354919.2",-1.19879201382339,0.000240973694882404,6.18168895889271e-05,2.67519977446873,-4.00576574750544
"RPS28","RPS28",-0.51794285971106,0.000241762701192093,6.2042126143073e-05,17783.3119273538,-4.00490608084941
"RFX8","RFX8",-0.711399458389949,0.000241990036690321,6.21113381977554e-05,31.8055241103208,-4.0046425106726
"AC008115.3","AC008115.3",-0.850864803315421,0.000243480394279758,6.25142275041352e-05,15.3607588699819,-4.0031137441578
"ARHGAP11B","ARHGAP11B",-0.550061362877495,0.000244520207052174,6.27948339392802e-05,18.895214068058,-4.00205448158111
"SERPINA9","SERPINA9",-1.73834675517797,0.00024691820085222,6.34450724865717e-05,4.87584036371482,-3.99961701378702
"PEAK3","PEAK3",-0.5743834302531,0.00025656143130001,6.61088187020849e-05,109.269761229049,-3.98987251170212
"AC016717.2","AC016717.2",-1.95319967016956,0.00025781888729051,6.64831366222859e-05,1.2977301336242,-3.98853306768028
"ACTG1P14","ACTG1P14",-0.902125125712399,0.000259240977282066,6.68787524667742e-05,2.66495215538353,-3.9871251472975
"AC114760.2","AC114760.2",-0.674166766551843,0.000260691119206936,6.72964586752733e-05,15.9741582594304,-3.98564713962069
"SNORD60","SNORD60",-1.19577387190714,0.000264724659471617,6.84410095219301e-05,2.52709598887866,-3.98164131648628
"AL355512.1","AL355512.1",-1.08285599726563,0.000267372991754245,6.920022936413e-05,2.9136106527459,-3.97901893758255
"AL683807.1","AL683807.1",-0.909300573526087,0.000267650937155212,6.92796265483845e-05,7.00090781207143,-3.97874627029623
"SNORA73A","SNORA73A",-1.24454529561477,0.000271386499233606,7.02919400941789e-05,7.28774832888121,-3.97529544121255
"AC010186.4","AC010186.4",-2.04120883435311,0.000271962606859819,7.04714813482613e-05,2.02763507403265,-3.97468832447588
"PI15","PI15",-1.10698889282881,0.000273970593581319,7.10299788404138e-05,180.510878884755,-3.97280908318438
"AC012668.3","AC012668.3",-1.10003165359218,0.000275906131908484,7.15548613596247e-05,5.72939756739533,-3.97105564817744
"FTCDNL1","FTCDNL1",-0.533943956012673,0.000276461600486262,7.17297443157108e-05,87.955657850405,-3.9704741314727
"PGGHG","PGGHG",-0.617648117653558,0.000277199276769979,7.19520464190117e-05,403.482194236052,-3.96973687054754
"SNORD104","SNORD104",-0.81590706376385,0.000278267277197668,7.22370216736414e-05,27.3097847067714,-3.96879490027776
"AC020656.1","AC020656.1",-1.9535382481885,0.00027942826639716,7.25617764391901e-05,75.0635217868317,-3.96772571668465
"AL031666.3","AL031666.3",-1.49717457751291,0.000281031996660461,7.30017331534171e-05,0.914210946864365,-3.96628445264285
"AC008894.3","AC008894.3",-0.611165901837861,0.000284223648562524,7.39179551522886e-05,23.2249035954765,-3.96330916439608
"HCFC1-AS1","HCFC1-AS1",-1.12257713794725,0.000285022605380595,7.41575191253652e-05,2.48511315575797,-3.96253697039166
"CALCR","CALCR",-0.739471494341769,0.000286604817596751,7.45931479275503e-05,24.2075848159638,-3.96113882049241
"ARL9","ARL9",-0.612705382040376,0.0002878397235734,7.4938620715695e-05,39.4358483438453,-3.96003550551151
"AL627309.7","AL627309.7",-1.47622665554064,0.000289056232027149,7.52714514173554e-05,3.71619300893466,-3.95897710464042
"AC016717.3","AC016717.3",-0.73027976256993,0.000289666545526659,7.54465282620517e-05,6.95192312025327,-3.95842213566238
"AC007546.1","AC007546.1",-0.84339214237464,0.000290293335038542,7.56340572154774e-05,3.87088475367538,-3.95782904444912
"AC010542.5","AC010542.5",-0.961632385402965,0.000290944068412375,7.58117115405959e-05,8.59821406130131,-3.95726846463949
"GPR82","GPR82",-0.729424170840101,0.000293882147252492,7.6626441962364e-05,64.0240314541774,-3.95471342871868
"NLRP11","NLRP11",-1.05013378888994,0.000293988506823641,7.66749743698287e-05,3.95610549247618,-3.95456204048282
"PLA2G2F","PLA2G2F",-2.11221722428777,0.000295893208342607,7.71837949455086e-05,4.24276888041756,-3.95298029662357
"AL671883.2","AL671883.2",-0.675037010449164,0.000303991962479386,7.94234610263216e-05,37.8946233403285,-3.94613314000241
"AL355075.4","AL355075.4",-1.26457176493477,0.000304828922609865,7.96566935337877e-05,8.60059184798094,-3.94543062346249
"C1QTNF12","C1QTNF12",-0.849159030645429,0.000304828922609865,7.96591261175605e-05,17.7042350374791,-3.94542330656049
"ASTL","ASTL",-1.49372789291813,0.000305060237561049,7.97365811180476e-05,2.65300561574434,-3.9451904421544
"AL590666.2","AL590666.2",-0.929001563349428,0.000305819784227331,7.99606850467557e-05,12.4916771791101,-3.94451788782029
"CORO7-PAM16","CORO7-PAM16",-1.08000898237058,0.000308449913340863,8.06827592136768e-05,22.741228500899,-3.94236293897814
"LINC01010","LINC01010",-1.0702122288245,0.00031032253895175,8.12071915171856e-05,44.9467362921224,-3.94080922821476
"B3GAT1","B3GAT1",-0.638219241331396,0.000311527011183799,8.15658039316912e-05,31.5366283433248,-3.93975223485989
"CD200R1L","CD200R1L",-1.52000680720779,0.00031286834182334,8.19780463592864e-05,1.11505232939153,-3.9385425829301
"BNIP3P11","BNIP3P11",-0.908126293936971,0.000315243366149555,8.26882251001342e-05,4.27766931227922,-3.93647211022286
"CAMSAP3","CAMSAP3",-1.490439528689,0.00031526712306901,8.27032444655735e-05,28.2795484657424,-3.93642850412583
"PPIAP46","PPIAP46",-0.762936896225756,0.000315572775744407,8.27927573344929e-05,168.44042131295,-3.93616877430937
"AC069209.1","AC069209.1",-0.653286528659237,0.000315579424087886,8.28115595362609e-05,13.2246615689355,-3.93611425172241
"GPR141BP","GPR141BP",-2.04155117528197,0.000318713799258217,8.37051265954263e-05,0.958198442984227,-3.93353648475386
"IGLV7-35","IGLV7-35",-3.24789987777266,0.000320140376401672,8.41154895599207e-05,1.38532183978889,-3.93236137019164
"BMP8A","BMP8A",-0.799485542180766,0.000320464080305307,8.4236272537395e-05,31.3202980911907,-3.93201652819592
"MMP11","MMP11",-0.794748286198413,0.000320491415311786,8.4252391297713e-05,492.850318985538,-3.93197054359921
"HLA-H","HLA-H",-0.764620577203683,0.00032090330880055,8.4369616964649e-05,2497.51016144227,-3.93163636483833
"P2RX2","P2RX2",-2.38114022460255,0.000321462873717584,8.45256944328355e-05,0.94536187796259,-3.93119211043285
"AC243772.2","AC243772.2",-0.774546057275087,0.000321639435820327,8.45810853666611e-05,16.0634845578973,-3.93103463363036
"CASC4P1","CASC4P1",-1.6674970795773,0.000327943209323721,8.63484754082751e-05,2.55011307945007,-3.92606041684504
"ALOX5AP","ALOX5AP",-0.545537707902387,0.000329615688656233,8.68439718237969e-05,2558.83258563691,-3.9246831354315
"CHAT","CHAT",-1.18933449958175,0.000329685151232336,8.68714629853455e-05,2.43711473463818,-3.92460693859407
"AC012414.4","AC012414.4",-2.63640446921474,0.000332305803882981,8.76268405500488e-05,0.909037240201018,-3.92252213378809
"IFI27","IFI27",-0.648559340469385,0.000332331646144315,8.76429185831738e-05,13300.8188311648,-3.92247794401925
"OR4C6","OR4C6",-2.42288859014828,0.000335126483998206,8.84266842516241e-05,1.24318284560772,-3.92033303181238
"AD000090.1","AD000090.1",-0.778891818757194,0.000335925672666341,8.8665650020281e-05,475795.054881251,-3.91968263228187
"AL024498.1","AL024498.1",-0.680840450330627,0.000339810481012533,8.97554589616983e-05,6.33787992443406,-3.91673731079654
"PRSS22","PRSS22",-1.73947096649831,0.000340305486134334,8.99070494099293e-05,4.03662268482196,-3.91633030111769
"AC120057.4","AC120057.4",-1.33154329833011,0.000342158106938851,9.04251153139303e-05,2.10435835785954,-3.9149442071969
"CFAP46","CFAP46",-0.996150631070832,0.000343213405522634,9.07327090725201e-05,6.59634530693405,-3.91412477982438
"IGHV4-55","IGHV4-55",-1.75518723872436,0.000348547019691479,9.21912939331691e-05,820.314959160129,-3.91027449574492
"CXADR","CXADR",-1.1205835064796,0.000352875412836701,9.34040588982807e-05,373.87646726275,-3.90711667052231
"COX7C","COX7C",-0.515456195871481,0.000352875412836701,9.3405015199925e-05,6500.11857656851,-3.90711419579629
"IL9RP3","IL9RP3",-1.18175501554556,0.000359067943750522,9.51642650642498e-05,3.94071247635077,-3.90260161548471
"PGCP1","PGCP1",-1.03439931565774,0.000360088185369442,9.55049221962437e-05,4.47848415040471,-3.90173692240259
"AC021683.5","AC021683.5",-0.766903669709816,0.00036014172773368,9.5539200636695e-05,10.5776234767042,-3.90165007446502
"AL008729.2","AL008729.2",-0.734645832160907,0.00036672264268949,9.73974450047514e-05,19.2470967763223,-3.89698550766815
"AL031665.2","AL031665.2",-0.73553826336487,0.000366940497940182,9.74757615434128e-05,5.62560463557604,-3.89679076803863
"AL353597.3","AL353597.3",-1.43265240457536,0.000367922358545703,9.77468431860376e-05,2.15531147424036,-3.89611784301085
"FAM27C","FAM27C",-0.541417372159732,0.000368358183301644,9.78728976510459e-05,33.6119422646141,-3.89580552909543
"S1PR4","S1PR4",-0.634359468652683,0.000370959846882088,9.86572236683486e-05,650.202347629455,-3.89387076490706
"SCGB2A2","SCGB2A2",-3.16157850976061,0.000370974141892108,9.86713661863274e-05,14.7977825716362,-3.89383601180286
"TRBJ1-6","TRBJ1-6",-2.20857577903883,0.0003755942522733,9.99735056434214e-05,1.70276813429151,-3.89065617907515
"APLN","APLN",-0.886120410566083,0.000377030242133336,0.000100397767333791,817.478013882535,-3.88962857034724
"LILRA1","LILRA1",-0.639697587067284,0.000378778790750654,0.000100895055732773,270.707769381827,-3.8884292882899
"RPS2P5","RPS2P5",-0.74741458124902,0.000378928785364002,0.000100945572173485,6825.70706018841,-3.88830777303349
"HAUS1P1","HAUS1P1",-1.33010015010461,0.000378934269995122,0.000100968153441889,1.86590811244404,-3.88825347326817
"TLX2","TLX2",-1.72553349553797,0.000381218662646571,0.00010161934692374,1.02295400804719,-3.88669250037129
"CASP5","CASP5",-0.941259764350167,0.000381836098607521,0.000101805220437099,29.439477646952,-3.88624867588605
"TMEM63C","TMEM63C",-1.17674157819246,0.000385339587159331,0.000102814509499348,21.4137523053142,-3.88385198993494
"LINC01229","LINC01229",-0.973439801245421,0.000388124147893828,0.000103600748159758,8.71361099630251,-3.88200030333536
"LIX1","LIX1",-0.901096376496851,0.000389550363506818,0.000103992301917904,11.8294610463052,-3.88108308882689
"PRR7-AS1","PRR7-AS1",-0.677341161257089,0.000389828911798296,0.000104077528005689,10.5783806880311,-3.88088387872967
"TMEM244","TMEM244",-1.42181021033773,0.000391573836172759,0.000104582683872267,2.31580749045981,-3.87970626287901
"KRT86","KRT86",-0.741725237587441,0.000392759932597559,0.000104958591604538,13.9989380328047,-3.87883342780914
"LKAAEAR1","LKAAEAR1",-0.798643549104124,0.000398375607276582,0.000106537019545966,6.03194696678447,-3.87520032278781
"LGALS9B","LGALS9B",-1.20821969700915,0.000398878012483481,0.000106682495603596,3.93735001131091,-3.87486803797222
"AC087284.1","AC087284.1",-0.812405817358059,0.000401919446386305,0.00010757437001258,34.3644969390012,-3.8728401870711
"AC011933.2","AC011933.2",-0.764583268626745,0.000402123209946256,0.000107640116658227,8.60388023428682,-3.87269132770337
"IFI27L2","IFI27L2",-0.526311350379136,0.000403330835238211,0.000107995579445989,2365.69519469318,-3.87188799426014
"AC093484.1","AC093484.1",-1.26066330696807,0.000403984356513159,0.000108228394437574,1.50275492724834,-3.87136319155638
"KCNA7","KCNA7",-0.961044286074405,0.000404166072276766,0.000108288342487088,20.6436145721131,-3.87122823139263
"MYH8","MYH8",-3.15426554404952,0.000406437481588877,0.000108942238967488,3.35318464128945,-3.86976068444093
"NAMPT","NAMPT",-0.603110201834884,0.000406437481588877,0.000108940370167762,11095.9285625147,-3.8697648667538
"AC016773.1","AC016773.1",-0.993316331700443,0.000413775875865285,0.000111059175155591,7.9427722371014,-3.86506597586917
"TFAP2A-AS1","TFAP2A-AS1",-1.01320343051562,0.000419073322462774,0.000112562802376343,5.17318466338732,-3.86178239886086
"ANKRD20A11P","ANKRD20A11P",-1.10996836096972,0.000420398533076951,0.000112930471449828,15.2226659453254,-3.86098579099348
"SPATA32","SPATA32",-0.970253092292471,0.00042342511472057,0.000113826113069413,2.55843040005418,-3.85905544630963
"AC131956.2","AC131956.2",-0.830093256139493,0.000433131690106348,0.000116539574603605,5.50957445011484,-3.8532934573152
"IGLJ7","IGLJ7",-3.18187768076279,0.000433343569648102,0.000116625286827942,2.07765390023168,-3.85311351792557
"TRAJ18","TRAJ18",-1.78092706766274,0.0004345112664371,0.0001169637714281,0.844742232981482,-3.85240413911263
"LINC01050","LINC01050",-1.81734725389319,0.000435163431317498,0.00011715713690704,1.25793719293332,-3.85199976196159
"AC079880.1","AC079880.1",-0.75111900844908,0.000435684948775004,0.000117340431360671,5.39151232236626,-3.85161702658094
"LINC02495","LINC02495",-0.636683303112339,0.000439363375641732,0.000118404602528342,10.9391860604598,-3.84940601752452
"DLK2","DLK2",-0.841016621031901,0.000450072649782943,0.000121529024625711,32.1326546439285,-3.84302108247426
"UBA52","UBA52",-0.501540817399277,0.000451891335663611,0.000122057896657293,26612.0213868984,-3.84195564546367
"AC099811.3","AC099811.3",-0.82616880511781,0.000454798734248288,0.00012291926208422,3.24501810943259,-3.8402296666469
"OR13A1","OR13A1",-1.39199851475256,0.000456097186535974,0.000123321051133072,1.72146617684787,-3.8394284699031
"NKX6-3","NKX6-3",-1.95078788369404,0.000456983576049619,0.000123573454251076,3.30634159448362,-3.83892641718271
"SPINK6","SPINK6",-1.45293049822038,0.000467811208466864,0.00012680128755768,3.40759428950692,-3.83258980428274
"PPM1J","PPM1J",-0.626585064685601,0.000467876720125998,0.000126832086501055,76.8976037647569,-3.83253007787245
"LOXL1","LOXL1",-0.530197662342697,0.000472097550393653,0.000128055226839879,4692.64465574455,-3.83016910365081
"AL353597.1","AL353597.1",-2.20085677474211,0.000472484592649822,0.000128173381342664,0.883516737161951,-3.82994216216022
"AC122710.2","AC122710.2",-0.647958029169659,0.000473678503675002,0.000128510463450001,16.6695992209375,-3.82929580440124
"AC110799.1","AC110799.1",-1.43192432212085,0.000474007826168917,0.000128613022437024,1.92946007222731,-3.82909946369874
"AP005131.7","AP005131.7",-0.532589116012564,0.000478816019577437,0.000130024408717028,11.8558078900148,-3.82641236506897
"MAP3K9","MAP3K9",-0.921221166926156,0.000479814861403841,0.000130322397477882,97.4110786693901,-3.82584854859381
"CACNG6","CACNG6",-1.12408635991426,0.000483269071477421,0.00013130100737813,13.2154900097987,-3.82400545539533
"RPL18A","RPL18A",-0.500825380553259,0.00048538483869769,0.000131902907107004,51566.9112845234,-3.8228782688127
"ALPL","ALPL",-0.64623213757867,0.000486292467373745,0.000132176664790561,1518.68013494574,-3.82236720137094
"BNIP3P27","BNIP3P27",-1.65275794061125,0.000486407570958724,0.00013222150890563,0.669621497991524,-3.82228357874491
"POPDC3","POPDC3",-0.902478099021719,0.000486441709269489,0.000132257907518177,24.077224291932,-3.82221572443349
"AC013444.1","AC013444.1",-0.898044408182987,0.000486841805025957,0.000132393829960508,6.20597396850991,-3.82196249319403
"PCDHGC5","PCDHGC5",-0.828608402167827,0.000486846535371875,0.000132419182853343,39.8756232920839,-3.82191528642234
"KCNQ5","KCNQ5",-0.956695192536729,0.000489093572052215,0.000133047084868504,90.4034137513249,-3.82074884973147
"AP001972.3","AP001972.3",-1.23755949676382,0.000496392001861836,0.000135198501747512,1.93041461648654,-3.8167911774061
"SLX1B-SULT1A4","SLX1B-SULT1A4",-0.665156149271587,0.000497488129161829,0.000135524780105883,55.328266913597,-3.81619615521364
"AMER2","AMER2",-0.635169114538691,0.000498226580363549,0.000135739835441765,22.3106361481335,-3.81580470395934
"AC025048.1","AC025048.1",-1.42907282109488,0.000503028662295103,0.000137118251946587,1.00852693122952,-3.81330944932034
"CD177","CD177",-1.43431414730189,0.000503326743650429,0.000137213534575643,90.9474274366024,-3.81313783993878
"KRT14","KRT14",-2.20987285405312,0.000503533218602743,0.000137297893919778,2485.49833278552,-3.81298599767558
"AC055748.1","AC055748.1",-1.23262114793494,0.000508727816165101,0.000138856105251252,3.12312086512861,-3.81019699203257
"SNORD12B","SNORD12B",-1.16382137661411,0.000510972457346765,0.000139497261247504,1.84483482151737,-3.80905795454345
"IGLON5","IGLON5",-1.05293661626275,0.000511740435588926,0.000139749715608772,16.7631590710251,-3.80861081258404
"FAM91A2P","FAM91A2P",-1.50852945074378,0.000512595245253706,0.000140011729846441,3.11837205622454,-3.80814754224148
"LINC02341","LINC02341",-1.06412776512811,0.000513999119867019,0.000140438170674189,17.3483781703106,-3.8073952905581
"AC064799.1","AC064799.1",-0.515752854190485,0.00052708842022403,0.000144234899549528,33.9238305272573,-3.80079103735634
"IL12B","IL12B",-0.653072835545666,0.000530157400531383,0.00014512934489752,10.721129892487,-3.79925903070456
"AP003774.1","AP003774.1",-0.514027078997743,0.000530157400531383,0.000145133821062542,31.2434518764537,-3.79925138630878
"BICDL2","BICDL2",-1.30743582586128,0.000534039266593107,0.000146241163902737,17.7837113690851,-3.7973670534073
"AL355877.2","AL355877.2",-1.87119059647566,0.000536887390707062,0.00014708095542492,0.789123741092545,-3.79594694172335
"CST11","CST11",-2.11433667199678,0.000543005125747724,0.000148878004651,0.633037487458358,-3.79293355259954
"CTAG2","CTAG2",-4.88694365262684,0.000544980334785488,0.000149465129308834,7.11358565652026,-3.79195644942907
"AC245052.3","AC245052.3",-1.64664424998836,0.000546109672117539,0.000149805304064354,0.861709946213821,-3.79139197671978
"TEX29","TEX29",-0.98632545897739,0.000547509227450578,0.000150265355475585,4.05276804951848,-3.79063050189963
"KRT18P22","KRT18P22",-1.9280829024189,0.000554568537392214,0.000152373019458538,0.836438363866025,-3.78716972995366
"LYPD1","LYPD1",-0.660418226494867,0.000559808314356889,0.000153890720451223,80.0544621790931,-3.78470547098174
"SPIC","SPIC",-1.4734590150799,0.000560258388092996,0.000154030062209372,2.03086230681788,-3.7844803726257
"AC015911.3","AC015911.3",-0.829881567542173,0.000562646864993931,0.00015471808566314,10.4764834810434,-3.78337171361154
"GAL","GAL",-1.17898042250134,0.000562710597597165,0.00015475129633153,55.6283883219762,-3.7833183164823
"AL390760.1","AL390760.1",-1.67964552233896,0.000567203148555839,0.000156144900212891,1.46051556096282,-3.7810873040776
"ADGRE1","ADGRE1",-0.773221684556786,0.000568326544418779,0.000156470000814614,127.737889522112,-3.78056954895265
"AC108206.1","AC108206.1",-1.8091902731491,0.000568637171063032,0.000156573262649469,1.56573596080581,-3.78040530604076
"AC009093.8","AC009093.8",-0.58745356765989,0.000570795681635598,0.000157229349851512,32.0041263902373,-3.77936414323571
"AP000350.4","AP000350.4",-1.25531696604154,0.000576025149612144,0.000158782235665909,6.06495956263484,-3.7769160265604
"PPIAP45","PPIAP45",-1.71082841284965,0.000577327410758176,0.000159186896756926,1.08439769919838,-3.77628178150858
"KRT6B","KRT6B",-2.3928900709201,0.000579106698693069,0.000159712381236773,18.0126317179309,-3.77546042467294
"AL645608.5","AL645608.5",-2.34056928955266,0.000579479715884353,0.000159831408743573,1.97394186834471,-3.77527473240184
"KRT5","KRT5",-1.84781920403226,0.000579958154723941,0.000159979537258484,2161.78906528646,-3.77504382192964
"PPP1R3A","PPP1R3A",-3.70821096737292,0.000581179551330096,0.000160397456103673,8.9481455371085,-3.77439343110021
"AF064858.2","AF064858.2",-1.70814671138044,0.000583062758193112,0.000160965952812393,1.05702094604949,-3.77351125709993
"AL445487.1","AL445487.1",-1.79571779456614,0.000583685843903023,0.000161170507866295,0.687679578603526,-3.77319455257472
"NDUFV2P1","NDUFV2P1",-0.578154162385736,0.000595578403349084,0.000164570556443191,125.420953224616,-3.76798504899287
"SAP25","SAP25",-1.38010436613678,0.000598088924937685,0.000165347622509602,23.0843123262005,-3.76680866543833
"OR4E1","OR4E1",-0.688876424645746,0.000599030662329212,0.000165624672882047,9.1271515738805,-3.76639050234581
"XXYLT1-AS2","XXYLT1-AS2",-1.16426047880946,0.000600474607273018,0.000166074119954366,4.59892830771967,-3.76571353176375
"AC093311.1","AC093311.1",-1.24533674919792,0.000606395039577025,0.000167829863357778,1.80469871611346,-3.7630853919617
"AC023055.1","AC023055.1",-1.26194514241391,0.00060786625897949,0.000168338711720174,14.0351265713106,-3.76232854000016
"OTUB2","OTUB2",-0.684708376127204,0.000609763906643167,0.000168915225204733,66.6658091311232,-3.76147364016624
"AC009951.2","AC009951.2",-0.763087330324776,0.000611089971877463,0.00016933366997725,17.0174181143925,-3.76085485445493
"AP001107.3","AP001107.3",-0.863670148073622,0.000613960594478072,0.000170214691921363,10.7303028058302,-3.75955670965582
"AL590079.1","AL590079.1",-1.07276548733544,0.000623555771383905,0.000173152964307358,1.88525069388826,-3.75527252553436
"RDH16","RDH16",-0.746471530268239,0.000625654644414272,0.000173805552229481,17.892548600855,-3.75433029659161
"TRDN","TRDN",-1.94880511353518,0.000628905821029798,0.000174761313723932,81.9733466389361,-3.75295632267214
"AC090152.1","AC090152.1",-0.631827283270274,0.000632921485610139,0.000175930119986183,36.3543947623901,-3.75128565483479
"MPZL2","MPZL2",-0.576185491790336,0.000636066344932307,0.000176875201590096,849.921992069679,-3.74994238897171
"AC004816.1","AC004816.1",-1.63527673347197,0.000637652954835313,0.000177334175063189,5.34275280417568,-3.74929247259851
"CHRNA10","CHRNA10",-0.854097074777071,0.000638125183465827,0.00017750107890747,15.6140675465443,-3.74905652526455
"COL13A1","COL13A1",-0.665242993087635,0.000639984051972613,0.000178057364356048,162.681109315401,-3.74827162357847
"AP000542.1","AP000542.1",-1.9679956061289,0.000643364254817617,0.000179101848442189,0.794602531771868,-3.74680409759653
"TRAJ5","TRAJ5",-1.99351025505302,0.000652940346643637,0.00018194967652673,0.949973486719496,-3.74284333523456
"CENPUP2","CENPUP2",-1.10754577683589,0.000653085161833417,0.000182026439949055,3.88411459869462,-3.74273738132803
"VTN","VTN",-0.514042998483645,0.000653163103454004,0.000182066370300768,22.422444413998,-3.7426822834477
"OXCT2","OXCT2",-0.649626679795816,0.000653334786533606,0.0001821506490567,17.2851738971486,-3.74256602872361
"NYAP2","NYAP2",-0.844063814327995,0.000657770551882892,0.000183460686888926,7.80173681747416,-3.74076542584533
"AC092384.2","AC092384.2",-1.20858910857838,0.000661252756721446,0.000184468782976118,8.82382191360134,-3.73938804256494
"AC000068.3","AC000068.3",-1.03880769562729,0.000663236372633788,0.000185077611886742,8.06598918599117,-3.73855960984018
"ARHGAP28","ARHGAP28",-0.50871277677784,0.000664547802179396,0.000185536189174323,1073.61834612727,-3.73793731407303
"AC026782.2","AC026782.2",-1.47623600917735,0.00067215776388461,0.000187960604523774,1.50918738131242,-3.73467118524651
"RAP1AP","RAP1AP",-1.08226072332812,0.00067294770529634,0.000188200259992702,2.33620491877501,-3.73435047952649
"RXFP1","RXFP1",-1.20074411144333,0.000673584602313638,0.000188434705751071,5.97863912852559,-3.73403711662924
"SCARNA7","SCARNA7",-0.956937734912522,0.000675400605212541,0.000188980383975568,27.8708185431644,-3.7333091735664
"GEMIN7-AS1","GEMIN7-AS1",-0.532354596846733,0.00067559946235333,0.000189054857214358,11.1210200919103,-3.73320997838395
"NPHS1","NPHS1",-1.69662881337966,0.000675858096970553,0.000189146070901306,1.85325204573969,-3.73308853566346
"LINC00567","LINC00567",-0.785904816686317,0.000679197239036792,0.000190137362275861,5.21161560390701,-3.73177225943712
"RCC2P6","RCC2P6",-1.05989452566524,0.000679245036886425,0.000190169676668634,2.15628460107838,-3.73172945973942
"RN7SKP181","RN7SKP181",-0.501987293970404,0.000679797044146201,0.000190362121407463,7.28412805518089,-3.73147471242128
"APOL4","APOL4",-0.584961484881528,0.000680559877551253,0.000190621900642259,1155.83535818981,-3.73113121517762
"PLA2G2A","PLA2G2A",-0.734375673217406,0.000681617236240794,0.000190947825065365,87338.980634657,-3.73070087811376
"AC018926.2","AC018926.2",-0.921939654007539,0.000683191705496946,0.000191465070580245,4.10896468608624,-3.73001934369947
"SYNGR4","SYNGR4",-1.41665484639534,0.000687451220647847,0.000192735453025116,1.16701674208385,-3.72835277489412
"AL512306.2","AL512306.2",-0.950529996827684,0.000693260685395897,0.000194499478704103,7.14714064062765,-3.72605565210532
"UBTFL5","UBTFL5",-1.19233934060392,0.000695843749126145,0.000195282365608419,1.69867597410143,-3.72504243924055
"LINC00273","LINC00273",-0.759074252015828,0.000696617378466421,0.000195518895715077,113.713894632672,-3.72473707253396
"AC131009.3","AC131009.3",-0.85258385303357,0.000704230059014924,0.000197832210027942,3.99330807112687,-3.72176868580555
"EEF1B2P3","EEF1B2P3",-0.667852797421638,0.00070904129166174,0.000199262837701287,6.70424535468581,-3.7199492194353
"GOLGA8A","GOLGA8A",-0.8290653657193,0.000715347777607606,0.000201214618086086,240.700847183154,-3.71748664741573
"IGKV2OR2-1","IGKV2OR2-1",-3.04284685437485,0.000715574668126082,0.000201298384689294,4.73202720257938,-3.71738146160198
"AL133279.1","AL133279.1",-2.10629573425896,0.000716036291499076,0.000201488121607893,0.742920086674389,-3.71714336072569
"HIST1H2BB","HIST1H2BB",-2.22949357374297,0.000716728616026606,0.000201702915885843,0.93455257172153,-3.71687406943675
"AC020909.1","AC020909.1",-1.97670535304653,0.000717618223897988,0.000201973274054299,15.5137335870088,-3.71653549943544
"ZMYND10","ZMYND10",-0.540430975427272,0.000720269850028072,0.000202739650051107,43.5339610553165,-3.71557807431688
"AC016683.1","AC016683.1",-1.82542779430362,0.000720893092702134,0.000202955267910566,0.765186387707737,-3.71530931812018
"IGKV2-4","IGKV2-4",-2.37885954900176,0.000722880723191068,0.000203535001671163,2.84852491180131,-3.71458803870363
"ATF3","ATF3",-0.586809244254691,0.000728772631416467,0.000205295504197765,670.528426702595,-3.71240946731989
"CCDC81","CCDC81",-0.517916741467822,0.000731321276268434,0.000206054228864706,31.9224385511539,-3.71147597387198
"RPL23AP42","RPL23AP42",-0.502557043294367,0.000739765387150725,0.000208598373698027,10831.3725474289,-3.7083691892853
"AL445213.1","AL445213.1",-1.83997323970769,0.000743958563605693,0.00020986371187985,0.912364446244653,-3.70683724903953
"CATIP","CATIP",-0.543572622053263,0.000750779912585619,0.000211976299221735,17.2779768108177,-3.70429877475424
"CHGB","CHGB",-0.883872110626658,0.00075227807451979,0.000212462200725701,24.2145995473188,-3.70371827962153
"AC245052.5","AC245052.5",-0.923420441650826,0.000752591417106206,0.000212571674690932,2.85133731584196,-3.70358766574071
"AL161645.1","AL161645.1",-1.3908158114108,0.000754084709788016,0.000213014479414404,1.73976864679082,-3.70305999710943
"AC090912.1","AC090912.1",-0.724658117700265,0.000756022398166165,0.000213667208223185,4.67955742930854,-3.70228404752485
"RPSAP9","RPSAP9",-0.598320469936167,0.000759086704224136,0.000214575561464445,6.10130953929559,-3.70120791333178
"LINC00861","LINC00861",-0.91330068721801,0.000760316768481436,0.000214944464555783,68.4697749862486,-3.70077209152635
"AC068282.1","AC068282.1",-0.532046672522246,0.000760420795793131,0.000214995069873999,69.2658198363886,-3.70071236123654
"GGT8P","GGT8P",-1.30988888677483,0.000760650630668572,0.00021508125428577,1.81872536964448,-3.70061066673744
"PLA2G4F","PLA2G4F",-1.70125541412221,0.000766042685725816,0.000216840793687684,42.5157380754539,-3.6985427951109
"MIR8061","MIR8061",-1.6306351193024,0.000771706889021164,0.000218637737143167,0.966113866993114,-3.69644716253067
"COL5A2","COL5A2",-0.680560523993769,0.000775125432888603,0.000219714300405413,22948.696477608,-3.69519938512797
"AC023043.1","AC023043.1",-0.571788727538635,0.000776600127213674,0.00022015395940803,30.5527087777383,-3.69469145383087
"AL161773.1","AL161773.1",-0.930704329439815,0.000780290932529233,0.00022126549565491,2.74885536676252,-3.6934115479805
"TCF3P1","TCF3P1",-1.06007547758582,0.000788254857925611,0.00022361169865112,2.63082867786421,-3.69072965407848
"IGKV1-22","IGKV1-22",-3.1961935682342,0.000791909562912605,0.000224815444813573,1.22130923312451,-3.68936391432734
"IGKV2D-26","IGKV2D-26",-2.25064697207091,0.000793558490047073,0.00022531531093016,8.91832290097265,-3.68879879504821
"MROH9","MROH9",-1.07689007902042,0.000797749798624215,0.000226594298201554,2.10796706369234,-3.68735818735589
"LINP1","LINP1",-1.4248095924574,0.000803351157795107,0.000228409249045577,2.80524418836542,-3.6853269339764
"TMEM51-AS1","TMEM51-AS1",-0.6159193753534,0.00080523201629363,0.000229033797749413,48.6001824410718,-3.68463145487203
"GAL3ST2","GAL3ST2",-1.39769807915205,0.000812611110215146,0.000231313858049256,2.42458419292384,-3.6821074675501
"C1QTNF6","C1QTNF6",-0.76042353393503,0.000815701675169844,0.000232261814964738,1507.20568407858,-3.68106496115772
"COX6A1P2","COX6A1P2",-1.14785816106282,0.00081921758878879,0.00023330860222035,1.89867415740076,-3.67991839605958
"AP000580.1","AP000580.1",-0.686184923813682,0.000830269052715117,0.000236681812879815,6.67847799162901,-3.67625622115806
"IGKV2OR22-3","IGKV2OR22-3",-2.82825878660406,0.000830390856231166,0.000236745301115885,1.74261111233891,-3.67618776491374
"IGLV3-32","IGLV3-32",-2.651551886813,0.000831279125532674,0.000237029517562999,3.11461738123617,-3.67588151929507
"DCLRE1CP1","DCLRE1CP1",-1.44599751463827,0.000840129029288857,0.000239638755587815,1.85597482479878,-3.67308603392141
"TTC41P","TTC41P",-0.615612342913644,0.000846158676368673,0.000241429413555672,11.5030649526257,-3.67118403541214
"STYK1","STYK1",-0.563539333970048,0.000848414696804599,0.000242144057995325,19.4149595703426,-3.67042864817974
"LINC01841","LINC01841",-0.880479982548822,0.000848706291060911,0.000242250938549512,3.69018994829695,-3.67031585406168
"CNTNAP2","CNTNAP2",-0.763190607432291,0.000850912715260024,0.00024290444925374,29.6204641949855,-3.6696271991834
"RNU7-181P","RNU7-181P",-1.0405232169254,0.000851046179276512,0.0002429662708892,3.31930030554865,-3.66956214295242
"AL109924.4","AL109924.4",-1.52815862313663,0.000851361986165521,0.000243103893694205,1.03394375468277,-3.66941737527183
"IFNE","IFNE",-1.47725431661758,0.000852545692902974,0.000243513190666948,2.55266376359846,-3.66898728297436
"CHRM3-AS2","CHRM3-AS2",-0.958854235752298,0.000852775599307766,0.000243602629733965,11.4199937314316,-3.66889339003
"C22orf42","C22orf42",-1.0221513578694,0.00085477446579641,0.000244245102407777,1.61044340725265,-3.66821987251501
"FAM209B","FAM209B",-0.717623473673,0.000856042029175415,0.000244631160504707,5.37511797141673,-3.66781595868147
"ACTN3","ACTN3",-1.32152764359443,0.000859994505208972,0.000245832575635345,25.0715358282557,-3.66656279117359
"RF00592","RF00592",-1.26581228945449,0.000867729989301837,0.000248213105232487,1.66356724236153,-3.66409659541297
"RPL5P9","RPL5P9",-1.03268229652934,0.000868345897034154,0.00024846189917925,1.98470915584445,-3.66384013016954
"RLN2","RLN2",-1.00035734671376,0.000868345897034154,0.000248458140353227,3.98308258607896,-3.66384400310253
"MIR17HG","MIR17HG",-0.751414632214209,0.00087071062162552,0.000249211335549849,15.4255349447266,-3.66306903875688
"TRPV5","TRPV5",-1.03359602638963,0.000873840829678397,0.000250253398860372,2.07375951447979,-3.66200047164876
"FP671120.4","FP671120.4",-0.673886270967011,0.000875578798375827,0.000250860622519978,735.181989671528,-3.6613797267192
"SNORD89","SNORD89",-0.597173328813939,0.000878861032686189,0.000252009573330811,7.87083760958906,-3.6602090379025
"PHLDA2","PHLDA2",-0.53356768665371,0.000879674316818945,0.000252316340629044,492.946736043686,-3.65989731329756
"AC023510.2","AC023510.2",-1.14301937219475,0.000887168919140797,0.000254639118059729,4.14116667393998,-3.65754846890043
"MIR589","MIR589",-0.850101752194131,0.000887216378101122,0.000254677470708999,2.17250669756395,-3.65750985472438
"ROR2","ROR2",-0.619502043041974,0.000892041753507244,0.000256112336198595,702.213356287385,-3.65606910910549
"HP","HP",-1.40636464877497,0.000899073563772031,0.000258281592982148,585.15463125566,-3.65390527011734
"PRKCG","PRKCG",-1.25325792730357,0.000901965773367921,0.000259137595152701,3.93909246781869,-3.65305609183298
"DQX1","DQX1",-1.62345376434309,0.000902118316846764,0.000259222971654759,3.79512443105119,-3.652971540237
"RPLP0P6","RPLP0P6",-0.575966443619419,0.000902586220905702,0.000259416488467141,23.5749942762337,-3.65277998980498
"IGKV1OR2-1","IGKV1OR2-1",-2.96563343005501,0.000918193092330081,0.000264260450963292,2.19182724687953,-3.64802838258329
"AL671277.2","AL671277.2",-0.993453046205663,0.000918572854458922,0.000264395353174713,39.778026478109,-3.64789722460613
"THEM7P","THEM7P",-1.25318660388732,0.000922644513624912,0.000265670183296037,1.78944035782351,-3.64666086601549
"FAM57B","FAM57B",-0.784524425696713,0.000924747444998661,0.000266369422194326,17.1975196981177,-3.64598508848683
"SERPINI2","SERPINI2",-0.879733724582958,0.00092611279612678,0.000266797930257011,7.75441454073773,-3.64557177938864
"AL356124.1","AL356124.1",-0.903509458804675,0.000951100941737694,0.000274791951529232,5.9594889463105,-3.6379732553045
"SERPINE1","SERPINE1",-0.911902797093485,0.000957421538555695,0.000276938349981671,3855.28437219387,-3.63596833640707
"TJP3","TJP3",-0.958820255011392,0.00096160320449825,0.000278194377264975,31.6759680696057,-3.63480184371483
"LINC00243","LINC00243",-0.569010707476632,0.000965819644282766,0.000279529069451929,18.5053381852299,-3.63356769003888
"CCDC154","CCDC154",-1.03959738512668,0.000974932899718636,0.000282438400746363,9.46064538240916,-3.63089653555908
"LINC01842","LINC01842",-0.765827149019216,0.000979167250290554,0.000283828856746243,4.6644673449666,-3.62962900457774
"AL031123.3","AL031123.3",-0.895725636366746,0.000983160016588703,0.000285013635471011,3.25004266395054,-3.6285535501842
"AL035446.1","AL035446.1",-0.745581911838085,0.000985992442883081,0.000285889711243758,17.0060036976155,-3.62776100386222
"AC103591.3","AC103591.3",-1.08732765198285,0.000998093096559761,0.000289648703227419,2.14800310197025,-3.6243860362548
"EPHA1","EPHA1",-0.813272268478333,0.000999436449636219,0.00029006640595435,83.693006500495,-3.62401354332338
"ANKRD20A19P","ANKRD20A19P",-0.576804997010792,0.000999906238368501,0.000290230624672647,22.6643010118999,-3.62386723631299
"APOE","APOE",-0.792778169294345,0.00100181056542035,0.000290839220595204,26352.7943922243,-3.6233256967426
"AL590682.1","AL590682.1",-1.20182545484706,0.0010038676864063,0.000291576342644004,1.36043412306245,-3.62267121202319
"SULT1C2","SULT1C2",-0.724481423139883,0.00101348745414296,0.000294596436844677,36.0044793220832,-3.62000577838812
"ANKRD30BP2","ANKRD30BP2",-1.12943144940561,0.00101763624896785,0.000296000954926258,4.54320892297122,-3.6187749064921
"AC000067.1","AC000067.1",-1.57325067378842,0.00102546318748305,0.000298506259704125,0.879877771203284,-3.61659286170437
"BBOX1-AS1","BBOX1-AS1",-0.6636125710916,0.00103058641187879,0.000300083781421208,16.2226699790945,-3.61522767152266
"AL033527.5","AL033527.5",-0.784378625505641,0.00104931784469817,0.000305830449732796,5.8149265969536,-3.61031069028349
"LCN1","LCN1",-1.44957701944544,0.0010518970436733,0.000306699458587392,5.86631202933986,-3.60957468873145
"TRAJ33","TRAJ33",-1.79621179743535,0.00105674712325693,0.00030826086815007,0.606419311839055,-3.60825715546675
"AC026124.2","AC026124.2",-0.66743731404811,0.00105956953265697,0.000309202325780788,4.65722716791194,-3.60746576043183
"IGKV2D-23","IGKV2D-23",-2.64285619215634,0.00106509331256607,0.0003109330247388,0.918423554495021,-3.60601679227184
"NEFL","NEFL",-1.06666136866117,0.00106629027094522,0.0003113392387569,66.3910074884272,-3.60567779789057
"AC091057.4","AC091057.4",-0.866830540162775,0.00106706834469041,0.000311598828682278,3.43075208912962,-3.6054613812895
"DOK5","DOK5",-0.500974192085492,0.00107130025525325,0.000312924191632021,341.231645982673,-3.60435906831418
"CCDC187","CCDC187",-1.44307051158676,0.00107275407587539,0.000313468459300396,1.67762929097457,-3.60390766292923
"LINC02201","LINC02201",-0.86240151545778,0.00108836485727589,0.000318181759529185,3.7610487847604,-3.60002894469654
"LINC00160","LINC00160",-1.27814084883516,0.00109545012492389,0.000320375267197253,3.44814397393544,-3.59824214746615
"AC133561.2","AC133561.2",-3.3673471667892,0.0011073628975445,0.000324075346656995,1.3207947360665,-3.59525390886695
"AL121760.1","AL121760.1",-0.725120620906235,0.00111152569757653,0.000325448527591466,6.19534370660942,-3.5941530266424
"SLC38A5","SLC38A5",-0.584244515776967,0.00111193371920634,0.000325598988718121,598.445070269578,-3.59403266600872
"ELAVL4","ELAVL4",-0.963902394776518,0.00111474804665422,0.000326454159669666,13.6023744380712,-3.5933495633539
"PLEKHD1","PLEKHD1",-0.643618542167298,0.00111630045619508,0.000326939899463184,17.4133612960514,-3.59296230430044
"KCNJ6","KCNJ6",-0.731009739967485,0.00111649522658854,0.000327028065254142,240.4847442629,-3.59289207132125
"CYP24A1","CYP24A1",-1.49260603921145,0.00111760879785043,0.000327385389731295,2.28091903417407,-3.59260760752076
"AC010210.1","AC010210.1",-0.579115565709386,0.00111793826276353,0.000327513063181735,8.90790024295077,-3.59250603793206
"AP003557.1","AP003557.1",-1.37868857586399,0.00112447541360135,0.000329584919136396,1.41383057920565,-3.59086294847263
"AC010970.1","AC010970.1",-0.685102053189215,0.00113341451180211,0.000332362945342388,413369.891750421,-3.58867493311308
"AL355076.2","AL355076.2",-1.16701345837648,0.00113355685390319,0.000332467880606812,2.83563106366645,-3.58859262037328
"LGALS9C","LGALS9C",-0.863678590735314,0.00113490483582317,0.000332958143471467,8.31945244686245,-3.58820837291467
"AC011377.1","AC011377.1",-1.06021043366681,0.00113975366080072,0.000334603081687894,2.13081723109802,-3.58692299618264
"MYOD1","MYOD1",-3.70076999305009,0.00114663290845183,0.000336814427575342,6.45551110637455,-3.58520430648178
"ACSL6","ACSL6",-0.54832443227321,0.00114807554504173,0.000337302194975326,67.5414664073971,-3.58482662824537
"AC125611.3","AC125611.3",-0.583707959412366,0.00114864196571235,0.000337532643973229,419.144473469938,-3.58464836932605
"MT3","MT3",-1.06442615445137,0.0011503373583096,0.000338062906443432,12.3326473722399,-3.58423862814307
"FTLP2","FTLP2",-1.29740837666381,0.00116094437655946,0.000341341917322626,1.11358380911103,-3.58171816705867
"FAM222A","FAM222A",-0.636778795216239,0.00116403179282328,0.000342347022887205,43.8712272711199,-3.58095011251752
"AC021028.1","AC021028.1",-0.760576121522892,0.00117887023013902,0.000346941097973736,6.3170155651382,-3.57746617537198
"TONSL-AS1","TONSL-AS1",-0.791196928824746,0.0011813088983551,0.000347691725651051,3.01637966343799,-3.5769010390634
"LINC01501","LINC01501",-2.43214340665283,0.00118458192177844,0.000348773933292379,0.674793055616955,-3.57608826668236
"MAP3K14-AS1","MAP3K14-AS1",-0.518581734253261,0.00118458192177844,0.000348789912086056,27.0440915578419,-3.57607628378107
"CREG2","CREG2",-0.688739176248348,0.00119376200683006,0.000351822876605274,23.5172213269131,-3.57381103369314
"SDC1","SDC1",-0.837946694553898,0.00119529874180532,0.000352309098142145,4248.88987291302,-3.57344958606308
"AC035139.1","AC035139.1",-1.9200955227285,0.00120019072177558,0.000353884807106399,0.748489819506953,-3.57228143211013
"LINC01282","LINC01282",-1.94021378516306,0.00120538742436403,0.000355484291282826,1.08469653548143,-3.57110061700673
"RAB4B-EGLN2","RAB4B-EGLN2",-0.657493158923389,0.00120971292541595,0.00035686109797009,21.4060528723907,-3.57008816557678
"RN7SL680P","RN7SL680P",-1.12987879370098,0.00121601600650778,0.000358856068596457,1.85608363462193,-3.56862760223996
"TNR","TNR",-0.700346457083802,0.00121929911618828,0.000359858928005617,46.2062427491478,-3.56789625160498
"AL080243.1","AL080243.1",-1.44550673314561,0.00122000432187695,0.00036010106660223,0.693402878687832,-3.56771995397202
"LINC01572","LINC01572",-0.566956092995444,0.00122354684324053,0.000361283113880055,10.0514114773611,-3.56686091059092
"TRPA1","TRPA1",-0.570880985288485,0.00123317086767412,0.000364227972512193,29.0326175981292,-3.56473213474248
"LPO","LPO",-0.759895928546523,0.00123357598383786,0.000364382012563898,10.290982232852,-3.56462122589946
"AL022341.1","AL022341.1",-0.8162219337026,0.00123761407208653,0.000365643806273034,4.01367933930048,-3.56371438111505
"AC067945.3","AC067945.3",-1.34065403962735,0.0012395454165064,0.000366283511090853,1.8484970516104,-3.56325574564235
"SCG2","SCG2",-0.927920367984867,0.00125111280506813,0.000369980648054851,1118.27259796735,-3.56061966941906
"PRR22","PRR22",-0.552901742357414,0.00125183601718749,0.000370229411633708,14.7413339465013,-3.56044318527376
"RF00397","RF00397",-1.79025999990885,0.00125272993341339,0.000370633463783966,0.667201574070058,-3.56015676851434
"AL390066.1","AL390066.1",-0.58280803144636,0.0012529202296547,0.000370740565480601,18.8517730820979,-3.56008089725545
"PRLR","PRLR",-0.62816315956132,0.00125469260384742,0.00037131906271911,95.4324278894492,-3.55967144146575
"THBS2","THBS2",-0.620743907036447,0.00126765108734963,0.000375366062743279,11119.9646785628,-3.55682357340085
"AL121845.3","AL121845.3",-0.619729804605608,0.00127387816058431,0.000377494041119772,102.714937812651,-3.55533761195204
"TRAJ31","TRAJ31",-1.0318737100771,0.0012766539167617,0.000378458938111796,4.76315550373847,-3.55466640544634
"RNY3","RNY3",-1.19644046762271,0.00127777858858639,0.000378863577610967,4.08252272608431,-3.55438540400904
"AC133555.2","AC133555.2",-1.06301744708118,0.00127952084394932,0.000379415825447607,2.53495638086718,-3.5540023484726
"LINC02521","LINC02521",-0.81883009195769,0.00128038370755276,0.000379708740345364,11.1610194440335,-3.55379938544036
"TMC3-AS1","TMC3-AS1",-0.656584527842789,0.00129204046933006,0.000383632476078156,17.1480343621541,-3.55109461627695
"Z97206.1","Z97206.1",-1.71877364595931,0.00129843942676209,0.000385677227361025,0.638761783774033,-3.54969532830396
"LINC00494","LINC00494",-0.813309901078585,0.00130704848701026,0.000388452988669085,16.4225798416075,-3.54780684025512
"RPS19P3","RPS19P3",-0.625596997459436,0.00131045445035601,0.000389501764575502,9.73837614753026,-3.54709658698843
"MIR4263","MIR4263",-0.678125383653201,0.00131586228622547,0.000391209211206735,3.744849846229,-3.5459440821074
"AC067945.1","AC067945.1",-1.16781951857721,0.00132743054023221,0.000394880521961203,2.51660623172127,-3.54348182889
"IGLVI-56","IGLVI-56",-2.3193688033438,0.00132846909599439,0.000395226499276603,1.1414848957777,-3.54325089491532
"MIR616","MIR616",-0.815034925340662,0.001332441717338,0.000396556939819312,4.36321738944002,-3.54236460468286
"KRTCAP3","KRTCAP3",-1.04342127456115,0.00134029198762634,0.000399117471883267,17.3314318411747,-3.54066666382748
"CYP1B1","CYP1B1",-0.584465216964714,0.00134094168582215,0.000399348319758156,29360.2194607763,-3.54051408442928
"DDX12P","DDX12P",-0.927633077148576,0.00135008941802216,0.000402147889086684,9.15267090404074,-3.53867023335365
"YEATS2-AS1","YEATS2-AS1",-0.60589780142736,0.00135027051400247,0.000402239469913433,11.7629492133049,-3.53861011920963
"APOC4-APOC2","APOC4-APOC2",-2.02270201707815,0.00135996096990835,0.000405315754432338,2.44712386898115,-3.53659822170514
"AC116021.1","AC116021.1",-0.969142462959141,0.0013649798705342,0.00040692570635159,2.18251062261511,-3.53555098847331
"SPERT","SPERT",-1.4647916760494,0.00136534419400064,0.000407072376279606,1.73786358533556,-3.53545577582186
"CEACAM5","CEACAM5",-1.43127568475163,0.00136636034823399,0.000407413425646245,4.64437339815221,-3.53523450311361
"AC012447.1","AC012447.1",-0.917000231677861,0.00137700054225638,0.00041085474018989,4.37689318074026,-3.53301140943258
"AC005479.1","AC005479.1",-0.833187558360625,0.00138961010663464,0.00041500439533055,3.17029186265455,-3.53035374198903
"GK-AS1","GK-AS1",-0.900043143646045,0.00139136780680219,0.000415606896660411,5.20465748877239,-3.52996993216734
"AC009690.2","AC009690.2",-0.559400163953626,0.00139391691149431,0.00041648488848244,29.2408608299524,-3.52941155672058
"AC011933.3","AC011933.3",-0.896046176610175,0.00139578312799536,0.000417120304257512,3.54458056884872,-3.52900813736046
"FOXD4L6","FOXD4L6",-1.77459934840493,0.00140193637688472,0.000419193631075746,0.645658648567315,-3.52769578200572
"TMSB4XP4","TMSB4XP4",-0.507556726930484,0.00140224279929055,0.000419324341485409,93.7245017984134,-3.52761324939272
"AL121935.1","AL121935.1",-1.77304014314283,0.00140500183446506,0.000420227726377981,1.41601763088076,-3.52704349388225
"RPSAP8","RPSAP8",-0.997232950259478,0.00140642465091116,0.000420692485823769,3.39007142097445,-3.52675082035038
"MIR4664","MIR4664",-0.733433523505496,0.00141826456841376,0.000424417222120043,6.69237143330941,-3.52441608423137
"KNDC1","KNDC1",-0.709207404197046,0.00141826456841376,0.000424431732585091,45.1814986600462,-3.52440702626534
"RNU4-1","RNU4-1",-1.08780286669478,0.00143508489037399,0.000429785423335976,4.91195558519857,-3.52108463064542
"AL365226.2","AL365226.2",-2.63303780047954,0.00143733373338396,0.00043049898160866,2.59836085061387,-3.52064473209231
"MEIKIN","MEIKIN",-0.839843874992469,0.00144543983043554,0.00043324918457626,10.8463071347782,-3.51895561482467
"AC012313.3","AC012313.3",-0.623504301313116,0.0014618396816012,0.000438572278552578,31.895924749848,-3.51571452769642
"GCSAML-AS1","GCSAML-AS1",-1.89994908039397,0.00146288625479763,0.000438967819732308,1.7961717796015,-3.51547516151848
"DNAH8","DNAH8",-1.32135148128933,0.00146817666912754,0.000440923635768088,7.72223128059247,-3.51429452859894
"LY75-CD302","LY75-CD302",-1.20607342254296,0.0014797384893247,0.000444602123384836,21.5368554043138,-3.51208718354443
"TGIF2-RAB5IF","TGIF2-RAB5IF",-0.716269697058306,0.00148760129257403,0.000447088979415559,12.0818252087108,-3.51060453627678
"FP671120.3","FP671120.3",-0.672830281110482,0.00149437405610508,0.000449374419993355,478559.135352284,-3.50924874326218
"FP236383.3","FP236383.3",-0.672779372041244,0.00149558905586029,0.000449823161330524,478553.094026959,-3.5089832922562
"FP236383.2","FP236383.2",-0.672756506221854,0.00149587142996877,0.000449949786781686,478553.472212798,-3.50890843222429
"AL109924.5","AL109924.5",-1.76112433685004,0.00150186039883719,0.00045187682634282,0.776673918313969,-3.50777160048302
"FUNDC2P1","FUNDC2P1",-1.18475893449899,0.00150264662465804,0.000452155270053898,1.22923584300678,-3.50760771050369
"TPI1P1","TPI1P1",-0.698315523119502,0.00151238450290247,0.000455380554713657,3.78926423544788,-3.50571616433338
"C1orf147","C1orf147",-0.940517265780269,0.00153116634265885,0.000461633314625731,3.93843568914084,-3.50208442580459
"MIR210HG","MIR210HG",-0.603183368681839,0.00153322684422786,0.000462382751991671,163.248292939543,-3.50165222097889
"APBA2","APBA2",-0.566560617217171,0.00154390336135174,0.000466161984952252,89.5263037153935,-3.49948262476
"LINC01205","LINC01205",-0.577692660913589,0.00154527459741524,0.000466705233811682,10.9852926931052,-3.49917210437534
"MYOZ1","MYOZ1",-1.38611054111871,0.00154797167040964,0.000467735551421339,133.225534525069,-3.49858410123216
"TYMSOS","TYMSOS",-0.647643094743527,0.00155400626857304,0.000469775553524031,12.9534094387405,-3.49742342656268
"LINC01498","LINC01498",-1.12498317423605,0.00156997549488672,0.000475084431288925,2.33936693696056,-3.49442479800087
"AC125611.1","AC125611.1",-1.1819959081934,0.00157126540928256,0.000475518565814097,2.48621857928867,-3.49418096908406
"SNORD3A","SNORD3A",-0.767841127225874,0.00157724409499394,0.000477415850244994,42.1527809876244,-3.49311780209681
"AC006270.1","AC006270.1",-1.43150366598802,0.00160111772356379,0.000485133091432429,0.856634293809857,-3.48883357531204
"CALR3","CALR3",-1.3648369980978,0.00160698460065053,0.000487179498722653,0.961781980577215,-3.48770817585077
"TNFRSF25","TNFRSF25",-0.665499376774682,0.00161198706284514,0.00048874099742346,177.78102518807,-3.4868524081213
"RPS20P14","RPS20P14",-0.774398599596651,0.00161220315799484,0.000488851455126629,4.19065206815839,-3.48679196920358
"AC022079.1","AC022079.1",-0.892699757153067,0.0016171708068962,0.000490447899067056,2.24993612254513,-3.48591986544259
"SNORA3B","SNORA3B",-0.962491651425503,0.00162847529120719,0.000494330199895366,3.0582976779866,-3.48381004286834
"IGHVII-60-1","IGHVII-60-1",-2.03609813379145,0.00163390774508163,0.000496161420903673,0.985608147532293,-3.48282022987487
"GTSF1L","GTSF1L",-1.8774918439436,0.00163531303003122,0.000496633741106346,1.01599352244083,-3.48256548362227
"HIST1H2AB","HIST1H2AB",-1.99102385773917,0.00165123379849391,0.000501921987799064,1.01688465511084,-3.47972858495942
"LAG3","LAG3",-0.552610690030247,0.0016546686575669,0.000503019271900339,461.96559954435,-3.47914343579461
"AL137246.2","AL137246.2",-3.70749630545406,0.00166057419227898,0.000505092281146989,2.68193457447932,-3.47804120175446
"RBFOX1","RBFOX1",-1.14162921258866,0.00166107361172774,0.000505349930561637,10.0879023629806,-3.47790450247839
"AL109761.1","AL109761.1",-1.31505394753069,0.00166473258276755,0.000506728356900952,1.94885296150476,-3.47717426214879
"AC012414.1","AC012414.1",-2.28927795589762,0.00166552416339275,0.000507201435123785,0.907792629493559,-3.4769240692424
"WDR97","WDR97",-0.684840116150611,0.00167263090977143,0.000509594804774641,12.4687866200453,-3.47566163272305
"TSACC","TSACC",-0.849309796663858,0.00167422114277871,0.000510176600219005,2.94973331801917,-3.47535558685247
"LINC01634","LINC01634",-1.40603794610432,0.0016937735256999,0.000516559613789061,4.85918796453624,-3.47201908427652
"COL3A1","COL3A1",-0.691183509646927,0.0017024753906786,0.000519545660687088,343712.471924712,-3.47047140410159
"ELFN1-AS1","ELFN1-AS1",-1.03077959380856,0.00170713448119278,0.000521252992529217,4.55356744808072,-3.4695902084156
"AC132872.3","AC132872.3",-0.677571383289421,0.00171510690437081,0.00052392631540069,15.111173729731,-3.4682158300879
"LINC01754","LINC01754",-1.73280863198114,0.00172163712303021,0.000526161098729011,1.20249645949296,-3.46707191488792
"TEX101","TEX101",-0.721026334441004,0.00172494636475189,0.000527364786859895,32.2633744255088,-3.46645765966739
"AC079328.1","AC079328.1",-1.05941227170014,0.00172589484594968,0.00052775098146531,1.43894844748646,-3.4662608571627
"AC012360.2","AC012360.2",-0.55316815799716,0.00173330704147495,0.000530259087949481,5.68709953842741,-3.4649859972791
"LRRC43","LRRC43",-0.556085729542615,0.00175030653940382,0.000535898732510428,8.94820169568659,-3.46213978990148
"AKR1D1","AKR1D1",-0.830963977531399,0.00175191227548861,0.000536585702663939,4.32967038611069,-3.4617949997459
"AC007192.1","AC007192.1",-1.83107770625648,0.00175371201967163,0.000537185822555304,21.7158248758079,-3.46149413613449
"WFDC21P","WFDC21P",-0.903606380288675,0.0017569833263579,0.000538285818536575,54.6221990836592,-3.46094347723834
"FLJ13224","FLJ13224",-0.639492833988004,0.00176321089871302,0.000540341201963789,4.75256053724506,-3.4599173545315
"TG","TG",-0.765961269136372,0.00177066980240516,0.000543050629349136,45.2441998255017,-3.45857025147264
"AL022318.4","AL022318.4",-2.45137061794286,0.0017815836645419,0.000546915146971428,15.9165454814947,-3.45665964286047
"AL121935.2","AL121935.2",-1.23172475483494,0.00178290364809473,0.000547370056588581,1.34368573729651,-3.45643556457607
"AC133065.2","AC133065.2",-1.28690818296151,0.00178802849621003,0.000549043119560967,2.94080299334776,-3.45561294082924
"AL031282.1","AL031282.1",-0.786194605853602,0.00178880815293981,0.000549332388040079,9.471032275684,-3.45547094802533
"DEPDC1-AS1","DEPDC1-AS1",-1.59419308641534,0.00178900911855239,0.00054944397123931,0.615404297159787,-3.4554161939554
"GPR142","GPR142",-0.78669075502799,0.00179039144504832,0.000549968326813449,10.466110958274,-3.45515903039205
"AC024610.2","AC024610.2",-0.705402095284989,0.00179802153943091,0.000552512597928538,10.9767588839298,-3.45391445846451
"AL078582.1","AL078582.1",-0.871526645537904,0.0018029576307684,0.000554129918797278,7.60084275024337,-3.45312609186406
"SNORA33","SNORA33",-0.767074754714345,0.00181627887333924,0.000558629159259237,10.0551431658506,-3.45094414891554
"ZFP57","ZFP57",-1.86224173421043,0.0018401354549297,0.000566325729836343,18.8808071497788,-3.44724930305362
"GPR78","GPR78",-1.16634156148934,0.00184025996898749,0.000566415347109684,5.70308566349683,-3.44720655710773
"PRSS2","PRSS2",-1.59042111262847,0.00184935688605548,0.000569524595878493,0.895186359066981,-3.44572738356557
"MAP3K19","MAP3K19",-0.968150231154435,0.00186012138143507,0.000573150710812076,3.02889986966294,-3.44401178886809
"TP53AIP1","TP53AIP1",-1.69022827666305,0.00186122830779086,0.000573543663906006,4.74717009786994,-3.44382648151514
"TXK","TXK",-0.518392528111996,0.00187149199318091,0.000577280289799023,54.7605847753072,-3.44207026031096
"MIR6753","MIR6753",-1.69684581957782,0.00192018766955638,0.000593157345059896,1.2899723743852,-3.4347241249964
"AL391825.1","AL391825.1",-0.626905724800258,0.00192275441612392,0.000594003824220247,4.82240035012691,-3.43433762851632
"AL354714.1","AL354714.1",-0.588410791421184,0.00193109545380044,0.000596849794891688,22.0203730245336,-3.43304192700218
"SUMO4","SUMO4",-0.569497653339007,0.00193125693050827,0.000596953535955572,12.8842529915604,-3.43299480492376
"EPHB3","EPHB3",-0.598442870032362,0.00194385059825141,0.000601171355751899,642.113044288015,-3.4310853794609
"CR1L","CR1L",-0.671882222279089,0.00195036149531415,0.00060329370072477,11.2129750815983,-3.4301292953504
"LINC01181","LINC01181",-1.66720003314418,0.00197223416789456,0.000610461868913388,0.926658274568421,-3.42692312370626
"AL078590.2","AL078590.2",-1.1802091790418,0.00198330619371248,0.000614202977342038,1.97522092513372,-3.42526369265867
"MIR941-1","MIR941-1",-1.59013041738057,0.00199114139332194,0.000616906943185322,0.810749991885052,-3.42407014902875
"MC4R","MC4R",-1.72713861640261,0.0019989100673865,0.000619703909950457,7.67119044600463,-3.42284066524582
"RGS4","RGS4",-0.733384214306855,0.00200579544189729,0.000621894430668251,165.539439621852,-3.42188136157231
"TMPRSS11A","TMPRSS11A",-1.60389388762303,0.00201946727775944,0.000626245950245958,1.25892396467042,-3.41998497276619
"NCCRP1","NCCRP1",-1.00792910981091,0.00202010530051816,0.000626500113548853,109.052181898153,-3.41987458791526
"RNA5SP532","RNA5SP532",-1.15707066859317,0.00202583264888381,0.000628389288272587,1.89105461116354,-3.41905540977274
"AC020763.3","AC020763.3",-0.509775269768122,0.00202869953096293,0.000629391659362157,10.4987974734778,-3.41862169458259
"L1TD1","L1TD1",-0.814444105178248,0.00203230475538109,0.000630566807864724,99.0412999681072,-3.41811403800159
"AL031674.1","AL031674.1",-1.73534332344407,0.00204695017867752,0.000635738505667595,1.35041150047669,-3.41589030609033
"MCEMP1","MCEMP1",-0.870884200407968,0.00205617790971906,0.000638776384775441,140.017504983504,-3.41459190854692
"HCG4B","HCG4B",-0.576731158788123,0.00206818031488571,0.000642850973973256,41.6652270348602,-3.41285940741311
"ACER1","ACER1",-1.46297143686289,0.00208743084138243,0.000649474649519461,19.3257350787178,-3.41006472141948
"LINGO4","LINGO4",-1.37294872663301,0.00210520360972649,0.000655532530292813,5.41815824168917,-3.40753186882604
"TAC1","TAC1",-1.27043803763662,0.00211260383708684,0.000658131302669895,45.7345954014846,-3.40645196532032
"CAMK1G","CAMK1G",-0.764753036234187,0.00211401814644411,0.000658630824329083,8.85332495276398,-3.4062448466853
"HIST2H2AB","HIST2H2AB",-1.42078420627352,0.00214818452372686,0.000670113811986824,1.60269818956845,-3.40152344142534
"RNU4-62P","RNU4-62P",-0.794627977136849,0.00215835725467679,0.000673587953264427,9.20545397305788,-3.40010981350244
"SLC22A31","SLC22A31",-1.09952516320531,0.00216645912099251,0.000676237191271751,4.32608670726968,-3.39903638659028
"AC004990.1","AC004990.1",-0.656441203865787,0.0021753457839776,0.000679132342314957,22.8972249828116,-3.39786778122752
"FCN1","FCN1",-0.716349027298419,0.00218499574706944,0.000682449542743221,2827.64459926929,-3.39653449829968
"AL031600.1","AL031600.1",-1.10356614176168,0.00218550291053711,0.000682668867330422,6.4257017959579,-3.39644655759391
"AP000919.4","AP000919.4",-0.554973268790954,0.00218576986017466,0.000682813179734562,9.79917316038708,-3.39638870820654
"AL031055.1","AL031055.1",-0.705824877655875,0.00220676615779725,0.000689685399626965,3.20977295637296,-3.39364696748407
"AC023908.3","AC023908.3",-0.709643410250264,0.00221412978848537,0.000692228005788205,9.08510935020395,-3.39263900103228
"CYP2E1","CYP2E1",-0.824858729161204,0.00222945545214321,0.00069739230896031,33.3322074156549,-3.39060226265547
"CMYA5","CMYA5",-1.06540345381188,0.00223264559298491,0.000698639147786721,334.334386701777,-3.39011262557895
"DNAAF1","DNAAF1",-0.689249216066063,0.00224373998015515,0.000702486061522024,19.4764931226688,-3.38860703337837
"MTND2P28","MTND2P28",-0.773669255700084,0.0022459723033337,0.000703311398945652,1859.33965145544,-3.38828501405402
"TRBV21-1","TRBV21-1",-1.18385048444003,0.00224627203085827,0.000703529269372086,3.15570131118107,-3.38820006681564
"RPS26P31","RPS26P31",-0.791419726334459,0.0022498865116462,0.000704786748930452,6.29777923423786,-3.38771025527723
"PROM1","PROM1",-1.11497308576342,0.00225386560085853,0.000706158867000694,6.2121334258166,-3.38717671557068
"AC096558.1","AC096558.1",-0.792821452487665,0.00226614402438195,0.000710384827824374,10.9119154054121,-3.38553950784606
"TRBJ1-3","TRBJ1-3",-1.31828593910978,0.0022730103100402,0.000712854048732051,2.01964897301457,-3.38458707426019
"IL22RA2","IL22RA2",-2.11100913535531,0.00227531508923372,0.000713703712868211,1.88589865265633,-3.3842600486174
"SHBG","SHBG",-0.506009286319153,0.00227543224945917,0.000713803889488878,8.40590560144089,-3.38422151566647
"SLX1A-SULT1A3","SLX1A-SULT1A3",-0.664346398209946,0.00228556563409021,0.000717173863218217,186.234837644648,-3.38292817354636
"TRBV23-1","TRBV23-1",-2.06141508497967,0.00228853347665209,0.000718168916519838,0.734673819579751,-3.38254736767241
"AP002989.1","AP002989.1",-1.23505405481076,0.00229388323680852,0.000719911675630024,1.30307324001412,-3.38188159511171
"AC010327.3","AC010327.3",-0.875894212456249,0.00229609884486382,0.000720671024199767,11.1490911435861,-3.38159197537779
"UBE2F-SCLY","UBE2F-SCLY",-0.938444125728482,0.00230723203342071,0.000724486936766112,9.72327202394239,-3.38014084352695
"SPATA31E1","SPATA31E1",-1.78080801632002,0.00232360659098176,0.000730276357165695,1.28390617253365,-3.3779527190945
"Z97192.3","Z97192.3",-0.607708326448797,0.00233479187761046,0.000734182220803446,8.87595743139559,-3.37648557364389
"PSMA8","PSMA8",-0.887517537459193,0.00235610984209265,0.000741673824299716,4.04535151637286,-3.37369170508574
"AC007362.1","AC007362.1",-0.771003506962035,0.00236037505170296,0.000743411225343323,4.50083176845593,-3.37304751568666
"GK-IT1","GK-IT1",-0.938774433810097,0.00237437857593906,0.000748284994552391,2.35550409172903,-3.37124786550892
"LINC02003","LINC02003",-0.648261568756585,0.00238059945999826,0.000750577295945374,5.49570211803441,-3.37040518906222
"AC022035.1","AC022035.1",-1.75671040984816,0.00238499618886571,0.000752140540595405,0.655276238769462,-3.3698318918574
"LINC00106","LINC00106",-0.675385043304926,0.0023860875482615,0.000752573675500456,12.0007248108885,-3.36967324170448
"LCE5A","LCE5A",-2.98274177567931,0.00239434989344365,0.000755313107849528,4.43679814995015,-3.36867179256221
"AL139125.2","AL139125.2",-0.941330768474049,0.00241492074888624,0.000762138891118884,41.579232261383,-3.36619109996474
"SSTR3","SSTR3",-0.979159000594303,0.00241851930571505,0.000763476826124683,12.8870333485786,-3.36570727383738
"AC007952.4","AC007952.4",-1.58079347130385,0.00242001858151512,0.000764017573637359,2.70589457923467,-3.36551195123665
"AC008763.2","AC008763.2",-0.762057411684282,0.00243150282092202,0.000768049894541835,9.88084746694198,-3.36405947662042
"BLACAT1","BLACAT1",-1.52336765995164,0.00244830136250996,0.000773629107886074,0.895528244526541,-3.36206143011911
"STMN1P1","STMN1P1",-1.04083626010344,0.00246297169377975,0.000778607999418986,1.57831669212252,-3.36028963629779
"HIST1H1A","HIST1H1A",-1.77261371053042,0.00246794796577977,0.00078031871152167,0.775192434286281,-3.35968328748132
"AC105105.1","AC105105.1",-1.85581950940389,0.00251930001093898,0.00079780238423358,2.34462937863904,-3.35355610289385
"DHRS7C","DHRS7C",-3.16772581367995,0.00252226814593047,0.000799040487205568,3.16746799265649,-3.35312694654091
"A2ML1","A2ML1",-1.09531089065836,0.00252756307940363,0.000800858802051039,37.8546653238536,-3.35249779211373
"MTCO2P12","MTCO2P12",-0.683631380943724,0.00253104860196425,0.000802104294236421,11.4255374068205,-3.35206760438166
"LILRB1-AS1","LILRB1-AS1",-1.5631538025662,0.00254940348778329,0.000808418510857776,0.846588106982699,-3.3498961924765
"NPPC","NPPC",-1.09759479873045,0.00255103172731085,0.00080900593621228,10.2794455979797,-3.3496949822073
"IGHV3-76","IGHV3-76",-2.46791998381131,0.00255347020466146,0.000810063955379849,1.30668530489792,-3.3493329216063
"PLAC8","PLAC8",-0.712499183295548,0.00258505083236435,0.000821019350075523,212.05211498375,-3.34560949666628
"AC131902.2","AC131902.2",-1.4497375665562,0.00259715323543789,0.000825152685087694,0.926422345970844,-3.3442166611724
"OBSCN","OBSCN",-0.769275432953105,0.00260315342911996,0.000827566964713956,422.84421113676,-3.34340609798736
"BX322234.2","BX322234.2",-1.18022121814682,0.00260726222061033,0.000828990622566462,1.29754648660631,-3.34292915085521
"UGT2B15","UGT2B15",-1.63574545728226,0.0026223495008564,0.000834254351310776,1.87025098689577,-3.34117229468477
"AC008687.4","AC008687.4",-0.791225334330184,0.00262813957490409,0.000836242877979935,3.43666240699954,-3.34051126611184
"KRT80","KRT80",-1.33957247370968,0.00263631688479059,0.000839044994073378,115.40811852332,-3.3395822537493
"AL161781.2","AL161781.2",-0.996664448137791,0.00264320390371811,0.000841404559734098,4.38365737428896,-3.33880219361756
"TUBBP10","TUBBP10",-1.09403010584045,0.00265304832422335,0.000844834120025854,2.33628280317541,-3.33767200892503
"CCDC177","CCDC177",-1.35235013196178,0.00269160820297778,0.000857937910169775,1.03486806582203,-3.33339258794084
"HERC2P10","HERC2P10",-1.21342293043561,0.00269472185479997,0.000859081083020134,2.13835207617775,-3.33302213199034
"AC006042.3","AC006042.3",-0.763088602188838,0.00269582158782828,0.000859506824294909,12.4522940876521,-3.33288428332803
"AC003688.1","AC003688.1",-1.4976227290999,0.00271014038748667,0.00086437425264453,2.36948063138954,-3.33131276685039
"AC004951.3","AC004951.3",-0.512961933361089,0.00271014038748667,0.000864315844173923,13.2926096461949,-3.33133157613674
"LINC02432","LINC02432",-0.607961837589328,0.00271695211393603,0.000866925459183992,24.8113227219218,-3.33049234931903
"GABRR2","GABRR2",-1.00215625770632,0.00272816954764351,0.000870842600740258,5.19481969008601,-3.32923702116556
"AL031733.2","AL031733.2",-0.622670252336777,0.00273607340365875,0.000873711168817372,24.1319876710692,-3.3283210463179
"AC060814.3","AC060814.3",-1.09700478186056,0.00276381322291888,0.000883341670076316,3.44003484191152,-3.32526615120364
"CES3","CES3",-0.501296810532201,0.00276516105066844,0.000883926604294515,137.726769360692,-3.32508160015631
"C10orf99","C10orf99",-3.13622621626291,0.00277834278237854,0.000888450129601299,7.78188074260626,-3.32365820570757
"RNA5SP108","RNA5SP108",-1.36498459363414,0.00278884480089469,0.000892119384949617,0.764213875229481,-3.3225085461962
"AC104581.3","AC104581.3",-1.12311882078949,0.00280566069859686,0.00089767952420161,1.64399106495026,-3.32077475647977
"THAP12P7","THAP12P7",-0.704401049776625,0.00280566069859686,0.000897733216980998,3.64128955220339,-3.32075806231277
"AC002128.1","AC002128.1",-0.751583844452314,0.0028120324806676,0.000899928777994277,4.87485432272205,-3.32007620955453
"MIR3681HG","MIR3681HG",-0.974473279095143,0.00283282191231689,0.000906897830326396,2.84556630536906,-3.31792207071136
"AC007207.1","AC007207.1",-2.08399270761344,0.00284147109453779,0.000910062797943951,0.696352058577769,-3.31694883843113
"ACRV1","ACRV1",-1.01183710266891,0.00286756277010857,0.000919218727700309,1.67204638038003,-3.31415093581337
"KRT2","KRT2",-1.95134168296009,0.00287035379514514,0.000920193421546042,4396.20608369942,-3.3138546079048
"AL445183.1","AL445183.1",-4.32975780227912,0.00288814736978352,0.000926380816281504,5.12605058727304,-3.31198026210023
"AC007881.2","AC007881.2",-1.79805585591064,0.00289164055217323,0.000927662470103462,1.20783823005104,-3.31159346174102
"EME2","EME2",-0.502966061577769,0.00289672451018318,0.000929454936215152,164.66177583629,-3.31105332899594
"LINC00563","LINC00563",-1.35627216332853,0.00292375851311196,0.00093869966701111,1.07331724409962,-3.30828280080245
"IGKV1OR9-1","IGKV1OR9-1",-1.86859647272603,0.00293041258130636,0.000940999384993708,33.8797202973936,-3.3075975316195
"FATE1","FATE1",-0.796416363039262,0.00293796683068825,0.000943670851289776,9.45215927363609,-3.30680343423447
"LGMNP1","LGMNP1",-0.959767916028105,0.00295074200515957,0.000948349974062435,1.43548910723821,-3.30541756265143
"ABHD17AP5","ABHD17AP5",-1.32499940213997,0.00300221516330251,0.000966734203943432,1.33778794110586,-3.30003311538223
"AC015917.2","AC015917.2",-0.690745744488717,0.00300226072382651,0.000966832561459727,5.83108218368844,-3.30000456394687
"AL713999.1","AL713999.1",-1.195381428315,0.00301326800289264,0.000970629269447453,7.62382386357564,-3.2989044980893
"SNORD83A","SNORD83A",-1.14897644634439,0.00301706253694244,0.000971935658242337,1.72071794127914,-3.29852690368421
"SERPINB2","SERPINB2",-1.46676289543677,0.00303939243781882,0.000979806928038317,30.8157993236343,-3.29626171519276
"ITGA6-AS1","ITGA6-AS1",-0.515336605141411,0.00306220074019731,0.000987415697912264,15.2098232565998,-3.29408802914771
"AF127936.2","AF127936.2",-0.911705542735317,0.00306233973174265,0.000987716600306459,5.30451068915647,-3.29400238602503
"USP32P2","USP32P2",-0.591906511891764,0.00307236678986113,0.000991293256937772,63.5231984106532,-3.29298624056518
"SIRPB3P","SIRPB3P",-1.54208076576269,0.00307652547054724,0.000992720804099091,0.706670556293015,-3.29258161505108
"LRRC39","LRRC39",-0.779957718079935,0.00308211910568841,0.000994783473861075,24.4002797129407,-3.29199792020952
"ANKRD44-IT1","ANKRD44-IT1",-0.615658383580036,0.00309846710593702,0.00100023268442806,18.8520145375777,-3.290461274415
"RNY4P18","RNY4P18",-1.44828940088895,0.003103187902071,0.00100201612982831,1.23959673049439,-3.28996003621386
"TM4SF19","TM4SF19",-0.87697143083365,0.00310637228625154,0.00100321754170064,44.3654357121271,-3.28962284418333
"LINC00677","LINC00677",-1.13720085459899,0.00310969734655086,0.0010044647484831,1.90344576003904,-3.28927319444164
"PRKXP1","PRKXP1",-0.834597763641429,0.00310993578379427,0.00100462845431057,7.14069185012294,-3.28922732996909
"SYT6","SYT6",-0.85433521469706,0.00313024415999395,0.00101171236334857,10.1649838164358,-3.28724927125941
"TVP23BP1","TVP23BP1",-1.40751665052438,0.00316815017720928,0.00102520015072397,0.735376461445142,-3.2835182267667
"KRT77","KRT77",-2.1649781742431,0.00318001472572948,0.00102930539359361,37.4101003124636,-3.28239163493048
"SLC5A4-AS1","SLC5A4-AS1",-1.46179777472119,0.00318592796534562,0.00103130819405042,0.839967889276443,-3.28184351969119
"AC073612.1","AC073612.1",-1.95347100099675,0.00318896712038889,0.0010323808818452,6.82302095976309,-3.28155035745219
"C1QL2","C1QL2",-1.32829122778409,0.0032316875759962,0.00104720189744825,10.339519907178,-3.27752841517901
"HAGLROS","HAGLROS",-0.500634712288086,0.00324105163869851,0.00105086864561229,47.5604896815394,-3.27654150874279
"MTCO1P40","MTCO1P40",-1.12629304805503,0.00324530574447356,0.00105242890679318,5.09201188958308,-3.27612252996756
"AC111182.1","AC111182.1",-0.704252944710881,0.00326049223392794,0.0010579899678092,5.21376785031931,-3.27463387162246
"TRAJ10","TRAJ10",-1.59988506629056,0.00326281834566109,0.00105901761162028,0.653195235543259,-3.27435957109223
"AC092155.2","AC092155.2",-0.711108510715143,0.00326472536595799,0.00105981858151768,3.67744953860813,-3.27414594548523
"AC063977.1","AC063977.1",-1.79622506854302,0.00329932138826459,0.00107196906206584,0.800525950655407,-3.27092349419821
"LINC02542","LINC02542",-0.590609718896176,0.00331191179540197,0.00107670598661388,48.9518169133009,-3.26967635244552
"CAMKV","CAMKV",-0.919116539281886,0.0033144928026398,0.0010776374648081,12.9221045765058,-3.26943170929743
"PROM2","PROM2",-0.917557742780638,0.0033396175477976,0.0010866440595245,41.8711436157628,-3.26707625659492
"SCARNA21","SCARNA21",-0.98490253760705,0.00334848815882837,0.00108990372768331,3.41213287615968,-3.26622821907267
"LINC02156","LINC02156",-1.04838271740882,0.00335380428791705,0.00109200802472917,2.50424688987123,-3.26568200875328
"PTOV1-AS2","PTOV1-AS2",-0.784955747351045,0.00336882799827161,0.00109727540515132,21.9321788500736,-3.2643190162336
"AC009407.1","AC009407.1",-0.817138575360746,0.00338604852185083,0.00110354506808306,3.23402504045992,-3.26270453743601
"HIF1A-AS1","HIF1A-AS1",-0.718340990425928,0.00339114022697975,0.00110539355579934,3.64927273325004,-3.26223015884638
"SNHG25","SNHG25",-0.635161228416477,0.00340057356642522,0.00110884765379909,9.04104077709776,-3.26134569412335
"BLACE","BLACE",-0.711258232479589,0.00340893215667947,0.00111185826244757,5.55096126859978,-3.26057686586202
"DNMBP-AS1","DNMBP-AS1",-0.538612116561641,0.00341936655780163,0.0011155474896867,10.7420285238758,-3.25963735704516
"LINC01629","LINC01629",-1.89608603962141,0.00342364196130166,0.0011173240441232,0.850952935204855,-3.25918595913804
"GPR152","GPR152",-1.7124653797073,0.0034248715552486,0.00111782079555138,1.05880019873616,-3.25905986019085
"POLR2CP1","POLR2CP1",-1.49868677858413,0.00342952054930169,0.00111952934224034,0.761624990928675,-3.25862654564088
"AL591885.1","AL591885.1",-1.00687093938002,0.00342952054930169,0.00111945661808421,1.80013136649469,-3.25864497717829
"NBPF13P","NBPF13P",-1.72290161958005,0.00346054165945238,0.00113013814863119,1.07905775384459,-3.25594958936965
"TPRKBP2","TPRKBP2",-1.37563727048781,0.0034624123236984,0.00113084558039789,0.74135544489842,-3.25577190800668
"AP003041.2","AP003041.2",-1.32670546575549,0.00346393047359684,0.00113143797322949,1.47076737758769,-3.25562319931142
"AP003497.2","AP003497.2",-1.79947812970495,0.00347302909660157,0.00113460351253437,1.14604125973401,-3.25482977014245
"LHX2","LHX2",-0.859653951816056,0.00349793773186227,0.0011433259329287,21.1577046754991,-3.25265407287424
"LINC00659","LINC00659",-1.63904191771862,0.00350254194749466,0.00114502611735798,0.532833805102417,-3.25223177096008
"AL157935.1","AL157935.1",-0.598853958129704,0.00351466245610749,0.00114938034662169,7.64842316377978,-3.2511528788242
"RN7SL448P","RN7SL448P",-0.620843393352498,0.00353567602775381,0.00115694218508159,3.89938487538288,-3.24928814983759
"CACNA1E","CACNA1E",-0.709954941769455,0.00353812659807107,0.00115784268324333,11.5640351334192,-3.24906684051448
"RPS26P3","RPS26P3",-1.33242067833881,0.00356393350796834,0.00116728135801054,0.885702278357316,-3.24675668476861
"CDC42BPG","CDC42BPG",-0.74411164082886,0.00356411723995365,0.00116754023146858,33.6687356650872,-3.24669356793829
"RNU6-548P","RNU6-548P",-1.41254164420259,0.00357115287614659,0.00117014361140357,1.21185784644175,-3.24605954689517
"LRRC15","LRRC15",-0.718828168837392,0.00357513948859623,0.00117154954224215,4868.83477062868,-3.24571769165518
"AL121845.2","AL121845.2",-1.45338082704886,0.0035778114959867,0.0011726246012491,11.2039220806292,-3.24545654432121
"AC121338.1","AC121338.1",-0.813342397383391,0.00360565315655983,0.00118275474136296,2.66082977609494,-3.24300659319197
"AP001453.2","AP001453.2",-0.524522902802265,0.003618071778302,0.00118723180415808,29.8470930545395,-3.24192999834143
"AL049634.2","AL049634.2",-1.14777477212534,0.00361851906904981,0.00118747944250658,7.01749222812348,-3.24187055853228
"HS3ST4","HS3ST4",-1.29465994405673,0.00361887650659602,0.00118769761640868,6.53616467280388,-3.24181820046523
"FA2H","FA2H",-1.04571305341215,0.00361940146341759,0.00118805053447935,28.1006999929935,-3.24173352487423
"AC106875.1","AC106875.1",-1.73602077054537,0.00362301729203274,0.0011893595720772,0.661475562105897,-3.24141965047307
"TRAJ37","TRAJ37",-1.36496696764839,0.00364359183024398,0.00119692626395611,1.4499309744373,-3.23961157777545
"AC073111.4","AC073111.4",-0.721816854906625,0.00365039999895947,0.00119946801917029,14.3888846610123,-3.23900659030342
"KSR2","KSR2",-0.569645335077481,0.00365247021045845,0.0012002500713894,24.2211109341579,-3.23882068482751
"AL359513.1","AL359513.1",-0.734125298108027,0.00365915705080154,0.00120295744270811,6.61853859122157,-3.23817796538724
"RNA5S1","RNA5S1",-1.01586878122848,0.00366065954575504,0.00120528809907898,2.00494394278313,-3.23762574601662
"RNA5S10","RNA5S10",-1.01586878122848,0.00366065954575504,0.00120528809907898,2.00494394278313,-3.23762574601662
"RNA5S11","RNA5S11",-1.01586878122848,0.00366065954575504,0.00120528809907898,2.00494394278313,-3.23762574601662
"RNA5S12","RNA5S12",-1.01586878122848,0.00366065954575504,0.00120528809907898,2.00494394278313,-3.23762574601662
"RNA5S13","RNA5S13",-1.01586878122848,0.00366065954575504,0.00120528809907898,2.00494394278313,-3.23762574601662
"RNA5S14","RNA5S14",-1.01586878122848,0.00366065954575504,0.00120528809907898,2.00494394278313,-3.23762574601662
"RNA5S15","RNA5S15",-1.01586878122848,0.00366065954575504,0.00120528809907898,2.00494394278313,-3.23762574601662
"RNA5S16","RNA5S16",-1.01586878122848,0.00366065954575504,0.00120528809907898,2.00494394278313,-3.23762574601662
"RNA5S17","RNA5S17",-1.01586878122848,0.00366065954575504,0.00120528809907898,2.00494394278313,-3.23762574601662
"RNA5S2","RNA5S2",-1.01586878122848,0.00366065954575504,0.00120528809907898,2.00494394278313,-3.23762574601662
"RNA5S3","RNA5S3",-1.01586878122848,0.00366065954575504,0.00120528809907898,2.00494394278313,-3.23762574601662
"RNA5S4","RNA5S4",-1.01586878122848,0.00366065954575504,0.00120528809907898,2.00494394278313,-3.23762574601662
"RNA5S5","RNA5S5",-1.01586878122848,0.00366065954575504,0.00120528809907898,2.00494394278313,-3.23762574601662
"RNA5S6","RNA5S6",-1.01586878122848,0.00366065954575504,0.00120528809907898,2.00494394278313,-3.23762574601662
"RNA5S7","RNA5S7",-1.01586878122848,0.00366065954575504,0.00120528809907898,2.00494394278313,-3.23762574601662
"RNA5S8","RNA5S8",-1.01586878122848,0.00366065954575504,0.00120528809907898,2.00494394278313,-3.23762574601662
"BDKRB1","BDKRB1",-0.544530690766678,0.00366598755892049,0.0012073489340389,135.317966847699,-3.23713827851422
"TEX11","TEX11",-1.21564592583984,0.00367446384312758,0.0012105501926669,2.94886422720013,-3.23638257870696
"AC073052.2","AC073052.2",-1.54340094922603,0.00367962677136148,0.00121245625266241,1.51319805425855,-3.23593350412108
"ADAMTS9","ADAMTS9",-0.59467449607277,0.00368894235749083,0.00121603992528743,1141.29467845077,-3.23509094073864
"AC022966.1","AC022966.1",-2.78386768430551,0.00369277303010311,0.00121761148914536,22.1896616018912,-3.23472217089373
"FAM226B","FAM226B",-0.896842086979326,0.00369492325134761,0.0012184234721517,6.08594089056638,-3.23453181006782
"LINC01993","LINC01993",-0.658104231950905,0.00370483264624422,0.00122189769673482,6.82315382868338,-3.23371863584446
"MTND5P14","MTND5P14",-1.32341801553165,0.00371147625691618,0.00122439920559172,1.01073229997115,-3.23313445597873
"AP003721.4","AP003721.4",-0.507479910556536,0.00372903317358691,0.00123060693357757,7.1364540506152,-3.23168950726837
"AC006017.1","AC006017.1",-1.03814001440337,0.00373937549285139,0.00123443690485962,1.44519548960565,-3.23080137392244
"IGKV2-10","IGKV2-10",-3.45294539516514,0.00376473729845192,0.00124375376895476,1.80281828811379,-3.22865146231841
"KRT8P42","KRT8P42",-1.42384555983217,0.0037796107705385,0.00124898357309363,0.898310455691899,-3.22745116777169
"LINC01356","LINC01356",-0.628823179399016,0.00380312962931715,0.0012573915131242,7.29144337746675,-3.2255311513658
"AL121992.3","AL121992.3",-1.63927099902928,0.00381597231276597,0.00126195666950956,0.957481805891276,-3.2244936234574
"AC010149.2","AC010149.2",-2.22538702573345,0.00381963507766521,0.00126338090122858,0.631887345517111,-3.22417064594717
"AC073592.8","AC073592.8",-0.845471549118168,0.00382972682855272,0.00126725260436932,3.02307799383892,-3.22329434362383
"IDI2-AS1","IDI2-AS1",-1.2163724593751,0.00384634554065673,0.00127307336445319,3.78656052790221,-3.22198154146416
"AC010761.4","AC010761.4",-1.25565301337091,0.00386798469772559,0.00128109809556447,1.71992157641345,-3.22018071665207
"AC069213.1","AC069213.1",-0.659622566323133,0.0038889602833051,0.00128923776026056,3.95008040720521,-3.21836470595814
"AC073283.2","AC073283.2",-1.65459720849958,0.00388901034610214,0.00128936276115788,0.917485713199009,-3.2183369000663
"AC105150.1","AC105150.1",-1.52702530535626,0.00389058415657006,0.00128999299072894,0.988966582891466,-3.21819674619638
"SIGLEC11","SIGLEC11",-0.554164235226415,0.00391101998696283,0.00129785903678864,75.4276510969416,-3.21645274905918
"HIST1H2BG","HIST1H2BG",-0.849930812734305,0.00392638486593335,0.00130306726728369,40.7521459713164,-3.21530338179361
"AL033527.4","AL033527.4",-0.899062634036094,0.00395663223412051,0.00131376733582839,2.39443884981057,-3.21295530222028
"NAPSA","NAPSA",-0.585439260676953,0.00395985213897961,0.00131494685802548,11.855872063559,-3.21269754256661
"NOS1","NOS1",-0.918608820868458,0.00397232010857033,0.00131952999954934,77.4540816860454,-3.21169801479939
"RPS26P6","RPS26P6",-0.628221030241414,0.00398146803040323,0.00132279073043557,11.561783858814,-3.21098883731484
"AP003392.3","AP003392.3",-0.7391350592078,0.00398906604789305,0.00132542626594802,27.810729050829,-3.21041681160874
"AC093484.2","AC093484.2",-0.624604148381854,0.00399075088667524,0.00132609731902594,4.6986590994879,-3.21027133157806
"SEMA6B","SEMA6B",-0.506493895514099,0.00400823873590502,0.00133269049872823,2600.53143873599,-3.20884557336429
"AC073548.1","AC073548.1",-0.648848011004683,0.0040207071477814,0.00133806892368954,28.044339447882,-3.20768731448086
"RETN","RETN",-0.754359122618072,0.00403012574396462,0.00134142805599112,41.321508357652,-3.20696609309732
"LSM12P1","LSM12P1",-0.604231663887244,0.00403203774355336,0.0013424016392753,91.4736757714417,-3.20675737166263
"HIST1H3D","HIST1H3D",-1.33788634824957,0.00403405155010566,0.00134340944582892,1.58250869973102,-3.20654146033281
"DBH-AS1","DBH-AS1",-0.794357318607441,0.00403433471535017,0.00134372865543468,17.6938173208083,-3.20647310439
"GOLGA5P1","GOLGA5P1",-0.949844204388756,0.0040383603541416,0.00134529462278317,1.78175118182324,-3.20613798304968
"FAAHP1","FAAHP1",-0.655303776248285,0.00405669231591461,0.00135185384353336,6.12729292301473,-3.20473819086104
"TTC39C-AS1","TTC39C-AS1",-0.80814886713293,0.00405806401262446,0.00135242406508538,7.39410156527523,-3.20461679704227
"GDF15","GDF15",-0.570421954350155,0.00408923778877835,0.00136350065723808,116.275969039828,-3.20226803203109
"VN1R105P","VN1R105P",-2.47761638706392,0.00409575229442225,0.00136589771290502,1.47152632485211,-3.20176205938476
"IGLV8OR8-1","IGLV8OR8-1",-3.15460009888191,0.00411081157213811,0.0013711476022807,1.19015487433733,-3.2006567630721
"AQP9","AQP9",-0.723739401742813,0.0041287397351207,0.00137770434478411,2008.03396729651,-3.19928179439817
"AC103718.1","AC103718.1",-0.639881586250402,0.00415275875187227,0.00138629794599087,15.9909547890782,-3.19748880017474
"GDA","GDA",-1.07069832232934,0.00415483817643676,0.00138710792583089,22.2281754317431,-3.19732033258226
"NUDT10","NUDT10",-0.539459900042689,0.00416225911899875,0.00138970145581511,72.205843735574,-3.19678151427563
"RPL13AP20","RPL13AP20",-0.595187660184543,0.00416349618566869,0.00139034660081703,9.21968622514607,-3.19664762633455
"AC005082.1","AC005082.1",-0.577721685632817,0.004177885644427,0.00139550114779565,40.6067402161574,-3.19557994796851
"RGL4","RGL4",-0.546927705856365,0.00418466349859904,0.00139811502980371,62.841022390619,-3.19503991483539
"AC012615.4","AC012615.4",-0.837465869293986,0.004198006717958,0.00140304113026666,2.60682427344704,-3.19402469852701
"LINC01907","LINC01907",-0.504896898557336,0.00420280281022176,0.00140499551506591,10.4625437218485,-3.19362283125115
"RPL22P2","RPL22P2",-0.929036793381739,0.00420314482388117,0.00140522701094441,2.21643550369905,-3.19357526442532
"RAB3B","RAB3B",-0.509845316641489,0.00421132844587426,0.00140878474366375,41.4035117256773,-3.19284514339385
"CU638689.4","CU638689.4",-0.618685732588334,0.0042120111605775,0.00140913053517076,20.6129505734161,-3.19277427043258
"OTOF","OTOF",-0.757065011728748,0.00421288544728929,0.00140965789294106,40.2460449725736,-3.19266621476421
"AC104411.1","AC104411.1",-1.32907565337302,0.00421413594894823,0.00141019378584316,0.631866845087153,-3.19255644842056
"LINC01647","LINC01647",-0.713499525872592,0.00426531117953332,0.00142945885188931,3.65621116408725,-3.18863572846103
"AL513493.1","AL513493.1",-1.26469343156986,0.00426879216889747,0.00143098242852017,1.09811230020062,-3.18832774076944
"FAM32BP","FAM32BP",-1.50838861594227,0.00432157865018127,0.00145036395674376,0.785055811772134,-3.18443596552922
"MXRA5","MXRA5",-0.560209733998843,0.00432160334457785,0.00145049270723518,15104.7425879305,-3.18441027332183
"MIR3653","MIR3653",-0.669157019460771,0.00432478985207541,0.00145229849104041,4.91079283083302,-3.18405014980964
"AC015818.5","AC015818.5",-1.54254372940788,0.00433486794239402,0.00145615313097673,0.755394393478891,-3.18328280607871
"AC008592.3","AC008592.3",-0.523930508708345,0.00437311050970162,0.00146985272546292,13.5220661670995,-3.1805706920149
"HSPE1P3","HSPE1P3",-0.517917071973949,0.00440816985024306,0.00148237382782808,8.21999956067298,-3.17811218274684
"PI3","PI3",-0.985991833119669,0.00440817973852241,0.00148250002913653,151.383671130591,-3.17808750076015
"CTAGE7P","CTAGE7P",-0.958925741504639,0.00441028202965356,0.00148332997825226,2.67252683475888,-3.17792523058622
"AL135818.2","AL135818.2",-0.596155894350112,0.00441570700673422,0.00148564873103165,5.82074742475253,-3.17747231513488
"MUC3A","MUC3A",-0.731843957877579,0.00441881468387937,0.00148718518447831,68.2146011578112,-3.17717256265628
"ASS1P1","ASS1P1",-0.817298580223804,0.0044234304604919,0.00148910856226789,4.25958330914473,-3.17679772556508
"AC040169.3","AC040169.3",-0.675082702639516,0.00442929085814792,0.00149132834217613,3.38916910620599,-3.17636567830223
"SCARNA13","SCARNA13",-0.746361596687837,0.00443491081700944,0.00149371504953101,9.0781452031824,-3.17590180160485
"AL357153.1","AL357153.1",-1.38010414585288,0.0044817168039366,0.00151035417866463,1.80101288639557,-3.17268669265048
"AL360181.3","AL360181.3",-1.54775441932418,0.00450714779385881,0.00151955268478668,7.5531234378878,-3.17092328265418
"SNORD14A","SNORD14A",-0.732144138558043,0.00450834026421408,0.00152033172171323,8.82376319142114,-3.17077438849959
"LINC01001","LINC01001",-0.771797761710013,0.00452249989551662,0.00152548491249189,59.9091529853281,-3.16979124641553
"ABHD17AP4","ABHD17AP4",-0.712891892440821,0.00452259787982787,0.00152564402903629,2.97294113482063,-3.16976093836932
"AC009121.1","AC009121.1",-1.25013125387377,0.00463738452328855,0.00156656342962325,1.16861976801663,-3.16206174632293
"LHX4","LHX4",-0.64726894082884,0.00465546221022568,0.00157370843828312,13.8392209786675,-3.16073640305835
"AC011479.1","AC011479.1",-1.19514853808241,0.0046626685912457,0.00157653435572991,2.53469732856925,-3.16021374592601
"AL137784.2","AL137784.2",-0.675170544458896,0.00466460579053751,0.00157731938243932,4.17794494517322,-3.16006870729991
"AC068506.1","AC068506.1",-2.51911718338286,0.0046883450363065,0.0015858694638489,1.78533327873749,-3.15849331518457
"AC003070.1","AC003070.1",-0.904467236100725,0.00470106049679467,0.00159043264807239,9.31723180681848,-3.15765572486528
"LINC01709","LINC01709",-0.821421949058313,0.00473753963868948,0.00160383049231732,39.0704294534057,-3.15520921948523
"AC116348.3","AC116348.3",-0.847067545061593,0.00474702286555087,0.00160730555394694,2.77033386456215,-3.15457773091779
"HTR2B","HTR2B",-0.576969794721813,0.00476216696907145,0.00161336243462284,123.871480268637,-3.15348007194259
"AP000251.1","AP000251.1",-1.39563345688203,0.00476396624541552,0.00161423759384728,0.987827332749909,-3.15332178482047
"FGFR4","FGFR4",-0.837984152950549,0.00479565711954739,0.00162551053863962,12.2177029000452,-3.15128991551084
"INPP5J","INPP5J",-0.6147361960605,0.00479827838251511,0.00162680027781272,42.9994016124529,-3.15105827644008
"AC002480.1","AC002480.1",-0.533496921269122,0.004807661409476,0.00163038351798425,16.8083776988091,-3.15041560712717
"SERPINE2","SERPINE2",-0.635373399437175,0.00481730378521901,0.0016337877395055,2681.61493051584,-3.14980624852706
"AC006058.3","AC006058.3",-1.62281594996286,0.00482910022455719,0.00163832693611388,1.04859595247655,-3.14899554360094
"AC087241.3","AC087241.3",-1.04696617218942,0.00484937577852679,0.00164613287178837,1.54062833759608,-3.14760621723349
"AC073195.1","AC073195.1",-0.683909032442511,0.00484937577852679,0.00164615186706339,5.11442073286357,-3.14760284379185
"AC010616.1","AC010616.1",-0.729005217493432,0.0048665919620259,0.00165253862805295,10.9997627027256,-3.14647062080213
"AC087318.1","AC087318.1",-1.77729442654256,0.00487569736691404,0.00165576643961293,0.584039514634169,-3.14589993630792
"AL591846.2","AL591846.2",-1.06065927686837,0.00489046826033791,0.00166153433426828,1.3309547793589,-3.14488270340164
"RPS2P55","RPS2P55",-0.787291414643856,0.00492810050323399,0.00167534811811684,70.7198670937493,-3.14245963412529
"AC073517.1","AC073517.1",-0.744816963206846,0.00494041047256033,0.00168008384014595,3.13505841479981,-3.14163317281588
"AC104534.1","AC104534.1",-0.816151428261952,0.00496096607268699,0.00168748903094075,2.33508828029946,-3.1403451309908
"LILRP2","LILRP2",-2.255220161631,0.00501781547350871,0.00170724615107031,0.628400276861158,-3.13693389489328
"PTGES","PTGES",-0.525086938903025,0.00502222957298607,0.00170902797566589,2788.88524576095,-3.13662803515585
"TRGV9","TRGV9",-0.615238673749798,0.00505325209947298,0.00172014814324081,9.08921335717009,-3.13472579929159
"KRT15","KRT15",-1.45900170728137,0.00507316734490998,0.00172763443770774,98.2754670619289,-3.13345153967732
"CAPNS2","CAPNS2",-1.33783857814127,0.00508302022960847,0.00173141483500531,19.9480314175609,-3.13280999776442
"WFDC12","WFDC12",-1.41912420316571,0.00510536574476915,0.00173973787400147,11.1569718656033,-3.13140208692934
"LRRC74A","LRRC74A",-0.668249721165594,0.00511236280825932,0.00174269225873737,3.54099624508102,-3.13090381743471
"AL096828.3","AL096828.3",-0.58183883249505,0.00511290883228115,0.00174302090644734,3.85175749169032,-3.13084843762276
"AC004057.1","AC004057.1",-0.509053105334513,0.00511304008846709,0.00174320817622414,3211.29106917542,-3.13081688543641
"RTEL1-TNFRSF6B","RTEL1-TNFRSF6B",-0.51417344298761,0.00512912800886664,0.00174897903644503,136.993152310704,-3.12984610550891
"PIK3CD-AS2","PIK3CD-AS2",-0.513907636399018,0.00513302175046587,0.00175073600386621,30.8944083501204,-3.12955113148179
"LINC01635","LINC01635",-0.692945164813984,0.0052022479801315,0.00177681239025927,4.22664439426364,-3.12520491375005
"SPINT1-AS1","SPINT1-AS1",-0.777340451489172,0.00522163514404699,0.00178459842511944,21.1225042715721,-3.1239185618564
"EIF3CL","EIF3CL",-0.653774290891224,0.00522697028659849,0.00178671321601554,677.605172239848,-3.12357006245494
"APCDD1L","APCDD1L",-0.726539841010424,0.00523222754963317,0.00178865613013801,477.90058220806,-3.12325022089664
"OASL","OASL",-0.570894203968392,0.00523887707411191,0.0017913673886587,388.090273549357,-3.12280442819877
"CACNA1C-AS1","CACNA1C-AS1",-0.626998017360418,0.0053420500057129,0.00182947529951745,6.1059790525757,-3.11660336857945
"DPF3","DPF3",-0.501773549689383,0.00540987928205972,0.00185481575384905,57.259654006033,-3.11254525278417
"FAM3D","FAM3D",-0.872653301134673,0.00543467578371928,0.00186452932532451,11.0231553917727,-3.11100317822491
"AL513218.1","AL513218.1",-1.04532792999318,0.0054500933369747,0.00187012261960024,1.67158829215137,-3.11011856195073
"AC025754.1","AC025754.1",-0.902341612056914,0.00548379280296124,0.00188214469081148,2.41164576353501,-3.10822538907067
"DAPL1","DAPL1",-1.34263819847442,0.00549442500959949,0.00188610018099562,23.7999055491552,-3.1076049272562
"AL591135.1","AL591135.1",-1.03470591331498,0.00551064467598979,0.00189228241849528,3.44309350715561,-3.10663756553003
"AC011933.1","AC011933.1",-0.62363574129574,0.00551154425343433,0.00189274495337452,6.98402028126408,-3.10656530744075
"TCERG1L","TCERG1L",-0.905594449266598,0.00553688162440838,0.00190314389715902,3.00254951550013,-3.10494503071202
"AF127577.3","AF127577.3",-0.685094748957838,0.00556508030051388,0.00191392225080809,7.6761621899695,-3.10327419630493
"AL035446.2","AL035446.2",-0.692827063084244,0.00557635674872866,0.00191826672156266,9.48282485300195,-3.1026031693073
"POF1B","POF1B",-1.14593690039751,0.0055778929999193,0.00191895067331022,168.775167603573,-3.10249765643345
"FBN2","FBN2",-0.644547277195979,0.00564395363730763,0.00194482382897274,136.841972184108,-3.09853136498645
"HTR5BP","HTR5BP",-0.952392437933786,0.00565317941967727,0.00194879079813655,1.56743421081323,-3.09792752669068
"AC090403.1","AC090403.1",-0.645392222512092,0.00568987608360753,0.00196255126574382,10.679753518579,-3.09584166628795
"HSP90AB2P","HSP90AB2P",-0.553069309577428,0.00570800871670137,0.00196976022056482,4.90290323327078,-3.09475426101901
"CHKB-CPT1B","CHKB-CPT1B",-1.01811070919306,0.00573087741312365,0.00197861038714842,49.4600742950253,-3.09342427832784
"TRH","TRH",-1.0516558472039,0.00573114571867778,0.00197886277400033,4.98633762489401,-3.09338643035377
"AC018475.1","AC018475.1",-0.650538587276474,0.00576600406383337,0.00199154164055636,10.5487335766523,-3.09149078446568
"SNORD100","SNORD100",-0.805300120653927,0.00576861883938993,0.00199260556537199,3.8095986837453,-3.09133221883103
"SLC26A9","SLC26A9",-1.16510111460317,0.00577548729694364,0.00199515871019322,7.47559692879191,-3.09095201900847
"MUC16","MUC16",-1.2230796727866,0.00577722916673522,0.00199615254570735,3.49244244365233,-3.09080414340008
"OTOP3","OTOP3",-3.22556754123643,0.00579597146864017,0.00200318467567023,3.41230114769441,-3.08975973921466
"AC005083.1","AC005083.1",-0.722276569950404,0.00583468592688551,0.00201770351523182,14.4250517438605,-3.08761401989882
"AL121956.1","AL121956.1",-1.30296779230544,0.00585077227114528,0.00202408180229085,0.979086896456416,-3.08667585798316
"LINC01692","LINC01692",-1.3210801316986,0.00586854178019687,0.00203104710084807,0.81124489661591,-3.08565444816177
"AC098935.1","AC098935.1",-1.34107841908134,0.00589830742386833,0.00204249959935098,1.36798033578364,-3.08398198962924
"SNORD36C","SNORD36C",-1.37898575638222,0.00590033761544904,0.00204369603371623,0.889792440479224,-3.0838077657871
"AC108479.1","AC108479.1",-1.07781219022722,0.00599421638404632,0.0020788861393813,1.33786496650037,-3.07872481044495
"RFPL3S","RFPL3S",-0.895923816392932,0.006018507879106,0.00208831738199614,3.8109305657584,-3.07737594967403
"POSTN","POSTN",-0.747153875028199,0.00605329690035918,0.00210207589643692,15989.9847549152,-3.07541818754833
"COX6CP17","COX6CP17",-1.32859562090259,0.00611236604820612,0.00212439408071225,1.04529211768089,-3.0722672849628
"LINC00943","LINC00943",-0.810003946806655,0.00612290174022852,0.00212880706357827,3.22878167734158,-3.07164785247449
"AL162724.1","AL162724.1",-0.802847570714943,0.00614398789590366,0.00213682333037463,2.88066613341467,-3.07052564761891
"NMU","NMU",-1.11494085062274,0.00616416341448483,0.00214469930981462,15.6441546079565,-3.06942683488833
"AL359922.1","AL359922.1",-2.0629582196309,0.00617483015703421,0.00214892695499852,0.873760076830613,-3.06883854248695
"ASCL1","ASCL1",-0.947103043249637,0.00617868734054798,0.00215044153683852,2.33333148227182,-3.06862804099669
"HEATR9","HEATR9",-1.20576725780035,0.00619928371159847,0.00215847394680353,1.44175337651338,-3.06751393750385
"AC079316.1","AC079316.1",-1.04947737673944,0.00620718424381755,0.00216174383114304,1.8706812242138,-3.06706148949737
"CSAG2","CSAG2",-1.4041611336436,0.00621300237996753,0.002164116452685,0.971924596001424,-3.06673358675432
"LEXM","LEXM",-0.954053771899971,0.00621438739346739,0.00216494532804336,3.41604640886942,-3.06661911160345
"AC113935.1","AC113935.1",-0.557012835222364,0.00624246374862727,0.00217542248878991,10.1669077635959,-3.06517557464277
"AC131011.1","AC131011.1",-0.694906914670487,0.00625914793061984,0.00218228354888343,4.11253834532051,-3.06423371121868
"VSIG1","VSIG1",-0.5628128648443,0.00626076468230684,0.00218319626970477,19.5219091131211,-3.06410862057959
"MRPS31P2","MRPS31P2",-1.41767689677085,0.00628302017655577,0.00219200781964521,0.776882093985318,-3.062903435062
"AL592071.1","AL592071.1",-1.01984903352762,0.00629673245337278,0.00219714276937478,1.39529461747595,-3.06220315693499
"HPN","HPN",-0.561194923464486,0.00630316806688934,0.00219973976857016,23.3991162378771,-3.06184956248121
"TMPRSS11E","TMPRSS11E",-1.6332008244417,0.00631239705610961,0.00220331249997504,2.66513941738835,-3.06136374193008
"ABRA","ABRA",-1.14606629291877,0.00632432450037753,0.00220782829387395,11.9978027852407,-3.0607507155878
"RAB25","RAB25",-1.63711203519451,0.00635773329360907,0.00221984577660619,36.6985089257409,-3.0591249036649
"LINC02090","LINC02090",-1.59631437718073,0.00640112266152187,0.00223588761174998,0.697416969950185,-3.05696717258098
"PADI2","PADI2",-0.806024950602367,0.00641265412119149,0.00224045175623733,370.119792659116,-3.05635585773576
"GCSHP4","GCSHP4",-1.22987515974755,0.00642359862494102,0.00224499176472503,0.731833621424152,-3.05574890666009
"DUX4L37","DUX4L37",-0.751930263223771,0.0064988458928159,0.00227382616436586,2.46299392536924,-3.05192010188961
"TNFSF18","TNFSF18",-0.692293411360115,0.00653143966604812,0.00228595836785785,8.23111088505469,-3.05032239566649
"AMN","AMN",-0.723720254843464,0.00654956980163255,0.00229266892178123,14.1727025064843,-3.04944200715069
"TRAJ4","TRAJ4",-1.45310497976772,0.00655945945047041,0.00229631362337165,0.853140643816978,-3.04896483061763
"GRHL3","GRHL3",-1.10881428924314,0.00656115203534017,0.00229708904707658,18.4589806372338,-3.04886339905554
"TMEM155","TMEM155",-0.713123072614673,0.00656369393905723,0.00229816193919158,6.47277469504138,-3.04872310797504
"TNNI3","TNNI3",-2.03561573308841,0.00659429975723521,0.00231034853376138,4.34456018731227,-3.04713378892122
"CYP51A1P2","CYP51A1P2",-0.634950566130171,0.00661783949927616,0.00231933368709127,3.36458989257444,-3.0459668970599
"OR3A1","OR3A1",-1.55237480553155,0.00663765877193167,0.00232664972981298,0.596466718268307,-3.04501982468195
"RPL23AP2","RPL23AP2",-0.557614064639106,0.00670713320115669,0.00235324559172012,12.9590399745757,-3.04159977542689
"AC026362.1","AC026362.1",-0.668652929231747,0.00670975727736389,0.00235435329916256,58.6859069702105,-3.04145810080987
"RPL18AP3","RPL18AP3",-0.616963985357596,0.0067207642098061,0.00235859014359467,6.37401528433907,-3.04091677543883
"TNRC18P1","TNRC18P1",-0.823809243150522,0.00673334480175666,0.00236338056428487,3.25646504324718,-3.04030579316328
"HMGB3P32","HMGB3P32",-1.60955549422852,0.00679363635764368,0.00238643638687179,0.642217869040774,-3.0373809641474
"TRBV10-1","TRBV10-1",-1.22139241371166,0.00682421569998067,0.00239869992966568,1.62772985656667,-3.03583575190239
"KIF19","KIF19",-0.54324277085732,0.00683040224957428,0.00240125528004546,94.1759766161,-3.03551468719423
"HLA-G","HLA-G",-0.660688400395435,0.00683288583179859,0.00240231885704461,19.7326064997015,-3.03538114718465
"AC245052.4","AC245052.4",-0.52880363156417,0.00684994014300982,0.00240929615178482,11.5981674786899,-3.03450643555329
"C1QL1","C1QL1",-0.585787548102382,0.00686479624382232,0.00241583421820925,58.0892661820057,-3.03368888976986
"TUBA4A","TUBA4A",-0.533652093000791,0.00689257435811376,0.00242618617405604,1558.70356539892,-3.03239857252427
"CASP14","CASP14",-1.4494116342595,0.00689802917902859,0.00242849041786185,203.969344642216,-3.0321120463155
"APOOP1","APOOP1",-1.10978449107943,0.00689802917902859,0.00242849083013606,1.85696349598581,-3.03211199507264
"CLEC12B","CLEC12B",-1.06409930403613,0.00691968378636922,0.00243707887500418,15.3491242081131,-3.03104628338286
"MIR210","MIR210",-0.926372400790966,0.00696778515442798,0.00245635062991082,3.03539710908284,-3.02866725843403
"ANKRD20A5P","ANKRD20A5P",-0.537654880467825,0.006978143701274,0.0024603913498931,23.5598975447953,-3.02817061378202
"UBTFL6","UBTFL6",-0.824587859172096,0.0069838700928242,0.00246318908110117,2.06410941624072,-3.02782718190182
"HIST1H2AM","HIST1H2AM",-0.840451120560652,0.00698938945462476,0.00246533056888702,5.26532732572237,-3.02756454741854
"BEX2","BEX2",-0.703713390013017,0.00700102497901562,0.0024696298567092,51.0338754374225,-3.02703790752266
"PADI6","PADI6",-1.287787187545,0.00704436654093839,0.00248688229243163,2.87929343852738,-3.02493297827927
"TMEM125","TMEM125",-1.0877760449143,0.00707331853557699,0.00249828624848212,13.8078246860747,-3.0235489304495
"LIPG","LIPG",-0.5588694818789,0.00707500064029014,0.00249927479064521,120.144658721226,-3.02342922783314
"AL512625.2","AL512625.2",-0.776003430738907,0.00709539038479918,0.00250687311853184,4.89076557499401,-3.02251058921743
"ERICH5","ERICH5",-1.09747731323185,0.00709590414362012,0.00250725242995202,2.80468818055112,-3.02246479721037
"PGLYRP4","PGLYRP4",-1.53763278063464,0.00709849124426695,0.00250836441821804,3.78545935453838,-3.02233059000702
"SIDT1-AS1","SIDT1-AS1",-1.23719740082682,0.00710055958191013,0.00250949114812651,1.15678506714224,-3.02219465911858
"AC005912.1","AC005912.1",-0.543399877492907,0.00711715709014144,0.00251555545374198,15.8794719625976,-3.02146400697976
"AC104009.1","AC104009.1",-1.05021003179872,0.0071296903931204,0.00252038281715827,1.05703207952417,-3.02088353753614
"MIR25","MIR25",-0.827305760303416,0.00715160870541074,0.0025287290990421,4.21364510138889,-3.01988232838413
"SNORA71C","SNORA71C",-1.33672366317407,0.00715315484526848,0.00252947518793243,0.913081833959073,-3.01979297576606
"PLA2G4E","PLA2G4E",-1.22375318180456,0.00715952931113208,0.00253212844319565,16.6437231513087,-3.01947541349115
"MSTO2P","MSTO2P",-0.54258159558045,0.00716062124813991,0.00253291382965562,35.1642586825185,-3.01938147069631
"SERPINB5","SERPINB5",-1.75689661489506,0.00716175693416121,0.00253351518470913,181.542880038417,-3.01930955854369
"CDHR2","CDHR2",-0.616793700378217,0.00716645650839714,0.00253537744960492,4.14492755114339,-3.01908696134925
"ZNF649-AS1","ZNF649-AS1",-0.856520359337792,0.00718287995635015,0.00254178846120878,1.58652056917787,-3.01832179268349
"AC099804.1","AC099804.1",-0.715895834178289,0.0071891591365699,0.00254461164365616,2.91535525325753,-3.01798539916697
"A4GNT","A4GNT",-0.747773829069593,0.00722752209529451,0.00255899611580295,4.30884891853865,-3.01627671377962
"AC091564.6","AC091564.6",-1.35987408851659,0.00723545006239275,0.00256260985345679,0.862462671221313,-3.01584883017318
"AC012569.1","AC012569.1",-0.952996298394927,0.0072436439681801,0.00256591575045666,1.68057183637204,-3.01545787937251
"RNU2-6P","RNU2-6P",-1.40045084507107,0.00727529551963089,0.00257814165689387,0.605645602253281,-3.01401605096384
"RFPL4AL1","RFPL4AL1",-1.83543317190989,0.00739110865395555,0.00262321935886005,1.09159073026561,-3.00875340746061
"TFAP2A","TFAP2A",-0.688623451235695,0.00739110865395555,0.00262350878326049,59.9698373528749,-3.00871988625296
"IGFN1","IGFN1",-1.91878580621345,0.00743151642025215,0.00263950891224677,12.09898720005,-3.00687198615995
"AP002800.1","AP002800.1",-1.38789220433031,0.00743531987661103,0.00264106707143287,2.28697660231188,-3.00669257748521
"AC067751.1","AC067751.1",-0.800380476523144,0.00746415333666015,0.00265214111727963,2.56873218057709,-3.00542027618169
"KCNIP1","KCNIP1",-0.653718997139793,0.00748472304238036,0.00265986715170194,18.2901757837759,-3.00453550163172
"AMTN","AMTN",-1.27244289337731,0.00748518145322533,0.00266044735080352,658.90105892245,-3.00446915290882
"TRAJ36","TRAJ36",-1.27528228977978,0.00748858207183393,0.00266207350974489,1.49797100506813,-3.00428326380163
"RNY1P11","RNY1P11",-1.99359699429526,0.00748867245149754,0.00266231438178117,0.577102340166349,-3.00425573811815
"RAPGEFL1","RAPGEFL1",-0.579974468213884,0.00749475456655224,0.00266489447389381,115.979457667453,-3.0039610404339
"GSDMA","GSDMA",-0.806686603258577,0.0075548380999581,0.00268794295492307,513.476946000029,-3.00133995465173
"RPL31P49","RPL31P49",-1.21035329520133,0.00759525594866388,0.00270444040385317,0.75859098370527,-2.99947643805377
"LINC01271","LINC01271",-0.525323191248922,0.00763201727604207,0.00271838095479486,8.61602675308909,-2.99790982275976
"RF00024","RF00024",-1.65774284781278,0.00763802027497537,0.00272073201655499,1.12981747437075,-2.99764633811865
"AC068700.1","AC068700.1",-1.1113247673816,0.00763844340188976,0.00272109565647808,7.80459971364482,-2.99760560339217
"AC008105.1","AC008105.1",-0.620530263575626,0.00766371852724089,0.00273138132653107,9.24058545561827,-2.99645546380758
"AC145422.1","AC145422.1",-0.558338830065217,0.00767796877871299,0.00273710223584559,4.39534371596843,-2.99581746536745
"SNAP25","SNAP25",-0.671251472044367,0.00768795426657883,0.00274130483562582,41.8665069464331,-2.99534956522255
"HHATL","HHATL",-2.02579493308656,0.00779545390334326,0.00278186330025219,12.1685827023893,-2.99086732488161
"RN7SKP78","RN7SKP78",-0.789710579145762,0.00779774720230896,0.00278306216525056,3.07934163028697,-2.9907357450789
"CYP2J2","CYP2J2",-1.21545718490311,0.0078147177192783,0.00279042603439596,13.4141979760665,-2.98992866734952
"MIP","MIP",-1.06238026035117,0.00785229064495644,0.00280493671401022,1.56224274819444,-2.9883439784261
"AC019211.1","AC019211.1",-1.64093578067871,0.00785298460637328,0.00280540350425867,0.580386512805941,-2.98829312538293
"TRAJ6","TRAJ6",-1.61412825761897,0.00786182970873997,0.00280900696365112,0.823605690271235,-2.98790081732889
"AC009630.2","AC009630.2",-0.718195894967651,0.00789745809931853,0.00282261206270278,8.63369266075187,-2.98642376374588
"LINC00896","LINC00896",-0.797197336290004,0.00790846080641633,0.00282676495946137,3.74265996529216,-2.98597419464855
"LINC02332","LINC02332",-1.2672237032532,0.00798306789775294,0.00285587995539404,1.05735338169597,-2.98283919874611
"IGHEP2","IGHEP2",-0.662665443207517,0.00799428931580672,0.00286034000439568,7.70527156036408,-2.98236153668028
"VGF","VGF",-1.20318964325797,0.00802232202903302,0.00287104090678063,2.22981406367851,-2.98121825909233
"AC018653.3","AC018653.3",-0.538298220040736,0.00807947934102787,0.00289262251306375,23.9205561349402,-2.97892427950206
"CRB3","CRB3",-0.795987749228427,0.00809224881129203,0.002897419818287,15.2539882029419,-2.9784164812465
"AC135279.3","AC135279.3",-0.542946215473095,0.00810106195630509,0.00290080116768488,6.33657477512262,-2.97805902383512
"AC016739.1","AC016739.1",-0.613564343949702,0.00812159749225539,0.00290883362168612,7.39481866956144,-2.97721140001399
"RNA5-8SN2","RNA5-8SN2",-0.529171889904427,0.00813535535232726,0.00291444144914592,4976.88548468354,-2.97662090009225
"AC008750.2","AC008750.2",-1.44409723179527,0.00814640291702023,0.00291976163643334,0.919682583327046,-2.97606164626461
"AL158207.2","AL158207.2",-0.919836687573935,0.00816411975819906,0.0029267942636989,1.68163630193346,-2.97532380763983
"APOBEC2","APOBEC2",-0.771844110634392,0.00823000957145487,0.00295133304910849,29.7642835613553,-2.97276189446839
"AL353753.1","AL353753.1",-1.35193900549903,0.0082851968622163,0.00297227828896791,2.48485866705793,-2.97059048684314
"CRYBA4","CRYBA4",-1.04251807588572,0.00830608072175393,0.00298162250967936,3.35698567553251,-2.96962626540189
"AC091060.1","AC091060.1",-0.546186096926987,0.00831056742857863,0.00298415971052125,9.35984414338852,-2.96936492995342
"AC159540.2","AC159540.2",-0.558787592615394,0.00835610409206001,0.00300260732685005,32.6217497415904,-2.96747087030657
"AL117381.1","AL117381.1",-0.84383894624286,0.00836231380154768,0.00300507176388997,2.51939577277717,-2.96721864514482
"AC092068.2","AC092068.2",-0.521999695221099,0.00837793751051793,0.00301091981388453,8.14196558208422,-2.96662087521955
"LINC01451","LINC01451",-0.989116795882144,0.00838184672516587,0.00301279201452304,3.09561768798436,-2.96642972835158
"IL1R2","IL1R2",-0.575570517769608,0.00838638343385687,0.00301465646726183,172.456510099275,-2.9662394801763
"GPC6-AS2","GPC6-AS2",-1.00874740525363,0.0083938586292667,0.00301804550408115,3.04425656077851,-2.96589393861365
"AC005323.1","AC005323.1",-3.46075751478227,0.00839487344117217,0.00301864438720895,1.75013794856345,-2.9658329141107
"FAM83B","FAM83B",-2.18189991633658,0.00841274666457749,0.00302577477945765,8.701801704762,-2.96510719448493
"HIST1H2AD","HIST1H2AD",-1.21798035405194,0.00841467494252879,0.00302670286992032,1.73098582992407,-2.96501284972351
"ASMTL-AS1","ASMTL-AS1",-0.597793941861886,0.00855934762100199,0.00308327384825669,22.2263899474041,-2.95931138081034
"MRLN","MRLN",-0.778725114549143,0.00858955322775301,0.00309535175270776,5.84654743330362,-2.95810648561874
"LAMP5-AS1","LAMP5-AS1",-1.43645256528275,0.00860702388719778,0.003102549330237,0.764850319988555,-2.95739049020529
"AL359198.1","AL359198.1",-0.748209809360114,0.00861199054674357,0.00310463759556891,2.41507038910076,-2.95718303870496
"AC108868.2","AC108868.2",-0.668525501549095,0.00863828844955505,0.00311580355504508,7.02385087966905,-2.95607594922858
"STX16-NPEPL1","STX16-NPEPL1",-0.705724717197421,0.00864305571680783,0.00311776401480725,13.5857872358006,-2.95588194574262
"OMG","OMG",-0.503032575696782,0.008682409940505,0.00313389620403064,35.4196924869322,-2.95428974362409
"RLN1","RLN1",-0.761164852590977,0.00871540614675862,0.00314702080069996,2.51821106964101,-2.95299988520318
"AC012184.2","AC012184.2",-0.79203142730125,0.00874137890372805,0.00315834852543897,53.5185501209331,-2.95189055622748
"ALDH3B2","ALDH3B2",-1.8737387364317,0.0087538832022389,0.00316313108895197,47.4846602384099,-2.95142328621521
"AC078942.1","AC078942.1",-1.22687569504998,0.00879363963940499,0.00317943692718389,1.96252324372067,-2.94983498563058
"AC121251.1","AC121251.1",-0.728604954285531,0.00880191941883601,0.00318267592198301,4.25516740283546,-2.9495203694077
"MIA-RAB4B","MIA-RAB4B",-0.964764346288378,0.00882172833872167,0.00319082221388857,10.0328422169962,-2.94873037629471
"AP000553.1","AP000553.1",-0.679242395169763,0.0089295157767715,0.00323404037596076,4.80994243680515,-2.94456975396884
"SLC2A14","SLC2A14",-0.725509496669762,0.00893165313490315,0.0032350634379075,15.3856218233583,-2.944471878807
"FABP3","FABP3",-0.56389634855385,0.00894461079945059,0.00324025538535637,1919.77646307937,-2.94397560547197
"AC010627.1","AC010627.1",-0.589757549367285,0.0089455743430834,0.00324085379057993,8.7150355318602,-2.94391845336342
"AF131215.4","AF131215.4",-0.981165987807205,0.00894816982958059,0.0032420435245962,1.84216460357169,-2.94380485355359
"AC092546.1","AC092546.1",-1.25765865942782,0.00899318778699206,0.00325960754827199,1.18945299428949,-2.94213218592339
"HSPD1P6","HSPD1P6",-0.565547858046765,0.00900063512379227,0.00326280863511968,8.73903964832977,-2.94182822307732
"AC090948.3","AC090948.3",-0.872198657736519,0.00900086116423329,0.00326314147183326,2.864951926639,-2.94179663378301
"AP003170.1","AP003170.1",-1.08132012431214,0.00901318037593753,0.00326785887525629,1.31381741337354,-2.94134922375515
"AC079089.1","AC079089.1",-0.986129437728825,0.00902774650392096,0.00327339168008373,4.81461998741314,-2.94082522820639
"AC113361.1","AC113361.1",-0.996712488721189,0.00906719201397886,0.00328845255174575,1.2786545019323,-2.93940293438592
"DCANP1","DCANP1",-1.55503646649634,0.00908169876530798,0.00329447324687716,8.46449928559446,-2.9388360215144
"ASB11","ASB11",-0.815026492567049,0.00915378442758863,0.00332368490463469,11.9127843490606,-2.93609875748506
"AL359979.2","AL359979.2",-1.05910011786066,0.00920107623998894,0.00334265161354079,1.2910494676033,-2.93433319949125
"AL096677.1","AL096677.1",-0.957336872458567,0.00920736212671762,0.00334519185950209,1.31696348669035,-2.93409742825415
"EIF4BP5","EIF4BP5",-1.27259052307765,0.00922964122887254,0.00335560168775427,0.840346804818693,-2.93313294692278
"HSPA8P5","HSPA8P5",-1.02412555506024,0.00923018068343768,0.00335631239067441,0.849897302675736,-2.93306719896568
"SRMS","SRMS",-0.907924482208622,0.00925326777093534,0.00336548119512653,3.45843825663114,-2.93222011701877
"LINC01730","LINC01730",-0.556612238436345,0.00925567619772048,0.00336661515551371,7.69855964989464,-2.93211549943423
"PHACTR2-AS1","PHACTR2-AS1",-0.594616427710533,0.00928454631459266,0.00337892785179991,8.07012277867144,-2.93098160843817
"AC074212.1","AC074212.1",-0.559405757003221,0.00928466905807306,0.00337923132797937,41.8549402153325,-2.93095370848802
"SALL3","SALL3",-1.69681062387621,0.00935013433595623,0.00340566426112725,0.802142345495594,-2.92853231793645
"DSC3","DSC3",-1.48855523673007,0.00935013433595623,0.00340562821283787,269.175414900461,-2.92853560847444
"AC244205.2","AC244205.2",-1.58623332998534,0.00946544142047343,0.00345241257106327,1.46715399617598,-2.9242915182075
"AC025259.3","AC025259.3",-1.47726415714769,0.00948917384763974,0.00346159771830136,35.8442120170992,-2.92346443103999
"AC104619.3","AC104619.3",-0.579434844943011,0.00949750655886101,0.00346516692261831,2.45567990845316,-2.92314357672896
"AC104695.3","AC104695.3",-1.13249683652778,0.0094997703640937,0.00346652247627458,1.65080448186527,-2.92302179777853
"AC005342.2","AC005342.2",-0.959653075876342,0.00956055663607233,0.00349163520685212,1.4330473263246,-2.92077354717941
"CLEC4M","CLEC4M",-0.610095682411953,0.0095769540853365,0.00349895852812559,4.25210098349782,-2.92012068839203
"AC015911.4","AC015911.4",-1.14640934944923,0.0095810994053073,0.0035015413046128,1.37944563225958,-2.91989073583967
"IL12A","IL12A",-0.536423186050301,0.00961800610080597,0.00351610174249673,12.2084082836708,-2.9185972556343
"PPIAP2","PPIAP2",-1.27393853414856,0.00962301427604833,0.00351820084305644,0.655331596375453,-2.91841118362791
"LINC01141","LINC01141",-0.702716105754014,0.00964393889455079,0.00352638858310013,7.01942523878956,-2.91768635632836
"RDH8","RDH8",-0.911929318488045,0.00971856382814127,0.00355665573518235,5.20226335199039,-2.91502015418873
"AC138646.1","AC138646.1",-1.43708257265342,0.00974684619284735,0.00356863622977143,0.758765522954112,-2.91397050382958
"MTND4P9","MTND4P9",-1.27769160070586,0.00979132268698654,0.00358683101748786,0.711384327876385,-2.91238251371691
"AC006974.2","AC006974.2",-1.68512368395932,0.00979823425229061,0.00358990915713193,0.569254706319054,-2.91211458725607
"FAM221B","FAM221B",-0.845944314281778,0.00984454990032054,0.00360879932373841,2.03229616110395,-2.91047491676091
"AL022313.2","AL022313.2",-1.70558874029534,0.00990774902701222,0.00363362380343972,1.61567920040993,-2.9083319759353
"UCN2","UCN2",-1.3556491105601,0.00991975734180101,0.00363830430950293,3.30587315898883,-2.90792942983224
"C1QBPP2","C1QBPP2",-0.724428238919701,0.00993785693213901,0.00364521977338027,2.74283773776221,-2.90733552766483
"AC087481.1","AC087481.1",-1.51883338029059,0.00993907890788921,0.00364622209077993,0.599552015623295,-2.90724953336629
"RPS10P5","RPS10P5",-0.921830255023133,0.00993907890788921,0.00364605324129221,2.62506749015641,-2.90726401838274
"AC012464.2","AC012464.2",-0.755004995883384,0.00999577839237696,0.00366813721353708,2.29609171861418,-2.90537466785143
"AC239798.1","AC239798.1",-0.888016438601101,0.0100320317523739,0.00368283925236974,2.06572379279972,-2.90412259048202
"LINC02014","LINC02014",-0.750775603372675,0.0100449986881217,0.00368899951821614,3.27289414590667,-2.90359931115258
"AL021707.6","AL021707.6",-0.614443958717373,0.0100581338555266,0.00369494483852223,13.1149590716439,-2.9030950430399
"RPL13AP6","RPL13AP6",-1.0206885783176,0.010058868599863,0.0036954951399636,1.01445322546807,-2.90304840507095
"LINC01482","LINC01482",-0.513558520906958,0.0100627583610355,0.00369748517672946,39.5266915117225,-2.9028798024229
"ZNF878","ZNF878",-0.685131120463474,0.0100633033527533,0.00369796594005149,3.71211272698081,-2.90283908290063
"ST8SIA2","ST8SIA2",-0.820925817567532,0.010063353274014,0.0036982647962258,12.0106200458918,-2.90281377291153
"AL033527.3","AL033527.3",-1.24478544362314,0.0100651428903422,0.00369920303858291,1.48040765134936,-2.90273432568735
"DIRAS3","DIRAS3",-0.604172878161555,0.0100861558889105,0.0037074881590819,207.848154311735,-2.90203356343356
"EIF1AXP1","EIF1AXP1",-2.1509744191069,0.010101592529734,0.00371400712103669,2.41723219219595,-2.9014831843723
"MIR5194","MIR5194",-1.15546863299214,0.0101027714714343,0.00371472218758717,1.23626990281328,-2.9014228666165
"FLG2","FLG2",-1.59640890643549,0.0101362787056382,0.00372789020884153,775.387801027738,-2.90031399185402
"SKOR2","SKOR2",-0.631830680255309,0.010138152966515,0.00372942730868568,11.3429949532708,-2.9001847853374
"CSNK1G2-AS1","CSNK1G2-AS1",-0.690425108824514,0.0101422409399869,0.00373121382371979,2.85748520876737,-2.90003467413304
"AC141424.1","AC141424.1",-1.07253250289431,0.0101696519884321,0.00374243193174302,2.15657557749994,-2.89909356756285
"AL049775.2","AL049775.2",-1.11598062187227,0.0102546917600335,0.00377658501835716,0.763319442361109,-2.89624410932008
"AC017116.1","AC017116.1",-1.12240249076126,0.010329588168168,0.00380733503408184,6.89549912957672,-2.89369854064575
"HIST1H4L","HIST1H4L",-1.75788644066821,0.0103765242295467,0.00382637042599785,0.894292209168627,-2.89213208611605
"SNORA31","SNORA31",-0.885014550783148,0.0103893692735522,0.00383168626782911,3.58940066631103,-2.89169590133867
"AGAP5","AGAP5",-0.51868490148235,0.0104243804136116,0.00384634211944185,72.3258785377072,-2.89049617501576
"AC007298.1","AC007298.1",-1.1786089450328,0.0104504067105274,0.00385623648875153,0.935989727493068,-2.88968856931009
"IBSP","IBSP",-1.16552260932188,0.0104656231272126,0.00386272657358667,32.4421626742665,-2.88915985247529
"HDGFP1","HDGFP1",-0.98810444377862,0.0104656231272126,0.00386272381803263,2.41634108639055,-2.88916007678608
"AC013437.1","AC013437.1",-1.78863041081741,0.010489059874777,0.0038722539088933,0.612925769234647,-2.88838516511625
"CA2","CA2",-0.616601017358459,0.0105664594968315,0.00390436200947731,367.868360190543,-2.88578707786939
"IQANK1","IQANK1",-0.576852457020916,0.0105664594968315,0.0039039563663636,18.0069423224804,-2.88581978000978
"TPT1P9","TPT1P9",-0.599038433653038,0.0105683637237987,0.00390536021982995,3.28883548151627,-2.88570661727659
"VCAM1","VCAM1",-0.664563035303981,0.0106599853944671,0.00394189174196519,13047.5572224261,-2.88277477450875
"LINC00402","LINC00402",-0.834561504305818,0.0107050798938204,0.00396065576113387,19.0260220127276,-2.88127844480797
"AC006538.3","AC006538.3",-1.36250960712112,0.0107091730264618,0.00396246864817433,1.0313472099853,-2.88113421802638
"EEF1E1P1","EEF1E1P1",-1.36201166794013,0.0107344512912216,0.00397242021859951,0.502225015952885,-2.88034357242855
"GJB5","GJB5",-1.35475067239587,0.0107556246636863,0.00398085531106415,21.0517451231016,-2.87967481702682
"AL136295.2","AL136295.2",-0.617395343242048,0.0108902738011958,0.00403463774471619,7.48387146704106,-2.87544081761641
"CERS3","CERS3",-1.34639377307276,0.0109085413618981,0.00404201366755991,28.1579180444601,-2.87486415165107
"LINC01827","LINC01827",-0.998287293723961,0.0109085413618981,0.00404177763223032,1.42991505129517,-2.87488259061479
"MYOM2","MYOM2",-0.749228786140617,0.0109086234372322,0.00404238207181285,170.848557656048,-2.87483537404546
"LYG1","LYG1",-0.593471944356057,0.0109086234372322,0.00404265222572828,7.69645674917048,-2.87481427269989
"CYSRT1","CYSRT1",-0.822833182565421,0.0109597190727971,0.00406342086096933,19.7279335693725,-2.87319588274134
"MIR548P","MIR548P",-0.924369046032568,0.0109814362141559,0.00407208445537908,2.37837364767875,-2.87252299293185
"AC104109.3","AC104109.3",-0.627336956733451,0.0109889148403497,0.004075164405185,5.18341710327704,-2.87228409039132
"AL357060.1","AL357060.1",-0.536743724432666,0.0110976655541024,0.00411827795182619,53.0550870260456,-2.86895699013027
"AL356414.1","AL356414.1",-0.988090808176612,0.011098900598141,0.0041190456463735,3.15112337969431,-2.86889803359182
"AP000550.2","AP000550.2",-1.13145201941396,0.0111591872687239,0.00414390781307148,0.89081568362542,-2.86699406680173
"TRBV7-4","TRBV7-4",-0.789726607190905,0.0111734826495161,0.0041501506983917,3.89686691015759,-2.86651760942488
"AC004808.2","AC004808.2",-1.02904002634743,0.0111914867606713,0.00415933360223081,3.94312531344292,-2.86581795008918
"AC114737.3","AC114737.3",-0.917087063522343,0.0113157995832317,0.00421026600242443,2.77009979550895,-2.86196258919908
"AC098869.2","AC098869.2",-0.982622558216852,0.0113280090211439,0.00421544029079502,1.89054512988356,-2.86157328891182
"OXCT2P1","OXCT2P1",-0.568102988448742,0.0113465980688063,0.00422299031121121,17.2173984797822,-2.86100602152786
"UBA52P6","UBA52P6",-0.724038066591076,0.0113472676577542,0.00422355581976285,1.95936452952456,-2.86096356933833
"AC009533.1","AC009533.1",-0.694036158475419,0.011382330683243,0.00423851026055591,18.9071079956928,-2.85984282033468
"FAM204BP","FAM204BP",-1.41299957974028,0.0113957753426509,0.00424383438544435,0.903753431806192,-2.85944467351028
"AC009686.2","AC009686.2",-0.717729314507676,0.0114350005246177,0.00426056151721054,4.26440695412545,-2.85819673178931
"AC105935.1","AC105935.1",-0.956852537561246,0.0114967365703157,0.00428591930010879,1.26392738671745,-2.85631334076835
"AC093157.2","AC093157.2",-0.517315298669725,0.0115701993901283,0.00431491840112967,5.08887955560575,-2.85417184472834
"AC006122.1","AC006122.1",-1.17437442491399,0.0115864147108833,0.00432258047360173,1.0835942985525,-2.85360820351764
"AJ239328.1","AJ239328.1",-0.751242848259569,0.0115900989541001,0.00432427803486076,6.12144412207419,-2.85348344925453
"TP63","TP63",-0.754244054018972,0.0116223962195483,0.00433827199375529,149.241332110574,-2.8524567175679
"AC092118.2","AC092118.2",-0.778604742635274,0.0116258371629715,0.00433988045397951,5.37130125029897,-2.8523388978886
"RPL39P40","RPL39P40",-1.69358407699588,0.0118389298756514,0.00442965730232388,0.525027350634792,-2.8458246994754
"IGHVIII-38-1","IGHVIII-38-1",-2.05824604337615,0.0118424669321529,0.00443230114280187,0.603929292243126,-2.84563468264186
"HIST1H4D","HIST1H4D",-1.10213003238975,0.0118659073900365,0.00444258298374775,2.42203405648792,-2.84489668625885
"TMEM89","TMEM89",-1.54573934449431,0.0119401380772039,0.00447384908804946,0.593887500355904,-2.84266198036482
"CHIAP3","CHIAP3",-0.859850673955219,0.0119552969279155,0.00448083717269117,3.14903510213575,-2.84216445117452
"AC018755.2","AC018755.2",-0.644899615528774,0.01196179090395,0.00448362933199763,130.022253689287,-2.84196585494829
"AL033527.2","AL033527.2",-1.30466449890498,0.0119997704043031,0.00449953760219331,0.559079629376161,-2.84083649040679
"GAPDHP35","GAPDHP35",-1.20007343940507,0.0120527411904894,0.00452007191573084,2.37563552790824,-2.83938404889396
"SELE","SELE",-0.798329079245675,0.0120938344686184,0.00453683133877818,1746.80885283353,-2.83820303804345
"AL354702.1","AL354702.1",-0.812965994288624,0.0120995713221336,0.0045396579789803,1.25835837365149,-2.83800423864453
"LINC01825","LINC01825",-1.2217073906543,0.0121181391685617,0.00454763784324308,1.00908162739587,-2.83744361422173
"LINC02390","LINC02390",-1.00942016775653,0.0121288104074821,0.00455261752297844,1.51911367277864,-2.83709421878132
"FAM184B","FAM184B",-0.582510963867721,0.0121548227466518,0.00456343714493806,19.8882620305573,-2.83633625985882
"AC010980.1","AC010980.1",-0.619794588576047,0.0121865547074241,0.00457636975661093,6.80062758260306,-2.83543241000887
"RN7SL127P","RN7SL127P",-0.684368744050647,0.012295105806274,0.0046236452245977,3.44751185694712,-2.83214793181674
"AC011979.1","AC011979.1",-0.563149264671459,0.0123351943476392,0.00463975226556219,12.7162300158197,-2.83103583360647
"EEF1B2P2","EEF1B2P2",-1.00099548689654,0.0123548738931724,0.00464784329093395,1.19175015583937,-2.83047851347437
"ZAR1L","ZAR1L",-1.27649030693942,0.0123692389557943,0.00465359214456739,0.701312460648962,-2.83008305869695
"AC087393.2","AC087393.2",-3.54210931812385,0.012462307286793,0.00469242778620208,4.89250160367251,-2.82742314284974
"MAB21L4","MAB21L4",-1.35298848433819,0.0124883967417898,0.00470329556455251,16.2699008079431,-2.8266823603056
"AC002059.1","AC002059.1",-0.874430771862559,0.0125661659747291,0.00473503642219896,2.99511158912454,-2.82452763926914
"AC024937.1","AC024937.1",-1.40159103161266,0.0125756986232843,0.00473932948813389,0.564992501361993,-2.82423720986956
"MYOM3","MYOM3",-0.565233536895694,0.0125814912047003,0.00474186320777013,120.865817912855,-2.8240659133991
"C11orf21","C11orf21",-0.501903286632046,0.012614021107621,0.00475552990886617,121.207309697121,-2.82314337868911
"SULT2B1","SULT2B1",-0.875684748561676,0.0126248833639927,0.00476032884361614,53.2963114560549,-2.82282000838804
"AC073592.3","AC073592.3",-0.902948585346172,0.0126382725417676,0.00476643421575237,1.58266250846423,-2.8224090316027
"AP000812.1","AP000812.1",-0.737572712545428,0.0126424950857222,0.00476873152613219,4.46145911940464,-2.82225451389511
"CFHR1","CFHR1",-0.919692553816274,0.0127263882726845,0.00480356860210233,81.0191952890336,-2.81991958186884
"NAV2-AS1","NAV2-AS1",-1.88889770581503,0.0127297002592884,0.00480517354456541,1.26224091523141,-2.81981238132371
"SLC7A5P1","SLC7A5P1",-0.71608499711166,0.0127383596336514,0.00480915241472262,3.36876118723086,-2.81954675629003
"RN7SL60P","RN7SL60P",-0.764496283230206,0.0127436534550273,0.00481221667889212,2.18926880615046,-2.81934232487005
"NRG4","NRG4",-0.725238676706597,0.0127436534550273,0.00481187859259056,8.89547086836903,-2.81936487440914
"RPS27P29","RPS27P29",-0.81624286385765,0.0127769817849576,0.00482693893049564,2.43732692969991,-2.8183617739506
"LINC02446","LINC02446",-0.716569702813868,0.0127883063895053,0.00483228658999675,13.3287554273787,-2.8180062719423
"AC090877.1","AC090877.1",-1.2896496580114,0.0130182750781863,0.00492753051670221,0.726832693863951,-2.81173353819198
"SPINK7","SPINK7",-2.46397761500805,0.0130495662697047,0.00494082950916791,2.48900575011824,-2.81086641314936
"HIST2H3D","HIST2H3D",-0.947002317928206,0.0131028590170151,0.00496246816624905,2.40925731240801,-2.80946002396513
"SLC32A1","SLC32A1",-1.7140966947246,0.013119650620348,0.00496955908794169,0.744203495126416,-2.80900036089721
"C4B","C4B",-0.63251270325123,0.0131531464229982,0.00498298015428484,2352.18390782137,-2.80813197284397
"SUMO2P17","SUMO2P17",-0.595476760370079,0.0131817225478395,0.00499490832934718,3.57606315240276,-2.80736195326573
"SPRR2B","SPRR2B",-2.95914207320812,0.0131877048415881,0.00499791038400646,2.47392929797769,-2.80716841849414
"CATIP-AS2","CATIP-AS2",-1.0800377555976,0.0131877048415881,0.0049978617780013,1.10264371798799,-2.80717155116146
"LINC02357","LINC02357",-1.22288760634389,0.0131940502269872,0.00500178628814009,0.751683328257244,-2.80691870429188
"NRBF2P3","NRBF2P3",-0.897866744650393,0.0131940502269872,0.00500122311143066,1.30405203443379,-2.80695497740341
"YES1P1","YES1P1",-0.567693970848954,0.0132195450631961,0.00501255669671517,16.1694138596778,-2.80622571300707
"TRIM72","TRIM72",-0.546612472996146,0.0132910092196664,0.00504372960324845,78.8152532806813,-2.80422754156517
"DTX2P1","DTX2P1",-0.723601171547951,0.0134479735191715,0.00510891793986868,16.6118514473636,-2.80008482652182
"AC025031.5","AC025031.5",-0.886038412860689,0.0134905011081522,0.00512733052570467,2.28315804748813,-2.798923362009
"AC245014.3","AC245014.3",-0.73013669562395,0.0135130506806055,0.00513703094584246,4.23813333583035,-2.79831297556481
"EGR3","EGR3",-0.548667829257888,0.0136214046125701,0.00518087988678798,568.347448382146,-2.79556676819948
"AP000240.1","AP000240.1",-0.514093851928925,0.0136226557460833,0.00518173547905374,13.7838800510312,-2.79551339268123
"RPL13AP3","RPL13AP3",-0.927929642791726,0.0137146976933617,0.00522095125848756,1.5175500781447,-2.79307545066479
"AP002505.2","AP002505.2",-0.66027905593302,0.0137440575280241,0.00523455249141759,4.07770093553019,-2.79223376092117
"AC011773.1","AC011773.1",-1.41615796474019,0.0137442773996405,0.00523532647423136,0.619182498390365,-2.79218592371809
"NMRAL2P","NMRAL2P",-0.579065788254411,0.0137567716214357,0.00524092755156573,17.5795434791225,-2.79183993077745
"TGFA","TGFA",-0.54011373437499,0.0138161960648228,0.00526613700321638,160.379295789918,-2.7902868015722
"AC010834.1","AC010834.1",-1.41585644251431,0.0138857036964235,0.0052941785410364,3.09314929483519,-2.78856706100742
"WASIR2","WASIR2",-0.9229651900948,0.0139121483153416,0.00530581221604192,2.37081332654342,-2.78785600095305
"RXFP3","RXFP3",-1.83894737999641,0.0139729687946108,0.00533280538209443,0.463427599285623,-2.78621156458995
"DIRAS2","DIRAS2",-0.655423216294835,0.0139731571822721,0.00533375371300445,6.88641469841771,-2.78615392862733
"AL513190.1","AL513190.1",-0.640597908384014,0.014071009287662,0.00537385082230682,4.31071542918582,-2.7837254059199
"DKFZp451B082","DKFZp451B082",-1.24873920569901,0.0140927327625853,0.00538411136568626,3.92704499561256,-2.78310659525062
"AC010533.1","AC010533.1",-0.623701079992365,0.0141900893393486,0.00542751001082192,6.11457496644274,-2.78050095476886
"ATP5MC1P4","ATP5MC1P4",-0.761743040335054,0.0142461298824402,0.00545264416489996,1.75957429164192,-2.77900049716127
"ESRRB","ESRRB",-0.591744406524409,0.0142619722146189,0.00546029793359694,16.6296078625043,-2.7785448229026
"RPS27P21","RPS27P21",-0.836798623378142,0.0142810788341698,0.00546840919707292,1.93281777136948,-2.77806254012901
"AL137779.3","AL137779.3",-1.18526888489527,0.0143332161166051,0.0054903708954533,0.733119846331977,-2.77675996628498
"HEPHL1","HEPHL1",-0.782247700283706,0.0143557243602481,0.00549979304828571,4.89289100129541,-2.77620256858932
"AC018410.1","AC018410.1",-1.04209385434048,0.0143830942104031,0.00551188234716716,1.36069337377487,-2.77548864830995
"AP002075.1","AP002075.1",-1.72358551727283,0.0144097507426007,0.00552249931595868,0.699424202219261,-2.77486283944399
"AC079250.1","AC079250.1",-0.669788674047734,0.0144308318244187,0.00553195012278393,7.62020078978116,-2.77430668185945
"AC099518.1","AC099518.1",-0.53510509466446,0.0144308318244187,0.00553157233571126,4.12732488126759,-2.77432889727427
"AC097382.2","AC097382.2",-0.583421565935905,0.0144542909114425,0.00554238956871926,12.5116904183356,-2.7736933410267
"AC084398.2","AC084398.2",-0.886768052172534,0.0145881084303665,0.00559712303420154,2.07228545487493,-2.77049458810849
"AP000569.1","AP000569.1",-1.05865457739347,0.0146310550763916,0.00561628597789515,1.76769735937022,-2.769381328525
"AC098827.1","AC098827.1",-1.26967347185903,0.0147034010693317,0.00564651586152425,0.529146733241349,-2.76763208944476
"RPL5P3","RPL5P3",-1.18704801915176,0.0147238548876292,0.00565560196101828,0.510866757285091,-2.76710797742222
"SNORD97","SNORD97",-0.891264434775651,0.0147711281477568,0.00567746581266671,3.34870989217363,-2.76584991449645
"KLF17","KLF17",-0.520148766242073,0.0148758999762859,0.00572105343478233,14.4437103426211,-2.7633548347057
"POU4F1","POU4F1",-1.23526661492185,0.0148811660089851,0.00572349347991574,2.28264911485739,-2.76321566688161
"COL5A3","COL5A3",-0.593095792964439,0.0148984717190086,0.00573181063876675,2826.79740799036,-2.76274169992604
"AL022326.1","AL022326.1",-0.858987042289821,0.014909408988637,0.00573684966353019,1.50136001987865,-2.76245484445586
"KRT10","KRT10",-1.00591771938659,0.0149149159383501,0.00574021587068433,9332.92157785959,-2.76226334367967
"ACTL8","ACTL8",-1.38385548542413,0.0149486502870108,0.00575444907215665,0.689024344564907,-2.76145474620717
"AP000311.1","AP000311.1",-1.73214664830515,0.0149486573500217,0.00575486847835955,1.06990214368398,-2.76143094683314
"C19orf81","C19orf81",-0.773117000958168,0.0149732738876545,0.00576601473889747,3.61382397866116,-2.76079902021148
"AC129492.3","AC129492.3",-0.87130982155333,0.0150028824635425,0.00577825301738724,49.9372943891022,-2.76010645008904
"UNC93B5","UNC93B5",-1.07984237729993,0.0150289252748357,0.00578995891912208,0.799872036942793,-2.75944524389661
"LINC02444","LINC02444",-0.537144418644443,0.0150293708772824,0.00579054952657276,7.32114642802985,-2.75941191546945
"AC073115.2","AC073115.2",-1.12833196374363,0.0150378417236078,0.00579507071300008,0.934184492033332,-2.75915688297253
"BRICD5","BRICD5",-0.578464446666334,0.0150392347532297,0.00579602675116805,24.7932351586761,-2.75910297745193
"PPIAL4E","PPIAL4E",-1.09713346075364,0.0150414514079145,0.00579813885770173,1.55886372475397,-2.75898391626627
"CACNA1C-IT3","CACNA1C-IT3",-1.42540679304519,0.0150733508289276,0.005813796666756,0.59614230958504,-2.75810249012192
"AL161935.1","AL161935.1",-0.51565581215663,0.0150851737018627,0.00582087970884698,5.0114518249087,-2.7577044668019
"KLK14","KLK14",-1.08249372875068,0.0151058404507763,0.00583138074990386,4.30439001326126,-2.75711517580216
"AC116158.2","AC116158.2",-0.66753997545725,0.0151316480694534,0.00584176517803289,2.66408594827674,-2.75653336885744
"KIAA1324","KIAA1324",-0.520302330797893,0.0151423800767817,0.0058463304931987,141.752241236866,-2.75627788355735
"GRK6P1","GRK6P1",-0.614859926599993,0.01522962652283,0.00588341167888227,3.06940400213817,-2.75420937396962
"TBC1D26","TBC1D26",-1.21960744284772,0.0152330556210671,0.00588516100091957,1.47455192964814,-2.75411208162452
"AC093010.1","AC093010.1",-1.50618877665911,0.0152546200900359,0.00589434268120075,0.880769515366803,-2.75360184958598
"AL137145.2","AL137145.2",-0.55846545508142,0.0152705027956965,0.0059017566902392,7.49652855056112,-2.75319037070377
"NELL2","NELL2",-0.709017707301781,0.0153079796788408,0.00591752089717531,218.929276115382,-2.75231700047251
"AC016571.1","AC016571.1",-0.775811946356863,0.0153169942595924,0.00592228647734651,2.25992536176026,-2.75205339006221
"SFN","SFN",-1.11785349579076,0.0153331498443859,0.00592896040812045,341.087891586393,-2.75168453944792
"AL445673.1","AL445673.1",-0.670157287425043,0.0153860071557011,0.00595118753774973,3.58527730610744,-2.75045879677713
"WDR64","WDR64",-0.864379010641021,0.0154143203892317,0.0059646437809983,2.47907602329338,-2.74971873882364
"AC022778.1","AC022778.1",-1.46555511878206,0.0154466172077925,0.00598015516094858,0.51420362991568,-2.74886751811025
"RPS29P20","RPS29P20",-1.37777977485364,0.0154596138753118,0.00598604867852142,0.609559186105987,-2.74854461998183
"INSRR","INSRR",-0.608448704182754,0.0154685672299827,0.0059903778265129,6.68215050987343,-2.74830761405427
"AC107027.1","AC107027.1",-0.735216182439479,0.0154934040091323,0.00600172363804631,2.50012881487475,-2.74768720143478
"AL592494.3","AL592494.3",-0.68689816467592,0.0155563395982613,0.00602740405340299,3.25759566119327,-2.74628683627267
"YBX2P1","YBX2P1",-1.28033181929572,0.0156402772979785,0.00606297801764426,0.630986232049627,-2.74435582528912
"SLC18A1","SLC18A1",-0.954096386286179,0.0156451109826137,0.00606528790372659,1.72615874195773,-2.74423079419721
"AP005212.4","AP005212.4",-0.611669391083206,0.0156562216957895,0.00607046811953817,15.8790524135459,-2.74395055182046
"LINC01176","LINC01176",-0.525208501781019,0.0156562216957895,0.00607007179168272,15.0476793223559,-2.74397198498744
"RPL3P4","RPL3P4",-0.519788592715389,0.0156703769593854,0.00607639341831388,40.4749557769306,-2.74363026550226
"AC027601.1","AC027601.1",-0.60432510126947,0.015693368617156,0.00608636605036716,19.3247096166493,-2.74309183913422
"AP000676.5","AP000676.5",-1.41401747497098,0.0157688207822692,0.00611852223802612,0.515301482446859,-2.74136110932904
"DSC1","DSC1",-1.5248589016247,0.0157970222117675,0.00613166646129234,260.541911207727,-2.74065601080204
"AC023796.2","AC023796.2",-0.83930052842427,0.0158606530763827,0.00615901764479686,5.26342079159905,-2.73919315777392
"AC023157.1","AC023157.1",-0.916433010636896,0.0159619755913669,0.0062005879258896,6.32930811159612,-2.73698097291146
"C10orf95","C10orf95",-0.637383683014989,0.0159664694596064,0.00620277867201491,16.181956868666,-2.73686476197908
"INAVA","INAVA",-0.740588337701879,0.016025206120105,0.0062291707134457,32.6883943837676,-2.73546765896713
"ENPP7","ENPP7",-1.32805230679037,0.0160381965260757,0.00623511434004675,1.12825696640006,-2.73515375937959
"AL109615.2","AL109615.2",-1.27508354216529,0.0160685356394285,0.00624825288278824,0.945736905977648,-2.73446083089417
"SNORD6","SNORD6",-0.728599706097458,0.0160741343495392,0.00625087800168423,2.25881251662907,-2.73432253902031
"ACTBP2","ACTBP2",-0.827449229754906,0.0160786580127446,0.00625308534059407,0.998280763416238,-2.73420629635147
"AL606534.1","AL606534.1",-0.644981083642688,0.0160960499154724,0.006260746495345,4.60613730329309,-2.7338031317495
"AC016526.2","AC016526.2",-0.765251159307424,0.0161078831221397,0.00626669615988026,1.86766904628982,-2.7334903397593
"TGM1","TGM1",-0.902106452069056,0.0161951265803035,0.00630424927369863,32.1720021566582,-2.73152220436779
"AC000089.1","AC000089.1",-0.653789704763188,0.0161980080708154,0.00630582245901068,2.69482252370211,-2.73143998521629
"AC002351.1","AC002351.1",-1.10545031851688,0.0162261176648027,0.00631812230410115,2.30499609016029,-2.73079779592473
"RNU5A-1","RNU5A-1",-1.15797691044208,0.0162594523186457,0.0063333682704043,1.01732720230106,-2.73000334613601
"LBX1-AS1","LBX1-AS1",-2.41695442945518,0.0162661549810431,0.00633688590982742,1.45953350727461,-2.72982029038485
"AC112777.1","AC112777.1",-1.46885848142079,0.0163480210522371,0.00637333581704773,1.42299139141703,-2.72792882436428
"RPS26P8","RPS26P8",-0.609376536314668,0.0163709414766062,0.00638409675979711,6.00200202761497,-2.72737227648739
"LHX1","LHX1",-1.31114661392593,0.0164642694816015,0.00642645757633074,0.901129513882889,-2.72518957693168
"RN7SL172P","RN7SL172P",-0.628677932543162,0.0164774160968846,0.00643250766374546,5.35807554684222,-2.72487889494412
"MIR766","MIR766",-1.28966143198305,0.0165178579044499,0.0064505976095148,0.693395763820796,-2.72395151205204
"ASB2","ASB2",-0.573154552213089,0.016658991042919,0.0065122143661574,108.231678096698,-2.72081018281656
"AC137834.2","AC137834.2",-1.06128312088117,0.0166772225899538,0.00652073592388242,0.907268355193642,-2.72037784539435
"AC079907.2","AC079907.2",-0.996504229286795,0.0167350892914106,0.00654476105250147,1.15215279336932,-2.7191616715258
"TRAJ32","TRAJ32",-1.20748001563595,0.016859837930177,0.00659683749201099,0.883754720629731,-2.71653923876502
"AC129492.1","AC129492.1",-0.999186672582553,0.0169164473682275,0.00662087351908802,5.76721548283531,-2.71533512130006
"AL353708.3","AL353708.3",-0.731437996580835,0.0169177529962557,0.0066221826735592,4.77151120479849,-2.71526965036126
"AC246787.1","AC246787.1",-0.570369179884651,0.0169374729269803,0.00663099114312022,5.15126207006226,-2.71482944029921
"LYPD5","LYPD5",-0.530744972664636,0.0170617548140478,0.00668440317523184,247.082116238254,-2.71217133806477
"AZU1","AZU1",-0.537625942128127,0.0171485614383115,0.00671984604041206,12.320871973649,-2.7104180084256
"AL671986.1","AL671986.1",-0.554953049090352,0.0171602400075049,0.00672490074607696,3.01281778730726,-2.71016863389538
"AL031770.1","AL031770.1",-0.734143444118804,0.017259872589709,0.00676971894661452,2.10860207715264,-2.70796486190761
"AC025048.6","AC025048.6",-0.874690109252845,0.0173388311930039,0.00680455482554153,5.0094795002024,-2.70626097281277
"IGHV1OR15-6","IGHV1OR15-6",-2.86113997178576,0.0173628764219923,0.00681447526192759,1.37609695266326,-2.70577717947761
"AL359885.1","AL359885.1",-0.960366595069295,0.0173669038608566,0.00681654002131628,1.43611277109356,-2.70567656622285
"LINC00922","LINC00922",-0.651077397104201,0.0174149817060914,0.00684059624743092,3.93618967007608,-2.70450634892611
"AGRP","AGRP",-0.503189195347905,0.0174590717769264,0.0068600160492698,8.16721396596545,-2.70356436521345
"AL391416.1","AL391416.1",-0.94472074848954,0.017467317271049,0.00686422965539368,1.31062890961252,-2.70336029492835
"PNMA5","PNMA5",-0.658304158415366,0.0174919852901915,0.00687538632967221,3.04032476766534,-2.70282050607998
"AF129408.1","AF129408.1",-1.85026154185515,0.0175133006567405,0.00688629596221827,0.910665579014818,-2.70229343022183
"DPYD-AS1","DPYD-AS1",-0.558187260116166,0.0175133006567405,0.00688669358507704,3.67641692929895,-2.70227423408613
"IGLV1-62","IGLV1-62",-1.70123234432241,0.0175694971622106,0.00691221973372657,1.51727024813455,-2.70104398087986
"AC009704.2","AC009704.2",-1.05766692198418,0.0176042209489594,0.00692686224154734,1.13172861503338,-2.70034011432615
"LINC01704","LINC01704",-0.805256692941161,0.0176120913025218,0.0069309409061743,2.32193326166879,-2.70014429058866
"AC002985.1","AC002985.1",-0.73293766209372,0.0176457117849636,0.00694564727848001,3.74496687504453,-2.69943907068674
"MIR6087","MIR6087",-0.629293984593182,0.0178315620371301,0.00702625675141105,19.1472138772881,-2.69559723430032
"DSG1","DSG1",-1.66853682956943,0.0178601425592132,0.00703900242036948,628.663984993685,-2.69499340519954
"CRB2","CRB2",-0.584059911909911,0.0179037342699294,0.00705719041982081,51.5012049365875,-2.6941334423519
"AC004817.3","AC004817.3",-0.512049449919043,0.0179138839500512,0.00706169050373866,8.54288572650985,-2.69392097705014
"CNFN","CNFN",-0.842434801230899,0.0180886679092315,0.00713613705698547,38.9848168023476,-2.69042361081338
"HIST1H3A","HIST1H3A",-0.73037161935545,0.018150004756174,0.0071608409008749,2.28278546004592,-2.68927030445618
"RGS17P1","RGS17P1",-0.57286983868358,0.0182077525129882,0.00718666970268745,3.06554842841094,-2.68806829198086
"AOC1","AOC1",-0.583490943760307,0.0182742825199749,0.00721853261576487,129.100141494872,-2.68659079669205
"LINC01055","LINC01055",-0.648378366597806,0.0182840627355809,0.00722290556344677,7.93996386207766,-2.68638847844524
"AC092032.1","AC092032.1",-0.778861083220321,0.0183729562461863,0.00726211901242988,1.48641360644501,-2.68457913031316
"AC104078.1","AC104078.1",-0.704867507378003,0.0184858355991351,0.00730982756262943,2.71893614657345,-2.68238959436025
"AC008735.2","AC008735.2",-0.715850797015613,0.0185085538491119,0.00732073873684305,9.94835804358195,-2.68189063906026
"OR6R2P","OR6R2P",-0.839131722804895,0.0187326926439194,0.00741736303851917,2.12704082335895,-2.67750100336656
"AL137026.2","AL137026.2",-0.873696306038954,0.018751085640638,0.00742621393121071,1.71358275573685,-2.67710147666535
"AC002059.2","AC002059.2",-0.506493463544679,0.0188618092697265,0.00747900311810063,7.30740814709886,-2.67472742022418
"AL109924.2","AL109924.2",-0.660772400347914,0.0188641472329899,0.00748150764685658,3.99970115072678,-2.67461515937217
"KRT8P46","KRT8P46",-0.624466407411668,0.0188739419204172,0.00748591831597537,3.80288452338242,-2.67441754122832
"S100Z","S100Z",-0.631807595816792,0.018967936926553,0.00752742907382119,7.39261292279067,-2.67256276767618
"SDR9C7","SDR9C7",-1.85444733566125,0.0189844982876856,0.00753453063749319,15.0842284807684,-2.67224637647677
"NT5C1A","NT5C1A",-1.41631330123672,0.0190078430298893,0.0075449408449441,3.95399426527185,-2.67178306042612
"SNORD15B","SNORD15B",-0.796476046167157,0.0190392249491945,0.00755890399864468,2.79409823730202,-2.67116251633141
"ASIP","ASIP",-0.500728388630096,0.0191035281011529,0.00759029099801628,13.1344714625162,-2.66977137264546
"BTG1P1","BTG1P1",-1.06515131908462,0.0191468476424159,0.00760910402335676,1.30818384181045,-2.66894000630394
"RPS15P5","RPS15P5",-0.541442723823681,0.019185899308201,0.00762676264903846,4.75026165103862,-2.6681613288553
"KRT31","KRT31",-1.04807917843065,0.0191960113014822,0.00763131744060596,43.6951674451257,-2.66796074227856
"ELF3","ELF3",-0.597363163982647,0.0192553375794406,0.00765758609744611,25.4050025041561,-2.66680599763877
"LINC01737","LINC01737",-0.622909462055618,0.0192893934239345,0.00767238424765347,2.57119804466993,-2.66615704788805
"C6orf99","C6orf99",-0.536500566611931,0.0193325279688054,0.00769259475274417,5.66257393592944,-2.66527255773408
"CNGA3","CNGA3",-1.10497809377003,0.0194888876731383,0.00776024419263501,4.40867176987892,-2.66232703111997
"MIR4477B","MIR4477B",-0.885326063651272,0.0195987651671656,0.007806727644287,2.38777249494065,-2.66031640121535
"IFITM4P","IFITM4P",-0.685568603628886,0.0196357951502622,0.00782366706279716,6.25526359742209,-2.65958635689187
"CYP19A1","CYP19A1",-0.592362528419247,0.0196484912732217,0.00782982107991573,70.2745714381238,-2.65932148561161
"AC013444.2","AC013444.2",-1.10103221118865,0.0196661884531151,0.00783796968648474,0.990175687514463,-2.65897105325307
"LYPD8","LYPD8",-0.892427249727059,0.0197381378204465,0.00786774552842886,2.92319160330956,-2.65769330667292
"AL590385.2","AL590385.2",-1.45950831200735,0.019890056488239,0.00793717208879805,0.991132362026873,-2.65473080340814
"KIF26B-AS1","KIF26B-AS1",-1.19773159580429,0.019890056488239,0.00793677493175541,0.9705424480659,-2.65474768439712
"MIR663A","MIR663A",-0.637827470186798,0.0199112141609282,0.00794950022096096,45.7215526906409,-2.65420717729116
"SNORD3B-2","SNORD3B-2",-1.04629298194797,0.019947264671888,0.00796778544245727,4.70720024363154,-2.65343186694615
"ST3GAL1P1","ST3GAL1P1",-1.16622884046638,0.0200975869485618,0.00802951118421566,0.76472658948754,-2.65082635331344
"RPL15P3","RPL15P3",-0.603285301229681,0.0202846051241301,0.00811365531134585,4.4787528419744,-2.64730327094702
"BNIPL","BNIPL",-0.900925020308533,0.0203878469023107,0.00816025348209836,36.0532760450219,-2.64536627114632
"PRELID2P1","PRELID2P1",-0.765030289009292,0.0206370904514776,0.00826979267820046,3.06830209032945,-2.64085162914983
"MRPL53P1","MRPL53P1",-0.525798593030649,0.0206489310304051,0.008275113071056,5.71499621320696,-2.64063371538354
"RPSAP15","RPSAP15",-0.652364258615947,0.0207482464448619,0.00831722737626647,3.33521397622446,-2.63891319849257
"IVL","IVL",-1.76186611132205,0.0208461225241633,0.00835857422524057,38.4034490648088,-2.63723160041374
"AC008676.1","AC008676.1",-0.513512531305018,0.0209010943902187,0.00838257689439627,6.61679254988335,-2.63625880986529
"AC132872.4","AC132872.4",-0.500364367135454,0.0209180005727571,0.00839019356894245,21.2643729662642,-2.63595063873361
"AL929554.1","AL929554.1",-1.94800488090494,0.0209737041772792,0.00841812868149529,0.593632972159982,-2.63482252002937
"POU5F1P3","POU5F1P3",-0.578337847996563,0.0211500558612777,0.00849480571164181,6.78027548456731,-2.63174314963065
"LPAR3","LPAR3",-0.625235914989443,0.0212163285223625,0.00852556353946696,24.4481069180801,-2.63051488760495
"AL035460.1","AL035460.1",-1.61909788370295,0.0212854547774422,0.00855690115122708,0.610252317627476,-2.62926754094975
"LINC01675","LINC01675",-1.32243710876673,0.0214298374657871,0.00861912542979352,0.770078791460439,-2.62680285515195
"NUDT19P5","NUDT19P5",-0.580841005231755,0.0215196893636829,0.00866066271868582,8.83131345535339,-2.62516641275402
"AC084876.2","AC084876.2",-0.693383122968956,0.0216239441358618,0.00870563415064115,2.45169708859153,-2.62340256562307
"STEAP3-AS1","STEAP3-AS1",-0.511283203413301,0.0216459747614029,0.00871510688372694,6.25614970014329,-2.62303206936811
"FRG1FP","FRG1FP",-1.06276293346551,0.0217974753513757,0.00877792686832961,0.753668950455454,-2.62058412971834
"ATP2C2","ATP2C2",-0.80998035694144,0.021898266029637,0.00882217808853918,13.7769293641548,-2.61886914849269
"AL136961.1","AL136961.1",-1.06654421412024,0.0219012890941214,0.00882400648268796,0.921523318252419,-2.61879845350624
"TMSB4XP1","TMSB4XP1",-0.963570766999728,0.0219062986151855,0.00882785669908673,1.17954508153686,-2.61864962740755
"AC093802.1","AC093802.1",-0.743071123654613,0.0219192689977678,0.00883369452737914,4.5833391776912,-2.6184240828281
"AL022238.3","AL022238.3",-0.682772206752167,0.0219886611319085,0.00886595075325594,3.40919802882695,-2.61718025836986
"AL138725.1","AL138725.1",-1.48367585139136,0.0219924085883986,0.00886807477741529,0.400321334286081,-2.61709849632889
"WISP1","WISP1",-0.589907841437974,0.0222460618416845,0.00898213814011984,1848.74091541112,-2.61273323508088
"AC073592.2","AC073592.2",-0.88730779597315,0.0223341966389211,0.00902332672012604,2.36959502484212,-2.611169087579
"AL663070.1","AL663070.1",-0.734361249968847,0.0223604363368757,0.00903579778608186,2.2398060056012,-2.61069675285599
"MROH2A","MROH2A",-1.76254136521288,0.0224313717360626,0.00906758893146703,1.29577275941126,-2.60949530884817
"PTBP1P","PTBP1P",-1.01006311338015,0.0224460098925787,0.00907600890597204,1.57445805368211,-2.60917773300425
"AL353748.2","AL353748.2",-0.934674152314315,0.0225652469483767,0.00912610921181874,1.23817930736135,-2.60729352255552
"RNU1-61P","RNU1-61P",-1.20287177870192,0.0225696660784586,0.00912852556929434,0.664154122551222,-2.60720287996714
"ASB10","ASB10",-3.15979071356093,0.0226440988984616,0.00916304902324648,1.92381608157268,-2.60591016705455
"AC021092.1","AC021092.1",-0.643630493197135,0.0227338222603042,0.00920315820728637,31.3444853427491,-2.60441374751354
"AL451081.2","AL451081.2",-0.687701576703228,0.0228799123891316,0.00926676312234375,3.01465099042651,-2.60205262536804
"AC027281.2","AC027281.2",-0.522461117599508,0.0229301957612076,0.00929096377937043,6.05854195119242,-2.60115805272267
"FRG1KP","FRG1KP",-0.979742842113339,0.0230602239360287,0.00935007713933028,1.29209413634816,-2.59898164973557
"AC021242.2","AC021242.2",-0.554888758220617,0.0230823722414755,0.00936034428903096,2.65817619479242,-2.59860489138608
"AC112255.1","AC112255.1",-1.0907479344854,0.0231248769841257,0.00937951456434879,1.63963933950141,-2.59790241402451
"HSPE1P4","HSPE1P4",-0.9121223540612,0.023132068327648,0.0093830761896567,0.988774780989643,-2.59777204260254
"IL36RN","IL36RN",-1.81370561547339,0.0231442025647142,0.0093892884774035,34.1235535902459,-2.59754475069255
"SNORA71A","SNORA71A",-1.03201898194949,0.0231442025647142,0.00938879445372265,0.930187537895352,-2.59756282085982
"AC126283.2","AC126283.2",-0.508511920817434,0.0232645848212555,0.00944331384437972,79.5359393935336,-2.59557373539279
"OCSTAMP","OCSTAMP",-1.19739636581607,0.0232794785227401,0.00945000824325196,1.63069124742267,-2.59533020348092
"SERPINB13","SERPINB13",-2.38810423618469,0.0233068086830503,0.00946305157567417,11.2363671947654,-2.59485614880121
"ESRP1","ESRP1",-1.36763417252768,0.0233211906037614,0.00946954100418097,33.2494412003247,-2.59462051019352
"SAPCD1","SAPCD1",-0.669574786264055,0.0233344629758801,0.0094775319866634,19.2593700225071,-2.59433054622116
"PRSS3","PRSS3",-1.2064782032568,0.0233452735200314,0.00948441955399349,11.1577219401901,-2.59408079612063
"AC139720.1","AC139720.1",-0.702846142500243,0.0233658039839069,0.00949547195209416,3.59001797813057,-2.59368036291631
"AC068522.1","AC068522.1",-0.945917904914252,0.0233941132015192,0.00950893264681682,1.53296062042524,-2.59319323709456
"AC023830.1","AC023830.1",-0.664684263803945,0.023466144190906,0.00954475194519025,2.03251617676492,-2.59189997028211
"ITFG1-AS1","ITFG1-AS1",-0.69424627371316,0.0234710963024025,0.00954742044155985,1.93186969177454,-2.59180379671019
"AC022210.1","AC022210.1",-0.778375503743963,0.0235986789861117,0.00960523792488372,1.38119793455763,-2.58972589726393
"SEC31B","SEC31B",-0.595681976212276,0.0236460415053082,0.00962583387159639,74.1952535342779,-2.58898839383922
"RPS4XP3","RPS4XP3",-0.816244616936787,0.0236538022900014,0.00962965247234762,1.19899862405904,-2.58885181130789
"AC109630.1","AC109630.1",-1.52960214423066,0.0237171496316012,0.00965742499842314,0.465256257893895,-2.5878599022763
"AC104024.1","AC104024.1",-0.780523617345945,0.0237191568478379,0.0096602258035891,3.76204492008031,-2.58776001138816
"AL354707.2","AL354707.2",-1.21526509964801,0.0237450756136022,0.00967276752661138,0.740904075260928,-2.58731302647108
"AC079584.2","AC079584.2",-1.22944163256957,0.0237645610060137,0.00968201797883619,0.654934375684646,-2.58698367283409
"SNORD3B-1","SNORD3B-1",-0.994462477432208,0.02382636541161,0.00970920239588367,4.59808399366135,-2.58601741802832
"NKPD1","NKPD1",-0.870941389375091,0.02382636541161,0.00970919806776047,11.886785800418,-2.58601757167699
"LINC02513","LINC02513",-1.01410601609181,0.0238267341401529,0.00971045426776387,1.06563697915426,-2.5859729790546
"AC068790.8","AC068790.8",-0.802625453814136,0.0238422399054472,0.00971766500062576,1.63230241672558,-2.5857171116837
"PICSAR","PICSAR",-0.837813486554858,0.0239054403560018,0.00974675612786729,9.52972837263471,-2.5846865507003
"AC244197.3","AC244197.3",-0.549306309331092,0.0239658458325128,0.00977385711017544,48.7428448079113,-2.58372895471188
"AL021707.3","AL021707.3",-0.885765044496649,0.0239740648402927,0.00977807712176064,3.0191795461764,-2.58358005626297
"LINC01114","LINC01114",-0.914741622532282,0.0239827085138182,0.00978227104342025,1.88852980195182,-2.58343213509636
"AP003721.2","AP003721.2",-0.968368383270005,0.0239862494682792,0.00978438396428705,1.07884664171808,-2.58335763300462
"AC093525.1","AC093525.1",-0.848693913056124,0.0239946468947663,0.00978859316497982,2.85895744386501,-2.58320925830949
"AL096678.1","AL096678.1",-0.580507524066417,0.0240918621639172,0.00983082286320791,2.81115600877204,-2.58172379612743
"COL5A1","COL5A1",-0.547134459471769,0.0241397769884723,0.00985462993379051,24997.2548139866,-2.58088886854063
"AC113615.1","AC113615.1",-0.51050276360704,0.0241441047532722,0.00985752480337776,4.94328424323624,-2.58078746639652
"MYH4","MYH4",-2.11404304228548,0.0242717185171445,0.00991165648156564,1.22013483402449,-2.57889619984828
"AP001046.1","AP001046.1",-1.25553593469047,0.0242720680734992,0.00991247580055295,1.16956775562362,-2.57886764503394
"AL034345.2","AL034345.2",-1.6837789990235,0.0243086120304298,0.00992875517998293,0.725200464628552,-2.57830071341045
"AL449983.1","AL449983.1",-0.700533888201215,0.0243622775331205,0.00995610734252486,2.54883947419995,-2.57735003241834
"HMGB1P19","HMGB1P19",-1.09399334547983,0.0243997610938672,0.00997482637498694,0.819589784291133,-2.57670075376868
"CALY","CALY",-0.723411399038885,0.0244400155951218,0.00999196400651292,2.47519105890104,-2.57610727774461
"CFAP126","CFAP126",-0.732917961484077,0.024695790546749,0.0101109901477533,6.9419290775522,-2.5720102387038
"RN7SL5P","RN7SL5P",-0.621213141619315,0.0247501667908354,0.0101353226571195,3.97706526740829,-2.57117797228656
"RPL7P47","RPL7P47",-1.08316398555945,0.0247775131660362,0.0101499744526291,0.530751359759289,-2.57067768168722
"GLYATL1B","GLYATL1B",-1.5506351540827,0.0247875020393898,0.0101547572814749,0.558216313369139,-2.57051450955491
"AC103831.1","AC103831.1",-1.70586730442852,0.0249444719300968,0.0102225401063772,0.466861541188996,-2.56820934047544
"IGHV4OR15-8","IGHV4OR15-8",-2.46746060444288,0.025034842789745,0.0102637621672911,2.40958181861408,-2.56681409912991
"AC080023.1","AC080023.1",-0.600792511010669,0.0250686238782829,0.0102797080382835,3.47796553023,-2.56627571753543
"CHIT1","CHIT1",-0.837506239673232,0.0251016053940444,0.0102964093472638,195.933830449922,-2.56571262643777
"ETV3L","ETV3L",-0.865598178098059,0.025213289786,0.0103474638472273,1.86658125687264,-2.56399633070273
"RN7SL610P","RN7SL610P",-0.639016674998291,0.0252464086583502,0.01036457440335,3.91907098588286,-2.5634228121708
"EIF5AP3","EIF5AP3",-1.2685599687127,0.0252605196097858,0.010371775717133,0.512895409455682,-2.56318168751822
"AC008035.1","AC008035.1",-0.511376876014729,0.0252827569399475,0.010381610940275,10.4436378273566,-2.56285261112517
"AC098583.1","AC098583.1",-0.806809902256114,0.0253206257173148,0.0103985722283819,1.04118122473797,-2.56228575514714
"IGHV3OR16-11","IGHV3OR16-11",-2.96539771646098,0.0254197089723649,0.0104413890290389,1.99061646901882,-2.56085844454291
"AC087763.1","AC087763.1",-1.24968028250158,0.0254376889582493,0.0104501926095241,0.570497256434189,-2.56056562020461
"ELMO3","ELMO3",-0.592934923269557,0.0254897466617384,0.0104737102589738,92.2548009744202,-2.55978445199894
"SERPINB7","SERPINB7",-1.70156301198949,0.0255624591297183,0.0105071504481345,54.8696971272372,-2.5586763768702
"AC046195.1","AC046195.1",-0.570021323367896,0.0255885964930068,0.0105193204481913,2.7360406710869,-2.55827388989727
"AC109361.1","AC109361.1",-0.553764397157754,0.0256322432517215,0.010540835810248,3.45635543328218,-2.55756334491452
"AF196972.1","AF196972.1",-0.613096036219492,0.0256599908399613,0.0105543923298807,3.47075053912259,-2.55711630299075
"METTL21C","METTL21C",-2.32338304736614,0.0256883294500116,0.0105696287389999,1.43066874988145,-2.55661447395156
"PGAM1P7","PGAM1P7",-1.05353480470971,0.0257293078475779,0.0105893583378254,1.12583033502121,-2.55596561157894
"IGLL1","IGLL1",-1.31136419591193,0.0258665903480549,0.0106494645140285,0.949400730348323,-2.55399545986822
"CDC42P6","CDC42P6",-1.03443456671967,0.0259350426490697,0.0106841531793896,0.87991406079012,-2.55286293549541
"IGHD3-16","IGHD3-16",-1.75773020519445,0.026016612822278,0.0107206574871564,0.756398033993029,-2.55167465888553
"AC011247.2","AC011247.2",-0.628500253530225,0.0260255652004613,0.0107254628428829,2.97129620546336,-2.55151850452991
"AC139769.2","AC139769.2",-0.750569540538035,0.0261334577869787,0.0107724480488875,3.43772309005284,-2.54999494672018
"RPS12P26","RPS12P26",-0.913434228967016,0.0261627970774475,0.0107852712467839,1.15089613425187,-2.54958016373015
"ADAMTS8","ADAMTS8",-0.611382936576498,0.0262663418789483,0.0108329415112086,58.3530128909308,-2.54804204146151
"PRB3","PRB3",-0.733070135209548,0.0262679925015547,0.0108352265655193,2.27404237686109,-2.54796846342773
"AC131971.1","AC131971.1",-0.62471499878243,0.0262732476846823,0.0108403236858165,4.42511593503215,-2.54780438743389
"AC105339.5","AC105339.5",-1.11606654177935,0.0263491317116266,0.0108738367941639,1.19082192045836,-2.54672730696328
"TRDJ2","TRDJ2",-1.11751966815143,0.0263855282050026,0.0108903279757902,0.601991965461717,-2.54619837829282
"ATP13A4","ATP13A4",-0.728726484050264,0.0264391057555559,0.0109146524387396,7.60569067627538,-2.54541950735884
"AL590133.2","AL590133.2",-0.619143864231707,0.0265157013742285,0.010949968386319,14.4113100504315,-2.54429142958887
"AC145207.9","AC145207.9",-0.938766130594301,0.0265584847105507,0.0109691168768287,1.22660833670731,-2.54368113104543
"AL158071.3","AL158071.3",-1.02593885455895,0.0266666368514696,0.0110175021996511,1.55083904807611,-2.5421432074293
"AP003110.1","AP003110.1",-0.769267438563282,0.0266711923558802,0.0110201277851209,6.12833552427104,-2.54205992517898
"AL590648.1","AL590648.1",-1.0199964362287,0.0267062086240014,0.0110375434558845,0.746693867528468,-2.54150795473489
"SMILR","SMILR",-0.75908841245865,0.026706227770599,0.0110383260036918,11.7085067824727,-2.54148317091695
"KCNS1","KCNS1",-0.847635088032443,0.0267993413315242,0.0110790531369432,6.2902847630479,-2.54019546477467
"FOS","FOS",-0.660514907731825,0.02681335501906,0.0110855939133853,9048.28499968132,-2.53998905124896
"AL121748.1","AL121748.1",-0.709326024095963,0.0268279640991134,0.0110931294619163,2.57308983064333,-2.5397513788331
"RPS15AP12","RPS15AP12",-0.795649638849183,0.0269145967585844,0.0111349531732658,1.36680542379342,-2.53843485336869
"AC138904.3","AC138904.3",-0.665582304186128,0.0270819672136395,0.0112087261097733,11.2085734187002,-2.53612330088193
"PTPRVP","PTPRVP",-0.511196802468416,0.0271053567198697,0.0112191621444835,7.07280101827922,-2.53579739668388
"AL080243.2","AL080243.2",-0.699265892722879,0.0272098000887734,0.0112654260827471,1.99914762423359,-2.53435586653287
"ADORA2BP1","ADORA2BP1",-0.685347702034047,0.0272433591223784,0.0112808390177821,3.25579443680545,-2.53387678482114
"VWDE","VWDE",-0.911751238661252,0.0272826215227195,0.011300899117146,2.04277227605451,-2.53325412461304
"CTSV","CTSV",-0.586833190784361,0.0273893779441582,0.0113504636068516,29.8940804066163,-2.53171985359464
"OR7E62P","OR7E62P",-1.90017543013966,0.0274531853197936,0.0113776713403398,1.13588882000296,-2.53088016398322
"AP000902.1","AP000902.1",-0.742711174350079,0.0275178771398595,0.0114052492039741,1.93318992527415,-2.53003086850319
"AC135279.1","AC135279.1",-1.11568093389462,0.0276538871072907,0.0114685583939309,0.800054525668619,-2.52808805611767
"GPR88","GPR88",-0.536358130992309,0.0276873532762029,0.0114871239566463,238.550729858168,-2.52752012710074
"AC002075.2","AC002075.2",-0.770007076390401,0.0277765454538571,0.0115302666173893,1.79703034824636,-2.5262035130479
"CPA5","CPA5",-0.784810728409476,0.0278203350941691,0.0115492195277341,5.44330579314291,-2.52562649584365
"AL109767.1","AL109767.1",-1.10642194887264,0.0279418759062382,0.0116059064217103,1.11025647488142,-2.52390567683877
"AC006128.1","AC006128.1",-0.715218367123415,0.0279489972470435,0.0116096434000123,30.8321674451138,-2.52379249725421
"RN7SL413P","RN7SL413P",-0.964855032004972,0.0279633125256366,0.0116179281726721,1.11510151787685,-2.52354169661506
"AL391419.1","AL391419.1",-0.637758707356755,0.0280424283472875,0.0116586151581824,3.29412541358359,-2.52231229897136
"AL356055.1","AL356055.1",-0.976392979947708,0.0280464372270988,0.011661366516504,1.03940575738897,-2.5222293014229
"AL606517.1","AL606517.1",-1.09311357008071,0.0281812046767339,0.0117218100679087,0.688898863298354,-2.52041032846202
"CST2","CST2",-0.807330237329529,0.0282402987057684,0.0117483578490814,2.74890556361561,-2.51961403476685
"LINC02472","LINC02472",-0.713514390546413,0.0283587666495271,0.0118075232737,2.04066120236794,-2.51784510973818
"HIST2H3PS2","HIST2H3PS2",-0.690497893758404,0.0283854475981167,0.0118217971446261,3.66825170620172,-2.51741952749464
"AC091180.2","AC091180.2",-0.6953823393664,0.028411483024019,0.0118335992544249,2.22891559542755,-2.51706798601823
"COL1A1","COL1A1",-0.593724463794896,0.0284475005236517,0.0118511836374478,250275.94952397,-2.5165447881808
"AC090502.3","AC090502.3",-1.09082081407962,0.028479287806398,0.0118672299210549,1.75519990582178,-2.51606795464361
"MIR3648-1","MIR3648-1",-0.567914029150586,0.0285636735689428,0.0119079666034037,35.0924894950576,-2.51485998108669
"MIR3648-2","MIR3648-2",-0.567914029150586,0.0285636735689428,0.0119079666034037,35.0924894950576,-2.51485998108669
"AL671277.1","AL671277.1",-0.569980715985177,0.0286307743452022,0.0119383345903799,7.92194822306468,-2.51396185425277
"SNORD46","SNORD46",-0.672957211863182,0.02865394977723,0.0119511930457615,3.05538523228743,-2.51358217842757
"AC079467.1","AC079467.1",-2.50455666771773,0.0286541292170346,0.0119520666091625,1.83861744705654,-2.51355639757505
"PGAM5P1","PGAM5P1",-1.46679544696155,0.028810785575145,0.0120275740699006,0.505681102342952,-2.51133428745415
"IGKV3D-31","IGKV3D-31",-2.27612650993041,0.0288952521319474,0.0120679459984103,0.578458603811018,-2.51015125017779
"AL161452.1","AL161452.1",-0.56986741802582,0.0291832149666466,0.0122004141622234,5.19406482488491,-2.50629395790886
"RPS18P12","RPS18P12",-0.707918769942144,0.0291973816169233,0.0122087783034276,1.85858968399179,-2.50605165319818
"RPS2P36","RPS2P36",-1.13621937123596,0.0292587516574234,0.0122393334110928,1.10696541261632,-2.50516773633321
"ADAM29","ADAM29",-0.631040913396763,0.029333504705364,0.0122768560343667,3.43760147993829,-2.50408492971759
"PAPPA-AS2","PAPPA-AS2",-1.32870595563661,0.0293358269313822,0.0122792874389302,0.45943234366224,-2.50401486681842
"PROKR2","PROKR2",-1.71885483821173,0.0293548832165344,0.0122893656035995,0.59310438698622,-2.50372458730192
"TFAP2C","TFAP2C",-0.517970509875376,0.0293548832165344,0.0122890496983253,92.9061526682666,-2.50373368306098
"AC241585.1","AC241585.1",-0.691647077273981,0.029539500976662,0.0123790064859411,1.98816455571801,-2.50115191615383
"AL355472.2","AL355472.2",-1.18077962793912,0.0296082923508337,0.0124119612171202,0.424572134407433,-2.50021027057437
"HSPE1P2","HSPE1P2",-0.532440150013175,0.0296082923508337,0.0124112532713313,3.13681638020761,-2.50023047606847
"AC006460.1","AC006460.1",-0.585384679047449,0.0296676985199368,0.012438518562742,2.33448565169252,-2.49945303321889
"RPL12P21","RPL12P21",-0.813333653694472,0.0297189281748853,0.0124641391866014,2.36942264507358,-2.49872386065592
"JAKMIP2-AS1","JAKMIP2-AS1",-0.531185749373398,0.0298734107220242,0.0125355909410272,2.90596448144795,-2.49669730685382
"KCNH1","KCNH1",-0.565126511621978,0.029943310889315,0.0125682613343918,44.9397332573191,-2.49577409681235
"TAS2R1","TAS2R1",-1.09450165103902,0.0299630116757693,0.0125798712713711,1.17540725470215,-2.49544653128564
"IFT74-AS1","IFT74-AS1",-1.16306759550653,0.0300045095115161,0.0126006394508851,0.706826682502831,-2.49486123995827
"CSNK1G2P1","CSNK1G2P1",-1.003403092706,0.0300480963529809,0.012619982506201,1.00362748671488,-2.49431687928309
"SERPINH1P1","SERPINH1P1",-0.924785339221683,0.0300795217986689,0.0126354952893642,0.962755113744493,-2.49388084525651
"HNRNPKP4","HNRNPKP4",-0.809353638136848,0.0302912212492547,0.0127365498973727,0.962511805902519,-2.49105194017696
"CR559946.1","CR559946.1",-1.5170952814517,0.0304042978965425,0.0127888740141833,0.496480772119252,-2.48959498541564
"CDH9","CDH9",-0.741740013734682,0.0304853747584712,0.0128280757450559,1.88489981718563,-2.48850687352604
"OR9A4","OR9A4",-1.49744956787007,0.0305528764356921,0.0128590350188854,0.647543190762327,-2.48764962277153
"AL590705.1","AL590705.1",-0.557079255280826,0.0306201936931515,0.0128907814731057,4.25334207405386,-2.48677246960839
"AC090921.1","AC090921.1",-0.55015850984094,0.0306276391072787,0.0128947696467272,3.43495487906746,-2.48666241171268
"STX8P1","STX8P1",-0.817340338369933,0.0306406660926692,0.0129019624249717,1.80685794810196,-2.48646399545649
"RBM8B","RBM8B",-0.754306558487242,0.0306424073747165,0.0129035497758841,1.45303353020906,-2.48642022079852
"AC092301.1","AC092301.1",-0.749653109425543,0.0306686979081168,0.0129188786724327,2.06879536467328,-2.48599773806894
"AC093627.3","AC093627.3",-1.34052578964908,0.0307227635883428,0.0129442389306704,0.500840596746662,-2.48529975182025
"AC244034.2","AC244034.2",-1.07962849976836,0.0309312040650283,0.0130415440470416,1.05323036280428,-2.48263281551612
"SNORA12","SNORA12",-0.665325265990979,0.0310641056304656,0.0131010430157197,2.09171551920188,-2.48101072762646
"AC027243.1","AC027243.1",-1.43014663629583,0.0313643383686717,0.0132451491647491,0.911149733448036,-2.47710887399046
"AC006019.1","AC006019.1",-1.01466055780894,0.0314290969118993,0.0132771802444174,0.802125562101435,-2.47624669379926
"CYP4F22","CYP4F22",-0.645758904404011,0.031474772643988,0.0132996816309467,39.3040543677897,-2.47564212313379
"FAM238C","FAM238C",-0.503845699949145,0.0315342873883715,0.0133274666308708,13.5269887567002,-2.47489683787817
"HSFY1","HSFY1",-0.542838121026212,0.0317395524730922,0.0134248353791415,3.59437987606822,-2.47229588100599
"KLK10","KLK10",-0.833333445376837,0.0318321902800701,0.0134711167339937,20.7737707032513,-2.4710654339486
"RBM43P1","RBM43P1",-0.867990961743514,0.031837485579791,0.0134757288365147,1.4936815502169,-2.47094302026891
"AL356272.1","AL356272.1",-1.14225866193312,0.0320903547608818,0.0136027323999646,0.613273188085656,-2.46758657270077
"LINC00656","LINC00656",-0.900889926038652,0.0323250647045647,0.0137121559895327,1.48316560313277,-2.46471685700624
"AC069023.1","AC069023.1",-0.851140969188901,0.0323250647045647,0.0137127997934137,1.24884614008677,-2.46470003270944
"AL441883.1","AL441883.1",-0.932770714089735,0.0323810761972401,0.0137386023915872,9.78258518404945,-2.46402631622526
"AP004289.1","AP004289.1",-0.875012937501051,0.0326076609118795,0.0138485540162667,1.55886155013957,-2.46116790171656
"AP006621.2","AP006621.2",-0.725251757614495,0.0326123045286847,0.0138521615723512,2.90889664582762,-2.46107445600548
"AC020978.2","AC020978.2",-0.92689013080839,0.0326458273575037,0.0138682204579333,1.21427755503014,-2.46065874685989
"AF178030.1","AF178030.1",-0.793200547023631,0.0327253883099968,0.0139065796456,3.76234667667674,-2.4596674773171
"MIR4482","MIR4482",-0.869671354993345,0.0328578376804366,0.0139683590930826,3.34098364616808,-2.45807604974094
"AC104809.2","AC104809.2",-0.665188119007795,0.0329787821142658,0.0140234514607143,28.6966922067724,-2.45666211241529
"FOSB","FOSB",-0.687480743413974,0.033060712606279,0.0140619766873648,982.256582993201,-2.45567627842704
"Z94721.2","Z94721.2",-0.574605951941845,0.0330776995767491,0.0140701239175245,9.77595607088431,-2.45546810182956
"TRAV40","TRAV40",-1.2514189241609,0.0331082593167535,0.0140840458657275,0.562482588887596,-2.45511261674129
"HIST1H2BL","HIST1H2BL",-0.999869804344515,0.0331082888777127,0.0140849813199066,1.54803363069244,-2.4550887418362
"PAIP1P1","PAIP1P1",-0.62879550762049,0.0331240793875948,0.0140944689017877,2.89801172391062,-2.45484667633884
"TRBV6-4","TRBV6-4",-0.865569074569686,0.0331554815359625,0.0141106032638627,1.49583587674143,-2.4544353553668
"TRAJ27","TRAJ27",-1.24112384464981,0.0334208272098079,0.0142365736981264,0.438525445137305,-2.451238124108
"ADCYAP1","ADCYAP1",-0.775849930103061,0.0334208272098079,0.0142357577684005,211.808875583728,-2.45125875261096
"AL158832.1","AL158832.1",-1.11280213983102,0.0334886267562166,0.01426825533014,0.855806576623316,-2.45043794799895
"GRTP1-AS1","GRTP1-AS1",-1.30064491730064,0.0335141660502855,0.0142828734423084,1.25516292435354,-2.45006926985762
"AC092652.1","AC092652.1",-0.639499631495344,0.03353348838362,0.0142944574165112,3.58507015581386,-2.44977735094799
"S100A2","S100A2",-0.539389809268303,0.0336830699743791,0.0143614282460795,68.2225978184065,-2.44809374937386
"AL445187.1","AL445187.1",-1.14840612336788,0.0339328575020819,0.0144776907340886,0.620324052906864,-2.44518736510489
"MIR3687-1","MIR3687-1",-0.597405807824462,0.033954391531219,0.0144903619329049,17.4956217859139,-2.44487184959807
"MIR3687-2","MIR3687-2",-0.597405807824462,0.033954391531219,0.0144903619329049,17.4956217859139,-2.44487184959807
"AC010149.1","AC010149.1",-0.623304006135035,0.033986836665576,0.014506102941416,2.44242322529285,-2.44448023385592
"DUSP9","DUSP9",-0.965431922381375,0.0339960461981532,0.0145118882047485,1.8390184992578,-2.44433639821926
"AL391056.1","AL391056.1",-0.629387540097823,0.0340759402376513,0.0145469832680036,36.3041587848394,-2.44346493217782
"Z93022.1","Z93022.1",-0.806141727183998,0.034105962174313,0.014562651667906,1.18643374861508,-2.44307645939634
"AC018755.1","AC018755.1",-1.13835600510219,0.0343717251556459,0.0146876249933394,0.679293105812711,-2.43999106964942
"LINC00200","LINC00200",-1.42852697556564,0.0345126677675367,0.014756510407979,2.03935611720053,-2.4383002798407
"AC018511.5","AC018511.5",-0.651557750081269,0.0345594112714049,0.0147803497459837,2.21670663460415,-2.43771676427204
"TNNT3","TNNT3",-0.845338259164514,0.0346437404858605,0.0148222096924731,303.669605271947,-2.4366941620956
"SUMO1P1","SUMO1P1",-0.690640274141039,0.034691338499259,0.0148464423687561,2.45611454586029,-2.4361033413281
"CU634019.2","CU634019.2",-0.944760329393616,0.034693419642698,0.0148483000750936,1.95265376516136,-2.43605808336903
"PRSS8","PRSS8",-0.829796810727663,0.0347133353044815,0.0148597265580745,23.8889510259725,-2.43577981788585
"AC027612.3","AC027612.3",-1.08607687238447,0.0347259826891246,0.0148661084916955,0.697102566779677,-2.43562448274884
"FIBCD1","FIBCD1",-0.915317978675636,0.0347317291141205,0.0148695366540425,3.0635968762756,-2.43554106614006
"RPL7AP50","RPL7AP50",-0.900339292002584,0.0348490855706744,0.0149285225658571,0.755257622535614,-2.43410842447978
"AL161670.2","AL161670.2",-0.53939873246691,0.0348883689629933,0.0149463231384598,2.57308831884601,-2.43367706625714
"HOPX","HOPX",-0.603925795436321,0.0349791461122714,0.0149881375341557,687.939199397893,-2.43266556273306
"CA9","CA9",-0.933442644373574,0.0351813837098798,0.0150826392044028,44.6992601382555,-2.43038866340798
"BUB1B-PAK6","BUB1B-PAK6",-1.46346091458844,0.0354447554116007,0.0152083935902654,2.35884596960309,-2.4273781752575
"FFAR3","FFAR3",-0.6082157946708,0.0356489874265463,0.0153049673684646,14.374086096442,-2.425081098403
"BX119927.1","BX119927.1",-1.20192273217408,0.0356531653494417,0.0153077548676641,0.743132735370003,-2.4250149854159
"MTCO3P29","MTCO3P29",-1.10642736992829,0.0357097775329376,0.0153350476006254,0.536412456590678,-2.42436822467252
"KDF1","KDF1",-0.770706552242481,0.0357712194521269,0.0153644242658627,9.01454331045188,-2.42367321196076
"CHRNA3","CHRNA3",-0.507605563484132,0.035896903395367,0.0154234109807996,37.2228306833946,-2.42228119021063
"AC092881.1","AC092881.1",-0.52696953767708,0.0359151035885574,0.0154332330849115,6.42549523106236,-2.42204985457637
"TBC1D29","TBC1D29",-0.646511615874908,0.0359787856649548,0.015463606861824,2.73805392833641,-2.42133529359258
"AC106801.1","AC106801.1",-0.500424969983956,0.0360030564640555,0.0154760455395735,7.81775805807315,-2.42104302284316
"EPHA8","EPHA8",-1.09595141576171,0.0360506543588987,0.0154995203576767,0.965250342949711,-2.42049199946369
"PIP","PIP",-2.16308176938723,0.0360935311006427,0.0155199668504116,6.21538886421659,-2.42001265793983
"AC092145.1","AC092145.1",-0.676424625255019,0.0361474196305579,0.0155461613234809,3.94987842709264,-2.41939937382254
"ELK2AP","ELK2AP",-1.90047392311152,0.0362365004470223,0.0155885132097253,0.604965822207004,-2.41840972147286
"MYOT","MYOT",-0.857231636404329,0.0362872694310851,0.0156133879007172,86.0739652189234,-2.41782956754988
"RSPH10B2","RSPH10B2",-0.563763864435979,0.0363202640077898,0.015629609358948,4.43559202849629,-2.41745167142565
"KCNJ18","KCNJ18",-2.78751763957352,0.0365039390169994,0.0157208601480876,4.25044762500074,-2.41533229497834
"THRA1/BTR","THRA1/BTR",-0.727337886950245,0.0365260759950911,0.0157314118522691,2.61659659331984,-2.41508792126773
"PKIA-AS1","PKIA-AS1",-0.829139517928973,0.0367379051022412,0.0158359571986358,1.85449478295355,-2.41267444775252
"AC020661.4","AC020661.4",-1.18501487104122,0.0367483211348379,0.0158414713965232,0.648405592881997,-2.41254753962073
"AC022296.1","AC022296.1",-1.51944346248431,0.0367847510199319,0.0158602516732072,0.509972543812858,-2.41211560668658
"AC015878.1","AC015878.1",-3.75414791546385,0.0368323233865834,0.0158879499486377,2.04285221518993,-2.41147938631094
"MIR3150BHG","MIR3150BHG",-0.975742632595803,0.0369427370614195,0.015941756444539,2.31892191371824,-2.4102462512757
"SNORA74B","SNORA74B",-1.2488167004046,0.0369517028155878,0.0159466554143813,0.949171603664359,-2.41013415874366
"RN7SL100P","RN7SL100P",-0.759945442201948,0.0369627835338685,0.0159524676642477,1.23052743707389,-2.41000120886493
"AC011939.1","AC011939.1",-0.730071846161267,0.037015307826078,0.0159771997682737,2.32564544047432,-2.409435960468
"LINC01563","LINC01563",-2.022160251034,0.0370179549027809,0.0159800646713365,1.50598339732201,-2.40937053328139
"AC073316.2","AC073316.2",-0.576550878562911,0.0370836843816315,0.0160108484289084,4.19629711062419,-2.40866815960918
"TRAJ45","TRAJ45",-0.913596848753255,0.037241847075371,0.0160853636357595,0.897901358624181,-2.40697289545996
"AC096558.2","AC096558.2",-0.511309583967945,0.0372888996480167,0.0161067258242695,3.06728695128495,-2.40648816659302
"RPS27AP1","RPS27AP1",-0.837537539686147,0.0372936413842065,0.0161125926140461,1.22857842591069,-2.40635514233051
"S100A7","S100A7",-1.93945979517978,0.0373443202135039,0.0161383830311293,4.34784781900844,-2.40577087193965
"SNORA23","SNORA23",-0.905619709977895,0.0373774361342005,0.0161553874479976,1.06453388066643,-2.40538609323837
"AC027612.1","AC027612.1",-1.147448959168,0.0376401365656181,0.0162794246397806,0.815011627358557,-2.4025900778474
"DCD","DCD",-1.16798163139405,0.0376732015298987,0.0162979257907743,145.022747579717,-2.40217463512285
"AC098679.4","AC098679.4",-0.604576551520623,0.0377958967986197,0.0163625943743376,3.14283766843472,-2.40072575245425
"LINC01736","LINC01736",-0.57970577237304,0.0379097201150268,0.0164171543332977,7.5191956587847,-2.39950725846595
"IGLV11-55","IGLV11-55",-1.77806003509378,0.0379601300639103,0.0164432173154889,0.502274269860094,-2.39892644593508
"AC008114.1","AC008114.1",-0.746792040497876,0.0379671255540037,0.01644730587414,1.0409920066751,-2.39883540595976
"THEM5","THEM5",-0.516396322666199,0.0380344764329268,0.0164786025699507,55.3371958829184,-2.39813917988292
"AL157938.1","AL157938.1",-1.23985822440861,0.0380380681734543,0.0164812190017609,0.459746037423408,-2.39808102738285
"FCER2","FCER2",-0.617025530225803,0.0380417286807409,0.0164838654311392,86.8598728822748,-2.39802221640888
"AL645608.6","AL645608.6",-1.00113562413381,0.0381197053455297,0.0165240289290128,0.832274324310898,-2.39713068899359
"TRBV16","TRBV16",-1.29868164018344,0.0381978738796174,0.01655897796727,0.475261290591347,-2.39635645661315
"AL627309.4","AL627309.4",-0.654353721513329,0.038275873284832,0.0165959918869843,5.09022021371275,-2.39553804378956
"RPL10P19","RPL10P19",-0.599507681738137,0.0383970906243312,0.0166581830934381,3.72378704466633,-2.39416653962692
"OR6U2P","OR6U2P",-0.560294788882503,0.0384380858149383,0.0166791827702061,3.74537758078818,-2.39370444858545
"PSCA","PSCA",-0.679543380882589,0.0385043371720214,0.0167100773639359,14.0261714854604,-2.39302555086663
"AC068205.3","AC068205.3",-0.694208766982927,0.0385606258532924,0.0167398797780955,2.22461481577049,-2.39237169690704
"KRT34","KRT34",-1.20740626437286,0.0386140091547123,0.0167684361985021,3.67195031907808,-2.39174613768729
"AL355816.2","AL355816.2",-0.52206343279248,0.0388242950566249,0.0168640833412512,106.412239944053,-2.38965767374236
"RPS4XP17","RPS4XP17",-0.882814919047178,0.0390210217636991,0.016954973860698,0.833867829486655,-2.38768268318189
"BEST3","BEST3",-0.553978685319461,0.039083807393595,0.0169855230961265,10.9260858993929,-2.38702095472948
"PROZ","PROZ",-0.897233517011068,0.0391245719733768,0.017004329650422,1.49790919535072,-2.38661410425978
"PDSS1P1","PDSS1P1",-0.650990674755732,0.0391707872871909,0.0170255076284088,2.2840470861789,-2.38615642414816
"PLSCR2","PLSCR2",-0.50492056008763,0.0392579262649839,0.0170732310964816,3.68356752028173,-2.38512689434144
"AC006116.2","AC006116.2",-0.761563257200125,0.0392974840003062,0.0170959117154781,1.17577936393228,-2.38463849430834
"SLC52A1","SLC52A1",-0.564217719554564,0.0394652469160423,0.0171798957794518,12.1048903034428,-2.38283493362909
"AL592430.2","AL592430.2",-1.21869770248308,0.039586165293621,0.0172369474021367,0.816329342970286,-2.38161415461418
"AC020703.1","AC020703.1",-0.894995297908723,0.0398883064602142,0.0173840744670508,1.17504441299367,-2.3784822369946
"AC114781.1","AC114781.1",-1.08040327868071,0.0399528991606889,0.0174166798599028,0.567233056108538,-2.37779130858476
"FAM30B","FAM30B",-1.67939551171421,0.0400372042734832,0.0174578950926856,0.658043490241727,-2.37691955347779
"AC009779.3","AC009779.3",-1.36367827212182,0.0401156844195823,0.0174999431684031,0.651096514300193,-2.37603204024605
"TMEM271","TMEM271",-1.48166130304473,0.0401606986928051,0.0175229384428844,4.45932650612092,-2.37554746703736
"AC004890.1","AC004890.1",-1.04176670616825,0.040437742674665,0.0176573446410767,0.603696643834662,-2.37272626229689
"TRAJ19","TRAJ19",-1.07024976802169,0.0405231465129849,0.0177036731790387,0.689511794104636,-2.37175818116945
"AC007688.1","AC007688.1",-0.985368255285709,0.0405663914805271,0.0177259582675608,1.1391223244227,-2.37129330258542
"AC133555.1","AC133555.1",-1.05653084729286,0.0405861474818326,0.0177357222041168,2.01063323619147,-2.37108978311748
"AL499627.1","AL499627.1",-3.69225342356404,0.0407282911354309,0.0178046491951767,1.66209887851711,-2.36965585563154
"TCN1","TCN1",-0.511727351061279,0.0408083919679992,0.0178464909152875,17.2562470944206,-2.36878776932891
"TTLL8","TTLL8",-1.36839577542805,0.0409283221024207,0.0179035026830185,0.583778602056014,-2.36760781716542
"RBMY2FP","RBMY2FP",-1.02297567535455,0.0411127105593365,0.0179887447428545,0.646778225712065,-2.36584971839121
"SNORD3E","SNORD3E",-0.772053021990346,0.0412287400938094,0.018047557754235,1.205775910766,-2.36464096246977
"DAB1-AS1","DAB1-AS1",-0.824499528149114,0.0413887725839798,0.0181268402742715,3.54255777573215,-2.3630169548747
"AC084018.1","AC084018.1",-0.551488666303369,0.0415489897563192,0.0182036255335024,19.0012516935713,-2.36145001935514
"AC022973.1","AC022973.1",-0.858924771373731,0.0415664153761062,0.0182150694391015,1.05118079479321,-2.3612169824995
"AJ003147.2","AJ003147.2",-1.69348344429259,0.0416520117006776,0.0182537401521409,0.442474037037729,-2.36043046253693
"PAGE5","PAGE5",-1.23575322861325,0.041738399953981,0.0182985799157133,0.527558541635983,-2.35952029524955
"AC010997.5","AC010997.5",-0.590843616955021,0.0418107410193797,0.0183361223263526,5.38088903586307,-2.35875975174735
"AL445604.1","AL445604.1",-0.549518146568036,0.0419946359134952,0.0184261341857652,3.32747587289432,-2.35694180623029
"AL136126.1","AL136126.1",-1.09826493898693,0.0420158388057522,0.0184412933194529,0.610760395084992,-2.35663640634577
"SERPINB12","SERPINB12",-2.24037621017531,0.0420673077555269,0.0184662289208094,15.2679061529018,-2.35613452481782
"AC020916.2","AC020916.2",-0.873843210936133,0.0421751785683646,0.0185206345133384,0.925790643834625,-2.35504155313145
"RGPD2","RGPD2",-0.524742822683529,0.0422179194041378,0.0185429339665784,95.1514730323834,-2.35459438381501
"AL031587.2","AL031587.2",-1.30101319074857,0.0423824439214171,0.0186226370190161,0.525903175491117,-2.35299994151749
"PPIAP55","PPIAP55",-0.994799393693099,0.0424210923675092,0.0186416312522309,0.598375043578254,-2.35262084716721
"AC011005.1","AC011005.1",-1.24814099490241,0.042456645662915,0.0186596218025695,0.481897221493504,-2.35226209622048
"AL139120.1","AL139120.1",-0.607004316835451,0.042459535135938,0.0186620752619783,3.43978552758492,-2.35221319504888
"AC103809.1","AC103809.1",-0.748675736650421,0.0426844611047539,0.0187680749677042,1.6238588519772,-2.35010581170002
"DPYD-AS2","DPYD-AS2",-0.743538038909858,0.0427431960749527,0.0187962832412112,1.98263357623059,-2.34954675639826
"IGKV1OR-3","IGKV1OR-3",-2.60080934989892,0.0428013590594994,0.0188242465014852,1.10345872526916,-2.34899328082452
"KLHL34","KLHL34",-0.610020442331502,0.0428397447622394,0.0188435169992512,16.0480437587998,-2.34861227910505
"LRRC37A15P","LRRC37A15P",-0.794711534493243,0.0428677602139242,0.0188582297336907,2.01110836787997,-2.34832161938102
"FAM160A1","FAM160A1",-0.784171529252222,0.0429088557831663,0.0188775044132603,18.4490153514109,-2.34794113538983
"TRAJ53","TRAJ53",-1.28695725331611,0.042971587217982,0.0189086961901899,0.489800958020322,-2.34732612595209
"IGHD3-22","IGHD3-22",-1.73943414422457,0.0429768570967779,0.0189122130449291,0.442448587376875,-2.34725683966186
"AC008781.2","AC008781.2",-0.66852264146365,0.0429782889653216,0.0189140411479999,2.35046728624707,-2.34722082827175
"AC138035.1","AC138035.1",-0.664687629814968,0.0431499375701442,0.0190016087451746,19.4058164182498,-2.34549940840521
"VDAC1P2","VDAC1P2",-0.897669373568632,0.0432860962314849,0.019066394220207,1.10317468284243,-2.34423030230541
"RF02164","RF02164",-0.688520573826083,0.0432970418659893,0.0190724223723548,3.109917061253,-2.34411240646338
"ENSAP2","ENSAP2",-0.594249715908739,0.0433482565163463,0.0190998157701432,2.26646210266881,-2.34357706895543
"ATP5MC2P3","ATP5MC2P3",-0.724449170084216,0.043658266190318,0.0192485796887041,1.96081417152326,-2.34068150494227
"MYL12BP2","MYL12BP2",-1.48191919788899,0.0437638249712539,0.0192975595043976,0.431256375520604,-2.33973243376048
"AL356417.1","AL356417.1",-0.574960785286708,0.0438621273106096,0.0193494641621661,3.27983718407053,-2.33872898325007
"OVOL1","OVOL1",-1.51211846096899,0.043960230332984,0.0193951923542988,19.0293466026027,-2.33784688676398
"SKAP1-AS1","SKAP1-AS1",-0.553575158680349,0.0440442988917048,0.019439649579129,8.61533926964601,-2.33699104764133
"Z84488.2","Z84488.2",-1.04005382041845,0.0441758247715453,0.019505088902614,3.45122063296636,-2.33573439127899
"RPSAP12","RPSAP12",-0.649954219040601,0.0441913375712785,0.0195131701314738,1.91404087497875,-2.3355794599573
"CTD-2194D22.4","CTD-2194D22.4",-0.873348247413395,0.0442334384449521,0.019536692185652,1.02029613198487,-2.33512881975164
"AL355581.1","AL355581.1",-0.599218507581483,0.0444323322058417,0.0196344463403264,3.94152076064225,-2.33326108904019
"AC007919.2","AC007919.2",-1.13345060446783,0.0446405616550436,0.0197376610166495,0.541683875902522,-2.33129782160326
"RN7SL560P","RN7SL560P",-1.29790823610014,0.0449557243380799,0.0198932996199866,0.440569225750805,-2.32835427301946
"AC233968.1","AC233968.1",-0.77825087464794,0.0451101197180485,0.019974195169929,13.2545667454616,-2.3268322511021
"AL121594.1","AL121594.1",-0.571391662969275,0.0452541411634934,0.0200455346962808,26.6573031914445,-2.32549448078198
"FO393414.3","FO393414.3",-0.902199523039209,0.0455520549961878,0.0201927339541289,3.7228993871571,-2.32274725729387
"MRPL40P1","MRPL40P1",-1.13253824635819,0.0455556888420459,0.0201968844887175,0.48082993929171,-2.32267004827794
"AC008619.1","AC008619.1",-1.10802821860783,0.0455749070156698,0.0202087767866334,1.04042755411142,-2.32244890218033
"IGKV3D-15","IGKV3D-15",-1.20146388686596,0.0456039978047733,0.0202259291727317,496.007480711719,-2.32213014075505
"MIR6891","MIR6891",-1.08551332390107,0.0459076431578417,0.0203785147676273,2.65898182237969,-2.31930481086558
"AL683807.2","AL683807.2",-0.984039338988628,0.0459615734677786,0.0204062980402725,0.893677215872889,-2.31879235294393
"LINC02595","LINC02595",-1.01152310136432,0.0460090799789268,0.0204309968761522,1.04984095673047,-2.3183372976887
"AL390115.1","AL390115.1",-0.878419808361529,0.0460090799789268,0.0204312377183076,0.938877581023776,-2.31833286273753
"AL512506.3","AL512506.3",-0.72689249858085,0.0460397602593859,0.0204474285773601,2.6070128304239,-2.31803482314805
"RGPD4","RGPD4",-1.90882006265319,0.0464267213874907,0.0206399938511244,1.77347949311543,-2.31450579309946
"AC023593.1","AC023593.1",-0.89895272162719,0.0466113645963119,0.0207298765751681,1.7318713484268,-2.31286838377375
"AC023825.2","AC023825.2",-0.740765800181304,0.046636114255652,0.0207434836286394,1.97343966880641,-2.31262104135429
"PLCB2-AS1","PLCB2-AS1",-1.02723975858987,0.046840528306414,0.0208422398147815,0.920820456969623,-2.31083012552412
"CNN2P12","CNN2P12",-1.2803192445406,0.0468870806898249,0.0208655677550677,0.486713832771033,-2.31040816003641
"GOT2P3","GOT2P3",-1.28433118580687,0.0469206461117458,0.0208869016890902,0.388091600714749,-2.31002262277152
"AC004264.1","AC004264.1",-0.703164741272469,0.0469206461117458,0.0208870444154587,1.88305078295645,-2.3100200446407
"AC113346.2","AC113346.2",-1.06302812964172,0.0469212056343868,0.0208886013989349,0.706993004231,-2.30999192114274
"C10orf71-AS1","C10orf71-AS1",-2.18189008412556,0.0471769873917155,0.0210116767817374,1.99633929004196,-2.30777459247351
"LY6G6C","LY6G6C",-1.49564003506337,0.0473452195178201,0.0211037604267446,47.5502428190079,-2.30612300107547
"KIR2DS4","KIR2DS4",-0.819418114559762,0.047727725036869,0.021294215106345,3.49243005007971,-2.30272687492828
"AL590233.1","AL590233.1",-1.1695354247624,0.0478382560961534,0.0213501970273314,0.795498682162832,-2.30173365504635
"NRADDP","NRADDP",-0.644440166448145,0.0479116136741426,0.021386943034919,2.53310785708835,-2.3010829470836
"INA","INA",-0.856721542544375,0.0479461379568798,0.0214061301949654,6.95826143844208,-2.30074356263111
"AC093801.1","AC093801.1",-0.74749972764267,0.0482806176772266,0.021573193069434,1.80744247701737,-2.2977996787604
"SPDEF","SPDEF",-0.851229141768985,0.0482844838347283,0.0215776123996757,3.80293104420894,-2.2977220737471
"MIR3176","MIR3176",-0.83097536309183,0.0483904617070567,0.0216290189121297,1.18134306203441,-2.29682037217902
"AC012501.1","AC012501.1",-0.654757763917806,0.0484503605682248,0.0216584928901079,2.11846623850166,-2.29630422174141
"BNIP3P5","BNIP3P5",-0.630788488812198,0.0484903334179156,0.0216817683165654,2.36633277027603,-2.29589705265831
"FAM230C","FAM230C",-0.502839734443305,0.0485084538405297,0.0216912227598544,7.79560666415439,-2.29573176983726
"AL136454.1","AL136454.1",-0.60241538401541,0.0486852543523974,0.0217784240236174,3.41898907435636,-2.29421026408661
"AC008474.1","AC008474.1",-1.25999849860599,0.0487821014691578,0.0218285456413768,0.598947762727908,-2.29333812958424
"PPIAP16","PPIAP16",-0.536984640767295,0.0487994625423893,0.0218376744712339,1.74892307173863,-2.29317947223605
"MYH3","MYH3",-0.50180326501977,0.0488270120585519,0.0218540859268061,30.3708612975523,-2.29289438930541
"PRELID1P1","PRELID1P1",-0.634691405618698,0.0489613489865669,0.021923766135755,1.64373334318154,-2.2916860470683
"LINC02354","LINC02354",-1.04146562650442,0.0491802550284295,0.0220368668873032,0.674055164380254,-2.28973183290569
"AC138466.5","AC138466.5",-0.950169590881453,0.0491902447413982,0.0220440854273856,0.915375078225784,-2.28960740362124
"AC099811.4","AC099811.4",-0.8172264904738,0.0493768045122035,0.022141580728045,1.16757242618854,-2.28793029512338
"AC093668.3","AC093668.3",-0.502163560902666,0.0493944789971383,0.0221521330337271,52.5556334825301,-2.28774916040752
"AL139348.1","AL139348.1",-0.609924813849833,0.049404013643024,0.0221577861886064,2.76858019660704,-2.28765215252165
"AC096536.2","AC096536.2",-0.809860661693839,0.0494225116443953,0.0221702154674078,2.28593991686704,-2.28743894231955
"PRDX3P2","PRDX3P2",-0.935803242249794,0.0496833977476062,0.0223010941861938,0.88833025909567,-2.28520015395125
"OR3A2","OR3A2",-0.749147660516804,0.0497853475859883,0.0223496312995775,2.20589862241603,-2.28437279009185
"KIF4CP","KIF4CP",-1.40914552084572,0.0498577359680006,0.0223835176446165,0.519351984905361,-2.28379608888714
"RPL39P28","RPL39P28",-1.57412721506302,0.0499524004025073,0.0224301942323064,0.45475010436906,-2.28300295611598
