"","gene","log2FoldChange","padj","pvalue","baseMean","stat"
"ATP5F1E","ATP5F1E",1.91098083132764,1.28898702606055e-76,5.3642728755499e-81,7890.4333737321,19.0606129221405
"NOP10","NOP10",1.81087272334896,1.28898702606055e-76,7.0438374057245e-81,2130.7837556824,19.0463557886746
"GNG5","GNG5",1.57746153326337,2.06901172169138e-71,1.69595758492695e-75,3624.01765736889,18.386152871151
"BRI3","BRI3",1.85626505199407,2.98685048623432e-70,3.26440666273321e-74,7071.15594847656,18.2250728889872
"ATOX1","ATOX1",1.75147345056836,1.42950082809902e-69,1.95292334230309e-73,1481.03719583634,18.1269508017802
"LAMTOR2","LAMTOR2",1.61456812862155,2.76087682443331e-69,4.52615124637281e-73,1714.5549879564,18.0806620236101
"RNF181","RNF181",1.60877807254826,7.34637654241427e-69,1.40508308415257e-72,1940.11460914819,18.0180912267498
"RNASEK","RNASEK",1.48041426221027,6.26282095038704e-68,1.36896001538556e-71,7577.90080956961,17.8916887269321
"SCNM1","SCNM1",1.35272676220146,1.88819232909015e-67,4.64322275521499e-71,1209.82303132589,17.8235069452188
"CHCHD1","CHCHD1",1.48631013210703,1.90486978809266e-67,5.20470446758836e-71,963.078557034369,17.8171210806377
"C11orf98","C11orf98",1.43538017259514,5.11796305081401e-65,1.53822764444258e-68,945.21902290564,17.4959511914213
"HSPB11","HSPB11",1.46473611803928,1.34417979393631e-64,4.40726728250382e-68,628.248437215897,17.4358795170955
"TMEM258","TMEM258",1.89671546302921,1.64823585526255e-64,5.85454961021151e-68,3545.99243044031,17.4196388526258
"EXOSC1","EXOSC1",1.26855339698076,6.66509755450374e-64,2.54956052796668e-67,748.491052466716,17.3352500095836
"TAF10","TAF10",1.62402210258623,8.91779428999216e-63,4.34677768470697e-66,2550.98868980255,17.1714169826276
"SNRPG","SNRPG",1.57867109983149,8.91779428999216e-63,4.38592030437604e-66,1824.66824243065,17.1708966582886
"BOLA2B","BOLA2B",1.86532557483606,1.11519891783593e-62,5.78944218117505e-66,602.356496949513,17.1547744174007
"C19orf53","C19orf53",1.55314005866415,1.62445994855151e-62,8.87707286292801e-66,2945.94588620153,17.1299239160181
"ZBTB8OS","ZBTB8OS",1.44382759950035,3.59304607908582e-62,2.06164014483462e-65,596.067929262269,17.0808303303342
"RPL28","RPL28",1.82842961719552,5.53919364376112e-62,3.32966092414395e-65,36079.1454352799,17.0528380540511
"ATP5MF","ATP5MF",1.6791316132344,2.54344621357229e-60,1.59838418842489e-63,3282.9848821892,16.8250826814173
"SNRPC","SNRPC",1.23263981722646,4.27041957802414e-60,2.80035164547063e-63,1773.06446300053,16.7918382518428
"PSENEN","PSENEN",1.27053765033008,5.07295670728208e-60,3.4652290412867e-63,1618.08346701604,16.7791913030179
"CMC2","CMC2",1.49408130149964,7.12391442239641e-60,5.25549029767762e-63,621.747695272201,16.7544383259757
"LSM1","LSM1",1.27682484905088,7.12391442239641e-60,5.06798197455838e-63,1159.25612658185,16.7565989602278
"BLOC1S1","BLOC1S1",1.62028424594551,1.22375442257083e-59,9.81902592816354e-63,2617.37496758768,16.7172223359878
"CKLF","CKLF",1.6990832121766,1.25097821345551e-59,1.05960066168805e-62,1125.71037836593,16.7126823547806
"CMC1","CMC1",1.30012370607024,3.68737819469356e-59,3.22402530752737e-62,630.533014644483,16.6462064464256
"C17orf49","C17orf49",1.30951311363726,3.74880287958988e-59,3.38016052423471e-62,2951.71628649106,16.6433753119456
"SS18L2","SS18L2",1.45302800632954,5.69996617939743e-59,5.29519522663222e-62,572.36305091742,16.6164797744365
"COX7A2","COX7A2",1.55856901182343,2.43146845572211e-58,2.32523828384037e-61,3793.56717432988,16.5275177872362
"MIEN1","MIEN1",1.38370983258711,3.75508504814207e-58,3.69362719563689e-61,1398.87124907094,16.4995948073322
"UBL5","UBL5",1.55060266498306,3.8430058086722e-58,3.93903720465406e-61,3859.72586481866,16.4957097948733
"RPL26L1","RPL26L1",1.42326148286923,3.8430058086722e-58,3.99011505039874e-61,663.997864259305,16.4949315803154
"MRPL52","MRPL52",1.47736256240488,8.94936025337756e-58,9.53646410780964e-61,893.004507795063,16.4422175460058
"UBE2L3","UBE2L3",0.877794286236524,1.66637647009038e-57,1.82122623032365e-60,4560.20554952547,16.40296675719
"TMEM219","TMEM219",1.33981426149694,1.68681611192837e-57,1.88965437823611e-60,3881.59253251605,16.4007262586395
"MRPL53","MRPL53",1.68634931153327,2.36438749376539e-57,2.71330568425767e-60,1554.19003708095,16.3787343314564
"TXNDC17","TXNDC17",1.41962966986061,2.70703378951939e-57,3.18048178773557e-60,1137.02741252568,16.3690677925855
"C18orf32","C18orf32",1.23785471930124,3.37618239544707e-57,4.05890940735187e-60,2647.96306069028,16.3542171663801
"PET100","PET100",1.60027239199124,3.64489642814176e-57,4.52627736038524e-60,1568.99849441643,16.3475764082429
"LSM7","LSM7",1.55880013235397,6.85523785596111e-57,8.80341482636608e-60,1628.35437702166,16.3069834877762
"TOMM6","TOMM6",1.53007620390672,6.8707704450592e-57,9.17094706724979e-60,3132.78789681637,16.3044844444716
"LSM8","LSM8",1.28744376522819,6.8707704450592e-57,9.19882378775105e-60,880.586378009064,16.3042989866962
"POMP","POMP",1.44430087573601,7.0461534727174e-57,9.62615573201098e-60,3992.82379100941,16.301524060932
"RANBP1","RANBP1",1.07118654750019,7.40757186605351e-56,1.03223084010145e-58,2031.54715764244,16.1558869768235
"JTB","JTB",1.28567601576938,1.49705496262313e-55,2.16792570887253e-58,5054.5164393716,16.1100659406985
"RPS19BP1","RPS19BP1",1.26713090258711,1.92664185299837e-55,2.84266400890494e-58,2206.71869624462,16.0933013869527
"POP4","POP4",0.879778804341102,1.96227457685089e-55,2.94885384100109e-58,1174.28842608242,16.091031033361
"BOLA2","BOLA2",1.68985246902543,2.93077413470964e-55,4.56444508534248e-58,475.1268162675,16.0639615526319
"EDF1","EDF1",1.27529462795261,7.17412687754349e-55,1.1369145574948e-57,7582.9786773819,16.0072691365284
"DYNLT1","DYNLT1",1.41016506287013,1.40890978911301e-54,2.27125543205191e-57,2380.93301902074,15.9641470032461
"GTF3A","GTF3A",1.43804175460577,1.66701217815469e-54,2.73288151832786e-57,4542.12462870607,15.9525978498313
"TAF12","TAF12",0.937477719753496,2.07738945991823e-54,3.51917119360994e-57,792.372567012032,15.9368003845409
"C19orf24","C19orf24",1.42304263362008,2.11423992637354e-54,3.63936488323542e-57,1281.33691034002,15.934701144605
"GABARAP","GABARAP",1.3668700455106,2.23224955937293e-54,3.90349386048437e-57,16068.7028574903,15.9303207915633
"KXD1","KXD1",0.945884916771541,2.33348398728283e-54,4.14427878284609e-57,3029.08877747014,15.9265775785625
"SEC61B","SEC61B",1.46231963696618,2.74965940716195e-54,4.98908794935257e-57,3852.74259023552,15.9149700458803
"C18orf21","C18orf21",1.23556690244971,2.82734940271253e-54,5.25314241876696e-57,468.195791882943,15.911741811398
"TMSB10","TMSB10",1.95460498734441,4.37649251895241e-54,8.37056958732941e-57,53715.6999521326,15.8825495638466
"SELENOH","SELENOH",1.32702064288635,4.42458611144458e-54,8.58344801531641e-57,2368.58496212806,15.8809744640117
"RPS27L","RPS27L",1.63364381544468,4.64874592289275e-54,9.17763978849242e-57,3598.4193832285,15.8767756779266
"CIAO2B","CIAO2B",1.42462799192563,4.64874592289275e-54,9.2723422052835e-57,2273.02367241986,15.8761315988055
"DGUOK","DGUOK",1.14179255335596,8.35789868044094e-54,1.73556736444578e-56,1464.06932597964,15.8367520629383
"JOSD2","JOSD2",1.29261511347585,1.55486246295446e-53,3.27124811190179e-56,1371.88831168036,15.7968366802042
"MRPL54","MRPL54",1.4094822277737,1.88393258037553e-53,4.01504798681087e-56,1401.86635991586,15.7839132567787
"UBA52","UBA52",1.81035313507151,1.96816226127699e-53,4.24833516327993e-56,26612.0213868984,15.7803488580071
"PDCD5","PDCD5",1.46228840726731,2.28682095178878e-53,4.99865231681473e-56,1539.26507884045,15.7700798798036
"MRPL57","MRPL57",1.43008593236459,3.68425537787622e-53,8.15390271887137e-56,1452.06707923493,15.7391441609077
"SEC61G","SEC61G",1.63328244297088,3.98772787103772e-53,8.93449781210124e-56,2479.13417080356,15.733357619978
"ATP6V1F","ATP6V1F",1.65630428109556,5.98355684038228e-53,1.35696389997467e-55,4840.41672337868,15.7068791981427
"GTF2A2","GTF2A2",1.15314146154935,7.50477145216412e-53,1.7224536243662e-55,1667.40926472905,15.6917483521579
"SSNA1","SSNA1",1.14560790244554,1.59127903559347e-52,3.69569436392919e-55,1930.43114527225,15.6432181657961
"LSM6","LSM6",1.2765910487354,1.81730200335919e-52,4.27027985160498e-55,770.682690609221,15.6340148500732
"PSMB4","PSMB4",1.03739585221385,1.84338155931547e-52,4.38192834942063e-55,7066.33029987258,15.6323705799764
"HSPE1","HSPE1",1.34543166545669,3.48341440657585e-52,8.37565145983974e-55,2154.6908553671,15.5910417235973
"ATP5MPL","ATP5MPL",1.65210309896798,4.47498821056888e-52,1.08820992579204e-54,1803.49973158457,15.5743099864938
"RPL36AL","RPL36AL",1.5498236142312,5.42806083232371e-52,1.34963669974988e-54,6807.3597349026,15.5605361117044
"SARNP","SARNP",0.977135469904594,5.42806083232371e-52,1.34340979648313e-54,1615.98633360554,15.5608320866146
"MRPS36","MRPS36",1.47740461795794,1.14130185035334e-51,2.90010852981941e-54,699.518692701613,15.5115028161037
"UFC1","UFC1",1.26105931332767,1.26774339901026e-51,3.2560419548885e-54,3537.59966184716,15.5040685702541
"ETHE1","ETHE1",1.45172859799929,1.38927370127503e-51,3.60613682398774e-54,1234.18606656366,15.4975072973531
"RBX1","RBX1",1.34330152798463,1.54805601610172e-51,4.060585741298e-54,3009.74751283461,15.4898782709839
"LLPH","LLPH",0.802836061960625,1.64364330853929e-51,4.35622287298318e-54,1425.12294676795,15.4853592589663
"SF3B5","SF3B5",1.34879903068388,2.59206452010975e-51,6.94069026396227e-54,3587.10293773741,15.455374609365
"UXT","UXT",1.53079561056341,3.40180894966249e-51,9.20186578913594e-54,1939.66401689874,15.4371930440477
"PTPMT1","PTPMT1",1.15214784243804,6.30689015978194e-51,1.75770593813426e-53,1484.22029674536,15.3953866904897
"SRP19","SRP19",0.986987877903081,6.40674141319672e-51,1.80303933320381e-53,1228.09210550321,15.3937394771521
"CHCHD5","CHCHD5",1.50599474776684,6.42790065114854e-51,1.84412024473509e-53,751.38778227848,15.3922820188075
"C9orf16","C9orf16",1.73464567332711,1.08138594160195e-50,3.13196835459458e-53,2270.67276933521,15.3579768364474
"COA4","COA4",1.20976641995832,1.12463788412278e-50,3.28796561657799e-53,1084.20605977131,15.3548248092837
"TMEM60","TMEM60",1.16886821901035,1.1826703732255e-50,3.48994235657681e-53,723.82713596274,15.3509580176741
"TMEM223","TMEM223",1.07270928773277,1.30889877966143e-50,3.89819303759928e-53,585.776630045757,15.3437799738576
"OST4","OST4",1.69472333556292,1.36212853054698e-50,4.09394077324974e-53,5327.70258365671,15.3405998967732
"LSM10","LSM10",1.47931705552974,3.11190645574284e-50,9.52303404582634e-53,1587.34904201657,15.2857026107624
"COMMD1","COMMD1",1.13937327518704,8.36160065871149e-50,2.60450415337334e-52,991.78595321076,15.2200202521075
"RPP30","RPP30",0.828563697835315,9.23757300338595e-50,2.90259541350688e-52,786.898602082191,15.212929192905
"TMSB4X","TMSB4X",1.57140294728021,1.27523260569414e-49,4.11151800518891e-52,177078.547669619,15.1901223106615
"IFT20","IFT20",1.31576095334231,2.163039835829e-49,7.09212766194377e-52,866.527476781388,15.1543428091311
"ZNHIT3","ZNHIT3",1.12312473096576,2.6206004109618e-49,8.73557338007432e-52,812.057333600511,15.1406427552209
"RPS19","RPS19",1.81510500076137,3.39190108674183e-49,1.13993233058074e-51,25682.1744669174,15.1231298720783
"RPA3","RPA3",1.29540850706072,3.40303478592342e-49,1.15297224911747e-51,549.838272125592,15.1223809890627
"ELOC","ELOC",1.21071433059945,4.00991053232702e-49,1.36954238241722e-51,1881.88888869556,15.1110432132321
"SSBP1","SSBP1",1.05597298027248,4.22867384493263e-49,1.45581273931395e-51,2358.11478943532,15.1070175732259
"ATP5MG","ATP5MG",1.47813757905848,5.64981099213063e-49,1.96050710675316e-51,5337.77023555108,15.08738812238
"KRTCAP2","KRTCAP2",1.3681902318611,6.17271307533735e-49,2.15882202694932e-51,3014.03662569229,15.0810277277162
"LSM3","LSM3",1.37731002326343,1.02815530028412e-48,3.65201751514892e-51,2047.94126610751,15.0462798364998
"NDUFA1","NDUFA1",1.51032641529949,1.03602210013529e-48,3.70826785206487e-51,2657.40465671777,15.0452683579957
"TRMT112","TRMT112",1.1708527978105,1.06829517839055e-48,3.85297312898039e-51,5258.6723869442,15.0427349054852
"PGLS","PGLS",1.35057243787933,1.1238140695669e-48,4.08391680790177e-51,2802.0996214863,15.0388815579143
"MCTS1","MCTS1",1.21792494216064,1.14761848032866e-48,4.23313464423535e-51,872.570626105529,15.0365055549956
"PSMA2","PSMA2",1.13118408583196,1.37720177244729e-48,5.11761089245147e-51,3604.06682722008,15.0239364830224
"NBDY","NBDY",1.25160546191753,1.49165489078694e-48,5.58366950019974e-51,1242.3751107153,15.0181594421056
"SMIM29","SMIM29",1.34456803945707,1.79832711606594e-48,6.78076291748682e-51,1018.85362096567,15.0052766585536
"VPS29","VPS29",1.0482195391578,1.81622230174943e-48,6.89786332804642e-51,2960.12153343407,15.0041405470618
"MRPS12","MRPS12",1.21898337946017,1.84082515376287e-48,7.04160008543406e-51,1082.32384934817,15.0027719754656
"RANGRF","RANGRF",1.09611058521616,1.95197072828236e-48,7.57342668969356e-51,657.592909202383,14.9979393674805
"SNF8","SNF8",0.979428799864427,2.18421140810377e-48,8.53417392166014e-51,2388.30338612501,14.9900089397451
"PSMG2","PSMG2",0.999373311780267,2.20402678586287e-48,8.67181773174821e-51,2016.75301483972,14.9889462221239
"DPY30","DPY30",1.17769462358523,2.29879188365735e-48,9.1074844430262e-51,1143.1540343648,14.9856899530868
"LAMTOR5","LAMTOR5",1.27693335478219,2.39273472896834e-48,9.54504960325086e-51,2418.67479308753,14.9825719983611
"RPP21","RPP21",1.35531659913313,2.39933440513847e-48,9.63693427567297e-51,617.190616435918,14.9819353611237
"PSMB3","PSMB3",1.14371387335183,2.54676158655768e-48,1.02986615702761e-50,3725.41011589273,14.9775214748522
"COX16","COX16",1.34489336674453,2.93427319101787e-48,1.19458647903403e-50,1680.20840433217,14.9676555752924
"MRPS21","MRPS21",1.31067574085025,3.47230876394241e-48,1.423116245229e-50,1977.83062232494,14.9560074554911
"TAF9","TAF9",1.14291369115201,5.45197826821653e-48,2.24937489685701e-50,1313.1639310924,14.9255016695487
"TPRKB","TPRKB",1.41127904035546,5.94696706318528e-48,2.46984615318496e-50,770.461894550055,14.9192634474273
"WASHC3","WASHC3",1.22445464811738,6.59160760282979e-48,2.75558338542845e-50,1060.56649151574,14.9119564895135
"RPS29","RPS29",1.97586127024623,6.72217032848683e-48,2.82853146421206e-50,13131.3812848579,14.9102119805724
"BUD31","BUD31",1.12679871993154,6.84803709212668e-48,2.90020423858476e-50,2117.73586193514,14.9085410578284
"CCNQ","CCNQ",1.08695091720267,9.32394718287021e-48,3.97425000827277e-50,797.262971738136,14.8874876361616
"LAMTOR4","LAMTOR4",1.42633500005136,9.96394303220634e-48,4.27426720964069e-50,2852.5917247854,14.8826201693909
"RPL23A","RPL23A",1.78335154982724,1.08999078369215e-47,4.70555326165631e-50,14066.0002248386,14.8761883100503
"WDR83OS","WDR83OS",1.1632535448521,2.20772632600694e-47,9.59120429069382e-50,2613.12152265202,14.8284571978179
"ATP6V0E1","ATP6V0E1",1.21457348090825,2.38769890915197e-47,1.04383132179654e-49,8090.83636517716,14.8227740194668
"CINP","CINP",0.838884855053017,2.67179362646064e-47,1.1753293091619e-49,1185.46503758584,14.814803234919
"C8orf59","C8orf59",1.52019541569628,5.07931864303361e-47,2.27604103242578e-49,1165.5378716798,14.7703275539182
"MRPL22","MRPL22",1.0157143510545,5.36623526353121e-47,2.41927052237124e-49,909.32974466148,14.7662138386914
"MEA1","MEA1",1.16814847942752,5.77954344455209e-47,2.62139460585165e-49,1943.25639272294,14.7608033887471
"PFDN6","PFDN6",1.0554604015439,7.03683810006736e-47,3.21088544143624e-49,875.680881144124,14.7471175045006
"COA6","COA6",1.45956994233388,7.18328032252405e-47,3.29733351781207e-49,574.85015934748,14.7453240381324
"NTAN1","NTAN1",1.53577529627554,7.56107123997738e-47,3.49140970943517e-49,2748.51217844978,14.7414625182075
"NUTF2","NUTF2",1.00112273142716,8.43617668558773e-47,3.91854978701581e-49,2846.14086599989,14.7336666687759
"ATP6V1G1","ATP6V1G1",1.00744938950859,8.64914116040309e-47,4.04110259413899e-49,4295.73511595074,14.7315858466691
"MRPL23","MRPL23",1.48438121807398,8.68100633723625e-47,4.0797100740584e-49,1913.40861633519,14.7309433269161
"GSTK1","GSTK1",1.00417104358977,8.75417623078888e-47,4.13801603302406e-49,4526.51413286349,14.7299843609094
"TRAPPC1","TRAPPC1",1.1199463888453,1.1186428048763e-46,5.31828323310681e-49,3167.37691526247,14.7130165315448
"RPL23AP42","RPL23AP42",1.8242081979528,1.31980146101548e-46,6.31069853487006e-49,10831.3725474289,14.7014361328203
"ATP5MD","ATP5MD",1.6790211702657,1.4218150154752e-46,6.83733005611178e-49,2993.51204633578,14.6960081102033
"CCDC167","CCDC167",1.8344382079275,1.65612128124306e-46,8.00932994835983e-49,468.277520811099,14.6852879109105
"FAM32A","FAM32A",0.792582146028751,1.72505141911325e-46,8.38982356354431e-49,3207.09766686012,14.6821415644659
"COMMD9","COMMD9",1.16743228287746,2.12868651408544e-46,1.04110736911198e-48,1540.94094037782,14.6675000328132
"ZNF581","ZNF581",1.38137913277093,2.54348281848873e-46,1.25092736776407e-48,759.476671642237,14.6550346878189
"NEDD8","NEDD8",1.10419125991285,3.35392670744145e-46,1.65868120453264e-48,3971.27087226129,14.6358587449434
"POLR2J","POLR2J",1.53902147209928,4.17051318531912e-46,2.07391841232843e-48,1778.61501314037,14.6206561705513
"MRPL36","MRPL36",1.450735975171,6.81869161442315e-46,3.40943896128155e-48,771.165220458912,14.5867737562839
"UQCR11","UQCR11",1.72233459093118,1.00272468236356e-45,5.06855559543317e-48,4894.62054771375,14.5596921249182
"PRELID1","PRELID1",1.40980935320846,1.27445103555354e-45,6.47689534175685e-48,4051.13163418529,14.5429208833985
"TBCA","TBCA",1.33951806420239,1.563697297507e-45,8.03232579937472e-48,2585.10465430711,14.5281826552615
"TMEM251","TMEM251",1.30756558592831,1.71148448468545e-45,8.83823513225909e-48,492.154296729674,14.5216307245622
"NME2","NME2",1.50402807968812,1.7244916056258e-45,8.9525234314845e-48,15593.1862180086,14.5207500705179
"SNRPD2","SNRPD2",1.50429344276881,1.75370516612958e-45,9.1520994215894e-48,5098.63405153646,14.5192387245287
"RPS28","RPS28",1.74234355143775,1.75679948197042e-45,9.21624909255229e-48,17783.3119273538,14.5187598926333
"SEM1","SEM1",1.27950896059945,2.13064638586221e-45,1.12938987091797e-47,2889.83060269888,14.5048165663111
"OAZ1","OAZ1",1.33010113865396,2.30118705042766e-45,1.22893236755891e-47,45795.5504795727,14.4990192502716
"ZNF511","ZNF511",1.28871252564124,2.87065028250455e-45,1.54517365407087e-47,1022.89003229819,14.4832913629403
"MRPL20","MRPL20",1.28224291865814,2.92477673395455e-45,1.58229949813656e-47,2403.65829826855,14.4816596496636
"TOMM5","TOMM5",1.34390806338972,3.25418609589613e-45,1.76940089369472e-47,1908.82029995649,14.4739764406446
"POLD4","POLD4",1.3478464636938,3.6146717492762e-45,1.98516085577343e-47,2105.191611944,14.4660623456152
"COMMD3","COMMD3",1.16366773385699,3.8866633750307e-45,2.15577656529203e-47,1267.07255349134,14.4603884773857
"TXN","TXN",1.66942238497337,4.41829283141867e-45,2.4627223082855e-47,6514.75437436426,14.4512234210368
"TMEM126A","TMEM126A",1.28336339549887,4.50964421202037e-45,2.52596263139478e-47,760.391184881125,14.4494770866995
"C14orf119","C14orf119",0.987087131055166,4.69628141601519e-45,2.65616616059222e-47,1814.33317450476,14.4460146675643
"ELOB","ELOB",1.46956404586934,5.04139591703163e-45,2.8651338854684e-47,5347.79413961052,14.4407961361275
"PDE6D","PDE6D",0.900810134321955,5.48030858581536e-45,3.12955133865791e-47,711.896574278567,14.4347109067807
"UBE2F","UBE2F",1.2026602292989,6.96196699150988e-45,3.99468036890919e-47,1684.16913653089,14.4178723687202
"SNRPF","SNRPF",1.28574820995254,7.91324021903006e-45,4.56212925548606e-47,1191.24631260901,14.4087005861361
"BOLA3","BOLA3",1.60135964518735,8.1838181053172e-45,4.74048317803013e-47,495.244694842834,14.4060514246686
"ARPC3","ARPC3",1.46862880683874,8.82745219855205e-45,5.13742812178362e-47,9601.94063305001,14.4004949532212
"POLR3K","POLR3K",1.20978634657325,1.13005266782717e-44,6.60759230894328e-47,508.717909706263,14.3830913622526
"SERF2","SERF2",1.36305452042573,1.226830452657e-44,7.20698782265242e-47,24330.4363715481,14.3770818164782
"ZNRD1","ZNRD1",1.20723143828749,1.30790818828965e-44,7.7190133246964e-47,555.090375533143,14.3723298577413
"MARCH2","MARCH2",1.30220022618293,1.58563567157423e-44,9.40143011370823e-47,3518.96967496193,14.3586698125695
"SNAPC5","SNAPC5",1.08968425380971,1.68741593452944e-44,1.0097108928166e-46,618.086512939478,14.3537210172646
"ERH","ERH",1.01223763644498,1.71704962435628e-44,1.03213453197732e-46,4724.92141508033,14.3521979956286
"ZMAT5","ZMAT5",1.04266908416951,2.98791670070278e-44,1.80422850584801e-46,585.664025652873,14.3134181480846
"TMA7","TMA7",1.5466885369496,3.13184079939303e-44,1.899693044797e-46,4566.74872503745,14.3098328731954
"LAMTOR1","LAMTOR1",1.03327245886829,3.99918123164338e-44,2.44765320333375e-46,3557.41698318054,14.29219664698
"COX6A1","COX6A1",1.39003026039049,4.00543376580722e-44,2.46242410258921e-46,5380.30424490612,14.2917777024406
"RPL38","RPL38",1.8163648245326,5.37400206941974e-44,3.31846353094036e-46,15061.0398960769,14.2709874332219
"RPS27","RPS27",1.90159585282166,5.37810704233159e-44,3.33569304792282e-46,36823.0179970047,14.2706263098495
"SLIRP","SLIRP",1.58502789603291,8.23743315326335e-44,5.15416320691087e-46,1016.52830359245,14.2402509561387
"GEMIN6","GEMIN6",1.01980506383617,9.40875643839446e-44,5.93847574324195e-46,376.990063220873,14.2303488945626
"FAU","FAU",1.58592094686953,1.07622490409627e-43,6.82215846745364e-46,17283.2328556541,14.2206446409071
"METTL23","METTL23",0.929285668897486,1.17905963388761e-43,7.50624046273978e-46,710.994584760236,14.2139561054979
"RPL27A","RPL27A",1.72932217141116,1.32037032530295e-43,8.47801924768965e-46,33276.7012643312,14.2054303820787
"BLOC1S2","BLOC1S2",1.12663948233443,1.34174449164294e-43,8.651922184424e-46,1818.94516500435,14.2040079322395
"RPL41","RPL41",1.84547391693892,1.43675652054069e-43,9.30384150846043e-46,67597.1703832512,14.19891754851
"SMIM27","SMIM27",1.43326903350243,1.69785976596625e-43,1.10874199859541e-45,191.539010672097,14.1866207421718
"EEF1E1","EEF1E1",1.1817550298827,1.87740304552917e-43,1.23111760137436e-45,450.020937812797,14.1792750591062
"MRPS18C","MRPS18C",1.22131596281867,1.89309111604818e-43,1.24657766323564e-45,1162.53433159111,14.1783992199936
"SRA1","SRA1",1.098195002172,1.94679341725648e-43,1.28725923379346e-45,1475.98327233602,14.1761451924989
"SMIM20","SMIM20",1.39783067403769,1.99530669179192e-43,1.32478899998753e-45,1150.69884253013,14.1741277917361
"NDUFB4","NDUFB4",1.48854090447685,2.45937694713943e-43,1.6396294300446e-45,3443.73177040838,14.1591510460752
"MAGOH","MAGOH",0.924680007333582,2.79609262633255e-43,1.87175248900646e-45,1301.64775143504,14.1498427900495
"HSCB","HSCB",1.21296902441818,3.73786481049234e-43,2.51240400934756e-45,448.782709481509,14.1291267524141
"RPL36","RPL36",1.72320448259571,4.00960454476816e-43,2.70600924221355e-45,11622.4384558926,14.1238976953318
"SF3B6","SF3B6",1.1570945905751,4.33156283852166e-43,2.93512823834906e-45,2104.66330492183,14.1181704527882
"TMEM126B","TMEM126B",1.0935503252186,4.56144465219023e-43,3.10336271044391e-45,1272.49648502925,14.1142416682399
"GPX1","GPX1",1.73152434835585,5.55590437299816e-43,3.79512034003536e-45,20303.8690153748,14.1000478976076
"COX6B1","COX6B1",1.53564281073667,7.37749535602917e-43,5.09988339865947e-45,4370.65083786246,14.079178981604
"MRPL27","MRPL27",1.13414060589194,1.02838702477954e-42,7.1370885623652e-45,1146.07795191892,14.0554065321592
"NDUFB1","NDUFB1",1.55886037330137,1.05761473856993e-42,7.36882861103669e-45,1484.78032883806,14.0531442704867
"MED11","MED11",1.14958605399006,1.64157519654933e-42,1.15272227523478e-44,502.444928330697,14.0214276269374
"PSMA1","PSMA1",0.81711388254815,1.75508318275434e-42,1.23722358848772e-44,3836.96505974557,14.0164066340034
"VPS25","VPS25",0.932705990421835,1.93278327717362e-42,1.36777198499403e-44,1485.90426491425,14.0092838800905
"PPIH","PPIH",0.91397987334857,1.96290562467234e-42,1.394451931514e-44,655.775726959263,14.0079117687677
"PAXX","PAXX",1.28958004420453,2.19022888898017e-42,1.56791160663626e-44,649.789750064334,13.9995815587066
"SDHAF2","SDHAF2",0.793063544075447,2.25144128288904e-42,1.61788315910221e-44,876.856757642671,13.997351575897
"MRPL13","MRPL13",1.07073489538005,2.62006107262566e-42,1.88993175543915e-44,833.930351669942,13.98629940217
"RNF7","RNF7",1.19693807224967,2.82498219029992e-42,2.04546648932889e-44,2462.20456388484,13.9806722817958
"PTRHD1","PTRHD1",1.55860814286185,3.60150655259853e-42,2.62740033756061e-44,1003.41288692195,13.9628430520547
"SUPT4H1","SUPT4H1",0.936793569775162,4.76034373748461e-42,3.4858114201095e-44,3187.94061607333,13.9426839187441
"PIN4","PIN4",1.28985794369829,6.37354539075781e-42,4.75416785069778e-44,719.592178302955,13.9205223578939
"FAAP20","FAAP20",1.01723170866279,6.86409013699121e-42,5.1388308356392e-44,1546.98898204215,13.9149605132979
"RPS15","RPS15",1.68672712839182,6.9571717732522e-42,5.22752599154172e-44,24286.0956977294,13.9137369214928
"DRAP1","DRAP1",1.10260541899981,8.03994187770198e-42,6.08504030198489e-44,5638.70129905536,13.9028713357461
"NDUFA2","NDUFA2",1.45598192762875,8.22869141476329e-42,6.25037900845432e-44,2194.34118013141,13.9009527408952
"SLC35D2","SLC35D2",0.997753337743712,8.39978420547539e-42,6.40328914267503e-44,907.818746787472,13.8992227889689
"AP2S1","AP2S1",1.42739304235234,1.08562468770263e-41,8.30555240735367e-44,4703.25278177768,13.8805916577911
"DDT","DDT",1.46516635203262,1.22481771539425e-41,9.43737795407468e-44,1505.49639036255,13.8714319293903
"TMEM256","TMEM256",1.64275020714945,1.2967439768793e-41,1.00270101766945e-43,960.633866293338,13.8670846158105
"TMSB4XP6","TMSB4XP6",1.64958417956922,1.38647645292325e-41,1.07587451195443e-43,64.7729635156507,13.862030317912
"SUMO2","SUMO2",0.950995753794979,1.81798456671043e-41,1.42064970649248e-43,9721.53989703834,13.842065484348
"COX8A","COX8A",1.58138857670897,2.20087378375323e-41,1.72586894706734e-43,4411.50903518027,13.8280709648217
"NDUFA11","NDUFA11",1.26176393599966,2.33831269261379e-41,1.84003403227621e-43,4430.1150998617,13.8234619298791
"TMEM216","TMEM216",1.23542508798302,2.72766368252482e-41,2.16877546275779e-43,397.794278265304,13.8116269135975
"RPL19","RPL19",1.54990976891441,5.62484967788517e-41,4.51844532718992e-43,37920.4456322194,13.7586566838639
"COX6C","COX6C",1.49780580230353,6.19257573797039e-41,4.99142010082589e-43,3653.44432002823,13.7514568272065
"DYRK4","DYRK4",1.36481165993856,6.2813222219963e-41,5.08011524279599e-43,432.548998968957,13.7501825920879
"RPS15A","RPS15A",1.76730069231892,6.66662880842322e-41,5.40995315746796e-43,25464.9165015198,13.7456307132333
"SNAPIN","SNAPIN",1.13744654304178,6.87105378440922e-41,5.61339129904739e-43,1505.26224839984,13.7429588974819
"RPS11","RPS11",1.6985823863132,6.92616386919388e-41,5.67733861788072e-43,62706.4184532891,13.7421389278708
"PCGF1","PCGF1",1.04574631341213,7.10494267004705e-41,5.84329556458964e-43,491.764003396822,13.7400530574364
"RTRAF","RTRAF",0.876085097763643,8.73597487618949e-41,7.20856966750246e-43,3884.62566601353,13.7248424109662
"ELOF1","ELOF1",0.899489149934847,1.290310508312e-40,1.07881367125733e-42,1555.19735755005,13.6955894082282
"PPP2R3C","PPP2R3C",0.930681822014503,1.34804053527884e-40,1.13076434965601e-42,1176.3090755016,13.6921729233764
"UBE2I","UBE2I",0.568791039684039,1.42072832948799e-40,1.19561825591492e-42,4699.41985233268,13.6881206164371
"PYM1","PYM1",0.954777471513508,1.50010210710907e-40,1.26651425201973e-42,1046.17921994391,13.6839336980273
"CSNK2B","CSNK2B",0.995611772343103,1.54897222002139e-40,1.31200685321083e-42,3420.87568556731,13.6813681194403
"RPL12","RPL12",1.75579473364701,1.60955128246894e-40,1.36771619128348e-42,35546.3386073866,13.6783442806657
"VAMP5","VAMP5",1.73099938399795,2.06129169625695e-40,1.75721470322186e-42,4699.46831763536,13.6601086101489
"BRK1","BRK1",1.23779028284234,2.19813358774526e-40,1.87987598831735e-42,8279.96052224593,13.6551941679432
"ANAPC11","ANAPC11",1.30079864749975,2.7672135922561e-40,2.38168332894525e-42,2942.94787438502,13.6379479927451
"MED10","MED10",0.844155257813612,3.14212960959349e-40,2.71295105503304e-42,1239.3893964961,13.6284461995501
"HINT1","HINT1",1.39447865772022,3.23884778848404e-40,2.80530820227176e-42,4876.85103747597,13.6260026364499
"AL441992.1","AL441992.1",1.97854424458003,3.43506355608848e-40,2.9940306412531e-42,70.7734083081814,13.6212489939063
"POLR2H","POLR2H",0.888766990398475,4.12937047578972e-40,3.61047720498569e-42,999.187164977045,13.6075704513904
"RPLP2","RPLP2",1.65960271112237,5.04182551932411e-40,4.42204976011104e-42,26952.9496146651,13.5927408808056
"RPL23","RPL23",1.66417547629602,5.07882128335971e-40,4.46837469122606e-42,30994.4212245222,13.5919782547087
"RFXANK","RFXANK",0.861405243590667,5.0998074678394e-40,4.50077273180176e-42,1114.75932532474,13.5914495595546
"TOMM22","TOMM22",1.07995134693321,5.72588024050681e-40,5.08459542108996e-42,2178.50361059692,13.582520710812
"MRPL18","MRPL18",0.895742031635241,6.25829906359424e-40,5.57448426113206e-42,1744.19528903319,13.5757829264903
"SFT2D1","SFT2D1",1.03271453473422,7.28055162214765e-40,6.50493286822667e-42,1426.92072306595,13.5644686582041
"COPS9","COPS9",1.48607984625096,1.0976046243514e-39,9.89670553938531e-42,1924.8580564679,13.5336627259634
"NUDT1","NUDT1",1.36992110159049,1.21414096695752e-39,1.09806459210071e-41,867.276283522968,13.5260223094134
"NAA10","NAA10",1.0168719412554,1.41333258220467e-39,1.28207442086382e-41,1527.65821577079,13.5146249314658
"PSMA5","PSMA5",0.975887954472088,1.4406112240803e-39,1.3107558611403e-41,2740.09677956325,13.5129965717119
"RPL30","RPL30",1.72464579593356,1.91308447690795e-39,1.74586796165812e-41,28871.3862194338,13.4918818093221
"COMMD4","COMMD4",0.921082652262834,2.00532825455693e-39,1.83552819824742e-41,1390.83158782389,13.4881894783859
"IFI27L2","IFI27L2",1.76893560251078,2.18560044878983e-39,2.01247944272295e-41,2365.69519469318,13.4814012979592
"ENY2","ENY2",0.935336697587688,2.36205340476472e-39,2.18140946695395e-41,2560.71580980014,13.4754534866618
"C1D","C1D",0.869422846353779,2.82573009173314e-39,2.61734610535134e-41,889.147596966407,13.4619999873127
"SMIM4","SMIM4",1.51597489223171,2.89314586423647e-39,2.69560026149522e-41,403.896926799115,13.4598233087783
"LSM4","LSM4",1.06419387050864,2.89314586423647e-39,2.69467170373169e-41,2747.79026592212,13.4598487667317
"SNRPE","SNRPE",1.31506256541861,3.03423862794104e-39,2.83534962910418e-41,1597.50583685225,13.4560879886037
"POLR2G","POLR2G",0.880653983034652,3.16014302932976e-39,2.96163572518405e-41,1862.71789546357,13.4528667836028
"STK16","STK16",0.889548360175407,3.6290816179172e-39,3.4110332975314e-41,917.230450916777,13.4424184881812
"ORMDL2","ORMDL2",1.19148818357054,3.73847548568063e-39,3.52406907991972e-41,1351.53441028093,13.440006242026
"CIB1","CIB1",1.27120744747909,3.97556144636965e-39,3.75842034056641e-41,3972.35920493191,13.4352411398045
"PFDN5","PFDN5",1.44643266087692,4.12953113941856e-39,3.91526354648553e-41,11336.5024407109,13.4322143540733
"ISCA2","ISCA2",1.11771109945974,4.14084663473151e-39,3.93730601624789e-41,559.04367027488,13.4317986693781
"ROMO1","ROMO1",1.48880278750092,4.63829607797689e-39,4.42297694257749e-41,2275.04837929769,13.4231833918803
"SUMO1","SUMO1",0.894218451620013,4.88006298254182e-39,4.66685440555654e-41,3881.42486686975,13.4192061642035
"RNASEH2B","RNASEH2B",1.05190598314809,5.07578487279056e-39,4.86789390515994e-41,1427.26048525311,13.4160800085033
"COX7C","COX7C",1.71535664872584,5.17053826308244e-39,4.97289398236296e-41,6500.11857656851,13.4144979385567
"NDUFB2","NDUFB2",1.45806632729686,5.54071234194021e-39,5.35919606832655e-41,3499.87502922528,13.4089503405492
"CARD16","CARD16",2.02670113512056,5.55496892847828e-39,5.38816352799199e-41,854.381171966439,13.4085505168185
"PSMD9","PSMD9",0.870491829535689,5.60015932735978e-39,5.46259974280019e-41,1728.65126262645,13.407532834106
"DAD1","DAD1",1.10650978676874,6.17771980615188e-39,6.07661173861219e-41,6358.73089857724,13.3996290393951
"RGS10","RGS10",1.7161505438229,6.33558029351202e-39,6.24919939331086e-41,2399.82960936835,13.3975502660372
"PSME1","PSME1",1.09365180306515,6.40129435663009e-39,6.33150784748243e-41,7557.00988535714,13.3965789087026
"APRT","APRT",1.254186614967,7.66807260831798e-39,7.62637894321633e-41,2846.08791442565,13.3827582711818
"C1orf54","C1orf54",1.83193292882483,8.78559882930665e-39,8.7618338552882e-41,918.966441848341,13.3724403376883
"TRAPPC3","TRAPPC3",0.748809936784702,8.97033440905989e-39,8.97057950686062e-41,2219.75690887974,13.370689195059
"RPL26","RPL26",1.71479728172095,9.64705123622667e-39,9.700032391408e-41,29380.6966933921,13.3648730765236
"LST1","LST1",2.36717107273866,1.01916209807378e-38,1.02754396073451e-40,1816.00171836016,13.3605842918722
"PPIA","PPIA",1.03642655996551,1.0214343207655e-38,1.03262575120423e-40,30798.2037902067,13.3602170727384
"MRPL17","MRPL17",1.18975460967799,1.024586669327e-38,1.03861213235421e-40,1701.47409000611,13.3597867848931
"RPS25","RPS25",1.61317744586549,1.16409424527188e-38,1.18639075790708e-40,29264.3263572958,13.3498805059552
"RPL10","RPL10",1.43672524991869,1.53415620962445e-38,1.57611610923466e-40,71263.0765575745,13.3287041363991
"RPL17","RPL17",1.55432553289091,1.53588524299421e-38,1.58208895491356e-40,29221.2413706162,13.328421923422
"PRR13","PRR13",1.09914422606059,2.01404102449586e-38,2.08563498533821e-40,4543.35442797272,13.3077887333834
"RPS27A","RPS27A",1.62348821944312,2.19918317967795e-38,2.2833673277347e-40,29189.604634903,13.301018447817
"RPL18A","RPL18A",1.6955273162656,2.21747324689079e-38,2.30841636947837e-40,51566.9112845234,13.3002027087887
"ATP5MC2","ATP5MC2",1.39061343507461,2.83602998597e-38,2.96783924322115e-40,5127.89029831554,13.2814022294313
"OVCA2","OVCA2",1.18939149730137,2.88721907941009e-38,3.02929622802119e-40,1056.34063803945,13.2798675227528
"TRAPPC2L","TRAPPC2L",1.14800009842431,3.21453565880454e-38,3.39028597584238e-40,1268.38446737281,13.2714343597155
"PPM1N","PPM1N",1.67264014024029,3.61279370677877e-38,3.83993210726233e-40,120.595123955963,13.2620994136662
"ATP5ME","ATP5ME",1.56857361994887,3.85488399915566e-38,4.11830826981574e-40,2201.42390710094,13.2568506156327
"SNRPD3","SNRPD3",0.882408963582082,3.95117485652831e-38,4.2427708915971e-40,2197.25634434968,13.2546170560827
"TFPT","TFPT",0.973369551011259,4.16358806056039e-38,4.49361262308084e-40,677.424033177932,13.2503070056764
"UQCRH","UQCRH",1.4770899403391,4.24518589651787e-38,4.59327745299346e-40,4085.13329306742,13.2486606052745
"NUBP1","NUBP1",0.961485242861501,4.40223921149769e-38,4.77523693807094e-40,1276.86194485205,13.2457443607439
"HIGD2A","HIGD2A",1.56739174723009,4.64225454539172e-38,5.04827265517064e-40,2779.68884325399,13.2415694713808
"CWC15","CWC15",1.05798171089266,5.67929319727638e-38,6.19152978418338e-40,1707.8976258877,13.22623084197
"TRAPPC5","TRAPPC5",1.3401174005445,6.44681977898045e-38,7.08112667327015e-40,2481.048548432,13.2161337398888
"MTIF3","MTIF3",1.06099983877852,6.5325333451791e-38,7.21097153324505e-40,1118.99217181468,13.2147665252441
"MRPS23","MRPS23",0.758386205804886,6.5325333451791e-38,7.19839423256879e-40,1178.72830852909,13.2148978839166
"ACP1","ACP1",0.884818989173874,7.24691662902409e-38,8.01934816458034e-40,2411.43297520963,13.2067688967878
"RPL37","RPL37",1.72302487868649,7.39127705878205e-38,8.19929092561412e-40,22484.6863964027,13.2050980249397
"REX1BD","REX1BD",1.13391855293735,7.50508173268115e-38,8.34604296620462e-40,1758.18527506822,13.2037621240313
"LSM2","LSM2",1.10583830432003,7.72097270006607e-38,8.60722113070564e-40,1049.40104696844,13.2014413566605
"ZNF688","ZNF688",1.13740353791979,8.30962766157192e-38,9.28614911222415e-40,882.515484984678,13.19572150713
"POLR2F","POLR2F",1.12749421085692,8.71062676234092e-38,9.75807254995977e-40,1649.19133373381,13.1919856040762
"RPL22L1","RPL22L1",1.80696049363178,9.17062631950184e-38,1.02984437206351e-39,998.936754115539,13.1879224144523
"ZNHIT1","ZNHIT1",1.08121492533611,9.44276266935306e-38,1.06298484105398e-39,3557.10272728676,13.1855341000062
"MDP1","MDP1",1.20241555454858,1.00853718646727e-37,1.13807988745863e-39,473.400127468469,13.1803853696187
"COMMD5","COMMD5",0.831403605741642,1.15238919916653e-37,1.30670651562641e-39,1217.66736901839,13.1699578211367
"CISD3","CISD3",1.13767357995736,1.21737518819661e-37,1.38372108060272e-39,1890.34577077325,13.1656335038526
"CCDC58","CCDC58",1.19749846932488,1.43826006028038e-37,1.63871812108779e-39,309.923311171749,13.1528533080019
"HSBP1","HSBP1",1.02003094774788,1.59876340055545e-37,1.82596000282024e-39,4153.22155891678,13.1446718271822
"TXNL4A","TXNL4A",1.09583514472596,1.66054691073132e-37,1.9010605633936e-39,2461.49074513543,13.1416225839224
"GTF3C6","GTF3C6",1.26024806217683,1.67672904890281e-37,1.92416787491237e-39,1735.09510773199,13.1407084412783
"ANAPC10","ANAPC10",0.927249317813865,1.97899252065581e-37,2.27644430502499e-39,345.868173569838,13.1279812719312
"TRNAU1AP","TRNAU1AP",0.800508849361593,1.99075156976421e-37,2.29541015448645e-39,778.884829749019,13.1273528659107
"RPL39","RPL39",1.87970574354221,2.22989518784824e-37,2.57724436312414e-39,18292.6976567245,13.1185783160445
"S100A11","S100A11",1.50708047266474,2.24623741106389e-37,2.60226963111312e-39,15874.2962752489,13.1178458956622
"UQCC2","UQCC2",1.42920486793364,2.25569976940933e-37,2.61939507090075e-39,874.429968167412,13.1173487063897
"CLPP","CLPP",1.09790832073617,2.28316986709568e-37,2.65753261942337e-39,1803.53594995374,13.116253003761
"PTRH2","PTRH2",0.860648053103996,2.35176320702059e-37,2.74379870870185e-39,509.603551304985,13.1138311533598
"TMEM147","TMEM147",1.10295926174925,2.43763089092109e-37,2.85064078612592e-39,2831.23457250379,13.110934498753
"RF00004","RF00004",2.50673326905555,2.63664006779649e-37,3.10498065307874e-39,44.7958627270331,13.1044516879681
"ATP5PD","ATP5PD",1.23003176517139,2.74230049326155e-37,3.23690213691355e-39,4830.39888738518,13.1012942876008
"DIABLO","DIABLO",0.726441137633491,2.75871104803571e-37,3.26381016912884e-39,1308.06702877446,13.1006660047709
"DPM2","DPM2",0.977159349279672,2.88667405898956e-37,3.44675145162009e-39,1183.93106237548,13.0965262908135
"NT5C","NT5C",1.00040749744214,2.95189519965234e-37,3.53269241631663e-39,855.274719514498,13.09465642809
"RPL21","RPL21",1.60432892688689,3.029155641997e-37,3.63343076815401e-39,24429.0628503887,13.0925213527213
"IAH1","IAH1",1.20411975519259,3.08793284039392e-37,3.71237041933749e-39,1524.15505798252,13.0908890204936
"COX7B","COX7B",1.56040927849246,3.29285530308434e-37,3.97672626018e-39,2238.56676155659,13.0856634577146
"ZCCHC9","ZCCHC9",0.762175113840315,3.92332662426575e-37,4.77029522062969e-39,800.268025317184,13.0718315754999
"NAA38","NAA38",1.37658002391177,4.0861254666408e-37,4.97940369442279e-39,1649.10718213326,13.0685680371844
"SMIM30","SMIM30",1.15711365537447,4.66078808996197e-37,5.69242950958496e-39,1456.23200493711,13.058382677852
"MRPS11","MRPS11",0.96403583681803,5.66875393599918e-37,6.95448104391823e-39,1043.09880848975,13.0431273545307
"SSSCA1","SSSCA1",0.97007520522256,5.95716305887818e-37,7.32458093525829e-39,735.90153249452,13.0391744754542
"CLNS1A","CLNS1A",0.7849894980097,6.78636691687768e-37,8.36266422446469e-39,2010.48606679548,13.0290645220287
"LSM5","LSM5",1.09883205791904,8.58084055884759e-37,1.06442843075407e-38,927.414561241184,13.0106428610369
"EIF3K","EIF3K",1.19789601296339,8.9575816150427e-37,1.11360956169415e-38,5997.13369842143,13.0071908964845
"MRPL51","MRPL51",1.15853045229861,9.49829577630899e-37,1.18835901957505e-38,2869.33574269647,13.0022242901218
"FIBP","FIBP",1.04441302754462,9.49829577630899e-37,1.18696455333444e-38,2212.99843471657,13.0023140669277
"TMEM141","TMEM141",1.31749474919464,9.60399405702943e-37,1.20446822923482e-38,1031.21120826429,13.0011946942242
"SRSF9","SRSF9",0.791813808217458,1.07841591980357e-36,1.3583697342262e-38,4403.02732961463,12.991996325317
"PSMG4","PSMG4",1.17405917512404,1.12596078655232e-36,1.42285121601122e-38,509.135100129918,12.9884469315366
"RNU2-1","RNU2-1",2.72998395072443,1.15811844821505e-36,1.46825585390799e-38,3.7912888928427,12.9860423086418
"RPL11","RPL11",1.68021232352059,1.1983771673384e-36,1.52911865664918e-38,36037.637509626,12.9829324760324
"RPS2","RPS2",1.5725482212125,1.53490257136082e-36,1.97529744285621e-38,52375.3231937936,12.963312483516
"MZT2B","MZT2B",1.41568052139242,1.73947224350851e-36,2.24331511499226e-38,4752.78295569785,12.9535511804374
"RPL35","RPL35",1.62785411850478,1.76069734694074e-36,2.27549890735532e-38,24157.5011729335,12.9524579075413
"DYNLRB1","DYNLRB1",1.04910774636752,1.77523869104174e-36,2.29914243436647e-38,4214.34575595813,12.95166449542
"SPCS1","SPCS1",1.1267368587917,2.3177239474794e-36,3.01627458941676e-38,3631.5556200513,12.9308091900017
"MRPL47","MRPL47",0.994715792232709,2.3177239474794e-36,3.02072276004173e-38,921.495896992906,12.9306958959588
"RPL29","RPL29",1.70315818393033,2.48876321172969e-36,3.25044076397385e-38,31569.6775449828,12.9250597367397
"MAD2L2","MAD2L2",1.11910714476651,2.68845181717715e-36,3.51858908830257e-38,1321.16418225966,12.9189613800038
"RPL32","RPL32",1.651613591953,2.75524647623641e-36,3.61353673213332e-38,25941.8980220677,12.9169122805676
"ZDHHC12","ZDHHC12",1.48121331718456,2.81214474670742e-36,3.69584311911874e-38,1171.71190592153,12.9151788502418
"MRPL11","MRPL11",1.18147224317839,3.91177693833938e-36,5.17309226524293e-38,1232.89318512681,12.889270350222
"GON7","GON7",0.966944293313125,4.0203960711646e-36,5.32771959483819e-38,390.517267939729,12.8869986116876
"PSMA3","PSMA3",0.780428577581115,4.05458022261871e-36,5.38905229503681e-38,2531.62176497349,12.8861156355887
"PYCARD","PYCARD",1.71970489889014,4.09302201902284e-36,5.45751180437484e-38,3175.43780366535,12.8851417803743
"COMMD6","COMMD6",1.60566170047149,4.25954339897339e-36,5.7144616216179e-38,2420.53678349251,12.8815918699502
"RPS17","RPS17",1.71445476516894,4.48365609730217e-36,6.03962527929717e-38,31360.2332830998,12.8773204073107
"CAMTA1","CAMTA1",1.0806350758676,4.72756206921286e-36,6.38109145657301e-38,1321.42271041807,12.8730741616296
"FUOM","FUOM",1.86414983675251,5.64332829740987e-36,7.63257877870403e-38,671.168982824567,12.8592375656124
"FTH1","FTH1",1.93140684963536,5.6545285917873e-36,7.6631770855119e-38,229609.269342265,12.8589282803818
"RPL36A","RPL36A",1.63873029905711,5.85463585206674e-36,7.96636152443848e-38,14205.4179559485,12.8559284091723
"NDUFA3","NDUFA3",1.60569717956903,7.60884613624267e-36,1.03948825599643e-37,1439.61416281231,12.8353376231997
"RPL41P2","RPL41P2",1.86090831840271,8.28139313685842e-36,1.13815698457329e-37,64.2518782135936,12.8283128431466
"RPS16","RPS16",1.79369688878759,9.35854521117046e-36,1.28875291303858e-37,32368.5008847975,12.8186803337254
"COX4I1","COX4I1",1.23686928419801,1.00277511899718e-35,1.38364828299565e-37,13566.205285768,12.8131697070851
"TMEM243","TMEM243",1.02429574078882,1.17302511505114e-35,1.62817770552741e-37,978.813347047313,12.8005387261511
"ZFAND2B","ZFAND2B",0.866257006350736,1.26967132980229e-35,1.7727316307248e-37,779.177254229621,12.7939318242019
"COMMD8","COMMD8",0.970662269564065,1.40405587707912e-35,1.96419740720925e-37,923.346570422399,12.7859610125464
"MFF","MFF",0.819294096526707,1.57613329111466e-35,2.21353728690111e-37,1825.29335272288,12.7766670083154
"NDUFA13","NDUFA13",1.25199656292024,1.58672270939977e-35,2.2327445977783e-37,5509.31305178656,12.7759948444967
"PFDN2","PFDN2",1.05329032773888,1.8781648126616e-35,2.65310857713612e-37,1526.87068433442,12.7625671995621
"DYNLL1","DYNLL1",1.32332083822108,1.92758314181833e-35,2.73345077899318e-37,8007.24524262207,12.760243559003
"RABIF","RABIF",0.863273714167699,1.97567180761511e-35,2.80704210486586e-37,594.484356211916,12.758173979579
"CDC26","CDC26",1.08429504938975,2.14070989045369e-35,3.0473779418191e-37,1187.49035974887,12.7517722163525
"RPL6","RPL6",1.4400223997223,2.24449027141631e-35,3.20124572168451e-37,34491.9325434724,12.7479321012407
"DGCR6L","DGCR6L",1.26451398218568,2.39998866590069e-35,3.43614323050346e-37,1985.16809413513,12.7424098869825
"MRPL34","MRPL34",1.20041618887171,2.87647467442828e-35,4.14978176479721e-37,1786.89422498614,12.7276817582114
"TMEM208","TMEM208",1.23736149570392,3.04867292293992e-35,4.43152543786452e-37,1529.35610415791,12.7225509797257
"GEMIN7","GEMIN7",1.05971481449543,3.11444840243794e-35,4.53564577857161e-37,388.779325513277,12.7207365374018
"ZNF593","ZNF593",1.38105994414873,3.69290804907352e-35,5.39825078896783e-37,616.452143092021,12.7071254997508
"DBI","DBI",1.54913059260276,4.06964921522191e-35,5.96008628475899e-37,4730.51212869514,12.6993788611591
"NDUFB3","NDUFB3",1.42524196255016,4.34261460766173e-35,6.37171519526311e-37,1531.02434856005,12.6941509983191
"ZNF524","ZNF524",1.13016240489807,4.6146038146602e-35,6.78340078222681e-37,905.396497283881,12.6892479350495
"CISD2","CISD2",1.10309867659219,5.06590736776184e-35,7.47449378013441e-37,1521.4250148903,12.6816466389606
"MAGOHB","MAGOHB",0.867920271581565,5.82006183743435e-35,8.61901559028777e-37,452.647014895919,12.6704756720375
"TPT1","TPT1",1.58319345109148,6.60385028598291e-35,9.79778328721747e-37,171543.46104985,12.660416753441
"UFD1","UFD1",0.6788532363889,6.69359562089396e-35,9.9492227048999e-37,2015.71879304678,12.6592126047872
"PSMA4","PSMA4",0.796787056717512,6.7368599862197e-35,1.00319371908788e-36,4298.07035427562,12.6585625818262
"RPS28P7","RPS28P7",1.80919846499373,7.68720438568514e-35,1.14891139074012e-36,1889.94885293796,12.6479096126855
"PHF11","PHF11",0.870095923661751,7.91951786086541e-35,1.18579627524092e-36,1210.13488830598,12.645426298121
"PDCD6","PDCD6",0.580092459939649,8.11845302321576e-35,1.21780122673992e-36,2208.72908750655,12.6433329646609
"RPL27","RPL27",1.57135208715897,8.30584721597129e-35,1.24818054285205e-36,28225.4773238567,12.6413959370972
"UQCRQ","UQCRQ",1.48818737902714,8.39421365368629e-35,1.2637535788358e-36,3157.99013149191,12.6404210693233
"HDDC3","HDDC3",1.08642645331444,8.76420723087879e-35,1.32424563476488e-36,451.646925113783,12.6367442916716
"TRAPPC2B","TRAPPC2B",1.1431903915646,1.07362860515586e-34,1.62808785994563e-36,277.429867038339,12.6204882203238
"CH17-340M24.3","CH17-340M24.3",1.50669320883505,1.11665280032738e-34,1.6963822972814e-36,117.851924553596,12.6172519282704
"SLC25A6","SLC25A6",1.20175702000747,1.36885482918059e-34,2.09447991568384e-36,24404.6909385844,12.6006362894135
"RPS21","RPS21",1.73971091514496,1.42034527405382e-34,2.17714609345663e-36,13461.8186553966,12.5975828811098
"NDUFAF3","NDUFAF3",0.979365558914113,1.53481202193991e-34,2.35679760739427e-36,2667.21224272014,12.5913263047848
"RPLP1","RPLP1",1.76277127623992,2.13790626272052e-34,3.31793425291744e-36,56419.7162948576,12.5643012317092
"MRPL58","MRPL58",1.03599714040954,2.23825368217385e-34,3.48590015803463e-36,637.381421851616,12.5603945758528
"POLR2L","POLR2L",1.35099978134091,2.44854986937145e-34,3.82010977188202e-36,3392.4640718023,12.5531488510052
"COPE","COPE",0.897390209951145,3.05480557513489e-34,4.78265415599413e-36,5463.39813973645,12.5353466806226
"COX17","COX17",1.39492635889739,3.35806755184794e-34,5.27579672207591e-36,963.856100887661,12.5275646066102
"C8orf76","C8orf76",0.919213471442201,3.79979538130617e-34,6.00093371511508e-36,504.795178972034,12.5173446190817
"HIST1H4C","HIST1H4C",2.84313184535717,3.83658405328328e-34,6.069516016424e-36,40.0790321044054,12.5164424298775
"NUDT22","NUDT22",1.07655391858509,4.13523827816695e-34,6.55328889132717e-36,1100.79291085865,12.5103523556858
"CIAO2A","CIAO2A",1.49216329099811,4.26341577341981e-34,6.76806624322225e-36,2169.82773558333,12.507790526404
"ANAPC15","ANAPC15",1.17616936601108,4.3637695186675e-34,6.96314489166868e-36,748.354610045742,12.5055327276781
"BRMS1","BRMS1",0.797527851284062,4.56266987648058e-34,7.29299127774294e-36,1637.02736209644,12.5018544516367
"PDZD11","PDZD11",0.996776069047033,4.70567735273971e-34,7.53443243997233e-36,1109.21100670128,12.4992653540584
"HAUS1","HAUS1",1.02650555376042,4.76357721441317e-34,7.65316921794296e-36,628.942294524546,12.4980221710233
"SNRPD1","SNRPD1",0.898606425966202,6.0751073918159e-34,9.81007259368616e-36,1336.34003913036,12.4782652357916
"RPS10","RPS10",1.56953935063715,6.32363624292737e-34,1.02286747064483e-35,24200.9665481411,12.4749372515589
"MIF","MIF",1.60023060133622,6.52547353731242e-34,1.05729823427587e-35,9047.91599055295,12.4722998384536
"ZFAS1","ZFAS1",1.60045206357862,6.67045842269881e-34,1.08261217603844e-35,3007.45496153812,12.4704146621454
"NOL7","NOL7",0.749127465670764,8.11533143595411e-34,1.32376646008487e-35,2240.15501969988,12.4543797339396
"RPS13","RPS13",1.56885983581105,8.56550365898164e-34,1.39953856336813e-35,20334.3871556476,12.4499379911337
"NDUFS6","NDUFS6",1.21655867155692,8.72341643221922e-34,1.42772382931209e-35,2760.51080980683,12.4483465060935
"MED31","MED31",0.953100416883011,9.55494865008996e-34,1.56642782317932e-35,339.477394877154,12.4409434125773
"ACOT13","ACOT13",0.941323658087098,9.58266050808353e-34,1.57358915963775e-35,1009.58120176373,12.4405790919173
"EIF3H","EIF3H",1.09359484122174,1.06582067813538e-33,1.75603122739865e-35,7332.37222159749,12.4318142556621
"LY96","LY96",2.02241359730975,1.21394119549887e-33,2.01002312760544e-35,1174.78768481264,12.4210121382777
"RPL18","RPL18",1.52317793313289,1.2395174373519e-33,2.05575858485916e-35,28611.9817434887,12.4192121874527
"PARL","PARL",0.856567063763803,1.25927686751179e-33,2.09197064249616e-35,2240.05758706716,12.4178150395206
"POLR2K","POLR2K",1.09694660185754,1.30037109850807e-33,2.17089740481552e-35,1846.67954232639,12.4148513283027
"AK6","AK6",0.98357469880762,1.30037109850807e-33,2.17004918440523e-35,610.079569958754,12.4148826062885
"TTC9C","TTC9C",0.934583621674979,1.61198919411403e-33,2.69993545176616e-35,467.05702772586,12.3973843790752
"SFR1","SFR1",0.977347382396148,1.6647054466945e-33,2.79732738522123e-35,285.65076942614,12.3945439114053
"TIMM8B","TIMM8B",1.37062746611419,1.85145025918686e-33,3.1195229435698e-35,1787.7621983539,12.3858015835598
"RPL13A","RPL13A",1.50588754084798,1.95434080305986e-33,3.30538254349588e-35,113505.377200224,12.3811581477352
"BBIP1","BBIP1",1.09989796120814,2.23936952207003e-33,3.80100533161552e-35,639.320292863078,12.3699409933427
"CASP4","CASP4",1.32982648471412,2.31355291371043e-33,3.93820450078308e-35,3450.46109570049,12.3670924764048
"NDUFA12","NDUFA12",1.25928440732383,2.49906198399559e-33,4.26764048197285e-35,1814.56520774258,12.3606365143651
"MRPL55","MRPL55",0.97281993057331,2.63064153061244e-33,4.50671395309707e-35,642.497030536297,12.3562543218022
"CENPX","CENPX",1.20346659779482,2.76113373120273e-33,4.73781246262279e-35,1178.60375590853,12.3522325583809
"MRPS34","MRPS34",0.963291776709256,3.05105177560452e-33,5.243617494618e-35,2087.47700155202,12.3440707278613
"HIKESHI","HIKESHI",1.03504600271812,3.35204351772278e-33,5.7883863034531e-35,1077.41200509428,12.3361125030216
"COA3","COA3",1.11344708118564,3.54724486060072e-33,6.15454107074362e-35,1481.69086293076,12.3311714537662
"STX10","STX10",0.934704388910006,3.70892540028896e-33,6.44519400689576e-35,1962.69314957415,12.3274529343574
"IFNGR2","IFNGR2",1.23740493431581,3.81406626956862e-33,6.63832403539771e-35,4969.0920983373,12.3250731228401
"RPL31","RPL31",1.67709175131357,4.07649150194209e-33,7.10620939981709e-35,27884.136518235,12.3195815092662
"SHLD1","SHLD1",0.944743892068109,4.88903960786581e-33,8.56273228405689e-35,174.585195654764,12.3045357760651
"PPCS","PPCS",0.798920001139545,4.93401074349715e-33,8.66845790340901e-35,1998.00621733368,12.3035448760481
"C19orf70","C19orf70",1.25825302699568,5.6860981193451e-33,1.00208565451996e-34,1838.31929825186,12.29183231368
"SUGT1","SUGT1",0.517456990610701,6.33823185400667e-33,1.12047761128509e-34,1648.66788853661,12.2828029932212
"GPX1P1","GPX1P1",1.85148427531237,6.34604076821811e-33,1.12359201557565e-34,48.105691985821,12.2825784794802
"TIMM17B","TIMM17B",1.13157314654722,6.43852278771017e-33,1.14194086221367e-34,1084.51063177766,12.2812681555539
"STX8","STX8",1.0296022104058,6.66216553475914e-33,1.18502411626771e-34,1123.88161909009,12.2782719319152
"RPL35A","RPL35A",1.67104512737528,6.68594551179274e-33,1.19108076004505e-34,23885.3227143524,12.277859423496
"PSMA6","PSMA6",1.03980935047429,8.14206118765643e-33,1.45715732066859e-34,5253.5823942842,12.2615335970289
"CHCHD2","CHCHD2",1.06906982825311,9.36397898328692e-33,1.68351544331889e-34,8832.52392609039,12.2498285050113
"MRGBP","MRGBP",0.821772509921177,9.8986379290546e-33,1.78775367389958e-34,649.918904362884,12.2449553847175
"EIF4EBP3","EIF4EBP3",1.31666706041757,1.00765979280438e-32,1.82264756642668e-34,432.065310975314,12.2433869804441
"AL391069.3","AL391069.3",2.17806086747254,1.01414245724732e-32,1.8371443185742e-34,24.600094265038,12.2427441360645
"MPG","MPG",0.991295573220554,1.11020569176972e-32,2.02329898743245e-34,2849.33092461541,12.2349096338658
"MIF4GD","MIF4GD",0.868503224257203,1.26326332930776e-32,2.30569114997018e-34,1058.64565960262,12.2242964889968
"PHF5A","PHF5A",0.843586803785587,1.56007083900088e-32,2.86447062435748e-34,923.964312176136,12.2066486158201
"PIN1","PIN1",0.907792360632029,1.65238703096331e-32,3.04300352159696e-34,2219.68844358998,12.2017270721496
"MAD2L1BP","MAD2L1BP",0.667868179092109,1.66404065441284e-32,3.06901128918458e-34,656.200999920774,12.2010341689666
"GFER","GFER",0.890414842409264,1.6891559686761e-32,3.11994708824024e-34,834.370911608915,12.1996938679694
"COA1","COA1",0.848842523676492,1.75132794587986e-32,3.24435188750115e-34,1022.51300786524,12.1965096092416
"NDUFA6","NDUFA6",1.21977117682008,1.97770296193834e-32,3.69073232329814e-34,2623.68323249689,12.1860054504715
"GSTP1","GSTP1",1.03096077062807,2.31042590882652e-32,4.33058874137269e-34,10503.0892159731,12.1729653338534
"RPL37A","RPL37A",1.59649840206717,2.40717407759154e-32,4.54481621797249e-34,31434.7414195225,12.1690244703539
"GTF2E2","GTF2E2",0.660030861448372,2.69067022285818e-32,5.09476888559993e-34,938.604738366661,12.1596963837654
"RPS7","RPS7",1.42255097809676,2.75348226255552e-32,5.22122650950445e-34,19517.556875247,12.1576932541694
"RPS24","RPS24",1.49546780139589,2.98397449341733e-32,5.68275150116636e-34,28143.240268382,12.1507704734804
"EMC6","EMC6",1.37143495233198,3.05646674932569e-32,5.82915869567293e-34,875.589438578849,12.1486907386281
"AP000936.3","AP000936.3",1.87598350287023,3.1328899951534e-32,5.98346978500021e-34,46.5844416548654,12.1465541584254
"C1orf122","C1orf122",1.20510871975266,3.24723245919575e-32,6.21072357560868e-34,1782.10149527752,12.1435052545328
"RPS12","RPS12",1.61699178204047,3.25116916937386e-32,6.227136227031e-34,37163.3310624086,12.1432893676072
"RABEPK","RABEPK",0.77644254248841,3.34157717550834e-32,6.40942970356254e-34,851.948800525585,12.1409288314391
"MORN2","MORN2",1.24299047491839,3.72113019047275e-32,7.16794662226642e-34,309.335912105974,12.1317741424466
"LRMDA","LRMDA",1.23074123582959,3.91709577478956e-32,7.5668371069598e-34,462.670700680428,12.1273390997165
"ARPC2","ARPC2",1.05491527260257,3.91709577478956e-32,7.55742431466926e-34,19327.1544088006,12.1274410533449
"RPS20","RPS20",1.5573785123083,4.11110900678401e-32,7.96408723137208e-34,38953.4237291636,12.1231473467384
"MRPL21","MRPL21",1.10991058752184,4.31327901506121e-32,8.37930375067221e-34,952.073243873352,12.1189824154885
"RPL14","RPL14",1.41510901947656,4.89852220591305e-32,9.54301028119895e-34,23005.7029712633,12.1083187875932
"TRIR","TRIR",0.933002836985828,5.18044763693327e-32,1.01063952915936e-33,7847.89524509417,12.1036123636772
"FBXL15","FBXL15",0.827504012042878,5.54880110418787e-32,1.08553282619703e-33,854.531393031264,12.0977441732866
"COX14","COX14",1.43605744626004,5.85106552742829e-32,1.14626464744012e-33,1166.00569809861,12.0932736824814
"ARL6IP4","ARL6IP4",1.05604744979296,5.94138175470957e-32,1.1655816005578e-33,5986.25873955544,12.0919009694323
"RPS23","RPS23",1.45643097254383,6.17826546428614e-32,1.213741596443e-33,35797.0543744049,12.0885746375998
"SUB1","SUB1",1.01078809816615,6.20375356184067e-32,1.22213894316433e-33,4398.32308039151,12.0880080982669
"TOMM7","TOMM7",1.60733532242156,8.23797057115325e-32,1.63413389290889e-33,4984.07181829612,12.0641130609491
"DPM3","DPM3",1.28445156403127,8.38399714870912e-32,1.6653913842213e-33,920.820807772087,12.0625529927222
"NDUFB8","NDUFB8",1.00611629455655,8.48877890530516e-32,1.68852456161703e-33,3772.76100537701,12.0614170254247
"MRPL40","MRPL40",1.10510495717626,9.38061076885757e-32,1.87617341534024e-33,1005.55205407062,12.0527359194781
"PSMB6","PSMB6",1.02089393758887,1.10603832765279e-31,2.22696243282947e-33,3235.54554589486,12.038602495
"TMEM69","TMEM69",0.699208441002788,1.10603832765279e-31,2.22724732227686e-33,680.637664014284,12.0385919410945
"RPL13","RPL13",1.57093283467819,1.21932711555839e-31,2.46204196398166e-33,65795.9749130287,12.0303201528826
"NPM3","NPM3",1.1866659355302,1.27988629893476e-31,2.58781896011291e-33,656.211978332397,12.0262059366276
"SCAND1","SCAND1",0.925709418423925,1.33632270356902e-31,2.70923097912022e-33,2454.08993273969,12.0224187218988
"MRPL43","MRPL43",0.937151407529256,1.39169750579567e-31,2.8252991797759e-33,1911.027909563,12.0189526172226
"SIVA1","SIVA1",1.09965047962997,1.78350611058676e-31,3.62558689110781e-33,1914.05511267479,11.998325197581
"RPP38","RPP38",0.73412170602487,1.93452488325904e-31,3.94315572259145e-33,391.158231860799,11.9913727679014
"NDUFB11","NDUFB11",1.33776532415391,1.94006096139114e-31,3.9597408075608e-33,3146.96476626422,11.9910251278036
"GMFG","GMFG",1.68192981392958,2.0429690181239e-31,4.18094427327194e-33,3437.0180090731,11.9865219158835
"HIST1H4E","HIST1H4E",2.83742262554965,2.07773572956236e-31,4.25777151608451e-33,14.6887128568944,11.9850130771666
"TAF11","TAF11",0.780691997235579,2.10103941301666e-31,4.31126697225473e-33,932.773741284466,11.9839783452597
"DDA1","DDA1",0.626790978001805,2.10281745455554e-31,4.32066101758453e-33,1417.62663910028,11.983797958718
"TRAPPC4","TRAPPC4",0.836096766030324,2.66878222702145e-31,5.49813328007369e-33,1263.86698450255,11.9638082124402
"SSR2","SSR2",0.996744660576568,3.02937834479685e-31,6.26585263808087e-33,8051.60195966159,11.9529530161689
"PCBD1","PCBD1",1.37460045129684,3.14347954706407e-31,6.51044426534759e-33,1152.53984439245,11.9497709208437
"MINOS1","MINOS1",1.17033067530712,3.31702163941771e-31,6.87892954539206e-33,3254.06782181826,11.9451944345272
"CLEC2B","CLEC2B",1.46138577829857,3.33522665398574e-31,6.92579648905479e-33,1336.48492256153,11.9446298937669
"RAB5IF","RAB5IF",1.15844461980646,4.0403408881908e-31,8.42312658184534e-33,2289.77670636352,11.9283451822235
"AC098484.3","AC098484.3",1.25480075411749,4.1718434748685e-31,8.7086762337756e-33,86.0148583426347,11.9255691914356
"TMEM199","TMEM199",0.691403742501612,4.9930155243596e-31,1.04501486151519e-32,922.467188323529,11.9103787599463
"TARBP2","TARBP2",0.868847438140397,5.03865845669768e-31,1.05594443462584e-32,601.448947581796,11.9095111986322
"CLTA","CLTA",0.858053754020067,6.00540586527754e-31,1.26182603633936e-32,6395.47406193372,11.8946488668302
"AL161935.3","AL161935.3",2.31536276929533,6.19032368126609e-31,1.30237144036036e-32,22.2388815623885,11.892008069152
"MT1L","MT1L",1.76750599924136,6.28015138955334e-31,1.32298607102534e-32,205.655929083935,11.8906965459449
"A1BG","A1BG",2.03971979737902,6.47540207008818e-31,1.36765643874919e-32,276.149885956943,11.8879228620252
"MRPS33","MRPS33",1.27691830824297,7.0351492051499e-31,1.49164616060448e-32,907.947233396799,11.8806712898355
"POLR1D","POLR1D",0.911440470609864,7.06778925098892e-31,1.50049789557594e-32,2678.18835314435,11.880176727588
"UQCR10","UQCR10",1.60107153131539,7.40617549922561e-31,1.57436119522324e-32,1853.22577679026,11.8761593543752
"LRR1","LRR1",0.975092846084347,8.60896964732883e-31,1.83945306270968e-32,327.692050956401,11.8631398586979
"HIST2H2AC","HIST2H2AC",1.83063861307971,8.8196153170794e-31,1.88687089627399e-32,21.9849166055153,11.8610091679479
"SNHG6","SNHG6",1.51083545511697,8.93736131526692e-31,1.91694544454344e-32,2736.17054495319,11.8596851713218
"AIF1","AIF1",2.05146458877916,8.93760071473013e-31,1.91943882668321e-32,5058.04412192416,11.8595763307204
"ELP5","ELP5",0.789140087951466,1.20783660613637e-30,2.60385005667258e-32,1041.32543130057,11.8340141222064
"VPS28","VPS28",0.747294554985113,1.23463759696115e-30,2.66500096068009e-32,3591.23815361351,11.8320661085278
"MYL12B","MYL12B",0.81210681522827,1.28160189725096e-30,2.77337824154419e-32,11112.6232687941,11.8287202496422
"TIMM9","TIMM9",1.06019724157784,1.30074601140301e-30,2.82191407703486e-32,669.716163050862,11.8272637213754
"POP5","POP5",0.975309657144206,1.30074601140301e-30,2.81961292296029e-32,570.215638417958,11.8273322137901
"RACK1","RACK1",1.28359210789045,1.33143640112668e-30,2.90152784012792e-32,40361.7677485689,11.824927597584
"SMIM26","SMIM26",1.34885010905303,1.56761403450311e-30,3.4222891706549e-32,1157.52415104335,11.8110576582325
"ISCU","ISCU",1.03853710008642,1.66435305122445e-30,3.63802956632576e-32,5441.80585908397,11.8059170143296
"SSU72","SSU72",0.863986019167723,1.6804864821857e-30,3.67788647840309e-32,4361.75871758586,11.8050005317343
"UQCRB","UQCRB",1.39034485679591,2.03176126348756e-30,4.46333521638295e-32,7093.56350032132,11.7887083799665
"LAGE3","LAGE3",1.09327156073736,2.2124104864622e-30,4.8783170648788e-32,813.273926458412,11.781217713168
"BCL2L12","BCL2L12",0.951034610851726,2.34984073585792e-30,5.1877682848526e-32,491.891562168272,11.7760329612435
"PDCD2","PDCD2",0.715558343144413,2.41528406899534e-30,5.33884754178318e-32,1601.01425909093,11.7736122460708
"RPL34","RPL34",1.61512344983219,2.41884556259091e-30,5.35332906827684e-32,20183.580532992,11.773383794333
"ERVK3-1","ERVK3-1",0.705710232966628,2.43125219340521e-30,5.38743006325754e-32,914.323390892492,11.7728482524906
"METTL26","METTL26",1.19754509730547,2.56273437139043e-30,5.69978900601605e-32,1395.39200196726,11.7680937798369
"RPS9","RPS9",1.45302751776742,3.14215323176218e-30,7.03140385478627e-32,52698.5712920398,11.750365520298
"DAP3","DAP3",0.699941212367616,3.1998725699763e-30,7.16930929091114e-32,2674.65525135486,11.7487241635365
"PSMA7","PSMA7",0.929972369191213,3.58901304514925e-30,8.06079052190683e-32,7830.92494484692,11.738815049434
"LYRM4","LYRM4",1.0611292356863,3.63307836703925e-30,8.16968631949863e-32,1155.39157693141,11.7376799957771
"TP53TG1","TP53TG1",1.44042551155099,3.64079589857401e-30,8.19698849811466e-32,493.976787796739,11.7373977722995
"HIST1H4J","HIST1H4J",1.89456488750886,3.64431326327972e-30,8.21486500233823e-32,117.264234500474,11.7372134874926
"RPL24","RPL24",1.43762521998128,3.69537844864699e-30,8.34007103631907e-32,25777.2887232277,11.7359338200117
"SNRPB2","SNRPB2",0.795074529587595,4.39983711379384e-30,9.97804531393996e-32,2116.56548240238,11.7207535585628
"NAA20","NAA20",0.826443465212488,4.46118604843969e-30,1.01293631144386e-31,2484.98770313204,11.7194784884014
"ATG3","ATG3",0.802090882946337,4.47833411214328e-30,1.01805349362092e-31,2889.38764677549,11.7190515678027
"VAMP8","VAMP8",2.04764887015127,4.54790619881095e-30,1.03511185103678e-31,5621.96155111507,11.7176436417199
"ARF5","ARF5",0.919409014104994,4.59312723423455e-30,1.04665922930999e-31,5789.70658329899,11.716703584363
"TIMM13","TIMM13",1.11226530653386,4.60933860673996e-30,1.05287223017968e-31,2293.60738939787,11.7162020437418
"CMC4","CMC4",1.25348399975801,4.9034912211362e-30,1.12408238873556e-31,536.424382823758,11.7106547149227
"SAT2","SAT2",1.02526697438869,4.99318449019805e-30,1.14600807993835e-31,1481.12132950878,11.7090167999892
"AC090204.1","AC090204.1",2.17650360676285,5.48049323857992e-30,1.26084737476005e-31,59.4481769050273,11.7009162185283
"HMGN3","HMGN3",1.01388817317176,6.6974384147977e-30,1.54447881693195e-31,1560.49152643914,11.6836869540895
"ZNF576","ZNF576",0.773414498512793,7.078411730575e-30,1.63426812545039e-31,453.242668657721,11.6788841250684
"C19orf25","C19orf25",0.609324845427732,7.22804861990372e-30,1.67276624526857e-31,826.516351464213,11.6769046152801
"EIF4EBP1","EIF4EBP1",1.4942661536444,7.55390101803794e-30,1.75230524449144e-31,1349.83031889351,11.6729542749819
"RRP36","RRP36",0.645337866877579,9.42381239306555e-30,2.19637475649196e-31,1145.83745856554,11.653727292124
"ZDHHC4","ZDHHC4",0.935346190880673,9.43481771893166e-30,2.20151761850532e-31,1162.83216434014,11.653528046732
"BABAM1","BABAM1",0.817744894274807,9.76290054815765e-30,2.28073990236749e-31,2317.27099990941,11.6505158551507
"CARD19","CARD19",1.12044728068921,1.0129426183884e-29,2.36913271220653e-31,1132.94347992883,11.6472752217851
"ABRACL","ABRACL",1.44713639478024,1.09938086592185e-29,2.57430367522344e-31,1337.36731324684,11.6401936785315
"GNG10","GNG10",1.28279566972367,1.11385593653696e-29,2.61124181958172e-31,4534.19688717332,11.6389785228117
"GGTA1P","GGTA1P",1.74606984487936,1.31331322495022e-29,3.08601156713895e-31,3038.23616150859,11.62472065928
"ATRAID","ATRAID",0.884416644339425,1.37059571941972e-29,3.22435835520199e-31,4604.988503179,11.6209748652413
"ZNF706","ZNF706",0.939604909252074,1.9816144840231e-29,4.69969499749187e-31,2466.96231342196,11.5887447355411
"TMEM205","TMEM205",0.974549744517862,1.98220692862899e-29,4.70651608234813e-31,1762.96618298648,11.5886204962369
"PSMG1","PSMG1",0.838291286312333,2.12643610280311e-29,5.06059139741935e-31,677.03599264252,11.5824052642982
"PIGBOS1","PIGBOS1",0.87677831378566,2.17260619542059e-29,5.17640537284284e-31,291.313512030654,11.5804657414264
"MED8","MED8",0.720492122008565,2.20745795414011e-29,5.27150537424099e-31,1210.00310590335,11.5789050547427
"OXLD1","OXLD1",0.844948175180369,2.38162128994657e-29,5.71344433611051e-31,554.345671645546,11.5720009426571
"ITPA","ITPA",0.818627263327861,2.5631620341543e-29,6.15595898254497e-31,1426.03679840262,11.5655998323591
"SVBP","SVBP",1.28042998372725,2.63212102248903e-29,6.32876991117339e-31,750.83207381887,11.5632233343772
"ALKBH7","ALKBH7",1.3146914220128,2.73254108706193e-29,6.57768982131085e-31,2356.41480796921,11.5599110373407
"PLGRKT","PLGRKT",1.13682851221997,2.85392396655387e-29,6.88547463719519e-31,740.108471074922,11.5559833883496
"PSMB2","PSMB2",0.71604298412559,3.05772433421132e-29,7.38552504561e-31,3250.81476151571,11.5499594782649
"DNAJC15","DNAJC15",0.822955066938165,3.31372307808362e-29,8.03101825257568e-31,1893.42042673568,11.5427559543256
"AUP1","AUP1",0.753682628384186,3.85829529030357e-29,9.37190773813457e-31,4195.97939824297,11.5294698202671
"NUPR1","NUPR1",1.42475683916371,4.03747223835886e-29,9.81816522893901e-31,5691.7540697336,11.5254641576648
"YBX1","YBX1",1.11175333953118,4.10595860337585e-29,9.99592643407712e-31,37703.5909836349,11.5239186729912
"CNPY2","CNPY2",0.906557490407054,4.59399570258496e-29,1.119660145552e-30,2249.93158687891,11.5141438586951
"DNAJC25-GNG10","DNAJC25-GNG10",1.22405318358332,5.3774021949813e-29,1.31940959345698e-30,923.727180104586,11.4999832968316
"LRRC29","LRRC29",0.953970269187239,5.98572935230826e-29,1.47521185709502e-30,106.325722105375,11.4903452402757
"PFN1","PFN1",1.20394165372582,6.34098802403797e-29,1.56449962723197e-30,36858.6941985571,11.4852677779152
"TIMM10","TIMM10",1.14425069102201,7.10730060613854e-29,1.75745431529697e-30,926.641571626266,11.4752124796031
"TMEM179B","TMEM179B",0.812550910652419,8.74322858248433e-29,2.17153331552181e-30,1974.44031474074,11.4568981321476
"PSMB7","PSMB7",0.812133989104909,9.05305784644411e-29,2.2509583978426e-30,4108.63485078614,11.4537856236745
"APEX1","APEX1",0.656810348380785,9.05476458024757e-29,2.25385680827496e-30,4427.51295775683,11.4536741130155
"RPF1","RPF1",0.689628534231636,9.12290985997712e-29,2.27331178237087e-30,1291.89969915842,11.4529292848725
"LSM12","LSM12",0.669976600463508,9.38897275366389e-29,2.34474195930184e-30,1587.28717545179,11.4502478280589
"SELENOK","SELENOK",1.19053841706292,9.95074648325501e-29,2.49047344972857e-30,2328.30510888676,11.4450198908784
"AL392172.1","AL392172.1",1.49819148942329,1.00790574724445e-28,2.52534104817934e-30,123.327401448549,11.4438141081715
"BOLA2-SMG1P6","BOLA2-SMG1P6",1.30440664594463,1.02843591809397e-28,2.58240008942418e-30,611.98710137122,11.4418761075146
"FAM89B","FAM89B",1.11014727647291,1.05410306593927e-28,2.65079697058641e-30,3179.5467475164,11.4396082652345
"RER1","RER1",0.526467908199743,1.05410306593927e-28,2.65261051867557e-30,5287.8367321961,11.4395489267399
"RPL10A","RPL10A",1.39568797923562,1.10701088759474e-28,2.79180045697955e-30,27384.7441188079,11.4351108159683
"EMC4","EMC4",0.779459977515338,1.16144628415729e-28,2.93225598120531e-30,3025.16573056931,11.4308496209144
"MTFMT","MTFMT",0.726311519668334,1.20834551951942e-28,3.05726372598974e-30,384.885632436094,11.4272241459355
"GTF2H5","GTF2H5",1.11966404012801,1.2485220178156e-28,3.16914930613046e-30,1306.22644082856,11.4241019065933
"CHCHD7","CHCHD7",0.803938785246168,1.44009893375236e-28,3.67904178545441e-30,843.093919575326,11.411133343496
"TMEM35B","TMEM35B",0.976337159979365,1.45842321533671e-28,3.7298399670897e-30,1633.8694523861,11.4099405853776
"PIGF","PIGF",0.876478733024932,1.48906508411273e-28,3.81227351516059e-30,499.034351500537,11.4080389102878
"CCDC12","CCDC12",0.721580291222976,1.67997505563001e-28,4.31939814570847e-30,1420.19116698594,11.3971684858245
"NDUFS5","NDUFS5",1.28194488041034,1.8262812081085e-28,4.70055711368674e-30,4219.37977196861,11.389802169027
"FTL","FTL",1.9581103313439,1.83262868208894e-28,4.72190182029529e-30,312381.266611171,11.3894073824709
"INO80C","INO80C",0.923871754928911,1.84117865979954e-28,4.74896214336665e-30,559.271527546907,11.3889094195514
"NHP2","NHP2",1.05708302960578,1.94897035007907e-28,5.03231503818334e-30,2586.45426401903,11.3838580364478
"COMMD7","COMMD7",0.738554900160971,2.09797923274022e-28,5.42279394019576e-30,1934.25416648293,11.3773410751388
"HAX1","HAX1",1.04703662949047,2.18732651805495e-28,5.65971259487428e-30,2327.52079836528,11.3736103420558
"PUSL1","PUSL1",0.926904845357644,2.24833222717161e-28,5.83599446928339e-30,351.657335877146,11.370933681695
"RAB32","RAB32",1.17858846201393,2.32838869219872e-28,6.06288265708183e-30,2368.55888632421,11.3676043367899
"DERL2","DERL2",0.747871915109451,2.36205843757214e-28,6.16991684559405e-30,1603.63209411421,11.3660764211272
"SRI","SRI",0.821760957114027,2.47829492941677e-28,6.48708036389317e-30,3409.91256864959,11.3616987185252
"BLVRA","BLVRA",0.933365051533031,2.52114472741278e-28,6.60613075108298e-30,2771.4996043497,11.3601101289167
"MLX","MLX",0.832476352320187,2.56509968189155e-28,6.72831414687803e-30,2078.98924634377,11.3585090063719
"CDC123","CDC123",0.583443314344977,2.63006329478061e-28,6.90590132594925e-30,2274.57597046243,11.3562325768547
"LENG1","LENG1",0.736762609872019,2.63070990374354e-28,6.91478709090763e-30,544.710564439782,11.3561202047826
"HDAC2-AS2","HDAC2-AS2",1.58331036037531,2.78542174285987e-28,7.34427711647797e-30,30.7769044263848,11.3508529057745
"PSMD8","PSMD8",0.84164599689249,3.15885192268075e-28,8.3461564775876e-30,5089.95949552502,11.3396668653834
"CUTA","CUTA",1.02212503930338,3.16412372782228e-28,8.36873075365984e-30,3324.36376123954,11.3394304745297
"RPL15","RPL15",1.1503724921066,3.39632949786953e-28,9.01072691174982e-30,45923.5318810628,11.3329599361294
"TNFSF12","TNFSF12",0.976246187588663,3.49282427087497e-28,9.27627856304945e-30,3370.93107711887,11.3304163080755
"SCARNA9","SCARNA9",2.69066617906332,3.77375280845922e-28,1.00326825394979e-29,23.7887153971179,11.3235486045231
"DHRSX","DHRSX",0.934123520536723,3.82974264646709e-28,1.01919979716903e-29,803.745010322999,11.3221677901881
"TMEM150A","TMEM150A",0.862807187027937,3.87096746805974e-28,1.03122852574066e-29,664.75032150642,11.321139357777
"AC005912.1","AC005912.1",2.01987005745105,4.10274180796393e-28,1.09633637208359e-29,15.8794719625976,11.3157714798405
"EEF1B2","EEF1B2",1.35754549988029,5.35535195639785e-28,1.44422863492573e-29,13975.8713806071,11.2915764158133
"ZNF236-DT","ZNF236-DT",1.46065617218878,5.74129370998796e-28,1.54987791619118e-29,82.8545591430327,11.2853701450217
"RPL7A","RPL7A",1.24473956769978,6.01839806269142e-28,1.62797182493087e-29,43431.2130060262,11.2810467803747
"RPL39L","RPL39L",1.28509253455584,6.25780433620231e-28,1.69444085826839e-29,204.814495987691,11.2775261287078
"MPV17","MPV17",0.857748211248971,6.52815855737306e-28,1.7694290250865e-29,2137.55603117335,11.273715142481
"EXOSC4","EXOSC4",0.943568544588631,6.88032431587603e-28,1.86676194586325e-29,654.125103705238,11.2690008458385
"EIF1B","EIF1B",0.919172566790484,6.96163275883098e-28,1.89072459965518e-29,1647.32763778311,11.2678776532893
"AURKAIP1","AURKAIP1",0.981296987031339,7.68968844644835e-28,2.09266091769244e-29,2915.08094244211,11.2589376760069
"CHMP4A","CHMP4A",0.841749347490493,8.49306603303337e-28,2.32057324873176e-29,1708.7224472027,11.2498229801747
"RPS7P1","RPS7P1",1.4714203617429,8.58940653948989e-28,2.34924340720495e-29,58.5173717152343,11.2487398657768
"MITD1","MITD1",0.827812062257535,1.01596939446717e-27,2.78427635359046e-29,558.364875191955,11.2337432187928
"TSPO","TSPO",1.1455528717315,1.02719283012016e-27,2.81784092855171e-29,9526.64312659681,11.2326847353879
"BX679664.3","BX679664.3",1.48136520439258,1.03022330374878e-27,2.82896915289358e-29,46.715794399718,11.2323365585053
"GLRX3","GLRX3",0.739841384774722,1.03495183419189e-27,2.84478140166954e-29,1601.7295610224,11.2318441594552
"UBE2D2","UBE2D2",0.646322896082628,1.06199817113831e-27,2.9249273381989e-29,4305.9921441231,11.2293894259779
"PHPT1","PHPT1",1.23471123747739,1.08549377966361e-27,2.99260423421563e-29,2979.49533817066,11.2273680234211
"TMEM234","TMEM234",0.909752760558422,1.15276266938341e-27,3.18435765662076e-29,238.012238589605,11.2218778651124
"CLIC1","CLIC1",0.999542124688409,1.38003601778413e-27,3.82348294224736e-29,17387.2188566334,11.2056933215932
"AIP","AIP",0.830161877904102,1.4380417780714e-27,3.99205018312124e-29,3033.42316762963,11.2018725264917
"SMUG1","SMUG1",0.855453634229775,1.54135000242186e-27,4.28304858729208e-29,671.988205646273,11.195638619949
"EIF3M","EIF3M",0.771858297301839,1.55449440539981e-27,4.32806852400997e-29,3825.2660832509,11.1947118971871
"RAB9A","RAB9A",0.668142532536731,1.56881976685367e-27,4.37224012183595e-29,976.520163514958,11.1938118867218
"C11orf1","C11orf1",1.30374778696,1.62429740722053e-27,4.53129225599652e-29,294.110489169412,11.1906442421872
"BTF3","BTF3",1.16295368198925,1.63591091047066e-27,4.56816019700269e-29,15905.6417454696,11.1899257478932
"SAT1","SAT1",1.50497557486182,1.68428853474681e-27,4.70785314092186e-29,14447.8586344335,11.1872545993927
"MEMO1","MEMO1",0.810938094292723,1.92098621950424e-27,5.39045560652163e-29,1168.57567250155,11.1752398476646
"HMGN1","HMGN1",1.03771286237648,2.03587401513049e-27,5.71840347428657e-29,4552.45579939909,11.1699951006635
"PPP1R7","PPP1R7",0.623937787949506,2.08588636226662e-27,5.86457844960887e-29,2219.23468067503,11.1677528612603
"MPLKIP","MPLKIP",0.713796421833811,2.21677534855379e-27,6.23863659938908e-29,789.047737288817,11.1622583242928
"BAX","BAX",1.14122942555705,2.35264619509809e-27,6.63387216410621e-29,1958.08497742807,11.1567970550641
"GLRX","GLRX",1.3365460444395,2.74807302378491e-27,7.78641964443005e-29,2587.03229269338,11.1425424816535
"PSMB1","PSMB1",0.780070398536741,2.88898198366264e-27,8.19356621503817e-29,5859.75704856985,11.1380033685466
"LINC01637","LINC01637",1.62694201911782,2.89293370842872e-27,8.21267827825197e-29,49.8501879479698,11.137795833092
"AL391069.2","AL391069.2",1.56101918441094,2.90141762368031e-27,8.24469064353539e-29,13.843849256212,11.1374492860053
"MRPS24","MRPS24",1.33037151696156,2.97513414309838e-27,8.46229307621906e-29,2135.93690725359,11.1351284427831
"SWSAP1","SWSAP1",0.897940169760523,3.25425522076474e-27,9.26509997550989e-29,136.691399403036,11.127050168475
"FTH1P8","FTH1P8",2.098284652137,3.28785829528715e-27,9.36975382383261e-29,33.1092959971017,11.1260486397416
"CHMP2A","CHMP2A",0.703973117188751,3.57178362184519e-27,1.01984040133015e-28,4984.01154186543,11.1184894502028
"SNRPA1","SNRPA1",0.893717609926488,3.74906307708305e-27,1.07148282156039e-28,829.62604813815,11.1140808781109
"DNPH1","DNPH1",1.22233117748012,3.86532606851807e-27,1.10576693181191e-28,1352.01760159536,11.111269083307
"EMC8","EMC8",0.640814767892092,3.92394033483353e-27,1.1236070578173e-28,886.516030011024,11.1098399625179
"RNASEH2C","RNASEH2C",1.02149376114487,3.95518097741502e-27,1.13363339034082e-28,1759.1117545404,11.1090466312415
"PFDN4","PFDN4",1.20843895854217,4.24053212449072e-27,1.21657934116103e-28,692.715684669885,11.1027386189227
"FLT3LG","FLT3LG",1.05309335688178,4.67942744960299e-27,1.34633107583047e-28,529.186802350178,11.0936798084139
"CCDC90B","CCDC90B",0.676753421930068,4.97611753001724e-27,1.43305223548134e-28,1506.1555811685,11.0880961388359
"CXorf40A","CXorf40A",0.588731267430075,5.00004561300848e-27,1.44130935865022e-28,567.407273155622,11.0875820855053
"AP001324.1","AP001324.1",1.6278133856526,5.18560781372619e-27,1.49763312087996e-28,68.0158473943598,11.0841516487445
"NCK1-DT","NCK1-DT",1.43332898360659,5.40791335673984e-27,1.56331384229918e-28,127.573103359087,11.0803094069232
"HMOX2","HMOX2",0.618797372777597,5.62174566796236e-27,1.62666429748685e-28,1566.05078086652,11.0767522928649
"RHEB","RHEB",0.698801921713948,5.93773779317646e-27,1.72296443519042e-28,3647.9180580354,11.0716000461307
"EXOSC3","EXOSC3",0.807968144258397,6.1453660420323e-27,1.78657052616803e-28,491.466553218594,11.0683513762023
"IER3IP1","IER3IP1",0.750147891150969,6.63003513070968e-27,1.93290731562809e-28,2325.44899770706,11.0612930174242
"ATP5PF","ATP5PF",1.1786138752345,7.86811083105337e-27,2.30030290150745e-28,2903.28227430107,11.0456757777486
"FTH1P10","FTH1P10",1.95202166791297,8.01312008369603e-27,2.34488691211193e-28,41.886380930332,11.043951645271
"H2AFZ","H2AFZ",1.01047893911179,8.73925887159299e-27,2.56215327446632e-28,4124.70400276907,11.0359895747446
"AC104563.1","AC104563.1",1.77970842730285,8.88599566205731e-27,2.61002905454018e-28,14.611372843018,11.0343253578064
"POP7","POP7",0.960446651036246,9.62167936202305e-27,2.83926164949449e-28,993.31532640329,11.0267548127515
"NUDT5","NUDT5",0.728145453909372,1.00090297252218e-26,2.96176922659506e-28,1348.59432910569,11.0229539944667
"AC091564.7","AC091564.7",1.30839677832743,1.03774994381623e-26,3.07930937726283e-28,75.0049188138857,11.0194511332654
"POLR2I","POLR2I",1.35922333180961,1.06132381555224e-26,3.15215986093961e-28,1136.67092314644,11.0173460615927
"C1orf174","C1orf174",0.745137547165883,1.08405632219841e-26,3.22263799161691e-28,715.001000050224,11.0153549746442
"MED7","MED7",0.583941054433598,1.08817527459911e-26,3.24082911913721e-28,392.538690389056,11.0148480676839
"IMP4","IMP4",0.615272232369187,1.1132890451774e-26,3.32170725247609e-28,1899.4982734731,11.0126279943115
"AC245060.4","AC245060.4",0.736792520816384,1.11395597483385e-26,3.32674084126178e-28,383.619543475097,11.0124916022156
"NSMCE1","NSMCE1",0.805654492685358,1.27830018687847e-26,3.82452718552944e-28,1447.77875203873,10.9999243281005
"RHNO1","RHNO1",1.05756243833407,1.31472527692119e-26,3.93709911064681e-28,624.218909791298,10.9973080675721
"PDCD10","PDCD10",0.655431180648699,1.31897825756141e-26,3.95343902441286e-28,1516.08754431389,10.9969344949659
"JAGN1","JAGN1",0.764918166318935,1.33767836601929e-26,4.01679970560725e-28,1203.80523537458,10.995500247629
"DRAM2","DRAM2",1.08840649851565,1.45206656067434e-26,4.36822121725305e-28,2265.95634958893,10.9879315691948
"GSTO1","GSTO1",1.40877872160425,1.51233109645821e-26,4.56191024478772e-28,6214.22927370027,10.9840143305693
"PHKG2","PHKG2",0.813473115572831,1.57077263110951e-26,4.7467814148122e-28,758.076008495669,10.9804263638332
"RPL6P27","RPL6P27",1.55618751130307,1.69099631784405e-26,5.11933091114841e-28,52.4440968534333,10.973598923295
"TEN1","TEN1",1.18924689857628,1.78265498188161e-26,5.40168959508923e-28,721.264821850868,10.9687450493327
"SMCO4","SMCO4",1.64796435056374,1.79794148727797e-26,5.45292235000559e-28,887.179775875236,10.9678913818815
"S100A6","S100A6",1.3293139586387,1.80149280643639e-26,5.46861528443628e-28,36168.9571750869,10.9676314889565
"HCST","HCST",2.17924432856864,1.84697785835355e-26,5.61173632746565e-28,867.812347199358,10.9652948130552
"MIIP","MIIP",0.892438754349123,1.85101538507787e-26,5.62906124099476e-28,855.209986010609,10.9650159765488
"MZT2A","MZT2A",1.25119217364854,1.9093083062318e-26,5.81155073401521e-28,1317.3044233207,10.9621295369656
"PSMG3","PSMG3",0.908375830175958,1.98118797575114e-26,6.04657769041236e-28,790.756113702479,10.9585417914718
"RPS2P32","RPS2P32",1.43631704076037,2.12121657645949e-26,6.48553607764739e-28,45.0692131470706,10.9521967621754
"PARD6A","PARD6A",1.37484142153516,2.12975265978918e-26,6.51745397132128e-28,210.176460051888,10.9517521501384
"MAP3K13","MAP3K13",0.874431297509537,2.24817405813413e-26,6.89213173372633e-28,939.997624708355,10.9466886311958
"FUNDC1","FUNDC1",0.760049491649733,2.29687531603947e-26,7.0477088989107e-28,447.101493584085,10.9446658858592
"TSEN15","TSEN15",0.640373193185173,2.4901557745532e-26,7.66118036598515e-28,1197.88286746951,10.9370994935398
"NACA","NACA",1.16514707326744,2.59693807279514e-26,7.99680102746009e-28,17193.3936482167,10.9332106044331
"POLE4","POLE4",1.16944528904558,2.72496588349324e-26,8.42082137279941e-28,1555.06425951189,10.9285226135684
"NPC2","NPC2",1.5112225272686,2.8619927813225e-26,8.85990825224292e-28,20778.4527759913,10.9239086149403
"THG1L","THG1L",0.684783351741618,2.90963935903685e-26,9.01535843369434e-28,543.602055787461,10.9223293086662
"ACOT8","ACOT8",0.845549390651099,2.99242280744943e-26,9.28821090538691e-28,537.382285680067,10.9196214571407
"MRPL33","MRPL33",1.39144436023306,3.13084235305383e-26,9.74351605270175e-28,1194.83672490598,10.9152738944226
"GUK1","GUK1",1.12338368183695,3.34434235880311e-26,1.04536398766927e-27,11825.7290615089,10.9088799067619
"CRIPT","CRIPT",0.9469097330692,3.38057424277188e-26,1.05761291509981e-27,552.738826839912,10.9078207425627
"MCRS1","MCRS1",0.608817578561583,3.64579776084708e-26,1.14158426020677e-27,1699.93058167784,10.9008716223566
"MCUB","MCUB",1.112168873423,3.80302698595339e-26,1.19289460910803e-27,2239.85417690125,10.8968707817497
"ATP5PO","ATP5PO",1.16227773126506,4.04537592311774e-26,1.27333344174202e-27,4633.42744630469,10.8909299425716
"C15orf65","C15orf65",1.4133976629543,4.06574469059514e-26,1.28085565951425e-27,59.4424146628856,10.8903935505053
"OR7E38P","OR7E38P",1.85468924673592,4.20933338195401e-26,1.32724137893793e-27,45.1020659197585,10.887153373983
"DNAJC4","DNAJC4",0.950767781711786,4.66734034355326e-26,1.47803149216597e-27,1211.00146700165,10.8773464022379
"MED14OS","MED14OS",1.16266562777404,5.38870210166002e-26,1.71088604664853e-27,58.7620224544211,10.8639992612787
"RAD51C","RAD51C",0.751033798988973,5.88524619418408e-26,1.87336042411663e-27,381.284160528297,10.8557144393911
"THYN1","THYN1",0.767149626264489,6.8204270381271e-26,2.17663290814843e-27,890.460446017838,10.8419985549122
"BORCS8","BORCS8",0.86584003195156,1.01596854176747e-25,3.27839243648018e-27,430.864867401549,10.8044715496993
"TRIAP1","TRIAP1",0.897996433664191,1.02251066715833e-25,3.30229680751154e-27,914.659251149382,10.8038047372513
"FAM104B","FAM104B",1.00741791500706,1.07754980784144e-25,3.48593943136223e-27,404.023605346416,10.7988361858383
"SHARPIN","SHARPIN",0.761637499481505,1.1508693791191e-25,3.72627725964133e-27,1915.19129396366,10.7927121058555
"RBM34","RBM34",0.606861661069293,1.21822035449029e-25,3.94767436385006e-27,1166.74321704579,10.7874078286195
"KCTD6","KCTD6",0.679741470838062,1.2229894493627e-25,3.96647033086567e-27,263.820724393709,10.786971184167
"MED6","MED6",0.513256257405691,1.28662135175512e-25,4.17636046308666e-27,755.976485149826,10.7822300550219
"SH3BGRL3","SH3BGRL3",1.32582200038439,1.31424307342634e-25,4.27320215682765e-27,16921.4533575526,10.7801216609372
"FRG1","FRG1",0.804759631720408,1.69932306613961e-25,5.55313092462357e-27,1428.59809227388,10.7559952173451
"ZNF585A","ZNF585A",0.658940026481024,1.75058995725116e-25,5.74936235584551e-27,339.618966924121,10.7527933386112
"CBX3","CBX3",0.596241643986469,1.80051423089341e-25,5.9231649334563e-27,4315.88332513677,10.7500466560461
"CSTB","CSTB",1.75340000074421,1.88835495897248e-25,6.22761396617333e-27,9942.9144946025,10.7454224958824
"AL138963.3","AL138963.3",1.58034341258165,2.08455882482068e-25,6.88037121337572e-27,48.9949609171573,10.736220513107
"STX18","STX18",0.53961654992308,2.12185231078139e-25,7.01136296070308e-27,961.853446700695,10.7344786090149
"EEF1D","EEF1D",1.05971010270268,2.38068114374848e-25,7.89679201210594e-27,17861.2386109494,10.723488081836
"RPS8","RPS8",1.36556506151865,2.47435369100188e-25,8.21426742415717e-27,45203.7678787784,10.7198429703348
"AKIP1","AKIP1",0.804591912768028,2.76004797980646e-25,9.1853286685545e-27,906.561367861026,10.7095033127061
"SURF1","SURF1",1.03027356074596,2.79242745772637e-25,9.30071606046187e-27,1630.23003728826,10.7083474763967
"TATDN3","TATDN3",0.741741832588097,2.84449371244826e-25,9.48190477659737e-27,604.02662460647,10.7065608924241
"RPL32P29","RPL32P29",1.73384455630691,3.18255756101839e-25,1.0643598061932e-26,55.6768364871378,10.6958528026227
"RPS3","RPS3",1.27093656565386,3.39715034354466e-25,1.13984005625095e-26,47337.9409646757,10.6894998302733
"DTYMK","DTYMK",0.889145676581688,3.40571692137979e-25,1.14364493466372e-26,920.953300259394,10.689190728974
"SMDT1","SMDT1",1.35933709649879,3.82697278335956e-25,1.28824024402278e-26,1794.13953115813,10.6781420991131
"MRPL32","MRPL32",0.885437851489237,4.20181958493884e-25,1.41901390939217e-26,1204.10862581638,10.6691613087311
"ZPR1","ZPR1",0.568808547428496,4.49732130183575e-25,1.5237242586618e-26,1334.57071510718,10.6625434323612
"RPL8","RPL8",1.26825976787299,4.69551009574734e-25,1.5934379460964e-26,67144.7428876593,10.658382945634
"RARRES3","RARRES3",1.72135797296362,5.28200392801817e-25,1.79535312070128e-26,2022.56352324824,10.6472795008092
"TMEM138","TMEM138",0.668535309111876,5.54823142890393e-25,1.89039170246269e-26,569.48362358176,10.6424754377304
"ORMDL1","ORMDL1",0.873042017492103,5.71989991795529e-25,1.95200825091564e-26,1012.71263825685,10.6394871248663
"RPL13AP7","RPL13AP7",1.57759922464164,6.19700428334129e-25,2.11990747363133e-26,59.6818580441121,10.6317957398872
"TRMO","TRMO",0.641238213659996,6.32079962444965e-25,2.16398314965857e-26,403.364113228303,10.6298767300546
"THOC7","THOC7",0.897827428816508,6.54302243268401e-25,2.2418509059225e-26,1547.17014345941,10.6265792606486
"UBE2E1","UBE2E1",0.643733538657843,6.96218679370006e-25,2.38927473780357e-26,2492.31818145435,10.6206360715111
"TMEM191A","TMEM191A",1.42658031521672,6.99226251823288e-25,2.40150659455688e-26,60.6213022140068,10.6201594126718
"PARK7","PARK7",0.868420227186109,7.06576528452627e-25,2.43061244657466e-26,7531.66466932419,10.6190348056294
"NDUFB6","NDUFB6",0.945383089069511,7.25108129755408e-25,2.49634209539008e-26,1525.90701041681,10.6165434595236
"AC073611.1","AC073611.1",1.88274052026755,7.29330261437366e-25,2.51287046004677e-26,77.4277610552531,10.6159272193298
"SCARNA7","SCARNA7",2.8320840510384,7.36499309690023e-25,2.53958340071808e-26,27.8708185431644,10.6149397044304
"NDUFC2","NDUFC2",0.902333113552628,7.87581429313698e-25,2.71787574858111e-26,4023.23037640162,10.6086011391268
"CIDECP","CIDECP",0.845434532016593,8.85926871910268e-25,3.07178119744837e-26,213.288748772996,10.5971565115675
"INTS12","INTS12",0.539542018862679,8.88400895808109e-25,3.0827867911044e-26,571.215159425948,10.5968219477256
"RPS5","RPS5",1.38629497064803,8.90927517804889e-25,3.09398856561658e-26,27000.0749858535,10.5964826337808
"ERCC1","ERCC1",0.745112048433169,9.12857729563475e-25,3.1726414164451e-26,2353.51227764278,10.5941339011463
"BNIP1","BNIP1",0.753715190549871,9.26551068195659e-25,3.22529593945536e-26,246.734907955571,10.5925935695791
"FTH1P2","FTH1P2",1.90941786764423,9.35893444116925e-25,3.26037362017836e-26,31.0179405921905,10.5915811968579
"FGFR1OP2","FGFR1OP2",0.599331157888902,9.7751014844314e-25,3.41603726839197e-26,1488.32579678123,10.587215119745
"SURF2","SURF2",0.939697123549336,1.01176422920546e-24,3.54127155827263e-26,469.800376424297,10.5838433848817
"ATP5IF1","ATP5IF1",1.12424740950079,1.06724963306412e-24,3.7413079024598e-26,2449.69802503634,10.5786954946756
"AC064799.1","AC064799.1",1.52364837140399,1.2826719170232e-24,4.50699769199112e-26,33.9238305272573,10.5612335373125
"AC083799.1","AC083799.1",1.06911600853652,1.31285574424104e-24,4.62381773908221e-26,195.417404410094,10.5588314686958
"NDUFAB1","NDUFAB1",1.01979849606086,1.5124519395667e-24,5.34331636891649e-26,1774.62875912797,10.5452454290265
"STMP1","STMP1",0.959639167074997,1.66087082540182e-24,5.87673903356748e-26,2384.90236216442,10.5362971997622
"MALSU1","MALSU1",0.940207904709398,1.66685838035048e-24,5.90247946920467e-26,797.916138796507,10.5358860285033
"MRPS15","MRPS15",1.094254203799,1.68563681483035e-24,5.97358110559022e-26,1604.93597812287,10.5347594377774
"DPM1","DPM1",0.646888825471747,1.72905472156764e-24,6.13217035600644e-26,1380.94132902197,10.5322937765867
"ALKBH6","ALKBH6",0.862143039304253,1.8164484144541e-24,6.44707912887202e-26,233.827488413754,10.5275797414486
"MRPL50","MRPL50",0.668678525338401,2.0064259015657e-24,7.13780847520025e-26,821.441969982041,10.5179926142922
"GADD45GIP1","GADD45GIP1",0.884206160017355,2.03828919496011e-24,7.25673056923146e-26,2248.17272053882,10.5164353487396
"HEIH","HEIH",0.717311139504832,2.08781225056335e-24,7.43874743772946e-26,1480.401835318,10.5141001861575
"NUPL2","NUPL2",0.551617250542057,2.27809506223036e-24,8.12916241228682e-26,562.910459521613,10.5057297294493
"PPP1CA","PPP1CA",0.818253163259248,2.38749368304602e-24,8.54563437468315e-26,6831.56109803577,10.5010149042788
"TYROBP","TYROBP",2.0335681018217,2.41839836755129e-24,8.66286035099249e-26,12169.0683403292,10.4997288489199
"NIT2","NIT2",0.742246597198227,2.55015660590481e-24,9.14876259884975e-26,925.322767648397,10.4945758978412
"DCTPP1","DCTPP1",0.792877694873835,2.79010396840417e-24,1.00248277779488e-25,1504.95935711645,10.4859357979279
"BCL7C","BCL7C",1.05832723096977,2.8131978262013e-24,1.01154904212708e-25,1995.26413288915,10.4850847747959
"C1orf53","C1orf53",1.48919633958572,2.87460813602274e-24,1.03598681150141e-25,61.4156692838219,10.4828279892277
"COX5B","COX5B",1.24216580760098,2.88260519576286e-24,1.03965650930544e-25,4869.66086000814,10.4824936630441
"SNU13","SNU13",0.738902897718883,2.93730927435619e-24,1.06018895363931e-25,3574.34243517757,10.4806443775143
"RPLP0","RPLP0",1.31678529921208,3.23259092337239e-24,1.1703005474107e-25,74342.8547283041,10.4712956854807
"PRDX1","PRDX1",1.04771683784319,3.28966251700304e-24,1.19186111575345e-25,16116.4841660437,10.4695676481675
"ISOC2","ISOC2",0.960051548298963,3.51018518276751e-24,1.27367576237472e-25,1609.25632954059,10.4632808017205
"SMIM10L1","SMIM10L1",0.719254484152062,3.65160918603702e-24,1.32698713555814e-25,1151.3062990791,10.4593960984
"C1orf162","C1orf162",2.25696325857198,3.65343923880158e-24,1.32865040761903e-25,1830.98949439641,10.4592774020379
"UBE2N","UBE2N",0.638667707217393,3.75070057331639e-24,1.36709597661249e-25,3201.18034261107,10.4565740840517
"UROS","UROS",0.961182546251327,4.0791108569015e-24,1.48791305608446e-25,1544.0531228511,10.4485443764981
"LYSMD2","LYSMD2",1.1469850282662,4.30753445829317e-24,1.57358768565752e-25,728.446991167965,10.443232804154
"WDYHV1","WDYHV1",0.85326536450602,4.40493265924371e-24,1.61037184023282e-25,343.197730669936,10.4410397079396
"AC147067.1","AC147067.1",1.22003619467239,4.50461218577728e-24,1.64804385823541e-25,79.4702811246958,10.4388445461676
"AP3S1","AP3S1",0.806105138252231,4.7472197062033e-24,1.73939769557054e-25,4087.82849164937,10.4337213066492
"TMSB4XP4","TMSB4XP4",1.61506971747561,4.78497951281399e-24,1.75454042629481e-25,93.7245017984134,10.4328979317195
"RNU1-1","RNU1-1",2.76523036702445,4.92519623238074e-24,1.82075753501766e-25,7.3335749702439,10.4293782582237
"RNU1-2","RNU1-2",2.76523036702445,4.92519623238074e-24,1.82075753501766e-25,7.3335749702439,10.4293782582237
"RNU1-27P","RNU1-27P",2.76523036702445,4.92519623238074e-24,1.82075753501766e-25,7.3335749702439,10.4293782582237
"RNU1-28P","RNU1-28P",2.76523036702445,4.92519623238074e-24,1.82075753501766e-25,7.3335749702439,10.4293782582237
"RNU1-3","RNU1-3",2.76523036702445,4.92519623238074e-24,1.82075753501766e-25,7.3335749702439,10.4293782582237
"RNU1-4","RNU1-4",2.76523036702445,4.92519623238074e-24,1.82075753501766e-25,7.3335749702439,10.4293782582237
"RNVU1-18","RNVU1-18",2.76523036702445,4.92519623238074e-24,1.82075753501766e-25,7.3335749702439,10.4293782582237
"TUSC2","TUSC2",0.707976504074007,4.96823951456009e-24,1.83802735121571e-25,1317.84170638532,10.4284811617655
"RPL12P38","RPL12P38",1.65113903773052,5.2755724178125e-24,1.9603755534919e-25,10.0914767500217,10.4223551816103
"TEFM","TEFM",0.756951879600152,5.3938993148283e-24,2.00581900256327e-25,229.685728602168,10.4201758916823
"ATP6V0B","ATP6V0B",1.16805866875079,5.60650203824979e-24,2.0910066619883e-25,5460.02975994661,10.4162193462447
"ZNF561-AS1","ZNF561-AS1",1.03417764854886,5.64626585546192e-24,2.10737975315199e-25,128.563076789071,10.4154772315299
"CCDC28A","CCDC28A",0.735950229690715,5.84462171982532e-24,2.18460682333425e-25,888.607070094387,10.4120522045225
"ASNA1","ASNA1",0.674342200755379,5.95365826370109e-24,2.22861603357209e-25,2813.57246365715,10.4101536761369
"MAIP1","MAIP1",0.816266359975154,6.24604338296337e-24,2.34489019049473e-25,387.503628846776,10.4053110533285
"NSMCE2","NSMCE2",0.712774572592158,6.71072256124145e-24,2.52484083358274e-25,642.142035858406,10.3982666689521
"MRPL14","MRPL14",1.16849628380215,7.01082668742968e-24,2.64349868265607e-25,1252.6705216879,10.3938888996374
"AP003108.2","AP003108.2",0.720356148102711,7.02575535613864e-24,2.65104733649211e-25,426.112463700917,10.3936170256849
"C1orf43","C1orf43",0.823795336294809,7.11275042800043e-24,2.68581685059608e-25,7170.30626528069,10.3923745834178
"EIF3F","EIF3F",1.02406779693843,7.57348077788524e-24,2.86825340969475e-25,7262.77799177843,10.386106012384
"TIMM17A","TIMM17A",0.818963603788616,7.57348077788524e-24,2.87013793790181e-25,1798.64331233236,10.3860433431653
"FOXN3-AS1","FOXN3-AS1",1.39877724244465,7.57461794316626e-24,2.87263851611103e-25,95.569465260278,10.385960250376
"RPL22","RPL22",1.13787840379159,8.26641867199381e-24,3.14403529916538e-25,18795.8966357463,10.3773430432861
"MPND","MPND",0.83487320348217,8.81718169195444e-24,3.36314807562185e-25,828.79731388446,10.3709076997773
"AC008915.2","AC008915.2",1.20280872428727,9.0797585441514e-24,3.47035564473449e-25,53.798399121636,10.36790892044
"CCDC59","CCDC59",0.854954492020565,9.0797585441514e-24,3.47074570432739e-25,773.592414051775,10.3678981782867
"DERA","DERA",0.75988027247012,9.35343912303725e-24,3.580471655339e-25,1491.11873108264,10.3649228800201
"BCAS2","BCAS2",0.624162753719429,9.49097543192615e-24,3.63571342265102e-25,1334.27908272657,10.3634589850225
"MRPL48","MRPL48",0.823056135249366,9.72387707589819e-24,3.73024492870326e-25,486.923832606419,10.3610043136909
"TADA3","TADA3",0.608833976877915,9.74444568723084e-24,3.74079788807326e-25,3271.70410659458,10.360734122239
"GNPTG","GNPTG",0.673268486296104,1.00160106991744e-23,3.84778574361025e-25,3613.05961937407,10.3580367436739
"SYNJ2BP-COX16","SYNJ2BP-COX16",1.00622094793838,1.04131244426142e-23,4.0088779309936e-25,175.664715685495,10.3541123469579
"RWDD3","RWDD3",0.730595887682202,1.05870872602004e-23,4.08163614419596e-25,284.595990716603,10.3523908366821
"ZSWIM7","ZSWIM7",0.960595519627868,1.17731204785117e-23,4.55175427664527e-25,612.287994813419,10.3419508961956
"NDUFV2","NDUFV2",1.08279135589911,1.19683071798196e-23,4.63048798235594e-25,2438.80326417797,10.3403076058408
"FP671120.4","FP671120.4",2.07075451144458,1.32007027165163e-23,5.11811720395002e-25,735.181989671528,10.3307084405292
"AC008894.2","AC008894.2",1.07965164066001,1.3712443097418e-23,5.32402023045193e-25,565.96897520071,10.3269246291595
"NDUFC1","NDUFC1",1.26841965621527,1.38392770099876e-23,5.38460899538851e-25,1423.23757468456,10.3258387955974
"BCL7B","BCL7B",0.617314647585616,1.51562744666479e-23,5.91773442248146e-25,1914.78894277763,10.3167753494564
"USF2","USF2",0.83813343637724,1.60873194462038e-23,6.28565447363902e-25,6515.722376167,10.3109807718007
"CDK4","CDK4",0.690337099495368,1.61340948007706e-23,6.31715561887055e-25,3244.28245179087,10.3105003676435
"ASGR1","ASGR1",1.86348902838778,1.66592854135329e-23,6.54099651336013e-25,254.854593036432,10.3071535595418
"AC008736.1","AC008736.1",1.18072694565443,1.66592854135329e-23,6.53965172629441e-25,36.65739346468,10.307173325558
"LINC02285","LINC02285",1.99328526792885,1.71314613154638e-23,6.73106952966938e-25,30.7605957804303,10.3043995597544
"RABAC1","RABAC1",0.997053262793144,1.88358752367318e-23,7.41103864610884e-25,7203.09870249396,10.295141693104
"SERP1","SERP1",0.787376649023817,1.97493741097002e-23,7.78125016153109e-25,7879.10544867347,10.2904492124327
"ZNF226","ZNF226",0.656755264102655,2.00246206035929e-23,7.90063994961287e-25,412.655893112442,10.2889830078905
"CHCHD4","CHCHD4",0.763419900640881,2.03441384967901e-23,8.03226321152535e-25,413.847736753465,10.2873917947062
"RNF135","RNF135",0.886954709769812,2.03648816475543e-23,8.04601733991736e-25,1597.73953370375,10.2872270123424
"SNRPB","SNRPB",0.666930151172895,2.23655049767325e-23,8.85478201898559e-25,4633.02764995889,10.2779979268953
"HTATIP2","HTATIP2",0.909252481724401,2.45701003173154e-23,9.75446207848828e-25,1490.02579001809,10.2686654906997
"SERTAD3","SERTAD3",0.750789430935446,2.49069290722419e-23,9.90179562286183e-25,1023.74666428831,10.2672189533209
"STARD3NL","STARD3NL",0.844504702572107,2.69916222174985e-23,1.07600690771142e-24,1308.23533932624,10.2591943498618
"BTF3L4P2","BTF3L4P2",1.0087080061666,2.72441484547535e-23,1.08756252609074e-24,117.297496253485,10.2581627005467
"SNRNP27","SNRNP27",0.723009231865407,2.96379274964272e-23,1.18554949191971e-24,1093.07933430341,10.2498274815394
"CUEDC2","CUEDC2",0.722565125508754,3.01590519011403e-23,1.20886715863747e-24,1930.62234979004,10.2479446480095
"RPS14","RPS14",1.56294458834081,3.26781157438172e-23,1.31251755904291e-24,36710.0257087423,10.2399886580139
"AC011933.1","AC011933.1",2.00883401060184,3.34830536574235e-23,1.34667764102099e-24,6.98402028126408,10.2375025070895
"SLX1A","SLX1A",1.23404997731971,3.37237767217605e-23,1.35820232486885e-24,1064.20623679123,10.2366778232074
"RPPH1","RPPH1",2.75360124619891,3.54792848171737e-23,1.43181244501122e-24,302.58513999692,10.2315685482981
"FTH1P23","FTH1P23",1.90830716466641,4.29048610745875e-23,1.74554873466654e-24,20.7583460251627,10.2123664023761
"FTH1P11","FTH1P11",1.89130764271908,4.50983989406336e-23,1.83602323619618e-24,12.417354731119,10.2074631744205
"AC135048.1","AC135048.1",1.25953338943455,4.8613355722448e-23,1.98177892122442e-24,65.760026485492,10.2000463553759
"FAM206A","FAM206A",0.700518196785203,5.21455822984579e-23,2.1328980764718e-24,446.082229471187,10.1929066907257
"C6orf48","C6orf48",1.30697760685934,5.5883366280748e-23,2.2888375653663e-24,3860.20287760405,10.1860465202989
"USE1","USE1",0.975412884590716,5.82085914020748e-23,2.38884407458992e-24,862.082754544167,10.1818865923761
"RPL13AP5","RPL13AP5",1.63014221321333,5.97865819268034e-23,2.4585044891893e-24,52.3242620564325,10.1790896768526
"NDUFB7","NDUFB7",1.16228056232845,6.13560386965105e-23,2.52471909825254e-24,3461.59612185985,10.1765029570849
"CCDC159","CCDC159",1.02506152647402,6.15389475299515e-23,2.53392699056359e-24,336.219445941028,10.1761485777519
"AFMID","AFMID",0.671698145289491,6.32655399656883e-23,2.60674975459051e-24,399.996545051342,10.1733900135654
"RABGGTB","RABGGTB",0.749568742208456,6.67095262652394e-23,2.75776696738455e-24,1095.23956944372,10.167904838265
"MRPS18A","MRPS18A",0.838891538999704,6.80145738928423e-23,2.81357591392561e-24,1135.21295509677,10.1659527733796
"BANF1","BANF1",0.824809624698961,6.98895048836003e-23,2.89686545830273e-24,4084.6509706912,10.1631097009178
"SNORD3A","SNORD3A",2.38959562988342,7.28827429119924e-23,3.02690699817559e-24,42.1527809876244,10.1588287599608
"AC004921.1","AC004921.1",2.03191274587514,7.41310969838402e-23,3.08280361784215e-24,31.5091532896949,10.1570443691115
"AC004967.2","AC004967.2",1.31267162526487,7.7648014207046e-23,3.23117914799123e-24,56.2345250838436,10.1524588818709
"S100A10","S100A10",1.31334923321319,8.23080299084915e-23,3.43184386568917e-24,29616.9049127975,10.1465786100798
"RPS6","RPS6",1.28982611453099,8.713518881899e-23,3.63787449152755e-24,57947.1409229848,10.1408853359194
"IDH3G","IDH3G",0.613354958843584,9.13060827508522e-23,3.81949268262944e-24,2220.43117341435,10.1361255347397
"ZNF32","ZNF32",0.920595412984004,9.16099474726804e-23,3.83721001873327e-24,929.331614175672,10.1356732664959
"STYXL1","STYXL1",0.873942115519535,9.35346692850695e-23,3.92038532974389e-24,549.79607482062,10.1335773391982
"ENTPD3-AS1","ENTPD3-AS1",1.30606649306523,1.03848949151184e-22,4.35837006192025e-24,89.0372784674119,10.1232198663484
"LINC01871","LINC01871",2.56386133733111,1.05453434921604e-22,4.42858901812905e-24,33.8278797761618,10.1216558902092
"ERICH6-AS1","ERICH6-AS1",1.45336479126891,1.06645064274808e-22,4.48154618581533e-24,22.5716943436021,10.1204925463487
"TBCB","TBCB",0.698660486720882,1.08306101528811e-22,4.55726649237328e-24,3191.76507386776,10.1188525884539
"EIF2S2","EIF2S2",0.683764284230574,1.09217685535489e-22,4.59860797863845e-24,4348.14521360059,10.1179685647271
"BET1","BET1",0.699717380815244,1.16758838086476e-22,4.92569868044259e-24,778.110328064646,10.1112397165646
"PPIE","PPIE",0.57946725385024,1.21297835468348e-22,5.1271278305291e-24,1139.38413518483,10.107312798033
"PQBP1","PQBP1",0.693033180553604,1.25029827411456e-22,5.28829128754704e-24,1591.38186766744,10.1042793898322
"EIF3I","EIF3I",0.693252453244665,1.33732897390899e-22,5.67101441981136e-24,5448.43593012152,10.097427771472
"ATP5F1C","ATP5F1C",0.825945823837134,1.34417494021015e-22,5.70371781236199e-24,4219.13616241462,10.0968637129821
"UBALD2","UBALD2",0.867339614671784,1.46180140857497e-22,6.21881688885276e-24,1908.38779276205,10.0883786526707
"COA5","COA5",0.756571825951445,1.50812242085589e-22,6.42823841234784e-24,787.884766583219,10.0851264186202
"RPS18","RPS18",1.41124360439003,1.56466560983882e-22,6.68207423202293e-24,59234.7661020282,10.0813223055562
"RPSA","RPSA",1.15168204668371,1.57168395698131e-22,6.71634118068464e-24,24310.4679732658,10.0808197625447
"MRPL12","MRPL12",1.01068268080933,1.71229672592864e-22,7.34062013438084e-24,1585.42545242377,10.0720836420952
"MAP2K2","MAP2K2",0.785109148714122,1.71570940085563e-22,7.35993813859216e-24,4681.94028706308,10.0718251992499
"RNF114","RNF114",0.513166525038291,1.71584560624358e-22,7.36521065441314e-24,2856.0975847535,10.0717547784409
"PFDN1","PFDN1",0.673208301242786,1.74468779571612e-22,7.49854887472734e-24,2089.54303903236,10.0699902882674
"OTUB1","OTUB1",0.591742238554666,1.74746403461326e-22,7.51525558206854e-24,2990.00448984137,10.0697713993052
"GNB2","GNB2",0.62455117902094,1.95811459697433e-22,8.44259360645234e-24,12055.6746972469,10.0583209153973
"NELFE","NELFE",0.64394043286417,1.99395721820432e-22,8.60258052827842e-24,2230.88842738197,10.0564722940094
"RNASEK-C17orf49","RNASEK-C17orf49",1.19984355552496,2.03694753455324e-22,8.79362033004761e-24,68.9310185138176,10.0543089575004
"MED30","MED30",0.830393513493512,2.12718751892744e-22,9.19481585546932e-24,390.357349071958,10.0499134314394
"INO80B","INO80B",0.651771944253118,2.19388041506675e-22,9.49508614297037e-24,779.558359929949,10.0467462044777
"NUDT2","NUDT2",1.10964702398383,2.1961313484209e-22,9.5108286763221e-24,505.148631807141,10.0465829018991
"LGALS1","LGALS1",1.41599905349735,2.33261990573583e-22,1.01146692270356e-23,30138.5734900188,10.0405130514787
"NUDT14","NUDT14",1.1752712349277,2.36595525652284e-22,1.02656819786286e-23,575.296786396678,10.0390511806799
"MAX","MAX",0.607570433589477,2.60654287653588e-22,1.13309372293467e-23,3616.39303397863,10.0293067284082
"PPP1R14B","PPP1R14B",1.14369589998216,2.93393888431688e-22,1.2815927930508e-23,2423.63358758953,10.0171388801953
"UQCC3","UQCC3",1.0076984801893,2.93393888431688e-22,1.28263127815159e-23,723.556822364865,10.0170588033223
"HIST1H1E","HIST1H1E",2.6174705380093,2.95319192029979e-22,1.29185504095739e-23,30.0466753938284,10.0163503700509
"NME4","NME4",1.16315747904617,2.96474879727918e-22,1.29772058614751e-23,2127.85227802611,10.0159024663261
"PIGP","PIGP",1.08595561966889,2.98616502645875e-22,1.3079107454885e-23,565.751251718735,10.0151290731401
"MRPL28","MRPL28",0.619243176802766,2.99905589186601e-22,1.31437625360066e-23,1835.02037105553,10.0146414545432
"NINJ1","NINJ1",1.4445857218954,3.05503814428101e-22,1.33974595523676e-23,4669.05399203281,10.0127507868575
"LCMT1","LCMT1",0.75364065653316,3.07675951527184e-22,1.35095290610176e-23,904.269359982782,10.0119268571436
"MYL6","MYL6",0.874247515535333,3.15392728203284e-22,1.38569771565038e-23,36557.2074610265,10.0094147961673
"SMIM12","SMIM12",0.676407667447756,3.34373481847042e-22,1.47183168735644e-23,1628.90310305672,10.0034467511055
"LAMTOR3","LAMTOR3",0.525307709164993,3.37596043771782e-22,1.48786146781028e-23,1479.42602232751,10.0023743635246
"AC241585.2","AC241585.2",1.22412134045942,3.48233428095973e-22,1.53569428931637e-23,210.033203294797,9.99924107445842
"CHMP5","CHMP5",0.604535137294377,3.56115131738062e-22,1.57239829746362e-23,2520.46375239471,9.996901631153
"CHKB-DT","CHKB-DT",1.17174664672439,3.63191901950416e-22,1.6046375733048e-23,33.5875995446699,9.99489094843525
"UNC119","UNC119",0.840298652935821,3.65341620447629e-22,1.61513358803318e-23,856.516601417898,9.99424496250935
"FDX1","FDX1",0.813791119984028,3.78803371633842e-22,1.67568146308694e-23,1218.48243276195,9.9905977754182
"C12orf10","C12orf10",0.755701716540734,3.88007116362597e-22,1.71851563054665e-23,1446.90784001091,9.98809558113153
"GLRX2","GLRX2",0.569085934663833,3.95966507548452e-22,1.75485033810648e-23,845.39684834679,9.9860210055378
"ADPRM","ADPRM",0.895345947548982,3.96382945506753e-22,1.75777895723233e-23,215.46534247361,9.9858556492372
"YAE1","YAE1",0.779203327769321,4.2040691147348e-22,1.8654630570041e-23,336.73864051455,9.97995769258787
"BCCIP","BCCIP",0.634994717339191,4.6933782965797e-22,2.09284225799013e-23,1410.265305644,9.96853919792605
"FDX2","FDX2",0.856340572356393,4.80044372789401e-22,2.14189584623922e-23,393.41289222276,9.9662375136242
"DESI1","DESI1",0.810979377254559,4.92926348587524e-22,2.20206721478893e-23,1348.32265107873,9.96348441561691
"EIF1","EIF1",0.834398040450134,5.23690394029811e-22,2.34665495289186e-23,19875.0196874632,9.95716215314514
"CBWD2","CBWD2",0.742367878854718,5.25589737100463e-22,2.35660197978595e-23,848.071285532497,9.95674150054629
"EIF3G","EIF3G",0.910548565034897,5.46020689702387e-22,2.45417643804592e-23,6818.0598595156,9.95270593853448
"C4orf48","C4orf48",1.91200294373335,5.4902588992468e-22,2.46918389796449e-23,359.81504729574,9.95209938392741
"PSMB9","PSMB9",1.54587223112688,5.51025084602287e-22,2.47968063154722e-23,4588.85900378149,9.95167730442363
"GTF2B","GTF2B",0.50510707458231,5.52507376042025e-22,2.4893703737624e-23,853.622989637631,9.9512892419395
"SMIM7","SMIM7",0.599308869487659,5.55646558980056e-22,2.50503243891115e-23,2089.75848260796,9.95066514667837
"COQ4","COQ4",0.683820015242934,5.58037509767485e-22,2.51733634423377e-23,1110.54268876832,9.95017756986526
"CENPW","CENPW",1.4608883676266,5.79735098949782e-22,2.61996735884297e-23,160.875564111723,9.94620012162872
"TMEM134","TMEM134",1.29624996901642,6.07543302996077e-22,2.74729956135006e-23,1178.77377586116,9.94147452909451
"MT-TA","MT-TA",1.74299940636187,6.95354018753834e-22,3.15387762269834e-23,620.951308749759,9.92771892761654
"CXorf40B","CXorf40B",0.602719517042341,7.8689088471966e-22,3.58625644337931e-23,609.6996302118,9.91489714388861
"RNF130","RNF130",0.983577978210619,8.24536001733931e-22,3.76458279979617e-23,9655.18745713186,9.91004985397457
"TEX30","TEX30",0.829466866932263,8.28516070722173e-22,3.78501836183358e-23,211.625938591757,9.90950895698096
"DLGAP1-AS1","DLGAP1-AS1",1.196986035421,8.40902258282504e-22,3.85002223696646e-23,147.026797267711,9.90780743522752
"MT-TN","MT-TN",1.88191551357026,8.49296444066913e-22,3.89155478756308e-23,1314.06518669582,9.90673512102425
"ATP5PB","ATP5PB",0.709242139261553,8.67486510435706e-22,3.97964384551914e-23,5619.46925271315,9.90449779593938
"NUDCD2","NUDCD2",0.701693456186145,8.90522377150274e-22,4.08775538570032e-23,1154.96466332825,9.90181801013417
"DCPS","DCPS",0.663961616689561,9.18798876350137e-22,4.22257359496415e-23,540.994498609821,9.89857288513631
"NSL1","NSL1",0.543491401359268,9.4654164856698e-22,4.35265880089136e-23,1136.31337632776,9.89553750272695
"SLC50A1","SLC50A1",0.860068741813439,9.85265758351028e-22,4.54149931511294e-23,1084.08269969513,9.89128729207473
"FTLP3","FTLP3",2.06253316258396,1.01588489032398e-21,4.68818705362769e-23,45.1535981940878,9.88810486628945
"CDK5","CDK5",1.03722114696979,1.07461504212883e-21,4.9650920414215e-23,460.249853116763,9.88235732342856
"OSTF1","OSTF1",0.880458846012183,1.09095338731647e-21,5.04952331515644e-23,3542.20254438378,9.8806678681018
"AC093673.1","AC093673.1",1.20001095958108,1.15427884833768e-21,5.35208941673007e-23,137.13925953344,9.87483514196605
"ID2","ID2",1.01686899898206,1.18016840270318e-21,5.47858169948004e-23,2982.04186498917,9.8724928873075
"BX284668.5","BX284668.5",1.65256047824437,1.18580328754747e-21,5.50797996893548e-23,101.792206582873,9.87195619077401
"RILP","RILP",1.09196533759265,1.35811540665748e-21,6.32320187148376e-23,1010.52171021825,9.85810412170757
"CCM2","CCM2",0.778501532957967,1.37937882685708e-21,6.42973927871847e-23,2589.5826918651,9.85642603129167
"TMEM183A","TMEM183A",0.667397489606229,1.4772446463573e-21,6.90610560375241e-23,2380.99844836522,9.8492446132948
"EBAG9","EBAG9",0.681099747922383,1.52460234709272e-21,7.13999951615322e-23,983.7645709523,9.84589622670625
"NKAPP1","NKAPP1",0.914138884590777,1.55911423019171e-21,7.30588514653071e-23,73.2974251954993,9.84358661756715
"AC002467.1","AC002467.1",1.10797463003161,1.5725252872281e-21,7.37732156116465e-23,50.1484371100833,9.84260796610719
"PMF1","PMF1",0.716309168435711,1.59278745160585e-21,7.4810831697873e-23,1542.16307481301,9.84120305446898
"NDUFA4","NDUFA4",1.30460458817188,1.60837050630719e-21,7.56306358467356e-23,4965.47982663411,9.84010663081963
"FAM136A","FAM136A",0.670083945311368,1.62854569176112e-21,7.66238334712055e-23,951.587564602369,9.83879396116581
"PAM16","PAM16",1.05782901081199,1.6734248722538e-21,7.8872589541731e-23,305.532249478184,9.83588306124494
"ALG14","ALG14",0.793627149615475,1.8152307165574e-21,8.58042334392824e-23,472.972496488536,9.82740137703892
"OSTC","OSTC",1.00709658950935,1.83137665973714e-21,8.66174758328094e-23,4309.61252345113,9.82645108476908
"CKS2","CKS2",1.90842930107862,1.86053352312709e-21,8.80473253929375e-23,345.519078285956,9.82480149145727
"AC010970.1","AC010970.1",2.0840735109588,1.99664792451976e-21,9.4979754544903e-23,413369.891750421,9.81716205326233
"RF00003","RF00003",2.17555616570959,2.06900355320415e-21,9.85912783624699e-23,14.7071178277652,9.81339821233119
"AGTRAP","AGTRAP",1.00472723622166,2.09492493619867e-21,9.98837130431619e-23,2644.21217887317,9.81208435010886
"PHB2","PHB2",0.759674878798918,2.11330890920223e-21,1.00875725139383e-22,6275.2934672517,9.81108725740685
"ZNF846","ZNF846",0.953584567144757,2.11449301706686e-21,1.00990021416784e-22,166.523693786747,9.81097299993322
"TMEM14B","TMEM14B",0.938033740678996,2.13033771051788e-21,1.01804985264509e-22,2414.420166134,9.81016200411395
"NENF","NENF",1.24270910055659,2.38341482095534e-21,1.14420061761757e-22,2639.17362068104,9.79836732464654
"TMBIM4","TMBIM4",0.6824240001205,2.55589270561218e-21,1.23049344170296e-22,4724.06983720846,9.7910190929745
"CNIH4","CNIH4",0.750827000791105,2.69584216401938e-21,1.30081621401083e-22,1697.67492446494,9.78539867093959
"RNF25","RNF25",0.500840363263634,2.7440511159919e-21,1.32482808873403e-22,630.851866456378,9.7835482471022
"WTAP","WTAP",0.691961797835483,2.84899636544181e-21,1.37627409877349e-22,4424.66873694815,9.77969296409611
"NUBP2","NUBP2",0.652995317454233,2.94585779548813e-21,1.42387017137586e-22,1954.33995753829,9.7762511738698
"PBDC1","PBDC1",0.732379495094432,2.99086073876304e-21,1.4472565830622e-22,844.768231155978,9.77460155537348
"COX7A2L","COX7A2L",0.831224488179882,3.01810542778314e-21,1.46126473893596e-22,3449.94479011152,9.77362604494629
"DHRS4L2","DHRS4L2",0.92474080697739,3.17686432068362e-21,1.54073449253079e-22,806.430196954962,9.7682612801248
"NXT1","NXT1",0.839097146343472,3.34788234574066e-21,1.62550532210748e-22,668.01964089326,9.76283253437079
"SLC25A5","SLC25A5",1.02574848656869,3.46085611341777e-21,1.68508582040779e-22,7357.31091041497,9.75918216803306
"TXN2","TXN2",0.83896285125385,3.59005075549255e-21,1.74897141917627e-22,2474.0644293428,9.7554073289873
"MRPL9","MRPL9",0.670726493575539,3.67013833427639e-21,1.78899062497584e-22,1593.3774572853,9.75311160787261
"AL121944.1","AL121944.1",1.50649988848672,3.74173904512943e-21,1.82593675635978e-22,42.491981211345,9.75103686068809
"URM1","URM1",0.522459703264911,3.78516995393135e-21,1.84816489731285e-22,2328.88256352096,9.74980854492667
"ELAC1","ELAC1",0.606777803068279,3.86881931464227e-21,1.89006501122445e-22,323.536267616388,9.74753241721393
"MLST8","MLST8",0.681950093402732,4.20489604493391e-21,2.05769797439182e-22,1219.86633063299,9.73889990887016
"OXA1L","OXA1L",0.76940247856728,4.57450132061142e-21,2.24231683083606e-22,4053.38500989559,9.73016375843719
"MAPKAPK5-AS1","MAPKAPK5-AS1",0.661961542961021,4.84099850379965e-21,2.37765898400995e-22,525.936273125857,9.72420046711217
"AL359762.1","AL359762.1",1.39277973857467,4.95405886684414e-21,2.43648896426663e-22,77.7047448508623,9.72171244540427
"EMD","EMD",0.725181326227975,5.22168156295371e-21,2.57096373574212e-22,1927.57168879247,9.71624158191776
"SLC25A14","SLC25A14",0.618268597581519,5.27836430563879e-21,2.60084039540438e-22,189.52465171268,9.7150646052603
"DUSP23","DUSP23",1.13306885811622,5.41233954630305e-21,2.67075199339417e-22,1979.28064821449,9.71236194852548
"EMC7","EMC7",0.581624490663581,5.43708430963123e-21,2.68444803068489e-22,3085.25225110289,9.71184069522001
"RPS4X","RPS4X",1.29906140789335,5.48620190265965e-21,2.71169683376904e-22,39419.6733153215,9.71081142327883
"ARPC1B","ARPC1B",1.17632378912943,5.54163660219266e-21,2.74212516368505e-22,20107.4578276043,9.70967407952417
"AC084033.3","AC084033.3",1.10772790981149,6.28447344837902e-21,3.11484872137477e-22,189.689180118334,9.69667475468013
"AL133342.1","AL133342.1",1.78528702313825,6.55360579535888e-21,3.25361395944345e-22,15.7622076050393,9.69222518982659
"SNX24","SNX24",1.01180178687338,7.06417671961737e-21,3.5148134666038e-22,778.215223310597,9.68433706323029
"ZFAND2A","ZFAND2A",1.02879741037133,7.16436662284957e-21,3.56857847303335e-22,564.810165166358,9.68278557790847
"B9D2","B9D2",0.863661328573829,7.24911131294415e-21,3.61277057701307e-22,353.439560387191,9.6815275601998
"MCRIP1","MCRIP1",0.869360143845178,7.50868611603581e-21,3.74623919994573e-22,3687.77061215342,9.67781853991388
"FAM200B","FAM200B",0.98275907941517,7.56045369597106e-21,3.77619862734914e-22,663.443655756751,9.67700396991196
"XCL2","XCL2",2.84314467922708,8.19514501619339e-21,4.10216281036812e-22,39.7926374819986,9.66853291747003
"CENPS","CENPS",0.84296494606386,8.4291502477162e-21,4.2262058265415e-22,299.352345037429,9.6654832440571
"FP236383.2","FP236383.2",2.07029310019742,9.12221134547033e-21,4.57867762551682e-22,478553.472212798,9.65727803796905
"FP236383.3","FP236383.3",2.07029842985799,9.13245620720368e-21,4.58631506566856e-22,478553.094026959,9.65710725017006
"FP671120.3","FP671120.3",2.07026470599466,9.15479662154177e-21,4.60003578977986e-22,478559.135352284,9.65680113427888
"PTS","PTS",1.0463193113763,9.61000340279311e-21,4.83926781369647e-22,435.311788663223,9.65160422473401
"AC020915.3","AC020915.3",0.811061922679107,9.68719558271654e-21,4.88078599265808e-22,141.216146847678,9.65072827560909
"YIPF1","YIPF1",0.76582518184814,9.77984102048396e-21,4.93013652908355e-22,1017.62433496984,9.64969662092227
"AC115223.1","AC115223.1",1.54235075938655,1.01522106881405e-20,5.12340040465463e-22,33.0881991241162,9.64575255955102
"YDJC","YDJC",0.928246237472608,1.13657058284478e-20,5.74822303572691e-22,482.762180457217,9.63393991583959
"IGBP1","IGBP1",0.913925981407819,1.18102118447043e-20,5.98271339656323e-22,2385.16430396867,9.6298321328727
"SLC35B1","SLC35B1",0.88948065636242,1.20387356101745e-20,6.10834504442581e-22,1968.4255252577,9.62769640662182
"RMRP","RMRP",2.36215627502201,1.24194740348866e-20,6.31170843599254e-22,287.742861704273,9.6243297028119
"LINC00467","LINC00467",0.990201678949264,1.27378387388094e-20,6.48046551317335e-22,202.734089777155,9.62161642676228
"MRPS17","MRPS17",0.814713545169319,1.35754327568722e-20,6.91401586349622e-22,454.86948139913,9.61495413276777
"ZNF433-AS1","ZNF433-AS1",1.03268031562542,1.36761525708107e-20,6.96904957637149e-22,112.831643574066,9.61413817151967
"MPV17L2","MPV17L2",0.759701194952855,1.43184979704513e-20,7.30419839635854e-22,428.375313930463,9.6093026472209
"CYTOR","CYTOR",1.36615989893339,1.58212160923411e-20,8.10102979782157e-22,903.061098060813,9.59863476779919
"C1orf131","C1orf131",0.655564457309191,1.70466913553054e-20,8.74714783607846e-22,439.496101189862,9.59072113900907
"MBD2","MBD2",0.658936056881387,1.71026864236758e-20,8.78055350968245e-22,4324.01685378776,9.59032787549143
"MT-TC","MT-TC",1.73905244220904,1.72896769169549e-20,8.88127888846012e-22,2003.85206038141,9.58915099993817
"CCDC153","CCDC153",1.06674040410185,1.735720464197e-20,8.92070874383061e-22,53.8137426202951,9.58869389457259
"H3F3A","H3F3A",0.813712999836715,1.80236068342159e-20,9.27797898184727e-22,23262.3087366999,9.58464094198828
"ALYREF","ALYREF",0.672497657528682,1.80817115954329e-20,9.32271094308091e-22,2139.24889653913,9.58414440728063
"C10orf143","C10orf143",0.944315213514206,1.81046886057428e-20,9.33950438198921e-22,152.178383920641,9.58395860476623
"AKR1A1","AKR1A1",0.9803705823738,1.82501219605185e-20,9.42450080750294e-22,4961.05128258593,9.58302324649116
"RPL13AP25","RPL13AP25",1.42310029377083,1.95407310975177e-20,1.01230159733582e-21,24.1856727746784,9.57563819079118
"TMEM191C","TMEM191C",1.20079098228911,1.96160511076904e-20,1.01673949974832e-21,39.9217164910441,9.57518618272957
"MCEE","MCEE",0.967911749654434,1.98047246386136e-20,1.02814221190103e-21,360.607833252447,9.57403368868632
"AC114728.1","AC114728.1",1.70982608004458,2.01853578065332e-20,1.0484539247034e-21,15.0410138505076,9.57201172625002
"PPP4C","PPP4C",0.648496311322216,2.08827505440875e-20,1.08581858207597e-21,3978.41683225826,9.56839141768725
"RPS26","RPS26",1.75316016100516,2.09770088469039e-20,1.09129279063649e-21,8917.08788874065,9.56787139332286
"AL451165.2","AL451165.2",1.45901892550609,2.18236318756811e-20,1.13593318733224e-21,66.039353725559,9.56372464442338
"WBP1","WBP1",0.788635035812361,2.19025675867526e-20,1.14064028580974e-21,1995.0257028679,9.56329682574268
"AC008764.4","AC008764.4",0.889256666401496,2.19462551243029e-20,1.14351508298166e-21,408.490330782901,9.56303639957991
"PSME2","PSME2",1.55057456673956,2.37211377855061e-20,1.23794019427625e-21,3442.66606176949,9.55482411353644
"OAZ3","OAZ3",1.04289358865246,2.41535222494262e-20,1.26182503732077e-21,63.9552175847383,9.55284507435047
"DCTN3","DCTN3",0.830053270397865,2.52140210124156e-20,1.31948538598029e-21,2446.05992104405,9.54821621082586
"PEX16","PEX16",0.597339221148005,2.56312125888837e-20,1.34322428879147e-21,929.671922483219,9.54636839940099
"NDUFB5","NDUFB5",0.920362768176961,2.57151749718317e-20,1.34902964414101e-21,2769.7912544423,9.54592143402114
"ZDHHC16","ZDHHC16",0.747778226590175,2.73229313283456e-20,1.43635945997806e-21,877.27179462747,9.53941812647219
"MRPL45P2","MRPL45P2",1.27478787795467,2.83042057886169e-20,1.49026488578007e-21,59.0953258338894,9.53559639658504
"SWI5","SWI5",0.980309227724487,2.84889993540659e-20,1.50077299255824e-21,414.028008107781,9.5348673568824
"TIMM23","TIMM23",0.671023414636008,2.8547254334666e-20,1.5046218096552e-21,1759.84200012104,9.53460159359268
"MRPS25","MRPS25",0.741943348051693,2.8846467784014e-20,1.5211804372564e-21,1010.08643485304,9.53346582880897
"SDHAF3","SDHAF3",0.864964086036696,2.88866616618114e-20,1.52408928301205e-21,419.904370913809,9.53326757338581
"RNF113A","RNF113A",0.580770104762645,3.33314836986144e-20,1.76315616384375e-21,605.462577154766,9.51813451282791
"NSA2","NSA2",1.02198365591581,3.38040836962512e-20,1.78907921308338e-21,3740.83732285609,9.51661733705638
"ZBED5-AS1","ZBED5-AS1",0.92524053281861,3.60200981043704e-20,1.91226674545183e-21,208.123378577813,9.50969265307948
"B4GALT7","B4GALT7",0.585368459899604,3.69621542863915e-20,1.96328937765363e-21,1004.38676782135,9.50695295692216
"SEC11A","SEC11A",0.769775383707558,3.73444216977173e-20,1.98461433924589e-21,6442.31180205585,9.50582871233076
"SLC39A4","SLC39A4",1.09358406078095,3.86362036508167e-20,2.05748684159244e-21,245.750376691676,9.50207511628249
"HAUS8","HAUS8",0.700041068032432,3.92164464640011e-20,2.08945792521113e-21,237.172335708391,9.50046964858893
"RNU4-2","RNU4-2",2.51874204969414,4.39239417069371e-20,2.34987507478846e-21,18.8244338755749,9.48823125339012
"NDUFA7","NDUFA7",1.34249060705143,4.56582536009114e-20,2.44889619439299e-21,713.890950684642,9.48392694192195
"TMEM107","TMEM107",0.762260668480108,5.05813864310207e-20,2.73229872330195e-21,422.594565872796,9.472498041983
"AC106782.2","AC106782.2",1.12804982179252,5.17888932049059e-20,2.79894070218596e-21,50.576546878759,9.46998119819714
"RPL7","RPL7",1.15562773595278,5.41173259309229e-20,2.92716142743932e-21,43185.6907546649,9.46530122783593
"TAF1D","TAF1D",0.800323353144846,5.56246509495032e-20,3.01080449003978e-21,1061.96070191029,9.46235637547963
"BLOC1S4","BLOC1S4",0.576072885074793,5.72413087254819e-20,3.10143761312141e-21,584.662391203165,9.45925541231177
"GPX4","GPX4",1.3220631364567,5.95021192255106e-20,3.22718398488042e-21,13054.8740222945,9.45509836505187
"FAM173A","FAM173A",1.03857013163184,6.31823638144494e-20,3.43024008577586e-21,793.677841195934,9.448712451689
"TCTEX1D2","TCTEX1D2",1.06505624896405,6.4233929480873e-20,3.49084089011876e-21,137.971058320895,9.44687896022346
"AC138207.8","AC138207.8",0.890446557901424,6.58011032712068e-20,3.57780801414524e-21,58.5659887961859,9.44430202694754
"LINC00324","LINC00324",0.956712606436016,6.7821840896432e-20,3.69138793589149e-21,219.989314267624,9.44102828260779
"ING2","ING2",0.824027555786835,6.78803848225645e-20,3.69642905410997e-21,342.688509315544,9.44088530041458
"AC026369.3","AC026369.3",2.94891058571188,6.97912263844887e-20,3.80814790511815e-21,38.5590220752744,9.43776513996892
"B2M","B2M",1.2455583903605,6.97912263844887e-20,3.81001858838243e-21,278612.260954632,9.43771366858781
"RPAIN","RPAIN",0.867645665323895,7.0754823912418e-20,3.86648946213929e-21,558.212175757414,9.43617154020322
"TXNL1","TXNL1",0.544318927243119,7.08521877465919e-20,3.87374594062489e-21,2365.45316410274,9.43597499478396
"FTH1P3","FTH1P3",1.69138464811373,7.1205788256363e-20,3.89502412878053e-21,5.03160046274292,9.43540075684862
"C16orf91","C16orf91",0.802374491508563,7.39147707570159e-20,4.0472472088598e-21,359.726419674141,9.43138098992337
"EEF2KMT","EEF2KMT",0.62145051609313,7.71736717606349e-20,4.22779889833255e-21,398.922806625072,9.426802674496
"FLAD1","FLAD1",0.654569108505034,7.74121816764264e-20,4.24298031210993e-21,791.320732926481,9.42642657162892
"IFT43","IFT43",0.800220486376384,7.80535410333938e-20,4.28239871021216e-21,488.854015516954,9.42545620455927
"OTOA","OTOA",2.23267381106559,8.56277347909237e-20,4.70731447305496e-21,40.576521041727,9.41552334454529
"METTL5","METTL5",0.919072217131573,8.661279375122e-20,4.76620035014501e-21,1048.811025172,9.41421731569428
"FIS1","FIS1",0.942245169961894,8.67107842329221e-20,4.77396186314757e-21,4426.92750508375,9.41404636485683
"AC004057.1","AC004057.1",1.7224794969338,8.88104790966251e-20,4.89198955869822e-21,3211.29106917542,9.41148008979905
"ERGIC3","ERGIC3",0.768404489975285,8.97065847726195e-20,4.94380123736642e-21,8038.31775377154,9.41037283483512
"TNIP2","TNIP2",0.574872642046206,9.0698931656018e-20,5.00096844399695e-21,1967.78115872858,9.40916436849936
"AL512353.1","AL512353.1",1.41051497882224,9.99539761822834e-20,5.51946735879108e-21,16.6566107767414,9.3987889570214
"AC010132.3","AC010132.3",0.791198279855284,1.03339114305666e-19,5.7092185340052e-21,474.280319068885,9.39523140686051
"UBE2S","UBE2S",1.18330645955858,1.0622300796714e-19,5.87435088733276e-21,925.218034388772,9.39222933084658
"TMEM230","TMEM230",0.76449078863458,1.10677289235065e-19,6.12672991038666e-21,5733.81770430989,9.38779867941073
"NANS","NANS",0.789014024680987,1.14610197320066e-19,6.35070576149877e-21,2422.61844259542,9.384015307176
"NDUFS8","NDUFS8",1.03824998741666,1.1831786428591e-19,6.56585104414554e-21,1872.42217394955,9.38050336802752
"PSMB8","PSMB8",1.00280801797857,1.18930787809845e-19,6.60636333280729e-21,4955.09072643701,9.37985481523887
"SPG21","SPG21",0.73263595230142,1.20856146611915e-19,6.71769933349377e-21,3690.28855881355,9.37809251604119
"EXOSC8","EXOSC8",0.612511799190174,1.21271088930733e-19,6.74961633246546e-21,611.874493945142,9.37759263846223
"C12orf45","C12orf45",1.0019014931802,1.21597841426009e-19,6.77112491669735e-21,712.718316600341,9.37725709216378
"JPT1","JPT1",1.21273858122958,1.24085964514464e-19,6.91675389764267e-21,1656.9928208247,9.37501255256821
"LINC01578","LINC01578",0.862344469773387,1.24085964514464e-19,6.91984626831393e-21,1668.77384053617,9.37496539913487
"MT-CO2","MT-CO2",1.45112630572922,1.29630583262969e-19,7.23967628048604e-21,232297.479368526,9.37019774468991
"DPCD","DPCD",0.877764552696959,1.30637520749772e-19,7.29948167800442e-21,458.201565724361,9.36932940101606
"TM2D1","TM2D1",0.691820142666845,1.35745205488624e-19,7.59229584511087e-21,886.647450610426,9.36517696016203
"FLYWCH2","FLYWCH2",0.769466856748554,1.36959935804185e-19,7.66397848375559e-21,865.529457768323,9.36418455885955
"MYDGF","MYDGF",1.00457822321583,1.41340584923672e-19,7.91683376850535e-21,6132.2264343605,9.36075578359048
"IFI27L1","IFI27L1",1.03108275081185,1.41870527683065e-19,7.9630341611123e-21,317.343897067524,9.3601410163441
"SRM","SRM",0.814567229421861,1.42586864777027e-19,8.01001650267953e-21,2817.27518658797,9.35951945096208
"C7orf50","C7orf50",0.877092601601542,1.44272085688252e-19,8.10862811171708e-21,2450.99285206637,9.35822648473984
"EVA1B","EVA1B",1.1518846506818,1.46405706970655e-19,8.23654609832453e-21,2220.61770591166,9.35657223882106
"ZGLP1","ZGLP1",1.98021746670079,1.59948809132383e-19,9.00719953063857e-21,43.0152229462311,9.34711382259018
"RNU2-2P","RNU2-2P",2.92022240570207,1.64290560139779e-19,9.2606744875096e-21,23.1953343556062,9.34417713258283
"PIH1D1","PIH1D1",0.564766647113334,1.64992792276285e-19,9.30476579300671e-21,1674.57261634607,9.34367443141768
"EEF1B2P6","EEF1B2P6",1.56468157684696,1.66259965638394e-19,9.39439899833875e-21,19.5421316686016,9.34265971213077
"ZNF321P","ZNF321P",1.10707782205164,1.73589264651254e-19,9.81327873885748e-21,59.2042347532078,9.33804114425655
"MPHOSPH6","MPHOSPH6",0.863943487976886,1.92226873041823e-19,1.08879015223285e-20,500.523446509424,9.32703003453168
"THAP1","THAP1",0.529777716652768,1.94209432413636e-19,1.10055018668784e-20,401.958727586386,9.32589095059364
"TREX1","TREX1",0.883288805801246,1.97099364174545e-19,1.11746545168497e-20,735.963802317067,9.32427346043868
"OTOAP1","OTOAP1",2.48218422884189,2.14378029734404e-19,1.21835651752113e-20,63.766263164862,9.31510179661131
"COX5A","COX5A",1.23365190360274,2.20055931159043e-19,1.25122651641293e-20,2898.9093448561,9.31227535441521
"CREB3","CREB3",0.578087995648826,2.3647034890015e-19,1.34843470628873e-20,1866.17005290609,9.30432708036165
"KLRB1","KLRB1",2.29115978019971,2.39356649741197e-19,1.36554737741364e-20,328.79601816283,9.30298674713008
"APOPT1","APOPT1",1.0325295979704,2.55758724892102e-19,1.46121886868326e-20,910.58418971109,9.29578646065698
"HAUS4","HAUS4",0.736635430823548,2.79942262824535e-19,1.60474020439322e-20,1315.46425226763,9.28581517349989
"FTH1P12","FTH1P12",1.93960878029178,2.85630717843722e-19,1.63890955346271e-20,15.3433631516258,9.28357138600346
"DTNBP1","DTNBP1",0.530252943833641,3.24520771000424e-19,1.86737545759964e-20,829.351891829942,9.26966153427157
"RTCA","RTCA",0.727186777938402,3.26171633349517e-19,1.8786573488368e-20,972.806620283515,9.26901902783872
"C19orf48","C19orf48",0.967829071426223,3.32929097417984e-19,1.92212678719145e-20,636.145749503366,9.26657859852524
"CATSPER1","CATSPER1",2.03993344627824,3.52723366270172e-19,2.04026166396337e-20,75.1680023657974,9.26021228347639
"DDX49","DDX49",0.604060429988879,3.72644469337934e-19,2.15956424892964e-20,1305.76330165836,9.25414269964387
"BLVRB","BLVRB",1.07102674096468,3.78019485119405e-19,2.1917466253815e-20,3577.61772457622,9.25256216167615
"MIR762HG","MIR762HG",0.952695624607013,3.86998389171921e-19,2.24592086833291e-20,42.1134140596112,9.24995267641571
"IFT22","IFT22",0.916262099330062,3.95050709449168e-19,2.29373140681298e-20,720.493154299317,9.24770090718986
"ABHD11","ABHD11",0.801847319764081,3.98438987755196e-19,2.31449298605849e-20,404.775853559353,9.24673749906686
"CRIP1","CRIP1",1.6141534346524,4.23465297353786e-19,2.46333948486628e-20,22350.9128459876,9.2400709035655
"UBXN1","UBXN1",0.727080760658781,4.2586262233255e-19,2.4784485520597e-20,4342.2117450957,9.23941660052526
"ZCCHC10","ZCCHC10",0.57516399934585,4.29590707962612e-19,2.50131915808718e-20,586.014420013127,9.23843364625357
"BSCL2","BSCL2",1.05746506950421,4.32783661615139e-19,2.52109283467711e-20,1422.54481524689,9.23759093077918
"ARPC4","ARPC4",0.655929802477,4.38116724353893e-19,2.55335657544428e-20,8641.25536284414,9.23622984362637
"SDHB","SDHB",0.949471521334126,4.41136149943484e-19,2.57215919555014e-20,2272.37068791207,9.23544445179456
"FTH1P5","FTH1P5",2.07260911702152,4.46453229814372e-19,2.6043816652195e-20,5.17945389256757,9.23411161454507
"SAAL1","SAAL1",0.553873635157823,4.49768489497672e-19,2.62617902690381e-20,298.57863929598,9.23321921014945
"SNHG15","SNHG15",1.15784805637602,4.95010350554088e-19,2.895754420985e-20,434.919860117397,9.22275035269099
"SCO2","SCO2",0.833857459349755,5.33778020459422e-19,3.12837469298467e-20,892.290197120909,9.21446395332579
"TNFRSF14","TNFRSF14",1.26244257838037,5.4259943268782e-19,3.18155791838045e-20,2558.41935901995,9.21265515822189
"TMEM53","TMEM53",0.701968369862152,5.43969422265977e-19,3.19107721414534e-20,344.083148015737,9.21233455764549
"PSMB10","PSMB10",1.26412185096824,5.50774491790688e-19,3.23400743970652e-20,3724.04468164723,9.21090035859586
"ARRDC1","ARRDC1",0.662804664804658,5.54751131287776e-19,3.25887300819345e-20,1057.03532137332,9.21007824133491
"PTRH1","PTRH1",0.834365690024416,5.86109722227154e-19,3.45109552555949e-20,567.164165223898,9.20392457273304
"C9orf116","C9orf116",1.28674318970189,5.88394419989521e-19,3.46615582255638e-20,58.6019118465978,9.20345685390292
"RPL22P1","RPL22P1",1.39140021687959,5.89201109962181e-19,3.47251781247691e-20,800.710933787818,9.20325987661248
"ATPAF2","ATPAF2",0.706030423554222,5.97196381893061e-19,3.52290223368704e-20,550.513748964809,9.20171237984461
"DCTN6","DCTN6",0.690484247623707,6.0380457241024e-19,3.5651839694487e-20,1497.40825182582,9.20043053928625
"RPS3A","RPS3A",1.10138093358044,6.91147543939065e-19,4.09789931513913e-20,48610.2244239445,9.18545532577537
"ARL16","ARL16",0.836541048807999,7.09760051518033e-19,4.21601232820625e-20,637.520504714157,9.18239675521666
"RAB4B","RAB4B",0.781704509749769,7.25216110125641e-19,4.30980365453501e-20,1110.55633063942,9.18002774652347
"HUS1","HUS1",0.643526169214389,7.57805561747573e-19,4.50761689643014e-20,396.788820305317,9.17519409145978
"ATP5MC1","ATP5MC1",1.1088074382713,7.66050544322576e-19,4.56084629656246e-20,1545.49194823063,9.17392920099906
"TGIF1","TGIF1",0.654662729750319,7.66433542574468e-19,4.56682041705329e-20,1180.79417899828,9.17378814977867
"KATNBL1","KATNBL1",0.588692871048069,7.76974832482527e-19,4.63682100074347e-20,675.345221145648,9.17214886606344
"EXOSC5","EXOSC5",0.819418846074586,8.02934490417985e-19,4.80238148453501e-20,559.810827456758,9.16836709557351
"PXN-AS1","PXN-AS1",0.983337313691843,8.05632505815045e-19,4.82292090013597e-20,80.992836016618,9.16790694305624
"RFC2","RFC2",0.608254489752115,8.56885402697411e-19,5.14379417395615e-20,867.356938319225,9.16095941040313
"NABP2","NABP2",0.68111904266124,8.76299252012113e-19,5.26512214862329e-20,1325.60338244931,9.15844351072296
"ETV2","ETV2",1.35776246055974,9.2260237805489e-19,5.55341140155447e-20,30.9011345268216,9.15268814648493
"CCDC7","CCDC7",1.11187486021257,9.27607851887181e-19,5.58607531779378e-20,64.2740631185162,9.15205476935295
"PSMB8-AS1","PSMB8-AS1",1.23497585097088,9.35357693328281e-19,5.6378564208918e-20,795.661573719605,9.15105815938768
"RWDD1","RWDD1",0.968911271206274,9.6154134601316e-19,5.80355975120377e-20,2632.10139052826,9.14792867068102
"RAN","RAN",0.62185854662043,9.62629315037087e-19,5.81275659507627e-20,7880.49885937925,9.14775757517085
"PTPN2","PTPN2",1.10583417319499,1.01463872588507e-18,6.13512801001026e-20,1665.67672276408,9.14192341404436
"MRPS14","MRPS14",0.598894423448202,1.01463872588507e-18,6.13471097217145e-20,1092.49479211131,9.14193076390903
"ITGAE","ITGAE",0.955118383436283,1.02919274264968e-18,6.22594260014313e-20,526.661887512485,9.14033454846191
"YBEY","YBEY",1.00201783818905,1.03419334857239e-18,6.26184447781747e-20,412.768512027438,9.13971272943353
"NAXE","NAXE",0.848425291252677,1.03972262039081e-18,6.29816401925305e-20,1694.90341909493,9.13908725187662
"PLEKHO1","PLEKHO1",1.38936063503122,1.05527389855745e-18,6.3952498893424e-20,4607.7389844407,9.13743262870097
"NDUFA8","NDUFA8",0.851474606203014,1.24304733116896e-18,7.57396526819527e-20,1448.0349907628,9.11911589774067
"ZNF271P","ZNF271P",0.610633476243524,1.31197748492691e-18,8.01188469305624e-20,1125.5705733862,9.11302160858191
"TXNDC9","TXNDC9",0.632799517949073,1.33207990284063e-18,8.13828427758037e-20,1018.44513982228,9.11132374072744
"ANKRD49","ANKRD49",0.649574234273209,1.34024574168785e-18,8.19549706248097e-20,436.746020818583,9.11056377884229
"CACYBP","CACYBP",0.532453132419278,1.35407460185719e-18,8.28375921079331e-20,2284.09355983652,9.10940160928545
"MRPS16","MRPS16",0.612040569385296,1.3568913842792e-18,8.30469876440722e-20,2156.47143162017,9.10912768941248
"PPA2","PPA2",0.666716826074919,1.3647544683199e-18,8.35655281156558e-20,1263.28653920205,9.10845229033617
"ITGB3BP","ITGB3BP",1.00323940572812,1.57054264901468e-18,9.6380742361457e-20,355.175143285681,9.09295771237493
"RPL7AP66","RPL7AP66",1.34440237272052,1.58228916936117e-18,9.71448335625167e-20,18.3058659480467,9.09209938803645
"CD52","CD52",2.30078674062893,1.58450362530064e-18,9.7324083982509e-20,1626.9402328026,9.09189899752392
"TRAPPC6A","TRAPPC6A",0.869122569257977,1.6428714054455e-18,1.01043840915266e-19,775.955419425653,9.08782086877393
"FAM207A","FAM207A",0.850824677511703,1.69280482945046e-18,1.04161219594045e-19,646.152142566581,9.08451584799865
"DNTTIP1","DNTTIP1",0.595441806187082,1.70115772764597e-18,1.04768149897921e-19,1084.35674730647,9.08388376838128
"AC245100.8","AC245100.8",1.08530742842866,1.75603642936661e-18,1.0829187193859e-19,112.458486105729,9.08028404304006
"MRPL41","MRPL41",1.11696839355369,1.8216543146908e-18,1.12388192097375e-19,2293.38633152211,9.07624210802446
"GTF2F2","GTF2F2",0.763291128791449,1.8497117357421e-18,1.14169753573633e-19,850.277114784558,9.074529438268
"AC107983.1","AC107983.1",2.06154167559033,1.86109386150395e-18,1.14923143446513e-19,24.8047972005008,9.0738131139896
"ANAPC13","ANAPC13",0.674863803710885,1.86146304206335e-18,1.14996801500184e-19,1794.83835314795,9.07374332901268
"PPP1R35","PPP1R35",0.836091461734783,1.93390365634752e-18,1.1957769267779e-19,407.649162684503,9.06948789479691
"VTI1B","VTI1B",0.647281753378313,1.95683751755868e-18,1.2104921281327e-19,4831.41673127437,9.06815505598355
"MT-TP","MT-TP",1.56663002868272,1.98697328905316e-18,1.22967690366005e-19,3523.46827155497,9.06644122797978
"CLEC4A","CLEC4A",1.59463401460563,1.9872747147976e-18,1.23040643288925e-19,444.68019122429,9.06637657984765
"LINC02482","LINC02482",1.50261891135064,2.17185727643522e-18,1.34706303929286e-19,32.1763933602414,9.05649768288223
"MRPL15","MRPL15",0.843462101644785,2.26644748311419e-18,1.40758904044333e-19,1345.21372386544,9.05170051728908
"NIFK","NIFK",0.621717064623715,2.29159778471384e-18,1.42383490325945e-19,1095.98708310154,9.0504475953688
"GAPLINC","GAPLINC",1.25929644895236,2.32695079631319e-18,1.44707232777093e-19,72.8436549951253,9.04867980613786
"LIN37","LIN37",0.723453484614125,2.34314217637776e-18,1.45778156113887e-19,311.730718517504,9.04787452310885
"NME3","NME3",0.695125864878103,2.39175443343618e-18,1.48998609476611e-19,1430.70485964432,9.04548765522303
"SLC27A5","SLC27A5",1.00686873057649,2.39233025980144e-18,1.49099847608052e-19,152.851709772552,9.04541345085679
"FTH1P16","FTH1P16",1.65639289927663,2.39881298988864e-18,1.49569421102376e-19,8.6843379080245,9.04506991803087
"COPS5","COPS5",0.624233354052426,2.53137210323407e-18,1.58042166613564e-19,1498.73602039415,9.03904799091935
"HIST1H1B","HIST1H1B",3.34835348915562,2.57866551133398e-18,1.61206226671006e-19,6.32203133008247,9.03688065340463
"OSGEP","OSGEP",0.575516455070454,2.68552109220775e-18,1.6803309656427e-19,834.108598250479,9.03234410150729
"MT1F","MT1F",1.88504688635802,2.77420915581464e-18,1.73961310762442e-19,671.217058465507,9.02855009798556
"HSBP1L1","HSBP1L1",1.1953905337717,2.85698354741596e-18,1.79229875812646e-19,213.303406691055,9.02528399467913
"AL590764.1","AL590764.1",1.77467669555798,2.96386009984824e-18,1.86177610578188e-19,29.5061557881805,9.02111906188981
"CCDC124","CCDC124",0.664954274000848,2.98556694183163e-18,1.87622721009119e-19,2837.1614661292,9.02027208567361
"AC010642.2","AC010642.2",0.905214664770095,3.00424090255347e-18,1.88878338664322e-19,216.259938867578,9.01954138818011
"RPL21P3","RPL21P3",1.64722373094607,3.08996183903327e-18,1.94352090315434e-19,12.5968853688628,9.01641105733158
"AC098613.1","AC098613.1",2.62938774182617,3.19730757335869e-18,2.01540713454971e-19,50.1034551836394,9.01242981376393
"MRPL16","MRPL16",0.57755072948101,3.36549427110335e-18,2.12234235298957e-19,1127.87064117488,9.00675981019253
"BAD","BAD",0.876923753708541,3.41068620268713e-18,2.15177312003185e-19,1943.4695414689,9.00524882111119
"DECR1","DECR1",0.713682718350794,3.51237572839994e-18,2.21784756641773e-19,2296.98924985925,9.00192960294295
"DNLZ","DNLZ",1.12369373857919,3.56590245076744e-18,2.25262069077689e-19,583.031172653477,9.00022182739123
"CNPY3","CNPY3",0.879872246284479,3.61317375726613e-18,2.28346973976244e-19,3631.62012321864,8.99872843635103
"DNAJC30","DNAJC30",0.640010201192832,3.65614302509569e-18,2.31362257059527e-19,709.247684081829,8.99728789074104
"MVB12A","MVB12A",0.642087090762766,4.01259982791278e-18,2.54138266102949e-19,1572.37303073385,8.98697073556551
"OCEL1","OCEL1",0.731713501491295,4.05750184935281e-18,2.57203865966243e-19,594.199566156189,8.98565236729028
"RP9","RP9",0.870991311030279,4.09616989021122e-18,2.59878862402537e-19,369.874144807074,8.98451460203117
"RPL4","RPL4",0.982447897444281,4.17918443354663e-18,2.65488232137378e-19,51370.727013965,8.9821658583738
"ADPRHL2","ADPRHL2",0.62982672128329,4.5962047065969e-18,2.92733494660438e-19,1192.88945966346,8.97141342461568
"ALG13","ALG13",0.554018102930559,4.61143947689135e-18,2.93829800270789e-19,769.387120466789,8.97100174592969
"MRPS7","MRPS7",0.783997847134925,4.70046988450456e-18,2.99759466390711e-19,1768.9566231404,8.96880104247142
"UCHL3","UCHL3",0.995915049973035,4.89872760215271e-18,3.12804350015872e-19,636.323883772131,8.96410728729961
"TCEAL8","TCEAL8",0.726470106567511,6.33858726568825e-18,4.07170104692289e-19,2088.91715199354,8.93500220151586
"AC100810.1","AC100810.1",1.06791360228432,6.3768603935444e-18,4.09977117025328e-19,581.397348561574,8.93424254056996
"C12orf76","C12orf76",0.789007874783894,6.49427400325621e-18,4.17880687386769e-19,473.691093352376,8.93213088543459
"SAP18","SAP18",0.6526583061107,6.51650770195994e-18,4.1948938894007e-19,5733.73795319075,8.93170591275908
"CBWD3","CBWD3",0.973895024605093,6.62528671074308e-18,4.26672881150344e-19,422.70409125445,8.92982767959057
"GNGT2","GNGT2",1.5300079303394,6.65005260402029e-18,4.28449521579274e-19,141.363293322275,8.92936796901967
"HTRA2","HTRA2",0.576945792816058,6.90037930318679e-18,4.44766107713807e-19,1055.99789986483,8.92523197323177
"FAAP24","FAAP24",0.844249270691363,6.96296996932712e-18,4.49180909248376e-19,171.773135123,8.92413864923489
"THAP7","THAP7",0.630928642999684,7.33462699601507e-18,4.74158514510551e-19,1034.569219343,8.91814612649901
"SPAG7","SPAG7",0.817321473349849,7.50966842534191e-18,4.86089906818082e-19,1728.0871787674,8.91539283581965
"AC083973.1","AC083973.1",1.84002050768843,7.55710060900741e-18,4.89366606829355e-19,8.7240319541818,8.9146483854321
"NDUFB10","NDUFB10",1.08443995771236,7.61126640566675e-18,4.93082123769389e-19,3038.83273141651,8.91381017238826
"TSR3","TSR3",0.765958598138373,8.06313142155844e-18,5.22575691465248e-19,2294.24885297764,8.9073696937657
"NMRK1","NMRK1",0.767142387655379,8.25896457195927e-18,5.35719060461524e-19,826.106418977056,8.90461446700605
"USF1","USF1",0.747049179743596,8.30249048790215e-18,5.38769226174693e-19,1875.70754246189,8.90398461508654
"RN7SL1","RN7SL1",1.83420021381287,9.07824625660005e-18,5.9035017598044e-19,3111.38272900442,8.89383559585189
"NAPA-AS1","NAPA-AS1",1.17655490224156,9.53542621945484e-18,6.2112232867511e-19,92.2518270971002,8.88819030439861
"RPL23AP65","RPL23AP65",1.89088841759375,9.64193141386055e-18,6.28586801646801e-19,5.7171375407274,8.88686257285789
"SNRNP25","SNRNP25",1.13103580236765,9.68340459761362e-18,6.31555145618834e-19,781.504759905531,8.88633890656674
"CALML4","CALML4",1.13216613605607,9.94687447979659e-18,6.50097646265566e-19,363.371230727446,8.88312171801483
"HIST1H3I","HIST1H3I",3.50289735886711,1.03851059197965e-17,6.79306636028108e-19,1.6986609133371,8.87823326913381
"AC018816.1","AC018816.1",1.43505493177343,1.08321108655083e-17,7.08841922535928e-19,28.1648517562738,8.87349693552322
"NTMT1","NTMT1",0.725577997643011,1.12050287971972e-17,7.33551435779239e-19,949.484490813469,8.86968189887649
"SHLD3","SHLD3",0.804090768045066,1.13184876046494e-17,7.41288417397869e-19,68.8003783797358,8.86851340750432
"FCER1G","FCER1G",1.92156594277668,1.17334375084513e-17,7.69426760848195e-19,7106.57470654998,8.86436302509526
"EEF1AKMT4","EEF1AKMT4",1.22229272030969,1.19408854561633e-17,7.84009064487019e-19,189.43124585067,8.86227075967172
"CRYBB1","CRYBB1",1.63146966872002,1.20061416544955e-17,7.88621671013069e-19,160.782238293245,8.86161694032753
"TMEM9B","TMEM9B",0.563774378927966,1.20906798373789e-17,7.94504904748664e-19,2713.76502733536,8.86078847414698
"NDUFS4","NDUFS4",1.05926254426269,1.25108492053027e-17,8.23864497555297e-19,1559.71994141046,8.8567426319592
"UBL7","UBL7",0.671903854328441,1.25108492053027e-17,8.24166163938489e-19,1418.52048109864,8.85670180487802
"SIRT6","SIRT6",0.540867707145658,1.26477679889613e-17,8.33531418600908e-19,731.379517099754,8.85544161281559
"AL162258.1","AL162258.1",1.08032076301599,1.27790394256024e-17,8.43230148715259e-19,67.3862640875739,8.8541512041197
"FBXO6","FBXO6",1.15818428453495,1.27899316975751e-17,8.44298340974926e-19,655.088210930622,8.85400997914307
"GGPS1","GGPS1",0.593578513097814,1.37516140216616e-17,9.10036043620439e-19,1456.64182686474,8.84564196507583
"RPL10P16","RPL10P16",1.19474880904816,1.40015412118984e-17,9.28105658079877e-19,28.3007792128561,8.84344636220155
"SIGIRR","SIGIRR",0.78008109420225,1.47896771496262e-17,9.81560310293777e-19,1298.50105268815,8.83719011320609
"TBC1D7","TBC1D7",0.694399884249012,1.49125956575807e-17,9.90125616763327e-19,322.507044342496,8.83621903625723
"LY6G5C","LY6G5C",0.908027265418087,1.65852192813709e-17,1.10344569387519e-18,67.5995549012183,8.82409900992219
"WDR45","WDR45",0.58954188976109,1.67956403772222e-17,1.11790431320291e-18,2296.36483264961,8.82264186853324
"SH3BGRL","SH3BGRL",0.702413989085537,1.74812405583357e-17,1.16401495233925e-18,9717.54323623168,8.81811613038125
"HMGN2","HMGN2",0.670858465322658,1.80764538917264e-17,1.20512985316026e-18,8571.62845341426,8.81422762357532
"ARHGDIB","ARHGDIB",1.18724229660828,1.94423304821086e-17,1.29831568344144e-18,12696.675243328,8.80587855044077
"GEMIN2","GEMIN2",0.618710072032335,1.97476415703432e-17,1.32032238374354e-18,256.900357645467,8.80399333185219
"SNAPC2","SNAPC2",0.590470095208469,1.99656733876886e-17,1.33544546170829e-18,1139.01705951777,8.80271570824215
"STOML2","STOML2",0.681382677007903,2.05482859826675e-17,1.37553760096001e-18,2773.75582202294,8.79939658875273
"MRPS22","MRPS22",0.555883587590917,2.06160972406835e-17,1.38064029992391e-18,1126.2566316745,8.79898102093199
"MRPL4","MRPL4",0.671949794587773,2.09805860184698e-17,1.40619627594487e-18,1530.55970930223,8.79692228123567
"NDUFS3","NDUFS3",0.797781075795612,2.14537992734227e-17,1.43849895945188e-18,1999.6905221253,8.79437227749004
"OSER1","OSER1",0.596560875265813,2.26262210189904e-17,1.52020212261804e-18,1208.47540920539,8.78816675360731
"MTHFS","MTHFS",1.01929059845982,2.30467406935462e-17,1.54908555168512e-18,560.970472606441,8.78605153730054
"AC147651.3","AC147651.3",1.67325644709257,2.34051715587641e-17,1.57445647087836e-18,109.924157077871,8.78422543861562
"MSRA","MSRA",0.661997907775469,2.48727836168939e-17,1.67386174617912e-18,671.525193685243,8.77734014510676
"CCNH","CCNH",0.544467068283557,2.54835763114632e-17,1.7156625052992e-18,838.023138834815,8.77456467502484
"AC016747.1","AC016747.1",0.740770574991256,2.64037972914638e-17,1.77905855681165e-18,315.566595721446,8.77048023927284
"CCDC24","CCDC24",0.720809129472667,2.74247301662297e-17,1.84934654089606e-18,97.7930791755553,8.76611650359181
"C4orf3","C4orf3",0.632152673843978,2.76151163687652e-17,1.86369401980519e-18,8874.05123561983,8.76524591429744
"OARD1","OARD1",0.610342179027176,2.87059791577977e-17,1.93809870485309e-18,769.40561929361,8.76083467901208
"SUMO3","SUMO3",0.583784566455794,2.913222160691e-17,1.96767266352309e-18,7434.64651202092,8.75912760722739
"ABHD17A","ABHD17A",0.621277474236294,3.15104746464921e-17,2.13175046380268e-18,4957.40122062662,8.75009402956125
"FP236383.1","FP236383.1",1.0427640669587,3.5499228737977e-17,2.41517745177636e-18,193.575292049515,8.73599636367218
"FP671120.1","FP671120.1",1.0427640669587,3.5499228737977e-17,2.41517745177636e-18,193.575292049515,8.73599636367218
"RPSAP58","RPSAP58",1.25543170377197,3.59979338778757e-17,2.45009025628537e-18,37.7616083436119,8.73437407891507
"HEBP1","HEBP1",0.666149086322443,3.6337274902991e-17,2.47517217227674e-18,2216.82619317521,8.73322263183215
"NUP50-DT","NUP50-DT",0.957824149637337,3.655412633316e-17,2.49194090552295e-18,131.055870026664,8.73245923000891
"FTH1P15","FTH1P15",1.8684099223241,3.9321867972819e-17,2.68706772862702e-18,13.4615231089888,8.72393104336474
"NDUFAF8","NDUFAF8",1.37196596910047,3.98944374168179e-17,2.72837445980205e-18,714.920519638824,8.7222043112513
"YBX1P1","YBX1P1",1.22261957096088,4.13780451666239e-17,2.83096874497189e-18,72.1374035568209,8.71802483320326
"SCARNA13","SCARNA13",2.19583482393378,4.21455363779397e-17,2.88462987039916e-18,9.0781452031824,8.71589798225943
"PDRG1","PDRG1",0.591898087009608,4.28350806257895e-17,2.93416615560136e-18,545.148907091956,8.71396901179426
"NINJ2","NINJ2",1.02113282190498,4.39450086394812e-17,3.01139598534984e-18,505.481906469094,8.71102486269827
"RAB30-AS1","RAB30-AS1",1.05913823605232,4.69602844252363e-17,3.219305271262e-18,177.3324364964,8.70345484180397
"ATP5MC3","ATP5MC3",0.872722241616978,4.90030838199105e-17,3.36336365899656e-18,4402.50838821669,8.69848766348558
"FTH1P20","FTH1P20",1.91206649482107,4.94505597052111e-17,3.39542764936734e-18,5.60395465548829,8.69741069553388
"AL445363.3","AL445363.3",0.89082219566833,5.112509458038e-17,3.51739086186499e-18,398.143730996621,8.69340393360376
"AC020898.1","AC020898.1",1.18360289953113,5.11688210510376e-17,3.52179732308434e-18,60.2836639353156,8.69326175205183
"SLC25A28","SLC25A28",0.699774916997596,5.12098127716364e-17,3.52601787438246e-18,986.731833596989,8.6931257337587
"C11orf74","C11orf74",1.01289819686384,5.33209110361989e-17,3.67720373385519e-18,337.718958921902,8.68835648173561
"SERTAD1","SERTAD1",0.856269499777515,5.66532902498179e-17,3.91475644257465e-18,1206.66203374668,8.68124042136634
"DCUN1D5","DCUN1D5",0.650507700768333,6.12658625025394e-17,4.23683428492383e-18,787.170395165981,8.67224483715746
"AC105446.1","AC105446.1",1.44845164200529,6.12668297018174e-17,4.23857517432175e-18,26.0535483707984,8.67219807269508
"AL590867.2","AL590867.2",1.81604043908749,6.16493676030442e-17,4.26832730177386e-18,7.75895240657073,8.67140177698971
"THOC6","THOC6",0.729971422978926,6.17035756754237e-17,4.273848037848e-18,868.011769514687,8.67125462110623
"C12orf57","C12orf57",1.22682351271992,6.35221142453685e-17,4.40327888304325e-18,4585.88375795734,8.66785735421909
"RPS10-NUDT3","RPS10-NUDT3",2.05673969730886,6.51575668970573e-17,4.52198748377075e-18,376.507733941975,8.6648270989092
"YIF1B","YIF1B",0.858160555665997,6.60084067412895e-17,4.58464356775753e-18,1877.0080329049,8.66325920268051
"NOSIP","NOSIP",0.657128426777599,6.95655040546983e-17,4.84120710476561e-18,1974.79283561012,8.65705227553084
"PPCDC","PPCDC",0.803157734182883,7.16080613070155e-17,4.98726599829456e-18,306.076319490679,8.65366224523508
"XCL1","XCL1",2.31997933867451,7.30293255635402e-17,5.09622933657427e-18,39.5936072698255,8.65119643807645
"AP003733.4","AP003733.4",1.1194374547284,7.36340864141751e-17,5.14044347627578e-18,25.6339205171578,8.65021069798585
"RPS3AP26","RPS3AP26",1.19575372874654,7.97252302471683e-17,5.57438356792545e-18,64.3116104234462,8.64095753492563
"CD58","CD58",0.898328213325699,8.26621778639618e-17,5.78199336953857e-18,928.968332808411,8.63677929441399
"C6orf226","C6orf226",1.00990314493711,8.28837508397343e-17,5.7997564387158e-18,272.011707566038,8.6364287103687
"NME1","NME1",1.06253652323084,8.48438715958644e-17,5.94155148775104e-18,1947.60745735345,8.63366756064429
"ILKAP","ILKAP",0.505450073085217,8.68192624817973e-17,6.08225877765317e-18,637.83796792443,8.63099115535669
"AC007969.1","AC007969.1",1.74574016225084,8.894980064351e-17,6.23880811639362e-18,7.95519869934462,8.62808431759911
"C9orf85","C9orf85",0.585209078951228,9.04206351121499e-17,6.35185258814004e-18,334.522785697226,8.62602971093766
"C2orf76","C2orf76",0.997906352100368,9.11718858893833e-17,6.40711742144577e-18,319.652819701859,8.62503836115033
"MT-RNR1","MT-RNR1",1.97327360615492,9.15048816760355e-17,6.43301895003796e-18,144620.784803077,8.62457663660633
"NARF","NARF",0.55952094003263,9.35140225109839e-17,6.58193180109551e-18,1557.37703097746,8.62195718222858
"MSRB2","MSRB2",1.05098686618267,9.68536768823438e-17,6.82228418816586e-18,996.766472281442,8.61785021774666
"AC099336.2","AC099336.2",1.9744858980089,9.70724194273416e-17,6.84034453682106e-18,2.82345916110787,8.61754740944064
"LINC02453","LINC02453",1.31936368235385,9.94660367893608e-17,7.01716732670646e-18,18.7053128039527,8.61462371843536
"RPL14P1","RPL14P1",1.61377602639856,1.01183789600428e-16,7.14111665722848e-18,17.6828520486458,8.6126173037053
"MPC1","MPC1",0.901815962370438,1.04962307634043e-16,7.41639191075262e-18,1652.27341574288,8.60828155802093
"HDDC2","HDDC2",0.954724965424228,1.05314119689696e-16,7.44412764384939e-18,1356.05118039774,8.60785354677173
"SERPINB1","SERPINB1",0.761283980717977,1.07527708857778e-16,7.60940916259037e-18,4762.01498386905,8.60533514700076
"FAM24B","FAM24B",1.19291806691565,1.08709129096638e-16,7.69598495831549e-18,29.8508486382368,8.60403745409425
"UBE2L6","UBE2L6",1.11873048134862,1.09954091916685e-16,7.78712550200957e-18,5095.42705131728,8.60268681633542
"AL390036.1","AL390036.1",1.93915764827634,1.13805121407405e-16,8.06297111422174e-18,37.5674523656584,8.59869206269811
"SNORA73B","SNORA73B",2.05526697122503,1.14571388866068e-16,8.12514720979017e-18,18.6309644356675,8.59781028074105
"TIPARP-AS1","TIPARP-AS1",1.41478541706243,1.14571388866068e-16,8.12727515079776e-18,25.5297081079476,8.59778022025995
"TEX264","TEX264",0.588256508474263,1.14571388866068e-16,8.12978214938057e-18,1920.07837591695,8.59774481496575
"C3orf14","C3orf14",1.08271873880541,1.22661615264759e-16,8.73066225210242e-18,446.100096962292,8.5895552406435
"FAM72A","FAM72A",1.0868084224745,1.24998467533025e-16,8.90723799355526e-18,95.4590454489145,8.58725424582675
"RPL18AP3","RPL18AP3",1.83199856989001,1.2923510665276e-16,9.21972904916406e-18,6.37401528433907,8.58329030789385
"ST3GAL6","ST3GAL6",0.91164601384253,1.32420961042819e-16,9.45062843913342e-18,366.450355666364,8.58044564030392
"C20orf27","C20orf27",0.71988873225461,1.35293866646506e-16,9.66675213204225e-18,1961.655296896,8.57784448650139
"AC012146.1","AC012146.1",1.39646104096841,1.56519324908271e-16,1.12132481737066e-17,66.6665496482141,8.56075323442369
"AC125807.1","AC125807.1",1.90148032182567,1.596495965042e-16,1.14505912954869e-17,2.34364231837986,8.55833832695746
"MTX1","MTX1",0.524679388610688,1.59903343361029e-16,1.1473159913278e-17,1647.22627406993,8.55811127451372
"AC006369.1","AC006369.1",2.08666811698071,1.68621318124679e-16,1.21263233778015e-17,9.65039108661365,8.55172421981727
"CDK2AP2","CDK2AP2",0.779571713945408,1.69991449794543e-16,1.22295004592757e-17,1967.82013444134,8.55074645250319
"NMRAL1","NMRAL1",0.64411941390708,1.79923213637491e-16,1.29636742632876e-17,899.87405242268,8.54401541130691
"RPS24P8","RPS24P8",1.82876352817508,1.99187694232668e-16,1.43734719655858e-17,4.42851226408501,8.53208392506998
"FBXO4","FBXO4",0.51094308082413,2.14431869076038e-16,1.54969341704997e-17,518.613031083875,8.52337550354632
"MED19","MED19",0.741771411961606,2.17951057559966e-16,1.57691303155494e-17,609.063300951238,8.52135944546291
"RPL5","RPL5",0.966884830216453,2.28754027773276e-16,1.65694944568691e-17,29927.0990861748,8.51562448369525
"AD000090.1","AD000090.1",1.98668977211939,2.39467848126033e-16,1.73717078820355e-17,475795.054881251,8.51014426439816
"C1QBP","C1QBP",0.697594732555052,2.40255384483944e-16,1.74354026391255e-17,2843.10332910221,8.5097199016178
"TEX101","TEX101",2.01826024546597,2.47457085135081e-16,1.79715547498304e-17,32.2633744255088,8.50620727840181
"AL031665.2","AL031665.2",1.67500151960701,2.6590313860822e-16,1.9354790055802e-17,5.62560463557604,8.49760170396716
"SNHG8","SNHG8",1.38607636073604,2.71019032151507e-16,1.97419803742157e-17,1194.9335773485,8.49530148303509
"BID","BID",1.01549898677435,2.93563018621837e-16,2.144031117725e-17,1559.61154682278,8.48571131973898
"PCED1B-AS1","PCED1B-AS1",1.81556672544311,3.15581215150319e-16,2.31087640810638e-17,529.754658323112,8.47699360663033
"TMEM14C","TMEM14C",0.706045853356043,3.17190030585799e-16,2.32352379026893e-17,3973.58621491755,8.47635832600665
"RPUSD3","RPUSD3",0.677716678897519,3.21317871185254e-16,2.35463955441092e-17,564.437338976685,8.47480978252334
"RAB8A","RAB8A",0.74651665851049,3.34581106975267e-16,2.45366182442585e-17,2817.19633222148,8.47001274759952
"AC083855.2","AC083855.2",1.12345242764107,3.55917751429721e-16,2.61791466118968e-17,79.6315342849993,8.46246181813172
"TIMMDC1","TIMMDC1",0.551327389663119,3.70111026811612e-16,2.72534554839557e-17,2179.11513905675,8.45777189386991
"AL391832.2","AL391832.2",1.32529497614233,3.75629901383692e-16,2.76803695191622e-17,14.8858365375969,8.45595864933833
"RPS2P46","RPS2P46",1.60310468233632,3.9738484147005e-16,2.93703652060572e-17,24.8569699440769,8.44904166450752
"BCDIN3D","BCDIN3D",0.541609735629302,4.18507323134784e-16,3.09886839994335e-17,282.971526029481,8.44277666460954
"SEC13","SEC13",0.552870991642684,4.21225030195565e-16,3.12014278220765e-17,3832.18791017564,8.44197718112778
"AL035446.1","AL035446.1",1.95707700666864,4.24616493778413e-16,3.1464245775214e-17,17.0060036976155,8.44099691359291
"AC120057.3","AC120057.3",1.07942209604531,4.33161860041912e-16,3.21092960543651e-17,18.2224573829462,8.43862481465703
"EVI2A","EVI2A",1.49460782046338,4.34915144521516e-16,3.22511462671492e-17,2170.983275914,8.43810948545598
"AP002784.2","AP002784.2",1.63154373297423,4.43045476231301e-16,3.28705939778708e-17,4.54852470267827,8.43588497993684
"FXYD5","FXYD5",0.971511484442327,4.43927557639082e-16,3.2955850545244e-17,5479.75673515585,8.43558205657726
"RN7SL2","RN7SL2",1.48482903114544,4.54310817058692e-16,3.37514989912999e-17,4934.71788230562,8.43279175758491
"RN7SK","RN7SK",2.12612802875735,4.58317759052508e-16,3.40617039980006e-17,728.953694616338,8.43172142936135
"AC073332.1","AC073332.1",1.31186440459507,4.62776307229959e-16,3.44183477220675e-17,57.1804829893732,8.43050268888407
"AC113935.1","AC113935.1",1.67286118115973,4.75830146366158e-16,3.54152113090908e-17,10.1669077635959,8.42716110602423
"AC008494.3","AC008494.3",1.0662868697976,5.32037567615424e-16,3.9671316757903e-17,21.9503163799882,8.41386621455365
"DEDD2","DEDD2",0.779046321322286,5.43843000270026e-16,4.05813064219634e-17,1622.48025857296,8.41120692729209
"USP30-AS1","USP30-AS1",2.42839519557399,5.47813216198306e-16,4.09074980155187e-17,92.4212807672569,8.4102679891408
"NUP37","NUP37",0.505038204402165,5.78700767089603e-16,4.32772479992416e-17,491.502559922746,8.40366054596554
"MGST3","MGST3",0.924922769533091,5.86607798831491e-16,4.38845911964978e-17,5552.1988953595,8.40202458961635
"AL627171.1","AL627171.1",1.5715455828909,6.13255679757222e-16,4.59451644551573e-17,19.6089907061474,8.39663596809426
"EEF1G","EEF1G",1.0105244025866,6.21190341714197e-16,4.65735757169255e-17,65541.8053935804,8.39503997724922
"MPDU1","MPDU1",0.725918349039199,6.25698651159473e-16,4.69628731586948e-17,1644.28324018802,8.39406189030919
"LINC01503","LINC01503",1.41949451320474,6.42253131625978e-16,4.82931396550368e-17,248.817077320248,8.3907790022279
"MT-ND3","MT-ND3",1.53361741179419,6.44065198649494e-16,4.8446992865435e-17,110676.727277378,8.39040508631185
"NAT1","NAT1",0.776150247171048,6.77620921314478e-16,5.10636493069573e-17,208.023578018642,8.38421899547461
"AC027097.1","AC027097.1",0.973896712263915,6.95240521235776e-16,5.24294062299719e-17,148.249021992815,8.38111328739041
"NMI","NMI",0.953736796121656,6.9800463099626e-16,5.26759963608752e-17,1594.36211243732,8.38056106131534
"SMIM19","SMIM19",0.971782378738845,7.04635039403109e-16,5.32148760597337e-17,1213.69821702797,8.37936308936675
"LINC02158","LINC02158",1.44470661563436,7.55566444917419e-16,5.7205787558845e-17,25.8845463644021,8.37084650109635
"SCARNA21","SCARNA21",2.5093046884821,7.60953435895933e-16,5.76729498547614e-17,3.41213287615968,8.36988815055035
"WSB2","WSB2",0.766271487076072,7.9011407429621e-16,6.00212814636949e-17,3369.64590929412,8.36518380987471
"SERPINB6","SERPINB6",0.569041031963708,7.9011407429621e-16,6.00373573217235e-17,4745.73534523364,8.36515223531818
"LINC01358","LINC01358",1.33551843743014,9.14248463258899e-16,6.96946149482863e-17,82.1382293380763,8.34754816042061
"MSANTD3","MSANTD3",0.854604492899088,9.23784165452281e-16,7.04467773922051e-17,731.036344879452,8.34627983932608
"POLR2E","POLR2E",0.616081713094917,9.50784644791376e-16,7.26356967905322e-17,6276.27859421377,8.34266340380964
"HSD17B10","HSD17B10",0.686349438092873,1.02065483353377e-15,7.81686794282674e-17,2274.60054296696,8.33398069099633
"RPS15P5","RPS15P5",1.74395576503443,1.07228436225613e-15,8.22107139673408e-17,4.75026165103862,8.32801267541018
"PAIP2","PAIP2",0.518957280356715,1.11612116271855e-15,8.56936109521881e-17,3957.09248402722,8.32309790007912
"ARRB2","ARRB2",1.31398802224508,1.11985470757717e-15,8.60108632202908e-17,6954.05143855725,8.32266005335738
"IL15","IL15",1.04654385768147,1.13324159714567e-15,8.71009757854248e-17,313.27553637864,8.32116761017536
"RPS3AP6","RPS3AP6",1.11887169031834,1.16358866546476e-15,8.94970379869204e-17,194.853336719887,8.31795094400671
"HELQ","HELQ",0.510025060270283,1.23245363639058e-15,9.49284625532128e-17,370.108549416439,8.31096307615491
"NOL12","NOL12",1.00987278794402,1.29839733882826e-15,1.00220565649057e-16,406.679308852431,8.30452381533057
"HIST1H4B","HIST1H4B",3.34217392220862,1.30527910280415e-15,1.00787418905558e-16,3.65385523220339,8.30385407426633
"FXYD2","FXYD2",1.86911265384101,1.31158798702492e-15,1.01310397533251e-16,111.157438283836,8.30323945749764
"NDUFAF2","NDUFAF2",0.994823977143394,1.43992524720443e-15,1.11420210936992e-16,631.279843590427,8.2919356465531
"TMEM160","TMEM160",1.21498025261848,1.44175744204147e-15,1.11601377996762e-16,936.639646132323,8.29174244541311
"MT1E","MT1E",1.69071362084456,1.5700462902097e-15,1.21660462827801e-16,2651.11832296429,8.28147344722087
"TMEM42","TMEM42",0.808249903924476,1.64018247655343e-15,1.27364097335033e-16,491.335063310458,8.27601674319688
"SERPINF2","SERPINF2",1.06637191375571,1.66858134639722e-15,1.29706110289901e-16,177.830669218819,8.27384559655413
"FAM21EP","FAM21EP",1.14276329821368,1.75367408757261e-15,1.36560319942674e-16,17.8327708051644,8.26770672296522
"THAP8","THAP8",0.86039249763687,1.75818090960645e-15,1.37007348676128e-16,198.742600976176,8.26731696986202
"DDIT3","DDIT3",1.107847732799,1.85339405865966e-15,1.44730736349335e-16,487.204972437788,8.26077412275043
"U2AF1L4","U2AF1L4",1.0688806460218,1.98775197501699e-15,1.55439934219477e-16,265.91314221609,8.25224991613193
"SMYD2","SMYD2",0.823261388914137,2.16435488961968e-15,1.70137135370798e-16,1013.72228919964,8.2414492235554
"LINC01943","LINC01943",1.92767488018658,2.20139115301916e-15,1.73108657023119e-16,36.8648983272895,8.23937770038088
"ZSCAN16-AS1","ZSCAN16-AS1",1.2250321310595,2.20430280407426e-15,1.73397846196066e-16,189.893117134236,8.23917797455814
"HNMT","HNMT",0.917175828257636,2.30221722476975e-15,1.81540449484563e-16,3055.8072050437,8.23368514622581
"FHIT","FHIT",1.00729208385491,2.3716307016e-15,1.87143623219782e-16,121.708470291118,8.23004468185536
"MRPS2","MRPS2",0.580695029223601,2.38557997015976e-15,1.88309531238327e-16,1028.25340216754,8.22930069365866
"HIST1H1D","HIST1H1D",2.95916005879482,2.40002654308685e-15,1.89581046915601e-16,10.0566249619263,8.22849447435896
"TXNDC12","TXNDC12",0.619523787478376,2.47225839576719e-15,1.95556929308069e-16,2810.02595403421,8.22477541947003
"C1orf52","C1orf52",0.507587888689232,2.55015874455309e-15,2.02067279412114e-16,555.964251146772,8.2208491631019
"FLJ46906","FLJ46906",1.47609542331378,2.68566316703024e-15,2.13097785104943e-16,21.8074094077031,8.21447314136298
"PRXL2C","PRXL2C",0.67359321069269,2.69947773500732e-15,2.14341438234139e-16,1250.24852112451,8.21377477892326
"ZEB2-AS1","ZEB2-AS1",1.38505970281201,2.70467281821374e-15,2.14827833616966e-16,37.0519787486105,8.21350273394838
"AC023043.1","AC023043.1",1.47217531218586,2.71553939371899e-15,2.15839342504673e-16,30.5527087777383,8.21293892766206
"MTCO2P12","MTCO2P12",1.8724525525554,3.13441219969168e-15,2.49817765143873e-16,11.4255374068205,8.19537275876332
"SNHG22","SNHG22",1.75028110251431,3.20959267679097e-15,2.55985164172596e-16,48.1341114632536,8.19243891082889
"PLB1","PLB1",1.45431377407529,3.22150919214206e-15,2.57023602859499e-16,575.495261230088,8.19195178609408
"RPL23AP74","RPL23AP74",1.85927006594849,3.2443269674068e-15,2.58932732364143e-16,5.30526858524692,8.19106126657698
"MED27","MED27",0.537134895959251,3.68033463526722e-15,2.95038165520206e-16,708.458872469428,8.17533777165506
"FAM27C","FAM27C",1.32981465345726,3.72001522163393e-15,2.98524131969148e-16,33.6119422646141,8.17392148338887
"RNY3","RNY3",2.79104894229255,3.92785509873607e-15,3.15524850140278e-16,4.08252272608431,8.16723998027159
"LIPT1","LIPT1",0.679542691233878,4.19262253540688e-15,3.37595524791499e-16,213.489888204505,8.15907659366941
"IFI27","IFI27",1.60827625698164,4.23075092002937e-15,3.40781270314669e-16,13300.8188311648,8.15794193205238
"LINC01150","LINC01150",1.45881003853707,4.30220240501291e-15,3.4677169034094e-16,64.0729691002719,8.15583636529438
"AMZ2P1","AMZ2P1",0.841633459139248,4.31947695755224e-15,3.48518141360468e-16,320.409808579068,8.1552292536673
"AL355338.1","AL355338.1",1.00524558503623,4.35490026856166e-15,3.51733249374799e-16,52.6802842627165,8.15411939882534
"TSTA3","TSTA3",0.767919557792884,4.38845613753648e-15,3.54653025929585e-16,1530.66553245255,8.15312012164244
"TMEM18","TMEM18",0.705324021095427,4.38845613753648e-15,3.54683276997538e-16,1136.78595554361,8.15310981087974
"ACYP1","ACYP1",1.01460795690732,4.40231280694146e-15,3.56164054246118e-16,182.986698081086,8.15260616000056
"PIK3CD-AS2","PIK3CD-AS2",1.5522779775321,4.42528330764974e-15,3.58143368869601e-16,30.8944083501204,8.1519361570151
"AP003774.3","AP003774.3",1.29433592176274,4.47542652428077e-15,3.62446083717266e-16,21.5285341652556,8.15049217922013
"B3GALT4","B3GALT4",0.559400527218279,4.51071833781432e-15,3.65550714225998e-16,842.516575697444,8.14946072994931
"HESX1","HESX1",1.02155370154671,4.62258124973328e-15,3.74868743659892e-16,26.639044956546,8.14641606477102
"IL10","IL10",1.96292928111458,4.68556689209843e-15,3.80104595826122e-16,245.416974377482,8.1447378195063
"AC099063.4","AC099063.4",1.33714482740623,4.73231192173497e-15,3.8415526980176e-16,24.1166764700609,8.14345501718901
"RAMAC","RAMAC",0.543487306311515,4.78053318658603e-15,3.88200350570608e-16,884.700017695883,8.14218722114889
"TIMM8A","TIMM8A",0.681825891894644,4.95828416870381e-15,4.03040941061063e-16,195.588772658397,8.13764488451446
"CMTM7","CMTM7",1.126136949951,5.03317811389935e-15,4.09678887436984e-16,1054.67393435846,8.13566628552907
"BEST1","BEST1",1.02120571127581,5.03992634086739e-15,4.10365870537032e-16,551.449796668065,8.13546332086979
"UBE2E2","UBE2E2",0.527371231333492,5.0807530247115e-15,4.13828923376731e-16,1440.11891628812,8.13444525633939
"AC002075.2","AC002075.2",2.29512705705337,5.11650130713506e-15,4.17160028975956e-16,1.79703034824636,8.13347387313865
"NPM1","NPM1",0.586212520630805,5.14247231155341e-15,4.19418012786878e-16,15333.522579225,8.1328197602545
"ZCRB1","ZCRB1",0.805972342349812,5.62272667845078e-15,4.59355522516129e-16,2131.20506456887,8.12179056531329
"SSR4","SSR4",1.54101543473877,5.72706660712529e-15,4.68036181915127e-16,11386.8038784272,8.11951867051626
"SCARNA10","SCARNA10",3.04211597990332,5.77551801270661e-15,4.72311413208855e-16,8.54693827923798,8.11841497841419
"MYCBP","MYCBP",0.655964623694917,5.80061692123226e-15,4.74680938798618e-16,712.547769006327,8.11780749551302
"RPL7P23","RPL7P23",1.46541512271065,5.88453695980887e-15,4.81869921816092e-16,12.0946928189027,8.11598255372051
"NIT1","NIT1",0.515388799629527,5.89302307839863e-15,4.82725844668956e-16,790.390387944899,8.11576706532885
"THAP3","THAP3",0.677864562567749,6.06434124855952e-15,4.97422127057452e-16,436.888348421861,8.11212470255593
"SELENOM","SELENOM",1.07958060245137,6.279199195675e-15,5.15217224093883e-16,6582.41819897948,8.10785368937202
"SLC25A26","SLC25A26",0.711163644901659,6.44805565314719e-15,5.29776861362704e-16,862.118687600401,8.1044659907429
"HIST1H4F","HIST1H4F",3.22034380455297,6.9561903173923e-15,5.73616283993824e-16,3.21239299924723,8.09479339059452
"MTFP1","MTFP1",1.32758335239772,7.12605449748443e-15,5.88402324965107e-16,497.801759373004,8.09169472244425
"AC018521.5","AC018521.5",1.18666114224831,7.16458550026685e-15,5.91975369622311e-16,253.48008620712,8.09095744391324
"LINC01551","LINC01551",2.17008051639937,7.38377382971685e-15,6.10892842875014e-16,14.2402649565587,8.08712555551707
"GPN3","GPN3",0.622702849500387,7.88785365816694e-15,6.53890762012036e-16,784.001139394912,8.07883379267934
"DHRS4","DHRS4",0.675312857231461,7.98347241825495e-15,6.62253675286812e-16,1539.59509106167,8.07728367350224
"C4orf33","C4orf33",0.731571238465749,8.38216223402578e-15,6.96242334256083e-16,303.330692022944,8.07117606025692
"SMIM15","SMIM15",0.500714482538021,8.86095688975836e-15,7.37222703607044e-16,2107.40618830332,8.06419125142148
"YIF1A","YIF1A",0.673402230006076,9.03695033124485e-15,7.52112098936359e-16,3089.86633361551,8.06174785927834
"SMS","SMS",0.724281264173253,9.12374273103692e-15,7.59584800171303e-16,2248.11890556789,8.06053947252178
"S100A4","S100A4",1.24877592896634,9.89698644848653e-15,8.25312239153553e-16,40736.5620094803,8.05038910776419
"POMC","POMC",1.50768318244894,1.0081688653084e-14,8.41540993884307e-16,115.196958021145,8.04800559934392
"AD000671.1","AD000671.1",1.31844379667561,1.02392814029764e-14,8.55534919814799e-16,134.457757775697,8.04598640252089
"HYLS1","HYLS1",0.711568193237285,1.04032095040872e-14,8.69516048881189e-16,167.03506204232,8.04400128923876
"RTP4","RTP4",1.20097898622689,1.07743382102846e-14,9.0082993861775e-16,250.271153050345,8.03966692568172
"BATF","BATF",1.7969103612379,1.07947894944373e-14,9.02834794460852e-16,359.33206795902,8.03939449907708
"EIF4A1","EIF4A1",0.671454845701773,1.08399025124541e-14,9.0749641515231e-16,16259.8531049055,8.03876335928973
"SELENOT","SELENOT",0.627272683209154,1.1372398900417e-14,9.53629668170705e-16,4510.7464797321,8.03268412286345
"SQOR","SQOR",0.938576319777142,1.17190501815595e-14,9.84299031615997e-16,3713.82877762102,8.02880095166545
"TMEM128","TMEM128",0.566474808380586,1.18606711586114e-14,9.96518041824369e-16,755.159319732499,8.02728696439556
"DPH3","DPH3",0.5412778650218,1.26653427196335e-14,1.06856513895697e-15,1139.68884348854,8.01871569213794
"FAM162A","FAM162A",0.933497313253257,1.27119501191514e-14,1.07325134206338e-15,1340.83414136631,8.01817807998807
"IMP3","IMP3",0.517413355108706,1.33696043289346e-14,1.13133322240254e-15,2429.76644358799,8.01170026597409
"LRRC69","LRRC69",1.16887775776286,1.35939041472447e-14,1.15068485609345e-15,28.073617673775,8.0096145826455
"SCARNA5","SCARNA5",2.81316423600621,1.37083987999643e-14,1.16075105552309e-15,3.03036949578915,8.00854328801228
"MANF","MANF",1.05512199054151,1.38792971961352e-14,1.17598023457513e-15,2683.11430017725,8.00693979599955
"AL162231.1","AL162231.1",1.24777172319746,1.4569619440873e-14,1.23526678666163e-15,80.8669980036944,8.0008864343867
"AC087284.1","AC087284.1",1.95741054007639,1.55563204263693e-14,1.32062317453289e-15,34.3644969390012,7.99265593039441
"MRPS28","MRPS28",0.768491940879728,1.57622311832308e-14,1.33896491020696e-15,849.968863400881,7.99095586411625
"C15orf40","C15orf40",0.625092003833583,1.58553323882926e-14,1.34730685886472e-15,582.213069194515,7.99019023766933
"POLR2J4","POLR2J4",0.583241086275038,1.62426701764869e-14,1.38185680480902e-15,249.012567472924,7.98706817551319
"SNX5","SNX5",0.527702936596252,1.62426701764869e-14,1.38199609086533e-15,3126.60249519971,7.98705574537386
"C5orf56","C5orf56",0.94842712693219,1.71619843543827e-14,1.46209096469754e-15,351.45269646899,7.98010480117775
"LGALS2","LGALS2",2.31108567103729,1.88195176735239e-14,1.60793004631573e-15,506.124302836245,7.96836067726797
"AC010247.1","AC010247.1",1.74377632831286,1.99991926969761e-14,1.71036020496558e-15,16.2694054211517,7.96072363565166
"MT1DP","MT1DP",1.6959069797778,2.01830741075726e-14,1.72774040763477e-15,13.1674206034657,7.95947265979406
"PRDX5","PRDX5",0.703722668131064,2.02449437219094e-14,1.73358981459778e-15,6716.1129814231,7.95905442284962
"AC116353.5","AC116353.5",1.7717381941153,2.07021381956941e-14,1.77387101783373e-15,61.4890028856494,7.95621147923236
"CALM2","CALM2",0.602525250553417,2.09219805840626e-14,1.79385160995624e-15,22522.1502309917,7.95482480832521
"LRRC23","LRRC23",0.777360386627039,2.12126860623051e-14,1.81993590632635e-15,312.693925637715,7.95303725192901
"AD000864.1","AD000864.1",1.50377076281095,2.12529743551118e-14,1.8239731262987e-15,26.8665608572999,7.95276283847225
"SRSF7","SRSF7",0.574730080009084,2.14733873349681e-14,1.84347613340446e-15,2970.82132096651,7.9514455706467
"AC125494.1","AC125494.1",0.907636121622693,2.22365157756636e-14,1.91202806486553e-15,208.720591111239,7.94692194092834
"MRPS6","MRPS6",0.829099224000445,2.23876973936434e-14,1.92563926323641e-15,1325.81644016627,7.94604279393919
"SDHAF1","SDHAF1",0.6467246246334,2.29826759515622e-14,1.97807123821473e-15,541.714017960005,7.94271246582647
"AC110741.1","AC110741.1",3.02893198268151,2.30299527479643e-14,1.98339875574697e-15,2.12107706374507,7.94237895627303
"NCF4","NCF4",1.17620906689019,2.33575649011122e-14,2.01288996142266e-15,1602.73002777238,7.94054857958085
"SDHAF4","SDHAF4",0.830241046548223,2.36295025057777e-14,2.03761605257615e-15,199.553522444401,7.93903419118376
"SRP14","SRP14",0.828749749749828,2.42274330698101e-14,2.09447247828845e-15,6345.03083210726,7.93561948064346
"RN7SL3","RN7SL3",2.15568152371181,2.48914518768211e-14,2.1545976541919e-15,5.31335000427626,7.93210636879779
"AC016065.1","AC016065.1",0.778509100976568,2.61440127677567e-14,2.26587634906212e-15,89.2090360434543,7.92585183423105
"AC106782.1","AC106782.1",0.998051582847631,2.63545690494432e-14,2.28556523847462e-15,169.383127320672,7.92477678129089
"TMUB1","TMUB1",0.636764185782653,2.64387143582655e-14,2.29358501837463e-15,1037.52630199904,7.92434149693853
"BCL10","BCL10",0.504145565408148,2.65119939888767e-14,2.30066649112469e-15,1015.34994055683,7.92395838473615
"AL034379.1","AL034379.1",1.80223569522408,2.66473542228921e-14,2.31314091549299e-15,4.09644522137182,7.92328632637181
"RIPK2","RIPK2",0.775877051103132,2.68897248502747e-14,2.33491476745739e-15,988.126724219811,7.92212176911229
"CDK7","CDK7",0.588499201495494,2.69061820382487e-14,2.33707895569804e-15,612.374340278345,7.92200660409469
"AC002310.1","AC002310.1",0.974308767235617,2.85769371200942e-14,2.4845436737654e-15,34.5473739800655,7.91439697200239
"EIPR1","EIPR1",0.557558603580455,2.8652579925265e-14,2.49190310943246e-15,655.119655236519,7.91402895227342
"SNORD89","SNORD89",1.42049698702371,2.91213749721434e-14,2.53346970986378e-15,7.87083760958906,7.91197023658134
"CYB561D2","CYB561D2",0.766460983878007,2.97032415317186e-14,2.585713476326e-15,865.897437608348,7.90942937134114
"AC010422.3","AC010422.3",2.02359923901229,3.08476965175468e-14,2.68871149187066e-15,440.950118496001,7.9045648626302
"ATP6V1D","ATP6V1D",0.675651704469252,3.12661003315183e-14,2.72774278965376e-15,1638.56180229983,7.90276924868385
"SNUPN","SNUPN",0.511588703601665,3.16569624054755e-14,2.762707667507e-15,824.380136892712,7.90118206336069
"CDC37L1-DT","CDC37L1-DT",1.48861851695287,3.19973769108456e-14,2.7941642287238e-15,11.8205182603445,7.89977094585591
"NANOS3","NANOS3",1.54138476602239,3.20537954588379e-14,2.79996677728639e-15,11.8501253509969,7.89951235776644
"UBXN10-AS1","UBXN10-AS1",1.7060449790192,3.24033575767135e-14,2.83315785255016e-15,14.5293632986415,7.89804327833269
"RHOG","RHOG",0.915115671400558,3.32078950370065e-14,2.90622388053039e-15,4546.07327530535,7.89486811524933
"U2AF1L5","U2AF1L5",0.661211026674369,3.34030963917426e-14,2.92421981035393e-15,1559.23911038838,7.89409814929693
"IDH1-AS1","IDH1-AS1",1.30958237125242,3.37177731488036e-14,2.95268895166304e-15,10.7058850647529,7.89288955906951
"MS4A6A","MS4A6A",1.49433126878711,3.38914104906913e-14,2.96882051512764e-15,12585.7286632582,7.89220981446082
"AC093426.1","AC093426.1",1.72899924298167,3.39472587072247e-14,2.97464025448973e-15,20.7974708211348,7.8919654772539
"RPL12P16","RPL12P16",1.81490926664441,3.43637590156881e-14,3.01301409003916e-15,13.5153432530699,7.89036607027391
"IFITM3","IFITM3",1.0303094224513,3.44436760512848e-14,3.02096232478003e-15,29130.7304858276,7.89003729938124
"U62317.1","U62317.1",2.39475280928288,3.64378227338337e-14,3.19984595935794e-15,25.210360914287,7.88285488973094
"ZNF529-AS1","ZNF529-AS1",0.906517448831476,3.6552887669675e-14,3.21094931167533e-15,49.9916860744074,7.88242220383003
"PSMB5","PSMB5",0.661788721111402,3.66646046466979e-14,3.22276655505416e-15,2959.33235162193,7.88196331370076
"PRR34-AS1","PRR34-AS1",1.35988228770163,3.77081369795935e-14,3.31757338927845e-15,142.431555670812,7.87834061038894
"TMEM70","TMEM70",0.838809975011979,3.83105082338268e-14,3.37267295634826e-15,1360.84871482889,7.87628173135826
"SNORA73A","SNORA73A",2.67287887360554,3.87448528642539e-14,3.41196920083855e-15,7.28774832888121,7.87483350086547
"DTNB","DTNB",0.92856446167009,3.98184387702372e-14,3.51086373702985e-15,417.733281236413,7.87126027019506
"ODF3B","ODF3B",1.07842870736175,3.9941506269205e-14,3.52280614871974e-15,1158.12713077608,7.87083549366038
"AP001362.2","AP001362.2",1.23556971889157,4.21213073374583e-14,3.72081714314606e-15,42.6471396241155,7.86399186776935
"PINLYP","PINLYP",0.975512524590979,4.2149449454727e-14,3.72560640962982e-15,140.942408349665,7.86383082044695
"DNAJC19","DNAJC19",0.81812089994327,4.24903238588222e-14,3.7580583712945e-15,896.560152596564,7.86274490769569
"TMEM50A","TMEM50A",0.501692524436341,4.55052905349039e-14,4.0309339575988e-15,7383.273225038,7.85396295355438
"CREM","CREM",0.853358857108173,4.59570067176476e-14,4.07220341499307e-15,1201.89524277619,7.85268598857164
"IQCG","IQCG",0.635262601884805,4.78699883629007e-14,4.25086647666404e-15,353.260655467058,7.84730085685061
"HOXB2","HOXB2",1.05678284499951,4.88360040467423e-14,4.3406519621862e-15,309.984906411715,7.84467817688713
"APIP","APIP",0.774766529150998,5.07139570663308e-14,4.51172557195478e-15,866.615379865893,7.83982561433775
"C1orf50","C1orf50",0.590059461910556,5.08003143093756e-14,4.52079629786705e-15,292.418848704853,7.83957340320484
"AC090617.5","AC090617.5",0.775585641663577,5.08974687410383e-14,4.53083289593439e-15,21.7998578444299,7.8392949159676
"CFAP36","CFAP36",0.748768821533922,5.28730864463123e-14,4.71247870127246e-15,1070.59039772088,7.83435705124733
"SYCE3","SYCE3",2.28400421613163,5.47261054212151e-14,4.88660653341705e-15,3.7820508626475,7.82979640068157
"APOO","APOO",0.871217598557267,5.47751566727832e-14,4.89248305044751e-15,210.106643141257,7.82964529209569
"PPM1M","PPM1M",0.746253378237931,5.52669915050257e-14,4.93943356957674e-15,2110.74157161763,7.82844438505382
"RNF5","RNF5",0.657809946439893,5.76048734482632e-14,5.15152738588938e-15,2288.67607341417,7.82315581932978
"GPSM3","GPSM3",1.37541076274083,5.87455161722275e-14,5.25674377616998e-15,2909.95744728014,7.82061128171345
"UPP1","UPP1",1.26767544205643,5.93524592622559e-14,5.31267675464222e-15,1350.89328601202,7.81927894350278
"NR2C2AP","NR2C2AP",0.576826831900843,6.05640495265312e-14,5.42609137947747e-15,442.722150812506,7.81661924806463
"ST20","ST20",1.22985813427192,6.17231858709965e-14,5.53500084779941e-15,54.4729376314163,7.81411621645646
"MRPS18B","MRPS18B",0.597699549975176,6.23132261808376e-14,5.59302024656552e-15,2002.09099608356,7.81280249801762
"AL356124.1","AL356124.1",2.09558517405009,6.51508250374213e-14,5.85127358392316e-15,5.9594889463105,7.80711314987071
"SKOR2","SKOR2",1.92457474204882,6.68078561516092e-14,6.00716075437319e-15,11.3429949532708,7.8037973927759
"RPL23AP2","RPL23AP2",1.62874876333095,6.68078561516092e-14,6.00739513634105e-15,12.9590399745757,7.80379247146591
"IDNK","IDNK",0.809588594831076,6.68078561516092e-14,6.00627252497522e-15,269.741801118387,7.80381604461307
"TVP23A","TVP23A",1.53664089579745,7.02429972193381e-14,6.32204248314161e-15,95.4330868136551,7.79735058116051
"LY86","LY86",1.8003551498953,7.18299448142439e-14,6.46879690996333e-15,954.225868640793,7.79445322711341
"EMC9","EMC9",0.95092171767722,7.5003618372982e-14,6.76280610483458e-15,324.266842476067,7.78883835049548
"BATF3","BATF3",1.37957000633377,7.59604374219069e-14,6.85115451049796e-15,275.480718796927,7.78719799994149
"SKP1","SKP1",0.559844061621599,7.64954744361625e-14,6.90150158715289e-15,8209.85893048669,7.78627250228403
"CCDC32","CCDC32",0.556103607232371,8.04262684664798e-14,7.26712942481075e-15,823.179830740018,7.77974427815599
"RRAS","RRAS",0.917308178448975,8.10729246815963e-14,7.32999010277336e-15,4534.46838610782,7.77865457569047
"JPX","JPX",0.81103809328732,8.12539008638258e-14,7.34857268939762e-15,578.865470806214,7.77833420382292
"NBPF25P","NBPF25P",1.20552911733391,8.48705394293409e-14,7.6826169329601e-15,166.38333096109,7.7727072333737
"AC040970.1","AC040970.1",1.29824881231687,8.56185418295452e-14,7.75266667458436e-15,33.2254299270002,7.771557834217
"AC024592.3","AC024592.3",1.58233859069014,8.8742728888494e-14,8.04677853141356e-15,175.083507063641,7.76684094431138
"DUS1L","DUS1L",0.736577758823374,8.9825517255793e-14,8.1507839778816e-15,1613.53667833476,7.76521345114295
"RPL3","RPL3",0.89298792090463,9.03168600838585e-14,8.2003039989798e-15,83777.3255049181,7.76444572345683
"MCRIP2","MCRIP2",1.2671206416492,9.03521373494609e-14,8.20597569741272e-15,566.370578761738,7.76435808435199
"LYAR","LYAR",0.575062155621549,9.04972111876182e-14,8.22162428478457e-15,895.207266402619,7.76411659111703
"AMZ2","AMZ2",0.612464471990715,9.06290353481388e-14,8.23607671160167e-15,1567.23801178699,7.76389395884288
"LINC01504","LINC01504",1.27908926043442,9.0771351290921e-14,8.2514900883875e-15,37.9867248966227,7.76365694690891
"ABT1","ABT1",0.516975889143859,9.33283270925286e-14,8.49922987511674e-15,1093.84331613897,7.75990608621609
"MPC2","MPC2",0.802689306009946,9.52580112900939e-14,8.68016797323597e-15,2269.74293056926,7.75723400699295
"FKBP2","FKBP2",0.915834246687781,9.77203133156368e-14,8.90720962925119e-15,3303.67886224512,7.75395757493011
"S100A9","S100A9",1.8837680586394,9.87308374769386e-14,9.00741185102046e-15,17666.4515669856,7.75253762088205
"THEM4","THEM4",0.666661711634932,1.04678590293043e-13,9.57005828357392e-15,408.156348755517,7.74484225300665
"MRPL24","MRPL24",0.617425151852414,1.09758407584663e-13,1.00554643742008e-14,1487.60172157491,7.73855298504435
"PPIL3","PPIL3",0.817501222135269,1.16813534951179e-13,1.07177750858236e-14,598.064820621739,7.73043732144771
"AC233723.1","AC233723.1",1.53029202460631,1.20914985206568e-13,1.1103999160613e-14,15.7218602852141,7.72592959582509
"PDSS1","PDSS1",0.849511286179741,1.22482310736944e-13,1.12512781414138e-14,132.03412780798,7.72425118491851
"AL158152.2","AL158152.2",1.59708428062264,1.24343683180183e-13,1.14324570043257e-14,7.20634112387483,7.72221585571712
"RSL1D1","RSL1D1",0.513116971323141,1.25173685760546e-13,1.15121895753982e-14,4683.47960961888,7.72133019333889
"HENMT1","HENMT1",0.693484362815814,1.29911123701514e-13,1.19585391882402e-14,318.79753789444,7.7164810022478
"GSTZ1","GSTZ1",0.78902885924446,1.3574582933329e-13,1.25141787527124e-14,611.448977452587,7.71068746046811
"DMAC1","DMAC1",0.782196726932871,1.39020158722324e-13,1.28236305868074e-14,1354.848871272,7.70756966754454
"BCL2L14","BCL2L14",1.9641617280701,1.4134179804162e-13,1.30416473670469e-14,17.2749254628333,7.70541723978562
"LINC01023","LINC01023",0.998541973075447,1.4163545881687e-13,1.30726134561979e-14,70.7060419989097,7.70511439410348
"MT-CO3","MT-CO3",1.3060638560202,1.4174158864063e-13,1.30862818114344e-14,332220.052644045,7.70498094324537
"AP003392.3","AP003392.3",2.07698100358534,1.42522030923115e-13,1.31622302390811e-14,27.810729050829,7.7042419106296
"TMEM11","TMEM11",0.754849694810009,1.43562081709472e-13,1.32661264062252e-14,1061.52906320343,7.70323769377996
"MORC2-AS1","MORC2-AS1",1.53347100440662,1.43577658356245e-13,1.32714887898352e-14,13.237678813726,7.70318607345591
"FTH1P7","FTH1P7",1.77622835833908,1.61953311446129e-13,1.50187037637138e-14,4.34438469026315,7.68737280082259
"C19orf38","C19orf38",1.76012427851847,1.68449107662585e-13,1.56533078816485e-14,302.560804715471,7.6820742349787
"AC100801.1","AC100801.1",2.05611170097353,1.701319239141e-13,1.5818982406068e-14,11.9143862224004,7.68072574070535
"DUSP12","DUSP12",0.656212268766103,1.72233031700709e-13,1.60272972016775e-14,577.737166019475,7.67904976335184
"HLA-DMA","HLA-DMA",1.44366014179195,1.77244170986871e-13,1.65093412086189e-14,11252.951037378,7.67525227667535
"MTLN","MTLN",1.34405225690318,1.79195940732647e-13,1.67058266559139e-14,769.559865453957,7.67373559270358
"FAM221A","FAM221A",0.830206498668809,1.83471134350547e-13,1.7109401391798e-14,114.466802993425,7.67067465959359
"CLEC9A","CLEC9A",1.92370380418628,1.85260439324251e-13,1.72863848818907e-14,48.1821357763592,7.66935466233342
"L3MBTL4-AS1","L3MBTL4-AS1",0.981778023037992,2.05491422319501e-13,1.92134114914979e-14,97.0675079783493,7.65578555046007
"HSPE1P2","HSPE1P2",1.67690758130308,2.08289118857898e-13,1.94806867359924e-14,3.13681638020761,7.65401016597841
"CBWD5","CBWD5",0.902878844413831,2.13894124257458e-13,2.00224396761128e-14,500.993601588059,7.65048390689848
"AC124067.2","AC124067.2",1.50575397370845,2.22592557268369e-13,2.08803701104774e-14,30.7124463845233,7.64508724644752
"RPL3P4","RPL3P4",1.71021440611922,2.23084397341103e-13,2.09375913239894e-14,40.4749557769306,7.64473510670802
"HPRT1","HPRT1",0.771725368669262,2.34764566568215e-13,2.20915644487809e-14,1064.30707611013,7.63782861836036
"TRIM69","TRIM69",0.765032548059853,2.44363501909767e-13,2.30282171121284e-14,1738.86233817656,7.63247889106264
"AC107027.1","AC107027.1",2.04648048554973,2.52218324817494e-13,2.37891105568455e-14,2.50012881487475,7.6282882936732
"CRYBB2P1","CRYBB2P1",0.889315305116815,2.54612430981439e-13,2.40218783075742e-14,254.20500053514,7.62703264226655
"AL355075.4","AL355075.4",2.7104799674833,2.55707894619796e-13,2.41392053310581e-14,8.60059184798094,7.62640425819147
"RNA5S1","RNA5S1",2.33947377339156,2.93165458094085e-13,2.79155611207379e-14,2.00494394278313,7.60763558432798
"RNA5S10","RNA5S10",2.33947377339156,2.93165458094085e-13,2.79155611207379e-14,2.00494394278313,7.60763558432798
"RNA5S11","RNA5S11",2.33947377339156,2.93165458094085e-13,2.79155611207379e-14,2.00494394278313,7.60763558432798
"RNA5S12","RNA5S12",2.33947377339156,2.93165458094085e-13,2.79155611207379e-14,2.00494394278313,7.60763558432798
"RNA5S13","RNA5S13",2.33947377339156,2.93165458094085e-13,2.79155611207379e-14,2.00494394278313,7.60763558432798
"RNA5S14","RNA5S14",2.33947377339156,2.93165458094085e-13,2.79155611207379e-14,2.00494394278313,7.60763558432798
"RNA5S15","RNA5S15",2.33947377339156,2.93165458094085e-13,2.79155611207379e-14,2.00494394278313,7.60763558432798
"RNA5S16","RNA5S16",2.33947377339156,2.93165458094085e-13,2.79155611207379e-14,2.00494394278313,7.60763558432798
"RNA5S17","RNA5S17",2.33947377339156,2.93165458094085e-13,2.79155611207379e-14,2.00494394278313,7.60763558432798
"RNA5S2","RNA5S2",2.33947377339156,2.93165458094085e-13,2.79155611207379e-14,2.00494394278313,7.60763558432798
"RNA5S3","RNA5S3",2.33947377339156,2.93165458094085e-13,2.79155611207379e-14,2.00494394278313,7.60763558432798
"RNA5S4","RNA5S4",2.33947377339156,2.93165458094085e-13,2.79155611207379e-14,2.00494394278313,7.60763558432798
"RNA5S5","RNA5S5",2.33947377339156,2.93165458094085e-13,2.79155611207379e-14,2.00494394278313,7.60763558432798
"RNA5S6","RNA5S6",2.33947377339156,2.93165458094085e-13,2.79155611207379e-14,2.00494394278313,7.60763558432798
"RNA5S7","RNA5S7",2.33947377339156,2.93165458094085e-13,2.79155611207379e-14,2.00494394278313,7.60763558432798
"RNA5S8","RNA5S8",2.33947377339156,2.93165458094085e-13,2.79155611207379e-14,2.00494394278313,7.60763558432798
"FTLP2","FTLP2",2.36030710190263,3.05816021170663e-13,2.9161941962502e-14,1.11358380911103,7.60198638542283
"PDE6G","PDE6G",1.96897145516229,3.26020154348283e-13,3.11776425645234e-14,59.755032735109,7.59333445824292
"APOM","APOM",0.956490996531353,3.30979365495457e-13,3.1679027222891e-14,57.1444673447636,7.59126787431931
"NRBF2","NRBF2",0.513601332738116,3.35498269214469e-13,3.21390456533219e-14,1443.84965170999,7.58939989453032
"AC010654.1","AC010654.1",1.01031433567746,3.41595679951594e-13,3.27418138547554e-14,24.3909526550028,7.5869916655912
"EIF6","EIF6",0.631702140772038,3.48282094199892e-13,3.34112525679888e-14,3295.23951775232,7.58436764875701
"C16orf95","C16orf95",0.813478415585704,3.63298880023057e-13,3.48915424815171e-14,87.9560301926588,7.57874428941645
"AL353608.4","AL353608.4",1.48121778256286,3.69641696149454e-13,3.55108118708566e-14,40.6258463820387,7.57646109762565
"KRCC1","KRCC1",0.546986175412678,3.81719830746324e-13,3.6723285446537e-14,1252.54464783748,7.57210202753535
"PPA1","PPA1",0.658416635372482,3.82822021511124e-13,3.68397814082947e-14,4377.79610611321,7.57169068197015
"MRPS26","MRPS26",0.597133323809338,3.93623961779842e-13,3.79545605377486e-14,1011.61186479108,7.56781786848895
"AP4S1","AP4S1",0.511921684802022,4.12342796675088e-13,3.98383597651059e-14,276.333500255102,7.56152083191607
"BEX4","BEX4",0.711246755532304,4.36526667051303e-13,4.22225853537422e-14,1029.40214508355,7.55395816394871
"RPL23P8","RPL23P8",1.95538908655361,4.63217227598959e-13,4.48548281267441e-14,3.6911695291784,7.54608182887719
"S100A8","S100A8",1.95669296301529,4.85394993587386e-13,4.70554232970312e-14,7699.18461446779,7.53983839133067
"BX537318.1","BX537318.1",0.841814984189133,4.91762001857376e-13,4.76860937345782e-14,43.3601200317206,7.53810196864272
"NDUFB9","NDUFB9",0.940405981455824,5.05235279806413e-13,4.90616187445556e-14,3542.40372632152,7.53439178193319
"RPS27P29","RPS27P29",2.19176854736286,5.18083721211036e-13,5.03375970006405e-14,2.43732692969991,7.53104043187053
"PLP2","PLP2",0.913577074647077,5.26169149177949e-13,5.11663160721419e-14,5957.91904368779,7.52890825717499
"GPC6-AS2","GPC6-AS2",2.64095215955619,5.46729845001197e-13,5.31806401323605e-14,3.04425656077851,7.52386405641646
"YAF2","YAF2",0.571495554653812,5.47086851955916e-13,5.32303144844126e-14,615.960110730342,7.52374205103642
"PPDPF","PPDPF",0.861044852441937,5.48110080319555e-13,5.33448483865202e-14,6782.44116163103,7.5234611699168
"EIF3E","EIF3E",0.721732450152587,5.54730016794966e-13,5.40346050404124e-14,11988.3349831397,7.5217820576198
"RAB24","RAB24",0.626914040252583,5.67981696103998e-13,5.53564499030838e-14,850.283742421737,7.51862229814666
"RPS2P7","RPS2P7",1.55421056135182,5.95568517951777e-13,5.81264719288436e-14,10.7861668526826,7.51223466488836
"CYB5R4","CYB5R4",0.772061700656374,5.95911182052098e-13,5.81761975319585e-14,1480.25357841782,7.51212275380672
"DBNDD2","DBNDD2",0.91226747069554,6.08083576918263e-13,5.94143793835818e-14,2027.83692978266,7.5093660451205
"ALG5","ALG5",0.554949609900801,6.10782600543769e-13,5.96947829761759e-14,1355.14685990594,7.50874959709851
"C2orf74","C2orf74",1.04656494648259,6.12508265890234e-13,5.98801763806458e-14,402.649984728292,7.50834358381188
"AC016739.1","AC016739.1",1.73663306054517,6.50207800541867e-13,6.36723614618447e-14,7.39481866956144,7.5002991291379
"LINC02328","LINC02328",1.32537260805762,6.5552333990974e-13,6.42108028518926e-14,40.7379198728564,7.49919528925333
"MYL12A","MYL12A",0.790843574818555,6.63433007252481e-13,6.50218365806347e-14,14368.6035894604,7.49754967567345
"LRRC75A-AS1","LRRC75A-AS1",1.08031873142155,6.65949509620195e-13,6.52866701417323e-14,9850.00964630951,7.49701668778843
"DUT","DUT",0.558753260434443,6.67278727808271e-13,6.54534449802369e-14,2239.58508717196,7.49668213651094
"TFB1M","TFB1M",0.561860294099977,6.82569063646367e-13,6.70092255439055e-14,202.444610291917,7.49360099744442
"TNFAIP8L2","TNFAIP8L2",1.29639338327944,7.22748226865266e-13,7.10326886536343e-14,634.823738954522,7.48594768452296
"PPIAP22","PPIAP22",1.08469905089633,7.52919991855059e-13,7.41625883395035e-14,35.7950462864224,7.48028325474295
"RPL7P9","RPL7P9",1.14397628660394,7.81394367504661e-13,7.7074063955076e-14,30.4823972869204,7.47522125786444
"AC011979.1","AC011979.1",1.71503122717484,7.8288020123822e-13,7.72420122591112e-14,12.7162300158197,7.4749350200858
"MIR155HG","MIR155HG",1.86062543719505,8.5117209656327e-13,8.42590372919677e-14,132.210667064852,7.46349193465058
"IER3","IER3",1.24123633683581,8.63320921492180e-13,8.54852596925507e-14,2468.33663563016,7.46158889026435
"PLEKHJ1","PLEKHJ1",0.781270466667581,8.68115600051175e-13,8.59837440964373e-14,1063.71034193502,7.46082292409933
"ZDHHC6","ZDHHC6",0.551548016633296,9.05615466051484e-13,8.98711815267901e-14,1015.47794491913,7.45499508383458
"PKIB","PKIB",1.93447363815592,9.13257779938549e-13,9.06545401381663e-14,148.337887440643,7.4538507609201
"CACNA2D4","CACNA2D4",1.31514194602005,9.39729538480152e-13,9.33849649294328e-14,407.951489416932,7.44993678764879
"FO393401.1","FO393401.1",1.54781946215471,9.50262522781767e-13,9.44576370359865e-14,18.9808042075209,7.44842984336686
"RGS19","RGS19",1.08048780750538,9.62319911477668e-13,9.57087482657644e-14,1915.76122080512,7.446693324761
"BORCS8-MEF2B","BORCS8-MEF2B",0.655219046752553,9.9111025361341e-13,9.865336905144e-14,233.078921618531,7.44269273755645
"AL117332.1","AL117332.1",0.887635991407202,1.02896127565678e-12,1.02561565441567e-13,71.9680305667785,7.4375605660364
"CLECL1","CLECL1",2.03404378775411,1.03775136632028e-12,1.034944257239e-13,60.2326552181236,7.4363639817285
"LINC00545","LINC00545",1.63271614090519,1.07071822254718e-12,1.06840704629698e-13,20.9711472119208,7.43215721440808
"CCNT2-AS1","CCNT2-AS1",0.875347415663344,1.10198256422464e-12,1.10050719206565e-13,25.6070359942638,7.4282417140508
"RHEBL1","RHEBL1",1.04145746971521,1.11467990888665e-12,1.11379666843314e-13,60.7205822622297,7.42665345144338
"DALRD3","DALRD3",0.576254121855388,1.11799515921881e-12,1.11741476336032e-13,839.742513718001,7.42622426788632
"LINC00892","LINC00892",2.05304765072747,1.13155948046612e-12,1.13159039823657e-13,29.341692563044,7.42455578954093
"TNFSF12-TNFSF13","TNFSF12-TNFSF13",2.04520630205684,1.14321862572551e-12,1.14398670259195e-13,407.868034334764,7.4231134893089
"HINT2","HINT2",0.899854827380113,1.14321862572551e-12,1.14418695211141e-13,800.167298176791,7.42309031671553
"NT5C3B","NT5C3B",0.796236000221955,1.16391690555564e-12,1.16553880129551e-13,1624.29007872762,7.42064210217231
"PAFAH1B3","PAFAH1B3",0.894423744422896,1.16686842933468e-12,1.16881326318778e-13,276.123131312315,7.42027055355748
"TALDO1","TALDO1",0.641899168456619,1.16725576828743e-12,1.16952017877811e-13,7188.2682200084,7.42019047510264
"NAGK","NAGK",0.916883970111648,1.30043310276926e-12,1.30899629787752e-13,4182.63974065757,7.40525405124685
"TWF2","TWF2",0.767111439165301,1.30141390768889e-12,1.31033914856514e-13,4953.30481251109,7.4051179872821
"XRCC4","XRCC4",0.636136673243857,1.37863624210628e-12,1.39148126406202e-13,370.878679606173,7.3971406686039
"AL109811.2","AL109811.2",1.60940409680901,1.40566141521527e-12,1.41991044893327e-13,7.08783118803835,7.39445348823471
"AC004865.2","AC004865.2",1.54497798136138,1.44600952769125e-12,1.46264304257302e-13,42.2353359272532,7.39051217656208
"NDUFAF4","NDUFAF4",0.734785580869748,1.58397942340618e-12,1.60652794330001e-13,446.7940736862,7.37802666841277
"ANKRD37","ANKRD37",0.9607147993911,1.5952738734915e-12,1.61841905305444e-13,415.795887015754,7.37704451744727
"HAMP","HAMP",2.83830406883356,1.59746630776326e-12,1.62107977459296e-13,82.3535445209048,7.37682572500054
"APOC1","APOC1",2.61321248363132,1.60567705103751e-12,1.63028933076188e-13,1933.27728058997,7.37607113351112
"AC104024.2","AC104024.2",1.64932417014094,1.70330171748466e-12,1.73266818606939e-13,8.33563966439671,7.36795379150832
"SGF29","SGF29",0.606136532141375,1.76559102454319e-12,1.79844349285418e-13,557.618322902298,7.3629836926872
"GDPGP1","GDPGP1",0.768297779374661,1.7718644419921e-12,1.80531776938948e-13,153.798166085307,7.36247460691093
"DENND6B","DENND6B",0.90028533435268,1.84523599770545e-12,1.88309966158361e-13,351.429397315228,7.35684345467019
"MRPL37","MRPL37",0.642895106649165,1.89771665364072e-12,1.93821275207219e-13,2249.81157394218,7.35299011577056
"EFCAB11","EFCAB11",0.510625017469194,1.90224335509353e-12,1.94335580335383e-13,198.458115740489,7.35263603793798
"GPR141BP","GPR141BP",3.37239570043741,1.93190960760739e-12,1.97471893823854e-13,0.958198442984227,7.3504965390683
"AC146944.2","AC146944.2",1.49549612657216,1.95251381288248e-12,1.99684669024266e-13,206.690229098344,7.34900704203496
"PDXP","PDXP",0.70217337127186,2.01733494854236e-12,2.06479322310436e-13,436.136137286079,7.34453262724784
"LINC00623","LINC00623",0.758242775964602,2.02754829514014e-12,2.07580083114022e-13,170.995604699907,7.34382139858971
"IFITM4P","IFITM4P",2.11478130788003,2.0434573076527e-12,2.09264679064518e-13,6.25526359742209,7.3427400819423
"NDUFS7","NDUFS7",0.97758486711341,2.07812703693852e-12,2.13099012804455e-13,2595.42175893265,7.34031042652644
"EEF1A1","EEF1A1",0.708228785932535,2.09400516132279e-12,2.14898860240126e-13,516461.685026427,7.33918471360319
"NFU1","NFU1",0.764165300662929,2.10373986266053e-12,2.16001581329463e-13,1097.88138661004,7.33849958444759
"NDUFAF5","NDUFAF5",0.663907469379108,2.10373986266053e-12,2.16012852916153e-13,279.684687429508,7.33849259907881
"AC025048.4","AC025048.4",1.19658553926457,2.142396204425e-12,2.20216249652909e-13,18.5743472720714,7.33591226650683
"DHRS4L1","DHRS4L1",1.0640362401627,2.22228999376918e-12,2.28732107613008e-13,17.2902942150674,7.33082973924285
"CSKMT","CSKMT",0.765542104157865,2.25913248632799e-12,2.32771075874829e-13,104.906363844161,7.32848380987616
"H2BFS","H2BFS",1.02634114585253,2.2898005098843e-12,2.36056103275867e-13,47.0950239426119,7.326605088721
"AC013394.1","AC013394.1",1.25787319737915,2.29188371831515e-12,2.36333483235099e-13,79.9100913411886,7.32644763167522
"ANKRD39","ANKRD39",1.02350010782132,2.29790281794413e-12,2.37016944117027e-13,334.674733436661,7.3260604328185
"FBXW5","FBXW5",0.565232425666328,2.3851703047219e-12,2.46148480585115e-13,5693.6282053529,7.32098983853734
"RPF2","RPF2",0.562860682309669,2.39497524921013e-12,2.47356661165996e-13,940.726283485063,7.32033284027819
"TMEM218","TMEM218",0.535692081336392,2.39497524921013e-12,2.47231192872317e-13,576.486419640237,7.32040092201195
"RPP25","RPP25",0.621038391566331,2.43218755222582e-12,2.51266459055324e-13,732.053494280188,7.31822812623492
"LACTB2","LACTB2",0.522376888160771,2.4958553303734e-12,2.58116681479366e-13,437.47935727333,7.31461691917683
"TRG-AS1","TRG-AS1",1.31671593097144,2.55919706743263e-12,2.64877141217924e-13,139.842712541278,7.31114417294056
"B3GNTL1","B3GNTL1",1.00924280814196,2.56342612570175e-12,2.65454930910944e-13,133.421804739511,7.3108514213622
"RPL26P19","RPL26P19",1.81029351923853,2.56894336972097e-12,2.66166650946253e-13,5.1504787239467,7.31049166975882
"BST2","BST2",1.21186009247174,2.58905260564183e-12,2.6846237980302e-13,5887.62978655151,7.30933765852421
"SNHG11","SNHG11",0.689607782312655,2.649424749386e-12,2.75084402515555e-13,214.866930936173,7.30606242997656
"TOR2A","TOR2A",0.877830239086066,2.68975721931193e-12,2.79419026416677e-13,449.131618043833,7.30396021684894
"AC009005.1","AC009005.1",1.26499468300239,2.79701977265507e-12,2.91020281818369e-13,16.8771097258365,7.29848761793095
"LINC00339","LINC00339",0.776056040910586,2.86558511294121e-12,2.98389159961173e-13,517.198078941848,7.29512173507121
"APOC4","APOC4",2.35522469486349,2.86929021115208e-12,2.98853364433774e-13,3.85579867398696,7.29491244264685
"AC018475.1","AC018475.1",1.75794264108834,2.92727473037934e-12,3.05452667977779e-13,10.5487335766523,7.29197111217022
"KNSTRN","KNSTRN",0.868991435373823,2.9326922691296e-12,3.06178233294467e-13,259.497411543681,7.29165154185541
"HMBS","HMBS",0.793101624593483,2.99538405572481e-12,3.13050739450461e-13,501.881294951078,7.28866095777002
"NKG7","NKG7",1.80916584913721,2.99603902865199e-12,3.13201052586751e-13,848.88881207984,7.28859627179147
"RNA5-8SN2","RNA5-8SN2",1.5740123377278,3.04219324845533e-12,3.183584289621e-13,4976.88548468354,7.28639511190525
"AC010468.1","AC010468.1",1.18875523593931,3.05665115225635e-12,3.20038449559997e-13,9.07574641658701,7.28568563875495
"TRMT1","TRMT1",0.501307288315396,3.07475412612704e-12,3.22101896761416e-13,771.324692421479,7.28481923294896
"COPRS","COPRS",0.797648574483601,3.12757478923414e-12,3.27977049675691e-13,1478.42656637261,7.28238189116111
"ATP23","ATP23",0.976355014883872,3.16024531208181e-12,3.31489432855599e-13,295.631424318168,7.28094515731047
"C1orf123","C1orf123",0.660455942034262,3.22936864168886e-12,3.39092972212636e-13,1856.30034243903,7.27788548594454
"PMS2P1","PMS2P1",0.622408159093291,3.22936864168886e-12,3.39089096570007e-13,171.864113398326,7.27788702827709
"NOP16","NOP16",0.825770103136042,3.28902523635207e-12,3.45806418467247e-13,515.944704070478,7.27523948793239
"AC017002.3","AC017002.3",1.6288248391554,3.34639405235113e-12,3.51929580248081e-13,10.2135577233421,7.27286976735765
"PRH1-PRR4","PRH1-PRR4",1.00160958409978,3.5436109555695e-12,3.73251188112255e-13,49.7760399442071,7.26492286912476
"ARPC1A","ARPC1A",0.612576524733931,3.58303860397928e-12,3.77599931570483e-13,2952.41720968241,7.26335688265341
"AP002748.3","AP002748.3",0.982738958524398,3.73674213668517e-12,3.94410636192651e-13,59.8853889196341,7.25746546579121
"HLA-DPB1","HLA-DPB1",1.62052819058696,3.89535051845058e-12,4.11683811179727e-13,44535.9476503819,7.25166345073762
"LINC00847","LINC00847",0.807071268048995,3.91035140153956e-12,4.13487651638819e-13,462.063761638334,7.25107139103485
"APOBEC3G","APOBEC3G",1.17422571095102,3.95200137149935e-12,4.18102934791811e-13,1131.28538660688,7.24956802512181
"N4BP2L1","N4BP2L1",0.541565914054284,3.98918764257306e-12,4.22255059628079e-13,836.952538884707,7.24822938692648
"ZNF480","ZNF480",0.548648166294804,4.06252535254138e-12,4.30461851885447e-13,468.85200453512,7.24562113396363
"SNORD97","SNORD97",2.46381935023416,4.18054287634623e-12,4.4342379425602e-13,3.34870989217363,7.24159946020895
"HRAT5","HRAT5",1.36786794981777,4.23325966708943e-12,4.49246715674619e-13,10.7176584649083,7.23983023559146
"AC112715.1","AC112715.1",1.83454028808947,4.45555121365145e-12,4.73445686217943e-13,6.32510902456468,7.23271115453117
"APOBEC3H","APOBEC3H",1.79351344459504,4.477808645721e-12,4.76055450709047e-13,36.2558385906324,7.23196484474313
"AP000769.1","AP000769.1",0.926062344812838,4.54876252129291e-12,4.83971727585852e-13,74.632180711051,7.22972537075873
"SNHG16","SNHG16",0.721657831572813,4.75107470121721e-12,5.05886448007964e-13,1568.77043846503,7.22370848198879
"METTL1","METTL1",0.760415124754577,4.78287329584319e-12,5.09795041588138e-13,387.686623307998,7.22266229815059
"LINC01303","LINC01303",1.74995164911267,4.90820493268411e-12,5.23690271923589e-13,40.218255176853,7.21900578675777
"SNHG9","SNHG9",1.38925470866406,5.07867941227405e-12,5.42573198775692e-13,67.8680222247338,7.21418658058662
"MYL5","MYL5",0.868412265098081,5.08008501507938e-12,5.42862168200646e-13,248.535715040895,7.21411411775651
"HIST2H2AA4","HIST2H2AA4",1.39252880908202,5.14057067033748e-12,5.49606629498909e-13,646.454404613631,7.21243352683832
"ARV1","ARV1",0.553449756276189,5.41019530032579e-12,5.79024973124296e-13,576.693607508898,7.20533222781594
"COPS3","COPS3",0.529538203051486,5.65976411127563e-12,6.07590731801469e-13,1711.21270431309,7.19876789932492
"HSPBAP1","HSPBAP1",0.604707059808825,5.81108543685563e-12,6.2431181009635e-13,316.172514937412,7.19506464046108
"AL445685.3","AL445685.3",0.763150466875699,5.94640736660667e-12,6.3949996980693e-13,534.5199939376,7.19178431870309
"RNY1","RNY1",2.75153656252422,5.95116081188499e-12,6.40173778419935e-13,1.8066099734355,7.19164056804743
"CASP1","CASP1",0.871562982460832,6.18656081848555e-12,6.66510268239256e-13,1455.7209760465,7.18613524028055
"FXN","FXN",0.591549706062548,6.22927150485066e-12,6.71281915219842e-13,361.774433422293,7.18516068294768
"CALHM6","CALHM6",1.96946910204477,6.35207978519902e-12,6.85557396418922e-13,1047.93381381034,7.18228516222098
"ATG10","ATG10",0.604961040898062,6.37835450508186e-12,6.88567410300239e-13,266.800875403015,7.18168636129942
"AC018797.2","AC018797.2",0.936284838668551,6.54428907921236e-12,7.06838294219145e-13,45.1581307687522,7.17810584852619
"RAB34","RAB34",0.656271487708557,6.67348377628552e-12,7.2115708995353e-13,3608.18578674731,7.17536275832822
"ZSCAN16","ZSCAN16",0.620713328406076,6.71542385469646e-12,7.25872749779481e-13,107.235465242289,7.17447105898683
"GRHPR","GRHPR",0.556745713921408,6.92638079710656e-12,7.49242918542716e-13,2945.44732556524,7.1701341862043
"MTG1","MTG1",0.522872247948085,6.94795017783474e-12,7.51765969131003e-13,714.950935792867,7.16967394259375
"TDRKH-AS1","TDRKH-AS1",1.13936640069427,7.06520086312431e-12,7.65031586124256e-13,16.3076857536411,7.16727875804377
"HRAS","HRAS",0.779350964129324,7.09931399289174e-12,7.69113363256257e-13,1086.26760139508,7.16654996660076
"AC098818.2","AC098818.2",1.34640138811151,7.16866744703238e-12,7.77018600573171e-13,15.8236608225043,7.16514923891577
"LYPLAL1","LYPLAL1",0.584066669320191,7.37790978916525e-12,8.00504925620242e-13,635.525918951005,7.1610687415867
"AC006449.6","AC006449.6",0.872312100454074,7.64643677244876e-12,8.30266939908505e-13,106.098179142175,7.15606350268827
"ARMC2","ARMC2",0.655404636709232,7.66026861887164e-12,8.32187437597575e-13,142.509587183533,7.15574659890053
"SNORD10","SNORD10",3.13630154341547,7.7250854152471e-12,8.39975491376995e-13,2.53089660737218,7.1544687975561
"NPRL2","NPRL2",0.546236197821022,7.7250854152471e-12,8.4007322475159e-13,439.44299585449,7.15445283623874
"DARS-AS1","DARS-AS1",1.11656122768331,7.76470365288671e-12,8.44593711362113e-13,35.0818933838283,7.153716558099
"HIST1H4I","HIST1H4I",1.00640556118102,8.23849955208095e-12,8.98606251862268e-13,136.123802272007,7.14520661082306
"GCHFR","GCHFR",1.47358925252872,8.30944279449161e-12,9.07025436869695e-13,649.572505166461,7.1439255454325
"HCFC1R1","HCFC1R1",0.97524273499797,8.41613105307162e-12,9.19131009566581e-13,2177.32959692469,7.14210386614047
"AC119044.1","AC119044.1",1.28950479926458,8.46189302787923e-12,9.24822320596653e-13,16.7623682970346,7.14125554509437
"APOC1P1","APOC1P1",2.085370718789,8.51546270485545e-12,9.30909759341147e-13,6.75088708646294,7.1403538314107
"RBMX2","RBMX2",0.547384160626798,8.71705869306709e-12,9.53662750540743e-13,851.908128969139,7.13703398254228
"FAM151B","FAM151B",0.806298436187191,8.8514554281216e-12,9.69817106116769e-13,75.5685749709013,7.13472378607938
"SPA17","SPA17",0.69551840690744,9.58391516749542e-12,1.05347388504697e-12,259.518562212877,7.12333364017725
"RN7SL4P","RN7SL4P",1.46353249511593,9.64455952476797e-12,1.06040349538693e-12,31.3170762137108,7.12243034323207
"FDXACB1","FDXACB1",0.578546656704008,1.04528160310098e-11,1.1521260107952e-12,151.473625799655,7.11099106314379
"RPL24P2","RPL24P2",1.63021905230813,1.07402503372517e-11,1.18498130718933e-12,2.87064342820204,7.10710983648071
"EBP","EBP",0.59734043310069,1.09113764145124e-11,1.20445806482773e-12,746.84042973979,7.10485858243195
"GPX7","GPX7",1.08921044941099,1.11776788761365e-11,1.23568645954393e-12,869.192798812523,7.10132249859871
"SSBP4","SSBP4",0.677176765595882,1.12959806296197e-11,1.24907329730514e-12,3443.19377391389,7.09983344402827
"CYBA","CYBA",1.25705848834631,1.1356334866661e-11,1.25605736605491e-12,19845.6761245277,7.09906279138572
"EEF1A1P5","EEF1A1P5",0.724522798662345,1.16732094883128e-11,1.29206184969959e-12,394.044800765035,7.09515543438055
"HSPE1P3","HSPE1P3",1.32257051100658,1.17851537952537e-11,1.30541854930349e-12,8.21999956067298,7.09373302292888
"AL139260.1","AL139260.1",1.06628766127933,1.17935140447073e-11,1.30698906979242e-12,27.2768874909572,7.09356671072612
"DHPS","DHPS",0.564204595678259,1.18131294937145e-11,1.30980845065422e-12,1214.39272105791,7.09326864029607
"MT-ATP8","MT-ATP8",1.09643336929978,1.18434321856149e-11,1.31413913237471e-12,34551.3915216206,7.09281201615364
"ESD","ESD",0.604702815354593,1.1985879250256e-11,1.33059994518403e-12,3407.58029978916,7.09108976809654
"DPEP2","DPEP2",1.15303386697793,1.21479900308958e-11,1.34992419070611e-12,666.104411510146,7.08909440603788
"AP001453.2","AP001453.2",1.38192017696634,1.21796523046787e-11,1.35377539209904e-12,29.8470930545395,7.08870009404455
"LINC00662","LINC00662",0.632028917483248,1.2212733683299e-11,1.35778609681532e-12,328.232770546781,7.08829061925073
"AL034430.2","AL034430.2",0.90933817923722,1.22321923501413e-11,1.36048117732921e-12,41.3992915800976,7.08801612987092
"AL133264.2","AL133264.2",1.8924756711928,1.24995574512068e-11,1.39172372506538e-12,10.5008596244207,7.08487250243076
"ETFRF1","ETFRF1",0.749881043503075,1.27330909898745e-11,1.41807368711518e-12,771.597876447364,7.08227453305065
"AC009403.1","AC009403.1",0.892115583522439,1.28360089021758e-11,1.4298862890836e-12,55.7573814896244,7.08112521243322
"LRRC28","LRRC28",0.525893225017763,1.28895503993459e-11,1.43620280686719e-12,557.381736586665,7.08051445640004
"MRPL46","MRPL46",0.65362677926126,1.29132549234567e-11,1.43919688605644e-12,508.54750471561,7.08022587334912
"SRD5A3","SRD5A3",0.588944272710193,1.31364687929417e-11,1.46479218404861e-12,876.546770348765,7.07778265208302
"ABHD14A","ABHD14A",0.817061710245221,1.3567378735754e-11,1.51358253990774e-12,854.513589529549,7.07323919533676
"TRADD","TRADD",0.55436285544126,1.37097659256146e-11,1.52984190934753e-12,1589.61787791783,7.07175696251973
"CRADD","CRADD",0.625910032453071,1.41309683782085e-11,1.57761514777344e-12,384.707849497478,7.06748964455801
"IMMP1L","IMMP1L",0.605024899154833,1.44439917546167e-11,1.61295648244811e-12,212.760736834868,7.06441361275934
"AP1S2","AP1S2",0.886145440169706,1.45800696156459e-11,1.62974575255082e-12,4238.26093659818,7.06297540735934
"USB1","USB1",0.623067504422605,1.46813635313133e-11,1.64146942731042e-12,1672.15323222701,7.06197972482768
"AL590648.3","AL590648.3",1.16238042053915,1.47442149450514e-11,1.6488994718461e-12,13.8743093224559,7.0613523024196
"AC008026.1","AC008026.1",1.36791807032686,1.47450706763322e-11,1.64939805319556e-12,11.3762145512196,7.06131029959498
"AC008038.1","AC008038.1",0.967513142184686,1.51564704534346e-11,1.69666000294329e-12,114.653205064641,7.05738423975861
"PLA2G2C","PLA2G2C",1.69729676502947,1.57923144686674e-11,1.76999573623524e-12,6.28044872970384,7.05149972833921
"CETN2","CETN2",0.562586817729255,1.60056141403113e-11,1.79565156589301e-12,1350.30110248653,7.04949742534799
"AP000542.3","AP000542.3",1.20053169404742,1.6555212269881e-11,1.85957205501464e-12,18.9050419043165,7.04462832251965
"SFXN4","SFXN4",0.73162006509254,1.77712598567398e-11,2.00004971037218e-12,429.202307776355,7.03448035946817
"RNU4-62P","RNU4-62P",1.90185310801687,1.83006029072703e-11,2.06262430646985e-12,9.20545397305788,7.03018327088369
"ABHD8","ABHD8",0.611990277397677,1.85495423745301e-11,2.09169543921107e-12,729.476307423942,7.02823024084786
"RAB33A","RAB33A",1.27626236244017,1.86969316926756e-11,2.10882630747739e-12,49.8490486427814,7.027091800361
"GALK1","GALK1",0.683427412176521,1.87884952643724e-11,2.11966712059328e-12,1331.69691269344,7.02637604581173
"AL080243.2","AL080243.2",1.95714267337739,1.89416644548527e-11,2.13849989145746e-12,1.99914762423359,7.02514112420157
"AC245297.3","AC245297.3",1.16560842489851,1.91276124859719e-11,2.16001591312664e-12,150.378326175363,7.02374324232563
"URB1-AS1","URB1-AS1",0.972129457301423,1.95038215501315e-11,2.20356572883941e-12,112.03326132919,7.02095515947366
"HMGA1P4","HMGA1P4",1.59984355219128,1.98689494980042e-11,2.24590409774156e-12,8.71673393025727,7.01829597020649
"ARPC5L","ARPC5L",0.713672534397113,1.98902528238897e-11,2.24885560220922e-12,1299.22604099105,7.01811242966578
"MIR4435-2HG","MIR4435-2HG",0.842899023734837,2.01012267552972e-11,2.27325821853534e-12,821.420614526446,7.01660393244662
"RPL21P93","RPL21P93",1.59391033775771,2.0204298020759e-11,2.28601869187581e-12,5.03330590347483,7.01582143015361
"GJA9-MYCBP","GJA9-MYCBP",2.36936632831451,2.06487991452162e-11,2.3380044169998e-12,30.5522745981987,7.01267720871588
"CD48","CD48",1.7958019827119,2.09403954097519e-11,2.37273750004757e-12,1447.9087788648,7.01061445270043
"AC105277.1","AC105277.1",1.0781528736764,2.11903380141074e-11,2.40221624690652e-12,26.1646399775456,7.0088868479727
"RPL13AP20","RPL13AP20",1.50609357022672,2.12531446138182e-11,2.40991694164719e-12,9.21968622514607,7.00843897324769
"NCF1B","NCF1B",1.63756261065513,2.1623470363601e-11,2.45427186235686e-12,1591.74538183037,7.00588629039329
"MT2A","MT2A",1.52948869341112,2.16816255422249e-11,2.46205731723508e-12,16870.9169815914,7.00544290002887
"GAS5","GAS5",1.15033563063231,2.19551878821748e-11,2.49492134763149e-12,3250.28798170879,7.00358628596314
"EIF3L","EIF3L",0.689719332562031,2.20182150360603e-11,2.50268517036014e-12,11588.6719039355,7.00315118122536
"NQO2","NQO2",0.644944598916809,2.28283786397286e-11,2.59913805819146e-12,1945.18429492532,6.99785341643116
"MIR6087","MIR6087",1.93697841633719,2.30198709021609e-11,2.62156949425412e-12,19.1472138772881,6.99664900265804
"AC026979.2","AC026979.2",1.28054720028279,2.30751397178154e-11,2.62849415239685e-12,20.0687039928261,6.99627923715901
"DLEU2","DLEU2",0.736450037643124,2.34063143832857e-11,2.66877646715624e-12,139.692811721408,6.99414698891267
"HMSD","HMSD",2.02265566646034,2.3434131079512e-11,2.67386899609393e-12,10.1507698595345,6.99387967833891
"NR1H3","NR1H3",1.37037573237313,2.3434131079512e-11,2.67382419895471e-12,2340.5130340867,6.99388202759615
"RMND1","RMND1",0.661312163681848,2.37596898137411e-11,2.71296329767545e-12,528.625173886803,6.99184406481223
"ARF4-AS1","ARF4-AS1",1.37225753610521,2.3879582595921e-11,2.72730553433017e-12,10.1386959807918,6.99110447962581
"IGFLR1","IGFLR1",1.44794169648608,2.48236505131432e-11,2.83648477952853e-12,910.807179161438,6.98559636949064
"AC009303.4","AC009303.4",0.827710804413107,2.64776935838844e-11,3.0298254249927e-12,69.1587028019619,6.9763337237227
"LNCTAM34A","LNCTAM34A",1.07430211484058,2.6866756920559e-11,3.07581386095637e-12,25.1826279653907,6.97421591757752
"AL359555.4","AL359555.4",1.68183746636195,2.74831875494444e-11,3.15013994289241e-12,13.4679967484894,6.97085791835671
"AC098583.1","AC098583.1",1.98592899230725,2.7687866042523e-11,3.17586987749697e-12,1.04118122473797,6.96971353689012
"GMNN","GMNN",0.643674343901317,2.76882206576982e-11,3.17666708220648e-12,302.025793138301,6.96967822527085
"HEXIM2","HEXIM2",0.678289371234719,2.78214113915807e-11,3.19422854907025e-12,279.121140064512,6.96890254866278
"AP005019.1","AP005019.1",1.59447952999322,2.78436966209208e-11,3.19754793567393e-12,23.2342921679337,6.96875640390589
"AC093157.1","AC093157.1",0.713909043525052,2.80764899385427e-11,3.22735028747915e-12,88.153890498067,6.96745090088259
"RF00012","RF00012",1.02985888396043,2.81155880380069e-11,3.23261276165832e-12,20.7898811950818,6.96722160483929
"MOK","MOK",0.68309157408298,2.82100048086655e-11,3.24500997963009e-12,205.085579622809,6.96668287792069
"DEAF1","DEAF1",0.54263382080641,2.83489002183138e-11,3.26176176451049e-12,1283.36537402883,6.96595811838166
"CDKN2AIPNL","CDKN2AIPNL",0.664766873890342,2.85570203799535e-11,3.28804841337534e-12,680.653418557684,6.96482816128144
"CBWD1","CBWD1",0.765623995066753,2.92890961124964e-11,3.37554051756905e-12,847.049977240225,6.96113001889835
"AL161421.1","AL161421.1",0.764540627934471,3.0299716305408e-11,3.49449718640201e-12,44.0759131501032,6.95624991981877
"AP002990.1","AP002990.1",0.62769344469823,3.11093353684766e-11,3.59212140405973e-12,645.347155641881,6.95236515398206
"AL627171.2","AL627171.2",0.898233405678925,3.11282459446474e-11,3.5951554853418e-12,17.2712634603313,6.95224608406382
"HINFP","HINFP",0.500697229034034,3.19333980386399e-11,3.68989153543561e-12,397.22916442272,6.94857697627162
"TATDN1","TATDN1",0.726191452168846,3.2335299925291e-11,3.73721464203888e-12,675.535612235046,6.94677861484777
"GBP1P1","GBP1P1",1.28252967116773,3.24492739659547e-11,3.75127402797766e-12,149.929596247187,6.94624863396228
"RNF166","RNF166",0.722742749562183,3.27148375399612e-11,3.78554979594349e-12,1409.30060495601,6.94496469637423
"METTL9","METTL9",0.562934215507154,3.4754353000532e-11,4.03104534242078e-12,4748.58929905354,6.93608870834049
"RNU4-1","RNU4-1",2.37698980791937,3.50423370018675e-11,4.06636261228261e-12,4.91195558519857,6.93485561443819
"LINC01481","LINC01481",1.03520862215027,3.55812939757991e-11,4.13084833200826e-12,47.0874387780483,6.93263095840993
"BOLA1","BOLA1",0.644479249197639,3.61732138465434e-11,4.20352136641299e-12,355.924663777889,6.93016429781648
"AL355001.2","AL355001.2",0.734935850930999,3.66049837446844e-11,4.25669583369427e-12,192.991762856837,6.92838580061811
"DHRS12","DHRS12",0.765971070193936,3.69587180685997e-11,4.30086013973513e-12,431.484536910704,6.92692514099908
"SOCS1","SOCS1",1.3770796486975,3.7005295522897e-11,4.30729142674775e-12,315.965608078854,6.92671366455364
"IFITM1","IFITM1",0.966158527453953,3.70611052425182e-11,4.31480011580562e-12,12930.2740813794,6.92646715182512
"AC009630.1","AC009630.1",1.30103158175973,3.72398418748657e-11,4.33764435947847e-12,6.24427414530439,6.92571974561931
"IL18","IL18",1.65311283752446,3.72658189569901e-11,4.34168835303166e-12,816.987282180012,6.92558783845003
"PTTG1","PTTG1",1.5004787674079,3.8252380589413e-11,4.45871897031164e-12,278.442442307748,6.92182180499161
"FAM216A","FAM216A",0.543738921303359,3.82889120804785e-11,4.46402327515511e-12,170.915023820273,6.92165341713918
"RARA-AS1","RARA-AS1",0.732941373094191,3.87742945960884e-11,4.52167243192724e-12,318.211719718771,6.91983586142802
"CCDC74A","CCDC74A",0.955714709211388,3.90865168444866e-11,4.56021822798322e-12,107.478499629607,6.91863322306469
"SPATA24","SPATA24",0.869503888658518,3.96427510779522e-11,4.628363489606e-12,63.696829620439,6.91653125254637
"AL163051.1","AL163051.1",0.976732746582366,3.98995839400704e-11,4.6616197417345e-12,18.1029251461769,6.91551643998019
"STK32C","STK32C",0.546469272540689,4.05498161482474e-11,4.74312858085322e-12,493.2604045377,6.91305890955749
"MTMR14","MTMR14",0.595078625680937,4.08391827827718e-11,4.77920762476056e-12,2036.98292461446,6.9119842997256
"SLC31A2","SLC31A2",1.20505876782833,4.20924655428822e-11,4.93162360304596e-12,2887.81893849739,6.90753067041926
"RNF126P1","RNF126P1",1.55333139622537,4.32773034875121e-11,5.07990097495429e-12,9.80283949507362,6.90332560696141
"EEF1A1P9","EEF1A1P9",0.969049975680977,4.33537315263254e-11,5.09005667828685e-12,95.3118336516528,6.90304201564415
"SLC22A18AS","SLC22A18AS",1.03714480970725,4.3436714531955e-11,5.10098634001865e-12,53.6542858846655,6.90273743102171
"S100A13","S100A13",1.04567946511124,4.35744671226388e-11,5.11835389382836e-12,2633.1521879033,6.90225475052063
"CYCS","CYCS",0.798936814666661,4.55233934299583e-11,5.35101064334218e-12,3367.23122511368,6.89593912834808
"RN7SKP71","RN7SKP71",2.05417681191203,4.57034064397117e-11,5.37466764984068e-12,4.64708568355303,6.89531208834006
"RPS26P6","RPS26P6",1.58550268555515,4.71156761716474e-11,5.54589832911983e-12,11.561783858814,6.89085259382029
"CRLS1","CRLS1",0.548800285638838,4.71691271634145e-11,5.55347875480623e-12,1343.32517783776,6.89065830416215
"SDHD","SDHD",0.506446428762244,4.82096044792118e-11,5.68124878053609e-12,3925.07211684922,6.88742204142545
"MTRNR2L12","MTRNR2L12",1.89167483592765,4.86801084255838e-11,5.73935538830006e-12,16.8717309083563,6.88597380045694
"SBF2-AS1","SBF2-AS1",0.705423492706118,4.87221876742832e-11,5.74564774999881e-12,146.168930618144,6.88581783375432
"AC006504.5","AC006504.5",0.613183142843609,4.97298689943686e-11,5.86719785561583e-12,142.798954301613,6.88283741723393
"AC073861.1","AC073861.1",1.17889996421824,4.98258161238296e-11,5.88053320982924e-12,9.18385664049121,6.88251412491743
"AC004241.3","AC004241.3",1.20356119016934,5.00085635165179e-11,5.9055441820375e-12,7.56633172549423,6.88190971063103
"AC009093.8","AC009093.8",1.30621074461678,5.19077855794857e-11,6.14400740813498e-12,32.0041263902373,6.87626983504078
"ZNF451-AS1","ZNF451-AS1",1.19934699733925,5.19510467004051e-11,6.15054742896952e-12,32.3010830031394,6.87611819828443
"AC024293.1","AC024293.1",1.49304545869579,5.27273090560501e-11,6.24821277565205e-12,11.4886805342165,6.87387234103305
"CISD1","CISD1",0.779782673175414,5.36982556891879e-11,6.36913926464561e-12,721.671392030865,6.87113878041303
"RPP25L","RPP25L",0.821455035190693,5.37455438184141e-11,6.37621659770906e-12,474.121907286607,6.87098037581908
"PGP","PGP",0.865531328787346,5.508941439907e-11,6.54317561662224e-12,791.479760586986,6.86729264741147
"PPIB","PPIB",0.734012478680206,5.55934441317515e-11,6.60911706377909e-12,19952.7742601336,6.86586150380442
"CCDC57","CCDC57",1.06288195014115,5.58245578498162e-11,6.6396431683994e-12,391.902282733845,6.86520372026212
"PDE6B","PDE6B",1.1616400174314,6.25738008300382e-11,7.4680281435451e-12,77.4133516478612,6.84840043681271
"LINC01585","LINC01585",1.43899450364315,6.32160277335782e-11,7.54670693151387e-12,4.94581661832464,6.84690068650598
"PDCD4-AS1","PDCD4-AS1",0.897482945769398,6.39925669966834e-11,7.64434828573185e-12,70.6243966566566,6.84506064062995
"RAB4A","RAB4A",0.599127430365212,6.66479709245629e-11,7.96519644864718e-12,1916.58945504527,6.83917243439082
"ZMYND19","ZMYND19",0.598344793076168,6.80771165621812e-11,8.14157597728536e-12,425.748165844289,6.83603376913618
"RSL24D1","RSL24D1",0.683005992253296,6.8204524275971e-11,8.15867666548816e-12,4046.18665792352,6.83573301445344
"AL035413.1","AL035413.1",0.878113794480784,7.03259016812549e-11,8.41628048208684e-12,49.0425808420243,6.83127570142932
"BX248409.1","BX248409.1",1.98228736762022,7.04794256046104e-11,8.43850495913557e-12,1.67634261894669,6.83089743781099
"ADA","ADA",0.965747413212142,7.22809684994147e-11,8.66210355032741e-12,702.552394528548,6.8271451645044
"RPS6KB2","RPS6KB2",0.869549328025328,7.4409416929637e-11,8.9253078040686e-12,1607.49344055821,6.82284800290303
"AC091730.1","AC091730.1",2.29235245459442,7.51995330297336e-11,9.02419052615071e-12,5.51702087395907,6.82126562362007
"AP1S1","AP1S1",0.700183481884255,7.78748924083376e-11,9.36013693555226e-12,1767.76486546656,6.81601370717564
"MT-ATP6","MT-ATP6",1.19740313696131,7.80879356319202e-11,9.38787717643785e-12,195965.349143954,6.81558832796684
"SLC25A19","SLC25A19",1.41702276113061,8.06667453968405e-11,9.70672277187042e-12,830.509442915494,6.81078556331593
"MT1G","MT1G",2.35908330722519,8.08442295979859e-11,9.73028857015568e-12,833.178526734723,6.8104367510392
"FKBP1B","FKBP1B",0.864100966931702,8.37975469835927e-11,1.00994830390073e-11,249.064999210019,6.8050775326381
"DNAJC5B","DNAJC5B",2.55496939289251,8.4265819486123e-11,1.01582227812993e-11,76.4248007735874,6.80424260915924
"MTATP6P1","MTATP6P1",1.11938838019582,8.43993375591552e-11,1.0176624406365e-11,18601.0261504206,6.80398202221378
"AC156455.1","AC156455.1",1.03267563735577,8.52112785404344e-11,1.02768541074204e-11,17.3464192147434,6.80257071592995
"ERP29","ERP29",0.52454284199151,8.59383370899379e-11,1.03668886650476e-11,4295.65202669371,6.80131441433844
"EIF5A","EIF5A",0.534059731938844,9.00275767606912e-11,1.08823191778272e-11,14274.4271961392,6.79432185709726
"LIX1L-AS1","LIX1L-AS1",1.12447398293761,9.03157543208717e-11,1.0922088817295e-11,24.3230037530974,6.79379588573702
"PPIL1","PPIL1",0.623216410174432,9.03411980374108e-11,1.09276341897762e-11,739.572227008807,6.79372269477488
"LGALS3","LGALS3",0.800448898156061,9.09995169094308e-11,1.10172097441375e-11,17214.4203293549,6.79254543994811
"TPGS1","TPGS1",0.655505883500232,9.15364803284515e-11,1.10847203698379e-11,962.121723791663,6.79166435545277
"EEF1AKMT1","EEF1AKMT1",0.710514719659268,9.20744855364241e-11,1.11599338189453e-11,306.28075664759,6.79068891041464
"HIST1H2BI","HIST1H2BI",2.72631944610097,9.31685932912798e-11,1.12976370126697e-11,2.24280304154769,6.78891960705197
"RPS27AP16","RPS27AP16",1.64794406340313,9.47529345569097e-11,1.15001102571598e-11,3.81983302685649,6.7863560918694
"AC110995.1","AC110995.1",1.35562398549167,9.72836013839262e-11,1.18125720525197e-11,140.598148146717,6.78248550125783
"CFL1","CFL1",0.620545993531927,9.75730777603419e-11,1.18503874598956e-11,28525.8885607409,6.78202388630694
"LINC00520","LINC00520",1.80480016847813,9.87710415218339e-11,1.20012793149429e-11,9.82487293156843,6.78019619415282
"RHOC","RHOC",0.691844032873993,9.88170274323914e-11,1.20095668739386e-11,12158.3400968267,6.78009646349889
"RPL21P120","RPL21P120",1.7646698751873,9.9265549051781e-11,1.20667894677826e-11,5.47714427002435,6.77940969356386
"AC123768.2","AC123768.2",1.13389213065515,1.02146599737676e-10,1.24198029681865e-11,19.140628274945,6.77524218880156
"RIDA","RIDA",0.828069570565163,1.07058435420463e-10,1.30316492198738e-11,374.798220141943,6.76828651935966
"KIF9","KIF9",0.698240299782473,1.0802348625741e-10,1.31550227669957e-11,192.308674437876,6.76692279441897
"AC011481.3","AC011481.3",1.0078526164929,1.0812688634566e-10,1.31705691228982e-11,40.3910895740136,6.76675184027358
"C9orf66","C9orf66",0.738682982784317,1.13632208995737e-10,1.38690969038487e-11,61.0776186374785,6.75926766204258
"AL356235.1","AL356235.1",0.690461175691476,1.14694863521564e-10,1.40081980365964e-11,35.6946457114364,6.7578214757759
"AL136038.5","AL136038.5",1.4903969458206,1.14937038452325e-10,1.40409163889818e-11,5.62664604813341,6.75748335790949
"AC025682.1","AC025682.1",0.937361645731732,1.16362593901814e-10,1.42246029978064e-11,20.9766921079852,6.75559931464544
"ATF4","ATF4",0.648312678489273,1.1898676105107e-10,1.45713998478345e-11,8575.54018084418,6.75210635029584
"HIST1H2AB","HIST1H2AB",3.50937348205137,1.19544899385625e-10,1.46430171301335e-11,1.01688465511084,6.75139516703503
"SRP54-AS1","SRP54-AS1",1.1000530169903,1.20105780333328e-10,1.47150009293872e-11,13.0822475406285,6.75068376863733
"CHMP1B-AS1","CHMP1B-AS1",1.04147794984493,1.21845391194206e-10,1.49381204483293e-11,130.502474300693,6.74850019041622
"PMFBP1","PMFBP1",1.62119999792597,1.261387545475e-10,1.5495500982146e-11,51.9076848184661,6.74318190115099
"NCF1C","NCF1C",1.58816371328297,1.29126781305197e-10,1.58714531494718e-11,3328.70413194407,6.73969950338486
"MTERF3","MTERF3",0.505871794178873,1.30523499524014e-10,1.60484097340928e-11,341.710463539201,6.73808824548888
"RPS2P5","RPS2P5",1.61799346269925,1.32480865643723e-10,1.62963156678609e-11,6825.70706018841,6.73585998652088
"POLR3GL","POLR3GL",0.594840199849942,1.33846702787299e-10,1.64716399178665e-11,1683.75955518323,6.73430406525155
"RBM15-AS1","RBM15-AS1",1.08342296435195,1.34055119128578e-10,1.65009511646286e-11,12.4574251645219,6.73404552490315
"SNHG25","SNHG25",1.53246089129583,1.34708369448463e-10,1.65850409228332e-11,9.04104077709776,6.73330629799257
"LITAF","LITAF",0.757849928073586,1.3934309344664e-10,1.71763792990569e-11,10832.9134061514,6.7282092538059
"DIAPH2-AS1","DIAPH2-AS1",1.16037570547807,1.4054947019031e-10,1.73387485425627e-11,15.6480205078984,6.72683977143837
"ROGDI","ROGDI",0.868329939225891,1.44241912750141e-10,1.78100276979668e-11,550.79809214186,6.72293481242146
"MOSPD3","MOSPD3",0.616595153247063,1.44946850364268e-10,1.79010290894968e-11,853.267199240354,6.7221924554619
"AL035446.2","AL035446.2",1.7688133377282,1.47855204619564e-10,1.82763721877349e-11,9.48282485300195,6.71916909486798
"PHLDA2","PHLDA2",1.22147917904351,1.49106856483735e-10,1.84433110003516e-11,492.946736043686,6.71784390050134
"SNORA48","SNORA48",2.32349329375881,1.53373088160064e-10,1.89835812280414e-11,2.04269288557153,6.71363423694599
"MIR222HG","MIR222HG",1.7458209981341,1.59621358446886e-10,1.97962060709423e-11,25.5610789882054,6.70751835921845
"RNASEH1-AS1","RNASEH1-AS1",0.923256469146991,1.62115521532658e-10,2.01143906467335e-11,205.897651769596,6.70519041277643
"TPT1P9","TPT1P9",1.50306585706852,1.66468608056319e-10,2.06772396028314e-11,3.28883548151627,6.70115935601403
"RPL4P5","RPL4P5",0.923291873831785,1.71317837897383e-10,2.12842484472089e-11,20.6708983865721,6.69693070485529
"CD3D","CD3D",1.82264420759117,1.77242877060907e-10,2.20397369738022e-11,548.266952003163,6.69182963517719
"UBE2T","UBE2T",1.27321441207185,1.79136058515181e-10,2.22947279034031e-11,114.842421941863,6.69014650757563
"UBE2B","UBE2B",0.592051595954163,1.87805447327339e-10,2.34044822333942e-11,3417.48090019665,6.68303426535822
"NCBP2-AS2","NCBP2-AS2",0.688609796852141,1.9085546667464e-10,2.38002226810311e-11,710.818737292491,6.68057765312184
"MGMT","MGMT",0.671512098608744,1.92075948422605e-10,2.39576683666e-11,1174.4713858155,6.67961139039259
"MGST2","MGST2",0.65569211986981,1.92088461034816e-10,2.39644775290301e-11,1198.24740452048,6.67956974212803
"IFI35","IFI35",0.821609738041639,1.94396585525163e-10,2.42683679680994e-11,1882.72081991773,6.67772269368465
"SYNGR2","SYNGR2",0.727434912661324,1.96401593685725e-10,2.45347710683663e-11,8919.14301147012,6.67612202374714
"AC068282.1","AC068282.1",1.18990995251268,2.06868545372022e-10,2.58875362114773e-11,69.2658198363886,6.66824783848043
"HIST1H3B","HIST1H3B",2.56973212982223,2.18119033024343e-10,2.73431001807614e-11,2.94289039091747,6.66021300923375
"AC090921.1","AC090921.1",1.60522472182824,2.20778007731629e-10,2.76824579218134e-11,3.43495487906746,6.65839997716578
"VMAC","VMAC",0.576239498564581,2.22937532970857e-10,2.79593233786779e-11,177.367186399167,6.65693685530242
"COQ2","COQ2",0.911126722400031,2.25569046253415e-10,2.83016765593508e-11,584.646320778896,6.65514714296638
"PQLC3","PQLC3",0.520375475346251,2.30626026449888e-10,2.89487681496977e-11,2638.52598493161,6.65182149367608
"CORO1B","CORO1B",0.513553705933579,2.31029332331492e-10,2.90057045838194e-11,5009.24504441763,6.6515323673192
"MT1H","MT1H",2.93089053568779,2.33477114433001e-10,2.93257819899042e-11,109.007441423171,6.64991726439225
"ARMH1","ARMH1",1.63670558916541,2.35436899282906e-10,2.95976713462294e-11,76.5728539225826,6.6485588130024
"AC246787.1","AC246787.1",1.56740202365743,2.37368277462112e-10,2.98599292176169e-11,5.15126207006226,6.64726000720512
"AC138696.2","AC138696.2",1.15250558000132,2.37368277462112e-10,2.98550973639252e-11,9.40496866247982,6.64728383535604
"AC069503.2","AC069503.2",1.09538345230591,2.42570794290877e-10,3.0547522907365e-11,9.58739295843378,6.64390706449891
"GABARAPL2","GABARAPL2",0.574749484147661,2.43251107594094e-10,3.06398427828294e-11,3902.12918318227,6.64346251633182
"MARCH9","MARCH9",0.59675634637079,2.48732006465511e-10,3.13709921540151e-11,637.538719421957,6.63998742207183
"POLB","POLB",0.726348543865778,2.48852570472271e-10,3.13929975647006e-11,423.520525950593,6.63988406525942
"AC087343.1","AC087343.1",1.83715807763436,2.49131933692905e-10,3.14350465803393e-11,2.50786196118653,6.63968676305308
"MTCH2","MTCH2",0.521082775204382,2.49616442461771e-10,3.15030013861286e-11,2359.23025018552,6.63936845118477
"AC093484.3","AC093484.3",0.629676890405402,2.54790400214574e-10,3.21699073578936e-11,5032.0236667663,6.63627973194582
"GPS2","GPS2",0.52329818552481,2.55056650792434e-10,3.22104931818528e-11,1539.5616512969,6.636093790529
"AL049873.1","AL049873.1",1.71437165922524,2.58961638265415e-10,3.27107203393812e-11,4.66786936647389,6.63382067352319
"METRNL","METRNL",0.786667474233487,2.60900961613949e-10,3.29699430985687e-11,7343.07073849811,6.63265606940199
"AC009275.1","AC009275.1",1.28209263060888,2.63265030417137e-10,3.32902691540891e-11,18.2574045446585,6.63122926428696
"SNHG18","SNHG18",1.06180199077813,2.63503519250179e-10,3.33276261812912e-11,262.369507256534,6.63106374321955
"BTG3","BTG3",0.544975892450253,2.6410286624013e-10,3.34106470311156e-11,763.94640711155,6.63069654463837
"CMTM3","CMTM3",0.669056074594588,2.64216921783777e-10,3.34428943572535e-11,4057.90729973897,6.63055415647424
"RNU6-1","RNU6-1",1.29825651520998,2.67155608060065e-10,3.38698330937649e-11,2.08426502402929,6.62868156929351
"RNU6-2","RNU6-2",1.29825651520998,2.67155608060065e-10,3.38698330937649e-11,2.08426502402929,6.62868156929351
"RNU6-3P","RNU6-3P",1.29825651520998,2.67155608060065e-10,3.38698330937649e-11,2.08426502402929,6.62868156929351
"RNU6-4P","RNU6-4P",1.29825651520998,2.67155608060065e-10,3.38698330937649e-11,2.08426502402929,6.62868156929351
"RNU6-5P","RNU6-5P",1.29825651520998,2.67155608060065e-10,3.38698330937649e-11,2.08426502402929,6.62868156929351
"RNU6-6P","RNU6-6P",1.29825651520998,2.67155608060065e-10,3.38698330937649e-11,2.08426502402929,6.62868156929351
"RNU6-9","RNU6-9",1.29825651520998,2.67155608060065e-10,3.38698330937649e-11,2.08426502402929,6.62868156929351
"RAB11B-AS1","RAB11B-AS1",0.867952592137839,2.71644719033065e-10,3.44538043594494e-11,98.1423892106735,6.62615729206677
"MT-RNR2","MT-RNR2",1.31492986994061,2.75306409772694e-10,3.4953994716382e-11,567464.742800028,6.62402823764636
"HLA-DMB","HLA-DMB",1.38167008335538,2.76887908700345e-10,3.5171777577199e-11,9601.2539942425,6.62311054889696
"AC004988.1","AC004988.1",1.68715001756862,2.83307081228444e-10,3.60103976030689e-11,21.5754568795945,6.61962797463286
"FLJ20021","FLJ20021",0.777261250009541,2.85206104728259e-10,3.62673628078723e-11,223.909505591373,6.61857673827637
"TSPAN33","TSPAN33",1.15718032459992,2.8632891074539e-10,3.64179644121367e-11,1507.79415194867,6.61796401451433
"CST7","CST7",1.55966995823335,2.90614062522299e-10,3.69868112032806e-11,535.015619418498,6.61567181540037
"AL356432.3","AL356432.3",1.687434256941,2.91718341440738e-10,3.71353248113992e-11,8.99677917235743,6.61507905069053
"TRPT1","TRPT1",0.935556411157941,2.92729967921914e-10,3.72721017108697e-11,577.983277951419,6.61453517935646
"C6orf203","C6orf203",0.534270085089381,2.92936103259192e-10,3.73063520121067e-11,366.0659843222,6.61439929431345
"FAM98C","FAM98C",0.579493408901349,2.93622272901063e-10,3.74017606017858e-11,498.661216759862,6.61402141186218
"TPGS2","TPGS2",0.534567633221303,2.93928327844928e-10,3.74568081387127e-11,1993.96227865594,6.61380381532934
"AL133352.1","AL133352.1",0.824025610179238,2.96719555907989e-10,3.78530453437089e-11,67.8981128051453,6.61224670693733
"RPS26P31","RPS26P31",1.7784451920147,3.0222132499268e-10,3.85796887993061e-11,6.29777923423786,6.60943218852287
"FMC1","FMC1",1.08781315768957,3.05445398038526e-10,3.89995995801534e-11,353.661198353628,6.60782929878961
"AC006453.2","AC006453.2",1.13243578864349,3.1073913430779e-10,3.96839999386489e-11,721.850419668949,6.60525264056587
"CGRRF1","CGRRF1",0.56328880559059,3.27318678112929e-10,4.18550073381378e-11,591.281855188164,6.59735770694703
"IQCK","IQCK",0.50624153267521,3.50275911508348e-10,4.48958796930424e-11,282.032915709523,6.58694820972939
"VBP1","VBP1",0.520049534772257,3.54721015373721e-10,4.54946978377619e-11,1503.93344205085,6.58497988543637
"HDHD5","HDHD5",0.514397897657587,3.57072881852182e-10,4.58353615929821e-11,1209.33473067174,6.58387140009454
"LINC00539","LINC00539",1.20075137328821,3.57175040843272e-10,4.58679934414432e-11,17.0537280757242,6.58376564273434
"AC026785.2","AC026785.2",2.14844023050905,3.57733419471884e-10,4.59494741642484e-11,3.83944209833744,6.5835018908991
"SVIP","SVIP",0.83421896509508,3.61501584319702e-10,4.64631124522495e-11,598.535836433629,6.58184971181637
"Z93930.2","Z93930.2",1.00841654322602,3.66215684686349e-10,4.70890191571889e-11,43.0322908899152,6.57986039513344
"AC135050.7","AC135050.7",0.977997575406928,3.67802752086956e-10,4.7303138175177e-11,28.9524437659525,6.57918579588051
"HLA-DPB2","HLA-DPB2",1.95845969420043,3.73777685378592e-10,4.808178755601e-11,73.0005122835049,6.57675753256929
"PSTK","PSTK",0.584972841533101,3.91805810551701e-10,5.04972269289427e-11,80.5007538336131,6.56946244919322
"LINC00239","LINC00239",1.82535235830681,3.97155590866979e-10,5.12192789117774e-11,9.93067428692551,6.56734791859217
"RNF126","RNF126",0.556107253648209,4.0471983859779e-10,5.22169206223876e-11,1532.6554613035,6.56447380967334
"AC006449.2","AC006449.2",1.34267845443246,4.1324637773709e-10,5.33621787804444e-11,8.87612036636631,6.56123993046794
"LNCAROD","LNCAROD",2.05215531411503,4.29367240318574e-10,5.55729013740563e-11,19.1633207509505,6.55518509945673
"ZNF738","ZNF738",0.591242174666651,4.3604059517523e-10,5.64485461335075e-11,107.42299774285,6.55285176114403
"MRPL10","MRPL10",0.510353993149545,4.37867651555581e-10,5.67089993817714e-11,1329.32015712675,6.55216455819801
"ZNF557","ZNF557",0.590916816728534,4.39348721353963e-10,5.69128196928642e-11,230.189792532636,6.55162893053205
"HSD17B7","HSD17B7",0.608332211283493,4.46117922012209e-10,5.78506423090779e-11,191.766532098574,6.54918832239427
"AP000763.3","AP000763.3",1.80596440552426,4.4887070509532e-10,5.82321404353283e-11,5.08347188091235,6.54820656044737
"CPNE9","CPNE9",1.38531120659023,4.49807965354617e-10,5.83783118509913e-11,12.6815174044641,6.5478320634674
"ARL3","ARL3",0.631211964425352,4.53785009408779e-10,5.89316688904048e-11,1460.58408951573,6.54642260106342
"NDUFAF6","NDUFAF6",0.687683455047381,4.57216832460041e-10,5.94023344448617e-11,245.246748342007,6.54523391407358
"PMF1-BGLAP","PMF1-BGLAP",0.785786589965925,4.61086210389839e-10,5.99302468052259e-11,141.334235476233,6.54391155987815
"EEF1B2P3","EEF1B2P3",1.35866582129116,4.62638487038611e-10,6.01572873525712e-11,6.70424535468581,6.54334635202801
"SCOC-AS1","SCOC-AS1",0.890913262778595,4.68223199360559e-10,6.09090590495811e-11,21.5502796099675,6.54148962830656
"HTR3E-AS1","HTR3E-AS1",2.0639520051766,4.76646244759396e-10,6.20439555482966e-11,2.70514295124687,6.53872869814582
"YPEL3","YPEL3",0.76244342557171,4.78457639226855e-10,6.23057763478562e-11,2485.34591228506,6.53809876594887
"AL139089.1","AL139089.1",1.532237901725,4.80182393336639e-10,6.25697378021922e-11,11.0120922232941,6.53746629889736
"AC010186.2","AC010186.2",0.916165820156195,4.94421066930673e-10,6.45331685764043e-11,196.889678127889,6.53284210567495
"ARL17B","ARL17B",0.716515698860289,4.98732154494936e-10,6.51231171980463e-11,157.18805231305,6.53147954607184
"TMSB4XP2","TMSB4XP2",1.74052837099563,4.98881642001107e-10,6.51562678970816e-11,2.17784948436843,6.53140333909882
"GIMAP2","GIMAP2",0.824255311286676,5.39262992761517e-10,7.06660103632404e-11,1319.1827478351,6.51923681777644
"AC104653.1","AC104653.1",1.33957118171853,5.39437743709062e-10,7.07036491863813e-11,8.78132181049222,6.51915693777566
"HAAO","HAAO",0.648670805358187,5.48004183065632e-10,7.19013111582601e-11,395.902321221177,6.51663664486929
"GBGT1","GBGT1",1.16762478809517,5.64095563645513e-10,7.41204832255328e-11,954.202844143426,6.51207339792178
"BCKDK","BCKDK",0.700320047058221,5.98876921470132e-10,7.87888296641626e-11,2423.98525186398,6.50289492923614
"DOK2","DOK2",1.15230150950886,6.06452484296306e-10,7.98351886483129e-11,3925.56208690842,6.50091074966254
"SLC16A1-AS1","SLC16A1-AS1",0.9565647217818,6.20136646138983e-10,8.1738276482266e-11,224.201473001168,6.49736630157889
"MKLN1-AS","MKLN1-AS",0.51577857976387,6.29823158371102e-10,8.31010692033676e-11,87.9790685709958,6.49487737773706
"CBR1","CBR1",0.658190080963985,6.41780889206596e-10,8.4713884962897e-11,2601.33086022787,6.49198288420784
"CKS1B","CKS1B",0.787232850324055,6.54120890781093e-10,8.650359603761e-11,992.264064406856,6.48883332847013
"DTD1","DTD1",0.579788927198048,6.55206952930081e-10,8.66651236136102e-11,1480.44812901709,6.48855221224631
"ASGR2","ASGR2",1.29867944295143,6.62975473084183e-10,8.77470201814198e-11,114.145385717109,6.48668242556383
"LINC02356","LINC02356",1.45664228051619,6.66473778515414e-10,8.8243427548362e-11,6.81640430286924,6.48583204189464
"DPYD-AS2","DPYD-AS2",2.10331837597869,6.76992241370286e-10,8.96946741278318e-11,1.98263357623059,6.4833725091229
"AC109826.1","AC109826.1",1.44655856471781,6.80605656584329e-10,9.01920116515204e-11,84.6597566695208,6.48253857906294
"DPRXP4","DPRXP4",1.59459803559215,6.86225151121377e-10,9.09929412932605e-11,8.41694771961674,6.48120499349634
"TPH2","TPH2",0.734051185093933,6.91374651860268e-10,9.17324328378771e-11,62.904585589586,6.4799838562576
"CST3","CST3",0.79372636213909,7.04872172244049e-10,9.35425596488797e-11,78333.8744553095,6.47703490537863
"TSTD1","TSTD1",1.42278840695197,7.06067724033435e-10,9.37205115810385e-11,343.054866169412,6.4767480149565
"ZMYND12","ZMYND12",0.861118645601503,7.08716324949362e-10,9.40914402833124e-11,50.7111201640309,6.47615171953522
"CARD8-AS1","CARD8-AS1",0.656816188709476,7.28487937622657e-10,9.68159055874915e-11,342.680691097751,6.4718411036139
"HIST1H4D","HIST1H4D",2.63898693836481,7.369930475124e-10,9.79865069864023e-11,2.42203405648792,6.47002530423789
"AC096667.1","AC096667.1",1.38766239488285,7.37608065666542e-10,9.80884301647329e-11,49.0657827950369,6.46986820929297
"PITPNA-AS1","PITPNA-AS1",1.2983452861949,7.38675629668795e-10,9.82505796668678e-11,78.6260089142721,6.46961861567088
"SRP14-AS1","SRP14-AS1",0.783731803778351,7.44806022544894e-10,9.91270290394869e-11,99.1238992141448,6.46827644636209
"YEATS4","YEATS4",0.516067986917304,7.47600679039876e-10,9.9519399663441e-11,415.719522078708,6.46767933670656
"AC139495.1","AC139495.1",1.2429971053872,7.49233832513876e-10,9.97572738555731e-11,48.9692177191872,6.46731845933072
"CRAT37","CRAT37",1.51528841542464,7.54119276046256e-10,1.00428354639456e-10,5.67918935303941,6.46630488339451
"HIST1H2BK","HIST1H2BK",0.888561549650935,7.61753583344344e-10,1.01486665547884e-10,268.311706953656,6.46471982633821
"DPH5","DPH5",0.53402503904258,7.66227608541762e-10,1.02124601067426e-10,565.35793709923,6.46377216297141
"SERGEF","SERGEF",0.664995331097607,7.68414788309001e-10,1.0243710899641e-10,630.139323287817,6.46331003734573
"RNASE6","RNASE6",1.22221450324517,7.71894949255842e-10,1.02980811499797e-10,1635.53621623354,6.46250930450258
"AC090772.4","AC090772.4",0.907302272853844,7.78718418128757e-10,1.03917067519354e-10,22.9685838476082,6.46114007908533
"YES1P1","YES1P1",1.56873197665067,7.9185562550228e-10,1.05741077293767e-10,16.1694138596778,6.45850685074856
"ANKRD13D","ANKRD13D",0.74470287005192,8.03025254720934e-10,1.07380135976509e-10,965.796305566339,6.45617823317373
"AC019171.1","AC019171.1",0.894546113120157,8.39331825444324e-10,1.12464364380966e-10,28.7983378070767,6.4491699887961
"CCDC85B","CCDC85B",0.746359565236097,8.41454767949605e-10,1.12771814442821e-10,4045.1172115752,6.44875618152505
"AC009119.1","AC009119.1",1.17513184319845,8.56960153919952e-10,1.14943506532775e-10,20.2266433398994,6.44586425604475
"RGSL1","RGSL1",1.59579668006409,8.67226784283779e-10,1.16391649072432e-10,4.4200309773992,6.44396537527486
"ZNF691","ZNF691",0.530906315186012,8.74785089601914e-10,1.17525568610416e-10,249.302914532096,6.44249457249476
"FUNDC2","FUNDC2",0.649788345955201,9.03390050405553e-10,1.21541370206753e-10,2758.62165146512,6.43739496813265
"MED18","MED18",0.526314711934909,9.04425390997502e-10,1.21705375848048e-10,383.753639497526,6.43719021720932
"ATP6V0C","ATP6V0C",0.601713522087699,9.10935089240403e-10,1.22631142509016e-10,12199.5511430318,6.43603948826733
"UBXN8","UBXN8",0.530739283917927,9.19909140706918e-10,1.23889509400377e-10,369.088225318104,6.43448887767844
"GPR160","GPR160",1.02134667775127,9.31591767559181e-10,1.25488330666596e-10,394.94970442968,6.4325408013774
"CHCHD10","CHCHD10",1.27431249679049,9.43806926872571e-10,1.27185326466174e-10,1319.90789887527,6.4304994671297
"AL590483.3","AL590483.3",1.57558845047049,9.50053436483554e-10,1.28053050689182e-10,4.36978771309787,6.42946593606111
"HIST3H2A","HIST3H2A",1.0882742420808,9.61926717159913e-10,1.29705957790764e-10,270.372130518652,6.42751598793817
"AC027097.2","AC027097.2",0.575816161389167,9.78020358726353e-10,1.31929465587366e-10,79.3553046467288,6.42493086235711
"TMEM91","TMEM91",0.663143273568099,9.80283506085931e-10,1.32261535917712e-10,319.760600529944,6.42454844526972
"AP000240.1","AP000240.1",1.41614896255247,9.95458303436698e-10,1.34417741894154e-10,13.7838800510312,6.42208792260914
"AC007881.1","AC007881.1",1.3861896639191,1.00089274672252e-09,1.35178907813039e-10,7.04980699178232,6.42122853260925
"RPLP0P6","RPLP0P6",1.24804582017624,1.00343830381068e-09,1.35577540707227e-10,23.5749942762337,6.42078034357061
"AC006480.2","AC006480.2",1.53110169185403,1.00354223828452e-09,1.35619003539857e-10,41.0224946694146,6.42073380024432
"CTSH","CTSH",0.998270951399187,1.01330237100486e-09,1.37021050687261e-10,9769.89062483185,6.41916808946683
"CIR1","CIR1",0.543235138112668,1.0266225690891e-09,1.38850288723491e-10,2058.98410393432,6.41714869686755
"RPL24P4","RPL24P4",1.24491335789237,1.03434354467062e-09,1.40007593658249e-10,9.68522419006306,6.41588447178835
"AC007388.1","AC007388.1",0.773987646914943,1.05036708166423e-09,1.42262619847799e-10,155.517498896027,6.41345018054789
"AC092155.2","AC092155.2",1.54680374416018,1.06297852448384e-09,1.44057856264921e-10,3.67744953860813,6.41153904097626
"AC018362.1","AC018362.1",1.72672517067016,1.07520344010518e-09,1.45832123191402e-10,30.3372366055104,6.40967295779981
"AC243772.3","AC243772.3",1.377551726789,1.10157771836393e-09,1.49529716790951e-10,24.9535863887069,6.40585429333029
"PDCL3","PDCL3",0.575925614890991,1.10389951597913e-09,1.49875042894622e-10,686.182440209487,6.40550238454873
"UBA6-AS1","UBA6-AS1",0.613920716534157,1.16102363676684e-09,1.57900263683269e-10,221.055095792429,6.39753986528196
"PMVK","PMVK",0.608680861551173,1.16102363676684e-09,1.57916218033971e-10,1620.70171185648,6.39752443293315
"AC004241.1","AC004241.1",0.846853580734339,1.20359932289905e-09,1.63871565507417e-10,33.5022722339101,6.39186778741176
"NRAV","NRAV",0.634956279817766,1.20371692244413e-09,1.63920466172889e-10,135.855419605168,6.39182217601325
"LINC01356","LINC01356",1.45952527966429,1.21006694091189e-09,1.64818265538561e-10,7.29144337746675,6.39098712094892
"SHLD2P1","SHLD2P1",0.901180055036924,1.21311187144163e-09,1.65266149102652e-10,30.3040204462781,6.39057219882163
"NFKBID","NFKBID",1.41694932316677,1.22155823621546e-09,1.66450201481092e-10,180.635794770464,6.38948055477452
"OR52I1","OR52I1",1.73256255388213,1.32090181221792e-09,1.8052818013372e-10,18.5873658747794,6.3770528477178
"AC079209.1","AC079209.1",1.49396464429143,1.32121654513664e-09,1.80607294606918e-10,8.02851462480928,6.37698571920991
"AC124248.1","AC124248.1",1.65157696852772,1.32658987839489e-09,1.81414310264391e-10,7.04977038255148,6.37630260422558
"SETD9","SETD9",0.81877712789807,1.33505538584607e-09,1.8264494431354e-10,207.31451374455,6.37526660341802
"LINC01615","LINC01615",1.25555647420738,1.35717376551952e-09,1.85782140639165e-10,73.1667353802311,6.37265611980994
"AC046143.1","AC046143.1",1.07517145577131,1.37363113748262e-09,1.88072505530899e-10,20.1901092179077,6.37077734868021
"RPS15AP16","RPS15AP16",1.61352513037486,1.38038842421082e-09,1.89035404851079e-10,7.38369580712066,6.36999415448912
"AC004922.1","AC004922.1",1.01669976276508,1.41278749150795e-09,1.9358805622865e-10,107.805713033026,6.36634316086114
"VDAC2","VDAC2",0.56182186685375,1.42685491657657e-09,1.95554639786554e-10,4153.76145745134,6.3647919366006
"SOD1","SOD1",0.624192582314003,1.47263809271304e-09,2.01909832214925e-10,6648.9729372128,6.35988121264713
"AL133372.2","AL133372.2",1.28964249746627,1.49778751965094e-09,2.05491664942268e-10,11.9697739799616,6.35717961681755
"AC018755.3","AC018755.3",1.09875682220189,1.49778751965094e-09,2.05521706158283e-10,20.1329395232849,6.35715715334026
"HAUS7","HAUS7",0.521761987323287,1.50570947553391e-09,2.06691013554534e-10,464.580729544054,6.35628528060612
"ZNF763","ZNF763",0.670587351472806,1.53509726073374e-09,2.10850950291224e-10,84.0246074011654,6.35322208960249
"CD40","CD40",0.897096597224387,1.55754767045045e-09,2.14062263514461e-10,1678.45099611387,6.35089753478911
"IFT52","IFT52",0.580813715957079,1.55801190539757e-09,2.1416863564729e-10,1455.22729324842,6.35082112000113
"OPN3","OPN3",0.797106630247886,1.56191877616264e-09,2.14748361475734e-10,723.834850762749,6.35040531158216
"IDO2","IDO2",1.62764122420479,1.58382246130768e-09,2.17803176255132e-10,10.8741641512475,6.3482321977897
"IL15RA","IL15RA",0.858071289711675,1.62150738953367e-09,2.23472861903545e-10,688.411266450688,6.344276700409
"ANAPC16","ANAPC16",0.647755233191489,1.6246696317397e-09,2.23953066808568e-10,3127.64248042988,6.34394619822216
"TTC39C-AS1","TTC39C-AS1",1.8739304578315,1.63552541329864e-09,2.25494172942018e-10,7.39410156527523,6.34289018437887
"CCDC189","CCDC189",1.0824018842284,1.63993564416107e-09,2.26147031232573e-10,45.2243796499508,6.34244494983069
"HCG25","HCG25",1.48456309686629,1.64208257332747e-09,2.26487959511381e-10,23.4992015753965,6.34221294323758
"AP003774.4","AP003774.4",1.8051467003279,1.66230011911608e-09,2.29412768153647e-10,9.1358542692549,6.34023647094863
"AC103702.2","AC103702.2",1.59938857318801,1.68100316204529e-09,2.32039891107757e-10,5.49377830611098,6.3384820345392
"NUDT16P1","NUDT16P1",0.731626190582196,1.72138545191594e-09,2.37802258118719e-10,151.210007285062,6.33470081733024
"AC087239.1","AC087239.1",1.3769704894697,1.73247905701542e-09,2.39382130422334e-10,8.73598670744166,6.33367974732129
"GZMA","GZMA",1.64727910272556,1.75707205907709e-09,2.42924249813658e-10,624.880522498641,6.33141419637028
"ANXA2R","ANXA2R",0.819756435722001,1.77211549513326e-09,2.4510092178378e-10,170.349541755696,6.33003794169885
"LRRC37A5P","LRRC37A5P",1.44794732690353,1.7722116946956e-09,2.45162649532605e-10,5.46150774459564,6.3299990871065
"SNHG5","SNHG5",1.20381167089095,1.80671679937678e-09,2.5023217727372e-10,5404.13974769225,6.3268402476813
"AC108488.1","AC108488.1",0.815407522639946,1.80820098863324e-09,2.50487144795501e-10,69.5868240005966,6.32668303208771
"PLA2G1B","PLA2G1B",1.71810718967427,1.81103305482331e-09,2.50928949452416e-10,6.20194747132496,6.32641098049199
"YTHDF3-AS1","YTHDF3-AS1",0.977252328635724,1.86437212434459e-09,2.58675965119862e-10,29.5595573482162,6.32171510732153
"SP2-AS1","SP2-AS1",0.667073544220228,1.88734439655871e-09,2.6196643445226e-10,72.0319865219252,6.31976200803076
"CCDC151","CCDC151",1.19796318920508,1.94053929134547e-09,2.69562057903231e-10,47.3705549666152,6.31534349828837
"CD99P1","CD99P1",0.758659713409222,1.94335766983459e-09,2.70028464735612e-10,133.209125033386,6.31507615828433
"OLA1","OLA1",0.525357976994359,1.94722094693826e-09,2.70756233748704e-10,2131.87084451456,6.31465990743597
"SDSL","SDSL",1.15254126201124,1.94967296193654e-09,2.71150451549414e-10,444.144208387433,6.31443488875949
"AL445472.1","AL445472.1",0.79739317729628,1.95370179220504e-09,2.71764141755672e-10,45.3334528898158,6.31408523072957
"ALOX5AP","ALOX5AP",1.11332147513279,1.98849804820448e-09,2.76930368362475e-10,2558.83258563691,6.31117190857211
"AL031733.2","AL031733.2",1.45206723785991,2.02275220599812e-09,2.81756079296658e-10,24.1319876710692,6.30849816091602
"CD33","CD33",1.16121694570525,2.04646504855653e-09,2.85226869933246e-10,677.457764293109,6.30660263159048
"LINC01137","LINC01137",0.750130840557102,2.18892676316648e-09,3.05740419500726e-10,214.502778493281,6.29583959128796
"AC009951.2","AC009951.2",1.5576228680214,2.19218286014772e-09,3.06255115274606e-10,17.0174181143925,6.29557870666651
"AL445213.1","AL445213.1",3.00999509962403,2.19933923402055e-09,3.07314976987925e-10,0.912364446244653,6.2950428387879
"BCL2A1","BCL2A1",1.98610751254094,2.21335193664537e-09,3.09393931743428e-10,646.245368803002,6.29399693716396
"AL592166.1","AL592166.1",1.0295951638891,2.26809238856641e-09,3.17479638968981e-10,9.63181165678607,6.28999331679077
"SAP30","SAP30",0.606660502088504,2.26809238856641e-09,3.17446782181645e-10,430.548771494004,6.29000938338697
"AC107993.1","AC107993.1",1.73423884993204,2.26940565242684e-09,3.17725472363593e-10,10.090420620455,6.28987315854263
"VKORC1","VKORC1",0.913604735304534,2.27054668283042e-09,3.17947259474464e-10,9095.9641248165,6.28976483148596
"SELENOS","SELENOS",0.517453846816863,2.35165801112726e-09,3.29498136043624e-10,2839.80060492927,6.28422268000225
"BAK1","BAK1",0.759481504403368,2.35736567206809e-09,3.30362264871642e-10,1255.48676535068,6.28381572777869
"TPMT","TPMT",0.750117710607535,2.37054422942902e-09,3.32338655187308e-10,1259.40020469809,6.28288886126798
"FLJ21408","FLJ21408",0.891914510301731,2.3988002955402e-09,3.36627730754787e-10,19.1668906712081,6.28089579164461
"AC079781.5","AC079781.5",0.881922747881802,2.41733174549712e-09,3.39294329807337e-10,129.559938228413,6.27966912446777
"CXCL2","CXCL2",2.00212841211486,2.46457183278844e-09,3.46194261929708e-10,256.977786384563,6.27653824378128
"GTSF1","GTSF1",1.38954381332625,2.50075723526748e-09,3.5148215028323e-10,44.9872503167745,6.27417980222436
"LINC02084","LINC02084",1.34941800184031,2.54586993859274e-09,3.57961876116786e-10,18.7240238493008,6.27133657868675
"AC122710.2","AC122710.2",1.29828003160272,2.54727797674407e-09,3.58229452889471e-10,16.6695992209375,6.27122025246474
"SYF2","SYF2",0.51509448443081,2.59237224497852e-09,3.64712825197256e-10,2727.4148597412,6.26842730088098
"AC067945.1","AC067945.1",2.19372012015126,2.59935795657609e-09,3.65840785871248e-10,2.51660623172127,6.26794634538615
"EIF2B2","EIF2B2",0.502232505577435,2.59935795657609e-09,3.65908691283369e-10,1108.04682152962,6.26791743715557
"TMEM106C","TMEM106C",0.713734665141538,2.61583900227852e-09,3.68443128411863e-10,1113.02034916225,6.26684222261948
"LINC00877","LINC00877",1.24511984935331,2.63104705087729e-09,3.70657083371767e-10,63.5271340298097,6.26590886249063
"SELENOW","SELENOW",0.875043072034629,2.65282913267306e-09,3.73798186759063e-10,6951.33629020045,6.26459393118133
"CD27-AS1","CD27-AS1",0.563534175810697,2.69406928012013e-09,3.80050812679588e-10,343.116707435845,6.26200825595472
"AP000437.1","AP000437.1",1.3943196538226,2.73103831148982e-09,3.85340633365212e-10,13.8832999011717,6.25985295901228
"ARHGAP11B","ARHGAP11B",1.05760318399892,2.75135270141821e-09,3.88357279038402e-10,18.895214068058,6.25863674625251
"KLRC1","KLRC1",1.56147152343167,2.78775347072356e-09,3.93647638916346e-10,26.0097487501983,6.25652594659778
"BACH1-IT1","BACH1-IT1",1.15791290047775,2.78775347072356e-09,3.93579207116552e-10,10.3036350774927,6.25655307297162
"NUDT18","NUDT18",0.525391475078717,2.80797937864776e-09,3.96733827891133e-10,575.882282720996,6.25530734170547
"CENPH","CENPH",0.749115380257668,2.81136859300004e-09,3.97289498702047e-10,204.04629125314,6.25508891439092
"AC109322.1","AC109322.1",0.731099736563864,2.81645487261793e-09,3.98085222439207e-10,22.6343520763682,6.25477664399731
"AC106872.2","AC106872.2",1.66496074570872,2.82524895051411e-09,3.99405395501517e-10,4.03139653360348,6.25425990256329
"AL645728.2","AL645728.2",1.82328488448041,2.84427666371455e-09,4.02406201391129e-10,4.79976044551971,6.25309150391908
"RPL21P28","RPL21P28",1.62891894790364,2.85218173952338e-09,4.03680466972624e-10,4.12273462003546,6.25259792443104
"RNU4-51P","RNU4-51P",2.46620704328921,2.94917242050635e-09,4.17569099785893e-10,1.7153225400843,6.24731473988653
"LINC00937","LINC00937",1.09778326136005,2.95188045748428e-09,4.18033181538868e-10,55.6996992095778,6.24714118137367
"AC068522.1","AC068522.1",2.29302971857995,3.05244030764495e-09,4.32607663481361e-10,1.53296062042524,6.24178415373276
"POU5F2","POU5F2",0.981898519879418,3.08363322936426e-09,4.37112740619738e-10,61.4513132690714,6.24016386450428
"RN7SL718P","RN7SL718P",2.08683611060561,3.16011213593992e-09,4.48385538455587e-10,20.1129120876138,6.23617986151623
"AC108134.2","AC108134.2",1.03703402741661,3.16484341792503e-09,4.49143329399782e-10,13.110863468169,6.23591556318989
"ISG20","ISG20",1.39342519705503,3.19084176901247e-09,4.5292010683406e-10,1128.18797845221,6.23460477502666
"HIGD1B","HIGD1B",1.33657505337028,3.20991924383663e-09,4.55803445728544e-10,67.4604519857728,6.23361122989145
"DLGAP3","DLGAP3",0.919242055494954,3.21136122347908e-09,4.56183693567249e-10,42.0362038616988,6.23348066161711
"C16orf86","C16orf86",0.655201561398363,3.22752860324685e-09,4.58656691862807e-10,207.767408360686,6.2326340745594
"SMG1P5","SMG1P5",0.849696967706092,3.23174982918061e-09,4.59344862192889e-10,264.266019860952,6.23239928399825
"C1QA","C1QA",1.35416858201633,3.35044913940905e-09,4.76765461297914e-10,35292.1750681839,6.22656730519696
"RASSF1-AS1","RASSF1-AS1",0.858613564064309,3.35811688264212e-09,4.77948327595913e-10,29.1339775821237,6.22617888719555
"AC004816.2","AC004816.2",1.51805700523273,3.37036674729552e-09,4.79783894461861e-10,9.36046620144877,6.22557799546933
"M1AP","M1AP",0.993320702512392,3.38780706073007e-09,4.82359151710822e-10,36.7105963909879,6.22473872968955
"MT-TY","MT-TY",1.00957642700566,3.43603796496865e-09,4.89695730082147e-10,453.357469689517,6.22237152808753
"SUSD3","SUSD3",1.45129390984615,3.60485603246684e-09,5.14740228576511e-10,178.48072418942,6.21454365425686
"IFNG","IFNG",2.02237620157972,3.62405639758905e-09,5.17778925735488e-10,26.2909133333026,6.21361928412614
"LINC01857","LINC01857",2.52779711819875,3.66732563305335e-09,5.24261529335095e-10,33.7681820189255,6.21166484654936
"MIATNB","MIATNB",0.669039566167525,3.67953418824884e-09,5.26107336460181e-10,74.5691836300814,6.21111266763658
"TACR2","TACR2",0.866770107506679,3.70888684538177e-09,5.30405577986507e-10,53.807202819991,6.20983412756283
"GGACT","GGACT",0.509956178333129,3.7448672536495e-09,5.35960399863823e-10,248.81393298523,6.20819670418516
"CAMLG","CAMLG",0.671775311803162,3.90139566520848e-09,5.59215324453774e-10,2385.99167613713,6.20151684757758
"RITA1","RITA1",0.562263066338138,3.9765980302576e-09,5.70646543755647e-10,735.283199117536,6.19833204781102
"EEF1A1P13","EEF1A1P13",0.845150638088749,3.99253807480598e-09,5.73261225254936e-10,56.3948925427952,6.19761233524162
"SNRPN","SNRPN",0.656109062276372,4.00833919281173e-09,5.75858561048227e-10,3300.39802153044,6.19690056157741
"SMIM25","SMIM25",1.4223862545831,4.01936946698756e-09,5.77553048632136e-10,949.866591143987,6.19643789086561
"AC012617.1","AC012617.1",1.27094496876734,4.05632465664262e-09,5.83306556679421e-10,18.1322432519493,6.19487675089925
"MTCP1","MTCP1",0.965272630312133,4.07151906159446e-09,5.85602785328376e-10,62.1204651687001,6.1942578900788
"IL6R-AS1","IL6R-AS1",1.00213925958772,4.12840373735365e-09,5.9412285812841e-10,21.047560069944,6.19198213910165
"AL078459.1","AL078459.1",1.03180907607327,4.17354864334629e-09,6.00847777310626e-10,18.246304956582,6.1902082570312
"AC106875.2","AC106875.2",1.09999006031758,4.19241003713244e-09,6.03792270437036e-10,11.8744089597613,6.18943765607181
"LINC01482","LINC01482",1.35896291991703,4.20419658945782e-09,6.05719517369629e-10,39.5266915117225,6.18893526068371
"H2AFX","H2AFX",0.756264034674833,4.30623357482494e-09,6.20773473066925e-10,1249.34936055535,6.18506382773751
"LINC00920","LINC00920",0.821810981779591,4.41655247481536e-09,6.37159405093721e-10,51.7976199332479,6.18095261606319
"UBAC2-AS1","UBAC2-AS1",0.888965891788992,4.44348878923881e-09,6.41288226037854e-10,37.5514780805363,6.17993297327946
"AP005060.1","AP005060.1",1.19308520327121,4.46132448152012e-09,6.43984186340359e-10,8.9963793588417,6.17927063672479
"SYCE1L","SYCE1L",1.16251306425778,4.5249514728452e-09,6.54528623657546e-10,112.449660449822,6.17670583009754
"CSF2","CSF2",2.36243608539836,4.53410501424726e-09,6.55976558114682e-10,5.68899195328939,6.17635678953336
"AC010997.5","AC010997.5",1.78246423692129,4.5862341015023e-09,6.63894321422968e-10,5.38088903586307,6.17446131882034
"GZMB","GZMB",1.80830897997725,4.65387070918162e-09,6.74321057154297e-10,510.547196495234,6.17199858166044
"YRDC","YRDC",0.502718150394585,4.67756997012066e-09,6.77882759679773e-10,388.523804985177,6.17116583300539
"AC097518.1","AC097518.1",2.0126933898968,4.69235370363689e-09,6.80409877461159e-10,4.03718489622119,6.17057756158027
"AKR7A2","AKR7A2",0.501013473936236,4.80139106316303e-09,6.96483104848016e-10,1861.81383289729,6.16688513926765
"MT-CO1","MT-CO1",0.944381142615493,4.83800755425977e-09,7.02323400524117e-10,816919.655832584,6.16556403615176
"PLEKHA3P1","PLEKHA3P1",1.45313236594467,5.18324496272104e-09,7.5541486464532e-10,8.45335133328662,6.15402349339609
"U62317.4","U62317.4",1.95092945565111,5.24166034235564e-09,7.64644513998654e-10,19.1158994765876,6.15209831214849
"COTL1","COTL1",1.03892372929339,5.33945094995315e-09,7.79639494973896e-10,14864.445644099,6.14901837109236
"AC005005.4","AC005005.4",1.08109344002952,5.3487673643044e-09,7.81145975633407e-10,87.3418963553782,6.14871214341521
"RPARP-AS1","RPARP-AS1",0.763911397836263,5.35696326822525e-09,7.82489292929648e-10,146.723620853837,6.14843956799251
"LINC01934","LINC01934",1.26256996059985,5.48157865260148e-09,8.01141129887847e-10,46.2042371098928,6.14470133552758
"AC091429.1","AC091429.1",1.35286414813498,5.54740028359864e-09,8.11064207151461e-10,6.56983830342145,6.14274698869009
"MT-TF","MT-TF",1.40130724861724,5.61905348735901e-09,8.22000939132767e-10,56.3404915126487,6.14061983838465
"SPATA12","SPATA12",1.53671992864754,5.68967930290116e-09,8.32643578959496e-10,22.7001084330952,6.13857622464494
"HIST1H2AH","HIST1H2AH",2.65219785437216,5.76173811556636e-09,8.43346295939478e-10,1.58646241082143,6.13654660801301
"NOP53","NOP53",0.764768917020149,5.77950563234893e-09,8.46420672406084e-10,19279.5085925072,6.13596824022546
"HMOX1","HMOX1",1.41351088353275,5.80055132513842e-09,8.49661347415696e-10,9236.09481742531,6.13536080142405
"AC022400.8","AC022400.8",1.01826943036293,5.9490391155466e-09,8.72549577099215e-10,84.5977530226933,6.13113384417351
"AC087639.2","AC087639.2",0.996197723632694,6.08977764988396e-09,8.94356536192965e-10,23.2362152131291,6.12720599068256
"AC025822.2","AC025822.2",1.37135555668658,6.11454299021938e-09,8.98160690604099e-10,8.0525675368597,6.12653037075046
"POT1-AS1","POT1-AS1",0.830713804836144,6.16546493851212e-09,9.05809037798291e-10,30.3619526262932,6.12518042488611
"LINC01412","LINC01412",1.44965516604394,6.2215950321129e-09,9.14225472900986e-10,6.33905202210186,6.12370769742176
"LINC01232","LINC01232",0.613122983809371,6.42998276197462e-09,9.45373841967961e-10,121.915156746411,6.11836995777966
"ATP5F1D","ATP5F1D",0.811463423561099,6.66332766714373e-09,9.80956022584508e-10,2963.05483234188,6.11247837775021
"CATIP","CATIP",1.10333434928121,6.73249177963338e-09,9.91506070991664e-10,17.2779768108177,6.11077155871038
"AL732618.1","AL732618.1",1.32830392228418,6.82672125762521e-09,1.00631605193825e-09,4.11373469600939,6.10840519741639
"ARHGAP15","ARHGAP15",0.891666437096022,6.8270214934067e-09,1.00654684495266e-09,606.380937238489,6.10836859032397
"PSME2P2","PSME2P2",1.79166231319412,6.95188098143687e-09,1.02590533022051e-09,2.81104441333554,6.10532682867886
"AP001362.1","AP001362.1",1.72779789624636,7.15791192347167e-09,1.05746790883661e-09,6.41817539317102,6.1004854764417
"ASCL2","ASCL2",1.40663765526677,7.15791192347167e-09,1.05727049998421e-09,194.461694452036,6.10051531659848
"TNFRSF4","TNFRSF4",1.47168523909177,7.2798244552008e-09,1.07628979281105e-09,241.55407616347,6.09766503548446
"AC027644.3","AC027644.3",1.0185010457314,7.31061168449257e-09,1.08124104615313e-09,64.199935822793,6.09693108428316
"AP000695.2","AP000695.2",1.22030417548241,7.57131707877337e-09,1.12166128039316e-09,22.3099278006639,6.09105910240288
"SNORD15B","SNORD15B",1.996933131978,7.6997365277722e-09,1.14110688616182e-09,2.79409823730202,6.08830730032786
"OR2B11","OR2B11",0.905953889447165,7.76866032204616e-09,1.15238276697146e-09,20.2030301496273,6.08673248656553
"RFC4","RFC4",0.527073352256593,7.77331482459202e-09,1.15328559516748e-09,265.082731473609,6.0866070459843
"AL353803.4","AL353803.4",1.75968488732129,7.86660486019156e-09,1.16798630591767e-09,3.18415759876787,6.08457786361263
"AC125611.3","AC125611.3",1.25691038920073,7.9393838196012e-09,1.17944287623082e-09,419.144473469938,6.0830136695724
"GTPBP6","GTPBP6",0.515460113269917,7.95279254504561e-09,1.18165211781628e-09,2234.1348859383,6.08271374069536
"LRRC63","LRRC63",1.14467890103925,8.04568478833009e-09,1.19611385374748e-09,10.8247086850175,6.08076379932104
"AL117378.1","AL117378.1",1.03694353380451,8.11031445595458e-09,1.20616523904371e-09,22.8836489974563,6.07942201787072
"PRH1","PRH1",0.992376544019227,8.19060457689046e-09,1.21855356488343e-09,35.0081096235951,6.07778319066484
"AC092821.3","AC092821.3",0.957604523440209,8.21519893196276e-09,1.2228859745166e-09,40.7633152215307,6.07721389582864
"TMSB15A","TMSB15A",1.2470815422999,8.23518378789568e-09,1.22608586191545e-09,15.2055764730857,6.07679467965705
"CENPM","CENPM",1.41334496061822,8.56909659069987e-09,1.27767316307684e-09,100.942686098664,6.07017955588612
"HTN1","HTN1",1.0739746311374,8.6807571179294e-09,1.29455920516021e-09,13.3631325859074,6.06807069877017
"RAB20","RAB20",1.05583102544566,8.70607277230908e-09,1.2985723999026e-09,908.320143625153,6.06757344505366
"GPR65","GPR65",1.3993280684705,8.72716972092687e-09,1.30195761294737e-09,642.802840039136,6.06715516458734
"YWHAQP5","YWHAQP5",1.46967657558352,8.7324331404576e-09,1.30298143064125e-09,11.510620961837,6.06702886938788
"COMTD1","COMTD1",0.655694814382029,8.7508352393434e-09,1.30620544038179e-09,307.950640913803,6.06663179583007
"ATP6V0D1","ATP6V0D1",0.545991835925262,8.9208352699156e-09,1.33255570973602e-09,6116.18564820273,6.06342181894374
"ANKRD44-IT1","ANKRD44-IT1",1.3965423086788,8.93130531658287e-09,1.33436371133296e-09,18.8520145375777,6.06320384312954
"GPR137B","GPR137B",0.909292249991703,8.97470391614225e-09,1.34109280902161e-09,2464.12668178784,6.06239509334624
"TPI1","TPI1",0.750198490446288,9.00580534745711e-09,1.34598637259462e-09,15213.7095377748,6.0618094312544
"EBLN2","EBLN2",0.969526530246181,9.1758189864498e-09,1.37290048279459e-09,28.3329038917912,6.05862498814251
"LINC02081","LINC02081",0.96738454205179,9.22858898679716e-09,1.3813003215846e-09,24.3862780321841,6.05764358102018
"AC244517.3","AC244517.3",1.33900784669907,9.25925644598075e-09,1.38614350303365e-09,9.13045290752481,6.05708036166098
"OR10AH1P","OR10AH1P",1.13898890968389,9.5269726815927e-09,1.42752310680222e-09,19.4000852473757,6.05234502327038
"ZNF232","ZNF232",0.657163079582595,9.6614600214458e-09,1.44846665585598e-09,180.626541267629,6.04999907520834
"RPS15AP6","RPS15AP6",1.67107758301474,9.78725214957482e-09,1.46839535378877e-09,8.10115900961403,6.04779730039112
"AC009961.1","AC009961.1",0.765645111982057,1.01504518904009e-08,1.52482812353956e-09,50.1597855532421,6.0417169332183
"SEC11C","SEC11C",1.34364658299056,1.03654539772522e-08,1.55854239833927e-09,2971.68722580772,6.03818818953309
"AC112491.1","AC112491.1",1.96711616273927,1.04506823959472e-08,1.5719283748105e-09,2.17811970631892,6.03680772354418
"MS4A4A","MS4A4A",1.24719777594307,1.0580762665563e-08,1.59178336120085e-09,3913.66177956576,6.03478107866365
"RPL12P21","RPL12P21",2.13021211652669,1.07769399683236e-08,1.62393316163057e-09,2.36942264507358,6.03155114039882
"AC008012.1","AC008012.1",1.80124081511712,1.07976641879676e-08,1.62754618398723e-09,86.9575249279126,6.03119205977801
"AC073896.2","AC073896.2",1.07759511204488,1.07976641879676e-08,1.62765958974336e-09,31.0714486591662,6.03118080151278
"AC087269.1","AC087269.1",1.4096376660174,1.08748254701964e-08,1.63958815663116e-09,6.59817921677953,6.03000085108976
"AC068205.3","AC068205.3",1.87296142934717,1.09473082679827e-08,1.6508154411595e-09,2.22461481577049,6.02889788774522
"AC015917.2","AC015917.2",1.47704417158127,1.10077335647389e-08,1.66082966049586e-09,5.83108218368844,6.02792024594796
"LINC01012","LINC01012",1.22635666852655,1.11101778599268e-08,1.67658986093543e-09,11.0321252171835,6.02639322454628
"ADAP2","ADAP2",1.08175962756995,1.11107321315582e-08,1.67728066413999e-09,2300.03682397596,6.02632661236734
"S100A5","S100A5",1.12047114631689,1.11349519132327e-08,1.68154537622441e-09,12.9966613129662,6.025915969408
"ZNF277","ZNF277",0.524556167288042,1.12315512500286e-08,1.69644021175873e-09,726.063439576054,6.02448968659692
"DANCR","DANCR",1.05376432796064,1.1329965539793e-08,1.71192408085071e-09,666.753437292378,6.02301987833617
"AC008592.3","AC008592.3",1.21761835226191,1.13584592483311e-08,1.71685009322024e-09,13.5220661670995,6.02255499125952
"UBAC1","UBAC1",0.710764600157892,1.13821270934907e-08,1.72073852313681e-09,2253.84707914179,6.0221889419296
"LRRC19","LRRC19",1.27226886297412,1.18191649125994e-08,1.79003882921769e-09,18.5998361760689,6.01579690633868
"AC013264.1","AC013264.1",1.98678759176009,1.1822914088624e-08,1.79092968953609e-09,7.48991414297898,6.01571631614669
"LINC02256","LINC02256",0.673218707695524,1.18734230617282e-08,1.79890518531334e-09,56.7191609503119,6.0149965614957
"LINC02384","LINC02384",1.52540883873277,1.1878460064605e-08,1.79999288281918e-09,91.4796416534431,6.01489864243856
"AC008763.2","AC008763.2",1.63405040538757,1.20009641401595e-08,1.81954015174582e-09,9.88084746694198,6.01314867550371
"ITGA6-AS1","ITGA6-AS1",1.15250741525413,1.20229325581153e-08,1.8231994234143e-09,15.2098232565998,6.0128231162574
"PSD","PSD",0.742444150063968,1.20544528752481e-08,1.82830863986727e-09,254.118917156388,6.01236962132417
"AC010325.1","AC010325.1",1.21481538358968,1.21639626476959e-08,1.84558279140564e-09,8.63854552627996,6.01084545746339
"AC005332.1","AC005332.1",1.41621507255053,1.22014733921925e-08,1.85194089165358e-09,22.6281594884447,6.010287955494
"GNA15","GNA15",1.11004018080996,1.22979350632439e-08,1.86826194572628e-09,1769.62590253023,6.00886535819152
"SPATA7","SPATA7",0.580248734227141,1.23196108062042e-08,1.87222807464979e-09,265.323623936773,6.00852148619691
"AC104162.2","AC104162.2",0.837487086145781,1.23976591692719e-08,1.88476667717229e-09,43.4467934570994,6.00743901212692
"AC092828.1","AC092828.1",1.36163169086257,1.24362553790654e-08,1.89097410269404e-09,16.6216882794942,6.00690571085136
"HIST2H2AB","HIST2H2AB",2.5400067756054,1.25265122395071e-08,1.90572475066465e-09,1.60269818956845,6.00564524325681
"SNHG17","SNHG17",0.891527177326631,1.27987768056686e-08,1.94819491200251e-09,357.125098855242,6.00206848385108
"CFL1P1","CFL1P1",0.844240917840764,1.30047633526232e-08,1.9809709470443e-09,22.1860289200637,5.99935970683078
"AC144530.1","AC144530.1",1.33535577479436,1.30357426860678e-08,1.98604610009875e-09,4.15278773415905,5.99894417914544
"DDR1-DT","DDR1-DT",0.63519627042768,1.31284839338483e-08,2.00053430145829e-09,61.8600292343153,5.99776362626174
"ANKRD30BP2","ANKRD30BP2",2.15446600821082,1.31670259716692e-08,2.00712691319277e-09,4.54320892297122,5.99722919049403
"CCL4","CCL4",1.99263644319969,1.32303329675107e-08,2.01786165263107e-09,434.808383546491,5.99636261830293
"HIST1H3C","HIST1H3C",2.70654366024075,1.32951371134079e-08,2.02899764569774e-09,1.58195695853537,5.99546838789291
"SPI1","SPI1",1.08622991522717,1.36139950557702e-08,2.0789808018443e-09,7481.37115151682,5.99151270487374
"CHCHD6","CHCHD6",0.678461409460697,1.41792398378972e-08,2.16839819046178e-09,306.362153721192,5.98466189232277
"AL606760.1","AL606760.1",0.864048371092405,1.42501075984441e-08,2.18079326371992e-09,16.5422992724187,5.98373402271033
"AL354919.1","AL354919.1",1.39483214963205,1.44861620873321e-08,2.21968898018412e-09,11.4203473012629,5.98085536950484
"AC079250.1","AC079250.1",1.72224901411503,1.45451451219726e-08,2.22912426539371e-09,7.62020078978116,5.98016447580412
"THRA1/BTR","THRA1/BTR",1.97906860620596,1.46657705098782e-08,2.24841220609652e-09,2.61659659331984,5.97876094665261
"OCIAD2","OCIAD2",0.839871692683144,1.46657705098782e-08,2.24811256980559e-09,504.171383260314,5.97878266051834
"AC012464.2","AC012464.2",1.67251097357765,1.46674655161037e-08,2.2490728292132e-09,2.29609171861418,5.97871308296333
"SPATA13-AS1","SPATA13-AS1",2.13495353299474,1.46733899298373e-08,2.250382187387e-09,2.00964830040949,5.97861825735973
"CLEC4E","CLEC4E",1.56004265411429,1.46754216289608e-08,2.25109475737004e-09,435.163952572093,5.97856667459612
"SCARNA2","SCARNA2",2.58405556836933,1.47355924563461e-08,2.26112973673707e-09,68.1021626234713,5.9778419292848
"TP53I3","TP53I3",0.693854045413995,1.49204217762737e-08,2.29030655316008e-09,806.91385105238,5.97575238548412
"AC127164.1","AC127164.1",1.40463374284624,1.49544279315835e-08,2.2963437518921e-09,9.90128901891424,5.97532326111333
"ORAI3","ORAI3",0.504938938825616,1.50310577413378e-08,2.30893211895957e-09,1367.07094663207,5.97443200293855
"AL136454.1","AL136454.1",1.77176434600007,1.54903758255347e-08,2.38202779163663e-09,3.41898907435636,5.96934853320297
"SLC12A5","SLC12A5",1.42996900910523,1.56459574657478e-08,2.40723480121385e-09,19.3744051806952,5.9676306764267
"ZNF124","ZNF124",0.549557874788637,1.57501801979904e-08,2.4241308520801e-09,145.78732909477,5.96648899160438
"NME8","NME8",1.35683016758403,1.57661615894536e-08,2.42745213138531e-09,12.810910687185,5.96626548087327
"C1QB","C1QB",1.43621708307448,1.63357927616868e-08,2.51828035633316e-09,33589.0189919803,5.96026576443197
"AC034111.1","AC034111.1",1.36910325824085,1.6574503504539e-08,2.55734367851941e-09,4.49676889829446,5.95774997214819
"MUC12","MUC12",1.22989932033546,1.70987456838339e-08,2.6405669719126e-09,71.4893301731854,5.95251266266537
"AC103591.3","AC103591.3",1.8977671310587,1.72067793311047e-08,2.65918500228025e-09,2.14800310197025,5.95136303721901
"FAM229B","FAM229B",0.774074630463204,1.73287471115297e-08,2.67940052745011e-09,363.698619085463,5.95012361260052
"IER3-AS1","IER3-AS1",1.33566864827667,1.8209127456294e-08,2.82199434225251e-09,10.7081939308857,5.94163137927141
"RPL9P7","RPL9P7",1.52104386812025,1.82389908700868e-08,2.82761917530185e-09,11.0495428350492,5.94130502154559
"AC022415.1","AC022415.1",0.799377454426213,1.92264204921753e-08,2.98700584492769e-09,37.1577443993736,5.93231075632644
"RPS26P3","RPS26P3",2.3146693844186,1.93707396649518e-08,3.0099564598645e-09,0.885702278357316,5.93105429813982
"WDR54","WDR54",0.55849197742739,1.94056821385306e-08,3.01591628197389e-09,395.897447930013,5.93072954647735
"LINC00869","LINC00869",0.51694630665441,1.9455243553721e-08,3.02521355950235e-09,555.854276231101,5.93022418196879
"VMP1","VMP1",0.558179428882823,1.95197961533845e-08,3.03631791855564e-09,4697.10462961067,5.92962256941546
"RPS23P8","RPS23P8",1.71172023310244,1.9656759448233e-08,3.05869682389373e-09,2.34174987407094,5.92841660586954
"MSL3","MSL3",0.502032005126789,1.96896009777197e-08,3.0643451233392e-09,1395.28434305133,5.92811358590153
"AC009120.5","AC009120.5",1.0917325200471,2.02752621218689e-08,3.15715508162876e-09,20.8239938112311,5.92321090674228
"MPST","MPST",0.744783720270376,2.05675192422169e-08,3.20378773190193e-09,1665.72483214996,5.92080026429147
"AC090559.2","AC090559.2",1.67035148275369,2.06694879837324e-08,3.22080084076686e-09,6.43608431650542,5.91992928047696
"LINC01297","LINC01297",1.27576389370472,2.0956595954529e-08,3.26763470440821e-09,17.2368746710854,5.91755456644896
"CENPN","CENPN",0.779383013081372,2.0956595954529e-08,3.26782953393527e-09,222.921106013625,5.91754475698656
"LINC02345","LINC02345",1.56676990760043,2.09950539151876e-08,3.27554736073994e-09,69.3744340832138,5.91715662982653
"CCL5","CCL5",1.34512291712171,2.09950539151876e-08,3.27535304163574e-09,2365.32852391544,5.91716639114383
"C19orf73","C19orf73",0.999608949205145,2.10242862747507e-08,3.28068250266678e-09,19.6906571279631,5.91689887807891
"AC010618.3","AC010618.3",0.69617277149143,2.10325670213475e-08,3.28254932719301e-09,47.0185443589798,5.91680527260196
"UNQ6494","UNQ6494",2.18569201029856,2.10677581499294e-08,3.28861723846407e-09,7.84245220355173,5.91650137573757
"CRTAM","CRTAM",1.35069756495252,2.1101695082155e-08,3.29449126204087e-09,108.950133044654,5.9162077088604
"TMEM120A","TMEM120A",0.581977327150603,2.1237926021864e-08,3.31634053430293e-09,1620.49211617201,5.91511982938186
"AC006064.4","AC006064.4",1.17829805733283,2.17009670900995e-08,3.39279580561079e-09,34.280632159412,5.91136727743205
"SPACA6P-AS","SPACA6P-AS",1.30207101623346,2.20789679376391e-08,3.45249688535502e-09,32.6817559051647,5.9084938555848
"PHBP19","PHBP19",1.46819522639267,2.23331695766853e-08,3.4934669205859e-09,11.6026009335318,5.90654981565029
"AC015982.1","AC015982.1",1.10277604004113,2.27355332256992e-08,3.55702787645438e-09,11.945534539876,5.90357732468341
"SKAP1-AS1","SKAP1-AS1",1.67761332383717,2.27373976281887e-08,3.55794082397434e-09,8.61533926964601,5.9035350075684
"AC127070.4","AC127070.4",0.927948082130068,2.29661588384646e-08,3.59561982962382e-09,20.099854939793,5.9017976605541
"C12orf73","C12orf73",0.580024582553631,2.29785339417825e-08,3.59818514222672e-09,169.185399368115,5.90168002141537
"LINC01907","LINC01907",1.12935711458934,2.29870548355006e-08,3.60014749903247e-09,10.4625437218485,5.90159008749846
"TNFSF13B","TNFSF13B",1.15619981152918,2.33483758187626e-08,3.6605639620771e-09,2335.00521821914,5.89884432702727
"AL162414.1","AL162414.1",1.83992427937592,2.38006761637598e-08,3.73472726600378e-09,8.89979762698837,5.89553349971852
"PKD2L1","PKD2L1",1.98708590758993,2.39918163751005e-08,3.76668698301394e-09,21.9000787611074,5.89412643024215
"CRYL1","CRYL1",0.592450639342159,2.44481095975378e-08,3.84032848100344e-09,2353.81937737623,5.89092800573358
"ABHD11-AS1","ABHD11-AS1",1.44195390263161,2.47661536082836e-08,3.89299384432513e-09,27.7144387221942,5.88867703118904
"PROC","PROC",1.61073960184235,2.49880614787697e-08,3.92855831440315e-09,14.8723252454855,5.88717367220574
"LINC01736","LINC01736",1.70183346998153,2.50230031838959e-08,3.93674249651935e-09,7.5191956587847,5.88682959088922
"PAOX","PAOX",0.583525040994188,2.57889643477996e-08,4.06152054702906e-09,251.475269206896,5.88166814309868
"AC099062.1","AC099062.1",1.1615499256322,2.61411231384304e-08,4.11912503454542e-09,8.22513034920276,5.87933719705416
"NDUFB2-AS1","NDUFB2-AS1",0.726486369388686,2.62105346858656e-08,4.13077854772186e-09,28.0360065666507,5.87886950209767
"MAPKAPK3","MAPKAPK3",0.806056133405178,2.65190040107372e-08,4.18156704133896e-09,3544.64309136521,5.87684606886088
"AC135178.2","AC135178.2",1.15058744833773,2.66149715072575e-08,4.19806973945801e-09,16.8245920495395,5.87619374106713
"SEPSECS-AS1","SEPSECS-AS1",0.785376029565771,2.67047857051245e-08,4.21378008817438e-09,150.826187491888,5.87557504841926
"RN7SL832P","RN7SL832P",1.01323741831831,2.72975038696092e-08,4.3110350656122e-09,32.8060471610401,5.87179427918031
"UBD","UBD",2.07767008870908,2.74907780603538e-08,4.34306070507297e-09,1294.98219395384,5.87056743818467
"FBXO48","FBXO48",0.57907155463746,2.78234726065172e-08,4.39866150718076e-09,124.426299969929,5.8684582409249
"AP005482.1","AP005482.1",1.69134918561014,2.78659916687235e-08,4.40614480687732e-09,8.15025180016588,5.86817634767639
"GRAMD4P3","GRAMD4P3",1.5200905791544,2.80868587896039e-08,4.44183553305357e-09,13.2488886685214,5.86683826879844
"FLJ22447","FLJ22447",0.81112991200057,2.82084306584041e-08,4.46183242934236e-09,75.8015062431587,5.86609313260896
"AC026202.2","AC026202.2",1.32106370749585,2.84184197983312e-08,4.49660015443416e-09,14.9635087201296,5.8648053008709
"ATF7IP2","ATF7IP2",0.838064009311274,2.8618942376758e-08,4.52989243390692e-09,148.721512711838,5.86358117121286
"FABP5","FABP5",1.22496587763632,2.86339187257544e-08,4.53382767331749e-09,5294.898002703,5.86343705470626
"EBI3","EBI3",1.56782031151812,2.86653218175611e-08,4.54036641920276e-09,115.102406467517,5.86319786143092
"AF127936.2","AF127936.2",1.92201101480961,2.88741579169052e-08,4.57423338348634e-09,5.30451068915647,5.86196431666616
"TMEM191B","TMEM191B",1.37824478247222,2.93224037310314e-08,4.64604549950138e-09,23.4074939630547,5.8593778256659
"LXN","LXN",0.962450225317515,2.9660787703733e-08,4.70290311332995e-09,1451.32718649097,5.85735740538978
"IRF9","IRF9",0.584268266702668,2.99526535566893e-08,4.75081706867897e-09,2949.82601060113,5.8556731660503
"AL034417.3","AL034417.3",1.12167877534883,3.04971152611872e-08,4.84050773387897e-09,12.6047358864119,5.85256438059577
"AL359232.1","AL359232.1",1.0427741192638,3.05466474403537e-08,4.85254264373935e-09,6.41905348193156,5.85215150806867
"LRRC8C-DT","LRRC8C-DT",0.64844401697539,3.08943174913849e-08,4.91030478557846e-09,48.8149958807092,5.85018367138312
"COX20","COX20",0.540943752383494,3.09019401122681e-08,4.91236065392977e-09,1800.34288020715,5.8501140480371
"AC025580.2","AC025580.2",1.17154372824024,3.15459603400858e-08,5.02249544800895e-09,31.7101745026473,5.84642510409269
"FAM92A","FAM92A",0.518627344229858,3.16065604465495e-08,5.03300730299983e-09,753.048659591462,5.84607713614401
"AC025539.1","AC025539.1",1.07916794179819,3.18138168924081e-08,5.0668799329448e-09,26.7152059720264,5.8449606608085
"HSD17B11","HSD17B11",0.557256857531205,3.18883660200382e-08,5.07962441314852e-09,3704.92910542027,5.84454246940342
"RPL23AP82","RPL23AP82",0.511885889236838,3.18901577803452e-08,5.08078116935416e-09,731.040819633694,5.84450456269608
"THUMPD2","THUMPD2",0.51269159170149,3.19088100801105e-08,5.08462472710195e-09,237.279162997041,5.84437867022841
"AP002954.1","AP002954.1",1.83614767463969,3.22560082229362e-08,5.14435694956907e-09,137.868302074152,5.84243400330305
"SPINDOC","SPINDOC",0.502339614524751,3.22904155962411e-08,5.15072669337565e-09,515.613394072784,5.84222792513903
"MILR1","MILR1",1.03792840245386,3.25218844551157e-08,5.18942608316828e-09,448.715130647939,5.84098120135297
"AL355482.1","AL355482.1",0.963744586408358,3.25876198223392e-08,5.20080568819594e-09,41.4914707663185,5.84061632139511
"AC092910.3","AC092910.3",0.733273421313927,3.29948355185016e-08,5.26940117504964e-09,45.0214587069539,5.83843316807707
"AC092718.2","AC092718.2",1.10593333596376,3.30404166818722e-08,5.27758342911622e-09,15.5052951089596,5.83817460375126
"ORAI1","ORAI1",0.515428927723393,3.34967137082482e-08,5.35504445222439e-09,1675.08960194813,5.83574593115301
"CHIC2","CHIC2",0.525741849296267,3.35866115563006e-08,5.37033391151319e-09,787.65898805879,5.83527059488654
"LTA4H","LTA4H",0.896595250950486,3.49841637563987e-08,5.60622203970814e-09,5610.34240276243,5.82809929387327
"ARL11","ARL11",1.05533015471112,3.51251080576098e-08,5.63168758933452e-09,435.111772547344,5.8273427408052
"KLRK1","KLRK1",1.05580884746413,3.52098269591038e-08,5.64719484821824e-09,290.070164002019,5.82688366613468
"AC245595.1","AC245595.1",1.11165278494696,3.54593698394324e-08,5.69012484130677e-09,99.2919473284976,5.82561914089087
"AC007405.1","AC007405.1",1.23293597465256,3.58596475856239e-08,5.75827615128041e-09,15.000674622292,5.82363064594232
"AL031775.1","AL031775.1",0.83893049564564,3.64891154170064e-08,5.86334292651205e-09,24.5015993775102,5.82060945816643
"C15orf61","C15orf61",0.901015284659407,3.67288487263732e-08,5.90387215654125e-09,304.405381118429,5.81945809830407
"CD300H","CD300H",1.55028794675196,3.68123807865194e-08,5.91830510527282e-09,55.0712566362551,5.81904994088214
"AC019226.1","AC019226.1",1.25189323112718,3.69682099427916e-08,5.94436775631379e-09,5.90099748694427,5.81831534743906
"LINC02391","LINC02391",1.15011341353694,3.75006979468568e-08,6.03408864201316e-09,18.2507505296808,5.81581024333222
"CD63","CD63",0.566110662010979,3.75760674307514e-08,6.04929613656076e-09,57193.363182002,5.81538922807901
"ATP5MFP4","ATP5MFP4",1.63753569643907,3.76414907787169e-08,6.06085699497195e-09,6.07162515793675,5.81506985718981
"AC017099.1","AC017099.1",1.50480784969316,3.8104736914783e-08,6.14169357251031e-09,12.1818794373714,5.8128531506809
"KBTBD3","KBTBD3",0.620466966270628,3.82307152923458e-08,6.16304325869122e-09,176.750927046053,5.81227243545818
"AD000671.2","AD000671.2",1.33204320827245,3.85634688316973e-08,6.22090002410833e-09,202.597328451549,5.81070850323172
"LINC01116","LINC01116",0.840644602166797,3.87402429770696e-08,6.25047500695636e-09,432.857559699373,5.80991451496757
"C8orf49","C8orf49",1.42243350797022,3.9328276519808e-08,6.34964851377211e-09,31.2602864021572,5.80727845985652
"A1BG-AS1","A1BG-AS1",1.05548756325043,3.95189344786031e-08,6.38259028123782e-09,122.642073643332,5.80641171375909
"PRELID2","PRELID2",0.619642370891975,3.95189344786031e-08,6.38235174269964e-09,87.7211193061204,5.80641797440318
"FIRRE","FIRRE",0.817034445049045,3.96261245929341e-08,6.40206767174019e-09,42.8738781658221,5.80590127972891
"AL139344.1","AL139344.1",1.62741554113708,4.04609689165351e-08,6.54026317960112e-09,9.91852537659039,5.80232245392479
"AL031846.1","AL031846.1",1.87626651270057,4.06598054742119e-08,6.57573673056259e-09,7.9414085114657,5.80141566532772
"RNASE1","RNASE1",1.07481400276829,4.06772072926403e-08,6.57966248182821e-09,43265.6219495925,5.80131560631497
"AC011455.1","AC011455.1",1.75145144537433,4.07244450672315e-08,6.58841605626049e-09,1.94910634191875,5.80109270532553
"AC243960.3","AC243960.3",1.27528356254051,4.09024538725014e-08,6.61833197171926e-09,19.064574427505,5.80033309489316
"SCARNA12","SCARNA12",1.60918071636417,4.11866242268092e-08,6.66881431645869e-09,7.50796092538216,5.79905881204294
"CFAP58-DT","CFAP58-DT",1.12181905494244,4.1465397543914e-08,6.71790511803357e-09,27.3910321338973,5.79782862047864
"AL592429.1","AL592429.1",1.96320204699874,4.15165983185644e-08,6.73227536485687e-09,6.30076477710373,5.79747016311202
"RF00554","RF00554",1.30510336409457,4.15165983185644e-08,6.73131931887151e-09,7.60606610010465,5.79749398799975
"AC007336.1","AC007336.1",1.13831515488638,4.15165983185644e-08,6.73294230471725e-09,23.9253804032429,5.79745354476435
"OR2AT4","OR2AT4",0.866669427079949,4.20539962699194e-08,6.82534325646387e-09,61.6308893499561,5.7951664996822
"SYTL3","SYTL3",0.660490225451007,4.25960624764032e-08,6.91448419826529e-09,462.979937050392,5.7929885043952
"WDR86-AS1","WDR86-AS1",1.16278419305952,4.34465044583508e-08,7.05490794819473e-09,40.4901251414969,5.78961229079419
"RPS26P8","RPS26P8",1.53138279108538,4.42065702037867e-08,7.18919931836767e-09,6.00200202761497,5.78644410544903
"LINC00888","LINC00888",0.697196701951882,4.46824601138144e-08,7.26781291995784e-09,188.803113165635,5.78461606443588
"IL27","IL27",1.72853888929122,4.56986199676225e-08,7.43809063491154e-09,22.2324866558797,5.78072156542083
"PPP5D1","PPP5D1",0.725838144381405,4.58828510465799e-08,7.47058415220551e-09,63.757263117523,5.77998825279877
"AC133134.1","AC133134.1",1.5199111591211,4.6029626261949e-08,7.49699724439133e-09,2.93699361517256,5.77939444472121
"TMEM177","TMEM177",0.525297383924208,4.6066586220886e-08,7.50553440353953e-09,157.701375869571,5.77920295085759
"PDF","PDF",0.675650374578862,4.62090717601499e-08,7.53253701251549e-09,234.351143490754,5.77859865673225
"AC125611.1","AC125611.1",2.13081623137402,4.62985400998767e-08,7.548386261263e-09,2.48621857928867,5.77824494510034
"AP001057.1","AP001057.1",1.34947658607151,4.81260027557669e-08,7.86999990418495e-09,19.0867146612327,5.77121924181493
"ACSM3","ACSM3",0.598209978626301,4.82548293337579e-08,7.89238526713503e-09,80.7833143943884,5.77074067653081
"STUB1","STUB1",0.514422836969946,4.83782306153639e-08,7.91389017990064e-09,4131.94598980972,5.7702821752983
"CAPN12","CAPN12",1.30031476941891,4.84623371136414e-08,7.93162106370972e-09,25.2826708642989,5.76990504953615
"AC012640.2","AC012640.2",0.767791216907959,4.84703211177086e-08,7.93425213301435e-09,32.7224851945656,5.76984915805187
"C15orf53","C15orf53",1.00147905868122,4.85391478146645e-08,7.94817106623908e-09,45.7944408076271,5.76955377936656
"AC098487.1","AC098487.1",0.989101549790152,4.85613903425537e-08,7.95314007796024e-09,14.0902103751789,5.76944845199617
"LEF1-AS1","LEF1-AS1",1.20883811741656,5.0528687488681e-08,8.28399173999963e-09,11.267069787213,5.76257559759154
"RF00017","RF00017",0.912155430268354,5.0528687488681e-08,8.28499832289337e-09,491.265575613347,5.76255509765464
"C15orf48","C15orf48",2.41853991562854,5.06035258864812e-08,8.29865194050821e-09,1367.42091634427,5.7622772687874
"APTR","APTR",0.559384030070445,5.07524265531168e-08,8.32445740589524e-09,127.66386013511,5.7617533812513
"IL12B","IL12B",1.20998722398958,5.10686210557172e-08,8.37911061612562e-09,10.721129892487,5.7606490372209
"PLK3","PLK3",0.652595753332842,5.11497338136401e-08,8.39521437794847e-09,854.399871596243,5.76032497393523
"PTGES2","PTGES2",0.560338252752383,5.11497338136401e-08,8.39428434935832e-09,1534.28576491628,5.76034367287081
"PCAT5","PCAT5",1.31927973667392,5.13911044461523e-08,8.43763891409408e-09,7.1119221196177,5.75947413050574
"ADAP1","ADAP1",0.90481432470115,5.1462934317567e-08,8.45224454719789e-09,892.2921954272,5.75918217005948
"LINC01684","LINC01684",0.758381327973567,5.15456764557873e-08,8.46724246160259e-09,63.1548591068832,5.75888287807518
"AC055713.1","AC055713.1",0.801759146186111,5.19654364473703e-08,8.53761494461701e-09,75.7797803413721,5.75748540240555
"RPS13P2","RPS13P2",2.00087665651262,5.2562682954551e-08,8.64291991640449e-09,1.05143753135318,5.75541500641799
"AC092053.1","AC092053.1",1.70318603508494,5.32688124580358e-08,8.76339571599862e-09,8.77693418310677,5.75307620556143
"AF178030.1","AF178030.1",2.12761437799905,5.32736971744746e-08,8.7656549191149e-09,3.76234667667674,5.75303264681346
"AC012254.2","AC012254.2",1.84662068215949,5.39049475960136e-08,8.87688513787737e-09,58.8549136944666,5.75090144937141
"RF00019","RF00019",0.792336885515367,5.394098240893e-08,8.88576690465419e-09,253.444233628077,5.75073239356308
"AC004967.1","AC004967.1",1.07820020349285,5.39708038233392e-08,8.89215407674350e-09,8.30394972867985,5.75061092145794
"CHAT","CHAT",1.89822728201513,5.52711398944523e-08,9.11394653578021e-09,2.43711473463818,5.74644461391577
"SLC9B1","SLC9B1",0.587360824443362,5.52778852238933e-08,9.11656917433318e-09,33.6838630599946,5.74639594041817
"CD8B","CD8B",1.24121309370057,5.5569051946273e-08,9.16914409419773e-09,231.917165736239,5.7454230643199
"AL359976.1","AL359976.1",0.960425997289016,5.58545667759322e-08,9.21778145104048e-09,80.4579094560556,5.74452786788544
"C12orf50","C12orf50",1.08546104691267,5.65265196587728e-08,9.33021954858456e-09,47.1144392631537,5.74247583798841
"PUDP","PUDP",0.629295480704073,5.73859334760616e-08,9.47834552481741e-09,609.109706599489,5.73980888411104
"AC026412.1","AC026412.1",0.721058901752253,5.82685701864784e-08,9.62890550254984e-09,151.298783092042,5.73713930710485
"GZMM","GZMM",1.48222226067442,5.85638660065824e-08,9.67930340921383e-09,268.854884893956,5.73625475995284
"ZNF547","ZNF547",0.565302894871529,5.90700691584858e-08,9.76780946329561e-09,68.7625427142502,5.73471214572243
"WIPI1","WIPI1",0.61895884144755,5.95480418166362e-08,9.85172800349005e-09,1683.95945302037,5.73326198683315
"AC026403.1","AC026403.1",1.78668416827769,6.01154523807818e-08,9.94724390333110e-09,1.56210219955439,5.73162595837
"AL354798.1","AL354798.1",2.40874239801804,6.02682698104978e-08,9.97417716992773e-09,7.71472598843446,5.73116739584554
"AC004817.3","AC004817.3",1.31178220764149,6.06729346042258e-08,1.00444632576574e-08,8.54288572650985,5.72997635863318
"RPS20P14","RPS20P14",1.470135044067,6.09340462160634e-08,1.00910203589049e-08,4.19065206815839,5.72919187430478
"C5orf17","C5orf17",1.40053793338905,6.13742049574075e-08,1.01706208657798e-08,51.9585626004983,5.72785872415922
"FAM133B","FAM133B",0.561111538956862,6.13858223725679e-08,1.01759005528667e-08,1024.20862781063,5.72777065889427
"AC016876.2","AC016876.2",0.856961969799358,6.27611849456816e-08,1.04073234633553e-08,140.41436317439,5.72395351921131
"RASAL2-AS1","RASAL2-AS1",1.00732759614131,6.29472140963851e-08,1.04398915152069e-08,122.473793807027,5.72342296837451
"PARVB","PARVB",0.578520084791941,6.37110677228808e-08,1.05683185919181e-08,3256.9350681895,5.72134638434379
"AC138207.2","AC138207.2",1.12025563177687,6.43927287306717e-08,1.06954670333548e-08,8.53978232002986,5.71931449623039
"AL731577.1","AL731577.1",1.51393949444781,6.44087691026154e-08,1.06998911484986e-08,5.8619940976074,5.71924422030618
"TRAJ31","TRAJ31",1.94812843455733,6.46337265601568e-08,1.07390281486465e-08,4.76315550373847,5.71862376621777
"HIST1H3F","HIST1H3F",3.22644811470158,6.49081346653774e-08,1.07881686157953e-08,0.874270044092678,5.71784782777707
"AC009951.1","AC009951.1",1.48378399647582,6.53012766113709e-08,1.08570799251398e-08,21.0330178832705,5.71676546984338
"AC073370.1","AC073370.1",2.09913755867931,6.53354187463314e-08,1.08645416128903e-08,2.33389739869539,5.71664867344002
"SAG","SAG",1.17840512257995,6.56812075174719e-08,1.09274262295114e-08,30.5209593387566,5.71566743788537
"PGLYRP2","PGLYRP2",1.8766343562008,6.63187684951929e-08,1.10353097116239e-08,10.0475613912045,5.71399676481314
"PNPLA4","PNPLA4",0.719171329634581,6.72823705187568e-08,1.11974895169198e-08,595.184713846577,5.71151489406755
"AC013448.1","AC013448.1",1.34053475862886,6.74299983586536e-08,1.12239009262799e-08,10.7612174802404,5.71111402570425
"PVALB","PVALB",1.49201919845979,6.76449328047365e-08,1.1261525603958e-08,28.1818369788351,5.71054454432532
"HLA-DPA1","HLA-DPA1",1.28663112827845,6.81184977511011e-08,1.13440871005481e-08,59594.6110342747,5.70930135891354
"RPL7AP6","RPL7AP6",1.44284186541847,6.83203065903477e-08,1.13814287079251e-08,3.72509246725429,5.70874196565067
"ENHO","ENHO",1.65114123818893,6.87356951263548e-08,1.14525060488131e-08,203.381733032029,5.70768210762879
"RNASEH2A","RNASEH2A",0.513724888391965,6.88276033850888e-08,1.146970007502e-08,472.059009251961,5.70742668199554
"LINC01638","LINC01638",1.27019188351575,7.00299808347418e-08,1.1683463017485e-08,25.5557103469462,5.70428183083012
"AC145343.1","AC145343.1",1.31483362671953,7.01378978452467e-08,1.17033837575049e-08,4.24953135351429,5.70399161352868
"HIST1H2AM","HIST1H2AM",1.8718431572462,7.02441033185879e-08,1.17249440469208e-08,5.26532732572237,5.70367805070603
"RPL17-C18orf32","RPL17-C18orf32",0.868513059061066,7.02709807773509e-08,1.17313503797813e-08,168.021161743545,5.70358498795126
"AC016734.1","AC016734.1",1.38575361363175,7.0559130185335e-08,1.17871669158485e-08,2.61090463972929,5.70277624213704
"AL157402.2","AL157402.2",2.17925299799179,7.07748041801284e-08,1.18251298549546e-08,3.06321982616057,5.70222830701292
"EEF1A1P6","EEF1A1P6",0.759432608997284,7.07819714834092e-08,1.18282613621282e-08,89.9655827176844,5.70218318499225
"KLHL35","KLHL35",0.643368620902513,7.23024135275802e-08,1.20902421046693e-08,78.2451749961311,5.69844881375248
"LINC02195","LINC02195",2.41931792314019,7.48639747064055e-08,1.25390356280299e-08,3.40737489731691,5.69223058599344
"EPB41L4A-AS1","EPB41L4A-AS1",0.883297959582363,7.48764222072536e-08,1.25431663311203e-08,982.658521312451,5.69217436372409
"KLRG1","KLRG1",0.968042648215085,7.51406913140023e-08,1.25894893067423e-08,108.030099286468,5.69154509905277
"AL671710.1","AL671710.1",1.07388795414754,7.5885826214733e-08,1.27247005513762e-08,75.9103465424488,5.68972113509315
"SUZ12P1","SUZ12P1",0.650932365017785,7.70519333740254e-08,1.2928657145001e-08,111.184411713564,5.68700513390414
"RBKS","RBKS",0.641229788395486,7.87485685975408e-08,1.32238173703738e-08,141.88785296676,5.6831474359394
"IGSF6","IGSF6",1.12731975074614,7.95138612188794e-08,1.33569556210189e-08,1327.81352939461,5.68143464274331
"ARRDC3-AS1","ARRDC3-AS1",0.659852902620449,7.95331421913484e-08,1.33623675874915e-08,37.9595422904696,5.68136537035976
"HIGD1A","HIGD1A",0.52987789438921,7.96434687006949e-08,1.33830796608998e-08,3920.53806033761,5.68110051036856
"SNORA12","SNORA12",1.63141555618465,8.23932142994509e-08,1.38563959128151e-08,2.09171551920188,5.67515398088934
"AC023794.3","AC023794.3",1.18397208835998,8.26809617499003e-08,1.390930575956e-08,14.4018459049964,5.67450155028101
"ONECUT3","ONECUT3",1.09722687771041,8.27010032009622e-08,1.39149369576088e-08,13.889583021547,5.67443225406392
"AC068587.4","AC068587.4",0.715225435714835,8.43756645140962e-08,1.42174573911427e-08,168.215053963784,5.6707489915842
"LIAS","LIAS",0.590753252926472,8.45606267503995e-08,1.42532447996725e-08,287.704246314153,5.6703183170642
"AC007611.1","AC007611.1",0.931456307914567,8.59724339915569e-08,1.45100064145427e-08,14.5270508106892,5.66725884174379
"SCARNA6","SCARNA6",2.01567698738383,8.67001407237882e-08,1.46399319564199e-08,1.72244199678527,5.66573068012272
"LINC01841","LINC01841",1.55295852129161,8.72584167340979e-08,1.47413533338869e-08,3.69018994829695,5.6645469076269
"AC097375.3","AC097375.3",1.41596633989028,8.76773948172049e-08,1.48265088260248e-08,9.2405175729764,5.6635590815977
"ZNF771","ZNF771",0.647551908597145,8.82885055097306e-08,1.49346741061434e-08,193.208929216449,5.66231225186632
"RALY-AS1","RALY-AS1",0.651414946259833,8.90477842138923e-08,1.50704110883043e-08,55.8482998187519,5.66075995299332
"SPNS3","SPNS3",1.1010339239278,8.93584524233289e-08,1.51254300052603e-08,62.9779800399119,5.66013461700113
"SCARNA4","SCARNA4",1.56020492009411,8.95014997275076e-08,1.51545341077998e-08,2.29128194760317,5.65980471748353
"MEIG1","MEIG1",1.30775372072857,9.04549136244951e-08,1.53233821818047e-08,4.71489343157009,5.65790285574351
"CXCL10","CXCL10",2.25926726062064,9.05221029742634e-08,1.5337237644291e-08,1826.17419928357,5.65774769622357
"SCN1A","SCN1A",1.2371154699021,9.14704485064352e-08,1.55054144248183e-08,9.02317378262539,5.65587515876461
"AL355512.1","AL355512.1",1.71269380195259,9.17168067654286e-08,1.5554693286511e-08,2.9136106527459,5.65533020743565
"CENPS-CORT","CENPS-CORT",0.917422377753133,9.28137397916236e-08,1.57457993487852e-08,16.3877594588252,5.6532325997312
"AC090616.6","AC090616.6",0.879998653337911,9.42096444772169e-08,1.5992910219868e-08,41.2534585578353,5.65055663550409
"AC104031.1","AC104031.1",1.14911058561178,9.42618629706215e-08,1.60068266913644e-08,11.6348336108293,5.65040713097899
"TIGAR","TIGAR",0.692783645816491,9.42618629706215e-08,1.60069258275475e-08,491.34336482173,5.65040606641281
"UCP2","UCP2",0.961232905154558,9.51929773882282e-08,1.61728444329081e-08,7559.03185411243,5.64863327555172
"CXCL11","CXCL11",1.89609871810205,9.76133644321673e-08,1.6597392465952e-08,293.023534240475,5.64417630787114
"LINC02139","LINC02139",1.01265072511704,9.82011901592772e-08,1.67080742949758e-08,10.6752057002611,5.64303255026229
"IL10RB","IL10RB",0.502787687533767,9.87628681995125e-08,1.68063374175951e-08,2285.84059575489,5.64202327386937
"AC002350.1","AC002350.1",0.661635185793528,1.007259086021e-07,1.71568981181314e-08,53.1913341869599,5.63846871626921
"AL355816.2","AL355816.2",1.54789052861778,1.01438141725606e-07,1.72837578021497e-08,106.412239944053,5.63719976278597
"PRELID2P1","PRELID2P1",1.85010647956244,1.04045291305823e-07,1.77421968643855e-08,3.06830209032945,5.63268828892217
"CLEC10A","CLEC10A",1.35230648939124,1.04074051437268e-07,1.77499447818636e-08,1590.58425216929,5.63261301892761
"PRDX4","PRDX4",0.745197961433309,1.04717196680168e-07,1.78682175269173e-08,4922.1024163794,5.63146795871012
"HOXD-AS2","HOXD-AS2",0.874439178579308,1.05131728068899e-07,1.79499115683913e-08,158.689573821917,5.63068132565393
"BX284668.4","BX284668.4",0.872414343270639,1.06273586754813e-07,1.814830780124e-08,30.9721800921373,5.62878534568148
"MT3","MT3",2.0655183115927,1.07649410244482e-07,1.83920807196575e-08,12.3326473722399,5.62648309012939
"AC005076.1","AC005076.1",0.973902299134682,1.08245584820959e-07,1.84968957477057e-08,14.9522262903406,5.62550228520502
"AC012435.1","AC012435.1",1.05551087729653,1.09804209332481e-07,1.87752327113491e-08,25.4534959409991,5.62292371402061
"AIFM3","AIFM3",0.949191253093119,1.10884520741298e-07,1.89720721572176e-08,47.7406274301978,5.62112246273515
"PCLAF","PCLAF",1.31490605461165,1.10890247908976e-07,1.89760819326734e-08,181.611557234143,5.62108595871811
"AC011416.3","AC011416.3",0.752571142092033,1.12464437910973e-07,1.92577565613286e-08,35.3039469006868,5.61854022360827
"UBB","UBB",0.541147659578788,1.12638716777845e-07,1.92906767060174e-08,25909.6532863979,5.61824505894227
"C17orf100","C17orf100",0.70482110659337,1.15222811641936e-07,1.97836046984324e-08,54.4034698786944,5.61388296631286
"LYL1","LYL1",0.762063190484868,1.16071630007788e-07,1.99388600196443e-08,1065.40030124835,5.61253089164881
"LINC00476","LINC00476",0.579693863666771,1.16071630007788e-07,1.99379611923721e-08,146.289159381433,5.61253868982424
"RPS10P7","RPS10P7",0.701378636686359,1.17980872428948e-07,2.02765017508151e-08,54.1883191788983,5.60962541002785
"TEX54","TEX54",1.22806621629537,1.18043573311845e-07,2.02905030111429e-08,9.73775642333061,5.60950594285079
"AC138207.7","AC138207.7",0.882166084723482,1.18415104104822e-07,2.03640718390051e-08,125.636202159155,5.60887952148594
"HAR1B","HAR1B",1.25285047118586,1.19246881850924e-07,2.05136306492914e-08,9.09413411598865,5.60761280805393
"CRNDE","CRNDE",0.962619823329298,1.19657722662125e-07,2.05875756059839e-08,226.693080558846,5.60698982748767
"LINC01635","LINC01635",1.44974100343615,1.2092206368004e-07,2.08249342161068e-08,4.22664439426364,5.60500467598861
"LINC00884","LINC00884",0.96337574405031,1.22255377755922e-07,2.10612354641134e-08,22.824660699943,5.60305006823665
"AL365356.1","AL365356.1",1.34112602739042,1.23036226967212e-07,2.12125629706579e-08,10.586835922586,5.60180948740769
"MIR1245A","MIR1245A",1.57292789121436,1.23042304046984e-07,2.12203345212865e-08,15.5764810402151,5.60174600851393
"KANSL1-AS1","KANSL1-AS1",1.35194083913616,1.23042304046984e-07,2.12173039748696e-08,151.475450581328,5.60177075967079
"AP002387.1","AP002387.1",1.15056877650098,1.24894844476331e-07,2.15534806336923e-08,50.7607602220357,5.59904583857512
"LINC01588","LINC01588",0.870407454772464,1.24913032210104e-07,2.1560032363486e-08,91.3183472355836,5.59899314363029
"ACOT7","ACOT7",0.868472177587395,1.25728747827051e-07,2.1707695770899e-08,1762.3931104908,5.59780960578088
"Z84484.1","Z84484.1",1.87913190528096,1.25886515610548e-07,2.17392071125455e-08,1.98533575372702,5.59755805110385
"AL157762.1","AL157762.1",1.86360337493885,1.26278291797184e-07,2.18163785631737e-08,1.62429679850462,5.59694348409255
"GPR171","GPR171",1.21300873731975,1.27389998831491e-07,2.20154032243826e-08,85.6654226511321,5.59536820690744
"RYKP1","RYKP1",1.42054316576813,1.2827508183239e-07,2.2178876959353e-08,6.10593078788255,5.59408462107312
"LINC01094","LINC01094",1.34491464770409,1.2951073523766e-07,2.23960611852551e-08,716.843160506564,5.59239343638271
"AL590705.1","AL590705.1",1.45660958383973,1.30472727563666e-07,2.2569546659897e-08,4.25334207405386,5.59105392622509
"GZMH","GZMH",1.50239689314536,1.30700453816546e-07,2.26125105485497e-08,288.475927956781,5.59072373908303
"LINC02381","LINC02381",0.706682608468579,1.3146970988393e-07,2.27527840215528e-08,382.63755501809,5.58964992982551
"HOMER3-AS1","HOMER3-AS1",1.32256425959023,1.31474100453737e-07,2.27594175106555e-08,12.078993619715,5.58959930898243
"CCL2","CCL2",1.44085532984156,1.31718160953616e-07,2.28065790312048e-08,3106.53121088288,5.58923982684006
"CAPG","CAPG",1.0454021092852,1.33522291664784e-07,2.31408480021237e-08,10019.9881088312,5.58671239940258
"DLEU1","DLEU1",0.612699829725623,1.34209404551209e-07,2.32672660968174e-08,182.954531805143,5.58576576983948
"GSEC","GSEC",0.833538288304128,1.37122932965082e-07,2.379110424679e-08,77.9699247485287,5.58189570103545
"AC020656.2","AC020656.2",0.792713857526949,1.40959085422107e-07,2.44990503120309e-08,28.5331971849379,5.5767948488905
"AL121871.1","AL121871.1",1.61530446756076,1.41166758971255e-07,2.45390016277801e-08,2.25019219237974,5.57651127520935
"RPL36AP26","RPL36AP26",1.59105817172275,1.41829168820645e-07,2.46735243553389e-08,1.79985694281973,5.57555971900445
"PPIAP29","PPIAP29",1.13941792207767,1.43703623414418e-07,2.50153224069853e-08,4.14878583326957,5.57316445195651
"CASC6","CASC6",1.40706587117715,1.45448580566199e-07,2.5330999549959e-08,5.77468077943371,5.57098028440449
"RPP40","RPP40",0.712609674714212,1.48140471956141e-07,2.58200516573738e-08,170.892079240726,5.56764815648469
"PEX11G","PEX11G",0.590010611122911,1.51240755553782e-07,2.63728107856564e-08,149.202521390947,5.56395491625708
"CHKB","CHKB",0.69904913170328,1.55357621557529e-07,2.71373883061636e-08,788.649126481412,5.55896835921095
"IL32","IL32",1.00150704227595,1.58306345423221e-07,2.76654385455045e-08,4424.91825688583,5.5556033994037
"AP000873.4","AP000873.4",1.33195186016554,1.586137745575e-07,2.77321659988918e-08,7.63671914754873,5.55518262669551
"AL137845.1","AL137845.1",1.31638924235236,1.58628753662234e-07,2.77391191955599e-08,5.00643627176675,5.55513883747509
"AC093627.4","AC093627.4",1.00703724232679,1.58753033829036e-07,2.77651894734737e-08,108.736151774665,5.55497474918488
"AL021393.1","AL021393.1",1.50755333824782,1.59473525206407e-07,2.78955574843963e-08,7.9358764834084,5.55415643959452
"AC133644.2","AC133644.2",1.84543103814661,1.60693906135444e-07,2.8113420612182e-08,11.5070714935629,5.55279717670587
"CCL3","CCL3",2.06035943686946,1.61182897114281e-07,2.82033736746866e-08,434.388011358314,5.55223893234634
"PDXDC2P","PDXDC2P",0.782099203217325,1.62078272218748e-07,2.83644726238717e-08,24.8242617386139,5.551243463831
"AC003991.1","AC003991.1",1.11790416482457,1.6220234992868e-07,2.83906186956781e-08,58.9406563290141,5.55108241868684
"LGSN","LGSN",1.11520837623403,1.62677866566264e-07,2.84782942454727e-08,8.73232718426278,5.55054343485457
"FCGR1B","FCGR1B",1.58724531098811,1.62886184255487e-07,2.85192127847526e-08,365.96680754645,5.55029243970886
"CCDC26","CCDC26",0.810442777400836,1.6347339920034e-07,2.86264929499434e-08,61.1075840448993,5.54963603629507
"ARHGEF26-AS1","ARHGEF26-AS1",0.812071018236106,1.64171372353771e-07,2.87546952778867e-08,32.5462680538994,5.54885474197095
"CYSTM1","CYSTM1",0.686047640674139,1.64171372353771e-07,2.8757689230854e-08,1884.87627808399,5.54883653655126
"UBE2R2-AS1","UBE2R2-AS1",1.44740623725123,1.65449778913413e-07,2.89951878999598e-08,10.2079240907797,5.54739819876629
"AC011944.1","AC011944.1",1.40431710919072,1.66602518721286e-07,2.92017584523362e-08,8.38481936154986,5.54615643233237
"AL096870.2","AL096870.2",0.874427256022832,1.66959554774056e-07,2.92734627444771e-08,67.4635160049242,5.54572738510405
"FAM241B","FAM241B",0.867042463999221,1.704485355413e-07,2.98898522119202e-08,69.8930111163381,5.54208068011525
"AC022400.7","AC022400.7",0.884732404675883,1.70722609503463e-07,2.99472431763773e-08,121.046822040163,5.5417448631999
"LPXN","LPXN",1.08361401184587,1.72556828614819e-07,3.02972808185696e-08,1459.51309284185,5.5397100754077
"RPL7AP64","RPL7AP64",1.19026746148,1.77823273376137e-07,3.12413904152725e-08,55.2013233462573,5.53433357649877
"AC093520.1","AC093520.1",1.17585169045562,1.78184533725812e-07,3.13097280360309e-08,11.005193982561,5.53395054959487
"LINC02361","LINC02361",0.962654469985595,1.79676318841815e-07,3.15816759777424e-08,50.3523795551036,5.53243429603386
"TEX14","TEX14",0.892395534452567,1.80112504846762e-07,3.1663265558733e-08,20.0439638056956,5.53198186052879
"LYZ","LYZ",1.42600852896896,1.84884750373456e-07,3.25224192711361e-08,55624.8951066318,5.52728511682548
"AL031590.1","AL031590.1",0.994784391958433,1.86132388299034e-07,3.27673154406044e-08,14.1525698437255,5.52596837640761
"SDF2L1","SDF2L1",0.929206175404776,1.88505542867615e-07,3.32005445319448e-08,2240.88761680108,5.52366223046207
"AC013472.1","AC013472.1",1.31092104351518,1.89707650393505e-07,3.34381828106916e-08,7.97246511484235,5.52240961196159
"SPTY2D1OS","SPTY2D1OS",1.01589215831413,1.90863295145202e-07,3.36575236172337e-08,22.4306685991705,5.52126108133774
"GAGE1","GAGE1",1.46327948897872,1.91107845376481e-07,3.37058701577962e-08,6.30278913989549,5.52100890182561
"OPRM1","OPRM1",1.09221926881089,1.9298810834948e-07,3.40480399905077e-08,14.2929619114384,5.51923408097581
"LINC00824","LINC00824",1.39924598528271,1.9420849599008e-07,3.42739603705e-08,5.78353038095431,5.51807169896911
"AC239799.2","AC239799.2",0.770608041288436,1.95031853892359e-07,3.44245956486417e-08,28.1652919213215,5.51730078842116
"DYNLRB2","DYNLRB2",1.10377494629624,1.95179892470877e-07,3.44560585058153e-08,12.7842292530125,5.5171401831825
"HIST2H4A","HIST2H4A",0.975341045082647,1.97501906277373e-07,3.48821640530326e-08,107.088064314445,5.51497898338148
"OR14J1","OR14J1",1.01909269685968,2.02802811728328e-07,3.58627229570683e-08,43.9149904759045,5.510101309054
"CCDC122","CCDC122",0.61143740049277,2.02820014266271e-07,3.58713066571647e-08,172.742700652239,5.51005918419582
"ST6GALNAC4","ST6GALNAC4",0.622859636299481,2.04447471316741e-07,3.61703154943004e-08,1986.5240311317,5.50859785504175
"CDKN3","CDKN3",1.30594863713687,2.04503361717513e-07,3.6185791155021e-08,401.833997514504,5.50852254096731
"PRSS30P","PRSS30P",1.3213939869751,2.0582618018379e-07,3.64311045446759e-08,9.33968462853747,5.50733284942199
"GPR22","GPR22",1.47275812578499,2.07064928650971e-07,3.66729929100684e-08,5.07160983605124,5.50616735136807
"LINC00243","LINC00243",1.08533174072712,2.07064928650971e-07,3.66702068892421e-08,18.5053381852299,5.50618073284505
"LINC01709","LINC01709",1.81535820752317,2.07657507240546e-07,3.67836175698916e-08,39.0704294534057,5.50563680766596
"AL008729.2","AL008729.2",1.30740073937982,2.08447277987399e-07,3.69292098273258e-08,19.2470967763223,5.5049409167703
"AL022311.1","AL022311.1",0.895419870471302,2.11662410886555e-07,3.75219465513257e-08,127.206337129683,5.5021349973696
"LINC00944","LINC00944",1.50915740877537,2.13999139218441e-07,3.79654201192747e-08,15.1219624295751,5.50006363749508
"MRPL1","MRPL1",0.528963779221839,2.15957284908205e-07,3.83305151169075e-08,752.806569485492,5.49837590034746
"SYT14","SYT14",0.97341160800736,2.1619386757459e-07,3.83922253920318e-08,23.7612607570253,5.49809217124921
"YBX1P2","YBX1P2",1.23852237425739,2.16661443369629e-07,3.8485096405529e-08,2.96346429035891,5.49766600505975
"LINC01423","LINC01423",2.08461171080879,2.19888742677473e-07,3.90883947610492e-08,314.382007571624,5.49492163629407
"OR1I1","OR1I1",0.970702360347308,2.20417150000611e-07,3.91943717643645e-08,33.9136507253518,5.49444379831477
"RNFT1-DT","RNFT1-DT",1.02549240068195,2.22696140539302e-07,3.96178740143554e-08,36.5293320689447,5.49254670098648
"AC012186.3","AC012186.3",1.46048074248081,2.22925665925942e-07,3.96647978499341e-08,5.03944159651564,5.49233771499708
"CCDC107","CCDC107",0.57139931745094,2.23352112054369e-07,3.9746777393101e-08,1201.4052795301,5.49197317506738
"TMEM238","TMEM238",1.35342905119431,2.2734500518883e-07,4.04883943228174e-08,85.9056712216435,5.48870815560398
"ATP2B1-AS1","ATP2B1-AS1",0.636139062865328,2.29456440418734e-07,4.08769636200482e-08,220.757252549988,5.4870205324608
"AL096678.1","AL096678.1",1.38047357390599,2.29518974378457e-07,4.08943750354359e-08,2.81115600877204,5.486945276318
"AC010894.2","AC010894.2",1.21733085032102,2.30605512185284e-07,4.11005698512148e-08,8.3464276942938,5.48605640985241
"LRP4-AS1","LRP4-AS1",1.30823531533714,2.33050709973872e-07,4.15427424757382e-08,4.47562375740708,5.48416477652951
"RPS2P48","RPS2P48",1.64714528814716,2.3343134490075e-07,4.16297272648759e-08,2.05940995626935,5.48379495095737
"AC007326.2","AC007326.2",1.46835683659615,2.34550520175886e-07,4.18357276348585e-08,9.35142775324219,5.48292209705712
"PCNA","PCNA",0.521598906072626,2.34811225547939e-07,4.18950600515872e-08,2065.30863975925,5.48267146979701
"AC007364.1","AC007364.1",0.891837049248549,2.3656537774487e-07,4.22274273288132e-08,18.4989820892629,5.48127384270089
"AC138409.2","AC138409.2",0.83126803373271,2.41886035634383e-07,4.32300488834258e-08,105.757629770735,5.47712146325905
"PRADC1","PRADC1",0.676440728724075,2.4363149864555e-07,4.35619696477084e-08,839.308632663363,5.4757673575144
"AC079363.1","AC079363.1",1.44880765902404,2.43948457619175e-07,4.36253082083527e-08,6.63534619827024,5.47551009815149
"CCDC144B","CCDC144B",1.08769749220185,2.44555552949402e-07,4.37405571083032e-08,166.686835187839,5.47504292446615
"LINC02444","LINC02444",1.28491656362123,2.47941586030937e-07,4.43664976342689e-08,7.32114642802985,5.47252626571473
"AC135457.1","AC135457.1",0.742295945790148,2.48084226989731e-07,4.4398800152538e-08,78.9217378513475,5.47239732599318
"NUDT19P5","NUDT19P5",1.46904857342095,2.51518767453334e-07,4.50272128843477e-08,8.83131345535339,5.46990686499987
"ORC6","ORC6",0.691979368365232,2.59572953884485e-07,4.65116377926843e-08,207.975721839885,5.46415523860244
"DIO1","DIO1",1.02269829472818,2.60441712928533e-07,4.66744226645058e-08,8.24855815915511,5.46353536685162
"AC097523.1","AC097523.1",1.20368221516794,2.62275218516527e-07,4.70173422412343e-08,3.7235719876701,5.46223638536569
"PIK3CD-AS1","PIK3CD-AS1",1.17553777397957,2.67787629706389e-07,4.80494375333166e-08,14.0258838934582,5.45838150168557
"LINC00907","LINC00907",0.962384840254923,2.68753038392017e-07,4.82300050864441e-08,23.4857185181365,5.4577153406014
"ZMYND15","ZMYND15",1.14313497199238,2.75855978214418e-07,4.95423739665938e-08,334.188603733717,5.45294507882156
"GINS2","GINS2",1.04633565801182,2.75909414163494e-07,4.95595095142166e-08,114.346211988901,5.45288360734196
"AL591499.1","AL591499.1",1.12421975114498,2.79433258412954e-07,5.02230108429304e-08,12.9867267995109,5.4505190910302
"HLA-F","HLA-F",0.847746880744364,2.80689161722892e-07,5.04564057754285e-08,5779.31991880345,5.44969453579814
"AL135790.1","AL135790.1",1.45901625507711,2.81560039292971e-07,5.06309278310182e-08,4.41610709093996,5.44908038327121
"AC016727.1","AC016727.1",0.629955853842107,2.81560039292971e-07,5.06360331874186e-08,63.4970004594241,5.44906244815296
"IL23A","IL23A",1.20133898580875,2.8473742092271e-07,5.122301645824e-08,22.7102344080201,5.44701197302681
"IMPDH1","IMPDH1",0.551025477517341,2.89686603168469e-07,5.21608435990112e-08,3079.99212505946,5.44378270721315
"TMCC1-AS1","TMCC1-AS1",0.693838294761083,2.92413270642523e-07,5.26917544164441e-08,68.0817430755561,5.44197945301857
"RN7SL47P","RN7SL47P",1.3655756094632,2.93378192042516e-07,5.28816616001661e-08,5.28258933336337,5.4413387010058
"AL365357.1","AL365357.1",1.38424642084856,2.94840424302559e-07,5.31774540512361e-08,3.3581652849899,5.44034511762103
"AC138470.1","AC138470.1",1.14511223982006,2.96676349116789e-07,5.35329000674137e-08,26.0427807654361,5.43915821589541
"VMO1","VMO1",1.72484871688389,2.96935992153434e-07,5.35878638261545e-08,773.711775689595,5.43897536362475
"SNORA7B","SNORA7B",2.17247699721179,2.97170640029304e-07,5.36383302285194e-08,0.899313619616556,5.4388076330548
"TMSB15B","TMSB15B",0.690434623820949,2.97501745605911e-07,5.37062223890886e-08,103.213584067453,5.43858222719964
"AES","AES",0.506012976092887,2.99661086691798e-07,5.41042230896855e-08,13463.3740139931,5.43726637099312
"LINC00939","LINC00939",0.879780779078014,3.00061233942311e-07,5.41846688468192e-08,23.804576832242,5.43700154402028
"AC007998.4","AC007998.4",0.864010296385803,3.00211720381149e-07,5.42200462231043e-08,57.825781428299,5.43688520250902
"SRGN","SRGN",1.20515366113111,3.00270340820106e-07,5.42388377595487e-08,19690.5090546068,5.43682343485617
"AC022210.1","AC022210.1",1.69501193949134,3.03135448749488e-07,5.47729370359945e-08,1.38119793455763,5.43507647061499
"AL136419.1","AL136419.1",1.12582858073373,3.03939986181244e-07,5.49349164892191e-08,12.1734929751671,5.4345499201407
"PKIG","PKIG",0.644783330513868,3.04088432528145e-07,5.49700557284681e-08,2562.62700266011,5.43443589080085
"AC131571.1","AC131571.1",1.08342052086768,3.04419051074669e-07,5.50381393196832e-08,14.3321725511794,5.43421515557382
"C1orf159","C1orf159",0.538011528156129,3.06869866187936e-07,5.55063940043208e-08,220.91409015725,5.43270414747898
"UBTFL9","UBTFL9",1.56953262289019,3.07949609987485e-07,5.5710111416354e-08,1.88714523181425,5.43205062552928
"HIST1H2BE","HIST1H2BE",1.52608508848909,3.08403192650644e-07,5.58005940526397e-08,5.53843367424353,5.43176110120435
"LINC01517","LINC01517",1.23932628160492,3.10055793119279e-07,5.61165489117764e-08,12.8276791324611,5.43075367167939
"LAIR2","LAIR2",1.78259903625677,3.10488024154484e-07,5.62117448030713e-08,48.7770264815832,5.43045121474055
"ZMYND10","ZMYND10",1.01058079112355,3.20372366423708e-07,5.81062807268115e-08,43.5339610553165,5.42453292063757
"AC138781.1","AC138781.1",1.43722391298698,3.22670407977341e-07,5.85658302372757e-08,4.26623412749277,5.42312553811864
"AL121983.2","AL121983.2",0.932448687768235,3.22670407977341e-07,5.85671608566758e-08,7.94975069622408,5.42312147861936
"HIST1H3G","HIST1H3G",1.68855202358023,3.24970838152251e-07,5.90024650816063e-08,3.98400776616341,5.4217982112174
"NAGS","NAGS",0.852206547871567,3.28360154536354e-07,5.96447527899036e-08,127.736393631862,5.41986291686492
"LINC01182","LINC01182",1.5462261235099,3.30886355298509e-07,6.01307453507032e-08,3.65185892565828,5.4184119334259
"CASR","CASR",0.949168445452593,3.30926752650321e-07,6.01471285726369e-08,22.4402810560821,5.41836321776731
"AC096733.2","AC096733.2",0.602877214618521,3.32418118502147e-07,6.04363551056938e-08,77.4857581081168,5.41750531050919
"AL590552.1","AL590552.1",0.853806499610826,3.33943193555532e-07,6.07409994671761e-08,19.5815414156536,5.41660596184892
"GHRL","GHRL",1.20148161465389,3.35226371330743e-07,6.1011034712262e-08,25.8247821560357,5.41581243008737
"MT-ND6","MT-ND6",0.812966397957829,3.41440078672131e-07,6.22165601427481e-08,83042.9867032458,5.41231085261715
"AC007066.1","AC007066.1",1.84678904973529,3.42508878475179e-07,6.24206732268488e-08,0.994568268564888,5.41172449948279
"LINC01427","LINC01427",1.11225193121828,3.4408429725358e-07,6.27359904798803e-08,11.7781779900137,5.41082233296495
"PTPRCAP","PTPRCAP",1.64504073073632,3.48531346069293e-07,6.35849011640937e-08,1795.00776668807,5.40841514290703
"AL590652.1","AL590652.1",0.999830687686736,3.49626673316008e-07,6.37942819313179e-08,11.0669618415072,5.40782620577115
"TBC1D22A-AS1","TBC1D22A-AS1",1.16279790085668,3.52324931229206e-07,6.42962434951739e-08,12.9306506223232,5.40642190148259
"OR6U2P","OR6U2P",1.4716083403872,3.57649837684518e-07,6.5307081211116e-08,3.74537758078818,5.40362589350014
"SMKR1","SMKR1",1.24430000240831,3.58504384125126e-07,6.54876756364419e-08,70.7346079419931,5.40313078199006
"ABHD12","ABHD12",0.657416073651371,3.59118273545286e-07,6.56242797199616e-08,3764.33953553755,5.40275715078681
"RELB","RELB",0.753242595651393,3.60452215090483e-07,6.59074352683274e-08,1519.73602120559,5.40198507454681
"NTAN1P2","NTAN1P2",1.05878615258522,3.61045039292314e-07,6.60256960021711e-08,11.1122841023229,5.40166356557113
"AL022322.2","AL022322.2",0.93611619689838,3.65684502422757e-07,6.68941157878727e-08,80.1788274097692,5.39931958888001
"RN7SL492P","RN7SL492P",1.55679412215168,3.66053100791629e-07,6.69715446569782e-08,6.74743346450239,5.39911203185431
"AC004941.1","AC004941.1",1.16854917765702,3.68843497773747e-07,6.75122979203347e-08,11.025067965358,5.39766892827034
"AC004801.4","AC004801.4",1.41694826155173,3.6984037864579e-07,6.77048699944477e-08,3.06201128321081,5.3971577153046
"AC020917.3","AC020917.3",1.31628503253735,3.7175977232009e-07,6.80664016589777e-08,6.49306003479898,5.39620176544485
"AL162718.1","AL162718.1",0.699291097240212,3.72302536751495e-07,6.81759501983256e-08,28.1954758351291,5.39591307174551
"PYCARD-AS1","PYCARD-AS1",1.50472689774804,3.737837165535e-07,6.84573964331843e-08,17.4826638761645,5.39517343064015
"SOX2-OT","SOX2-OT",0.845862996588771,3.77745712949133e-07,6.92036669123184e-08,72.2494369716058,5.39322639983639
"DBF4","DBF4",0.543202939388062,3.79748315629977e-07,6.95912990226578e-08,264.187903846569,5.39222307321502
"AL139021.1","AL139021.1",1.43620347951801,3.81190782516599e-07,6.98764709392022e-08,3.93113251278158,5.39148839946844
"AC007312.1","AC007312.1",2.29302631811541,3.83029400442944e-07,7.02449065759457e-08,1.27953301089535,5.3905435059093
"AC234781.5","AC234781.5",1.27320277381791,3.86792887737443e-07,7.09456721599349e-08,4.90054238001442,5.38875949016378
"LINC01206","LINC01206",1.23498534639997,3.86988198345928e-07,7.09920698296281e-08,10.6966623700398,5.3886419737749
"PLEK2","PLEK2",1.35172865753312,3.91284326109769e-07,7.18229487910988e-08,225.28531076408,5.38655001709089
"CLEC7A","CLEC7A",1.21673849777363,3.9763442584117e-07,7.3032012090613e-08,1120.09348986332,5.3835473799586
"LGALS9","LGALS9",0.977654223334927,3.99581585402188e-07,7.34114751835927e-08,4313.72670086659,5.38261492721366
"CCDC18-AS1","CCDC18-AS1",0.822349787756332,4.01637885008481e-07,7.38221823670606e-08,286.157795470083,5.38161094462395
"AP000974.1","AP000974.1",0.999832651980853,4.02180177927453e-07,7.39328461732808e-08,53.4233204334703,5.38134134976655
"FAM21FP","FAM21FP",0.756994379847595,4.02555745096358e-07,7.40128858371373e-08,20.753414718662,5.38114660371129
"AC097382.2","AC097382.2",1.39194782135309,4.02667105978032e-07,7.40443625025863e-08,12.5116904183356,5.38107007310412
"CA5A","CA5A",1.05064017395171,4.04573211419779e-07,7.44501374057273e-08,39.9567827581795,5.38008630610952
"AF127577.6","AF127577.6",1.63880456161321,4.10816265486827e-07,7.56551170627945e-08,3.09419640839122,5.37719524945178
"AC097382.1","AC097382.1",1.42301917491617,4.11107063057153e-07,7.5719902512863e-08,3.16758518217026,5.37704107855846
"TMEM176A","TMEM176A",1.01746005359044,4.27585968350961e-07,7.88719055804075e-08,4889.60671182284,5.36969044870099
"AC104109.4","AC104109.4",1.10446627118865,4.27763866983708e-07,7.89164083683706e-08,12.5722153586909,5.36958871615786
"LINC01678","LINC01678",0.991860459244879,4.28075196933363e-07,7.8997237085383e-08,77.8507420768872,5.36940408522691
"LINC01923","LINC01923",1.05088602813334,4.28309437592803e-07,7.90521667515337e-08,14.4181719237212,5.3692787179193
"RPL12P4","RPL12P4",1.77894187409625,4.28401473400208e-07,7.90808588838985e-08,1.35020693678594,5.36921326670768
"AL137779.1","AL137779.1",1.14101052267944,4.36056222242824e-07,8.05296321249008e-08,9.42458567491948,5.36593793406547
"MAGIX","MAGIX",0.590049412045705,4.38644467887545e-07,8.10315923218584e-08,59.4451628863645,5.36481641843862
"AC021028.1","AC021028.1",1.37328140087228,4.39053307139706e-07,8.11311105818693e-08,6.3170155651382,5.36459486690959
"MYL6B","MYL6B",1.10885524743812,4.40130701512812e-07,8.13422242419919e-08,1201.42519100363,5.3641257472123
"DSTNP2","DSTNP2",0.515214803124752,4.42108996589864e-07,8.17199202691447e-08,97.5163016762941,5.3632893955677
"AL645568.1","AL645568.1",0.731355004242664,4.42970638591184e-07,8.19033938453657e-08,40.9030332142801,5.36288447051738
"RHOF","RHOF",1.18003666463577,4.45982516044046e-07,8.24846485177778e-08,459.639178603474,5.3616074196459
"LACTB2-AS1","LACTB2-AS1",0.993259908122901,4.48708571997571e-07,8.30010938119499e-08,16.9468057441429,5.36048004864652
"LILRA5","LILRA5",1.29391907904817,4.49386584643222e-07,8.31510683680948e-08,542.406012444798,5.36015393515554
"C10orf67","C10orf67",1.02262385918374,4.50527152078807e-07,8.34236593797118e-08,14.885469169275,5.35956265295338
"B3GALNT1P1","B3GALNT1P1",1.45646118432274,4.60289476923075e-07,8.52816454825369e-08,6.70138778811689,5.35558160448749
"LSP1P4","LSP1P4",0.952603016707502,4.60582097451564e-07,8.53610308208955e-08,248.301296527534,5.35541338473668
"CCNB1IP1","CCNB1IP1",0.642063258315813,4.6067358384699e-07,8.53905733167021e-08,796.318616904992,5.35535082203445
"RN7SL444P","RN7SL444P",1.4387281337125,4.60935876156907e-07,8.54517861068502e-08,5.9647876003852,5.35522125722495
"AL445250.1","AL445250.1",1.21757810169881,4.63108076925307e-07,8.59050994356652e-08,12.2874619297711,5.35426454840822
"SNORD104","SNORD104",1.40903299102926,4.65737857201314e-07,8.64438171526141e-08,27.3097847067714,5.35313393136976
"PNP","PNP",0.7971988392428,4.69027623010664e-07,8.70672332778068e-08,2403.73435207403,5.35183404063234
"TTC28-AS1","TTC28-AS1",0.563532721679364,4.69471094186176e-07,8.71623838081659e-08,163.850538436575,5.35163643447533
"RPL21P39","RPL21P39",1.75617696487816,4.72015993911664e-07,8.76477689178303e-08,0.811710602433943,5.35063163830305
"AL157938.3","AL157938.3",1.27757950523173,4.74865367105875e-07,8.82028133442373e-08,6.28227041695078,5.34948922212365
"AC009948.5","AC009948.5",1.27645969044847,4.82498919427433e-07,8.96470573542049e-08,7.75630736207148,5.34654892433738
"SNHG3","SNHG3",0.968247866522715,4.91109197945078e-07,9.13541741471104e-08,272.13410985348,5.34313202641504
"ANGPTL3","ANGPTL3",2.07399251873436,4.9529078090235e-07,9.21590813395175e-08,1.61708605423661,5.34154234615194
"AC122688.4","AC122688.4",1.26386535520634,5.02222559587969e-07,9.3503771169497e-08,20.8939372072931,5.33891634817645
"AC022075.1","AC022075.1",0.92806386570831,5.02222559587969e-07,9.35033036513682e-08,19.5271022086071,5.33891725480717
"LINC01480","LINC01480",1.77470403273174,5.09424121873994e-07,9.49559102550448e-08,31.592262464927,5.33612126170587
"KCNE3","KCNE3",0.778112801873936,5.09533446877157e-07,9.49902103347863e-08,623.482550839594,5.3360557421462
"DDX39A","DDX39A",0.525198551279508,5.11730604346395e-07,9.54137993950599e-08,1716.94732694846,5.33524849038648
"AC016708.1","AC016708.1",0.855779485267801,5.11771684959464e-07,9.54354422210536e-08,34.7004472658789,5.33520733794415
"FABP2","FABP2",1.08644025525342,5.14560484909421e-07,9.59836178714342e-08,11.438994299981,5.33416801825221
"AC083899.2","AC083899.2",1.34932438139614,5.1619139744742e-07,9.6316048339256e-08,8.30926371050234,5.33354053825467
"AC107032.1","AC107032.1",1.44688364371319,5.22827808380461e-07,9.75971908209325e-08,2.3625228539977,5.3311417648169
"CHEK2","CHEK2",0.643159130493592,5.25492844294005e-07,9.81090359042852e-08,285.591596491512,5.33019191275819
"TNFRSF18","TNFRSF18",1.3788618164173,5.2913186574049e-07,9.88318105467906e-08,227.580383947059,5.32885876732525
"AC010533.1","AC010533.1",1.44033363312691,5.32909635920212e-07,9.95665480046562e-08,6.11457496644274,5.32751319477691
"HIST1H2AL","HIST1H2AL",2.66068857056305,5.34555439379714e-07,9.98886485947121e-08,1.652531728797,5.3269263387551
"TMEM14A","TMEM14A",0.570392407477216,5.3931971912687e-07,1.0083785999577e-07,733.201658387752,5.32520750140823
"ZNF280B","ZNF280B",0.748654570520234,5.40717635607611e-07,1.01114005795199e-07,36.904447814209,5.32471039535057
"RPL29P33","RPL29P33",1.8673861263133,5.41081285689403e-07,1.01196792276946e-07,4.749712257273,5.32456162261638
"AC079779.2","AC079779.2",1.34840689233496,5.41082542634979e-07,1.01211811439631e-07,8.80238295902571,5.32453464482176
"MIR122HG","MIR122HG",1.11971431330359,5.4196995848899e-07,1.01407423037039e-07,17.7736396842126,5.32418363583404
"AC117529.2","AC117529.2",1.26237516315785,5.42752502034047e-07,1.01598333053779e-07,17.0024698491377,5.3238416948051
"RPS3AP5","RPS3AP5",1.05755418468072,5.43463795903878e-07,1.01746329941621e-07,5.61931329088908,5.32357704361789
"AC079447.1","AC079447.1",0.975075128151762,5.43668239606863e-07,1.01799460259183e-07,10.2393934654367,5.32348212573555
"FTCDNL1","FTCDNL1",0.928331431581567,5.49805125597091e-07,1.02978609687917e-07,87.955657850405,5.32138781152629
"ARHGEF39","ARHGEF39",0.869204021068233,5.51279593202018e-07,1.03284903155448e-07,50.9767811441062,5.320847594503
"AL109976.1","AL109976.1",0.826268286270013,5.5156929667817e-07,1.03369321727795e-07,34.8418830388788,5.32069897603938
"AC008771.1","AC008771.1",0.746243734391573,5.5343107714009e-07,1.03748480020169e-07,50.8610819693434,5.32003291523546
"AC124804.1","AC124804.1",1.05563965983626,5.56230264490337e-07,1.04334019118723e-07,11.9740722335704,5.31900892326308
"MYT1L","MYT1L",0.836209426365244,5.57558447368088e-07,1.04598385191653e-07,33.8783022282341,5.31854842061017
"Z99129.3","Z99129.3",0.972863470643921,5.58126687151857e-07,1.04720237183306e-07,12.8138832105872,5.31833654420969
"ZBTB8B","ZBTB8B",0.987958601130533,5.61162483484115e-07,1.05305170539329e-07,39.4045156471508,5.31732277182954
"MND1","MND1",1.29476705384036,5.63533791623702e-07,1.05780954355442e-07,24.8356795510507,5.31650218251551
"GLMP","GLMP",0.689458378360317,5.69074542637929e-07,1.06836557896806e-07,3137.15265572494,5.31469425355228
"AC022540.1","AC022540.1",1.10392051367625,5.69586726498792e-07,1.06948276851818e-07,13.0725345190728,5.31450392555557
"AL512288.2","AL512288.2",1.34815749375755,5.70661179055487e-07,1.07170956141476e-07,3.71297075500848,5.31412513528758
"PPIAL4G","PPIAL4G",1.16822249747876,5.70661179055487e-07,1.07181205629318e-07,35.7787967760313,5.3141077186622
"OR10H5","OR10H5",0.976888614647387,5.76549664813351e-07,1.08334436594481e-07,37.7205972984842,5.31215829223814
"CNRIP1","CNRIP1",0.526161514976501,5.79569920510382e-07,1.08949453621996e-07,2045.77943863645,5.31112686068584
"Z97634.1","Z97634.1",0.894582907665369,5.80000310539045e-07,1.09046207186512e-07,36.4829537217612,5.31096511056677
"RN7SL127P","RN7SL127P",1.47878135668194,5.85769571441933e-07,1.1016289953919e-07,3.44751185694712,5.30910823979036
"PMM1","PMM1",0.509595332987975,5.86019876549887e-07,1.10225985140835e-07,819.262845962537,5.30900388344132
"AC109460.2","AC109460.2",1.54331237755902,5.90742992717727e-07,1.11162791083007e-07,13.4461936772298,5.30746098190998
"AC092933.1","AC092933.1",1.60176294544704,5.91334770249063e-07,1.11290305677082e-07,2.7942888388952,5.30725194143943
"TNF","TNF",1.26613951134013,5.92117615291043e-07,1.11453817091724e-07,162.450818482458,5.30698422865656
"FLJ42351","FLJ42351",0.631069945901801,5.92726258769693e-07,1.11600771856661e-07,48.0460239784095,5.30674394772847
"AL450405.1","AL450405.1",1.50941632707144,5.9400055264042e-07,1.1185693075761e-07,3.41989488597554,5.30632584178644
"SND1-IT1","SND1-IT1",1.30912304811217,6.0020642500281e-07,1.13091163879324e-07,26.113518573959,5.30432420968127
"GLYCTK","GLYCTK",0.53789273326423,6.01331375432392e-07,1.13319557811886e-07,203.249962930146,5.3039561283141
"PDLIM2","PDLIM2",0.686672889739352,6.06948482243765e-07,1.1441125656438e-07,2104.94090852041,5.30220659639906
"AC022706.1","AC022706.1",1.05308626052422,6.07545499133854e-07,1.14540395749162e-07,41.6948518416668,5.3020007103004
"RPL9P9","RPL9P9",1.27343736861606,6.14019276106089e-07,1.15828003012007e-07,19632.6036454404,5.29996008081678
"RIMS2","RIMS2",1.30425136425913,6.17732397693704e-07,1.16562199471918e-07,16.3297467945484,5.2988063143257
"IDO1","IDO1",1.95570703968571,6.18197736427607e-07,1.16666897060179e-07,264.887814999364,5.29864235856427
"AC009502.1","AC009502.1",1.1206232224023,6.18368871565435e-07,1.16716089641084e-07,15.2162302790597,5.29856537245032
"AL354920.1","AL354920.1",0.722847866233416,6.21096669817895e-07,1.17298838268294e-07,44.1176370580229,5.29765575551768
"AL390729.1","AL390729.1",1.73603628021256,6.21677355497353e-07,1.17459463735736e-07,4.3701795547799,5.29740580267576
"AIMP2","AIMP2",0.540800093991179,6.34877824939314e-07,1.20022942450753e-07,737.863968548331,5.29346085559243
"SOWAHD","SOWAHD",1.10646189316323,6.36952749655517e-07,1.20432608202852e-07,196.1256388922,5.29283798589623
"AC022182.2","AC022182.2",1.2385848877312,6.38842250079176e-07,1.20809202093241e-07,16.5961785163666,5.29226720563137
"ST20-MTHFS","ST20-MTHFS",1.12966616115673,6.44614897443999e-07,1.21987015483951e-07,26.8986450772091,5.29049311333318
"MS4A7","MS4A7",0.938057901565976,6.44614897443999e-07,1.21976342031393e-07,5135.88111419885,5.29050911577629
"HAGHL","HAGHL",0.982529963686046,6.4832788344513e-07,1.22742804568193e-07,200.560891494186,5.28936340788865
"AL035078.1","AL035078.1",1.04833715649687,6.53310422608674e-07,1.23757511405938e-07,41.9783382671378,5.28785722655425
"AC099689.1","AC099689.1",1.35132823335556,6.53494148993978e-07,1.23810170472533e-07,4.90402609304812,5.2877793884998
"LINC00276","LINC00276",0.881397516116297,6.6160339641712e-07,1.25436923624645e-07,32.5002197493966,5.28539044664565
"AP001885.1","AP001885.1",1.20799029934062,6.61733891999008e-07,1.25497826289383e-07,9.5126547939815,5.28530159225337
"SMIM6","SMIM6",1.62228242944866,6.65881416289082e-07,1.26302598209755e-07,2.84808615429339,5.28413136610378
"SFTPD-AS1","SFTPD-AS1",0.752794604970955,6.71456669077157e-07,1.27396789804961e-07,67.1123458225264,5.2825518113754
"AC005614.1","AC005614.1",0.930746059811693,6.77916473358444e-07,1.28659466759959e-07,18.1748899859218,5.2807452652341
"AC009084.1","AC009084.1",1.57313398539302,6.79479853356023e-07,1.28974740874458e-07,5.03936932433601,5.28029687029338
"AC104078.1","AC104078.1",1.58103575577616,6.82611812328216e-07,1.29606532524626e-07,2.71893614657345,5.27940149472096
"RPS18P12","RPS18P12",1.62302928145205,6.94105145388901e-07,1.31864615860789e-07,1.85858968399179,5.2762354915157
"AC012358.3","AC012358.3",0.68469204475228,6.952890274789e-07,1.32108524743525e-07,47.9406615553418,5.27589665694364
"SNAI3","SNAI3",1.11901945920967,6.99977304596227e-07,1.33018447320057e-07,167.253997841857,5.27463792382692
"PANO1","PANO1",0.750758349117474,7.05053370631771e-07,1.34021593472096e-07,25.3141152291214,5.27325984784363
"MCUR1","MCUR1",0.520842868165992,7.1094453708075e-07,1.3518027906623e-07,1046.07195555637,5.27168046362656
"DDN-AS1","DDN-AS1",1.06452133984645,7.11473873644547e-07,1.35300367785077e-07,17.9050820366293,5.27151752240531
"AC138230.1","AC138230.1",1.15041542458631,7.12276175666741e-07,1.35472402492314e-07,5.44773370847159,5.27128434236236
"RPL7P32","RPL7P32",1.00632016015053,7.12358449991817e-07,1.35507514654582e-07,6.57157452350295,5.27123678567903
"HIST1H4L","HIST1H4L",3.24554187664237,7.18810529798152e-07,1.36754493810884e-07,0.894292209168627,5.26955553254333
"LINC01203","LINC01203",1.26287775320845,7.22730952154633e-07,1.37559600336325e-07,3.31475841236804,5.26847789908464
"NAALADL1","NAALADL1",0.584723075040518,7.30297948004468e-07,1.39039757963199e-07,332.579678903862,5.26651253403301
"AL391516.1","AL391516.1",1.88965418132472,7.63378095094536e-07,1.4550467475558e-07,1.58806817640004,5.25815902039708
"AC087672.2","AC087672.2",0.881720208220658,7.69024352181287e-07,1.46622911268642e-07,22.0502470848656,5.25675063052633
"GPR183","GPR183",1.11417492652927,7.69794046744767e-07,1.46790695161937e-07,1530.96970645971,5.25654020788645
"ASIP","ASIP",1.23122280154763,7.8736891685691e-07,1.50335637339711e-07,13.1344714625162,5.25214793399782
"RPS19P3","RPS19P3",1.14235705720808,7.89274164050112e-07,1.50742545061621e-07,9.73837614753026,5.25165018853507
"RPSAP12","RPSAP12",1.60728176134913,7.90280542078518e-07,1.5099953088213e-07,1.91404087497875,5.25133650244433
"AL590139.1","AL590139.1",1.02893855281732,7.91720369246708e-07,1.51296272097912e-07,5.42132252683384,5.25097493114192
"LINC01556","LINC01556",1.7791437847747,7.95112108225118e-07,1.51987876967757e-07,3.25973969436381,5.25013488381912
"RNU7-40P","RNU7-40P",1.65253102503915,8.12161788059702e-07,1.55446687760819e-07,3.4417601049812,5.24598839423762
"NECAP2","NECAP2",0.538339432652008,8.14606621327594e-07,1.55981398460717e-07,4416.31206883409,5.24535534836041
"AC005833.1","AC005833.1",0.525257235650222,8.166760219007e-07,1.56422276934449e-07,373.463978122354,5.24483496729017
"LDHAL6A","LDHAL6A",0.953349306037177,8.24480471275303e-07,1.57984686604926e-07,13.2600905431528,5.24300216274126
"CHAC2","CHAC2",0.736258219614268,8.25324796085956e-07,1.58169024283366e-07,102.496762244887,5.24278708016413
"AL121832.2","AL121832.2",0.829260670390507,8.25975173866318e-07,1.58316233904539e-07,28.4953574503455,5.24261549208506
"AC108868.1","AC108868.1",1.60760890778876,8.31451273256241e-07,1.5941128403615e-07,7.54490859440495,5.24134391901476
"OLMALINC","OLMALINC",0.696176402700156,8.34198338556183e-07,1.59983555242653e-07,402.735069844957,5.24068275381998
"MOGAT3","MOGAT3",1.00705929831169,8.3498573934238e-07,1.60157378348685e-07,16.1329649362389,5.24048238260368
"HIST1H3A","HIST1H3A",1.58645526052938,8.36744229757768e-07,1.60517534280425e-07,2.28278546004592,5.24006788821619
"EAF2","EAF2",1.27714536748819,8.40711741191541e-07,1.61416470541626e-07,297.191732550966,5.23903723581367
"AC073052.1","AC073052.1",1.35179068791474,8.45343120336347e-07,1.6237498663801e-07,5.77302341150559,5.23794436992511
"MT-CYB","MT-CYB",0.881547133260181,8.49896998190988e-07,1.63296147197438e-07,234310.6476758,5.23689995784066
"AC108471.2","AC108471.2",0.87744533561055,8.5130312740795e-07,1.63589576082956e-07,12.8815584556469,5.23656846421389
"AC008629.1","AC008629.1",1.14864772039293,8.51918250497152e-07,1.6373105751515e-07,5.73201175557169,5.23640883464419
"AC073073.1","AC073073.1",1.53643867338903,8.58638412828757e-07,1.65079169871297e-07,3.38148488217401,5.23489445224904
"TEKT3","TEKT3",1.23604003964353,8.65237711556824e-07,1.6638550271693e-07,32.7382668716925,5.23343836725588
"AP000692.1","AP000692.1",1.17732293007348,8.78487184691595e-07,1.69005389967308e-07,9.94886429974453,5.2305511662103
"AC011504.1","AC011504.1",1.2695503053385,8.83325203066668e-07,1.69984409552134e-07,10.6448408597176,5.22948334943246
"SPATA17","SPATA17",0.591078250557435,8.8469109313583e-07,1.7027142982182e-07,53.6942246881027,5.22917142343113
"AC135050.1","AC135050.1",0.907232611051374,8.85647476306795e-07,1.70479698095067e-07,55.8113718692679,5.22894540112321
"AC020658.6","AC020658.6",1.33218690438974,9.07274539547886e-07,1.74791463656169e-07,7.15767713991212,5.22432508635375
"CDC42EP5","CDC42EP5",0.747986202656979,9.18614159156205e-07,1.77051402461484e-07,1026.27862905951,5.22194725691141
"DLEU7-AS1","DLEU7-AS1",1.06276359430082,9.20548956128175e-07,1.77449462703469e-07,12.7130067620085,5.22153147330018
"AP001267.2","AP001267.2",1.32155341484605,9.27768584191265e-07,1.78993250443305e-07,6.72065802896874,5.21992743407757
"UBL7-AS1","UBL7-AS1",0.515497161541284,9.27768584191265e-07,1.7897653528942e-07,89.5044134950927,5.21994472986327
"AC021945.1","AC021945.1",1.1827428455663,9.30350658001565e-07,1.79542246986668e-07,6.25561285247834,5.21936023323357
"LINC00160","LINC00160",2.16326254689882,9.34009535023787e-07,1.80273869652396e-07,3.44814397393544,5.21860695102326
"AC023818.1","AC023818.1",0.972074038860324,9.45802140035825e-07,1.8260165363789e-07,28.4326230813367,5.21622976246573
"RNU7-181P","RNU7-181P",1.70794636450088,9.48058344218804e-07,1.83063152506743e-07,3.31930030554865,5.21576195044697
"AL034430.1","AL034430.1",1.93576896991451,9.49529125582196e-07,1.83373093789857e-07,93.2688314945823,5.21544840878246
"RNASE2","RNASE2",1.3851576344681,9.69262893630779e-07,1.8729001294453e-07,223.79790542369,5.21152953975327
"CTCFL","CTCFL",0.955867192368892,9.77295692803898e-07,1.88934746934344e-07,17.3703965045556,5.20990755512095
"AL031281.2","AL031281.2",0.707598822862321,9.77295692803898e-07,1.88948996482974e-07,56.2693525583485,5.2098935623905
"OSMR-AS1","OSMR-AS1",0.861253085166165,9.84687478315191e-07,1.90405018826651e-07,32.0274743958867,5.20846913196187
"ST3GAL5","ST3GAL5",0.697399841237162,9.85151586473852e-07,1.90521678981992e-07,806.738416255461,5.20835545904736
"EEF1A1P19","EEF1A1P19",0.691263170871899,9.91313128299791e-07,1.91794537049942e-07,48.2981116314563,5.20711954736436
"CFAP53","CFAP53",0.660032289865129,9.919256690614e-07,1.91960099844392e-07,20.241255492696,5.20695937327488
"AC242842.1","AC242842.1",1.10705796193031,1.00268052781792e-06,1.9415822565222e-07,6.18367554932279,5.20484535456602
"PDCD2L","PDCD2L",0.522491631486973,1.00988862814316e-06,1.95636776238012e-07,180.350409449585,5.20343635218615
"AL928654.4","AL928654.4",0.527008123499239,1.01870743155754e-06,1.97456502075717e-07,56.6658207228669,5.20171628456163
"LINC01724","LINC01724",2.31583861743838,1.01983368909269e-06,1.97730535200462e-07,2.27841936601353,5.2014585872613
"AC092902.5","AC092902.5",0.856890646197171,1.02024539056869e-06,1.97838234292358e-07,47.8352469370132,5.20135740287074
"MICA","MICA",0.530581891865276,1.02474979549149e-06,1.98767693057025e-07,451.820880478982,5.20048637266486
"MS4A6E","MS4A6E",1.31689240672022,1.02751974420825e-06,1.99333046910532e-07,21.5151368741197,5.19995848211834
"FOXP1-IT1","FOXP1-IT1",1.3467977566233,1.0299941383986e-06,1.99869350826713e-07,25.8894894098605,5.19945905226021
"AC026401.3","AC026401.3",0.636572082568446,1.03044741906365e-06,1.99985464564853e-07,45.4408952231415,5.19935109261006
"MIR4451","MIR4451",1.67868775718933,1.03118177221329e-06,2.00156160272226e-07,3.97769199444012,5.19919249395329
"GAPDH","GAPDH",0.891341222004334,1.03280786068617e-06,2.0050000956789e-07,70269.5397779282,5.19887340945007
"BCYRN1","BCYRN1",1.22822183651557,1.03627148636802e-06,2.01257349247353e-07,439.805592544361,5.19817247629467
"STAG3L4","STAG3L4",0.708148474220733,1.03921749074933e-06,2.0185789616484e-07,211.781451377577,5.19761846786621
"FAM9B","FAM9B",1.21032485206037,1.04904977665573e-06,2.03911038857042e-07,4.84872618016648,5.19573638937812
"THUMPD3-AS1","THUMPD3-AS1",0.646173992645806,1.05861427295313e-06,2.05914779342424e-07,237.371285132877,5.1939171735719
"TRABD","TRABD",0.661008176717239,1.0590548206574e-06,2.06029408537957e-07,1424.65519974467,5.19381361864241
"GCC2-AS1","GCC2-AS1",0.748031425283592,1.06375264285888e-06,2.06972391863114e-07,18.802301537762,5.19296384342129
"AL031056.1","AL031056.1",1.36738970120758,1.07148572837149e-06,2.08594109528863e-07,2.5501259292459,5.19151113533521
"FCGR1CP","FCGR1CP",1.7913314556299,1.07846514834029e-06,2.10011779344279e-07,140.298715202096,5.19025012345445
"CCDC144CP","CCDC144CP",1.11814288272958,1.08603636297894e-06,2.11575159650259e-07,15.202338588084,5.18886900546285
"LINC00485","LINC00485",1.55975372390137,1.08714010743618e-06,2.11819888688964e-07,3.4954166972938,5.18865370069092
"LINC02018","LINC02018",0.732670320945834,1.09139798289688e-06,2.12679319490164e-07,26.0814149587789,5.18789950072911
"PGAM1","PGAM1",0.522494343981522,1.09276574879148e-06,2.13005569875636e-07,13115.195404158,5.18761396824141
"TRBC1","TRBC1",1.49193905248516,1.09295919790141e-06,2.13073140714954e-07,785.390004534702,5.18755488345929
"SENCR","SENCR",0.595113325366252,1.10971332522168e-06,2.16521294445423e-07,133.712863304057,5.18456356212245
"HMGN2P46","HMGN2P46",0.902262012374904,1.11160374634761e-06,2.16920515763126e-07,37.9719931143401,5.18422021009979
"FILNC1","FILNC1",1.29129289460551,1.11316005832534e-06,2.17254632547826e-07,9.36323203861312,5.18393332056455
"AC006213.1","AC006213.1",0.800500800808304,1.13291003646815e-06,2.21263994663087e-07,38.8308116918672,5.18052354595674
"TRBC2","TRBC2",1.42933111006966,1.13418316337462e-06,2.21543633295039e-07,1301.6628266643,5.18028795883609
"LINC01435","LINC01435",1.1370235452463,1.1373210508006e-06,2.22208347008181e-07,5.29501320528306,5.17972910883363
"AC078880.4","AC078880.4",1.07625251554737,1.1373210508006e-06,2.22218717294873e-07,13.6953488209914,5.17972040294426
"LINC02472","LINC02472",1.61564587572342,1.13787976049715e-06,2.22358972842854e-07,2.04066120236794,5.1796026964998
"ANKUB1","ANKUB1",1.0129028889979,1.14080678153279e-06,2.22993298043268e-07,6.96079653446472,5.17907124710467
"H2AFJ","H2AFJ",0.634639312388183,1.14430828500905e-06,2.23709002410989e-07,3053.93457089504,5.17847336779889
"NUDT17","NUDT17",0.662917045156011,1.15273482153211e-06,2.25450855283665e-07,60.6789572937231,5.17702596069627
"AL133481.1","AL133481.1",3.06218618440267,1.16322490979885e-06,2.27597846363824e-07,2.65884137948012,5.17525669549628
"LINC02099","LINC02099",1.03324542829242,1.16886249352721e-06,2.28732839111502e-07,14.6506074655407,5.17432789028092
"CSAG2","CSAG2",2.41509921999884,1.17119701186531e-06,2.29221678078395e-07,0.971924596001424,5.1739292270933
"AC099560.2","AC099560.2",2.23378400981428,1.17173684620437e-06,2.29359347692782e-07,0.915095067833199,5.17381710153973
"PRR34","PRR34",0.519421169856035,1.17209108544382e-06,2.29460712784638e-07,51.9314443298122,5.17373458590411
"AL034417.2","AL034417.2",0.932094338350252,1.17222359537457e-06,2.29550711988021e-07,22.1713781604465,5.17366135211274
"MELTF-AS1","MELTF-AS1",0.85244328873168,1.17222359537457e-06,2.29544905574179e-07,25.5616569778461,5.17366607604732
"AC009135.2","AC009135.2",1.16216062012705,1.18378441909736e-06,2.31879299994781e-07,5.17392935530664,5.17177612437177
"AL031283.1","AL031283.1",0.889819795267672,1.19052669226219e-06,2.33232503170029e-07,12.3623490124119,5.17068895542354
"CPNE7","CPNE7",1.64262470249815,1.19071874289661e-06,2.33302661420027e-07,19.9126783404956,5.17063275630687
"AL391832.3","AL391832.3",1.14362377971862,1.1955120880062e-06,2.343398376829e-07,9.29314623168903,5.16980384276463
"RPL9","RPL9",1.127955922484,1.20071159620567e-06,2.35424640410171e-07,18261.8132484944,5.16894064990842
"AC079416.2","AC079416.2",1.31725311269054,1.20839007211444e-06,2.36996200378083e-07,10.654598516168,5.16769692923626
"AC131956.2","AC131956.2",1.34107019283539,1.21934749377426e-06,2.39245180272494e-07,5.50957445011484,5.16593089376683
"ARIH2OS","ARIH2OS",0.606565602818719,1.22445198448654e-06,2.40313631644766e-07,52.7007928627813,5.165097493485
"RNU1-46P","RNU1-46P",2.54194204130548,1.23081547517144e-06,2.41697063309301e-07,0.878357750539618,5.16402370848719
"AC025678.3","AC025678.3",0.836622431118541,1.24360646794628e-06,2.44310787303854e-07,41.8518189713642,5.1620111095916
"FCF1P7","FCF1P7",1.41717852672181,1.24470636965146e-06,2.44594885393954e-07,8.82455819414025,5.16179360536469
"LINC01949","LINC01949",0.800712200958129,1.24470636965146e-06,2.44571589883164e-07,42.3464075106888,5.16181143111547
"AC023051.1","AC023051.1",1.01170773806736,1.24611374473987e-06,2.44905493754307e-07,10.1948915860968,5.16155608409812
"RPSAP48","RPSAP48",1.19388606046948,1.25417346460786e-06,2.46523782190469e-07,8.30203308543905,5.16032327248804
"TBPL1","TBPL1",0.562097154433758,1.25616675498338e-06,2.46984233691096e-07,782.940287672896,5.15997392922971
"NDUFV2P1","NDUFV2P1",1.02697179947309,1.26500905053049e-06,2.48757346831005e-07,125.420953224616,5.15863452385074
"AC027279.1","AC027279.1",1.13751854154037,1.27482548407188e-06,2.50757361125536e-07,42.8791696832409,5.15713474199788
"AL031770.1","AL031770.1",1.54511085971964,1.2794618362757e-06,2.5177420543888e-07,2.10860207715264,5.15637665046262
"AC078846.1","AC078846.1",0.547166608084166,1.28894297805816e-06,2.53745571106015e-07,91.9092324004458,5.15491531924419
"SNORD60","SNORD60",1.74138094545167,1.2959996683568e-06,2.55241006844882e-07,2.52709598887866,5.15381408139649
"AKR1B1","AKR1B1",0.604681657054978,1.30085772853748e-06,2.56304409423311e-07,3741.54736207231,5.1530347776805
"RPS14P4","RPS14P4",1.53833257374007,1.30265793359108e-06,2.56694691577882e-07,11.5567890839232,5.15274954665254
"LINC02201","LINC02201",1.45170904960906,1.31076362368567e-06,2.58327769000376e-07,3.7610487847604,5.15156056596353
"AL137186.2","AL137186.2",0.740659266080978,1.33838395945934e-06,2.63990650108937e-07,109.15354917972,5.14749314384825
"OSTN-AS1","OSTN-AS1",1.22274001723861,1.33862362022275e-06,2.6407449760945e-07,5.58969452797254,5.14743355491123
"RGS1","RGS1",2.01406365345526,1.35303507249721e-06,2.66991428552005e-07,1178.52472345703,5.14537183888861
"IGHEP2","IGHEP2",1.40513613814348,1.36443575959327e-06,2.6935294306023e-07,7.70527156036408,5.1437185712248
"STMN1","STMN1",0.724391060488399,1.36937606661664e-06,2.70403039248024e-07,1572.07764751396,5.14298790369734
"DCXR","DCXR",0.745198720881029,1.37359361454653e-06,2.71385978490832e-07,1165.7135873544,5.14230644367434
"AL390961.3","AL390961.3",1.13338099322478,1.37958301608377e-06,2.72607021293418e-07,7.60468861665879,5.1414632215754
"RN7SL50P","RN7SL50P",1.62940771124915,1.38382491921794e-06,2.73483036167746e-07,2.23317005924135,5.14086051157709
"C1orf189","C1orf189",1.24759054185655,1.38406731632004e-06,2.73568757787348e-07,2.66329304444779,5.14080163414179
"MT-ND1","MT-ND1",0.872712990268458,1.39286395386476e-06,2.75345520539129e-07,271231.520249461,5.13958526948811
"PPIAP51","PPIAP51",1.67981231928375,1.39641545466948e-06,2.76123900801744e-07,4.0700285979589,5.13905477963633
"RPS29P14","RPS29P14",1.47100821672573,1.40494112314164e-06,2.77848133809644e-07,4.80234744533619,5.13788478692276
"EFCAB5","EFCAB5",0.788035669855684,1.43203792256654e-06,2.83402570374858e-07,26.6723218101864,5.13416288960628
"AC004014.2","AC004014.2",1.95634238804969,1.4433618456995e-06,2.85801341451522e-07,5.73521630584068,5.13257726426422
"C4orf47","C4orf47",0.861848423756059,1.44837667731287e-06,2.86833906859851e-07,43.8001374702704,5.13189867551651
"PSMA6P2","PSMA6P2",2.1268116828867,1.44913299422381e-06,2.87023281377317e-07,1.17897483333204,5.13177447706155
"AC003681.1","AC003681.1",0.766786726654217,1.45427531624231e-06,2.88121268834477e-07,239.854226768769,5.13105593413063
"AF196972.1","AF196972.1",1.44260715548291,1.45594877902823e-06,2.88492596669656e-07,3.47075053912259,5.13081352869773
"CXCL3","CXCL3",1.91232418577508,1.46201823337659e-06,2.89735190761508e-07,241.971548086305,5.13000453994291
"SKAP1","SKAP1",1.06993570171182,1.4627698601954e-06,2.89924111747792e-07,248.08338488747,5.129881836771
"NPM1P40","NPM1P40",1.05371447022141,1.47809548890265e-06,2.93082842781675e-07,29.8173539970799,5.12784161587353
"AC025031.3","AC025031.3",1.61462110133686,1.48428515543011e-06,2.94391265970851e-07,4.11870893929363,5.12700271956044
"AC034229.1","AC034229.1",1.42007139739678,1.48543776668693e-06,2.94660460289819e-07,4.9305370541531,5.12683057210575
"AL138899.1","AL138899.1",1.02580575379095,1.48807427312666e-06,2.95224112603423e-07,28.2560861988469,5.12647061264988
"GHET1","GHET1",0.741289784184383,1.49248775085693e-06,2.96181276386618e-07,30.8638928616739,5.12586086662529
"ANKRD36","ANKRD36",0.89739553329789,1.49348921243506e-06,2.96420821310098e-07,596.708356670901,5.12570856602209
"BPESC1","BPESC1",1.46694597040345,1.49445187817517e-06,2.9665271988149e-07,3.17592003229519,5.12556124007853
"RNA5SP498","RNA5SP498",1.63096073723667,1.50281128212442e-06,2.98476330221109e-07,7.57163202803626,5.12440655504856
"LINC01562","LINC01562",0.733046224733911,1.51324103117098e-06,3.00671842910335e-07,39.200887497203,5.12302539043954
"LINC01705","LINC01705",2.25331567430853,1.51604681164943e-06,3.01312180877564e-07,13.2806253186641,5.12262439735442
"EMP3","EMP3",0.864174862681917,1.52244818726473e-06,3.02667641480319e-07,15805.7002599746,5.12177828687598
"AC020907.3","AC020907.3",1.37948003088174,1.53335799385854e-06,3.04878442616154e-07,6.80344301727658,5.12040607173574
"AC106028.4","AC106028.4",1.17223837183581,1.53650496822174e-06,3.05546139476976e-07,5.22113021989467,5.11999352979088
"STARD10","STARD10",0.787331796612208,1.54255286861313e-06,3.06833107011218e-07,851.493330293616,5.11920081640721
"OPRD1","OPRD1",0.929195823343313,1.54300936535928e-06,3.06966069815594e-07,27.2876925801931,5.11911910042933
"AC092881.1","AC092881.1",1.35190732866219,1.55414618445951e-06,3.09224091238398e-07,6.42549523106236,5.1177365644499
"RPL21P131","RPL21P131",2.03011103676424,1.5560819706134e-06,3.09651766222504e-07,0.859195196637982,5.11747580696897
"AC133555.3","AC133555.3",1.31867796618871,1.55763545417994e-06,3.10046019937727e-07,9.93004883721379,5.11723573459745
"OR8D4","OR8D4",1.34084115034498,1.56048828879548e-06,3.10656511712447e-07,3.20341755720045,5.11686456963734
"AC023830.2","AC023830.2",1.09350422583341,1.56130245430759e-06,3.10903912319836e-07,12.2075313547225,5.1167143562463
"PIPOX","PIPOX",0.778664101706727,1.57797887453734e-06,3.14440283395744e-07,135.727860868836,5.11457971331021
"INTS6-AS1","INTS6-AS1",0.680135609062033,1.59677713336043e-06,3.1827342790416e-07,53.693778011999,5.11229195186537
"LINC02584","LINC02584",1.41138054599158,1.61882072837349e-06,3.22844134987242e-07,8.06481097102691,5.10959850514786
"LINC01353","LINC01353",1.24897951528918,1.63071004344545e-06,3.25259797184397e-07,9.32024237997691,5.10818982673371
"AL358472.6","AL358472.6",0.665203734957485,1.63493054840236e-06,3.26190957797591e-07,185.140533523844,5.10764952164036
"AP005131.7","AP005131.7",0.8956501100304,1.63843293288643e-06,3.26934498452679e-07,11.8558078900148,5.10721915099813
"LINC01205","LINC01205",1.05246318239654,1.63983374834428e-06,3.27258823954388e-07,10.9852926931052,5.10703172323281
"KCNMA1-AS1","KCNMA1-AS1",0.870934730105085,1.6447517674345e-06,3.28330184236631e-07,26.0292213810866,5.10641385598033
"P2RX4","P2RX4",0.866351491962882,1.66341761630241e-06,3.32192665306547e-07,2113.023703972,5.10420235633551
"AC087164.1","AC087164.1",1.27871517575917,1.68028599949578e-06,3.35836828501097e-07,6.38780873722988,5.10213849777823
"LINC00900","LINC00900",0.770457107359935,1.68462894081633e-06,3.36796905925109e-07,157.405418563873,5.10159835951314
"AC005046.1","AC005046.1",1.25371080955102,1.69694439354766e-06,3.39351786015338e-07,30.3146728233937,5.10016819560434
"SH2D2A","SH2D2A",1.2324075876908,1.69780601941519e-06,3.39570481765053e-07,225.585406131305,5.10004625804135
"DAPK1-IT1","DAPK1-IT1",1.55840406258871,1.70348111349146e-06,3.40752076064127e-07,5.60545958180427,5.09938874831506
"AC005632.2","AC005632.2",0.969703323869985,1.71063806430424e-06,3.42258245065266e-07,13.5312553439416,5.09855380925512
"AC092944.1","AC092944.1",0.701999013218235,1.71063806430424e-06,3.42277180931171e-07,13.3487758808491,5.09854333482191
"AC026191.1","AC026191.1",1.13471471882559,1.71337668852176e-06,3.42871960073592e-07,12.369550540301,5.09821461528486
"RNU6ATAC","RNU6ATAC",2.39769046855613,1.72944963939205e-06,3.46182902761992e-07,0.695111100973244,5.09639474034321
"TMEM269","TMEM269",0.768133900561382,1.73353122744408e-06,3.47047277343174e-07,26.8174099891087,5.09592239854942
"AL512646.1","AL512646.1",1.37700800903974,1.74053846329893e-06,3.48567219158205e-07,3.81706486287155,5.09509456611326
"MMAB","MMAB",0.529919387017347,1.74053846329893e-06,3.48592774009704e-07,748.597780505475,5.09508067753336
"SLC39A12-AS1","SLC39A12-AS1",0.79683587249284,1.75131074812349e-06,3.50893787152369e-07,37.9876464505335,5.09383413116245
"AL591428.1","AL591428.1",1.32058311241616,1.76304314799111e-06,3.53292670492823e-07,7.34250993348974,5.0925429374623
"MT1A","MT1A",1.56984666056373,1.76341090983817e-06,3.53414547492089e-07,192.532631798268,5.09247756353921
"AC092017.2","AC092017.2",1.89781114639047,1.76660762640465e-06,3.54103487726563e-07,1.19702405553836,5.09210842974665
"OR7A19P","OR7A19P",1.76624371720039,1.78392174120663e-06,3.57866428698574e-07,1.35110073860948,5.09010440062445
"AF279873.3","AF279873.3",1.08208516059493,1.78505039434451e-06,3.58239163541638e-07,8.81310047083733,5.08990700162402
"RPS7P11","RPS7P11",1.68846402615954,1.78694295603039e-06,3.58682553596843e-07,1.94424182301915,5.08967244188364
"AC024145.1","AC024145.1",1.27228203205414,1.79163609274951e-06,3.59707697191819e-07,13.1715837169441,5.08913119587652
"SERF1B","SERF1B",0.602231957554354,1.80187339919321e-06,3.61910745033177e-07,660.084121147707,5.0879730705572
"KLF15","KLF15",1.25744687490222,1.80960121988594e-06,3.63512341009356e-07,970.192108280594,5.08713538736257
"AC074032.1","AC074032.1",0.779225946632157,1.82065917216843e-06,3.65783406457948e-07,53.7157966856014,5.08595363786122
"LINC01192","LINC01192",1.32843026644404,1.8213840780981e-06,3.65978811178815e-07,5.55451920701661,5.08585229006152
"TRBV7-6","TRBV7-6",1.63294081133919,1.82249539402567e-06,3.66251909152129e-07,10.3855609175485,5.08571073366855
"LINC00337","LINC00337",0.902716052688535,1.83378147879117e-06,3.68720399530703e-07,14.450730401834,5.08443582947725
"AL357874.1","AL357874.1",1.74116986962972,1.8352800989595e-06,3.69071874322849e-07,2.90755967248241,5.08425497316982
"FAM215B","FAM215B",0.876515098906398,1.83808285406117e-06,3.69685726078425e-07,106.464151446529,5.08393950540045
"AC004943.2","AC004943.2",1.91215767997454,1.84044429779161e-06,3.70261246608914e-07,2661.51189237626,5.08364419547624
"HIST1H4A","HIST1H4A",2.37407481201915,1.84902125641027e-06,3.72087804406176e-07,1.65724976525577,5.08270988127792
"AL359641.1","AL359641.1",1.5233421232819,1.86563718214415e-06,3.75584435586713e-07,4.79351330349268,5.08093357947222
"AP002336.1","AP002336.1",1.6884204924353,1.86766391491025e-06,3.76043481761076e-07,1.90179108658042,5.08070156838703
"SLC3A1","SLC3A1",1.10167105829259,1.87111744996022e-06,3.76892205828213e-07,14.9520351992401,5.08027332526433
"OR5AS1","OR5AS1",0.853030391844312,1.87942170019541e-06,3.78714227728545e-07,117.850607101921,5.07935711730752
"AL645941.2","AL645941.2",1.33231943840892,1.88373279671886e-06,3.79639146113235e-07,32.991103958624,5.07889364650194
"AC009403.2","AC009403.2",1.12389370610867,1.88695393648499e-06,3.80339877850482e-07,8.72970351274106,5.07854323916184
"SYNGR3","SYNGR3",1.14038116685343,1.89971090195551e-06,3.83118832955371e-07,51.7693813887137,5.07715970446587
"RPS27AP1","RPS27AP1",1.84688438593428,1.909050024918e-06,3.85106596736784e-07,1.22857842591069,5.07617600188169
"RN7SKP78","RN7SKP78",1.55347878203248,1.92984452026419e-06,3.8954750448836e-07,3.07934163028697,5.0739958744372
"GPBAR1","GPBAR1",0.839118242383331,1.93172620574921e-06,3.8999767573652e-07,363.373415041567,5.0737762171361
"AC008083.2","AC008083.2",1.08206349645914,1.93224743799812e-06,3.90208497889125e-07,8.91855250681885,5.07367343233614
"AC004130.1","AC004130.1",0.948645450721641,1.94272537097481e-06,3.92483712478148e-07,28.7423374287443,5.07256756526759
"RPS15AP12","RPS15AP12",1.6730203795592,1.95556519361551e-06,3.95238004786304e-07,1.36680542379342,5.07123709014143
"AL359979.1","AL359979.1",1.30070645852573,1.96345527732557e-06,3.96939960024369e-07,3.2545386582667,5.07041941697563
"CDK2AP1","CDK2AP1",0.536597413343496,1.96854272115763e-06,3.98129818355932e-07,4515.49129103319,5.06984977821342
"AC097103.2","AC097103.2",0.645597552840472,1.97736285039822e-06,3.99967681671576e-07,29.6112556428284,5.06897313052772
"THSD8","THSD8",0.931927813760158,1.98010567376872e-06,4.00576584294205e-07,88.6319046786725,5.06868354536487
"RN7SL558P","RN7SL558P",1.38447019281176,1.98081145209329e-06,4.00773485689521e-07,7.37775666562124,5.06858999282462
"AC007036.1","AC007036.1",1.29162672869752,1.99161112816762e-06,4.03067396003649e-07,4.05805037287497,5.06750335751172
"AP000350.7","AP000350.7",0.955155177696531,2.00572423835378e-06,4.06033249049513e-07,30.1970941766748,5.06610723126792
"DDX10P1","DDX10P1",1.01115874261015,2.00763810310161e-06,4.06530396515916e-07,12.2754672701989,5.06587417070994
"HIST1H2BB","HIST1H2BB",3.1359405630216,2.01112653248998e-06,4.07346675738359e-07,0.93455257172153,5.0654920983803
"NABP1","NABP1",0.940931776348609,2.03757451232299e-06,4.12926313776323e-07,1002.10487010522,5.06290007498615
"PXMP2","PXMP2",0.761557761886957,2.05413786950091e-06,4.16451350902941e-07,350.022968618565,5.06127987994159
"RPL36A-HNRNPH2","RPL36A-HNRNPH2",1.12956656591897,2.05602746045995e-06,4.16890619527126e-07,15.0842888925748,5.06107890900352
"GK-IT1","GK-IT1",1.56829859577411,2.05856079945277e-06,4.17460538635986e-07,2.35550409172903,5.06081846810049
"AC104699.1","AC104699.1",2.43560422041181,2.06065909479203e-06,4.17942360737758e-07,37.0610149535001,5.06059855311937
"AC009084.2","AC009084.2",0.963991670613751,2.06670060781356e-06,4.19280636438582e-07,17.3140029822332,5.05998901330253
"AC016907.2","AC016907.2",0.867239463450174,2.08508284477232e-06,4.23351747848387e-07,22.7090884053528,5.05814623209522
"AC005332.4","AC005332.4",0.592475332308569,2.10723586916737e-06,4.28079966317642e-07,157.725394688988,5.05602735115017
"LBHD2","LBHD2",1.37704930581694,2.10753284317332e-06,4.28255464758053e-07,8.83904793092886,5.05594913942982
"AL805961.2","AL805961.2",1.12803474688121,2.10914460241386e-06,4.28640606375975e-07,13.4687746042305,5.05577760755717
"LKAAEAR1","LKAAEAR1",1.26849629822561,2.11178141108632e-06,4.29234184460536e-07,6.03194696678447,5.05551353456114
"AC132192.2","AC132192.2",1.08821320682723,2.14693829519108e-06,4.3661470890208e-07,15.9284129059895,5.05225916594282
"AC108727.1","AC108727.1",1.30634843240625,2.17923955567443e-06,4.43302781278072e-07,6.81807306711289,5.04935564071338
"GRINA","GRINA",0.524595014294564,2.18702971378834e-06,4.44947218472307e-07,8064.87997670444,5.04864820697372
"ETV7","ETV7",0.991768178498644,2.19899055911873e-06,4.47560880758365e-07,281.309813679061,5.04752898791492
"RAB42","RAB42",0.818459798529833,2.2064409382145e-06,4.49137544460178e-07,477.109326607693,5.04685687598265
"AC244034.3","AC244034.3",0.993933684917983,2.21384343421618e-06,4.50704867027645e-07,17.6914423730444,5.04619099807116
"AC009159.4","AC009159.4",1.38356530308106,2.23274153034861e-06,4.54713101513433e-07,8.40412432806816,5.04449820509131
"AL162390.1","AL162390.1",1.31053422210498,2.23274153034861e-06,4.5473524870129e-07,12.0729935972665,5.04448889174085
"AC116036.2","AC116036.2",0.988060906688082,2.26059227544145e-06,4.60778118932027e-07,8.57687432085692,5.0419639455255
"AL356481.1","AL356481.1",0.58509379463704,2.26128575970266e-06,4.60981257770473e-07,48.5270558141567,5.04187962223539
"AL121989.1","AL121989.1",1.37808699740874,2.26892198494761e-06,4.62599957694994e-07,4.69874681460223,5.04120897492246
"RPS2P55","RPS2P55",1.63377336375897,2.27668400341161e-06,4.64306931923393e-07,70.7198670937493,5.04050420211808
"NFKBIE","NFKBIE",0.921160620583294,2.2842173679439e-06,4.65905698289605e-07,872.837206046553,5.03984636892136
"AC068790.5","AC068790.5",1.24584207132589,2.2906312353209e-06,4.67339092164845e-07,4.90564740755032,5.03925842893145
"AL118558.3","AL118558.3",0.667597649655469,2.29083505695789e-06,4.67443269088268e-07,59.4004980885582,5.03921576615919
"AC016831.6","AC016831.6",0.605994864512093,2.30548352627974e-06,4.70621258090001e-07,114.413444326663,5.03791869656077
"AC121333.1","AC121333.1",0.812807591777623,2.35957193271756e-06,4.81920276430059e-07,75.1020807469809,5.03337453108718
"AL137009.1","AL137009.1",0.857465713991305,2.36617956852657e-06,4.83334475103272e-07,46.4835000802333,5.03281302909866
"AC116667.2","AC116667.2",0.814031798938381,2.36769024058384e-06,4.83707749633744e-07,11.6645493374378,5.03266508623552
"AC011477.4","AC011477.4",1.21103461323802,2.37250229580528e-06,4.84885302129116e-07,16.0178641947945,5.03219909801197
"PVT1","PVT1",0.758817685301296,2.37250229580528e-06,4.8487853093881e-07,110.821463403541,5.03220177442721
"SMPD2","SMPD2",0.595925266736376,2.40202031366312e-06,4.91377526391316e-07,345.313317292048,5.02964939017718
"SELENOP","SELENOP",0.749045479727042,2.40806616678153e-06,4.92745908987318e-07,43639.5029313162,5.02911612932222
"CLEC4D","CLEC4D",1.48368784907026,2.41408589235756e-06,4.94109604624456e-07,99.6586639988842,5.028586113963
"AL049781.1","AL049781.1",1.10714265763075,2.41976428366899e-06,4.95337960415533e-07,20.1183289208788,5.02810990620787
"LINC01426","LINC01426",1.0568322838902,2.45343176354172e-06,5.02766147341811e-07,107.252708778065,5.02525419598037
"RAD17P2","RAD17P2",1.72024689003133,2.45451914366717e-06,5.03056042423221e-07,1.8306468607754,5.02514357477839
"MEIKIN","MEIKIN",1.50653662671194,2.4682703690662e-06,5.05941810124173e-07,10.8463071347782,5.02404573296986
"LINC00471","LINC00471",0.922536413656876,2.47215881589162e-06,5.06806404427303e-07,22.1205100975584,5.02371798807585
"OR56A4","OR56A4",1.36210697594353,2.48918101748546e-06,5.10500087905295e-07,2.25360521355933,5.02232385521801
"AC012594.1","AC012594.1",1.02871948243772,2.49226864422741e-06,5.11201418405289e-07,9.49301436063446,5.02206024634387
"ISG15","ISG15",1.16912427784165,2.49943447449623e-06,5.12739529345547e-07,2440.36704352842,5.02148333609838
"HIF1A-AS2","HIF1A-AS2",1.29360084691689,2.52592226893961e-06,5.18311326531776e-07,9.56762443323629,5.01940736330601
"LINC01320","LINC01320",1.13363809293666,2.53242112889233e-06,5.19714065933776e-07,18.2354960817462,5.01888811362283
"EVI2B","EVI2B",0.96272207748114,2.55041653945632e-06,5.23546530258623e-07,3340.86745097587,5.01747631687524
"AC027130.1","AC027130.1",1.44074346058397,2.57097854239558e-06,5.27978215925167e-07,4.28672469576509,5.01585615150015
"SLC13A1","SLC13A1",1.94527158070231,2.57673358869973e-06,5.29230481331618e-07,1.33036248475144,5.01540071586833
"AL355499.1","AL355499.1",1.23657493951573,2.59001824260965e-06,5.32171293872089e-07,4.44210729301064,5.0143352458829
"AC133555.2","AC133555.2",1.69687400453201,2.60563057198361e-06,5.35592742780751e-07,2.53495638086718,5.01310276081926
"PCDHB1","PCDHB1",0.903824520428445,2.61237711953063e-06,5.37122266304216e-07,52.7739390415894,5.01255424460832
"C12orf75","C12orf75",0.883828580288325,2.646454577737e-06,5.44490367779436e-07,959.834986831283,5.00993282802567
"CCDC74B","CCDC74B",0.777979088743195,2.65285671894623e-06,5.45952534416323e-07,37.803471299197,5.00941668921959
"EEF1A1P12","EEF1A1P12",0.774810541495118,2.65285671894623e-06,5.45897654363023e-07,13.9046071614142,5.00943603756668
"SUMO4","SUMO4",1.04896581198426,2.65726455220435e-06,5.47077472085571e-07,12.8842529915604,5.00902049719577
"DRAIC","DRAIC",1.50766410094754,2.66546907761656e-06,5.48839448316031e-07,29.416210144195,5.00840152229981
"MT-TS1","MT-TS1",1.14289070535211,2.6663521648848e-06,5.49239841828096e-07,380.683752934435,5.00826113290375
"RPL7AP30","RPL7AP30",1.71403408839651,2.68335165394321e-06,5.52814871191338e-07,1.16212169884824,5.00701198135097
"AL359092.1","AL359092.1",1.81064767277115,2.69334306148495e-06,5.55167629056598e-07,3.16701041897086,5.00619414625512
"AC091806.1","AC091806.1",1.08751473430444,2.70230849917594e-06,5.57163308690993e-07,14.9201481159888,5.00550304914631
"IQCD","IQCD",0.661277451852695,2.70501458458334e-06,5.57795160246195e-07,51.7326406535444,5.00528473845263
"AC005785.2","AC005785.2",1.14581357637729,2.71603287071629e-06,5.60215638160531e-07,15.4702984328064,5.00445064063952
"PRICKLE2-AS3","PRICKLE2-AS3",1.14514359722971,2.72659666846529e-06,5.62692549985473e-07,9.35917946385633,5.00360068486418
"RASA2-IT1","RASA2-IT1",1.43248948770248,2.72722606181053e-06,5.62971471815583e-07,4.2980928076748,5.00350519850806
"AC009948.4","AC009948.4",0.59094320334966,2.73191806899646e-06,5.64014670601307e-07,20.9464167360086,5.00314847271271
"UQCRFS1","UQCRFS1",0.632285593557659,2.73734979906767e-06,5.65210864546964e-07,2341.70734693927,5.00274021167969
"MTHFD2","MTHFD2",0.651038504988834,2.75762154093227e-06,5.69622635849284e-07,2383.03083874261,5.00124164151993
"AL353898.3","AL353898.3",0.819835067310956,2.77685431377205e-06,5.73898905144179e-07,28.0036170905171,4.99979973923643
"SETD6","SETD6",0.509306350443117,2.83374224392978e-06,5.86352906179956e-07,335.646058893179,4.99565866926503
"RNU6-484P","RNU6-484P",1.96953397917725,2.83527599267064e-06,5.8678121668361e-07,1.24328386169097,4.99551776509684
"SLC38A6","SLC38A6",0.678839726302777,2.83527599267064e-06,5.86825204089733e-07,565.605978167433,4.99550329988038
"AC048341.2","AC048341.2",1.35115039319606,2.83840587442509e-06,5.87628113077376e-07,17.300215374932,4.99523944752865
"HOMER3","HOMER3",0.537894346658398,2.84909043147541e-06,5.8991795649391e-07,1889.94529534553,4.99448886252059
"AP000569.1","AP000569.1",2.09845429300182,2.90025719277516e-06,6.00829258603275e-07,1.76769735937022,4.99095040071425
"ZNF695","ZNF695",1.04601969773433,2.902706994542e-06,6.01416080756632e-07,6.71512563964564,4.99076185791941
"HNRNPA1P54","HNRNPA1P54",0.773192717570664,2.9032921759223e-06,6.01616652427519e-07,81.8212727575435,4.99069745598381
"AC007496.2","AC007496.2",1.06649827396568,2.91186392885868e-06,6.03472441880736e-07,14.4641826825203,4.99010255675983
"OR8B9P","OR8B9P",1.16394321119035,2.93582729052363e-06,6.08679403275863e-07,8.25302141678895,4.98844275970086
"SNORA33","SNORA33",1.38767819362553,2.94837007776007e-06,6.11602110176629e-07,10.0551431658506,4.98751709016843
"AL139274.2","AL139274.2",0.891099841755228,2.96495384164841e-06,6.15204226166782e-07,21.754753581888,4.98638208856378
"CCDC144A","CCDC144A",1.13034420192726,2.97811924384311e-06,6.18402548411743e-07,93.2411216570302,4.9853796754025
"TNFRSF12A","TNFRSF12A",0.952564397498387,2.97811924384311e-06,6.18424171513091e-07,1129.51368504252,4.98537291534465
"AC010525.1","AC010525.1",1.42535650440999,2.98021785700718e-06,6.18941389959058e-07,13.7608837991621,4.98521128454159
"AL162458.1","AL162458.1",0.693276190402969,2.98064492865125e-06,6.19111526205819e-07,107.142674326717,4.98515814540562
"SNORA74B","SNORA74B",2.6639717638408,2.98280014766122e-06,6.19640687523383e-07,0.949171603664359,4.98499296087171
"MARCKSL1P2","MARCKSL1P2",1.1805979378927,2.98437326038598e-06,6.20049025163938e-07,8.62579988003211,4.98486558592267
"LINC02309","LINC02309",1.37721060459782,2.98813671914938e-06,6.21093535926955e-07,10.5752176915895,4.98454013363313
"SAMMSON","SAMMSON",1.144068251855,2.98813671914938e-06,6.21157522317235e-07,20.9252777639817,4.98452021368338
"IRF5","IRF5",0.863072616721264,2.99820478889038e-06,6.23414258407493e-07,1237.36939246925,4.98381891892632
"AL161756.3","AL161756.3",0.97768943080153,3.0006752797793e-06,6.24091921355229e-07,9.68809979035942,4.98360880860637
"AL807776.1","AL807776.1",0.890730118510206,3.02753356783623e-06,6.30091619612793e-07,12.086892932816,4.98175812730407
"AC007448.4","AC007448.4",0.785357663432258,3.02786679191347e-06,6.30243701215794e-07,10.6682298521937,4.98171143689592
"CCL4L2","CCL4L2",1.95087204390344,3.04305412177946e-06,6.33488055789439e-07,161.848660961051,4.98071796926051
"RPSAP9","RPSAP9",0.983214328338917,3.06632202224328e-06,6.38595284188644e-07,6.10130953929559,4.97916395525712
"AC022929.2","AC022929.2",0.919085099903186,3.0732147643059e-06,6.40438509450015e-07,19.938892070819,4.97860604362717
"TMIGD3","TMIGD3",1.58515378437975,3.0768032321794e-06,6.41438527323938e-07,227.774218493553,4.97830400314149
"GZMK","GZMK",1.47962640265394,3.10065440570582e-06,6.46665074967963e-07,579.614029705355,4.97673274934735
"SNHG1","SNHG1",0.822505488746453,3.10530074490759e-06,6.47718950972009e-07,410.705834978971,4.97641740647572
"JMJD7","JMJD7",0.501189932031716,3.12907438070306e-06,6.53105254083189e-07,262.265705499625,4.97481338834988
"RNASEH2B-AS1","RNASEH2B-AS1",0.861404404900592,3.13660860977587e-06,6.55020618173092e-07,21.0805163065871,4.97424607232924
"AC011899.4","AC011899.4",1.26819688442225,3.16250801012532e-06,6.60688440815821e-07,5.37595178783941,4.97257662390404
"AC090236.2","AC090236.2",1.10682438641341,3.19542488434244e-06,6.67827124793992e-07,7.89302041560414,4.97049346530541
"CCRL2","CCRL2",0.99786604075962,3.22043015516896e-06,6.73229080499405e-07,397.327821297097,4.968931319998
"SAMD13","SAMD13",0.752347951120222,3.22919435176788e-06,6.75237694310762e-07,39.3434734106194,4.96835354507085
"BEX3","BEX3",0.592638665399882,3.23780811641618e-06,6.7712733470995e-07,2461.50079401249,4.96781150262508
"CCDC27","CCDC27",1.42804374063638,3.2467535352647e-06,6.79127987864242e-07,3.48066572998384,4.96723920251648
"MGAT4EP","MGAT4EP",1.3291338585992,3.25299710348821e-06,6.80724166345752e-07,3.54947585443032,4.96678376900301
"HSPE1-MOB4","HSPE1-MOB4",0.961663311694286,3.25299710348821e-06,6.80748239449609e-07,93.1842293621824,4.96677690816595
"AC124893.1","AC124893.1",1.67575253817149,3.29451242620838e-06,6.89976167296571e-07,3.41873138470078,4.96416401775427
"AC002059.2","AC002059.2",1.15680215458667,3.34097419897164e-06,7.00345748640957e-07,7.30740814709886,4.961267747898
"LINC01722","LINC01722",1.07708864920788,3.34911145114285e-06,7.02234522147333e-07,99.4423157950747,4.96074465725874
"CD72","CD72",1.5287023273287,3.38194458155089e-06,7.09765740345156e-07,397.850469082976,4.95867229846482
"AC100861.1","AC100861.1",0.841735250584756,3.39150388978447e-06,7.11957277117246e-07,54.3034586865768,4.95807323413606
"AC024257.3","AC024257.3",0.798117531187547,3.40824873195827e-06,7.15751789771067e-07,233.851977622128,4.95704017960082
"PRR29-AS1","PRR29-AS1",0.826521501366993,3.43795483221599e-06,7.22178112792059e-07,29.3328921071241,4.95530259192144
"LPAR6","LPAR6",0.545071944628543,3.47755944346657e-06,7.30877544171832e-07,1582.25300199608,4.95297397103933
"CAPZA1","CAPZA1",0.503449910700462,3.48011402315161e-06,7.31509527039135e-07,6466.73102492116,4.95280584695948
"NPM1P27","NPM1P27",1.11182544585626,3.48037915637406e-06,7.31660352171973e-07,5.25956905194782,4.95276574418718
"LINC02078","LINC02078",1.07763320314417,3.56259070013767e-06,7.49137900714759e-07,12.6360276776505,4.94817175995062
"UTP11","UTP11",0.519204509872818,3.56578417222095e-06,7.49906849192182e-07,1150.46932574316,4.94797202076582
"ABI3","ABI3",0.873184359265287,3.57262682936388e-06,7.51736364734862e-07,1695.31753232102,4.94749758468829
"AL138767.1","AL138767.1",1.39114292678039,3.5975820157611e-06,7.57282216711482e-07,2.87707701761017,4.94606618245078
"AC006369.2","AC006369.2",1.50580490137725,3.60212837206756e-06,7.58337635093323e-07,4.01921524158569,4.94579491973868
"DNMBP-AS1","DNMBP-AS1",1.02552999223239,3.6203460132434e-06,7.62370740295278e-07,10.7420285238758,4.94476167398077
"AL603839.3","AL603839.3",0.885666611279983,3.6588225582845e-06,7.70673053958175e-07,13.0166533015615,4.94265116895889
"RPL22P2","RPL22P2",1.61381745040857,3.66685333339525e-06,7.72464799597732e-07,2.21643550369905,4.94219856927743
"AC084117.1","AC084117.1",1.10749648832599,3.6971858521415e-06,7.79561824666684e-07,7.59187601074393,4.94041572225086
"AP000897.1","AP000897.1",1.585486838581,3.71353597544168e-06,7.83212224225643e-07,2.30120976524519,4.9395047836071
"PRELID3A","PRELID3A",0.628619613879662,3.71589808115631e-06,7.83811939848813e-07,91.7763907360363,4.93935551887366
"LINC02104","LINC02104",0.878238265405343,3.75129204386012e-06,7.91482749875347e-07,37.0369544536168,4.9374559535072
"AC046144.1","AC046144.1",1.52038275202769,3.77618929904039e-06,7.97045338262987e-07,3.65652751606925,4.93608951867238
"HMGB3","HMGB3",0.725678349336505,3.78034591844312e-06,7.98025972455301e-07,548.92177656754,4.93584958130136
"SEPT12","SEPT12",1.84587971057284,3.82300796869096e-06,8.07345244132692e-07,2.45366564743343,4.93358345063677
"ZNF415P1","ZNF415P1",1.38249666706649,3.82768923851511e-06,8.0854300672041e-07,4.5532735013424,4.93329402448169
"AC011453.1","AC011453.1",1.28695447025514,3.84118728196619e-06,8.11604176383085e-07,5.50790600788051,4.93255619871492
"AC008785.1","AC008785.1",1.42507763982868,3.85483849530899e-06,8.14699192907321e-07,9.58073194449994,4.93181293487514
"HSD17B14","HSD17B14",0.726009325242278,3.91217623758671e-06,8.27351678431681e-07,514.029135692911,4.92880247542931
"HHLA3","HHLA3",0.514123927682929,3.91878784948436e-06,8.28856983602242e-07,133.440589822972,4.92844726756124
"AL033543.1","AL033543.1",0.834961806659224,3.92118567710839e-06,8.29471283701007e-07,34.1448420078957,4.92830248923121
"ITLN1","ITLN1",1.9355565599493,3.93143304907549e-06,8.31961227495005e-07,140.888527137301,4.92771671455944
"LIME1","LIME1",1.35625699350947,3.93170392185449e-06,8.32125975537171e-07,562.754936797141,4.92767801614049
"AL136961.1","AL136961.1",2.02414705929145,3.9382127258862e-06,8.33611136573142e-07,0.921523318252419,4.92732949259559
"AC083949.1","AC083949.1",1.48344038054995,3.9789603314456e-06,8.42562435277013e-07,6.15246838337379,4.92524146579109
"RLN2","RLN2",1.60928701580768,3.99220384001653e-06,8.45475886334821e-07,3.98308258607896,4.92456646526109
"AC005480.1","AC005480.1",0.66165817345329,4.00566710598895e-06,8.48655502604944e-07,39.2165431551644,4.92383235005373
"HIST2H3A","HIST2H3A",1.11400079319073,4.02738978452907e-06,8.5358787285423e-07,6.21345051152533,4.92269878099071
"HIST2H3C","HIST2H3C",1.11400079319073,4.02738978452907e-06,8.5358787285423e-07,6.21345051152533,4.92269878099071
"CCL17","CCL17",1.92471736092433,4.03496934307249e-06,8.55525071784545e-07,36.8685842873444,4.92225529374
"SULT1A4","SULT1A4",0.60258358002989,4.040675374698e-06,8.56845312249821e-07,1147.19037628157,4.92195360193775
"EIF3LP2","EIF3LP2",1.00175322970465,4.09646801124089e-06,8.69124132005944e-07,5.17725177481701,4.91916898360467
"AC011933.2","AC011933.2",1.20952905310274,4.14181251655246e-06,8.79197285201674e-07,8.60388023428682,4.91691271461731
"FAM49B","FAM49B",0.737149251303029,4.14181251655246e-06,8.79101199203406e-07,3553.7572388358,4.91693411892815
"AC103703.1","AC103703.1",1.46287702161403,4.14300645021103e-06,8.79677125729936e-07,10.8546923531312,4.91680585807376
"AC105219.3","AC105219.3",1.27209757277613,4.14986200672802e-06,8.81246141050034e-07,4.21943550501882,4.91645684265129
"AC011481.2","AC011481.2",1.1473902690831,4.15191643145237e-06,8.8179585293804e-07,5.81723881626862,4.91633470498953
"AC007040.2","AC007040.2",1.30584292028108,4.15311506860168e-06,8.82163899104059e-07,31.2759974835621,4.916252971672
"AC016245.1","AC016245.1",1.20621249655526,4.16140503123709e-06,8.8403847421701e-07,7.97395592560048,4.91583718698576
"AC005899.6","AC005899.6",0.922621440900686,4.20537928661397e-06,8.93724967657134e-07,46.203241325012,4.91370213861552
"CEBPE","CEBPE",1.12424145243618,4.21502692526134e-06,8.96005614320971e-07,25.9017965333696,4.91320269127042
"RSPH10B2","RSPH10B2",1.38268071493963,4.22433023489967e-06,8.98098679137527e-07,4.43559202849629,4.91274539921034
"LINC01764","LINC01764",1.43524202600705,4.30492538767477e-06,9.15586196826699e-07,2.84590127525351,4.90896434761769
"AC079341.1","AC079341.1",0.703681439988899,4.32130060503558e-06,9.19305076936721e-07,64.229318067524,4.90816924432203
"HLA-DRA","HLA-DRA",1.13643766794332,4.32791622000941e-06,9.20830722293322e-07,136804.329683232,4.90784395407033
"ZBTB20-AS3","ZBTB20-AS3",1.37370648295192,4.34638088891771e-06,9.2499687816006e-07,6.32215419400062,4.90695830393113
"OR6C75","OR6C75",0.997826878754284,4.35787622264368e-06,9.27562386250833e-07,16.4624061570717,4.90641483155912
"AL355306.2","AL355306.2",0.956278963066215,4.37719317646445e-06,9.31913146015219e-07,9.09750341649244,4.90549647457531
"AP000432.2","AP000432.2",0.850797900237261,4.3779573544216e-06,9.32195460613883e-07,119.725938251264,4.90543702640423
"RF02271","RF02271",0.880379808360161,4.45756119675843e-06,9.49754425320971e-07,16.7030168656334,4.90177321445091
"AC006144.1","AC006144.1",1.38894992573664,4.49115750834923e-06,9.57158079868958e-07,5.99103913702415,4.90024789399116
"LINC02547","LINC02547",0.977043887933544,4.4937373020271e-06,9.57934556888086e-07,13.9255375328051,4.90008858077231
"AL590682.1","AL590682.1",1.66844118995977,4.53143810283689e-06,9.66114142911999e-07,1.36043412306245,4.89841785070606
"AC091057.3","AC091057.3",0.980491901013527,4.54145356418665e-06,9.68373551597383e-07,30.6462952382006,4.89795875287494
"RN7SL683P","RN7SL683P",1.46161215811968,4.54789866804754e-06,9.69872103175252e-07,3.43854250994646,4.89765482492008
"FAM204BP","FAM204BP",2.48635074012895,4.57964500975653e-06,9.7726789054888e-07,0.903753431806192,4.89616144215663
"UBE2D1","UBE2D1",0.59643489757875,4.58359924834092e-06,9.78236938954369e-07,1391.06790069706,4.89596657526631
"AP002851.1","AP002851.1",0.684152495719853,4.61593374875563e-06,9.85642292044189e-07,24.656678070783,4.89448353237717
"MSRB1","MSRB1",0.622511801566243,4.69277898870552e-06,1.00307686080612e-06,1568.10292355585,4.8910338978588
"LIMD2","LIMD2",1.15951453780492,4.71181068549944e-06,1.00753109168881e-06,1680.46549403963,4.89016183326779
"CDKN2B-AS1","CDKN2B-AS1",0.844613535691806,4.82204920410227e-06,1.03307980571507e-06,14.4664547536134,4.88523039230396
"ALOX15P1","ALOX15P1",1.16019427452647,4.94889350354621e-06,1.06106634941739e-06,16.5678019242318,4.8799613459047
"AC096992.2","AC096992.2",0.746495488952782,4.9690704881653e-06,1.06579970305466e-06,46.2978532492682,4.87908344063033
"AL356234.2","AL356234.2",1.26968472613398,4.97465612230159e-06,1.06713367076122e-06,5.08179940233202,4.8788367045043
"AC131011.1","AC131011.1",1.31740024256495,5.01835474465255e-06,1.07691899135225e-06,4.11253834532051,4.87703579448174
"C16orf74","C16orf74",1.04948103394413,5.0696630441514e-06,1.08848362526139e-06,51.248037901774,4.87492761030295
"COPZ2","COPZ2",0.731521072714704,5.10543953601802e-06,1.09630452508445e-06,3083.53809016825,4.87351407633416
"AC096558.1","AC096558.1",1.44016099405705,5.1222002061153e-06,1.10004354272156e-06,10.9119154054121,4.87284171898461
"AP002381.2","AP002381.2",0.836893225844127,5.14585331048622e-06,1.10540448446795e-06,22.7736152553914,4.87188153130801
"PILRA","PILRA",1.10080960712082,5.15220502944115e-06,1.10690970098898e-06,1390.61172674973,4.87161274065384
"MGME1","MGME1",0.553798508237039,5.16766919935486e-06,1.11037325019062e-06,526.228475019201,4.8709955785831
"SMCO2","SMCO2",1.1365752814241,5.22176111955378e-06,1.12242396588785e-06,5.07696143485732,4.8688626301117
"DIRC1","DIRC1",0.984108776411154,5.27573432772613e-06,1.13460217201378e-06,9.42545934666516,4.86672938690769
"AL139120.1","AL139120.1",1.48276041906334,5.31607920580902e-06,1.14371451860817e-06,3.43978552758492,4.86514754919515
"LINC00519","LINC00519",1.08715680329211,5.32828490408898e-06,1.14663165399614e-06,19.9004059345578,4.86464371728627
"RN7SL448P","RN7SL448P",1.09942890537886,5.33162679376865e-06,1.14749649592928e-06,3.89938487538288,4.86449458346427
"AL078582.1","AL078582.1",1.52394126823018,5.33793004015967e-06,1.14899895779606e-06,7.60084275024337,4.86423575507106
"MIR100HG","MIR100HG",0.593106734674755,5.34281903559316e-06,1.15019730543016e-06,929.854334970702,4.86402954964213
"AL512791.2","AL512791.2",0.675655397847989,5.36662744887255e-06,1.15561602569919e-06,27.9279514577796,4.86309969771371
"LINC00685","LINC00685",1.0279036409323,5.41013978326542e-06,1.16528134406627e-06,87.228276982887,4.86145149690128
"AC005232.1","AC005232.1",1.57208714470497,5.41069066580988e-06,1.16554783489289e-06,3.32851508422774,4.86140623951297
"HELLPAR","HELLPAR",0.727010925462267,5.45148625343705e-06,1.17463374940858e-06,1528.9789074244,4.85986913066722
"NCR3","NCR3",1.38514655775,5.4619522263484e-06,1.17703809418863e-06,43.4339900342395,4.85946428998493
"HS3ST4","HS3ST4",2.53602386528229,5.48890783018195e-06,1.18329688735035e-06,8.01627606041259,4.85841416169575
"FRG1CP","FRG1CP",0.791216461912833,5.5085586035612e-06,1.18783421676289e-06,357.204617279676,4.85765620439215
"AC051619.5","AC051619.5",0.985403494340216,5.51064862026761e-06,1.18843546435073e-06,17.5305726618581,4.85755597554355
"ABCC5-AS1","ABCC5-AS1",1.53566886690686,5.51396262905899e-06,1.18930082772184e-06,4.80608420982332,4.85741180381545
"RN7SL610P","RN7SL610P",1.44447304501798,5.51435534134312e-06,1.18953620098647e-06,3.91907098588286,4.85737260749301
"AC005083.1","AC005083.1",1.44434913892144,5.53102800051596e-06,1.19328389005366e-06,14.4250517438605,4.85674951424461
"HYMAI","HYMAI",1.20180139833647,5.53750030508123e-06,1.19484679614293e-06,8.72727490907473,4.85649022058387
"AC111188.2","AC111188.2",1.47800439779092,5.55328682211904e-06,1.19884475481741e-06,3.27016311840866,4.85582842201172
"C11orf71","C11orf71",0.610330823563911,5.59049875071317e-06,1.20779457422031e-06,338.44357218699,4.85435458551852
"AC104758.2","AC104758.2",1.4002447934665,5.59302238146965e-06,1.20864542788173e-06,7.59481901177878,4.85421501619881
"HSD11B1L","HSD11B1L",0.613543499753826,5.61557951887384e-06,1.21382686887103e-06,217.859656328228,4.85336711640901
"AP005432.1","AP005432.1",1.10052767183639,5.67592582580002e-06,1.22733618364932e-06,7.39679415972075,4.85117269739138
"OR8D1","OR8D1",1.18479576751145,5.72005958272931e-06,1.23734833510391e-06,4.29294968304713,4.84956129017373
"AC113143.1","AC113143.1",1.79681831179883,5.77391163655013e-06,1.24988718715228e-06,2.18023478489437,4.84756082210632
"ASAP1-IT2","ASAP1-IT2",1.0594217517417,5.77391163655013e-06,1.2499440393559e-06,24.1865183497234,4.84755179585757
"NSUN5P2","NSUN5P2",0.928222510822013,5.78949647537297e-06,1.25363424048009e-06,96.9943274453003,4.84696675717944
"PROCA1","PROCA1",0.611225315001274,5.80546569961465e-06,1.25740939918701e-06,67.8900211128154,4.8463699612338
"LINC00311","LINC00311",1.34855413410341,5.81895510604826e-06,1.26049007024101e-06,11.2748782064637,4.84588422914616
"AL022316.1","AL022316.1",1.54145114731392,5.82265391885581e-06,1.26145039270493e-06,5.81736567790203,4.84573304772482
"AC068631.1","AC068631.1",0.820733922281133,5.84295032489249e-06,1.26616680856642e-06,20.3229090091957,4.84499215629818
"RN7SL149P","RN7SL149P",1.51622112405492,5.85014259880234e-06,1.26788521800323e-06,3.07211384787832,4.84472287479956
"AC089984.2","AC089984.2",1.30356820738308,5.88340820148153e-06,1.27557703977584e-06,19.6279324257373,4.84352182288697
"AC093895.1","AC093895.1",1.98008950734948,5.91913613952181e-06,1.28397010332697e-06,13.7946653621413,4.84221919693249
"CSTF3-DT","CSTF3-DT",1.03724192069301,5.91913613952181e-06,1.28382146605548e-06,11.025136620799,4.84224219450732
"CCL13","CCL13",1.37139804769518,5.93571991741443e-06,1.28772961404056e-06,2116.57091058951,4.84163836482859
"DEFB1","DEFB1",1.6485592189603,5.96795928330848e-06,1.29521300000872e-06,958.90495205673,4.8404870449888
"AC087273.2","AC087273.2",2.25407275310514,6.02837567402165e-06,1.3089838924957e-06,2.05084556887126,4.83838501333405
"AC079915.1","AC079915.1",0.966538698495822,6.03056596118133e-06,1.30962425911826e-06,20.9108938628199,4.83828778412221
"IFI30","IFI30",1.35427085672641,6.0436853673308e-06,1.3128035921823e-06,45744.5625726005,4.83780573042348
"IL12A-AS1","IL12A-AS1",0.776017649525985,6.04482824591752e-06,1.31321701093719e-06,18.0205484361397,4.83774312996993
"IFNL1","IFNL1",2.3657230308146,6.05602347293685e-06,1.31581460304363e-06,1.64688745609307,4.83735023207133
"ZNF99","ZNF99",0.912848596876866,6.05904048576367e-06,1.31663567264894e-06,10.805364597013,4.83722619663499
"TNFAIP8","TNFAIP8",0.670880269997946,6.06104110563461e-06,1.31723601612661e-06,2023.00424975027,4.83713555241733
"C1QC","C1QC",1.06779786941946,6.1027931172896e-06,1.32681015421933e-06,41131.4215350622,4.83569532429365
"RNU6-118P","RNU6-118P",1.42919678358775,6.11531869526067e-06,1.32970043380651e-06,2.78783169120561,4.8352625062966
"TGFBR3L","TGFBR3L",1.33375079712681,6.12318036862041e-06,1.33157716204951e-06,10.9955953020619,4.83498195139072
"RN7SL602P","RN7SL602P",1.65183319249938,6.14125445941876e-06,1.33584324029161e-06,9.78540416283504,4.8343456211849
"AP003170.5","AP003170.5",1.45448767015748,6.18212859094848e-06,1.34524091090778e-06,2.31772786008409,4.83295072754284
"AL354707.1","AL354707.1",0.904576443253503,6.19619688841597e-06,1.3484714942002e-06,25.2854751572854,4.83247337683471
"AL132639.2","AL132639.2",0.611807578722874,6.21043272860517e-06,1.35173931298857e-06,37.7654336602791,4.83199164187103
"CHST5","CHST5",0.867913803918659,6.29525069285e-06,1.37106050090733e-06,25.9213322112096,4.82916603928788
"C18orf15","C18orf15",0.758127070908717,6.33606692829592e-06,1.38029622720029e-06,20.1729853613359,4.82782887357816
"FO681491.1","FO681491.1",1.51193855104638,6.33852143485392e-06,1.38100412365161e-06,3.64895246374307,4.8277267383313
"AL645608.5","AL645608.5",3.44436130915071,6.35090436682539e-06,1.38410508907589e-06,2.43574600165608,4.82727992380253
"ADNP-AS1","ADNP-AS1",0.610192095202179,6.35090436682539e-06,1.38422263269942e-06,22.2409773018495,4.82726300602116
"OR13K1P","OR13K1P",1.70253837870487,6.37803163113069e-06,1.39100654333958e-06,2.08307429561703,4.82628894682153
"SNX20","SNX20",1.10678190411297,6.37911142713874e-06,1.39141633713622e-06,997.575247275591,4.82623025351137
"ALMS1-IT1","ALMS1-IT1",0.79774765017039,6.41592490753881e-06,1.39979672632305e-06,17.1273130567342,4.82503359206938
"AL451074.2","AL451074.2",0.778647545434091,6.506040831634e-06,1.4212354558571e-06,12.910518567495,4.82200336784986
"PCBD2","PCBD2",0.540775628552692,6.53923062949598e-06,1.42884306522253e-06,246.639555792525,4.82093863913243
"DENND2D","DENND2D",0.875288601203319,6.54360859665058e-06,1.42997845722592e-06,867.918210173559,4.82078020217077
"C1orf195","C1orf195",1.93463421743594,6.60037201726718e-06,1.44292402825636e-06,2.61274699646781,4.81898223083237
"HSPE1P4","HSPE1P4",1.72667643570451,6.62296997962233e-06,1.44804518639684e-06,0.988774780989643,4.81827524707922
"AC087190.2","AC087190.2",1.24235275760831,6.63056322361745e-06,1.44988654003143e-06,7.23474554611071,4.81802163288774
"LINC00670","LINC00670",0.699227162690931,6.6932709458032e-06,1.46396442310322e-06,47.2690743077176,4.81609282427367
"AC008507.3","AC008507.3",0.855903927958234,6.70541398131384e-06,1.46680358300496e-06,28.9473354208602,4.81570599335598
"FGD2","FGD2",0.901201180803629,6.71442011905934e-06,1.46895712706107e-06,1283.42604820902,4.81541305633331
"TRAJ2","TRAJ2",1.98122311600408,6.73895111236292e-06,1.47469218992089e-06,2.28551331396875,4.81463495069063
"RN7SL274P","RN7SL274P",1.2905253568119,6.75685236601792e-06,1.47879415972577e-06,5.45297266137756,4.81408019794311
"AC135050.3","AC135050.3",0.989543017037226,6.79119163696013e-06,1.4864951557061e-06,10.0690363361312,4.81304269545687
"AC019080.3","AC019080.3",1.13121173870781,6.84091219873605e-06,1.49793902458184e-06,14.0374210620829,4.81151044790525
"RNF175","RNF175",0.763674969492949,6.91958036212972e-06,1.51743359071158e-06,102.621086726418,4.80892600469416
"AC097504.1","AC097504.1",1.42609590775589,6.9489518484793e-06,1.52444423048281e-06,4.13943321024018,4.80800438466993
"AC000367.1","AC000367.1",0.820319575423437,6.95256833122347e-06,1.52542757178405e-06,12.5000906851661,4.80787544041943
"TRBV29-1","TRBV29-1",1.46744516003618,6.96922499169604e-06,1.52927254592505e-06,33.9392059423101,4.80737201998066
"AC091564.1","AC091564.1",1.59391197283361,6.97313474116628e-06,1.53032099896302e-06,3.75666258943336,4.80723495772357
"RPGRIP1","RPGRIP1",0.639948377866995,6.9809339810515e-06,1.53222335773619e-06,36.8450820157685,4.80698649635783
"ENTHD1","ENTHD1",2.15101950783131,6.98924871788338e-06,1.53443026990336e-06,10.935448821404,4.80669862951013
"AP000487.1","AP000487.1",0.651711122136842,6.99357091439102e-06,1.53557025787716e-06,33.0069856500396,4.80655008678524
"AC090643.1","AC090643.1",0.959255673843024,6.99725188307434e-06,1.53656967087266e-06,12.1618125593687,4.8064199484511
"AC024023.1","AC024023.1",1.25208145268514,7.01722414163473e-06,1.54153070025802e-06,7.57458633042987,4.80577515129745
"DNAAF1","DNAAF1",1.25534741206491,7.05342380536416e-06,1.54999812335029e-06,19.4764931226688,4.80467921391906
"AC114939.1","AC114939.1",1.19415614435602,7.05342380536416e-06,1.55006114010066e-06,5.1330314372755,4.80467107926677
"AP000542.2","AP000542.2",0.870862567309638,7.10405654663127e-06,1.56211751908203e-06,23.2011942515459,4.80312057526775
"C8orf44","C8orf44",0.529349195273457,7.15524539490929e-06,1.57439250157667e-06,77.9083154609436,4.80155373213072
"MT-TQ","MT-TQ",1.27178189265372,7.16774451847874e-06,1.57733857077592e-06,18.6694325300497,4.80117942814238
"AC040169.1","AC040169.1",0.861012162006792,7.17889424599182e-06,1.57998833715304e-06,27.2768419137938,4.80084334364449
"EXOC3-AS1","EXOC3-AS1",0.605945422892705,7.23057927876927e-06,1.59175871605902e-06,160.776129100022,4.79935696070034
"DCLRE1CP1","DCLRE1CP1",2.09464380197059,7.29983922637163e-06,1.60800305590339e-06,1.85597482479878,4.79732285864115
"UBE2C","UBE2C",1.40490585444879,7.30621025717194e-06,1.60960609042808e-06,198.197580413134,4.79712320005378
"SMIM11B","SMIM11B",1.31035195464402,7.34119734448029e-06,1.61771514476444e-06,187.619423707949,4.79611613396963
"HYPK","HYPK",0.553646680594635,7.3482058607743e-06,1.61966110218493e-06,114.051344624048,4.79587518689287
"CLEC19A","CLEC19A",0.895578708783409,7.43013700258763e-06,1.63832906939758e-06,11.4611895392006,4.79357776855988
"AD001527.1","AD001527.1",1.19205238471788,7.43240321382864e-06,1.63903184072819e-06,14.2897692141529,4.79349177261447
"AL162718.2","AL162718.2",0.949040942435804,7.46737096152512e-06,1.64735520487865e-06,14.6389093730199,4.7924759552962
"IFT74-AS1","IFT74-AS1",2.29204629922347,7.48979042980641e-06,1.65291503323988e-06,0.706826682502831,4.79180015577563
"HNRNPA1P40","HNRNPA1P40",1.26232045122759,7.51210724551348e-06,1.65866112874654e-06,2.85183074437172,4.79110400745824
"AC007240.2","AC007240.2",0.85578994118146,7.57299135678258e-06,1.67251807800414e-06,6.70149875923122,4.78943470581822
"AC010327.3","AC010327.3",1.56373451952984,7.57304692965419e-06,1.67273727094523e-06,11.1490911435861,4.78940840730072
"AC046185.3","AC046185.3",0.828407228931944,7.5803269256882e-06,1.67455239744772e-06,164.932580042098,4.7891907576987
"AL009174.1","AL009174.1",1.79369980172131,7.61295181496118e-06,1.68238351538037e-06,1.15593586645032,4.78825432996868
"AC021078.1","AC021078.1",0.609687833701595,7.6587706678525e-06,1.69313679263353e-06,672.980962491889,4.78697527994982
"LINC01102","LINC01102",1.05914034057456,7.69876401472592e-06,1.70239889535716e-06,14.6694304850636,4.78587984095243
"AC007598.3","AC007598.3",1.24374255686866,7.70521367151915e-06,1.70460249882836e-06,6.83315571964854,4.78562006195158
"AC011466.4","AC011466.4",1.16283543376745,7.70521367151915e-06,1.70466250569106e-06,19.2424849058953,4.78561299236147
"RINL","RINL",0.569341563656641,7.70521367151915e-06,1.70466720670758e-06,404.799592438479,4.78561243853059
"HCG23","HCG23",0.68536938208261,7.78330609491183e-06,1.72343267830174e-06,85.0485508442067,4.78341327607046
"KCNV1","KCNV1",0.899075838327501,7.82253143249074e-06,1.73233195607359e-06,17.8498657836505,4.78237838496872
"LECT2","LECT2",0.920201956314698,7.84984669359328e-06,1.73880999876939e-06,14.0035752773572,4.78162826595795
"AC021860.1","AC021860.1",1.37051805738923,7.85116938121186e-06,1.7393175043817e-06,2.64747034969844,4.78156961330715
"OR4K13","OR4K13",1.23136713090808,7.90484763773663e-06,1.75142516173683e-06,3.6226625365364,4.78017518076324
"CCL8","CCL8",1.48015307034096,7.96043275685563e-06,1.76439330374089e-06,367.703969872868,4.77869188426755
"AC139792.1","AC139792.1",1.28376920295371,7.96154107297616e-06,1.76507402568727e-06,8.28413660503721,4.77861431297413
"AP000708.1","AP000708.1",0.780899835483736,7.96432262782127e-06,1.76590830691466e-06,29.8422426929294,4.77851928211666
"PDE6A","PDE6A",0.865145512003098,7.99681340217304e-06,1.7735089848087e-06,25.0269676089433,4.77765548979729
"OR2T12","OR2T12",1.08315670254302,8.04860408858731e-06,1.78591529286094e-06,7.25601228115928,4.77625316645615
"AC005674.1","AC005674.1",1.75164867224585,8.07728108246221e-06,1.79294055886563e-06,1.24923090594463,4.77546322460354
"LINC01194","LINC01194",1.35331838826812,8.21862099310391e-06,1.82521247662364e-06,5.51427392327174,4.77187226883046
"AC005838.2","AC005838.2",1.12078765915046,8.24189169945704e-06,1.8310560782613e-06,17.5839186361555,4.77122857079457
"AC009487.3","AC009487.3",0.761425877322975,8.330258179706e-06,1.85114319450119e-06,34.6010809006862,4.76903084355215
"TMIGD2","TMIGD2",1.1741307181793,8.33773877780636e-06,1.85303334021905e-06,22.9063935418176,4.76882522407616
"AC016727.3","AC016727.3",1.19373972949392,8.35232907287332e-06,1.8569606182128e-06,26.2267467324978,4.76839863877547
"TMEM244","TMEM244",1.97724743848474,8.37022080731916e-06,1.86116716112362e-06,2.31580749045981,4.76794267983959
"TMPRSS11BNL","TMPRSS11BNL",1.12820853555691,8.37660857480377e-06,1.86281639362627e-06,4.80976459616454,4.76776418507848
"MTHFD2P1","MTHFD2P1",0.994003940909597,8.38752049847572e-06,1.86570136829123e-06,14.3760793035549,4.76745231199864
"TMED3","TMED3",0.613335304810059,8.38752049847572e-06,1.86557687212884e-06,3541.1238547402,4.76746576078028
"TYMSOS","TYMSOS",1.12498825651112,8.38933415439766e-06,1.86633401691592e-06,12.9534094387405,4.76738398302693
"TPM4P1","TPM4P1",1.62459577548889,8.50521503371622e-06,1.89281063552607e-06,2.98171297311421,4.76454415843524
"AL583722.3","AL583722.3",1.00563313392436,8.55037462191874e-06,1.90332801564993e-06,7.79240106065045,4.76342666596631
"AP000820.1","AP000820.1",1.69549231874747,8.56901194976346e-06,1.90771084911262e-06,1.89308794950579,4.7629627315617
"AC093635.1","AC093635.1",1.15007675413356,8.59058799240079e-06,1.91368791229388e-06,3.82612573310161,4.76233169154069
"ZFP42","ZFP42",0.83518597889244,8.59574188448e-06,1.91530574791482e-06,14.9499447436903,4.76216121104451
"LIPE-AS1","LIPE-AS1",0.768887763026061,8.64283595060649e-06,1.92627156067371e-06,64.9454629757179,4.76100931512856
"RNU6-866P","RNU6-866P",1.64841796577198,8.67156915759907e-06,1.93314934169925e-06,1.55315199674643,4.76029005406028
"XIAPP2","XIAPP2",1.31106131937008,8.67818994449047e-06,1.93486242648822e-06,2.6664145044074,4.76011128640084
"AL117328.1","AL117328.1",1.34372979902608,8.70210352859435e-06,1.94043189422822e-06,5.4044167921879,4.75953113781883
"SFTA1P","SFTA1P",1.30689696932541,8.76135840007953e-06,1.95412357222463e-06,35.3701282484181,4.75811170433201
"EDEM2","EDEM2",0.564273954750215,8.79332097183563e-06,1.96149272969387e-06,1706.93557708412,4.75735168461838
"AL162253.1","AL162253.1",1.41520062527067,8.8009765516715e-06,1.96344090123768e-06,12.7302089902432,4.75715121795095
"SRGAP3-AS3","SRGAP3-AS3",1.74144132194546,8.80391684541875e-06,1.96433741248913e-06,2.08494303856266,4.75705903121915
"AC005072.1","AC005072.1",1.15828442591203,8.81587942085549e-06,1.96724739009609e-06,8.12261825661758,4.75676008142624
"TMEM52B","TMEM52B",1.67783841509923,8.86261004905843e-06,1.97864386215078e-06,74.7593413499904,4.75559336664257
"AC005037.1","AC005037.1",1.48319340991279,8.88343838656897e-06,1.98353666753304e-06,8.70592948542764,4.75509444476923
"FAM155A-IT1","FAM155A-IT1",2.10619398651875,8.88458088594749e-06,1.98403452501021e-06,1.51685747974537,4.75504374427367
"AC006435.4","AC006435.4",2.2098452122372,8.89862736871758e-06,1.98814382890253e-06,18.7463438825536,4.75462572972
"AC015967.2","AC015967.2",2.2098452122372,8.89862736871758e-06,1.98814382890253e-06,18.7463438825536,4.75462572972
"AL356737.1","AL356737.1",2.2098452122372,8.89862736871758e-06,1.98814382890253e-06,18.7463438825536,4.75462572972
"AP001781.1","AP001781.1",1.0771132941959,8.90555911335041e-06,1.98993585696275e-06,13.120092650431,4.75444369741194
"AC008567.1","AC008567.1",1.38242230484342,8.94539829590178e-06,1.99908228810024e-06,2.90225688564626,4.75351705867104
"OR7D4","OR7D4",0.931130469583042,9.07414589501554e-06,2.02859809593205e-06,6.94721383756532,4.75055430114505
"SLCO1A2","SLCO1A2",1.23448270993135,9.07759421962269e-06,2.02961702503272e-06,5.62948444168957,4.75045276344648
"OR7C1","OR7C1",0.752597152451083,9.08821089114167e-06,2.03248739430024e-06,48.8624011523181,4.75016699020072
"AC008764.6","AC008764.6",0.771336285087891,9.09530657876209e-06,2.03432278624406e-06,21.3311485209237,4.74998446216201
"LINC02359","LINC02359",0.948944663648305,9.09806856484274e-06,2.03518914015048e-06,14.4761411618166,4.74989835901314
"RC3H1-IT1","RC3H1-IT1",1.32634223380315,9.13472652402465e-06,2.04413809753714e-06,6.68060789178079,4.74901101538543
"MRPL53P1","MRPL53P1",1.15702682094104,9.13472652402465e-06,2.0439213138505e-06,5.71499621320696,4.74903246667071
"BHLHE40-AS1","BHLHE40-AS1",0.590803549670334,9.16733596030922e-06,2.0519362875175e-06,62.7440972926991,4.7482408146053
"GLIPR2","GLIPR2",0.583813539059139,9.21367384742155e-06,2.06281164801694e-06,5754.208007295,4.74717137361605
"BCAS4","BCAS4",0.848643514328256,9.24650510719212e-06,2.07092003507347e-06,170.325006367699,4.7463775443915
"AC007608.4","AC007608.4",1.25891217643293,9.25775941712797e-06,2.07369359003293e-06,9.70858556363852,4.7461066922667
"RNU6-1003P","RNU6-1003P",2.05347031509956,9.28791791116266e-06,2.08121027321634e-06,2.15120902667512,4.74537439449737
"AL035530.2","AL035530.2",0.56968568221396,9.30866113634495e-06,2.08611269816938e-06,108.21621361046,4.74489815304917
"RP9P","RP9P",0.625482364842336,9.39648034828661e-06,2.10630686022414e-06,297.757709076918,4.74294767742211
"RGPD4-AS1","RGPD4-AS1",0.97091956877654,9.50324104953158e-06,2.13153653858315e-06,33.3683085135795,4.74053592349546
"ELOA-AS1","ELOA-AS1",0.687013978747132,9.5150365158152e-06,2.13444219226872e-06,47.3932629297022,4.74025992907739
"PLPP5","PLPP5",0.629257013816067,9.5216607651629e-06,2.13644848775971e-06,1165.97473819867,4.74006957099316
"RNASE3","RNASE3",1.37628786092072,9.53955038030935e-06,2.14072316930738e-06,12.7184480603911,4.73966455950486
"EEF1B2P2","EEF1B2P2",1.76177688235005,9.55228832094262e-06,2.14384262597947e-06,1.19175015583937,4.73936949155847
"SHANK2-AS3","SHANK2-AS3",1.36502339153869,9.60753940938405e-06,2.15703028298338e-06,13.1118527630092,4.73812661650149
"AC110749.1","AC110749.1",1.62987110103395,9.63846985376454e-06,2.16476467110972e-06,1.67850033377841,4.73740107729312
"AC024940.2","AC024940.2",1.48359703131273,9.72061647737013e-06,2.18374569460743e-06,1.33377046167686,4.73563102363502
"AC008731.1","AC008731.1",1.18275214236941,9.74834786665481e-06,2.19024193304469e-06,11.5429267188886,4.73502861662703
"LINC01568","LINC01568",0.807075567388887,9.78333492024386e-06,2.19837007525029e-06,17.9345520086595,4.73427729242208
"AC103760.1","AC103760.1",0.627406980514056,9.81727842538127e-06,2.20626560968226e-06,37.660934136171,4.73355001922773
"C1orf61","C1orf61",1.00432132204322,9.82323422269396e-06,2.20787247509168e-06,8.21126866287273,4.73340231383587
"AC073530.1","AC073530.1",1.45846782306028,9.92050336013687e-06,2.23081894734628e-06,3.40895952335308,4.73130422925505
"AC011374.2","AC011374.2",0.688804894616488,9.93429469265854e-06,2.23419163406848e-06,18.1366119713538,4.73099759976329
"AP000580.1","AP000580.1",1.09487778180144,9.99251674167307e-06,2.24810467091822e-06,6.67847799162901,4.72973737012765
"AC027319.1","AC027319.1",1.75861368992085,1.00040386352201e-05,2.25097019484241e-06,6.42674050058841,4.72947874402362
"AC103855.2","AC103855.2",1.18252759942347,1.00294736386306e-05,2.25724130062023e-06,9.03214218962865,4.72891385047845
"ATAD5","ATAD5",0.587093440480672,1.00611627709396e-05,2.26492308723658e-06,125.628276563036,4.7282239345908
"AC002044.2","AC002044.2",1.17514497817401,1.00830365640561e-05,2.27057289903608e-06,13.694241452761,4.72771794672493
"AC092723.1","AC092723.1",1.13536703829732,1.00830365640561e-05,2.27067371679418e-06,10.8915129575408,4.72770892863564
"AL138847.2","AL138847.2",1.54813257004916,1.00848086537023e-05,2.27162388428979e-06,1.8636483643389,4.72762395559286
"RPL34P27","RPL34P27",1.74608933102461,1.01170233638916e-05,2.2794331719077e-06,1.39997917720956,4.72692686471348
"RPS3AP47","RPS3AP47",1.09162794164552,1.0213882504391e-05,2.30237248725992e-06,6.0096493571658,4.72489238468529
"BLACE","BLACE",1.25907921650723,1.02148356396051e-05,2.30286644067821e-06,5.55096126859978,4.72484879053187
"AC079316.2","AC079316.2",0.92201008271492,1.0237776960544e-05,2.30859786484247e-06,17.6317508245958,4.72434361571907
"TMEM265","TMEM265",0.947883464593048,1.03353748901598e-05,2.33201797434192e-06,157.590111208359,4.72229177538017
"MINOS1-NBL1","MINOS1-NBL1",1.61167576390869,1.0351825323473e-05,2.3365782944127e-06,169.829825571004,4.72189454728695
"SIT1","SIT1",1.28629993245302,1.0351825323473e-05,2.336334920686e-06,291.618232905958,4.72191572762052
"AL031587.1","AL031587.1",1.27509449490644,1.0366787213319e-05,2.3405219471476e-06,3.18345113272597,4.72155163392526
"AC244034.1","AC244034.1",1.64957326899055,1.03887086693683e-05,2.34575503275115e-06,1.74672981027087,4.72109745569211
"AP003972.1","AP003972.1",1.14206710518757,1.04652909904008e-05,2.36390504160342e-06,8.02079093423146,4.71952972389936
"AL157955.2","AL157955.2",2.18879249218371,1.05196856275226e-05,2.37676659072609e-06,0.691192300745922,4.71842577089661
"RTCA-AS1","RTCA-AS1",0.72621143030563,1.05326683591015e-05,2.37998763162298e-06,19.9339594872016,4.71815019548437
"POLR2J3","POLR2J3",0.579833245662219,1.0539394513301e-05,2.38179545942545e-06,1161.80875293897,4.71799568403487
"AL390838.1","AL390838.1",1.08779980058332,1.0566423998339e-05,2.38876997082589e-06,8.35329859918184,4.71740063964457
"AC122718.2","AC122718.2",1.45608972815455,1.0609209783031e-05,2.39873250511165e-06,3.6096771735916,4.71655355265991
"IRF7","IRF7",0.78736593271247,1.06092142052959e-05,2.39902338214237e-06,1098.44053302753,4.71652887096435
"AC106869.1","AC106869.1",0.862228989865745,1.06508800114396e-05,2.40931816756493e-06,38.9113631319562,4.71565717595614
"AC231981.1","AC231981.1",0.773590933789687,1.07312979606258e-05,2.42780259334903e-06,12.859443714673,4.71410097195786
"AC007750.1","AC007750.1",1.31603442720339,1.07564777840021e-05,2.43379306891778e-06,23.5935484323111,4.71359907357619
"AL627422.2","AL627422.2",1.02925173265525,1.07587931953305e-05,2.43474263868847e-06,10.0150910800258,4.71351962494473
"AL451085.2","AL451085.2",0.82670520762858,1.07693792614168e-05,2.43759495618943e-06,50.4400072855671,4.71328115591066
"BORA","BORA",0.574186580208645,1.07887503288874e-05,2.44227428276269e-06,156.951988407365,4.71289051873146
"AC090377.1","AC090377.1",0.997056990519466,1.08076372344596e-05,2.44730466726028e-06,28.1018998474855,4.71247137529381
"PRRX2","PRRX2",0.668552804963821,1.08740243149765e-05,2.46276640200116e-06,1256.50868705276,4.71118822577151
"OSGEPL1-AS1","OSGEPL1-AS1",0.979379680333935,1.09054411827398e-05,2.47018351187782e-06,7.42604919360945,4.71057543165283
"AL117336.3","AL117336.3",0.717987089882733,1.09103701584144e-05,2.4718923837693e-06,30.2289861744306,4.71043449676359
"AC073352.1","AC073352.1",1.53184002350869,1.09606627214531e-05,2.4835863261021e-06,1.98494969976292,4.70947257092117
"AL137026.1","AL137026.1",0.844364308541978,1.10644892111649e-05,2.50801941298461e-06,72.0436910091466,4.70747669661536
"AC020913.3","AC020913.3",1.47906407128219,1.11188893792383e-05,2.52156566703127e-06,2.46144005563153,4.70637816684902
"AC010422.4","AC010422.4",1.26360174770168,1.11317875902243e-05,2.52479490659449e-06,21.1914294978851,4.70611712880607
"ADAT3","ADAT3",0.524973829149869,1.11685374766974e-05,2.5337404483461e-06,162.717583638849,4.70539567917683
"CATSPER2P1","CATSPER2P1",0.56075165943727,1.11693205101589e-05,2.53422327157462e-06,37.8431711496346,4.7053568095092
"AC007773.1","AC007773.1",0.867538138336003,1.12107978725257e-05,2.54455307322798e-06,8.00996930243058,4.70452690761401
"AC061992.1","AC061992.1",1.17477253162258,1.13017428296914e-05,2.56583530528203e-06,14.4373738280947,4.70282722798515
"UBBP4","UBBP4",0.546332139829254,1.13029613368689e-05,2.56684098570372e-06,30.8398488057984,4.70274724576877
"SHISAL2A","SHISAL2A",1.11056067350887,1.13400555599189e-05,2.57575020819163e-06,42.1415303637414,4.7020400019253
"AC005261.3","AC005261.3",0.543491993959748,1.13704211766954e-05,2.58357940122404e-06,72.6162847163409,4.70142043006489
"LINC01465","LINC01465",0.598473190656059,1.13849444842541e-05,2.58719044989048e-06,39.4227133866421,4.70113527277005
"CCZ1B","CCZ1B",0.54912516372761,1.142303701645e-05,2.59678319016541e-06,1020.41296015394,4.70037960455467
"RN7SL784P","RN7SL784P",1.3965529542001,1.14314914493569e-05,2.59932981342518e-06,9.18718920803969,4.7001794443414
"LINC01146","LINC01146",1.66699184319235,1.14662111470648e-05,2.607851077575e-06,6.12570465387804,4.6995110535181
"FBXO15","FBXO15",0.722377793594673,1.1515458875875e-05,2.61968115523744e-06,158.083020079949,4.69858659286734
"LINC00504","LINC00504",0.834974943179523,1.1575682750833e-05,2.63401420664327e-06,87.2787871361095,4.6974718907169
"LINC01695","LINC01695",0.775904354530121,1.15795908114092e-05,2.63537211901812e-06,31.3691047896594,4.69736658598913
"AC022211.4","AC022211.4",0.804568117645894,1.16114841636414e-05,2.6437470295807e-06,18.5981533433008,4.69671826891669
"AC100788.2","AC100788.2",0.965375553232926,1.16148114564942e-05,2.64513930680836e-06,31.1006074259371,4.696610681321
"LINC01664","LINC01664",1.64699375745546,1.16149576742354e-05,2.6455391403727e-06,2.00216045020034,4.69657979440761
"HNRNPA1P5","HNRNPA1P5",1.59457343791709,1.16149576742354e-05,2.64580732069456e-06,2.3295301628483,4.69655908014183
"AC064805.1","AC064805.1",1.10840468439091,1.16508603026374e-05,2.65462236847162e-06,25.754461774864,4.69587932455505
"AC126768.3","AC126768.3",0.891713847996473,1.16508603026374e-05,2.65447171081714e-06,52.5553798881695,4.69589092402518
"EBPL","EBPL",0.591291388212953,1.16719771836175e-05,2.66039054798593e-06,707.40625732541,4.69543569399451
"AC073257.1","AC073257.1",1.08002602296077,1.18442957282174e-05,2.70160880732148e-06,17.0873537706642,4.69229220643112
"AC006027.1","AC006027.1",1.04421853757396,1.18643860054183e-05,2.70651544466345e-06,59.4707073646009,4.691921074665
"Z95331.1","Z95331.1",0.790841465946931,1.18984105977279e-05,2.7146022703087e-06,97.0414488503239,4.69131080429809
"AL356273.3","AL356273.3",0.769427597719157,1.19226848165195e-05,2.72046615762054e-06,46.0218236990183,4.69086937769073
"AC008498.2","AC008498.2",0.961509491637576,1.19775864434302e-05,2.73364790190913e-06,12.9827245707203,4.68988039545455
"AL513285.1","AL513285.1",1.55923800705743,1.19788663191546e-05,2.73426730867558e-06,3.80394697927363,4.68983403608884
"AC098850.1","AC098850.1",1.54586601776773,1.19964835169744e-05,2.7386163497451e-06,2.29011494385395,4.68950881656847
"DSCAM-AS1","DSCAM-AS1",1.30997988805176,1.20098407781452e-05,2.74232190450448e-06,12.1710542510504,4.68923210750219
"RPS23P6","RPS23P6",1.38000235483557,1.20339281252563e-05,2.74815080387147e-06,10.1741203257464,4.68879756482115
"AC093525.3","AC093525.3",1.18362094900626,1.2093792210682e-05,2.76248266021752e-06,4.13528458376652,4.68773287876282
"PMCHL1","PMCHL1",1.39388672057095,1.21015496813907e-05,2.76491593857179e-06,2.14598456781503,4.68755264172989
"KMO","KMO",1.31691297693935,1.21023777625134e-05,2.76543581048387e-06,193.311398758691,4.68751415367506
"ADAMTS7P4","ADAMTS7P4",1.15799278013648,1.21087673863005e-05,2.76773433254345e-06,17.5123820866132,4.68734406869104
"AL121895.1","AL121895.1",1.06757809883976,1.21235547339165e-05,2.77193109137991e-06,12.2880250148966,4.68703386823391
"AL157938.2","AL157938.2",0.990010041873755,1.21552799438661e-05,2.7798489885013e-06,17.4362220536282,4.68644984775255
"CCL26","CCL26",1.15782559606103,1.21744846686574e-05,2.78523894452494e-06,11.381895374525,4.68605319951609
"MRPL49P1","MRPL49P1",1.71478398745882,1.21796269843754e-05,2.78674817255006e-06,1.27421499076384,4.68594226703703
"WFDC11","WFDC11",1.11781519746902,1.21807458447208e-05,2.78733698870288e-06,5.78849574538857,4.68589900303651
"AC020912.1","AC020912.1",1.13593085393771,1.2260941928517e-05,2.80669339263684e-06,7.25870173722437,4.68448162812774
"ECI1","ECI1",0.600104589297297,1.22710563606156e-05,2.80967928910513e-06,1337.0046299583,4.68426382099266
"MIR186","MIR186",1.09257821107514,1.23348679167347e-05,2.825301176152e-06,10.2702429492432,4.68312788606127
"AC010632.2","AC010632.2",1.02598444629888,1.24552915063737e-05,2.85458578527999e-06,6.97964596647309,4.68101462009248
"AC136604.3","AC136604.3",1.00211005388731,1.24724878884218e-05,2.85920854077595e-06,6.71830582581186,4.68068293050257
"DUSP10","DUSP10",0.640077993548975,1.24942660395214e-05,2.86454237377043e-06,581.448459565252,4.68030085881678
"AC114324.1","AC114324.1",1.07726842619434,1.25912328852166e-05,2.88780591924664e-06,6.90911480335128,4.67864239243198
"AL353763.2","AL353763.2",0.666196262557419,1.26931506973841e-05,2.91222127396745e-06,75.6936928831906,4.67691554325608
"AC010733.2","AC010733.2",0.633535153222538,1.27394274683057e-05,2.9235348317249e-06,411.689438187394,4.6761200624561
"LINC00158","LINC00158",2.10448779766094,1.27777755987519e-05,2.93303349285813e-06,2.70812846027456,4.67545446849282
"C2orf83","C2orf83",1.12665515248444,1.28615909456865e-05,2.95367829444779e-06,3.68679320188765,4.67401494115352
"TMEM176B","TMEM176B",0.928900061865113,1.28916324159537e-05,2.9609295906584e-06,8024.97129155382,4.67351161032081
"LINC02054","LINC02054",1.00211910881143,1.3114992387562e-05,3.01447621811516e-06,6.30021127356333,4.6698310012368
"RETN","RETN",1.42863793541678,1.31184252341223e-05,3.016244934155e-06,41.321508357652,4.66971049887265
"KHDC1","KHDC1",0.501674532698009,1.31283398165121e-05,3.01888324532818e-06,52.9897107737109,4.66953087703559
"AC245884.4","AC245884.4",1.79926265086103,1.32185947962257e-05,3.04072104673419e-06,2.76432496936488,4.6680498687283
"FRRS1L","FRRS1L",0.776354756341848,1.32555592496279e-05,3.04958629694436e-06,35.3710399223712,4.66745155019886
"LINC01361","LINC01361",0.992903099952136,1.32660911730009e-05,3.0523717524479e-06,3.75891326808404,4.66726390338728
"SULT1A1","SULT1A1",0.77609448145873,1.32952275847342e-05,3.05980223356419e-06,613.842475605195,4.66676413917855
"AC067817.2","AC067817.2",1.25371480402833,1.33140088722409e-05,3.06485217488536e-06,8.38955563188774,4.66642515094804
"AC127024.8","AC127024.8",1.04829930260055,1.33235660422041e-05,3.06741625376683e-06,11.6098744614638,4.66625323664965
"AF127577.1","AF127577.1",1.70675341521588,1.3342438125569e-05,3.07212563414766e-06,51.1160754890851,4.66593784470619
"AL669831.4","AL669831.4",0.781015015551322,1.34010446694987e-05,3.08635223692462e-06,8.88263288626491,4.66498788382253
"AZIN1-AS1","AZIN1-AS1",0.501856398224863,1.34010446694987e-05,3.08599305391358e-06,90.9062973802181,4.66501181601775
"LINC02550","LINC02550",1.36347959674308,1.34096882253026e-05,3.08870930187438e-06,13.7784512018255,4.6648308999544
"AP000640.2","AP000640.2",0.890678486509428,1.3591162349542e-05,3.13310846588939e-06,9.24731885153861,4.66189512552317
"C17orf64","C17orf64",1.1307815786283,1.35966137661705e-05,3.13473665834986e-06,5.7955411961134,4.66178822588342
"AP006248.3","AP006248.3",1.45762992400807,1.35978720334886e-05,3.13539829204651e-06,3.04393235288288,4.66174480127125
"AC097376.2","AC097376.2",0.623436781943186,1.36556517990975e-05,3.15021361621302e-06,197.945580976139,4.66077473089069
"GAPDHP1","GAPDHP1",1.12707487264086,1.36940748706189e-05,3.15982574065894e-06,11.0302657670609,4.66014769088218
"EIF3FP3","EIF3FP3",0.861451064865449,1.37153321681425e-05,3.16510548080908e-06,38.5604647057391,4.65980404888548
"AL354696.1","AL354696.1",0.911793193387222,1.3722725241284e-05,3.16718653824218e-06,8.02486284858535,4.65966875032974
"AF107885.2","AF107885.2",0.812957877945147,1.37342561837087e-05,3.17022312740705e-06,18.0320417658618,4.65947148142971
"LINC02357","LINC02357",2.11050756774459,1.37680871691789e-05,3.17840838526716e-06,0.751683328257244,4.65894063588995
"AP005205.2","AP005205.2",1.39883957831339,1.37807453533099e-05,3.18170710225604e-06,8.86190560312965,4.6587270719921
"AC006967.3","AC006967.3",1.30526865912823,1.37890047154871e-05,3.18399078801557e-06,4.43369846152001,4.65857934711324
"AC026979.1","AC026979.1",1.31751172406463,1.37915244702011e-05,3.18494944731112e-06,4.90381595085329,4.65851736456134
"SCAMP1-AS1","SCAMP1-AS1",0.517814371046941,1.38122755232442e-05,3.19011899226708e-06,149.990334275758,4.65818343340075
"MAS1","MAS1",0.936090364228386,1.38358065566024e-05,3.19628076857044e-06,23.7735205923609,4.65778608557034
"SKA1","SKA1",0.84128920729037,1.38358065566024e-05,3.19630985644617e-06,84.5444693156729,4.65778421155478
"LINC00298","LINC00298",1.06064124171815,1.39882857712533e-05,3.23268179603979e-06,5.32254824460763,4.6554536166565
"LINC02071","LINC02071",1.14698235384315,1.40026713182645e-05,3.2363888816962e-06,6.56090209000793,4.65521749276773
"TRIM52-AS1","TRIM52-AS1",0.844749570445494,1.42276558811051e-05,3.2903325057426e-06,303.815140660441,4.65181057926902
"AC073593.1","AC073593.1",1.63304803800988,1.42419374806483e-05,3.29429751905333e-06,1.27479129596386,4.651562279056
"MT-ND4","MT-ND4",0.755115783633156,1.42751500648846e-05,3.30326637065242e-06,338888.020432457,4.65100168027087
"AL513323.1","AL513323.1",2.1229102845344,1.43228448550181e-05,3.3146942791334e-06,0.848462263697627,4.65028948915893
"ZNF883","ZNF883",0.891556476509541,1.43284289022672e-05,3.31637807675361e-06,45.0003383373408,4.65018475341673
"ODF3L1","ODF3L1",0.742071430218352,1.43488632330205e-05,3.32149974890433e-06,51.8155039118253,4.64986648786565
"RNU6-7","RNU6-7",1.23691376504527,1.44343474549974e-05,3.34247096043888e-06,3.35511224610316,4.64856820705393
"RNU6-8","RNU6-8",1.23691376504527,1.44343474549974e-05,3.34247096043888e-06,3.35511224610316,4.64856820705393
"HIST4H4","HIST4H4",0.808967677818511,1.44515797012249e-05,3.34685618589532e-06,23.5398789445703,4.64829771531765
"AC074141.1","AC074141.1",0.891331933379048,1.4469138555295e-05,3.35131800139991e-06,15.2006253590869,4.64802284792917
"BX547991.1","BX547991.1",1.29035401309505,1.4502243854113e-05,3.35938204309326e-06,5.8916285773656,4.64752695674516
"AL138688.2","AL138688.2",1.42396933208306,1.45055283543445e-05,3.36053922010129e-06,2.31866450609133,4.64745589083477
"AC023590.1","AC023590.1",1.61577824556711,1.45267469400046e-05,3.3662488264209e-06,8.55751713716132,4.64710558899518
"AC008448.1","AC008448.1",1.28559598368562,1.46261279453312e-05,3.39087668013157e-06,5.71744070940969,4.64560109502475
"HAGH","HAGH",0.52697622105271,1.46616589024817e-05,3.39991527378786e-06,1421.97454724259,4.64505156261165
"AL359237.1","AL359237.1",0.919734578335187,1.47089575666932e-05,3.41128533091319e-06,16.7456584136749,4.6443622670433
"RPS15AP10","RPS15AP10",1.04203358533995,1.47361772975057e-05,3.41800073987066e-06,18.2340883308984,4.6439561878786
"AC004672.2","AC004672.2",1.41152503862789,1.4869683520786e-05,3.44977957799377e-06,1.92306503550636,4.64204484672988
"IFITM2","IFITM2",0.757443620028379,1.4896397572737e-05,3.45674590969202e-06,8303.23596967845,4.64162811292296
"OR2M3","OR2M3",0.844384218658085,1.50362381598954e-05,3.49129626172275e-06,266.305109205383,4.63957310045335
"AL590326.1","AL590326.1",0.982376210118493,1.5130651661676e-05,3.51487200272055e-06,9.27879307964535,4.63818200729952
"TMSB4XP8","TMSB4XP8",1.86141329680872,1.51404930066166e-05,3.51757184718875e-06,1.12785980367175,4.63802327354946
"SNORD3B-2","SNORD3B-2",2.2336563237464,1.51563779957243e-05,3.52167650688925e-06,4.70720024363154,4.63778216923228
"AC090152.1","AC090152.1",1.02118980468141,1.52128887869776e-05,3.53522279661315e-06,36.3543947623901,4.63698837893736
"MT1M","MT1M",1.06812025671773,1.54098479223974e-05,3.58478224026044e-06,479.484908260059,4.63410892062722
"AC016722.2","AC016722.2",0.846004553487369,1.54696974255174e-05,3.59997303131593e-06,27.2210085733614,4.633233958748
"TRGC2","TRGC2",1.23863180122907,1.55650665793027e-05,3.62301708213558e-06,72.0249331996022,4.63191339808891
"AL133279.1","AL133279.1",2.80209140858958,1.5567429928324e-05,3.623992540488e-06,0.742920086674389,4.63185767636581
"BAG1","BAG1",0.521778191129933,1.56127901742702e-05,3.63625846185631e-06,3674.82881391915,4.63115822699899
"AC136632.1","AC136632.1",1.09218348282764,1.57011406814589e-05,3.65812253315117e-06,5.15966763206649,4.6299170456923
"AF127577.3","AF127577.3",1.27518291193698,1.57249788356655e-05,3.66410610974496e-06,7.6761621899695,4.62957860904069
"AC015878.2","AC015878.2",1.17915138275212,1.58030362934784e-05,3.6840215758889e-06,4.54425341155016,4.62845597595875
"AC139769.2","AC139769.2",1.63179735754787,1.59168396239091e-05,3.71272602719506e-06,3.43772309005284,4.62684810245301
"HHLA1","HHLA1",0.907371679300588,1.59452042965038e-05,3.72021365304643e-06,13.5512146574094,4.62643064457706
"SAMD3","SAMD3",0.968182803663157,1.61327650042099e-05,3.76485548514867e-06,118.582941249304,4.62395831968742
"RNA5SP383","RNA5SP383",1.26357260579154,1.61448391114921e-05,3.7681143116032e-06,3.63918420903981,4.62377894376026
"AL121760.1","AL121760.1",1.15443974777149,1.61801112736954e-05,3.77678872677341e-06,6.19534370660942,4.62330220078943
"ZP3","ZP3",0.915346986645196,1.62863406780138e-05,3.8024749608904e-06,59.6552058235516,4.62189662505382
"AC130651.1","AC130651.1",1.21986121018188,1.63107447328197e-05,3.80861839084885e-06,5.23491460796757,4.62156179950523
"HPCA","HPCA",0.989331263051162,1.6338727222417e-05,3.81649168076841e-06,7.11231972072629,4.62113345025798
"RBM43P1","RBM43P1",1.78533452680932,1.65393864287332e-05,3.86562232605764e-06,1.4936815502169,4.61847946163266
"HERC2P8","HERC2P8",0.911832727886197,1.65393864287332e-05,3.8656076574418e-06,9.66582712528294,4.61848024918072
"RN7SL279P","RN7SL279P",1.6815438641841,1.65475262037488e-05,3.86797690300474e-06,2.49990796925828,4.61835308310848
"AL121672.1","AL121672.1",0.77250448979665,1.66457006583879e-05,3.89137995117809e-06,7.87867214149999,4.61710095179696
"OR4K2","OR4K2",1.25356435613709,1.66807602803583e-05,3.90048762204722e-06,6.06956487798454,4.6166156149936
"OR10K1","OR10K1",1.04848503379529,1.66930683981845e-05,3.90382175524089e-06,11.9435430757819,4.61643821462313
"AP000880.1","AP000880.1",1.21178154590515,1.67212155940256e-05,3.91086110234867e-06,3.8357691025033,4.61606414615109
"AC067931.2","AC067931.2",1.28756260914739,1.67838624611325e-05,3.92597192627545e-06,4.56778778957641,4.61526333694663
"AL360270.2","AL360270.2",0.736203645623535,1.68137939068783e-05,3.93389210701382e-06,268.478652884156,4.61484478042693
"AC003080.1","AC003080.1",1.94504610868575,1.68871094585995e-05,3.95335265557203e-06,1.40927269832611,4.61381977249551
"TRBJ2-3","TRBJ2-3",1.42850880294726,1.68922705666423e-05,3.95502244557386e-06,17.6857593467685,4.61373204827693
"AC007402.1","AC007402.1",1.32647526202904,1.696011245303e-05,3.97322342611217e-06,2.65829257479473,4.61277813568467
"Z95114.1","Z95114.1",0.790631452405483,1.696011245303e-05,3.97304579868827e-06,82.2867391397896,4.61278742487613
"LACTB","LACTB",0.622905405650866,1.69886488618369e-05,3.98130116363766e-06,1514.99131815577,4.6123561229424
"AC026355.2","AC026355.2",1.51773476561625,1.70522381586364e-05,3.99666927852628e-06,8.97659771372951,4.61155549317975
"TMEM8A","TMEM8A",0.502444656499317,1.70530147654915e-05,3.99731724017464e-06,2877.80027586252,4.61152180130674
"ATAD3C","ATAD3C",0.796783610805515,1.7060435563548e-05,3.99952285951097e-06,63.3557555701586,4.61140715558095
"AF107885.1","AF107885.1",1.26820492908609,1.7171729355711e-05,4.02795968520394e-06,8.07468627913271,4.60993444217118
"KLRD1","KLRD1",0.736846652319831,1.72400346168914e-05,4.04445305119348e-06,230.268698405666,4.60908482722726
"CCDC34","CCDC34",0.67618503212325,1.72405377721175e-05,4.04504215550078e-06,264.70049554757,4.6090545424334
"CR1L","CR1L",1.15013926841646,1.7335431049356e-05,4.06825370318639e-06,11.2129750815983,4.60786463040287
"AC018716.2","AC018716.2",1.24121051328731,1.73816043955257e-05,4.07956451699681e-06,2.92080955425806,4.60728715096908
"AL356020.1","AL356020.1",1.12811918272867,1.74334114570399e-05,4.09315294544505e-06,3.55029943519502,4.60659541230043
"ERP27","ERP27",0.681474661416591,1.74821534903419e-05,4.10555231698923e-06,36.1642742946297,4.60596612193388
"DEUP1","DEUP1",1.23988293713639,1.75084122972983e-05,4.11219738538147e-06,2.38754902317067,4.60562962199031
"AUNIP","AUNIP",0.673244007046749,1.75581043587721e-05,4.12434829291412e-06,21.8531324064663,4.60501565698974
"AC092123.1","AC092123.1",1.05264459858251,1.75730667391779e-05,4.12834306465892e-06,5.65179271927043,4.60481418644314
"AC007224.2","AC007224.2",1.29419611242824,1.75808083505643e-05,4.13064212154711e-06,5.45583600748754,4.60469832151132
"TVP23CP1","TVP23CP1",2.09192989057272,1.76380529715626e-05,4.14553762838825e-06,1.28835606556372,4.60394913070299
"SNX10","SNX10",0.93216655786649,1.77191607014035e-05,4.16556896841105e-06,2345.99897372784,4.60294568276342
"DPYD-AS1","DPYD-AS1",1.12884717067536,1.78194396738272e-05,4.19157780682473e-06,3.67641692929895,4.60164967606491
"AC242022.1","AC242022.1",4.26711981570261,1.79378636985387e-05,4.22041433667905e-06,0.797855341264428,4.60022174474428
"LAT2","LAT2",0.7906371360098,1.80773806407286e-05,4.25472162734599e-06,1407.79414202682,4.59853503946045
"AC009961.2","AC009961.2",1.59893777197573,1.85930180174763e-05,4.37963901551034e-06,3.05919971606105,4.59250171914458
"RPL15P3","RPL15P3",1.27359237334869,1.86989664110508e-05,4.40561729452966e-06,4.4787528419744,4.59126774129566
"AC079203.1","AC079203.1",1.33790000356332,1.87658480914977e-05,4.42188786417871e-06,4.44680531747117,4.59049842879348
"AL356299.2","AL356299.2",1.21655493477264,1.87665923060632e-05,4.42257598950232e-06,4.15957874429213,4.59046595234571
"AL359513.1","AL359513.1",1.29884986687287,1.87836294389015e-05,4.42710422525107e-06,6.61853859122157,4.59025236047837
"LINC02132","LINC02132",1.81340821623828,1.88301587579627e-05,4.43909969572126e-06,4.93981137306526,4.58968755745636
"LINC01814","LINC01814",0.689477958585285,1.88344467738894e-05,4.44113980323685e-06,29.2387550339711,4.58959164513921
"AC079414.3","AC079414.3",0.679611359279826,1.88982570534898e-05,4.45721890996269e-06,24.7876610048567,4.58883718625334
"OR6Y1","OR6Y1",0.809684960533376,1.89595305181407e-05,4.47270653552357e-06,17.1374127436944,4.5881129420039
"AC100800.1","AC100800.1",1.54470902350911,1.9077230607943e-05,4.50151543840531e-06,5.66875417203071,4.58677212616706
"CASP17P","CASP17P",0.801491472284745,1.90814180727181e-05,4.50302488849604e-06,239.562802994096,4.58670210061889
"AC012020.2","AC012020.2",0.94864227137409,1.91631980524666e-05,4.52389494722017e-06,15.3039204200318,4.58573620681649
"EIF2S2P4","EIF2S2P4",0.622798647112966,1.91981870627471e-05,4.532679428651e-06,22.8755187437863,4.58533092540438
"CATIP-AS1","CATIP-AS1",1.60171777670189,1.92476499786378e-05,4.54488349723729e-06,3.93773588691826,4.58476912475901
"AL033397.1","AL033397.1",0.757854180848277,1.93557129869809e-05,4.57198663276183e-06,24.463268209485,4.58352661321141
"TRBV2","TRBV2",1.42872374971557,1.94227333765519e-05,4.58887880835662e-06,21.2111288179565,4.58275577561245
"AL845552.1","AL845552.1",1.21503114931851,1.94250509449004e-05,4.59048787186654e-06,10.4554264717696,4.58268249136091
"HTN3","HTN3",0.954671751497795,1.94250509449004e-05,4.59010865886147e-06,5.37092386681968,4.582699760272
"AL358777.1","AL358777.1",0.845113567437058,1.95436644255806e-05,4.62012034782708e-06,21.689013673147,4.58133727147387
"PLAC8","PLAC8",1.28242105536874,1.95948652793952e-05,4.63306485560358e-06,212.05211498375,4.58075222407513
"ATF3","ATF3",0.957418007236063,1.96978955681152e-05,4.65819520047098e-06,670.528426702595,4.57962087564785
"LINC01252","LINC01252",0.905810126488378,1.98713454130822e-05,4.70247063096547e-06,32.7609613666259,4.57764178026678
"MT-ND2","MT-ND2",0.753562986880617,1.99340153714366e-05,4.71893519435304e-06,246073.364673948,4.57691037027891
"Z98949.3","Z98949.3",1.21970377522076,1.99525650292051e-05,4.72496191448183e-06,14.5456363871739,4.57664325456581
"AL158212.5","AL158212.5",0.689585377161069,2.00274840308512e-05,4.74325067841794e-06,23.3048501747044,4.57583465493988
"SNORD114-3","SNORD114-3",2.07050090425674,2.00716796112652e-05,4.75426625181174e-06,1.21644567424796,4.57534906411513
"AL390719.3","AL390719.3",1.04205482582542,2.01808299214665e-05,4.78177428560773e-06,9.79849734943622,4.57414113906205
"SPC25","SPC25",1.08837958353027,2.02811384502206e-05,4.80665031605271e-06,73.4403648170969,4.57305450701754
"ZNF341-AS1","ZNF341-AS1",0.975599085665413,2.03275084994149e-05,4.81930629933667e-06,6.53159202342432,4.57250373533294
"TUBA1B","TUBA1B",0.501280440889145,2.03275084994149e-05,4.81895205351908e-06,29705.7464220719,4.57251913278853
"HIST3H2BB","HIST3H2BB",0.869625356490706,2.05528786316661e-05,4.87666870781683e-06,27.7984136441344,4.57002464169584
"YBX1P10","YBX1P10",1.24211964187651,2.06055741029539e-05,4.89086101348016e-06,1.55634778539422,4.56941558784241
"NOTO","NOTO",1.24777734332221,2.0740014485608e-05,4.92333795598138e-06,4.93012819767961,4.56802820453653
"GLRX5","GLRX5",0.583505614807122,2.07778299499405e-05,4.93345015615134e-06,1844.05755793935,4.56759801028901
"LINC01909","LINC01909",1.00903126177757,2.07921056247166e-05,4.93854406392692e-06,5.42902911135489,4.56738162448962
"ACYP2","ACYP2",0.785840807399077,2.07921056247166e-05,4.93811023749548e-06,453.952244421792,4.56740004481766
"AL133245.1","AL133245.1",0.930373708773911,2.08139116283109e-05,4.94486083248622e-06,20.5440686279162,4.56711358906894
"CNGB1","CNGB1",0.855554473612751,2.10442271106932e-05,5.0041779432324e-06,15.300125788164,4.56461250040375
"RPSAP16","RPSAP16",1.57590128244926,2.11318115486046e-05,5.02615971831479e-06,1.96204778955632,4.56369284972572
"CENPA","CENPA",1.26729838471739,2.11369709724007e-05,5.02796440574115e-06,63.6612240659471,4.56361751826941
"AC058823.1","AC058823.1",1.34893611617905,2.11594916891121e-05,5.03389967313584e-06,4.48070323466883,4.56336995018441
"AC017006.2","AC017006.2",1.34995199705576,2.11912312523926e-05,5.04202961135099e-06,3.61664164807991,4.56303129268901
"AC073651.1","AC073651.1",1.47597094144941,2.1321715118912e-05,5.07424079034191e-06,3.19949192320085,4.56169463692392
"OSM","OSM",1.56982503133005,2.13586270149111e-05,5.08360883977404e-06,153.388087250524,4.56130741937856
"CYP4F8","CYP4F8",0.979534150307183,2.15194782690341e-05,5.12365730310563e-06,8.59980116529181,4.55965972975898
"GRK6","GRK6",0.578994974139289,2.15413349569876e-05,5.13003840228158e-06,2528.74745092824,4.55939833574928
"AL031056.2","AL031056.2",1.81539724486096,2.15878129905059e-05,5.14169692719035e-06,0.905575593056439,4.55892156142277
"AL031320.2","AL031320.2",0.829958805637987,2.16670604838495e-05,5.16175579547758e-06,20.4907598566731,4.55810367332433
"AC092620.2","AC092620.2",1.26150402406105,2.17068812427211e-05,5.17242851765815e-06,16.4065230601043,4.55766973921984
"MRPL37P1","MRPL37P1",1.21587067848707,2.17288405894961e-05,5.17825480536586e-06,6.72932624492424,4.55743321424603
"AC004846.1","AC004846.1",0.604487854197764,2.17421827262965e-05,5.18202846857796e-06,80.8211035671227,4.55728015390472
"AC016745.2","AC016745.2",0.8226346444083,2.17444332151617e-05,5.18315897617614e-06,24.0976900581123,4.55723432112406
"RN7SL282P","RN7SL282P",1.40379942960524,2.19922519261427e-05,5.244634411087e-06,2.61073344463895,4.55475630066659
"RPS3AP44","RPS3AP44",1.2687575525731,2.23272886156948e-05,5.32819308640888e-06,2.13852840361273,4.5514323476003
"AC069209.1","AC069209.1",0.968722022388547,2.24040575377575e-05,5.34773755156833e-06,13.2246615689355,4.55066207607509
"LINC01268","LINC01268",0.713510342652879,2.2603716417275e-05,5.39971837034441e-06,20.6599699790874,4.54862649010028
"AL139095.5","AL139095.5",1.92449295156835,2.26563189851522e-05,5.41352248764054e-06,0.707575481085176,4.54808906898629
"AC007728.2","AC007728.2",0.767958376787461,2.2773570703848e-05,5.44464995378753e-06,30.7468053340853,4.54688201512783
"AF117829.1","AF117829.1",0.5505150521405,2.27991415000918e-05,5.45138630201108e-06,87.8389259346381,4.54662166428015
"TKT","TKT",0.532019197628953,2.29090114217341e-05,5.48016052343731e-06,7353.30470336724,4.54551303556539
"AC108676.1","AC108676.1",0.72582049093974,2.31353206312031e-05,5.53808967594662e-06,15.6585265581107,4.5432979122209
"BATF2","BATF2",0.915504722088227,2.31540368907433e-05,5.543202580308e-06,272.904989178446,4.54310346905555
"WDR49","WDR49",1.17000811734554,2.33221679818134e-05,5.58536578487375e-06,28.0511217041011,4.54150652161899
"MT1X","MT1X",1.16855208119055,2.3354627627233e-05,5.59377758354941e-06,5374.15490324906,4.5411893028224
"LAP3","LAP3",0.722450924844391,2.34219536043694e-05,5.61054310908787e-06,9804.49532178289,4.54055841493252
"MATK","MATK",1.26166079191422,2.36156076280871e-05,5.65822189925123e-06,566.716870517232,4.53877407306571
"AC087276.2","AC087276.2",1.07851859822931,2.36511529129253e-05,5.66741518572207e-06,3.86877660473614,4.53843167722618
"AL049875.1","AL049875.1",1.2557925110726,2.38347553594836e-05,5.71398517784938e-06,3.01395033272086,4.53670534553452
"HACD4","HACD4",0.509030267599171,2.38639503880856e-05,5.72163623747784e-06,1279.74878005797,4.53642301247518
"AC090621.1","AC090621.1",1.41487843523747,2.38849382763906e-05,5.72732091897603e-06,2.77184353974767,4.53621347497062
"DONSON","DONSON",0.526225484789686,2.396667210154e-05,5.74757455217947e-06,214.931869021116,4.53546854021435
"TMEM108-AS1","TMEM108-AS1",1.61198809296421,2.40064975911932e-05,5.75778124690549e-06,3.89606039385979,4.5350940865361
"IGLVI-70","IGLVI-70",3.37490863427138,2.40085213434461e-05,5.75892261739701e-06,18.5325651321221,4.53505225250604
"AC004890.1","AC004890.1",2.07537137353709,2.40242162004054e-05,5.7640001763917e-06,0.603696643834662,4.5348662436344
"CBR3-AS1","CBR3-AS1",0.59525863882861,2.41238506520422e-05,5.78856407077337e-06,118.99014594452,4.53396859049941
"AC022098.3","AC022098.3",1.50731149478567,2.42439653882078e-05,5.81937309586069e-06,1.19923198427843,4.53284785798234
"HIST1H2AJ","HIST1H2AJ",2.1944765213037,2.43171590471027e-05,5.83760647525463e-06,1.97598412377848,4.53218725873497
"PARD6G-AS1","PARD6G-AS1",0.627806357025595,2.43472674026188e-05,5.84549956738739e-06,22.1373835199849,4.53190190259579
"AL031595.3","AL031595.3",0.706258584062436,2.43561722747303e-05,5.84896849975694e-06,74.4334218549829,4.53177660816031
"YWHAEP7","YWHAEP7",1.95420439201485,2.44268110526446e-05,5.86659933748863e-06,1.01236338335407,4.53114089689789
"RN7SL145P","RN7SL145P",1.00886509412899,2.44479650278171e-05,5.87234789364573e-06,7.67463254392826,4.53093401771223
"HIST2H3D","HIST2H3D",1.77783099797395,2.44650408223132e-05,5.87711792425414e-06,2.40925731240801,4.53076250082223
"AC006518.2","AC006518.2",1.40408673306953,2.44742662131321e-05,5.88000280914971e-06,2.15562912944251,4.53065883311714
"AC004801.7","AC004801.7",0.727062142904214,2.45178404059052e-05,5.89248133037355e-06,21.5965619715854,4.53021098014277
"RAB5CP1","RAB5CP1",1.44030244606772,2.4704358431449e-05,5.94068303929568e-06,5.11819270826546,4.52848950824817
"AC110285.6","AC110285.6",1.14212976057363,2.4724171331081e-05,5.94679855262455e-06,5.23870326201236,4.52827205562554
"LINC002481","LINC002481",0.926419989054949,2.48528241330573e-05,5.97978002993804e-06,16.8461856766214,4.52710299218318
"SUMO1P1","SUMO1P1",1.50350010849454,2.49181988490294e-05,5.99619053152824e-06,2.45611454586029,4.52652360174364
"C12orf77","C12orf77",1.0250342468081,2.493367308601e-05,6.00059544090211e-06,7.87437111061131,4.526368340009
"AC093072.1","AC093072.1",1.41185810306888,2.51039114710471e-05,6.04499499424406e-06,2.31477605985115,4.52480943194991
"AC011595.2","AC011595.2",1.16863894349352,2.52291464133924e-05,6.07643915276597e-06,8.45409533016127,4.52371201346633
"TMEM44-AS1","TMEM44-AS1",0.632615334233377,2.52291464133924e-05,6.07653011377509e-06,71.4242391097797,4.52370884676719
"BTBD9-AS1","BTBD9-AS1",1.28409032459291,2.52358441296735e-05,6.07883280546468e-06,16.9756647621765,4.52362869640608
"AL136126.1","AL136126.1",2.27360680470105,2.53506964976199e-05,6.10719120794325e-06,0.610760395084992,4.52264399362034
"AC027559.1","AC027559.1",0.657681167082207,2.5428256092562e-05,6.12796029225926e-06,34.3536831989508,4.52192559034561
"CR391992.1","CR391992.1",1.36444141614114,2.55562260944741e-05,6.1622911905717e-06,2.6304183397696,4.52074317678462
"RPL21P11","RPL21P11",1.61949480432317,2.5568477859085e-05,6.16594403082829e-06,1.40363017874838,4.52061773811164
"AC010913.1","AC010913.1",0.718803871349439,2.56029521894662e-05,6.17495721130136e-06,20.7122216505613,4.52030852909719
"AF274858.1","AF274858.1",0.734354425292531,2.56940392975747e-05,6.20113798506727e-06,39.1878663048718,4.5194128063174
"LINC02267","LINC02267",1.36174835492093,2.57789807214094e-05,6.22234256927595e-06,5.04129997194388,4.51868998229194
"OR9H1P","OR9H1P",0.904653706702476,2.59608247509184e-05,6.26836275100046e-06,9.62947956030452,4.51712931628504
"LINC01828","LINC01828",0.892294326858345,2.60832803389438e-05,6.3000682585935e-06,8.74304897871826,4.51606046449373
"BMS1P14","BMS1P14",1.29906731907784,2.61716646876496e-05,6.32213141079018e-06,5.8914102410341,4.51531970722309
"AL391425.1","AL391425.1",1.01646822722756,2.6252815147532e-05,6.34245174825755e-06,29.3105370374425,4.5146396488231
"AC124319.4","AC124319.4",0.921721889610746,2.63090148040959e-05,6.3583152159643e-06,23.0418843114932,4.51411019542333
"AC100786.1","AC100786.1",1.60416124940323,2.63520871218186e-05,6.37003510387521e-06,17.0262899143236,4.51371984783978
"AC015849.3","AC015849.3",0.910318580403315,2.65137053980207e-05,6.41127606690028e-06,23.1232081094702,4.5123517008733
"AC055876.2","AC055876.2",1.47412469625239,2.65304935150501e-05,6.4160604962351e-06,4.47047081008194,4.5121935254205
"RNU6-194P","RNU6-194P",1.56248091392812,2.65753281282823e-05,6.42835541735249e-06,3.86521129206402,4.51178756667419
"AC078950.1","AC078950.1",1.55699020198735,2.66670641885718e-05,6.45127425136247e-06,2.06083898629352,4.51103280234094
"AC011365.2","AC011365.2",1.73585089082521,2.6685324232038e-05,6.45714996035215e-06,7.98408684286054,4.51083971632977
"AC105235.1","AC105235.1",1.32203335771139,2.67510880373405e-05,6.47379400384505e-06,4.24709396432864,4.51029367525787
"SRSF12","SRSF12",0.571330266303344,2.68737930636369e-05,6.50495731442824e-06,36.9362062815269,4.50927490264214
"ST7-AS2","ST7-AS2",1.40935028081218,2.68984287211463e-05,6.51239041771844e-06,3.14592319752131,4.5090325937731
"RASSF4","RASSF4",0.902570557615405,2.70596021890824e-05,6.55363025776733e-06,2403.85921977584,4.50769301967145
"AC007333.2","AC007333.2",1.17128318280908,2.71224703046144e-05,6.56959750950591e-06,22.4587961956767,4.50717652765223
"AC117395.1","AC117395.1",0.765654319883961,2.73618618482692e-05,6.63206853892171e-06,11.6072298927062,4.50516725453559
"LINC00635","LINC00635",0.91856038425087,2.75677441209667e-05,6.68649046590948e-06,25.7499005365303,4.50343156959746
"AL365436.1","AL365436.1",1.48435955791264,2.82925885881366e-05,6.86771105814381e-06,1.40594523950664,4.49774774955966
"AP001107.1","AP001107.1",0.789545568205676,2.83083401044382e-05,6.8723080365019e-06,30.6820940821645,4.49760544313553
"NEUROD2","NEUROD2",1.02392780194462,2.83266950168376e-05,6.87753796332193e-06,177.219354082787,4.49744365351223
"AL117339.5","AL117339.5",0.765803046887726,2.85715620343466e-05,6.94011274858169e-06,30.7892350175694,4.49551695525272
"CD2","CD2",1.16600038709661,2.8664485772183e-05,6.96425059390288e-06,811.428182873339,4.49477818098304
"AC022730.4","AC022730.4",1.03641611651353,2.86972750900513e-05,6.97300110319479e-06,12.1364890316893,4.49451096350926
"AC097512.1","AC097512.1",1.00849862135736,2.86997621769778e-05,6.97438959539989e-06,4.18178665287009,4.49446859210667
"RN7SL134P","RN7SL134P",1.32073467690756,2.88546134574668e-05,7.01359712881839e-06,2.94724150134169,4.49327544859443
"AC079907.1","AC079907.1",1.2255408114471,2.89623081473117e-05,7.04135681015273e-06,2.98813870779923,4.4924345314412
"AL157871.5","AL157871.5",0.855555827902102,2.89978761617935e-05,7.05079646885983e-06,17.2953727195596,4.49214930050249
"AL138847.1","AL138847.1",1.36134835606746,2.91674482675933e-05,7.09441854908919e-06,2.12913303183168,4.49083593119575
"AC008957.1","AC008957.1",1.23536095284058,2.91961740278903e-05,7.10300099850638e-06,37.6600128283991,4.49057844119446
"AC092718.4","AC092718.4",0.655092851867322,2.91998385464043e-05,7.10469035371814e-06,26.178950434056,4.49052779233848
"AC093142.1","AC093142.1",1.72516797390547,2.9236055620505e-05,7.11430124747173e-06,1.25822658951393,4.49023986541964
"AL356124.2","AL356124.2",1.75376100519156,2.92496838142143e-05,7.11841672540799e-06,1.66633554705312,4.49011668605925
"AC004585.1","AC004585.1",1.79829841540012,2.92754318342506e-05,7.12548284869816e-06,100.131071875138,4.48990535043476
"AC010653.2","AC010653.2",0.936868728945431,2.94262542205812e-05,7.163800243323e-06,45.7850096456587,4.4887628217141
"SNORA23","SNORA23",1.79731731928658,2.95100572030419e-05,7.18662094184847e-06,1.06453388066643,4.48808513942621
"AC005162.1","AC005162.1",1.71058482364933,2.97421566107445e-05,7.24639499707666e-06,2.14656415035834,4.48631979993235
"EPSTI1","EPSTI1",0.959968910626459,2.97891774871612e-05,7.25947905702316e-06,1751.21897737636,4.48593523959188
"STAM-AS1","STAM-AS1",0.90625872445124,2.98110107263079e-05,7.26561424297566e-06,9.07230868919348,4.4857551454038
"RAP2B","RAP2B",0.569514605388286,3.01510175495369e-05,7.35424830363442e-06,4248.60756877815,4.48316945450011
"RN7SL559P","RN7SL559P",1.27074528907812,3.01597697430948e-05,7.35800961474044e-06,3.62387795155523,4.48306038739277
"SPATA8","SPATA8",1.4723912781803,3.01888834601463e-05,7.36595888683042e-06,6.00041090670076,4.4828300568713
"AC009779.3","AC009779.3",3.13497856025214,3.0302708877768e-05,7.39538773453438e-06,0.917003927842591,4.48197941856003
"HOTAIRM1","HOTAIRM1",0.695901232283458,3.03519010227897e-05,7.40822240598324e-06,131.466353995532,4.48160944673692
"MFSD4BP1","MFSD4BP1",1.3239184945812,3.04119191476664e-05,7.42453339119646e-06,3.32857940354022,4.48114015023869
"LINC01748","LINC01748",0.701173400379663,3.0511625639288e-05,7.45054231914307e-06,26.3576392686837,4.48039386194811
"AL590426.1","AL590426.1",1.27995416853349,3.07133791431088e-05,7.5014862744952e-06,6.22094662596589,4.47893929017412
"VCAN-AS1","VCAN-AS1",1.96954094359865,3.0940223587106e-05,7.55773651926904e-06,16.4331601233079,4.47734414334974
"AP001462.1","AP001462.1",0.815070348533989,3.10557911852601e-05,7.58681463940027e-06,12.5358530841613,4.47652399038492
"ACSM2A","ACSM2A",0.716731481513316,3.10897000697941e-05,7.59679739129946e-06,24.9517854938733,4.47624311821138
"AC012485.3","AC012485.3",1.07357180103506,3.11647462158601e-05,7.61683802565285e-06,15.159469838529,4.47568032378801
"NPHP3-AS1","NPHP3-AS1",0.876861110173727,3.14587250736919e-05,7.6947049607828e-06,5.8450854261285,4.47350696758958
"AC239798.1","AC239798.1",1.56754713780165,3.15810224866747e-05,7.72636229256109e-06,2.06572379279972,4.4726293818276
"AC127024.6","AC127024.6",1.07313176507094,3.15810224866747e-05,7.72720720151295e-06,5.79249895799285,4.47260600689513
"HIST1H2AE","HIST1H2AE",1.36061989573168,3.15841884768349e-05,7.72884483178594e-06,22.0918354611333,4.47256070779092
"LINC02207","LINC02207",1.32199074487518,3.16659446279151e-05,7.75058149066542e-06,6.80908173133535,4.471960309651
"AC004069.1","AC004069.1",1.34668172619779,3.17273149168862e-05,7.7664694210329e-06,2.95052456563921,4.47152247943682
"RPL29P14","RPL29P14",1.45147694306375,3.18334737704507e-05,7.7933256368545e-06,2.55132957061669,4.47078433513666
"AL669831.2","AL669831.2",1.6223714187588,3.19212636765638e-05,7.8174345291686e-06,2.0911509069256,4.47012376969765
"XAF1","XAF1",0.76629103821023,3.19283410126022e-05,7.82026660893418e-06,1301.99690967687,4.47004630072362
"GP2","GP2",1.39678076885536,3.20304187835681e-05,7.84679184713986e-06,2.49023646287665,4.46932202613673
"AC012103.1","AC012103.1",0.862644091110764,3.22402035632565e-05,7.90082750235929e-06,21.3014435217101,4.46785378945243
"DNAJC9-AS1","DNAJC9-AS1",0.611960262374773,3.23218747539775e-05,7.92260822475839e-06,32.2892668659917,4.46726468479585
"RPS27P21","RPS27P21",1.53372503074709,3.24467293372297e-05,7.95409862601778e-06,1.93281777136948,4.4664156935122
"AC108693.1","AC108693.1",1.2369994000098,3.2500503629079e-05,7.96816905007584e-06,11.0922205872586,4.46603738851985
"LINC01185","LINC01185",1.21735227003848,3.26372706397341e-05,8.00348381080395e-06,3.28422316156513,4.46509070247135
"PARVG","PARVG",0.941992010835893,3.27408262435974e-05,8.02977284522884e-06,1392.64599916043,4.46438855912493
"PRR27","PRR27",1.25289207112218,3.27867346859098e-05,8.04282368398311e-06,3.36281690640414,4.46404080532886
"AC008121.1","AC008121.1",1.77486849026705,3.27935474220764e-05,8.04539092059411e-06,1.05470325791301,4.46397246201376
"AL162578.1","AL162578.1",1.54100793107559,3.30341889127185e-05,8.10713639208824e-06,2.10384538119052,4.46233496338822
"OR4F17","OR4F17",0.997576487084754,3.30491934231263e-05,8.11172175523767e-06,23.6305185127375,4.46221383491128
"GTF3C2-AS1","GTF3C2-AS1",1.00146621097086,3.31443375983875e-05,8.13597991704454e-06,15.8315905416505,4.46157411029754
"AP003175.1","AP003175.1",0.806533817834761,3.3385575182181e-05,8.19702119148278e-06,23.16938632261,4.45997239032397
"IGBP1-AS1","IGBP1-AS1",1.03381180145187,3.35671632495891e-05,8.24344007451863e-06,4.63102484474363,4.45876197467234
"Z98259.3","Z98259.3",0.860458305749615,3.36376571076576e-05,8.2625901636067e-06,15.155129466735,4.45826451553107
"CENPK","CENPK",0.733340917257801,3.36529157093294e-05,8.2672577158551e-06,107.87683490379,4.45814343423439
"NETO2","NETO2",0.93251126297836,3.37097614304656e-05,8.28214363186827e-06,194.007755102025,4.45775771368247
"NCAPGP1","NCAPGP1",1.14509497901511,3.37282366096379e-05,8.28760435614288e-06,5.96457063650741,4.45761638271882
"AC024651.1","AC024651.1",1.29853888786578,3.39722205629596e-05,8.35034006897415e-06,3.49567210467655,4.45599905194228
"RN7SL275P","RN7SL275P",0.999009527147973,3.40733499306839e-05,8.37892153818834e-06,11.543920468412,4.45526606712931
"LINC00345","LINC00345",0.785737793794202,3.41623734020115e-05,8.40174657754325e-06,24.3517321326587,4.45468242283127
"HEXDC-IT1","HEXDC-IT1",0.865091714431996,3.42170496356219e-05,8.41706324952879e-06,29.5134083298857,4.45429161921588
"AC023194.3","AC023194.3",1.67309637385691,3.4295738188814e-05,8.43829400776715e-06,3.15375677576005,4.4537510407287
"AC017035.1","AC017035.1",1.12054809862509,3.43359143705213e-05,8.45005548608665e-06,9.33675013338455,4.45345212873837
"LINC01544","LINC01544",1.02108926861196,3.43646885236633e-05,8.45807574581708e-06,4.63407615137124,4.45324852586108
"AC025187.1","AC025187.1",1.03708737261695,3.44212952693944e-05,8.47482968585244e-06,9.15010290632368,4.45282380382108
"LINC01483","LINC01483",0.958141407629925,3.45485943376526e-05,8.5074294650916e-06,8.14553462495217,4.45199967553292
"ADSL","ADSL",0.533049585014698,3.46834783161161e-05,8.54411979830331e-06,1885.73129207941,4.45107573962499
"PVRIG","PVRIG",1.28709574276617,3.48458604550792e-05,8.58507401085955e-06,160.899459254712,4.45004889860117
"AL445483.1","AL445483.1",1.41510717988926,3.51353696956474e-05,8.66024126409016e-06,2.38547008845894,4.44817635950459
"C4BPB","C4BPB",0.984910358089632,3.51760686920248e-05,8.6712339610221e-06,56.1647697257994,4.44790381621451
"AC009090.1","AC009090.1",1.18569612434371,3.52299547040197e-05,8.68547996651191e-06,46.7918698015904,4.4475511040568
"AC107871.1","AC107871.1",0.536371854581994,3.5638915291428e-05,8.78922509960461e-06,87.6361565859266,4.44499906159152
"AC082651.1","AC082651.1",1.05594873809351,3.57194633660178e-05,8.81104170246205e-06,7.21175307975555,4.44446605654548
"AL390957.1","AL390957.1",0.823374715302047,3.58205835789995e-05,8.83794283227317e-06,9.86051200712052,4.44381056416124
"RN7SL376P","RN7SL376P",1.12539320037188,3.60002504017829e-05,8.88423895813829e-06,5.06021427205128,4.44268693046321
"ZNF812P","ZNF812P",1.12870342309429,3.60536474324767e-05,8.89840152073997e-06,30.8492030048188,4.44234431437076
"AC068631.2","AC068631.2",0.635663556758713,3.62518802688814e-05,8.94930840267065e-06,173.137546809141,4.4411170795433
"AC129507.1","AC129507.1",0.983076735834741,3.62860828429382e-05,8.96065640868308e-06,120.076660663567,4.44084441750677
"AC111182.1","AC111182.1",1.17459164276507,3.63104604005703e-05,8.96773823221275e-06,5.21376785031931,4.44067442750697
"CD160","CD160",0.786424118475538,3.65582512148468e-05,9.03293165758244e-06,25.9856803847838,4.43911554181921
"TNFSF8","TNFSF8",0.838343803425914,3.66305664447324e-05,9.05380212735455e-06,592.801586372751,4.43861876448139
"RN7SL703P","RN7SL703P",1.30180275108828,3.67552196386933e-05,9.08662059867474e-06,3.54256581606781,4.43783979903654
"LINC00506","LINC00506",0.76948550640904,3.68172898287302e-05,9.10397751168087e-06,116.628326168742,4.43742890878832
"TEX41","TEX41",0.876733790373383,3.68306885047427e-05,9.10829699326283e-06,292.730679497819,4.43732677000582
"FKBP3","FKBP3",0.600317031609047,3.68752925081841e-05,9.12134274369765e-06,1759.83973543047,4.43701856995282
"AC068759.1","AC068759.1",0.788933837085797,3.70506602779625e-05,9.16674578040248e-06,12.8336055209547,4.43594921719728
"AIM2","AIM2",1.45086890386422,3.71477067827807e-05,9.19177115836121e-06,374.011078089438,4.4353619696157
"HIST1H1A","HIST1H1A",2.46526645522504,3.71952134379075e-05,9.20555871254859e-06,0.775192434286281,4.43503908205301
"LINC01526","LINC01526",2.20533569404293,3.74306807008983e-05,9.26690340803954e-06,1.0631882874487,4.43360804322223
"IL21R-AS1","IL21R-AS1",1.42170809378332,3.7457046898798e-05,9.27445446588451e-06,13.35032706434,4.43343251940271
"AC099509.1","AC099509.1",1.88428772831476,3.77511762396378e-05,9.35243900010372e-06,0.999099303514963,4.431627718254
"FAM92B","FAM92B",1.3662447355476,3.81510282480297e-05,9.45566756572249e-06,48.8853449690666,4.42926067889776
"AP001469.3","AP001469.3",0.7867019883847,3.83496942556909e-05,9.51224143974323e-06,20.2840232007459,4.42797388687307
"AC044840.1","AC044840.1",1.57523095111883,3.83608458085327e-05,9.51605560522607e-06,2.76454754925287,4.4278873956584
"AP001267.1","AP001267.1",1.17926324436937,3.84798326591441e-05,9.54662369313446e-06,174.760853355669,4.4271954179492
"MRPS17P1","MRPS17P1",0.974447645342736,3.86499892776971e-05,9.59095064400789e-06,8.65738292576533,4.42619572816853
"DPPA4","DPPA4",0.954360779440352,3.87101110136725e-05,9.60798514845216e-06,14.5016860766634,4.42581272868706
"AP000692.2","AP000692.2",0.858566853261992,3.87782871087703e-05,9.62596623905512e-06,10.680253403557,4.42540914949824
"AL031595.2","AL031595.2",0.774359966138957,3.88626276054102e-05,9.64902584907681e-06,72.5659908300729,4.42489263741369
"AL160271.1","AL160271.1",1.2129045919563,3.90236282629099e-05,9.69006622184554e-06,4.49918731728207,4.42397628423494
"HCK","HCK",0.824305514581611,3.92532564440817e-05,9.75030340537028e-06,3955.000713464,4.42263799479303
"GCNT3","GCNT3",0.88196601074469,3.92558787112545e-05,9.75202735710609e-06,23.0282894341886,4.42259981011918
"AC018628.1","AC018628.1",0.679928592770594,3.93247907290695e-05,9.77129557884527e-06,35.0996403280241,4.42217346680651
"AL358472.2","AL358472.2",0.571606166441937,3.96550842962647e-05,9.85769985320408e-06,22.0172299388717,4.42027144174516
"AC005972.3","AC005972.3",0.687286736373087,3.96555840678608e-05,9.85890760494728e-06,13.4184247237866,4.42024496841173
"HIST1H2BN","HIST1H2BN",0.754501478996073,3.97579432809757e-05,9.88544178411648e-06,27.5664858125671,4.41966413231671
"AC017091.1","AC017091.1",1.01659944489817,4.00255248935345e-05,9.9541607033239e-06,11.9511685012341,4.41816676195356
"AL606469.1","AL606469.1",1.38793649332325,4.00821747121804e-05,9.97043959069075e-06,2.89271966828302,4.41781349522372
"AL589863.1","AL589863.1",2.02829522125533,4.02947034404699e-05,1.00255080611197e-05,1.04089784197094,4.41662252949726
"FCGR1A","FCGR1A",1.39941590748479,4.03384464067381e-05,1.00374936863347e-05,1888.78866012095,4.4163641444889
"LINC01119","LINC01119",0.787065760965844,4.03978542705996e-05,1.00533800567398e-05,19.4062919245426,4.41602212134347
"CACNA1A","CACNA1A",0.577309019702893,4.04728007024578e-05,1.00742428590779e-05,182.078140083209,4.41557374210605
"AL021368.1","AL021368.1",1.26421580541416,4.08054326770923e-05,1.01626142477034e-05,3.68729062655997,4.41368426350278
"AC025887.2","AC025887.2",0.926113300395954,4.09041035862655e-05,1.01883059179867e-05,12.5728843673566,4.41313789080603
"FGR","FGR",0.951840932206708,4.09902260517215e-05,1.0210877098105e-05,2871.01121447273,4.41265896483296
"DNASE2B","DNASE2B",1.88734704728666,4.09916034537375e-05,1.0213460255598e-05,8.12689178128919,4.41260421866696
"SIAH2-AS1","SIAH2-AS1",0.808477115671177,4.09953488432355e-05,1.02155135782482e-05,16.793321311127,4.41256071099181
"OR7G2","OR7G2",0.937404151148536,4.11612434602772e-05,1.02579770376564e-05,9.01138318868349,4.41166282374087
"RPL21P119","RPL21P119",1.46930025890329,4.11909472499621e-05,1.02676305844806e-05,7.36732933535381,4.41145919535259
"CISH","CISH",0.687571050570413,4.12010161768037e-05,1.02712661984523e-05,498.175256545032,4.41138255443248
"AL683813.1","AL683813.1",0.902152133244094,4.12030219124047e-05,1.02728920175604e-05,68.1214469748239,4.41134828957481
"RN7SL266P","RN7SL266P",2.13588813363403,4.12418809500732e-05,1.02837073567684e-05,0.723337720394455,4.41112048323911
"AL358075.2","AL358075.2",1.92246263135866,4.174921105463e-05,1.04181957037606e-05,1.29661048505265,4.40830667393944
"CCNI2","CCNI2",0.940396685624623,4.19778046740596e-05,1.04798273533944e-05,30.6890533265171,4.40702876839764
"LINC02321","LINC02321",1.59937678664566,4.21031444379986e-05,1.05122690203129e-05,1.54468410539066,4.40635898471213
"GADD45G","GADD45G",0.80132411343309,4.23664715278063e-05,1.05803314233763e-05,301.826407942008,4.40496017392951
"XRCC2","XRCC2",0.608579643275657,4.24334806095674e-05,1.0598225258943e-05,60.1869371048188,4.40459384834926
"LGALS14","LGALS14",1.16737067367198,4.25701921909447e-05,1.06358599249706e-05,4.98442256111162,4.40382530864902
"CDYLP1","CDYLP1",1.36281633596991,4.27940824849135e-05,1.06953051310009e-05,3.21164760359813,4.40261664883939
"AC106820.2","AC106820.2",0.944831585037004,4.28100829372877e-05,1.07004737481983e-05,20.3639313302544,4.40251186209667
"OR2G6","OR2G6",0.920364057916531,4.28839271646787e-05,1.0721274722173e-05,14.9410728023113,4.40209063845913
"AC006460.2","AC006460.2",0.561496480709051,4.29052595015313e-05,1.07277802589828e-05,127.462207208442,4.40195906029503
"AC073065.1","AC073065.1",1.23245705627078,4.30338997321281e-05,1.0761120531939e-05,16.830190760629,4.40128592786813
"Z86062.1","Z86062.1",1.43789545800304,4.33772303017558e-05,1.08505298891383e-05,2.27666982458301,4.39949055628214
"HNF1B","HNF1B",1.04885861267652,4.34569179090057e-05,1.08718588188193e-05,4.82628846282471,4.39906435090171
"CRX","CRX",0.872367926625729,4.36797215112913e-05,1.09321634209522e-05,10.9615880063912,4.39786361955271
"AC109992.2","AC109992.2",1.06037481955089,4.3760812617106e-05,1.09536545912541e-05,9.43459301307514,4.39743723453262
"FBXL6","FBXL6",0.51066860093032,4.37748493534944e-05,1.09583641568544e-05,339.939720187524,4.39734390340798
"AC005343.1","AC005343.1",0.832922308153236,4.43151514688131e-05,1.10996746773029e-05,21.1474593353022,4.3945611691938
"CCDC13","CCDC13",0.621011280896701,4.43495706495383e-05,1.11095074650938e-05,54.8463339511996,4.39436879935005
"C6orf52","C6orf52",0.86506237923231,4.46009481608726e-05,1.11785703838816e-05,7.99206740693895,4.39302220667991
"AC024568.1","AC024568.1",1.10188638793385,4.47879490958793e-05,1.12291106561324e-05,11.0432743954869,4.39204179308843
"AC006509.1","AC006509.1",1.15173737377695,4.49265704258451e-05,1.12668330194307e-05,108.280064326836,4.3913127714208
"IFI6","IFI6",1.00966972483875,4.49265704258451e-05,1.12673011211203e-05,9870.3163072796,4.39130373954163
"AL139424.2","AL139424.2",0.757668193303572,4.50933085305524e-05,1.1311829984945e-05,21.3542467958428,4.39044620228775
"LHFPL5","LHFPL5",0.724459358704902,4.52234418530163e-05,1.13469457235512e-05,33.6955376653712,4.38977221275679
"AC015853.3","AC015853.3",1.13914747506599,4.52718192128387e-05,1.13603209828331e-05,4.44440601273226,4.38951601991839
"FCGRT","FCGRT",0.513765026756178,4.53123828383516e-05,1.13742140806015e-05,17386.4316899968,4.38925021298132
"AC010096.1","AC010096.1",1.60624230231906,4.53232435194897e-05,1.13781786785724e-05,1.72085985665957,4.38917441793794
"AC016949.1","AC016949.1",0.995571489459975,4.53367730275295e-05,1.13834472250728e-05,22.7520987737122,4.38907373305596
"LINC02257","LINC02257",1.21221265393651,4.53885933690924e-05,1.13995450763326e-05,7.37092629539089,4.38876636945618
"GS1-124K5.4","GS1-124K5.4",0.853849672752282,4.55924450507215e-05,1.14528850172977e-05,21.6570302049002,4.3877508783972
"AL133492.1","AL133492.1",1.18189533776463,4.60256033248253e-05,1.15708510120964e-05,10.57202024506,4.38552096938551
"WBP2NL","WBP2NL",0.63880772742561,4.61005527563481e-05,1.15959913843258e-05,22.9242816198591,4.38504854763773
"AC087632.1","AC087632.1",1.16299054879942,4.6509771628943e-05,1.1701466629124e-05,31.7263027035246,4.38307712074783
"MT-ND4L","MT-ND4L",0.674143314237409,4.66549154192357e-05,1.17392583430078e-05,39723.9064391441,4.38237488499575
"OR8G1","OR8G1",1.08412043035933,4.66759800298155e-05,1.17471092667732e-05,6.90761852512464,4.38222927190904
"APOF","APOF",1.0907937958966,4.69008163925887e-05,1.18062575869537e-05,4.97554036800374,4.38113520954589
"AC120349.3","AC120349.3",1.55101280349254,4.69779686817337e-05,1.18269625791277e-05,1.8156447427258,4.38075346660638
"RNU7-77P","RNU7-77P",1.95910562969515,4.70041564583565e-05,1.18348397979113e-05,1.4190624899701,4.38060839990117
"AC068860.1","AC068860.1",0.749431839940397,4.72208994923255e-05,1.18919924211253e-05,23.1840293034702,4.37955862994772
"RN7SKP203","RN7SKP203",1.84122530884077,4.74035017961963e-05,1.1940568951587e-05,1.29947967268479,4.37867016301803
"AL356961.1","AL356961.1",2.12109938913925,4.74756257202034e-05,1.19600335839852e-05,0.728123402658001,4.37831512176672
"AL450124.1","AL450124.1",0.580018736805532,4.75781494851255e-05,1.19871612995531e-05,30.9595199827761,4.37782122216155
"ABCG8","ABCG8",0.852763019792343,4.7614220538895e-05,1.19975502557362e-05,26.2306062390688,4.37763235851487
"AC012213.2","AC012213.2",0.883131896320172,4.78046627253688e-05,1.20494552758689e-05,12.8293847547647,4.37669109484081
"NOXA1","NOXA1",0.671891007003557,4.80936103126583e-05,1.21262284752373e-05,107.453694000962,4.37530593373473
"VTRNA1-1","VTRNA1-1",2.24125319793617,4.81223579197714e-05,1.21364399440485e-05,0.702300326937542,4.37512232686891
"AC020658.2","AC020658.2",1.25049245439353,4.81223579197714e-05,1.21385695939872e-05,4.09081008921115,4.37508405337265
"AP000866.5","AP000866.5",1.11111500715981,4.81394330445425e-05,1.21456740548459e-05,4.99725751770605,4.37495642024296
"AL138920.1","AL138920.1",0.869699523920811,4.81394330445425e-05,1.2145635760992e-05,15.1169324731564,4.37495710800907
"SCARNA20","SCARNA20",1.1665732353768,4.82675834539931e-05,1.21806443012399e-05,3.16298477316047,4.37432920908986
"HTR3B","HTR3B",0.924419855700977,4.83989414231849e-05,1.22164381777475e-05,17.6972858197836,4.3736890028175
"BIK","BIK",1.27682626193643,4.8622469561195e-05,1.22755162366579e-05,36.4292295054264,4.37263624288534
"RN7SL269P","RN7SL269P",1.25290045281975,4.8721844070754e-05,1.23045986159726e-05,6.08706435965469,4.37211977502135
"MIR2052HG","MIR2052HG",1.3277177473051,4.89512994044603e-05,1.23678970898944e-05,2.21636181997837,4.37099968584204
"APOBEC3F","APOBEC3F",0.644432328525998,4.89788614869572e-05,1.23761991046581e-05,167.527004530858,4.37085318469813
"AC125437.1","AC125437.1",0.768370087965696,4.91213987607633e-05,1.24135582157518e-05,11.9796722059746,4.3701950871443
"UTF1","UTF1",1.35289558920554,4.92148980574508e-05,1.24385312995279e-05,4.12760124060598,4.36975622815677
"MAP1LC3B2","MAP1LC3B2",0.841618375560079,4.93107922079659e-05,1.24654621576573e-05,9.86361119167748,4.36928390590705
"FABP5P7","FABP5P7",1.11094253363162,4.93444316930763e-05,1.24753142560189e-05,450.945616059161,4.36911135979917
"SMIM1","SMIM1",0.983912706304886,4.94488819813624e-05,1.25030725936645e-05,42.980823635181,4.36862590862316
"RNU6-82P","RNU6-82P",1.7491419304583,4.96114182026781e-05,1.25507533584193e-05,1.46017073373936,4.3677944399041
"LINC00596","LINC00596",1.10860024201905,4.97034895810195e-05,1.25755980633416e-05,3.48996016523654,4.36736238564627
"SUN3","SUN3",1.46831532044235,5.05043891139174e-05,1.27920349486602e-05,1.23928720984447,4.363632589917
"RIPPLY3","RIPPLY3",1.03842720139814,5.07418629997629e-05,1.28577293767535e-05,7.05131679160959,4.36251240388463
"LINC02273","LINC02273",1.24568587860036,5.0754351092879e-05,1.28622805646726e-05,25.4594778442853,4.36243500187431
"SNORD3B-1","SNORD3B-1",2.06546224839339,5.14872797050565e-05,1.30550549376465e-05,4.59808399366135,4.3591802537911
"AC087257.2","AC087257.2",1.35177619101547,5.19049928986492e-05,1.31638062265434e-05,5.6032721363716,4.35736430067044
"HCP5","HCP5",0.571212912051879,5.20240327310788e-05,1.3195417794e-05,1475.43143744445,4.35683912823643
"RPL7P1","RPL7P1",1.06786075568912,5.21078067502029e-05,1.32180900535229e-05,5.3162647555348,4.35646320581613
"AL513283.1","AL513283.1",0.882949449553732,5.23760110611829e-05,1.32875560180082e-05,27.7310469069555,4.35531522779168
"AL512356.3","AL512356.3",1.23866085137578,5.24448880583109e-05,1.33078957183949e-05,6.08269988239837,4.35498018226733
"CFAP74","CFAP74",0.765125647283697,5.25321208446461e-05,1.33314663899307e-05,19.2482225133703,4.35459252513784
"LINC02068","LINC02068",0.891468339531765,5.25680608410158e-05,1.33434597998043e-05,12.5484978210996,4.35439552538495
"AC244093.4","AC244093.4",0.969523970654163,5.26019427873194e-05,1.33534973752557e-05,7.63373315381304,4.35423078131669
"NFE2L3P1","NFE2L3P1",1.31432309995145,5.2928094662068e-05,1.34435249044669e-05,3.05223481620235,4.35275844224091
"RAD21-AS1","RAD21-AS1",0.635766385560525,5.30775934115605e-05,1.34872979788386e-05,33.5184513808839,4.35204595853777
"AL590867.1","AL590867.1",0.835727715127722,5.31130020958037e-05,1.34977467278633e-05,27.6013974506585,4.35187621291858
"MTND6P5","MTND6P5",1.46396135458621,5.3406722330828e-05,1.35753091025354e-05,2.35130344411117,4.35062007450126
"AP003122.2","AP003122.2",1.46645332889043,5.3524331071615e-05,1.36081286543725e-05,2.36597492186298,4.35009061530132
"BTK","BTK",0.80255196115618,5.35369425963113e-05,1.36142606285382e-05,1107.09847422703,4.34999182670991
"SLC7A7","SLC7A7",0.934460427596159,5.36186325483938e-05,1.36394291927524e-05,3851.76911212699,4.34958679504878
"SLC24A2","SLC24A2",0.80251112431479,5.37622300228902e-05,1.36803641685067e-05,18.0455528111734,4.34892955853389
"LINC01842","LINC01842",1.12311881668654,5.38325503962842e-05,1.37026705508835e-05,4.6644673449666,4.34857220487353
"AC092718.7","AC092718.7",0.870562861746801,5.38704600652213e-05,1.37137920825068e-05,15.6907128685386,4.34839424248304
"AC106897.1","AC106897.1",0.850292766477125,5.39946780460709e-05,1.37479994249154e-05,35.7943266912936,4.3478477316002
"ATF5","ATF5",0.983816185173282,5.40153672958892e-05,1.37551086968957e-05,2950.33849546813,4.34773431369225
"ADORA2B","ADORA2B",0.67943974948839,5.40292324163399e-05,1.37615919720517e-05,196.586564599133,4.34763093137165
"LTC4S","LTC4S",0.765025964237878,5.42865085293737e-05,1.38330549617459e-05,411.202004224308,4.34649445049231
"MIR17HG","MIR17HG",1.15522292859126,5.44003958706388e-05,1.38635616351662e-05,15.4255349447266,4.34601100539908
"AL035461.2","AL035461.2",0.80318498864277,5.44618256404163e-05,1.38807046524168e-05,10.9032097056747,4.34573978184041
"CRYM-AS1","CRYM-AS1",0.72288744381958,5.47149558911116e-05,1.39497050034144e-05,15.561737986965,4.34465133287062
"AC116563.1","AC116563.1",1.0345915866049,5.48011943487107e-05,1.39746863809535e-05,8.68640629433197,4.34425852880349
"MIR181A1HG","MIR181A1HG",1.05798692924091,5.50742634538783e-05,1.40503401149994e-05,9.68870707015635,4.34307303102727
"AC090543.2","AC090543.2",1.363032240184,5.5360971050802e-05,1.41280217933411e-05,1.65544073188056,4.34186207354479
"AC023389.1","AC023389.1",0.979413736627306,5.53823469820235e-05,1.4134990113366e-05,9.45635227539609,4.34175375696672
"AC087473.1","AC087473.1",0.938768427663005,5.55133860997629e-05,1.41699514452303e-05,208.048982573946,4.3412110805104
"LNCARSR","LNCARSR",0.975534689173345,5.56671411081008e-05,1.42122398566653e-05,7.23987029140394,4.34055637560213
"DNAJC19P9","DNAJC19P9",1.6386300623198,5.57319363160861e-05,1.42303053327639e-05,1.63822558360495,4.34027725392717
"RN7SL368P","RN7SL368P",1.58626529690498,5.59373127472772e-05,1.42888586265826e-05,4.05059528926767,4.3393748899321
"AL589935.2","AL589935.2",1.26084726993072,5.62332560150718e-05,1.43659920692074e-05,4.94364325414985,4.33819155505008
"BLNK","BLNK",0.946481774993827,5.64137309997858e-05,1.44151810789911e-05,534.287914002752,4.33744008682763
"LINC01087","LINC01087",0.966485225737818,5.67069456853373e-05,1.44932039110534e-05,17.5141206139581,4.3362531208124
"AL356753.1","AL356753.1",0.914588737047234,5.67185504867565e-05,1.44977196044593e-05,11.9056054521151,4.33618460998152
"AC009831.3","AC009831.3",1.42401908161675,5.68700518174236e-05,1.453799843722e-05,2.55527299469421,4.33557440956892
"ULK4P3","ULK4P3",0.86573217685513,5.69234376455027e-05,1.45532010724055e-05,22.8299367592948,4.33534451766968
"AL590440.2","AL590440.2",1.1057864466222,5.70487721829511e-05,1.458680319375e-05,5.03393989561745,4.33483720299725
"LINC02363","LINC02363",1.317173893154,5.71719655190077e-05,1.46198646217764e-05,5.40382670279339,4.3343391380522
"RN7SL233P","RN7SL233P",1.49410403177677,5.73931758434732e-05,1.46813482062008e-05,4.63068655330084,4.33341574729064
"AC106791.1","AC106791.1",0.688986886279945,5.73931758434732e-05,1.46827045936348e-05,17.0255923008339,4.3333954179964
"RNU6-437P","RNU6-437P",2.37955204429304,5.73963110554274e-05,1.46850749125119e-05,0.71880583192192,4.33335989637637
"ARL9","ARL9",0.885985616134574,5.74956586440329e-05,1.47120643515224e-05,39.4358483438453,4.33295581749855
"AC010976.1","AC010976.1",0.827588712883296,5.76665957572823e-05,1.47605308629804e-05,21.6069149071072,4.3322319606401
"AL109659.1","AL109659.1",1.29950801787911,5.83522538987824e-05,1.49424116380062e-05,5.62014182250864,4.32953559728597
"AC130304.1","AC130304.1",1.35149504627138,5.85403757764355e-05,1.49969825208301e-05,261.138024196945,4.3287326915829
"AC005726.3","AC005726.3",0.900512393264873,5.86052845339887e-05,1.50152122482913e-05,8.08685267124823,4.32846509679451
"HAVCR2","HAVCR2",0.974772837108498,5.86717663634631e-05,1.50354516987601e-05,3459.07324980874,4.32816836384901
"ZFHX2-AS1","ZFHX2-AS1",0.857343375762523,5.92796942748722e-05,1.52106781315152e-05,58.6506383189303,4.3256151544193
"TAS2R30","TAS2R30",0.978511059606934,5.93852205540246e-05,1.52393778912921e-05,6.34710952202641,4.32519964749008
"AP001496.2","AP001496.2",1.93870389391569,5.94302528724229e-05,1.52558055066098e-05,0.976740392690728,4.32496214877831
"OR8B5P","OR8B5P",1.93769481824683,5.94516104631284e-05,1.52629124268847e-05,0.903043006062898,4.32485947755946
"AC008938.1","AC008938.1",0.757555180905306,5.94822553578262e-05,1.52724050820376e-05,20.3246551136781,4.32472241153028
"AC016251.2","AC016251.2",1.15368514862138,5.96640894034904e-05,1.5320722211372e-05,3.79678033238437,4.32402600888017
"ZNF969P","ZNF969P",0.878704324819641,5.96860274954157e-05,1.53279863501574e-05,19.1090238539905,4.32392149077546
"APOBEC3B","APOBEC3B",1.24173819206785,6.05507627363639e-05,1.5563294763818e-05,145.579408215523,4.32056110945497
"AL683887.1","AL683887.1",1.05031630456564,6.05982053935569e-05,1.55771446307982e-05,5.28511672338704,4.32036483541974
"RN7SKP255","RN7SKP255",1.91319045399685,6.08269870233032e-05,1.56392783379131e-05,1.61897184647967,4.31948634702963
"AC079035.1","AC079035.1",1.1580848363614,6.11756043190268e-05,1.57372691784922e-05,5.42962019483977,4.3181076248543
"BISPR","BISPR",0.552662461857893,6.13510747555805e-05,1.57857611129621e-05,225.005406242833,4.31742837199139
"AC009554.2","AC009554.2",0.896133080137105,6.15673427420713e-05,1.58498183916445e-05,11.7308576243585,4.31653412974398
"TRDC","TRDC",0.938254770908297,6.18461550039713e-05,1.59300446247831e-05,115.161049631383,4.31541901498125
"VWA5B1","VWA5B1",0.937468395333008,6.20514720771367e-05,1.59897110073903e-05,6.42117881725568,4.31459314029179
"AC023813.3","AC023813.3",1.00953908065815,6.20845670731009e-05,1.59999354253801e-05,3.37442619092737,4.31445191348504
"AC091564.6","AC091564.6",2.06277384528975,6.21962847835134e-05,1.60304258138988e-05,0.862462671221313,4.31403126913546
"AC245052.5","AC245052.5",1.26443112721686,6.23036941645128e-05,1.60598117639284e-05,2.85133731584196,4.31362658266332
"ATP11A-AS1","ATP11A-AS1",1.0972787056573,6.24323913260058e-05,1.60946914440522e-05,8.0552555125805,4.31314715478495
"LINC01546","LINC01546",1.31072167797958,6.26867562672034e-05,1.61688291800978e-05,3.50456641464783,4.31213139847871
"LINC00221","LINC00221",0.632577567045058,6.27655630769927e-05,1.61908708164127e-05,20.1752556995571,4.31183026350704
"RNU6-1283P","RNU6-1283P",1.75654405448336,6.277522955259e-05,1.61950795769162e-05,0.97329937743118,4.31177280744605
"ZHX1-C8orf76","ZHX1-C8orf76",0.674599408554326,6.29666945006077e-05,1.62496360435597e-05,25.4666832574346,4.31102931287065
"AC011939.1","AC011939.1",1.5370224652958,6.3271777927623e-05,1.633513270155e-05,2.32564544047432,4.30986893821997
"AC018644.1","AC018644.1",1.00742105359636,6.34179828280071e-05,1.63770016463758e-05,10.919203383188,4.30930279595939
"GAPDHP60","GAPDHP60",1.31172502075514,6.37829041676866e-05,1.64777004537139e-05,3.93463144064833,4.30794679862074
"AC079328.1","AC079328.1",1.41880574067606,6.38823592860514e-05,1.65051391953032e-05,1.43894844748646,4.30757868125068
"AC006141.1","AC006141.1",1.01553301208018,6.39866132769471e-05,1.65338233765974e-05,63.2275653379317,4.30719447814432
"CDKN2D","CDKN2D",0.543436565362822,6.41804547637005e-05,1.65874182794569e-05,753.496632018478,4.3064783138963
"TMEM116","TMEM116",0.566179651997265,6.436879882879e-05,1.66413720188533e-05,201.973311844058,4.30575957877749
"AC243967.3","AC243967.3",1.11535417882878,6.49041239573808e-05,1.67886374355727e-05,5.55023221703245,4.30380905383974
"AL136115.2","AL136115.2",1.22693500852355,6.50264291142053e-05,1.68238273527258e-05,4.73782113239861,4.30334537880894
"AL606760.2","AL606760.2",0.835143107664431,6.50429003312359e-05,1.68298660110059e-05,7.62405483995914,4.30326590419578
"BX470102.2","BX470102.2",0.548116503183257,6.50697353502219e-05,1.68385874887825e-05,35.9599820757846,4.30315116902474
"RNASET2","RNASET2",0.750632578901422,6.5394987575725e-05,1.69263290610356e-05,5272.92424832011,4.30200002755519
"AC091987.1","AC091987.1",1.66516696821448,6.58101866551271e-05,1.70409885223815e-05,1.15178828856356,4.30050427311284
"REXO1L1P","REXO1L1P",1.62579163750956,6.6037100265097e-05,1.71015502148307e-05,12.2161882355755,4.29971810057022
"OR10G3","OR10G3",0.646698667367561,6.6108751357875e-05,1.71219119134757e-05,32.3490107988944,4.29945437407905
"AC092964.1","AC092964.1",0.946807120828854,6.61349890398005e-05,1.71305143882977e-05,6.06994565414065,4.29934304387174
"PAX8","PAX8",0.908585028111038,6.64369118148512e-05,1.7212350004875e-05,409.945392773659,4.29828661207118
"AL451081.2","AL451081.2",1.36023450811285,6.65145824269318e-05,1.72342901487635e-05,3.01465099042651,4.29800419612065
"EEF1A1P22","EEF1A1P22",0.747817671158156,6.65147466820952e-05,1.72361501006309e-05,10.8773197139053,4.29798027037026
"AC009033.1","AC009033.1",1.21507784436654,6.68065788978931e-05,1.7315424121572e-05,6.39604344959531,4.29696279818122
"SNHG19","SNHG19",0.957537913238502,6.6870860842239e-05,1.73345369686341e-05,231.829829468301,4.29671815131881
"AL117328.2","AL117328.2",0.986465869591908,6.72984015836634e-05,1.74520923913372e-05,5.72300986994075,4.29521905542975
"SLC7A11-AS1","SLC7A11-AS1",0.897856374391728,6.78936171558446e-05,1.76212866297814e-05,7.03770119585114,4.29307825200788
"TRBV5-6","TRBV5-6",1.4038065146768,6.79557552429009e-05,1.76411276418154e-05,11.3061565365915,4.29282848925972
"AC090340.1","AC090340.1",1.2570824876822,6.81554066933038e-05,1.76985432720336e-05,5.59377239650562,4.2921072344847
"AC092171.4","AC092171.4",1.02962935481264,6.83307944507839e-05,1.77478218543991e-05,7.73034965880421,4.29148997285066
"AC005062.1","AC005062.1",1.0227876017514,6.83514069888465e-05,1.77550432045401e-05,68.4391723702113,4.2913996557065
"KCNH6","KCNH6",1.01320390805014,6.83536537412979e-05,1.77574944608394e-05,4.97858770345583,4.29136900589603
"RN7SL132P","RN7SL132P",1.12631397918616,6.87865922713665e-05,1.78774847860662e-05,9.80590408088769,4.28987358777798
"Z82195.2","Z82195.2",0.793524963199688,6.88933515263129e-05,1.79071136662153e-05,8.95626781793651,4.28950580062646
"RNY4","RNY4",1.53176038732139,6.90616444240301e-05,1.79565181654982e-05,2.67306592996646,4.28889382355624
"AC099518.1","AC099518.1",1.00445869270702,6.90631790625571e-05,1.79588042060809e-05,4.12732488126759,4.28886554505438
"AC139491.2","AC139491.2",0.961658042739181,6.9075191005261e-05,1.79638150765888e-05,4.55508128821801,4.28880357218736
"AL589990.1","AL589990.1",1.69758792370969,6.98545814530647e-05,1.81779566042512e-05,1.14202713980533,4.28617041055927
"LRTM1","LRTM1",1.27540614053562,7.00128392386567e-05,1.82210523169542e-05,4.72030519063625,4.28564406402016
"AC127894.1","AC127894.1",0.974344065504325,7.01626462606056e-05,1.82638741748351e-05,6.87936439434189,4.28512223555803
"AL450304.2","AL450304.2",1.54420757613123,7.08728748490527e-05,1.84584344670939e-05,1.30645334878278,4.28276590096939
"RNA5SP71","RNA5SP71",1.54420757613123,7.08728748490527e-05,1.84584344670939e-05,1.30645334878278,4.28276590096939
"LINC01141","LINC01141",1.4396540172923,7.10422066496037e-05,1.85064181588929e-05,8.03640446953066,4.28218840450878
"AL627309.4","AL627309.4",1.44959677431411,7.11149469007017e-05,1.85273100002238e-05,5.09022021371275,4.28193741124092
"AC018755.4","AC018755.4",1.12030054007,7.11449717445617e-05,1.85370761648171e-05,43.938319815651,4.28182017361341
"AC025164.1","AC025164.1",0.708433225967564,7.13307014150283e-05,1.85893666519998e-05,71.0761829603378,4.28119345318612
"AL109936.2","AL109936.2",0.90171385030693,7.14913863185189e-05,1.86371025674196e-05,37.3259925639002,4.2806227854968
"ZNF382","ZNF382",0.55008436091181,7.1511488497934e-05,1.86442969274375e-05,101.455061968167,4.28053689996779
"AC008434.1","AC008434.1",1.05585000604613,7.15346653183813e-05,1.86522940827157e-05,6.15221877024819,4.28044146779315
"AC024267.6","AC024267.6",2.14285537595479,7.17571834358858e-05,1.87142357959379e-05,3.56833407640386,4.27970361819964
"AL357093.2","AL357093.2",1.39672234662428,7.22879435536179e-05,1.88585831593744e-05,2.6956361055264,4.27799313987923
"AC078883.1","AC078883.1",0.90322903152898,7.23251685357672e-05,1.88702706179961e-05,102.419286722271,4.27785519281753
"AL606490.3","AL606490.3",1.76956302809574,7.25477620822163e-05,1.8930329459416e-05,1.05005035681059,4.27714759945514
"AC092326.1","AC092326.1",0.839052115938815,7.28040909725379e-05,1.90011933924337e-05,19.0865882139105,4.27631544884889
"AC002306.1","AC002306.1",0.988179267513927,7.29599299049377e-05,1.90438594054993e-05,4.57585049576415,4.27581584910409
"EEF1A1P4","EEF1A1P4",0.656381540955989,7.30627654897007e-05,1.90746939603292e-05,11.9607863019999,4.27545545359568
"AC017000.1","AC017000.1",1.26901680493271,7.32011000624294e-05,1.91128094263935e-05,2.79880612700672,4.2750107246225
"RFESD","RFESD",0.500082819960665,7.32504263858376e-05,1.91276899633719e-05,50.597380027473,4.27483732864179
"BASP1","BASP1",0.572450557024148,7.32554916200934e-05,1.91310142054388e-05,5972.06037564361,4.27479861035145
"CFAP97D1","CFAP97D1",0.816409917421985,7.35047106906076e-05,1.92001156917459e-05,10.2787903462923,4.27399521548362
"AC060764.1","AC060764.1",2.41115689210026,7.37211188044933e-05,1.9258657801846e-05,1.75924427303147,4.27331673903037
"PLAC9","PLAC9",0.798665850190362,7.41701779809556e-05,1.93840747667379e-05,4701.96138782829,4.27186980071186
"SNORD14A","SNORD14A",1.25392517538721,7.48427269523477e-05,1.95639325870409e-05,8.82376319142114,4.26981026270836
"FLJ40194","FLJ40194",1.12406081245349,7.54437579559282e-05,1.9725165165176e-05,5.15346577949462,4.2679792713209
"AC011586.2","AC011586.2",1.30445996557206,7.55562804038581e-05,1.97587136190969e-05,12.3966648130808,4.26760007991448
"CD69","CD69",1.24665975618982,7.56644332580951e-05,1.97931988309244e-05,247.492422871732,4.26721093903128
"AC010531.3","AC010531.3",1.06116511782468,7.59517298072677e-05,1.98725037469438e-05,5.19894156796368,4.26631848395855
"HIST1H2BM","HIST1H2BM",2.26531659857818,7.62400959520816e-05,1.99535612430964e-05,1.02491711939629,4.26540980426304
"AC090371.2","AC090371.2",1.56669227278799,7.62400959520816e-05,1.99563769828168e-05,1.7925645523221,4.26537830216044
"AC067931.1","AC067931.1",1.06628795273502,7.62400959520816e-05,1.99517200739853e-05,4.59762326885671,4.2654304052949
"AC012508.1","AC012508.1",0.945387666558438,7.69180876771236e-05,2.01484659843325e-05,8.94876352757794,4.26323916868723
"AC007683.1","AC007683.1",1.28132019356391,7.80825669349829e-05,2.04620317351135e-05,3.3689189451366,4.25978862538264
"AC084357.2","AC084357.2",1.07244634921352,7.80825669349829e-05,2.04604385586074e-05,6.47689405428009,4.25980602942563
"AC108479.1","AC108479.1",1.61921601849523,7.8179963993914e-05,2.04918274978447e-05,1.33786496650037,4.25946337053797
"AC017083.1","AC017083.1",1.02220024993044,7.8251735639694e-05,2.05127777187143e-05,5.57138409285441,4.25923494441431
"AC008013.1","AC008013.1",0.786646173136247,7.82679233855064e-05,2.05191596733226e-05,15.19554272245,4.25916540431544
"AC007272.1","AC007272.1",1.09121580171641,7.83921947934364e-05,2.05560232091754e-05,18.4739420715147,4.25876412839428
"POLH-AS1","POLH-AS1",1.1051713317228,7.84953794923688e-05,2.05916592941401e-05,38.2995714001114,4.25837686461907
"AP003068.1","AP003068.1",1.28127187460236,7.90781627048875e-05,2.07510225584781e-05,17.220593971991,4.25665280588962
"AL157829.1","AL157829.1",1.02106062852465,7.93823946288528e-05,2.08351944808536e-05,14.4153746361848,4.25574727961551
"TRERNA1","TRERNA1",2.61873178804908,7.95863453993193e-05,2.08908992117615e-05,0.520574662256439,4.25514991821744
"TMEM51","TMEM51",0.983820058850279,7.96817846432447e-05,2.09227403427395e-05,1027.48687803286,4.25480914395303
"C9orf84","C9orf84",0.957981221923848,7.97235137973351e-05,2.0937796514112e-05,41.0273068022346,4.25464817974767
"HMGA1","HMGA1",0.848995780108912,8.13048393366185e-05,2.1370872275698e-05,2119.93840785561,4.25006475587914
"RNU5A-1","RNU5A-1",1.92796292719832,8.15157075126973e-05,2.1428694106766e-05,1.01732720230106,4.24945950605657
"AC006946.2","AC006946.2",0.73168543281119,8.16123663596087e-05,2.14606249855153e-05,21.8846589181188,4.24912593569047
"MYL10","MYL10",1.25873805898751,8.21124613091529e-05,2.16033468112744e-05,2.54561704645165,4.24764072424708
"AC018511.1","AC018511.1",1.30314148232075,8.22752455166938e-05,2.16484224794601e-05,2.45019790597646,4.24717359204988
"MFSD1","MFSD1",0.557465691946962,8.2678445087925e-05,2.17567721697807e-05,6948.43612022935,4.24605450947089
"NCF1","NCF1",0.983069197729765,8.28262231678682e-05,2.17979229364985e-05,4879.61174189897,4.24563087601466
"AC002558.3","AC002558.3",0.996671432548359,8.28652220748806e-05,2.18104506748087e-05,34.8403508677417,4.24550205826322
"RAX2","RAX2",1.18171800077989,8.30132663929373e-05,2.18516847025754e-05,3.73472400627928,4.24507856200137
"NOS2P1","NOS2P1",1.44225483176156,8.30818354345222e-05,2.18720042736583e-05,1.53002098860057,4.24487014847876
"DUSP28","DUSP28",0.69052161366347,8.31692639119007e-05,2.19018379076723e-05,183.979338952812,4.24456448493341
"BMS1P16","BMS1P16",0.689241814694634,8.32225348157658e-05,2.19181401975236e-05,11.4372537444841,4.24439762556576
"AC079600.3","AC079600.3",1.73087492135263,8.33330005051626e-05,2.19495102289617e-05,1.65456943361675,4.24407687494356
"AC010280.2","AC010280.2",1.10525866636078,8.36322752919736e-05,2.20351930555617e-05,3.91424129873926,4.24320300817522
"PSTPIP1","PSTPIP1",0.686667708913845,8.39087054937177e-05,2.2114904046351e-05,937.210588114033,4.24239294646899
"RF01225","RF01225",1.11294392074596,8.41195804482816e-05,2.21744759338745e-05,8.80711769835739,4.24178936062733
"SH2D1A","SH2D1A",0.930728331477606,8.42792009988667e-05,2.22263681532572e-05,282.178065545748,4.24126484206486
"CYTIP","CYTIP",0.947986742182061,8.52169881877235e-05,2.24829978398497e-05,1795.00883463079,4.23868788308877
"RPSAP15","RPSAP15",1.26914766232938,8.54595970158429e-05,2.2556345997788e-05,3.33521397622446,4.23795649766139
"H2AFY","H2AFY",0.502866736121687,8.55305406412323e-05,2.25774079383301e-05,7221.87079346992,4.23774689844875
"AL355607.2","AL355607.2",2.01107794563036,8.60395336511595e-05,2.27211697789135e-05,7.08591147201838,4.2363211938332
"TIMP1","TIMP1",0.986288028175999,8.62734522080836e-05,2.27852998454421e-05,40394.8541057882,4.23568797471525
"AC087761.1","AC087761.1",1.03170772980032,8.65411206888538e-05,2.28583571600085e-05,5.13286495877931,4.23496867150856
"FRMD6-AS1","FRMD6-AS1",0.73307630151274,8.68335030434676e-05,2.29403300889994e-05,34.0423800413847,4.23416418749215
"AL390719.1","AL390719.1",1.00614304879093,8.68351813284913e-05,2.29431460817648e-05,15.6236011930704,4.2341365999108
"AC000089.1","AC000089.1",1.20235372889714,8.69031668458466e-05,2.29634833346863e-05,2.69482252370211,4.23393745651495
"HMGB3P9","HMGB3P9",1.44652026480745,8.72020018809421e-05,2.30448307929854e-05,2.39430995609834,4.23314257287007
"AL807757.2","AL807757.2",1.17306753505906,8.72179916680034e-05,2.3051439476614e-05,6.35270304097659,4.2330781136907
"METRN","METRN",0.525789641605353,8.73085351342313e-05,2.30777553727849e-05,788.40833938728,4.23282161040652
"LINC01900","LINC01900",1.53477891520777,8.75810058344868e-05,2.31521689513008e-05,1.37487547479342,4.23209779839125
"AC069544.1","AC069544.1",0.558333526133761,8.78469127769175e-05,2.32248621008621e-05,17.5133865093045,4.23139285526304
"RN7SL524P","RN7SL524P",1.84553475907619,8.7952929582991e-05,2.32552938488648e-05,2.73014207470736,4.23109836612277
"AC009065.4","AC009065.4",0.749384731289907,8.85111670293996e-05,2.34149872722929e-05,12.1816471212407,4.22955899284934
"ZNF138","ZNF138",0.506660735717429,8.92483248489498e-05,2.36197512086922e-05,93.2495154367817,4.22759971188678
"RNU6-10P","RNU6-10P",2.00008765876337,8.94530295225911e-05,2.36763708567267e-05,0.827405360967955,4.22706079978623
"AC099850.2","AC099850.2",3.06758493586643,8.979032493441e-05,2.37705527006065e-05,3.67216017596722,4.22616707701533
"AC027514.1","AC027514.1",1.71962905933408,9.02841262300976e-05,2.391316538596e-05,1.3355844803203,4.22482017094111
"AC005829.1","AC005829.1",1.02088325606941,9.02841262300976e-05,2.39136129313524e-05,8.29544071528743,4.22481595613918
"UNC5B-AS1","UNC5B-AS1",1.10870869379254,9.04082304419136e-05,2.39489547292099e-05,10.0689466507639,4.22448335809131
"AC021192.1","AC021192.1",2.08167783801861,9.06709471415091e-05,2.40235026757893e-05,2.04173165673596,4.22378332369795
"ZNF793-AS1","ZNF793-AS1",0.764990505188565,9.11239560690843e-05,2.41485081536121e-05,12.4165608169946,4.22261409877308
"RPSAP19","RPSAP19",1.3240827668828,9.13503507454575e-05,2.42110003615109e-05,1.45135998292788,4.22203174208076
"AC007262.2","AC007262.2",0.583542435572136,9.19523394288958e-05,2.43780854525691e-05,53.7943346128003,4.22048169321147
"RNU6ATAC39P","RNU6ATAC39P",1.36304260556284,9.24714713885107e-05,2.452076914193e-05,8.6813831496978,4.21916599637265
"HIPK1-AS1","HIPK1-AS1",0.820552606296505,9.2706886947282e-05,2.45857276075936e-05,9.65652267037677,4.21856942059461
"AC108866.1","AC108866.1",0.770270656746711,9.29704789862394e-05,2.46581720680736e-05,7.7928907267241,4.21790585987331
"LINC01410","LINC01410",0.623870408218626,9.32299597026638e-05,2.47295403916353e-05,82.6452304869041,4.21725396711774
"AP002812.5","AP002812.5",1.07357561841529,9.34537653364321e-05,2.47914589920878e-05,7.77099032216273,4.21668983837546
"TEX35","TEX35",0.699236300640714,9.34829064271738e-05,2.48042980495173e-05,18.6440738281921,4.21657303192671
"LINC02080","LINC02080",0.758315065676574,9.36210455453934e-05,2.48460672527229e-05,15.0803903049689,4.21619342396596
"OR2AG1","OR2AG1",1.01005821311065,9.37402025343229e-05,2.48802515756827e-05,6.0247159171311,4.21588320056765
"SLC35G5","SLC35G5",1.159045086329,9.38943372708739e-05,2.49288234371772e-05,14.1165780983122,4.21544310661529
"MS4A14","MS4A14",0.972420163483226,9.38943372708739e-05,2.49288580360415e-05,179.36630807872,4.21544279341698
"SEC24B-AS1","SEC24B-AS1",0.543665876290986,9.39040386900603e-05,2.49339995079102e-05,22.7478291018176,4.21539625601415
"AC022968.1","AC022968.1",0.762031237777716,9.41064842377702e-05,2.49928967127825e-05,7.72028683375764,4.21486380542786
"ATG4D","ATG4D",0.664354239621827,9.42141345977612e-05,2.50240608329418e-05,413.076382911976,4.21458255395304
"AC073569.1","AC073569.1",0.990974231220711,9.43038662849114e-05,2.50530476758434e-05,7.12500325646746,4.21432125099862
"CDKN2A","CDKN2A",0.875260735172227,9.45786459627738e-05,2.5131214841607e-05,258.805126714925,4.21361804104472
"LINC02539","LINC02539",2.02740569132068,9.5525164362613e-05,2.53931616733753e-05,0.794649639891974,4.21127658097871
"AC013652.1","AC013652.1",0.669958565961402,9.56783101796512e-05,2.54364861894589e-05,48.178173213778,4.21089153255473
"CLDN14","CLDN14",1.02146796235889,9.58371987974412e-05,2.5481345979341e-05,20.0204927108958,4.21049349612479
"RN7SL587P","RN7SL587P",1.18417322945401,9.59407503062842e-05,2.55114998218738e-05,7.49275313931591,4.21022631851012
"CD53","CD53",0.922377703019168,9.61799431911674e-05,2.55908709744962e-05,7187.4010086149,4.2095244850323
"AC090125.1","AC090125.1",3.24821253893455,9.63982716338167e-05,2.56515961485762e-05,0.71505364648072,4.20898892380648
"RPL21P106","RPL21P106",1.70428496702896,9.6422011242571e-05,2.56605478155863e-05,1.26840341476931,4.20891007723812
"GCSHP4","GCSHP4",1.74635486286921,9.65130620056716e-05,2.56900530085317e-05,0.731833621424152,4.20865037965497
"RPS26P47","RPS26P47",1.43500539422131,9.6686849583993e-05,2.57415957361247e-05,2.23426280863186,4.20819739291214
"TREM2","TREM2",1.39776438777473,9.70349115874825e-05,2.58395652430833e-05,1507.23951626289,4.20733875447822
"LINC01653","LINC01653",0.864174944988839,9.71835107590142e-05,2.58844466482382e-05,8.7561117752521,4.20694643208379
"SCIMP","SCIMP",1.06397669077411,9.72155624372894e-05,2.58956397224278e-05,673.994536778692,4.20684869072203
"LIN7B","LIN7B",0.817671552193662,9.75045595791031e-05,2.59752850049525e-05,125.245611987734,4.20615436159804
"TMEM163","TMEM163",1.25816280793297,9.78309706819065e-05,2.60675872589402e-05,194.689620229913,4.20535222047184
"AC108099.1","AC108099.1",0.993033526388123,9.7937273118963e-05,2.60985880687791e-05,3.98735763739225,4.20508341773119
"RDM1","RDM1",1.07781082724461,9.81312753931606e-05,2.61556488281178e-05,6.40888958592154,4.20458944650549
"BNC2-AS1","BNC2-AS1",0.800281191330287,9.87193003628532e-05,2.63204714047029e-05,27.6881406520262,4.20316832289709
"RGL4","RGL4",0.948708469673395,9.88086344311451e-05,2.63469893552705e-05,62.841022390619,4.20294047209104
"AC121251.1","AC121251.1",1.27342122484917,9.92343888460352e-05,2.64659381274393e-05,4.25516740283546,4.20192110162463
"AL137856.1","AL137856.1",1.22158169870415,9.93349710039189e-05,2.64954776616918e-05,4.0939694118785,4.20166862830373
"KIAA1024L","KIAA1024L",0.991534216081527,9.93660599730727e-05,2.65064849727345e-05,5.24582347704424,4.20157461767089
"RN7SL339P","RN7SL339P",1.16050821893617,9.93727259889161e-05,2.65109783479269e-05,5.14189954849658,4.20153625157154
"AL356056.1","AL356056.1",0.598584442374197,9.96096864623298e-05,2.6576917082561e-05,27.292775998432,4.20097395235724
"AL023803.1","AL023803.1",1.87553465966923,9.97672402403311e-05,2.66244060063749e-05,0.5629351897015,4.20056980698162
"PRDM9","PRDM9",1.02256306522871,9.99164305567113e-05,2.66696797756363e-05,10.2657077934271,4.20018515104103
"LINC01630","LINC01630",0.734080496080273,0.000100044407754943,2.67065729600754e-05,20.1251876452683,4.19987215730298
"AC026624.1","AC026624.1",1.34016790387531,0.000100058726185182,2.67131291443868e-05,3.69169379220339,4.19981657909376
"NOX5","NOX5",0.637695413275166,0.000100252722626429,2.67703996892837e-05,24.5638126356328,4.19933163496215
"AC100849.2","AC100849.2",1.08365046336286,0.00010028464309042,2.67816634762089e-05,4.02979288418984,4.19923637381621
"STAMBPL1","STAMBPL1",0.640975153375356,0.000100447787109671,2.68279766932712e-05,190.112299581882,4.19884508932817
"OR1A1","OR1A1",0.686968602385135,0.000100463951200268,2.68350388517124e-05,21.4041130857654,4.19878548002224
"AC136944.1","AC136944.1",1.05846692362203,0.000100918083143864,2.69673721453316e-05,10.966578763749,4.19767124919337
"AC019322.4","AC019322.4",0.942073951846354,0.000101266582662657,2.70687990980293e-05,292.731824249381,4.19682076022041
"TRBJ2-2P","TRBJ2-2P",1.60199832627257,0.000101464081907155,2.71243634356022e-05,3.35994116488235,4.19635612399644
"AC009996.1","AC009996.1",1.05890994988228,0.000101595867118136,2.71651453760507e-05,4.77119604632465,4.19601567565721
"FLVCR1-DT","FLVCR1-DT",0.818585609107241,0.000101924662861332,2.72697696313606e-05,96.5767167417069,4.19514448828934
"AC114763.1","AC114763.1",0.526259172115553,0.000102040939686528,2.73036673775285e-05,13.2026414968724,4.19486290942581
"FAM228B","FAM228B",0.500947796128951,0.000102237535054313,2.73618584075248e-05,365.398946129379,4.19438030740014
"NEUROD1","NEUROD1",1.10503747851858,0.000102471473692544,2.74356668409858e-05,6.38689658055875,4.19376958583951
"AC007688.1","AC007688.1",1.92413066485503,0.000102487439769561,2.74427418711358e-05,1.1391223244227,4.19371112618422
"AC012447.1","AC012447.1",1.33853929726968,0.000102491760534676,2.74517776876784e-05,4.37689318074026,4.193636485751
"PRELID1P1","PRELID1P1",1.3270758477794,0.000102491760534676,2.74551004202837e-05,1.64373334318154,4.19360904416668
"MTATP6P2","MTATP6P2",1.12513585866278,0.000102513323835142,2.74664786886911e-05,2.07778823803236,4.19351509792276
"AC116447.1","AC116447.1",0.837708346100191,0.000102809987830647,2.75515823012374e-05,10.7456499049389,4.19281359936311
"STXBP2","STXBP2",0.756877993366923,0.000102826990243041,2.75589482579849e-05,2309.32736489931,4.19275297960548
"SMIM3","SMIM3",0.587062697102605,0.000103081854368119,2.76300716235756e-05,1885.97301887512,4.19216844547982
"LRRC74B","LRRC74B",0.802377672868936,0.000103470858871804,2.77371675835751e-05,18.4333653987809,4.19129096057856
"SFTA2","SFTA2",1.11979481279167,0.00010355365449277,2.77621918053241e-05,4.54000885537594,4.19108639031018
"CBWD6","CBWD6",0.709011982239888,0.000103612808218114,2.77893747225063e-05,118.168627171645,4.19086437150361
"LCTL","LCTL",0.87919768893463,0.00010383643667661,2.78521899192404e-05,9.74411651825279,4.19035211184583
"AC244502.1","AC244502.1",0.934859307215058,0.000104000337060404,2.7898994761033e-05,12.2816299644958,4.18997113072036
"AC010163.2","AC010163.2",2.07027107211486,0.000104018545667925,2.79067214927553e-05,0.836664208139134,4.1899082952682
"CBX3P3","CBX3P3",1.39068877702228,0.000104296895374864,2.79842485472598e-05,2.64524719860509,4.18927874248911
"AL022323.3","AL022323.3",0.81237586534166,0.000104855673881673,2.81456362254038e-05,37.2802909448314,4.18797350705191
"AC113346.1","AC113346.1",1.75783086971209,0.000104934061930347,2.81695444811515e-05,2.47332074552231,4.18778075256255
"AP005329.1","AP005329.1",0.863239466460592,0.000105569253609434,2.83487151144434e-05,7.70467655284957,4.18634116348411
"AL159152.1","AL159152.1",0.807339719652913,0.000106269103849614,2.85511652819273e-05,15.1093764518199,4.18472490136525
"AC108451.1","AC108451.1",1.25238009364966,0.000106429860419461,2.86001715135768e-05,2.28590901025628,4.18433529788168
"PRDM7","PRDM7",0.947730333982305,0.000106479210057325,2.86163422531722e-05,5.37033608983351,4.18420687844662
"CXorf21","CXorf21",0.855008352319438,0.000106601376340427,2.86579125608202e-05,318.393898073512,4.18387706546734
"AL353194.1","AL353194.1",0.62197185754732,0.000107034013433186,2.87771439706699e-05,13.4310639742208,4.18293361693702
"SRARP","SRARP",0.951648010772243,0.000107352805113169,2.88716538902408e-05,6.53255537168309,4.18218841977814
"FABP3","FABP3",1.05914025714939,0.000107385673001252,2.88863875908758e-05,1919.77646307937,4.18207245563952
"NEDD8-MDP1","NEDD8-MDP1",1.04956103942097,0.000107385673001252,2.88921418002795e-05,10.9333110594503,4.18202718140611
"AP001160.1","AP001160.1",0.901455241668255,0.000107786564860574,2.90118705549745e-05,14.7975266951066,4.18108709262536
"RN7SL32P","RN7SL32P",1.19398683144288,0.000108554505554466,2.92363660550937e-05,6.99947020762936,4.17933429165294
"AL023584.2","AL023584.2",1.47276048509594,0.000108554792544262,2.92394094073973e-05,8.27596082987273,4.17931061797482
"MIR202HG","MIR202HG",1.07900045674774,0.000108613202013425,2.92581097475439e-05,4.69222311838778,4.17916520285776
"MIR1273E","MIR1273E",2.0036118048214,0.000109449284762697,2.94982853329118e-05,1.31088530333084,4.17730539386834
"AC009121.2","AC009121.2",1.07050049687997,0.000109898332827534,2.96253163112777e-05,4.94677096976906,4.17632753603945
"MIOX","MIOX",1.12692220151441,0.000109941319978689,2.96399083097825e-05,3.0456312353365,4.17621546519407
"AP002981.1","AP002981.1",1.05439785457173,0.000110429522477654,2.9777561062651e-05,5.95295582811629,4.17516082463647
"TTLL7-IT1","TTLL7-IT1",0.86197154845489,0.000110619729191468,2.9831906401545e-05,20.5388220024772,4.17474572763408
"AC092287.1","AC092287.1",1.21095036041359,0.000110896046418285,2.99154803761776e-05,2.57360221361445,4.17410877875133
"SNHG12","SNHG12",1.05572027656501,0.000110896046418285,2.9914374497665e-05,191.368110560572,4.17411719602296
"HSD17B2","HSD17B2",0.666324018720214,0.000111108794624236,2.99789433294444e-05,28.2778900674339,4.17362623228776
"AL391863.1","AL391863.1",1.67953830906529,0.000111744609200867,3.01596559929552e-05,1.95047248816189,4.17225746625556
"AC091060.1","AC091060.1",0.979432238741525,0.000111790727855088,3.0175157804323e-05,9.35984414338852,4.1721404146462
"BCDIN3D-AS1","BCDIN3D-AS1",0.540932937394415,0.000111881009428532,3.02025840365554e-05,37.1812166083634,4.1719334636377
"TRBV7-4","TRBV7-4",1.41386443485331,0.000112256230516272,3.03100103817537e-05,3.89686691015759,4.17112456934368
"AC244669.1","AC244669.1",0.728339932881045,0.000112354683823706,3.03396633850565e-05,185.436883207883,4.17090176926055
"AC069549.1","AC069549.1",0.943579450026408,0.000112360345343311,3.03442622304786e-05,11.1192421143498,4.17086723402536
"SMIM36","SMIM36",0.847827723377147,0.000112685877541452,3.0435255047877e-05,9.893210674907,4.17018494029743
"AC097658.1","AC097658.1",1.10717223648847,0.000112837730062595,3.04793518784342e-05,5.50752707078028,4.16985498500949
"TMEM161B-AS1","TMEM161B-AS1",0.528907160169114,0.000114177972083976,3.08569720998555e-05,94.182540835507,4.16704786780614
"AC098820.1","AC098820.1",0.640963373766849,0.000114391309542534,3.09177527799871e-05,12.2750319955483,4.1665990949478
"HIST2H4B","HIST2H4B",0.65401032208441,0.000114530976602444,3.09617607722773e-05,138.772943944209,4.16627468582527
"AP002453.1","AP002453.1",2.00608550456597,0.000115441246913965,3.12204558035581e-05,0.777174536457932,4.16437650327309
"FOXB1","FOXB1",1.20037382399529,0.000115556241445141,3.12547128081491e-05,3.78351936512092,4.16412626291727
"TIMM9P2","TIMM9P2",1.32544059885238,0.000115727695673674,3.13074104446854e-05,4.34273252919633,4.1637418259108
"TUBA1C","TUBA1C",0.597230835436426,0.000116198079254953,3.14410114719473e-05,4775.4544779405,4.16276993540969
"AC092068.2","AC092068.2",0.930664734534323,0.000116315524074999,3.14791460412269e-05,8.14196558208422,4.16249324254611
"RN7SL230P","RN7SL230P",1.74018609228246,0.000116525516545797,3.15423452121426e-05,1.83974718223405,4.16203538906118
"AC079210.1","AC079210.1",1.11504352882148,0.000116638312087955,3.15760648150893e-05,10.7360216871421,4.1617914600932
"AC026310.2","AC026310.2",1.44271561203587,0.000116783038373518,3.16248174354473e-05,6.71141294585555,4.16143921893368
"LINC01781","LINC01781",2.2125586288267,0.0001168569848532,3.16480350245886e-05,18.0351199601586,4.16127165152206
"AC011379.1","AC011379.1",0.953401603116958,0.000116946507104945,3.16754754209491e-05,8.23337833260704,4.16107375754203
"GCM1","GCM1",1.11695336431788,0.000117009546134622,3.16957468886757e-05,9.12484602161804,4.16092766885343
"AC016757.1","AC016757.1",1.18820070352981,0.000117076759998537,3.17171528015929e-05,29.9055411769419,4.16077350098848
"BARX1","BARX1",1.58769643188206,0.000117414147001207,3.18181783643807e-05,270.664559530221,4.16004723486296
"AC011511.1","AC011511.1",0.665778929984904,0.000117528664528205,3.18524228381995e-05,27.848920070537,4.15980155072647
"AC091181.1","AC091181.1",0.784875619900659,0.000118437833805785,3.21105378997303e-05,22.8378480432435,4.15795775942902
"AC006213.6","AC006213.6",0.729744855720821,0.000118706162752106,3.2191007003324e-05,14.9516540609703,4.15738582375934
"ANKRD36C","ANKRD36C",0.763244664386184,0.000119011123744458,3.22769587772205e-05,435.570029915101,4.15677641824498
"TRBV7-9","TRBV7-9",1.30334010808729,0.000119096740211288,3.23034328827962e-05,28.1548898464148,4.15658902510153
"AL024508.2","AL024508.2",0.863633503059778,0.000119719752007957,3.24756878039018e-05,18.1774436637088,4.15537329479379
"WASF3-AS1","WASF3-AS1",0.960985587771241,0.000120304115285269,3.26473530154728e-05,4.91389967631011,4.15416780601658
"AL049776.1","AL049776.1",0.756271009852623,0.000120304115285269,3.26441494743692e-05,22.1948895821206,4.1541902471269
"AC093525.4","AC093525.4",0.698054495557794,0.000120371404808144,3.26721914632668e-05,17.3531354766508,4.15399388128163
"CYB5A","CYB5A",0.702291674324704,0.000120446299092931,3.26958108551673e-05,1708.76027977498,4.15382860914354
"BSN-DT","BSN-DT",1.00372578029054,0.000120560647922014,3.27334396677792e-05,6.08076003139361,4.15356554292649
"AC242988.1","AC242988.1",1.36857914378477,0.000120602662173066,3.27488085533793e-05,6.54261327870591,4.15345818036752
"AL606834.2","AL606834.2",0.559499425275632,0.000120602662173066,3.27514374528841e-05,23.823677003716,4.15343982043532
"AC092747.1","AC092747.1",1.54446668296493,0.000121072693097634,3.28856974803567e-05,1.4288844896817,4.15250402042459
"CYP4A22-AS1","CYP4A22-AS1",0.665302291429762,0.000121754564889886,3.30742338352208e-05,20.8489814187015,4.15119601973002
"AL132777.1","AL132777.1",1.6981466828341,0.000122324607675458,3.32424532894371e-05,1.19308702672016,4.15003493612884
"CDC20B","CDC20B",0.962274598812865,0.000122655705853134,3.33357825656745e-05,11.4035086592668,4.14939316420032
"LINC01694","LINC01694",0.611352553828889,0.000122817506852331,3.33831131497306e-05,56.9626272785946,4.14906835087751
"UBA52P6","UBA52P6",1.20019289277111,0.000122845945322047,3.33941995685415e-05,1.95936452952456,4.14899233187932
"MFSD13A","MFSD13A",0.569505360261249,0.000123452643290688,3.35793618393616e-05,296.57402237635,4.14772621502301
"AL360013.2","AL360013.2",0.970069484427702,0.000123709358879075,3.36525691139122e-05,8.46336686993323,4.1472274611358
"AL450163.1","AL450163.1",1.1748414896341,0.000124178105434705,3.37902607181679e-05,2.79516223063389,4.14629216762527
"AL355103.1","AL355103.1",1.21315769888573,0.000124367753299225,3.38486622752966e-05,25.7532794848556,4.14589655806991
"AC092809.2","AC092809.2",0.960299257241784,0.000124547463482797,3.39043793185362e-05,7.67864865022297,4.14551973714162
"MTCO3P12","MTCO3P12",0.993653421036911,0.000125491066158369,3.41783914168864e-05,28.8600308118146,4.1436750778474
"AC008543.5","AC008543.5",1.1842172680937,0.000125636705927514,3.42237666298121e-05,3.33324122663699,4.14337096661991
"AC023157.3","AC023157.3",0.561673316885051,0.000125636705927514,3.42249230333428e-05,103.680794559802,4.14336322124178
"AP001527.1","AP001527.1",1.01073195302396,0.00012565046068396,3.42321031580033e-05,7.39310135667071,4.14331513564971
"LYST-AS1","LYST-AS1",1.01358295167561,0.000125694984297834,3.42476675159976e-05,6.26536607732807,4.14321093338022
"AC006033.1","AC006033.1",1.6378140763651,0.000125769415117575,3.42713838347379e-05,2.01026317011866,4.14305224076456
"LSINCT5","LSINCT5",1.32622253073964,0.000126596729791119,3.45037399837813e-05,1.86874373813411,4.14150297303811
"AC124798.1","AC124798.1",0.680813930925191,0.000126667613277047,3.45265201249165e-05,27.4275684084045,4.14135161695429
"AC058791.1","AC058791.1",1.04654939558542,0.000126708226767259,3.45410524456117e-05,99.6074953720564,4.14125511067995
"AC010336.1","AC010336.1",0.969718676891311,0.000126763918197125,3.4559697690399e-05,22.2553257295529,4.14113134774924
"TRBJ2-1","TRBJ2-1",1.37785599543338,0.000127008686300804,3.46298991938503e-05,5.74015532232216,4.14066593416779
"FLJ31104","FLJ31104",0.743767847273317,0.000127038875094973,3.46450726064354e-05,10.5361719012179,4.14056545705577
"AP004289.1","AP004289.1",1.67728692414848,0.000127164204585068,3.46827260353602e-05,1.55886155013957,4.14031629951531
"ITGB1BP1","ITGB1BP1",0.524079860284944,0.000127627346548668,3.48229919570205e-05,3443.8429239326,4.13939039748327
"AC008747.1","AC008747.1",1.82855549549664,0.000127683124954683,3.48416997437748e-05,1.05948040023425,4.1392671742884
"ASLP1","ASLP1",0.998923747536117,0.000128466124064644,3.50729121466138e-05,9.38455249205865,4.13774940533921
"AC138207.4","AC138207.4",0.796217910909975,0.000128887688947109,3.51985696610932e-05,72.5676755366598,4.13692852074213
"CELA1","CELA1",1.93548073450584,0.00013007502663402,3.55405958179239e-05,0.998157869019586,4.13470817835411
"APOBEC3A","APOBEC3A",1.51969321726724,0.000131094931868831,3.58407576239657e-05,424.403249381716,4.13277626217873
"AL139353.2","AL139353.2",0.639974793896045,0.000131398441325235,3.59345063860836e-05,11.8321852308534,4.13217601963051
"AC011405.1","AC011405.1",0.91960055022906,0.000131483329471284,3.59684989935925e-05,7.71500386161379,4.13195874339048
"AC091042.1","AC091042.1",1.28973437221545,0.000131574619658671,3.59970673144697e-05,1.89321679888485,4.13177628920925
"AC103957.2","AC103957.2",0.950897992495719,0.000131931647271539,3.61055596893831e-05,12.1605075634195,4.13108464304962
"ANG","ANG",0.510039936054199,0.000132460094851264,3.6257417695018e-05,541.64910286865,4.13011984499401
"CASC19","CASC19",0.652249772938888,0.000132894757246345,3.63800260348952e-05,39.9797003851679,4.12934367394526
"TRBV9","TRBV9",1.28839057967453,0.000133071773625228,3.6435756263789e-05,16.3124937503956,4.12899169492135
"LL22NC01-81G9.3","LL22NC01-81G9.3",1.2338478914613,0.000133077042891249,3.64408351008524e-05,3.03671698655088,4.12895964359961
"RN7SL172P","RN7SL172P",1.19199507316775,0.000133688138122637,3.66191312516582e-05,5.35807554684222,4.12783713890024
"AC092953.1","AC092953.1",1.47077186409877,0.000134074175142301,3.67358624095466e-05,1.54685889918141,4.12710503825058
"NDUFB4P11","NDUFB4P11",1.22727440365414,0.000134319549837441,3.6806764264589e-05,3.19544604354978,4.12666144183369
"MIR210HG","MIR210HG",0.944744925976777,0.000134596987422018,3.68945150361462e-05,163.248292939543,4.12611355244755
"LINC01609","LINC01609",1.34771864303998,0.000134630349206548,3.69103233404876e-05,19.1604763113947,4.12601498169125
"PSMD10P2","PSMD10P2",1.07592928341368,0.000134804449352817,3.69617380052876e-05,4.16535828405328,4.12569466874859
"PNMA5","PNMA5",1.2102784083075,0.000134909099703766,3.6994117998497e-05,3.04032476766534,4.12549315867855
"RPSAP6","RPSAP6",1.94550361843431,0.00013532316751611,3.71170706186498e-05,0.862542473154496,4.1247295110023
"AC131009.4","AC131009.4",0.962224189573815,0.000135605766529664,3.7211090829187e-05,25.0350691267943,4.12414717858856
"PRAL","PRAL",1.39522198091747,0.000135847559117755,3.72811520472891e-05,97.2239399511381,4.12371414841457
"HSP90AB4P","HSP90AB4P",1.1508062220311,0.000135859629043132,3.72881765550495e-05,17.894811855352,4.12367077438029
"KRT18P41","KRT18P41",1.36209674021032,0.000136128227296257,3.73656157659554e-05,5.52076120767921,4.12319312607496
"AC245060.6","AC245060.6",0.689280151033388,0.000136172749751917,3.73815573310067e-05,56.4116895661393,4.12309491448567
"SH2D6","SH2D6",0.696555431651712,0.000136931814554679,3.75974153517848e-05,16.2248001512023,4.12176897259482
"MIR548P","MIR548P",1.56918044345099,0.000137542419209963,3.77688273739755e-05,2.37837364767875,4.1207211851888
"BIN2","BIN2",0.749820681894638,0.000137764189836799,3.78334892223741e-05,1111.21102267105,4.12032710006605
"GTF2IP7","GTF2IP7",0.682140595265427,0.000137772048328625,3.78394117270783e-05,17.6665546830098,4.12029103701104
"AL132656.3","AL132656.3",0.678810749237137,0.000137835167202918,3.78605135629645e-05,34.4424910645768,4.12016258818272
"SCG5","SCG5",0.988836174909035,0.00013840222709481,3.80313997074374e-05,37.4059700892373,4.11912488494147
"AC015802.3","AC015802.3",0.81745113308111,0.000138669727632115,3.81086947873935e-05,9.32260685924013,4.11865696488652
"LINC01873","LINC01873",0.91266699134656,0.000139286357040367,3.82895717965828e-05,86.5354407173608,4.11756550366953
"ZNF815P","ZNF815P",0.574643220700135,0.000140948559630625,3.87734664433764e-05,54.0071196403918,4.11466943569373
"AC097634.1","AC097634.1",0.816056452894302,0.000141308199375189,3.88839825106567e-05,15.0469561622927,4.1140128204885
"AL121769.1","AL121769.1",1.89479222543309,0.000141829465417367,3.90351705005366e-05,0.682922381123978,4.11311742225383
"ADPGK-AS1","ADPGK-AS1",0.833614052992759,0.000141994060987711,3.90882309475993e-05,18.5466596382243,4.11280395634868
"AC002558.1","AC002558.1",1.06062798968163,0.000142423721521722,3.92181826141673e-05,16.4280942618909,4.11203794169377
"AC074198.1","AC074198.1",1.06184643434366,0.000142672103728686,3.92943743158326e-05,9.91742019056426,4.11158994070527
"SIDT1-AS1","SIDT1-AS1",1.84123218602969,0.000142715769696167,3.93103001258795e-05,1.15678506714224,4.11149640242565
"AC002553.1","AC002553.1",0.767769033716406,0.000142731301942903,3.93184782695796e-05,17.141909770326,4.11144838308386
"RHOXF2","RHOXF2",1.52756176180072,0.00014341464311768,3.95145567146285e-05,6.41444743674422,4.11029990478987
"ZIM2-AS1","ZIM2-AS1",0.559878938901976,0.000144133840638064,3.9728467563507e-05,22.53763524054,4.10905313051023
"AHCTF1P1","AHCTF1P1",1.30960472923518,0.000145135062803754,4.00242681187544e-05,5.37761503483327,4.10733951957525
"AC006116.4","AC006116.4",1.00256335829375,0.000145171208867656,4.00382027462531e-05,4.01390064313353,4.10725909122004
"RN7SL835P","RN7SL835P",1.19107477506192,0.000145486044344347,4.01290094717393e-05,2.90695512217322,4.10673561956529
"LINC02503","LINC02503",1.00075711481446,0.000146090768802743,4.03037922511897e-05,150.145413299738,4.10573120937124
"RN7SL833P","RN7SL833P",1.33351050867414,0.000147855266650467,4.08148244206035e-05,2.3683778224563,4.10281803649103
"ARRDC5","ARRDC5",1.09424300613224,0.000148757975098199,4.1076206900254e-05,15.6824809910515,4.10134136131393
"RPL4P4","RPL4P4",0.811120549050541,0.000149129252025929,4.11828014488391e-05,17.9582522685474,4.10074171556757
"RPL21P135","RPL21P135",1.13615351846001,0.000149175936389317,4.11997695298565e-05,13.9963128054595,4.10064639782846
"LINC02044","LINC02044",1.0903664864663,0.000150114686892862,4.1483645543168e-05,4.02615553526885,4.09905723214112
"LRP2","LRP2",0.932418009191798,0.000150265636206984,4.15294655655521e-05,14.2419879463386,4.09880169479456
"NPL","NPL",0.851178333121277,0.000150410110777122,4.15735042110813e-05,2325.97619435096,4.09855634413709
"OR5A1","OR5A1",0.758536809885956,0.000150503232888707,4.16033554778832e-05,24.9504430578472,4.09839017521673
"ATXN2-AS","ATXN2-AS",0.946092475036418,0.000150770137963099,4.16812551138182e-05,3.20334631654616,4.09795707430258
"SLC44A3-AS1","SLC44A3-AS1",0.597550065826301,0.00015118695960269,4.18047496155422e-05,88.5717785833493,4.09727204956653
"AC097634.3","AC097634.3",1.06777364678006,0.000151321211651573,4.18460062604324e-05,4.11906316048081,4.0970436265142
"RN7SL774P","RN7SL774P",0.989230167117042,0.000151338463863255,4.18590472331957e-05,11.6249964482245,4.09697146782986
"LINC01299","LINC01299",0.965823286121152,0.00015203933224838,4.2069518775905e-05,5.30761129067337,4.09580982118663
"DYNAP","DYNAP",0.728091494543764,0.00015203933224838,4.20653830267949e-05,11.9380370753025,4.09583259429157
"AC034238.2","AC034238.2",1.86981909085626,0.000152400473028768,4.21777751115711e-05,0.86391530172763,4.09521447229509
"LINC00941","LINC00941",0.602974520519164,0.000152850460963952,4.23106647729665e-05,111.864671604534,4.09448563292008
"AC087501.4","AC087501.4",0.510669202016541,0.00015326661215945,4.2431794828535e-05,30.0371291746855,4.09382317917048
"AC005786.4","AC005786.4",0.962150563308443,0.000154456885942952,4.27933228629617e-05,8.46153760437251,4.09185661673777
"AL139424.3","AL139424.3",0.767131987392111,0.000154466615472719,4.28002390095042e-05,39.0305686559496,4.09181914962856
"AL645937.4","AL645937.4",1.40502087530136,0.000154861795418074,4.2918199702875e-05,3.00888494590941,4.09118099941606
"HMGB1P51","HMGB1P51",1.15166978417783,0.000155077060152512,4.29990438653431e-05,2.8673591670756,4.09074460447839
"OR3A3","OR3A3",0.980059361638957,0.000155330244176174,4.30777337738235e-05,5.28470222120459,4.09032058502718
"RN7SL7P","RN7SL7P",1.28751798442737,0.000155364321908162,4.30914295934247e-05,2.33994343113477,4.09024686037891
"AP001372.1","AP001372.1",1.26902275150245,0.000155712931655155,4.31923736212229e-05,5.32032888787359,4.08970416296995
"AC098591.1","AC098591.1",1.19853103525973,0.000156467224369678,4.341442835799e-05,2.928826734298,4.08851456966748
"HERC2P5","HERC2P5",0.800190164118799,0.000156933761402456,4.35567405755935e-05,9.80856793086772,4.08775520472379
"LINC01502","LINC01502",1.88191468858065,0.000157212898774093,4.3642805856575e-05,12.4108924473416,4.08729710950291
"C19orf81","C19orf81",1.40301402821521,0.000157212898774093,4.36419675267953e-05,3.61382397866116,4.08730156750316
"IFI44","IFI44",0.646167512970854,0.000158067343511514,4.3897278052707e-05,992.565114880706,4.0859476388603
"GRIA4","GRIA4",1.09189750240755,0.000158308793844654,4.39729828198791e-05,18.9120911611025,4.08554760710933
"AC239585.1","AC239585.1",1.31988849541615,0.000158595894445037,4.40613966151298e-05,1.23662748169163,4.08508124568366
"AC245177.1","AC245177.1",1.31988849541615,0.000158595894445037,4.40613966151298e-05,1.23662748169163,4.08508124568366
"HIST1H1C","HIST1H1C",0.918738126773369,0.000158817766721464,4.41317163735973e-05,439.118518632684,4.08471095923688
"OR4E1","OR4E1",0.95936530711803,0.000159121308666886,4.42204112257411e-05,9.1271515738805,4.08424471137923
"LINC02003","LINC02003",0.978882043612156,0.000159263829534283,4.42730730807343e-05,5.49570211803441,4.08396829996754
"C19orf84","C19orf84",1.38281315918024,0.000160164772705186,4.45541558761579e-05,3.8744716576827,4.08249820712591
"LINC02413","LINC02413",1.46888344899482,0.000160451336101736,4.46382552580092e-05,3.33396109334531,4.08206006793669
"AC025165.3","AC025165.3",1.22300890502663,0.000161079329798142,4.48173670137022e-05,4.42427368087384,4.08112953867544
"AC120036.5","AC120036.5",1.58854130111284,0.000161517073946153,4.49435744437723e-05,1.99797396293762,4.0804759761598
"AL139095.4","AL139095.4",1.21491690643336,0.000161579647078181,4.49698157091274e-05,2.63554962861691,4.0803403049283
"MRPL35P3","MRPL35P3",1.31040001800839,0.00016216717383943,4.51599179150106e-05,2.17499564814859,4.07935968466807
"LINC01876","LINC01876",0.607852137888334,0.000162580080807543,4.52793454376155e-05,24.0568683845937,4.0787456319377
"LINC00216","LINC00216",0.818737443293258,0.000162828446405639,4.53574144404353e-05,11.4192005547964,4.07834505929727
"CSF2RA","CSF2RA",0.753647470133856,0.000163187435108347,4.54618729573133e-05,1028.33386613798,4.07781010340884
"AC062017.1","AC062017.1",0.975121157118287,0.000163298548056408,4.54972893940051e-05,16.1767803679447,4.07762899234896
"AC098934.2","AC098934.2",0.801579857289751,0.000163391088928521,4.55275369516396e-05,6.93638336942452,4.07747441950653
"DHRS9","DHRS9",1.04862623116602,0.000163451649202431,4.55488775708516e-05,538.862607348313,4.07736542200797
"AP001269.1","AP001269.1",0.997459609335522,0.000163578213240416,4.55886164936815e-05,18.7357203720817,4.07716258392233
"RN7SL667P","RN7SL667P",0.938232569046687,0.00016388183719526,4.56777130858451e-05,7.42648453603944,4.07670841983024
"AC007216.3","AC007216.3",0.883170960723889,0.000164624690286616,4.58892617367704e-05,18.4999914340788,4.07563342083306
"AC037487.2","AC037487.2",1.24748980367388,0.000166772806716575,4.65427319818328e-05,2.23039539491993,4.07234219828283
"TSIX","TSIX",0.591698154949735,0.000166820665092423,4.6560646299601e-05,281.252382082385,4.07225259075149
"AC020978.5","AC020978.5",0.936283312496406,0.000167984107465549,4.69129091615994e-05,359.714769415556,4.07049717945529
"AC020571.1","AC020571.1",0.911626359542407,0.000168172581354697,4.69701392553816e-05,14.6831847295845,4.07021316886751
"MDK","MDK",0.888103023375176,0.000169114120440174,4.72562121845312e-05,2525.52060698668,4.06879840174392
"MIR583HG","MIR583HG",1.0565271157338,0.000169612274090825,4.74046818676754e-05,3.16146967837407,4.06806734613029
"AC100849.1","AC100849.1",1.35239783827401,0.000169638323725971,4.74165974949228e-05,21.9403337231548,4.06800876845584
"TROAP","TROAP",1.21374091206847,0.000169788978958599,4.74679863576707e-05,68.765269053539,4.06775629865102
"APOC2","APOC2",2.02894384876989,0.000169951499925863,4.75243033986488e-05,92.5041236813789,4.06747991450658
"RN7SL204P","RN7SL204P",1.11323413804249,0.000169951499925863,4.75245480258694e-05,5.03955799126959,4.0674787146401
"CADM2-AS2","CADM2-AS2",1.33472364990459,0.000170844210689336,4.77816700078157e-05,4.7723442824738,4.06622078926929
"THAP7-AS1","THAP7-AS1",0.704753293863046,0.000170958293005628,4.78182476433404e-05,105.677112582972,4.06604236111043
"AC090602.1","AC090602.1",1.74457705868753,0.000172109216333143,4.81607125316305e-05,0.88483446095295,4.06437804360302
"AP001122.1","AP001122.1",0.831607172950038,0.000172325965765613,4.82384633260118e-05,8.66856345551464,4.06400175195105
"AC138150.2","AC138150.2",0.634933178406895,0.000172361814153751,4.82532076783336e-05,22.7141529741321,4.06393045835986
"AC007114.2","AC007114.2",0.871076975061727,0.000173335623432753,4.85305645868855e-05,19.4059508945576,4.06259318449958
"AC100832.2","AC100832.2",1.0709946247643,0.000173338757550591,4.85384592911953e-05,5.80001305105806,4.06255522640206
"NAPSB","NAPSB",1.15647901490382,0.000173859718778588,4.87016299925143e-05,689.662233304387,4.06177200204356
"AL590065.1","AL590065.1",0.765125044975159,0.000175018288587003,4.90590623408855e-05,19.3227474631346,4.06006497292202
"H2AFY2","H2AFY2",0.526258348138785,0.000175427996998085,4.91787002158626e-05,455.798221439409,4.05949623790919
"CCNB3P1","CCNB3P1",0.987258476047113,0.000176263885405329,4.94322937730619e-05,7.15656035439344,4.05829502769526
"RNU4ATAC","RNU4ATAC",1.91626932980589,0.000176373739844573,4.946792096791e-05,1.36127401987167,4.05812673863663
"AC128685.1","AC128685.1",0.778530205775588,0.000176525126610461,4.95152039613922e-05,13.2953362498174,4.05790356943805
"AC010329.5","AC010329.5",1.879569791621,0.000176622069968447,4.95472223931267e-05,0.858420692324789,4.05775256154728
"AVPI1","AVPI1",0.579219962226521,0.000176649247170266,4.95596729403614e-05,897.12028150002,4.0576938662571
"AC104794.4","AC104794.4",1.0317781746458,0.000177001309098877,4.96655552414418e-05,55.1965694951118,4.05719527220604
"AL590666.3","AL590666.3",0.856276005598262,0.000177001309098877,4.96681178295982e-05,7.96964833416041,4.05718321760876
"LINC00691","LINC00691",1.07887251530801,0.000178676991361865,5.01529750064328e-05,5.27712413606051,4.05491295642155
"AC004865.1","AC004865.1",1.48624263936878,0.000178770330901356,5.01840591185697e-05,2.45931660009693,4.05476812089745
"TRBV7-3","TRBV7-3",1.24503280955022,0.000178914521595368,5.02392015747861e-05,18.0816835450908,4.05451139530907
"AC140479.4","AC140479.4",1.10825181785819,0.000179017431281624,5.02729899372258e-05,9.67517427812468,4.0543542194674
"AL356515.1","AL356515.1",1.18209497734356,0.00017923092413957,5.03427388768758e-05,2.32775749734025,4.05403007956597
"RPL10P9","RPL10P9",1.72556942972392,0.000179782136101868,5.05130736896139e-05,164.828480234004,4.05324027878132
"FUT7","FUT7",0.950577970361434,0.000179782136101868,5.05172132482201e-05,168.430667952295,4.05322111609855
"RPL10P6","RPL10P6",1.76810428214311,0.000180563927458951,5.07467569562767e-05,0.963517478005392,4.05216084394649
"CIB3","CIB3",2.24773791769395,0.000180787251974018,5.08144610797215e-05,0.708587866942329,4.05184898374734
"SYS1-DBNDD2","SYS1-DBNDD2",0.85720569628214,0.000180861539570729,5.08402830433526e-05,36.3218601534477,4.05173014579304
"AL133167.1","AL133167.1",1.38750481368569,0.000180954345589935,5.08713151117474e-05,3.52071891973787,4.05158740553349
"AL031777.3","AL031777.3",1.1521663477886,0.000181139888231569,5.09284256373903e-05,19.9718218625592,4.05132492602982
"AP003733.3","AP003733.3",1.45007801312746,0.000182854077207426,5.14253672694892e-05,1.3843822949168,4.0490526891675
"AP001363.2","AP001363.2",0.72591652944483,0.000183789579163574,5.17035303442215e-05,9.08638154658395,4.047789872411
"CD300A","CD300A",0.986510254025165,0.000183916231372374,5.17441852083755e-05,1052.44426182572,4.04760584522103
"RPL35P1","RPL35P1",1.59112010509471,0.000184062670068127,5.17904143927859e-05,1.04119286951278,4.04739675188788
"SLC12A9-AS1","SLC12A9-AS1",1.11280888185185,0.000184806002456733,5.20083106624407e-05,5.07618663034888,4.04641358851468
"GYPC","GYPC",0.667270888947511,0.000184806002456733,5.2009667622185e-05,4987.08922055288,4.0464074780557
"SPC24","SPC24",0.783227374360326,0.000185254008682953,5.21509344916654e-05,71.2334780625145,4.04577217124885
"AP003721.4","AP003721.4",0.802595374266157,0.000185813253906009,5.23185218585596e-05,7.1364540506152,4.04502060715489
"LINC-ROR","LINC-ROR",0.864941376514763,0.000186021685945009,5.23873744374219e-05,8.50273513626533,4.0447124911369
"TFAP2A-AS2","TFAP2A-AS2",0.860714080186347,0.000186408340952832,5.25115439007539e-05,16.3789777514004,4.04415780026387
"LEMD1-AS1","LEMD1-AS1",1.12081625938272,0.000186697927373881,5.2598222059403e-05,3.85267731258165,4.04377132703214
"AC016866.2","AC016866.2",2.14352701016024,0.000186861292076983,5.26493522745935e-05,0.466184634160828,4.04354363486561
"AC020913.2","AC020913.2",1.02226601420084,0.00018722914332606,5.27632280735807e-05,5.404510197642,4.04303727726632
"TYMP","TYMP",0.90393134565889,0.000187256801983852,5.27761390328541e-05,20247.6946763908,4.04297993305691
"C7orf43","C7orf43",0.655314950928662,0.000187423775048124,5.28334404538785e-05,444.456482209618,4.04272558829483
"COX6CP17","COX6CP17",1.8782900526961,0.000187458471332585,5.2848343047887e-05,1.04529211768089,4.0426594827366
"LINC02100","LINC02100",1.48923178739107,0.000187710341120929,5.29296079228391e-05,1.82866371870761,4.04229931505085
"SPATA48","SPATA48",2.27565423250289,0.000187850006666917,5.29843880658647e-05,1.04566737511552,4.0420568238115
"AL591846.1","AL591846.1",1.57680076051089,0.000188356042604095,5.31374119480664e-05,6.60838733167962,4.04138070077892
"AL512329.2","AL512329.2",1.23515137059861,0.000188668748541038,5.3230784924035e-05,22.2153385960245,4.04096904598847
"AC067852.3","AC067852.3",0.808516775669346,0.000188676563812841,5.32381451541084e-05,26.9488456172797,4.04093662593464
"AC008895.1","AC008895.1",0.616888907255299,0.000189358019505186,5.34459504764767e-05,17.494623574324,4.04002304143258
"HCG24","HCG24",1.04496367143857,0.00019022128298768,5.37051973308477e-05,3.52081770373702,4.03888800907865
"AC008850.1","AC008850.1",1.3355778210462,0.000190576062840015,5.38105695070554e-05,3.47811502648653,4.03842815275333
"FAM209B","FAM209B",0.987769746561974,0.000190598248791234,5.38220416201919e-05,5.37511797141673,4.03837813864154
"RPS3AP34","RPS3AP34",0.957818743716064,0.000190779992219377,5.3878575905885e-05,7.87004372828285,4.03813181779261
"EML2-AS1","EML2-AS1",1.34317841473699,0.000191003986382728,5.39470533959469e-05,25.9352114426838,4.03783378794115
"AC026304.1","AC026304.1",0.737124616004888,0.000192401650376666,5.43575798490321e-05,20.4018123421838,4.03605456222045
"SDS","SDS",1.56921436851585,0.000192549382794253,5.44045784714165e-05,365.476489305927,4.03585168253096
"GADD45B","GADD45B",0.58967820396973,0.000193651228069295,5.47423592339934e-05,2310.96538955049,4.03439844529534
"CEBPB","CEBPB",0.577724149366541,0.000193881165021241,5.48232513676554e-05,6699.77562528434,4.03405168334726
"AC009319.1","AC009319.1",1.5705594924185,0.000194062961414649,5.48852622640792e-05,2.23291312476218,4.03378618804753
"AL445524.1","AL445524.1",0.864242870082203,0.000194735780367554,5.50861918124889e-05,63.7165170874846,4.03292787026356
"AL161621.1","AL161621.1",1.0716174315978,0.000195019294583215,5.51717198861884e-05,3.90143590148375,4.0325634166179
"TRAF4","TRAF4",0.619868021239182,0.000195583769963597,5.5342100105003e-05,387.462904902496,4.03183898199747
"OAS1","OAS1",0.757254179945915,0.000195695118150744,5.53798584242574e-05,2236.7779549763,4.0316787245431
"MPRIP-AS1","MPRIP-AS1",1.2698988894851,0.00019570487412033,5.53977566569201e-05,4.75501571133957,4.03160279531839
"FANCB","FANCB",0.613165709554063,0.000195977367540454,5.54856002200656e-05,20.871327514656,4.03123047536648
"MTRNR2L1","MTRNR2L1",1.41804441965836,0.000196182307049098,5.55543438415489e-05,5.87377014130344,4.03093949870582
"AC093567.1","AC093567.1",1.01945995503808,0.000196324433162439,5.55999549093876e-05,5.51426205201557,4.03074662524162
"AC012615.1","AC012615.1",0.684358911255637,0.000196374255954289,5.56194305096359e-05,57.105230221036,4.03066431531
"AC005858.3","AC005858.3",0.930586002212966,0.000198391232905247,5.6206964507077e-05,9.19583860928835,4.02819396336769
"TRAV35","TRAV35",1.36948854854487,0.000198644013000105,5.62840081644604e-05,4.90398731705848,4.02787184058752
"TRBJ1-1","TRBJ1-1",1.66728037853915,0.000198828404759009,5.6347119160645e-05,3.29800696537597,4.02760828190416
"LINC01555","LINC01555",1.28089168405273,0.000199087834395146,5.64315198233626e-05,1.64858457648532,4.02725625184022
"AC099550.1","AC099550.1",0.620205195859497,0.000199710575517358,5.66244061898858e-05,38.0269602157099,4.02645360307933
"AC020916.1","AC020916.1",0.715063313965623,0.000199806530013143,5.66625310802593e-05,875.828525282891,4.02629526239312
"AL731568.1","AL731568.1",1.28592975203194,0.000200134352829195,5.67609656648281e-05,2.07704720087193,4.0258869090263
"GBAP1","GBAP1",0.517901266184479,0.000202213177324823,5.73892257404011e-05,70.1209603946584,4.02329628310159
"TRBV28","TRBV28",1.39353397724655,0.000202533163880731,5.74966412393999e-05,44.2722816927181,4.02285604692476
"TRBV13","TRBV13",1.55306651905782,0.000202902104523542,5.76124667397648e-05,4.96661678225255,4.02238221483449
"LINC00563","LINC00563",1.7714965742502,0.000203035742601608,5.7659438881501e-05,1.07331724409962,4.02219031296563
"LINC01579","LINC01579",0.59410256818313,0.000203035742601608,5.76616247512474e-05,60.2049658954977,4.02218138633173
"AC012676.3","AC012676.3",0.971266939387925,0.000203348364687025,5.77614032975302e-05,4.69448754655268,4.02177425250179
"LCP2","LCP2",0.798868674401786,0.000204320148292205,5.8065353216952e-05,2816.11724101014,4.02053811536406
"CD7","CD7",1.09657102083194,0.000204349486256811,5.80792741890038e-05,645.663365231027,4.02048164689529
"OR6B1","OR6B1",0.934638068796089,0.000205455322470723,5.84160246353819e-05,4.00042660381604,4.0191195570062
"TLCD1","TLCD1",0.648884001927613,0.000205479644724115,5.84285544043241e-05,109.961584588973,4.01906902015228
"AL031123.1","AL031123.1",1.13497848993858,0.000205591363048062,5.84659391405294e-05,9.98391295775125,4.0189182956671
"HSD17B8","HSD17B8",0.663021588927839,0.000205661847405027,5.84916027661664e-05,369.443981292493,4.01881488014818
"PLCG1-AS1","PLCG1-AS1",0.912432915510451,0.000206243326238732,5.86738848820372e-05,6.35388047275905,4.01808158051247
"ACBD7","ACBD7",0.759489107838511,0.000206496189384344,5.87571058293549e-05,10.7558186205066,4.01774750944894
"HTR1DP1","HTR1DP1",1.28160929109978,0.00020652801901999,5.87718057349434e-05,4.21527249615598,4.01768854667944
"SNORA70B","SNORA70B",2.21600257077836,0.000206695233808427,5.88250377154725e-05,0.827001712507004,4.01747514475817
"GPR82","GPR82",0.989272113305545,0.00020679935040604,5.8860319494514e-05,64.0240314541774,4.01733380422986
"AC005077.1","AC005077.1",1.49312894589289,0.000206856327924335,5.88821887023067e-05,1.95165100941217,4.0172462353895
"LINC00426","LINC00426",0.832197966197862,0.000207555482142551,5.90925468981496e-05,54.9675482997026,4.01640548702973
"AL139397.1","AL139397.1",1.24740959028795,0.000208563761886124,5.94024059100237e-05,7.37545824356077,4.0151722070607
"AL513548.3","AL513548.3",1.06311722847823,0.000208649615477588,5.94359640569767e-05,2.38351338165285,4.01503900699592
"RAD51AP1","RAD51AP1",0.724748975012384,0.000210194869193933,5.98899449699262e-05,148.517041462731,4.01324401608522
"AL353708.1","AL353708.1",0.660354773367843,0.000210376730667702,5.99590064645155e-05,18.1448703718681,4.01297208423836
"RNU6-301P","RNU6-301P",1.83888126167564,0.000210666093606425,6.00645014012143e-05,0.989301319804135,4.01255726656025
"SRSF9P1","SRSF9P1",1.00887703880279,0.000211057109851021,6.01817535562516e-05,4.44553663466956,4.01209702692793
"RSPH10B","RSPH10B",0.958092548476079,0.000211203961678792,6.02351690484228e-05,5.50714098683246,4.01188764120614
"MICB","MICB",0.648183575611455,0.000211298593097098,6.02679311822894e-05,344.672617686707,4.0117593024576
"OR10A2","OR10A2",1.09821340547447,0.000211433395671899,6.03121574582536e-05,16.1234049673471,4.01158616008873
"RAMACL","RAMACL",2.12211195172437,0.000211445311390921,6.03213338132902e-05,10.16343362353,4.01155025044538
"AC137932.3","AC137932.3",0.712044970303975,0.000212365711476132,6.05955114878889e-05,29.9916009974665,4.01047969569231
"AC007998.3","AC007998.3",0.912417538590713,0.000212588167599035,6.06647947322146e-05,12.155728175146,4.01020989815515
"AC006960.3","AC006960.3",0.822124543647322,0.000212854463905102,6.07524175510997e-05,8.21049044427922,4.00986910154456
"AL121672.3","AL121672.3",0.815293959446071,0.000213346951080834,6.09104700085696e-05,8.6028535296848,4.00925555394107
"CPB1","CPB1",1.1546486364744,0.000213879093174783,6.10722695287264e-05,80.0140337290641,4.00862901997016
"NPB","NPB",1.0772716045357,0.000213879093174783,6.10740840670416e-05,20.6435452374105,4.00862200247471
"RPS29P20","RPS29P20",2.21787134591063,0.000214600246459846,6.1285876007495e-05,0.609559186105987,4.00780427728923
"MIR3142HG","MIR3142HG",1.10093082569611,0.000214944523535899,6.13946937318089e-05,30.3193044807473,4.00738517377756
"RPL12P14","RPL12P14",0.988936926085275,0.000215249184003863,6.1494725756015e-05,4.04575735620855,4.00700052770127
"AC087292.1","AC087292.1",0.726914061841599,0.000215927179349626,6.17061222661203e-05,106.343116792155,4.00618960459344
"PPIAP53","PPIAP53",0.721977847282825,0.000216168100555934,6.17926901832341e-05,16.1189182931395,4.0058582864058
"AC007614.2","AC007614.2",1.02074282720438,0.000216536626828468,6.19039516518555e-05,4.91059264749469,4.00543310424828
"SNHG28","SNHG28",0.695801490257678,0.000217211501900117,6.21087561787133e-05,149.104186157674,4.00465233840512
"HLA-DPA3","HLA-DPA3",1.88693822191631,0.000217415760967838,6.21731018412906e-05,3.53852007778344,4.00440753986649
"RNY4P34","RNY4P34",1.52329507167942,0.000217732471561967,6.22696188376489e-05,2.37189080078164,4.00404079709542
"AP005059.1","AP005059.1",1.35985465844235,0.00021781575090134,6.23053388394799e-05,5.51920232728151,4.00390520558485
"AC136424.2","AC136424.2",1.28252625289851,0.00021781575090134,6.23016242823269e-05,10.9883472208202,4.00391930244669
"PZP","PZP",0.972331363445688,0.000217843145122573,6.23250791709736e-05,12.4347764959426,4.00383030374941
"RABGAP1L-IT1","RABGAP1L-IT1",0.862646025943927,0.000219051729475268,6.26947967500049e-05,8.5997396562809,4.00243159751913
"GSTT4","GSTT4",1.27786601350731,0.00021944390829922,6.28130381524805e-05,2.81298586429256,4.00198591728249
"AC069366.2","AC069366.2",1.12265097334277,0.000219639602729612,6.28750544495243e-05,3.77594585906685,4.00175248038649
"AC036176.1","AC036176.1",0.571117907576607,0.000220465240375577,6.31294767380544e-05,62.956637936536,4.00079707964682
"TRBV14","TRBV14",1.39140852500392,0.000220695723777295,6.32015049840113e-05,7.64261660429461,4.00052726282815
"CCDC81","CCDC81",0.739525826627602,0.000221032876724182,6.33101354326511e-05,31.9224385511539,4.00012088470645
"AC009053.2","AC009053.2",0.579694331827789,0.000221131385714708,6.33504352364467e-05,18.2138948513273,3.99997029408807
"AP002812.1","AP002812.1",1.13401926054867,0.000221158019092684,6.33641079867177e-05,5.56832832039729,3.9999192229294
"CCDC152","CCDC152",0.521420570540357,0.000221647826682918,6.35104991508993e-05,325.135025246163,3.99937306795171
"AC120193.1","AC120193.1",1.19367174192649,0.000221696262578705,6.35304353104035e-05,6.04577754623771,3.99929878249946
"AC011448.1","AC011448.1",0.605214897803766,0.000221886994713334,6.35972178076689e-05,36.4125413180598,3.99905010044995
"AL161910.1","AL161910.1",0.704410377361991,0.000223916271442594,6.42033211978081e-05,25.0167075856093,3.99680435103744
"LINC01827","LINC01827",1.55666118062155,0.000224173040278731,6.42830694206204e-05,1.42991505129517,3.99651036111551
"AC012377.1","AC012377.1",0.590722887496266,0.000224177948614685,6.42906021656257e-05,12.9004619649078,3.99648260967719
"AC005786.3","AC005786.3",2.81761852070221,0.000224600353267165,6.44240145522747e-05,11.6255357192812,3.9959916134559
"AC245033.4","AC245033.4",1.44187096892848,0.000224613754807232,6.44339957846152e-05,1.7584699420303,3.99595491833475
"CCL3L1","CCL3L1",1.72144975821159,0.000224749724918796,6.44791418248412e-05,87.6856968054947,3.99578901007109
"SNHG7","SNHG7",0.706680145158642,0.000224941690986335,6.45403616778466e-05,600.592892367126,3.99556420732016
"LINC02245","LINC02245",1.03351315660044,0.000225139883660546,6.46033787317428e-05,33.7384563300114,3.99533301585267
"AC011447.3","AC011447.3",0.721152527314446,0.000226153750843866,6.49190225515903e-05,36.0823708839518,3.99417821189459
"UBXN11","UBXN11",0.542328055050293,0.000227003567712419,6.51939807160096e-05,813.479244349499,3.99317658186589
"NPSR1-AS1","NPSR1-AS1",0.818815796704188,0.000227101468764725,6.52283024032021e-05,8.6724089009001,3.99305183407366
"CEBPD","CEBPD",0.629149941824722,0.000227362781501107,6.53157814339911e-05,4110.92561941359,3.9927341579559
"PGCP1","PGCP1",1.31523701038452,0.000228865277039369,6.57724250362055e-05,4.47848415040471,3.99108238678828
"AP000560.1","AP000560.1",0.58538028074571,0.000229016282066229,6.58220790473692e-05,75.5791174946827,3.990903433031
"SLC9A9-AS1","SLC9A9-AS1",2.01633121795119,0.000229758236004637,6.60604365550095e-05,0.699282093873021,3.99004616394536
"FAM92A1P2","FAM92A1P2",1.11751256187784,0.000230181010968884,6.61882827245701e-05,3.35620995049588,3.9895875618298
"AC011447.7","AC011447.7",0.700468280344907,0.000230798723330094,6.63785174942639e-05,10.9958433869515,3.98890671246434
"ENOX1-AS1","ENOX1-AS1",1.07111887331469,0.000232416213627116,6.68691147160723e-05,4.44758816166987,3.98715935242245
"LINC01962","LINC01962",1.75300257923777,0.000234173476477945,6.7393896766092e-05,0.914093684275202,3.98530361451343
"ERC2-IT1","ERC2-IT1",1.00610736874454,0.000234185960719118,6.7403888363485e-05,5.59529825532062,3.9852684149788
"AC006387.1","AC006387.1",0.916868140062958,0.000234966172040255,6.7634870418429e-05,9.82485070721838,3.98445605853765
"AC034236.1","AC034236.1",1.56323500340859,0.000236278991018312,6.80256763397895e-05,1.18871090622681,3.98308756622405
"AC005414.1","AC005414.1",1.0127262417601,0.00023673687627138,6.81639717519005e-05,4.72974963756048,3.98260507612368
"AL135818.1","AL135818.1",0.858682133546045,0.000237179444696636,6.82978815721154e-05,33.7600095350181,3.98213876848147
"GRIK1","GRIK1",0.859774606201922,0.000237980760144503,6.8535129700895e-05,12.1934828980634,3.98131473088282
"PCDHA9","PCDHA9",0.768743913821431,0.000238699007644737,6.87509123256401e-05,11.891941495283,3.98056759018032
"AP001922.5","AP001922.5",0.668471440991706,0.000239142648794061,6.8895873900505e-05,11.4688843536094,3.980066910102
"AC079322.1","AC079322.1",0.819376587933299,0.000239251387563137,6.8933738130913e-05,11.7000092169583,3.97993629572168
"AL136980.1","AL136980.1",1.18364491004789,0.000239442033040665,6.90017520281947e-05,2.70840496018148,3.97970184908021
"OR1D2","OR1D2",0.728219288005048,0.000239543551917958,6.90375525459882e-05,33.1318985643154,3.97957853107314
"CA3-AS1","CA3-AS1",0.931193973228353,0.000239795062157343,6.9116590909528e-05,13.3990615522911,3.97930649063482
"AC012557.1","AC012557.1",0.6715562039688,0.000239990149774006,6.91859359617896e-05,26.0421628067395,3.97906805568746
"RN7SL655P","RN7SL655P",0.999945582308087,0.000240325692198033,6.93023677001567e-05,3.6061226741564,3.97866822667701
"GUSBP3","GUSBP3",0.742957073019434,0.000240782326758954,6.94406256712139e-05,44.8772751010417,3.97819427051588
"CNIH2","CNIH2",1.0124627752848,0.000241301474207133,6.96100246024545e-05,17.6633057217722,3.97761477696187
"ASS1P2","ASS1P2",0.98589958407333,0.000241301474207133,6.96101249946423e-05,6.14238029848033,3.97761443392791
"RHOXF2B","RHOXF2B",1.27517814344586,0.000241679554653223,6.97294101980546e-05,4.94919274449858,3.97720717400371
"AC020558.3","AC020558.3",0.770554796810753,0.000241693910363584,6.97431456419523e-05,14.9170924312106,3.97716032119345
"EEF1B2P1","EEF1B2P1",1.55926107830784,0.000241840455433635,6.97986483440938e-05,0.992101414712005,3.97697108544905
"RLN1","RLN1",1.22740563429418,0.000242425911545428,6.99808671132395e-05,2.51821106964101,3.97635081227719
"RNU6-107P","RNU6-107P",1.55087117413603,0.000243098042494482,7.01948171557061e-05,1.60595389071958,3.97562447305288
"AC093655.1","AC093655.1",2.17040269464153,0.000243288298915868,7.02630487046293e-05,0.407656378467072,3.97539327412612
"MIR4768","MIR4768",1.59485712871774,0.000243288298915868,7.02602574747827e-05,2.20349070688876,3.97540272789052
"AL117336.2","AL117336.2",0.949093045929426,0.000243915829917796,7.04509477871258e-05,8.21126761294986,3.97475768432989
"HSPE1P13","HSPE1P13",1.57992031305219,0.000246551067788547,7.12457742815835e-05,1.29875017443669,3.97208671292576
"OR7E25P","OR7E25P",0.646216787469895,0.000246825635129131,7.13318599623163e-05,17.6129689776918,3.97179912047472
"SYCE1","SYCE1",1.22545498980934,0.000247098625170984,7.14310077955413e-05,11.1159856006761,3.97146829692013
"TMEM54","TMEM54",0.707273593758421,0.000248521236309178,7.18626258602704e-05,1078.9902786267,3.97003317283709
"AC091132.4","AC091132.4",0.808235491148792,0.000248538358980253,7.18743679184404e-05,26.7518972088448,3.9699942446883
"AP003064.2","AP003064.2",1.50754530605454,0.000248692977751625,7.19258769228926e-05,1.65769583060359,3.96982354923106
"AC013270.1","AC013270.1",1.69994376629296,0.000249194164943909,7.20844455930808e-05,2.1039878073351,3.96929879417062
"AC116158.2","AC116158.2",1.14839725774571,0.000249415164542691,7.21551889990986e-05,2.66408594827674,3.96906503347972
"RNU6-606P","RNU6-606P",1.94336789515253,0.000251044506917902,7.26471316912349e-05,0.731424939490749,3.96744545445551
"AC011451.1","AC011451.1",0.578095555306956,0.000251404199326266,7.27649576071242e-05,26.2035532689858,3.96705908675139
"AC005280.2","AC005280.2",1.2628909506771,0.000251981496858841,7.29458170774998e-05,19.4290276867938,3.96646717293395
"SCHLAP1","SCHLAP1",1.00848122254087,0.000252043908831391,7.29765243995983e-05,4.74385757318149,3.96636681239634
"Z95114.2","Z95114.2",0.895645594736346,0.000252043908831391,7.29776579110428e-05,21.63506741283,3.96636310851285
"CYC1","CYC1",0.538566850713779,0.000252198479914499,7.30293038097724e-05,3766.88602098617,3.96619440708795
"STAT4","STAT4",0.811999609385212,0.000252644974039951,7.31724015635259e-05,212.341303038402,3.96572756679956
"AC055717.1","AC055717.1",1.04318592861348,0.000252964737339521,7.32857485180181e-05,5.06580126757097,3.96535839760149
"AP000892.1","AP000892.1",1.11410563371808,0.000253420643152533,7.34386005430684e-05,3.30602866820513,3.96486141525564
"AC079414.2","AC079414.2",1.03776195512098,0.00025354082928749,7.34803567379547e-05,20.9842169717855,3.96472581949689
"RENBP","RENBP",0.611235072651564,0.000254006639721508,7.36292368864034e-05,1652.26517590627,3.96424295032118
"AL022329.2","AL022329.2",1.36599107168065,0.000254112213045415,7.36667827102339e-05,2.46356228049711,3.96412132219725
"AC073592.8","AC073592.8",1.25445300692543,0.000254221390866001,7.37053793403955e-05,3.02307799383892,3.96399635112788
"RNU4-40P","RNU4-40P",1.41034179795571,0.000255270246903439,7.40164447154101e-05,3.50602406763825,3.9629914138263
"AC093484.4","AC093484.4",1.1132391787784,0.000255419758939971,7.4066775093033e-05,3.62551453016659,3.96282919050495
"LINC00488","LINC00488",1.35002249216644,0.000258043993760193,7.48489040071643e-05,2.57743696827053,3.96032156507762
"LINC02446","LINC02446",1.3069535408707,0.000258230283316649,7.49114717802554e-05,13.3287554273787,3.96012203504971
"AC051619.10","AC051619.10",0.908013589039324,0.000258230283316649,7.49170509646761e-05,4.44286691231079,3.9601042505597
"AL355472.1","AL355472.1",0.904219241326529,0.000258740614383742,7.50792460109658e-05,27.6413791714468,3.95958777615311
"RPSAP8","RPSAP8",1.36606634336361,0.000259814186869722,7.54049644233499e-05,3.39007142097445,3.95855377686244
"MPP1","MPP1",0.606122045074294,0.000260376807405717,7.55895947617625e-05,4104.38866555269,3.95796953841754
"AL512656.1","AL512656.1",1.18388721160676,0.00026095026805852,7.57632052348379e-05,3.05928153358573,3.95742140060725
"HLA-DQA2","HLA-DQA2",1.55576591658408,0.000261771832194711,7.6017700760386e-05,5007.33440745272,3.95662002849114
"AC073130.1","AC073130.1",0.660072724996573,0.000261771832194711,7.60231920106447e-05,36.8393893846868,3.95660276525935
"LINC01315","LINC01315",0.875658971183743,0.000262242383981963,7.61670139000592e-05,116.767222298697,3.95615104156151
"AC022146.2","AC022146.2",1.19859373759342,0.000262772869373952,7.63282705624328e-05,6.32816699510943,3.95564551590829
"TMEM145","TMEM145",0.682223537937381,0.000263381493570805,7.65194519286968e-05,11.2401518778321,3.95504748564205
"IL23R","IL23R",1.16958664884728,0.000263822344621833,7.66547395477628e-05,4.21242750783723,3.95462514840459
"MEI1","MEI1",1.17288716779489,0.000263898630610383,7.66913258605983e-05,440.530423181916,3.95451105531322
"AC079313.1","AC079313.1",0.866336059650045,0.000264279499962639,7.68166576318555e-05,6.0603913766493,3.95412060246716
"AL590094.1","AL590094.1",0.681977296826351,0.000264582408521329,7.69261840234832e-05,70.698640184527,3.95377988186216
"AC063977.6","AC063977.6",1.30444307029127,0.000265846641826836,7.73155456598498e-05,4.65143514026136,3.95257233713072
"AL445584.2","AL445584.2",1.00898222308736,0.000266531749910687,7.75366414737856e-05,6.52089161399473,3.95188919976007
"AL049647.1","AL049647.1",1.14654692958719,0.000266633058839189,7.75756380144797e-05,5.87747431543319,3.95176890014455
"AC008993.2","AC008993.2",0.857740027009168,0.000267654014798063,7.78923716936028e-05,20.1527942526925,3.95079392771545
"CTC-338M12.4","CTC-338M12.4",0.523723772716177,0.000269728295004486,7.85328755312385e-05,62.5003621119698,3.94883372439995
"EEF1A1P16","EEF1A1P16",0.698160095087615,0.000270095703358125,7.86619880896816e-05,11.1380442138107,3.94844041840955
"KCNQ1OT1","KCNQ1OT1",0.640974690976417,0.000270611105194091,7.88342742582966e-05,788.796099530472,3.94791654533309
"RN7SL743P","RN7SL743P",1.57717261217495,0.000271131767083458,7.89933613598982e-05,1.1797948665764,3.94743376711972
"AP000757.2","AP000757.2",1.81382006527751,0.000271377758674619,7.90798600034102e-05,1.14862581570567,3.94717165715866
"ABHD17AP4","ABHD17AP4",1.06217871631054,0.000271377758674619,7.90775912086903e-05,2.97294113482063,3.94717852864483
"GSAP","GSAP",0.596797995101568,0.000271549111168784,7.91446315155446e-05,725.616326803648,3.94697556260288
"AC087762.2","AC087762.2",0.727478328404016,0.000271883161970471,7.92642787569313e-05,9.82129017884572,3.94661373142435
"AC063947.2","AC063947.2",1.49097077525864,0.000271908223707203,7.92790145954689e-05,1.13220837445596,3.94656920375848
"RGCC","RGCC",0.854144564887805,0.000272024469017271,7.93203402648246e-05,4084.63873477229,3.94644437063717
"AC087392.3","AC087392.3",0.819658384905939,0.00027233421107855,7.94180998071357e-05,8.66029226331421,3.94614931137847
"COX6A1P2","COX6A1P2",1.41045335931685,0.000272549024849333,7.94881906948764e-05,1.89867415740076,3.9459379733132
"AC106801.1","AC106801.1",1.04193857641222,0.00027436656981437,8.00332659181457e-05,7.81775805807315,3.94430044861495
"AC022816.1","AC022816.1",1.82797733088759,0.000275329594903154,8.03292279673181e-05,1.02161211364609,3.94341572514083
"TAF9BP1","TAF9BP1",1.55008821737749,0.000275423698769314,8.0364208835146e-05,1.54693278655339,3.94331136003752
"AC004000.1","AC004000.1",1.13518057507667,0.000275755929164402,8.04762173667306e-05,5.36130027488341,3.94297747224279
"AC009061.2","AC009061.2",0.561293568947505,0.000275788338335982,8.04932110195624e-05,40.6692068581803,3.94292685400895
"CYP2C9","CYP2C9",1.14603452828251,0.000276021629939941,8.05688426636899e-05,13.9215348638693,3.94270169586553
"AC005410.1","AC005410.1",1.24752709048177,0.000278302350861126,8.12800056558446e-05,5.28770506241676,3.94059425545884
"AL606760.3","AL606760.3",0.84715949332429,0.000278302350861126,8.12801942226447e-05,63.1039492124686,3.94059369898017
"AC120114.3","AC120114.3",0.80003720562779,0.000279536387880875,8.1655879199826e-05,29.4559559766545,3.93948743246146
"AC097375.1","AC097375.1",2.03067802867578,0.000279727521432397,8.17193546040926e-05,2.87731832774995,3.93930099386703
"AC091132.1","AC091132.1",1.06240026823138,0.000280202320517741,8.18733740161404e-05,10.1287017496884,3.93884917974235
"RPL9P18","RPL9P18",1.65831983088012,0.000280835708048962,8.20737925432854e-05,0.841554537978138,3.9382624556696
"AL359922.3","AL359922.3",0.705068177614174,0.000281917858963125,8.2413158093021e-05,26.620368783673,3.93727204588073
"AC007161.1","AC007161.1",1.89323812613812,0.000282918155675548,8.27287658690051e-05,1.09823006852229,3.93635442436212
"RPL32P1","RPL32P1",1.21311889942143,0.000283558433427352,8.29237387079688e-05,8.41244031485676,3.93578919771669
"LINC02332","LINC02332",1.84072153878092,0.000283821272412925,8.3008358149347e-05,1.05735338169597,3.93554427654415
"CABP7","CABP7",0.765682775561187,0.000283881182485312,8.30336363973131e-05,6.20193789121765,3.93547115735577
"AL354928.1","AL354928.1",1.4805930618142,0.000284166248950143,8.31325453566813e-05,1.08536795120016,3.93518525798453
"RF01210","RF01210",0.856699783941857,0.000284166248950143,8.31302224039782e-05,7.78635203328014,3.93519196886312
"AL391056.1","AL391056.1",1.33111758630613,0.00028467464546348,8.33279454862227e-05,36.3041587848394,3.93462139156874
"AL132780.1","AL132780.1",0.718206959011035,0.000285634846483546,8.36168131704339e-05,11.9289667666935,3.93379009068243
"RN7SL801P","RN7SL801P",1.41571540657193,0.000286616481910486,8.39511649520591e-05,3.27825524625912,3.9328312780609
"AL160286.3","AL160286.3",1.1491041204975,0.000286616481910486,8.39472785833462e-05,3.74895749727699,3.93284240216292
"RRN3P2","RRN3P2",0.78619934738998,0.000287051347679794,8.40863820999226e-05,24.0235165139655,3.93244454354927
"ZBTB20-AS4","ZBTB20-AS4",0.701979508991695,0.000287389527329859,8.41932979598007e-05,8.75517182606551,3.93213916938021
"LBX2","LBX2",0.620353983976876,0.000288861786160741,8.46719648605817e-05,17.8806362791497,3.93077647360253
"RPS15AP18","RPS15AP18",2.14154300819853,0.000289454595624611,8.48694572433044e-05,0.547677831360181,3.93021636150151
"ANKRD36B","ANKRD36B",0.719056873220463,0.0002901208838272,8.50727431141153e-05,316.145874134179,3.92964110328376
"AP001267.5","AP001267.5",0.685512558197474,0.000290851774174593,8.52950105799587e-05,47.3950432019479,3.92901361559997
"SLC5A12","SLC5A12",0.794783891223172,0.000290859154654416,8.53051221634608e-05,13.3954378376573,3.92898510614715
"AL356055.1","AL356055.1",1.66585743557672,0.000291653903293319,8.55780558886024e-05,1.03940575738897,3.92821677762908
"AP001198.1","AP001198.1",0.755618013381443,0.000291653903293319,8.55710784298862e-05,9.3760472136322,3.9282363908307
"LINC01964","LINC01964",1.26288026702139,0.000292215697919444,8.57668522924307e-05,4.22920439746927,3.92768665547759
"MIR5094","MIR5094",1.61459574063242,0.000292321809976616,8.58059838951553e-05,1.58826011915685,3.92757691566956
"CYP2B6","CYP2B6",0.979203360616693,0.000293035574273049,8.60315103025741e-05,4.66444389566238,3.92694537449368
"AC017002.6","AC017002.6",1.20383631605494,0.000293735279031042,8.62449604761763e-05,2.99847597608092,3.92634908961985
"AL109840.2","AL109840.2",0.780180021168178,0.000294034295640998,8.63407900558432e-05,19.575850353025,3.92608183779809
"TMEM14EP","TMEM14EP",1.01847017802731,0.000294966441524856,8.66242718547658e-05,9.47498288475271,3.92529289464546
"ARMC12","ARMC12",0.798613124263691,0.000295092754456655,8.66757865080751e-05,7.46344454072673,3.9251497889266
"AC100802.1","AC100802.1",1.31475017958178,0.000296306480632678,8.7056574940386e-05,2.14762763936347,3.92409445898449
"AL022322.1","AL022322.1",0.745020532889634,0.000296306480632678,8.70535970873505e-05,16.3743021195144,3.92410269497369
"LAIR1","LAIR1",0.835803387072692,0.0002976125764628,8.74484452384206e-05,3736.01337916301,3.92301296017908
"CCL1","CCL1",2.40567292784795,0.000298813043620792,8.78093468166239e-05,1.32785562424035,3.92202097274049
"RPS3AP46","RPS3AP46",1.37754253432715,0.00029940301302265,8.79982364615523e-05,3.57376084816375,3.92150331824051
"AC135012.1","AC135012.1",1.05042289147907,0.00029940301302265,8.79990767803667e-05,3.70812137301466,3.92150101768233
"SLC2A1-AS1","SLC2A1-AS1",0.761007345072919,0.000299843501026656,8.81449282096723e-05,24.5912826200227,3.92110203129578
"LINC00410","LINC00410",1.07293374612321,0.000300674978846075,8.83975729496371e-05,5.49339720585048,3.92041237825594
"Z98885.3","Z98885.3",0.895530022509653,0.00030071857479763,8.84186066121286e-05,9.92168431090929,3.92035504594091
"Z82217.1","Z82217.1",0.727331610014175,0.000301160908199238,8.8565120766917e-05,34.0811454356719,3.91995604340638
"RN7SL658P","RN7SL658P",1.68947265431734,0.000302032648127781,8.88462386880431e-05,0.688725471925763,3.91919221693254
"RNU6-549P","RNU6-549P",1.65471237573262,0.000303037739399378,8.91667372221071e-05,1.65972542880202,3.91832416962577
"AL606970.3","AL606970.3",1.07789359884669,0.000303737814682857,8.93893276305106e-05,4.00841809217279,3.91772303213697
"CERKL","CERKL",0.809642641774292,0.000305056112443024,8.98106399511896e-05,415.303522843751,3.91658907861309
"LINC01888","LINC01888",1.33363890360948,0.000305660820883081,9.00053735527463e-05,2.19874450996054,3.91606665416949
"AC010148.1","AC010148.1",0.703726867382581,0.000306308873472576,9.02084623032332e-05,10.2542285538835,3.91552295100571
"AC011477.1","AC011477.1",0.672581146592713,0.000306308873472576,9.02129388005381e-05,20.5545604989844,3.91551097968899
"MMP2-AS1","MMP2-AS1",1.58538706886125,0.00030649631164053,9.02765168306486e-05,15.1084233893068,3.91534101607122
"AMD1P4","AMD1P4",0.715742770924975,0.000307139285806118,9.04910767738838e-05,8.17496597080788,3.91476826485106
"AC015849.4","AC015849.4",1.0629463908272,0.000308654145038992,9.09458263914448e-05,10.3566650912695,3.91355857435851
"AC008035.1","AC008035.1",1.0062307380696,0.000309134900253655,9.10959288296311e-05,10.4436378273566,3.91316053715871
"LINC01237","LINC01237",0.871138408986342,0.000309241146336358,9.11441363296891e-05,12.7819994340992,3.91303283335999
"SYNGAP1-AS1","SYNGAP1-AS1",1.49501068811097,0.000309245066053538,9.1153741156468e-05,1.77493631391024,3.91300739737136
"AL138694.1","AL138694.1",0.958772641725829,0.000309349383556709,9.11929424080803e-05,11.3260650459731,3.91290360887629
"AL445231.1","AL445231.1",0.926568139200135,0.000309851072937708,9.13493012650036e-05,5.36845363538521,3.91249005493716
"SNORA26","SNORA26",1.46107953863237,0.000310686075192183,9.16124518012523e-05,3.16671630470329,3.91179555456493
"EDDM13","EDDM13",0.738348998829618,0.000312184334379065,9.20968949504295e-05,15.7792474202005,3.91052193705915
"AC025252.1","AC025252.1",1.26906309015137,0.000313672662436981,9.25788163513831e-05,4.19310093906442,3.90926121207075
"CYB5R2","CYB5R2",0.668696099927446,0.000314521489553168,9.28551243100078e-05,241.960828368325,3.90854117257431
"AP003110.1","AP003110.1",1.50776328023909,0.000314733566988018,9.29263347324388e-05,6.12833552427104,3.90835593109184
"GUSBP6","GUSBP6",1.3955083623061,0.000314992750850847,9.30114663910243e-05,5.12859586365118,3.90813465180251
"AC098657.2","AC098657.2",0.870276631589585,0.000315507445006542,9.31806872612833e-05,9.18381277254165,3.907695370226
"TRIML2","TRIML2",0.999566779030162,0.000315623203689149,9.32234987808328e-05,10.3054583444039,3.90758435493719
"NMB","NMB",0.779053350733873,0.000315887012942033,9.33100493706474e-05,548.619570432387,3.90736006609885
"LINC00664","LINC00664",0.815899168140356,0.000316809302866086,9.36012454453562e-05,8.40139399566632,3.9066068949197
"AC005785.1","AC005785.1",0.784269515225975,0.000316809302866086,9.360845381551e-05,14.6524248871687,3.90658827873592
"LINC02126","LINC02126",1.44524076945239,0.000317069496469653,9.36939972217629e-05,3.57894790528527,3.90636745945399
"IL2","IL2",2.42923914600013,0.000317527896749616,9.38468061734091e-05,1.074836571694,3.90597347624072
"AC090912.1","AC090912.1",0.952820543513884,0.000318203609791094,9.40639048698009e-05,4.67955742930854,3.90541477701764
"LINC00299","LINC00299",0.962899348430061,0.000318611476353633,9.41931794351297e-05,5.10016965300464,3.90508266963457
"AC007009.1","AC007009.1",1.10314072116466,0.0003187950819999,9.42561704505838e-05,4.22337555476243,3.90492100115279
"AL353740.1","AL353740.1",1.27169594007045,0.000319299196761464,9.44313917250767e-05,4.93971591909386,3.90447182613961
"AL928970.1","AL928970.1",0.750158461446273,0.000319656516156937,9.45458014535601e-05,46.8109107945296,3.90417896442512
"SERF1A","SERF1A",0.901926601938195,0.000320493512689263,9.48021194123874e-05,99.1463586766787,3.90352406423494
"AC104758.5","AC104758.5",1.09615467127245,0.000321840836788469,9.52270395798336e-05,7.28595226828801,3.90244205491716
"OSBPL10-AS1","OSBPL10-AS1",0.964018682516418,0.000322384532131115,9.54055265857567e-05,6.44825469671726,3.9019889178729
"RNU2-55P","RNU2-55P",1.11916352108724,0.000323528231808923,9.57528295022885e-05,4.43987756738894,3.9011094860348
"AL591684.2","AL591684.2",0.731139379612881,0.000323610856574583,9.57861255573228e-05,28.7730650095388,3.90102533287593
"RF00086","RF00086",1.88450771249529,0.000323813355180623,9.5854911063878e-05,0.650417661921354,3.90085157035936
"HMGN1P14","HMGN1P14",1.10122262546847,0.000324112656601657,9.595236575532e-05,10.3071875426791,3.90060558664641
"LINC01732","LINC01732",0.899951203498015,0.000324989428761157,9.62208106794148e-05,5.95110134295543,3.89992922731224
"AL160272.1","AL160272.1",0.699001391155909,0.00032504199063576,9.62452540375346e-05,39.6819003560827,3.89986772968023
"SMC2-AS1","SMC2-AS1",0.546548154820981,0.000325283188162264,9.63255606246788e-05,28.6993377785615,3.8996657881733
"AC020978.3","AC020978.3",0.942261683898793,0.000326032806150527,9.65742684630144e-05,8.37394978024608,3.89904138647412
"AC061709.2","AC061709.2",0.898680339400557,0.000326523671557429,9.67285894976814e-05,4.7435271160565,3.89865471357372
"FAAHP1","FAAHP1",1.00739852194705,0.000326975568991824,9.68713925128651e-05,6.12729292301473,3.89829741921271
"AC011462.1","AC011462.1",0.847039220375741,0.000327303045046682,9.69862980827691e-05,212.962113598889,3.89801028538297
"AC015660.2","AC015660.2",2.26209237720756,0.000328869420502809,9.74774030332651e-05,2.00828062374694,3.89678668793843
"AL449983.1","AL449983.1",1.26896789255474,0.000329329297118298,9.76419504863883e-05,2.54883947419995,3.89637801630317
"HMGN1P15","HMGN1P15",1.32468891250003,0.000329689461031638,9.77655050841927e-05,3.74509160177964,3.89607158211647
"AC090617.4","AC090617.4",0.799391999048778,0.000330303469412471,9.7956606929232e-05,6.61020304197968,3.89559833984036
"SPATA4","SPATA4",1.09843857447377,0.00033159515636973,9.83668573651235e-05,6.57252945804,3.89458533784227
"AC019077.1","AC019077.1",0.986096069282094,0.000331997811360336,9.8504446393669e-05,2.68409650381275,3.89424649213829
"LINC00269","LINC00269",0.901571374292521,0.0003327707481272,9.87519630429662e-05,4.78535441920957,3.89363804690595
"AC092958.1","AC092958.1",1.29993091444917,0.000333422674545136,9.89545367608204e-05,53.165304732897,3.89314115074567
"AC116096.1","AC116096.1",0.687442706980719,0.000333487571591567,9.89829091013195e-05,9.22112412550004,3.89307163248208
"AC093484.2","AC093484.2",0.942788223979206,0.000333930487169333,9.91234955219441e-05,4.6986590994879,3.89272744318002
"AC243960.1","AC243960.1",1.20446463324668,0.000334249014923592,9.92271796263512e-05,63.5723995163255,3.89247389475288
"AC120338.1","AC120338.1",1.40008538821614,0.000334676827802769,9.93633271648103e-05,1.67836518966306,3.8921413400249
"LINC02019","LINC02019",0.581360318231135,0.000335914573024265,9.975834023336e-05,27.5714996703449,3.89117890781051
"AC092724.1","AC092724.1",0.721322045503991,0.000336318927822799,9.9896802217592e-05,15.6803191565612,3.8908424025533
"AL445248.1","AL445248.1",0.807816962193875,0.000336504962377586,9.9970448808205e-05,14.1379227919089,3.89066359799442
"HLA-DQB2","HLA-DQB2",1.1873057372823,0.000336822232597033,0.000100083111000102,1627.81618959011,3.8903903089771
"RPL7AP31","RPL7AP31",1.57179910859768,0.000337020682382995,0.000100151286690824,1.27616633512538,3.89022507358363
"AC018521.7","AC018521.7",0.765477152299967,0.000337231548968479,0.000100223163423322,12.8544928823791,3.89005098302799
"AC013549.3","AC013549.3",1.67744572000004,0.00034038476871953,0.000101234684213013,0.96861042387378,3.88761342807259
"AC002451.2","AC002451.2",1.50362648090517,0.000340556039672571,0.000101294927398989,1.65345436594033,3.88746898090191
"AC245014.3","AC245014.3",1.26444482713126,0.000340955258081991,0.0001014229868231,4.23813333583035,3.88716219759105
"AF131216.5","AF131216.5",1.26991793083483,0.000341207257349218,0.000101507271182772,4.44074076331805,3.88696048269458
"RPL9P28","RPL9P28",1.40169460069417,0.000341539987510954,0.000101615588513532,1.47279713642387,3.88670148251771
"DLEU7","DLEU7",0.899670909885976,0.000341744766368187,0.000101685852229557,63.05611618334,3.8865336125677
"AC092653.2","AC092653.2",0.995885731977314,0.000342384091371606,0.000101885437829672,3.48035905827206,3.88605737087533
"KLRC2","KLRC2",1.43798481200925,0.000342883996260507,0.00010204356641628,5.46400160498899,3.88568067673221
"AC104772.1","AC104772.1",0.923406308844634,0.000343030061212203,0.000102096408557188,7.36336235513967,3.8855549189246
"LYPD1","LYPD1",0.906714392920059,0.000343335298416118,0.000102196637638875,80.0544621790931,3.88531655470088
"PTMAP5","PTMAP5",0.536597114174734,0.000344063783893573,0.000102422878371553,21.7205814732807,3.88477932042679
"ZNF90P1","ZNF90P1",0.864513092055805,0.000344208024402278,0.000102475221560349,11.5898203928569,3.88465518514519
"AC236972.3","AC236972.3",1.9015668002197,0.000344518233989076,0.000102576988326975,0.851892086468159,3.8844140098217
"AC116553.1","AC116553.1",0.97936222914475,0.000344755185044515,0.000102665597688145,4.95965976763325,3.88420419986197
"RNY1P9","RNY1P9",1.17332452902415,0.000346532803491968,0.000103233617215578,5.97975925445332,3.88286328421415
"AC067751.1","AC067751.1",1.22833356563214,0.000346897717255541,0.00010335180493878,2.56873218057709,3.8825851555167
"AC089998.4","AC089998.4",1.36740394841474,0.000347702747690603,0.000103601149309162,2.77455761588393,3.88199936196997
"PRAMENP","PRAMENP",2.51732418195419,0.000348120984613603,0.000103735278510231,10.7864186244384,3.88168479767068
"MTCO1P11","MTCO1P11",1.12066038202685,0.000348462359183316,0.000103846524539261,2.1676011504436,3.88142419083209
"AC063926.3","AC063926.3",0.96315119041003,0.000348491630726312,0.000103864769746786,6.28606905949113,3.88138147445046
"GJD4","GJD4",0.854967460746974,0.000348756631905373,0.000103962809204831,5.18406053667047,3.88115206189465
"LMCD1-AS1","LMCD1-AS1",0.715758233738225,0.000348940216516592,0.000104036603257713,59.2520894147667,3.8809795182816
"AC068025.2","AC068025.2",0.948835860673999,0.000349356072055584,0.000104170136187945,5.17208539453463,3.88066758795282
"AC002456.1","AC002456.1",1.07516374416033,0.000350237774520162,0.000104471318463253,7.07906976808995,3.87996541516635
"AC090720.1","AC090720.1",1.16190290681173,0.000350606287145221,0.000104590820597599,5.17202242287248,3.87968733856573
"SLITRK5","SLITRK5",0.75020084515661,0.000352606321920969,0.000105225996557852,21.5665450778539,3.87821432350368
"AC005291.1","AC005291.1",1.05780498689446,0.000354318008749935,0.000105794890560378,3.27289585390015,3.87690212653031
"SPAG8","SPAG8",0.612743708148371,0.000354922574536725,0.000105985103885676,22.6180061436277,3.87646487017778
"CNBD2","CNBD2",0.63815657364663,0.000354987382664099,0.000106022430587043,55.5693493633148,3.87637915166698
"AP002852.1","AP002852.1",1.09773597731765,0.000355191488363406,0.00010615141769202,4.39763139264095,3.87608315966119
"AC093525.10","AC093525.10",1.00903173495946,0.000355191488363406,0.000106133793364933,26.6103349141173,3.87612358290307
"GK","GK",0.860716800470477,0.000355191488363406,0.000106155352767548,929.579770402217,3.87607413501781
"AL078590.3","AL078590.3",0.601133785429842,0.000355191488363406,0.000106162455018096,25.5715993800126,3.87605784762159
"LINC02574","LINC02574",1.43332058328451,0.000355489605437265,0.000106261271714628,1.52569448470824,3.87583134061565
"THEMIS2","THEMIS2",0.733003171290222,0.000356762794501574,0.000106661343136048,3842.36519437121,3.87491632617835
"AL121936.1","AL121936.1",0.823437158882001,0.000356927528490079,0.0001067300984124,6.55869210262686,3.87475940026994
"AC116348.3","AC116348.3",1.25456686322888,0.000358751100321251,0.000107302276079868,2.77033386456215,3.87345715899634
"CDIPTOSP","CDIPTOSP",1.65086820933552,0.000359339982749183,0.000107500572997098,1.30365910201568,3.87300737586161
"MIR3663HG","MIR3663HG",1.24612370944813,0.000362052990406481,0.000108366185990908,3.3493998543347,3.87105308861551
"AC010210.1","AC010210.1",0.804979477016699,0.000362052990406481,0.000108377227316798,8.90790024295077,3.87102825596975
"AC002059.1","AC002059.1",1.46018535957335,0.000362993430601754,0.00010871256025645,2.99511158912454,3.87027520565704
"DOC2A","DOC2A",0.88816670325981,0.000363895698240785,0.00010900266509505,7.74265995242459,3.86962548920267
"AP001160.4","AP001160.4",1.30210120594252,0.000365218407798872,0.000109428811167585,1.47135784455665,3.86867404818713
"AC025048.6","AC025048.6",1.5708330828684,0.000365506641098236,0.000109535146850063,5.0094795002024,3.86843718132517
"LINC-PINT","LINC-PINT",0.534344710468049,0.000367174654919723,0.000110065114869922,221.769769396081,3.86725988237901
"AC005342.2","AC005342.2",1.42693515280653,0.000367186738857574,0.00011008880257614,1.4330473263246,3.86720738620706
"TRBV6-2","TRBV6-2",1.28721691738582,0.000368160343125226,0.000110400824224688,15.6600812861357,3.86651688359657
"AL359258.3","AL359258.3",0.603785248970056,0.000370920698459873,0.000111258980510191,17.8610222742138,3.86462723924964
"AC011603.2","AC011603.2",1.51824157856582,0.000373487046831617,0.000112069585188251,429.803791208122,3.86285488816668
"AC009779.4","AC009779.4",1.49063597039245,0.000374301100843646,0.00011232407963512,3.87083760672363,3.86230094118284
"OR2T7","OR2T7",1.11907678623734,0.000375074851549653,0.000112566522840006,2.44506014718728,3.86177432565682
"PADI6","PADI6",2.00710338168658,0.000376843997823339,0.000113138660839991,2.87929343852738,3.86053580290291
"MALAT1","MALAT1",0.84071454282183,0.000377447281305884,0.000113330095747708,105003.234962959,3.86012271731076
"AC008505.1","AC008505.1",1.19444522528927,0.000378926226124308,0.000113805215376332,2.15667274872815,3.85910032288295
"AC114781.2","AC114781.2",1.32418523840295,0.000380856296010945,0.000114457728348435,2.49965110068138,3.85770274328844
"RPEP1","RPEP1",1.63126461433732,0.000381090258854422,0.00011453845316535,2.00619653383407,3.85753036613192
"HLA-DQA1","HLA-DQA1",1.19535979534274,0.000381582777043818,0.000114702525783408,22839.7191918399,3.85718036362008
"IZUMO4","IZUMO4",0.901892228759456,0.000381728537266849,0.000114772010822274,31.3662478353534,3.85703227926032
"GABRG2","GABRG2",0.726131996436496,0.000382715035381992,0.000115089529206104,37.0319087920349,3.85635666812968
"MXD3","MXD3",0.711403552602793,0.000382721410265356,0.000115101903406945,169.619940601454,3.85633037408495
"Z98752.4","Z98752.4",1.32537392754402,0.000382782953543059,0.000115130871133145,1.56216681325242,3.85626883074114
"H3F3AP6","H3F3AP6",0.862410978449179,0.000384673295335081,0.000115730966827907,4.53929313940909,3.85499717229032
"AC026904.1","AC026904.1",2.26722370126269,0.000385828810257056,0.000116099693635371,1.97291737466258,3.85421888691325
"SNORA17B","SNORA17B",2.46959981403271,0.00038635773724127,0.000116269409491389,0.63615460319168,3.85386144445161
"AC008806.1","AC008806.1",1.51316768088582,0.000388050213037923,0.00011684235491893,1.31041974104842,3.85265837472337
"C17orf77","C17orf77",0.82522225513037,0.000389352794194389,0.000117309031983976,10.7945579708399,3.85168255128034
"AC133919.1","AC133919.1",1.19485891224892,0.000390054422300714,0.000117531084705382,10.6365735641842,3.85121952290727
"HSPA6","HSPA6",0.719566802827892,0.000390473781174652,0.000117675954078452,690.517150957049,3.85091788311644
"AC092979.1","AC092979.1",1.05270761969696,0.000391516134183368,0.000118003619666568,5.47741708656242,3.85023692383201
"AC024581.1","AC024581.1",1.77986678236956,0.00039211030209995,0.000118204130251339,1.42590003015773,3.84982109874614
"ZDHHC4P1","ZDHHC4P1",1.44578143211887,0.000392424281778507,0.0001183095036789,3.00694091675194,3.84960283860464
"KCNIP4-IT1","KCNIP4-IT1",0.846095097250658,0.000393424725667229,0.000118643369960633,7.43656974840336,3.84891250934038
"AL022238.2","AL022238.2",1.03135364033709,0.000393741294952389,0.000118749594625112,4.42719512506412,3.84869325461454
"RMI2","RMI2",0.810968786980427,0.00039396455955789,0.000118827694006928,151.751657362902,3.84853217027024
"POC1A","POC1A",0.55726275670224,0.000394058038851001,0.000118877423070409,143.044430335007,3.84842965330778
"TRAV36DV7","TRAV36DV7",1.35740165078092,0.000394451274973264,0.000119006830193579,5.58712171665174,3.84816306863839
"AC103957.1","AC103957.1",0.963131077257392,0.00039560930404812,0.000119388638028675,79.4507585445356,3.84737811675661
"AL390728.6","AL390728.6",0.613549978658367,0.000396486516006044,0.000119664200000075,133.486425590047,3.84681306311137
"AC110994.2","AC110994.2",2.32920617946763,0.000396617450693441,0.000119714554436199,0.491545071393903,3.84670994141425
"EPHA1-AS1","EPHA1-AS1",0.603407253690342,0.000397350914917363,0.000119946799311649,38.6656232556899,3.84623485191502
"AC051619.7","AC051619.7",0.73278842990771,0.000397652680264534,0.000120048757185793,7.89916015127237,3.84602655667938
"LTA","LTA",1.21687585646128,0.000398588402819776,0.000120350823382805,44.3882440545496,3.84541042703465
"AC092139.3","AC092139.3",0.794848855984429,0.000401501606790729,0.00012127654479826,21.7582212251481,3.84353125713404
"DUSP2","DUSP2",1.24420791988705,0.000402049294357862,0.000121452963152559,290.762976744913,3.84317467122432
"AC034238.1","AC034238.1",0.94773993584006,0.000402985692539915,0.000121746845608182,6.4970835337209,3.84258174367962
"DHRS2","DHRS2",0.741505380636795,0.000403355981457019,0.000121885038985718,11.8030520612685,3.84230339558468
"AC087301.1","AC087301.1",0.942463297858748,0.000404232832456667,0.000122178846215351,5.5682728230069,3.84171259858684
"AC073987.1","AC073987.1",1.64897347822054,0.000405507027008146,0.000122608288774889,0.940955633467743,3.84085146687286
"GPR18","GPR18",1.21100284981772,0.00040696498134351,0.000123060232479812,81.781741061474,3.83994828058872
"CASP5","CASP5",1.23549711262929,0.00040908624754095,0.000123724027269345,29.439477646952,3.83862737394005
"FAM71D","FAM71D",0.996450726453059,0.000411301624063477,0.000124427759819416,4.50419539768685,3.83723426964283
"AC018557.2","AC018557.2",0.873572152180381,0.000412184075805613,0.000124705982988485,12.1784008666945,3.83668554863397
"AC008781.2","AC008781.2",1.31124406807446,0.000412606136196409,0.00012484495074289,2.35046728624707,3.8364119038056
"RBM22P2","RBM22P2",0.898495554169876,0.000416194226401469,0.000126021596682453,9.64283942142134,3.83410638126472
"AC007991.4","AC007991.4",1.29080416409887,0.000416589263696838,0.000126163977125488,5.93852472354968,3.83382877816849
"AC103810.5","AC103810.5",1.23441655267053,0.000419355556116903,0.000127047580705053,16.4822173371956,3.83211256584805
"NME1-NME2","NME1-NME2",0.554337133816628,0.000420729711622689,0.000127475389277958,275.559238373446,3.83128567673894
"AC004540.1","AC004540.1",0.572791700583592,0.000421509757230239,0.000127723249479039,102.134236477253,3.83080779639517
"AC009716.2","AC009716.2",1.00579574824006,0.000421878189060296,0.000127857943469953,3.24949877577097,3.83054846960974
"DNAAF4","DNAAF4",0.520437783264473,0.000421885744423208,0.000127871760509485,108.36679757107,3.8305218821805
"AC011377.1","AC011377.1",1.31560858200033,0.000424642008165672,0.000128741979906727,2.13081723109802,3.82885279459055
"LINC01224","LINC01224",0.653354221553511,0.000425844131662767,0.00012914134313301,21.7187594788328,3.82809036938372
"PCAT7","PCAT7",1.12859779649206,0.000426571016952268,0.000129373433377146,12.5091308872814,3.82764830564611
"AC055813.1","AC055813.1",0.936081920945276,0.000426984451103265,0.000129510489130778,4.20003040190903,3.82738760555014
"CKLF-CMTM1","CKLF-CMTM1",0.519539731990974,0.000427603746759349,0.000129733380803186,25.7677349986452,3.82696418769738
"AMDHD1","AMDHD1",0.646082597106975,0.000428367696846429,0.000129976864763507,71.0575654275006,3.82650243431775
"PSG2","PSG2",1.04251388924964,0.000430242942515471,0.000130581125316589,5.95597457062092,3.8253600011123
"SNORA84","SNORA84",1.58982571999841,0.00043076669149611,0.000130751855947711,1.0067989507063,3.82503811525893
"CEACAM21","CEACAM21",0.893435043910826,0.000433407745887513,0.000131589028998116,124.786051132817,3.82346546686822
"AL356258.1","AL356258.1",0.905524238273915,0.000434185444581632,0.000131837013187127,18.15870563183,3.82300143281151
"LINC02362","LINC02362",1.40111921602303,0.000435143348073688,0.000132139762575233,71.42187931524,3.82243603447002
"RN7SL200P","RN7SL200P",1.15061155873273,0.000436470981189226,0.000132554850020991,4.9593150551963,3.82166282046643
"AL805961.1","AL805961.1",0.678387995313122,0.00043670883410436,0.000132639017456872,13.5587501877796,3.82150631382272
"AL158071.3","AL158071.3",1.79155266257359,0.000438231116313689,0.00013315187418874,1.55083904807611,3.82055469063899
"AP005203.1","AP005203.1",1.43310864864813,0.000438433475038763,0.000133246688238918,2.57220194352423,3.82037913827208
"OR7E126P","OR7E126P",1.10975553748673,0.000439588496843657,0.000133609728104288,13.9680835276776,3.8197080404036
"OR52K1","OR52K1",0.606637692343624,0.000440135945531102,0.000133812198855831,22.7985483876241,3.81933450872467
"AC105020.2","AC105020.2",1.20212274150062,0.00044149103352538,0.000134248304929204,3.15281498966359,3.81853175630633
"AC022662.1","AC022662.1",1.26845074379513,0.000442145027214687,0.00013447133249342,1.93728819558557,3.81812217241207
"RRAGD","RRAGD",0.644100977798745,0.000443342149537958,0.000134871758598749,1248.78299827382,3.81738840453569
"AC073657.1","AC073657.1",1.5245132214836,0.000443848239946457,0.00013504480930907,4.39461724668392,3.81707192968865
"RNU2-66P","RNU2-66P",1.13265437389795,0.000443848239946457,0.000135049974044202,4.14444467283383,3.81706249030265
"AL691420.1","AL691420.1",1.1446297593061,0.000444714346321024,0.000135349957749389,2.76649515129526,3.81651480445568
"RNA5S9","RNA5S9",2.29796832011191,0.00044536328397026,0.000135559632324072,0.494787719356366,3.81613267626838
"AC008443.4","AC008443.4",0.860452509732006,0.000445477228604473,0.000135606486622105,19.7499045234853,3.81604736126488
"AC007192.2","AC007192.2",2.69300298150925,0.000446026885283221,0.000135798179805758,8.82310026489135,3.81569860426395
"AC087741.3","AC087741.3",0.592209130346409,0.000446251910024385,0.00013589107727593,14.6775035731885,3.81552975806064
"RN7SL596P","RN7SL596P",0.975099430925901,0.000447274944756019,0.000136239271131455,5.37683302849118,3.8148978629357
"AL031283.2","AL031283.2",0.931515948424832,0.000447274944756019,0.000136236476129328,19.6202601373505,3.81490292918853
"AC116407.2","AC116407.2",0.836841253802425,0.000450331260851523,0.000137207133794785,21.5463821479088,3.81314936458777
"SPINK2","SPINK2",1.35520366054647,0.000450334810203199,0.000137220519778848,7.63532520934437,3.81312526361133
"AC008758.2","AC008758.2",0.84549815593048,0.000450364688244129,0.000137241929232678,11.4325026686819,3.81308672127355
"RNU6-920P","RNU6-920P",1.19850868693191,0.000450802337084047,0.000137387613536858,2.46324077246769,3.81282460362133
"ITFG2-AS1","ITFG2-AS1",0.769733321528013,0.000450989619339251,0.000137457012588578,10.4953344064238,3.81269983173852
"AC073610.3","AC073610.3",0.778190840176612,0.000451137197880302,0.000137526645994441,19.435829101867,3.81257469814142
"FCRLB","FCRLB",0.83009511442844,0.000451371155475343,0.000137610299538072,84.6287114928794,3.81242444877616
"FNDC10","FNDC10",0.762559588137799,0.000451723268631906,0.000137729991384011,331.281918862099,3.81220962090158
"AL132801.1","AL132801.1",1.50858153714044,0.000451969401716436,0.000137817386353601,2.13782037736747,3.81205287185384
"NEAT1","NEAT1",0.708630759557586,0.000453964365956696,0.000138450511019663,10977.3530324226,3.81092010628679
"AC011726.2","AC011726.2",0.908740232396823,0.000455151706364319,0.000138825063475639,7.02252883240739,3.81025226455089
"SAMSN1","SAMSN1",0.908046534542947,0.000455349398714504,0.000138897802870262,1010.92263741506,3.81012276419509
"STARD13-AS","STARD13-AS",0.842881333217912,0.00045585784334811,0.000139077807558266,17.6982550587954,3.80980257031939
"AF121898.1","AF121898.1",0.860440649711925,0.000458628512024422,0.000139973236408448,35.1063196162755,3.80821555172802
"AC016526.3","AC016526.3",0.57929247986665,0.000458880291765082,0.000140062617538942,23.3461282664353,3.8080576618431
"AC005622.1","AC005622.1",1.27188571674867,0.000459272012154029,0.000140219827421763,2.57128882889349,3.80778018401313
"AC008871.1","AC008871.1",1.35424682639331,0.000459391636242131,0.000140268901746108,1.65910411332255,3.80769362709482
"HIST1H2BL","HIST1H2BL",1.80865559279721,0.0004598057479127,0.000140407908376522,1.54803363069244,3.80744860299538
"AC011933.4","AC011933.4",1.98163701007502,0.000459827755363547,0.000140427192592649,0.88389109064846,3.80741462915688
"AL845472.1","AL845472.1",0.68252172218984,0.000460494655356982,0.000140643439918586,18.8203613634291,3.80703395751082
"DGCR9","DGCR9",0.713597432670154,0.000461681718573303,0.000141018605205906,35.6296699783807,3.8063748400798
"AC125603.4","AC125603.4",0.858978890949485,0.000462227001963281,0.000141197789063895,10.2434487652044,3.80606061952605
"AC005531.1","AC005531.1",1.20640608261265,0.000467223050390209,0.000142800542136804,7.27932705793656,3.80326658373045
"C2orf50","C2orf50",0.704552216842079,0.000468767840455842,0.000143298303205551,9.58498770355618,3.80240485924276
"AL133368.2","AL133368.2",1.92721074711456,0.000470640724649046,0.000143883687207251,0.699232405162944,3.8013950414773
"AP001029.2","AP001029.2",0.556563652196076,0.00047334170103653,0.000144761159039916,77.2063889938675,3.79988858006438
"AC115102.1","AC115102.1",1.06129945234335,0.000473592098090288,0.00014485067750547,8.20410343616897,3.79973537665386
"AC104984.1","AC104984.1",0.828975861877848,0.000475105049093895,0.000145352365766943,5.08231218412431,3.79887842537999
"AC011816.1","AC011816.1",1.54687397184611,0.000475666854401242,0.000145576229846398,1.24074563670938,3.79849693367206
"AC018766.1","AC018766.1",0.996342361474272,0.000475666854401242,0.000145555355640996,4.69672849580011,3.79853248250305
"CD5L","CD5L",1.70310826400885,0.000475937167007123,0.000145671962206995,3.60456368217345,3.79833396265023
"AC003002.2","AC003002.2",1.01996856869424,0.00047629154196233,0.000145793440930189,6.10611312837308,3.79812730714987
"RPL4P3","RPL4P3",0.990039110685278,0.000477294629852242,0.000146139610976372,2.63124054895362,3.79753930247217
"AL450311.2","AL450311.2",1.440272688442,0.000477405228871462,0.000146186518756318,2.25357732085672,3.79745972580726
"OVOL3","OVOL3",2.1590248260025,0.000479196499158638,0.000146787397253135,3.3386093672289,3.79644248709213
"ATXN8OS","ATXN8OS",1.49079722909529,0.000479288081343743,0.000146828546354437,1.40337731493973,3.79637296851761
"AC007342.6","AC007342.6",0.744904895215318,0.000479327833352266,0.000146866917763117,11.9701455318598,3.79630815919073
"AC091493.1","AC091493.1",1.72932229200519,0.000480823350354481,0.00014735142210377,3.93620370441583,3.79549119988874
"ZNF790-AS1","ZNF790-AS1",0.509281380334336,0.000481955903419678,0.000147724837415283,33.7973151760516,3.794863280227
"AC011825.2","AC011825.2",1.27764045699986,0.000483545990430256,0.000148238640745033,2.58713697303364,3.79400172837737
"AC079416.1","AC079416.1",0.94379206658298,0.0004836250338112,0.000148276086898426,11.9189625843321,3.79393904817059
"IGF2BP2-AS1","IGF2BP2-AS1",1.0333585234439,0.000483753886853448,0.000148328810029492,5.67519069603113,3.79385082146193
"CLEC12A","CLEC12A",1.14961674590291,0.000485891861102459,0.000149010908741058,553.673456222085,3.79271205401577
"CLNK","CLNK",0.974439676801769,0.000486265811981496,0.000149138876458163,32.9843786932553,3.79249895810863
"AC005821.1","AC005821.1",0.909234572222153,0.000490392884311958,0.000150444856554951,5.1934718121817,3.79033398771134
"AL121985.3","AL121985.3",1.80580165089481,0.000490630675184419,0.000150531212646407,1.36580215704194,3.79019145647765
"AC138625.1","AC138625.1",1.10682666716415,0.000490918633191499,0.000150632974964904,4.82256295979064,3.79002359594507
"ARHGEF38","ARHGEF38",0.732784190514632,0.000492090772851136,0.000151006078578407,17.495710863505,3.78940906028862
"AC125604.1","AC125604.1",1.03431418101216,0.00049250964612339,0.000151148073588293,5.83935190374179,3.78917555702386
"AC009309.1","AC009309.1",0.72504917163309,0.000492582472707419,0.000151183882508332,13.1368625479938,3.78911670375982
"MTFR2","MTFR2",0.686030737698434,0.000493121348219727,0.000151389695581761,51.6998383557051,3.78877869672985
"LILRA4","LILRA4",1.47419687262506,0.000493129022192758,0.000151405525352606,60.8548453228756,3.78875271739879
"LINC02057","LINC02057",1.0388608257059,0.000493519992053124,0.000151539049446515,4.92068454864082,3.78853368347141
"AC009879.1","AC009879.1",1.08544776973511,0.000495116764034808,0.000152056406670981,7.80550829931461,3.78768671902712
"AC010627.1","AC010627.1",0.976030954838543,0.000495265990916888,0.000152129300524267,8.7150355318602,3.78756760274947
"CD1C","CD1C",0.884471416550634,0.000496529720854462,0.000152531043240709,198.767856064897,3.7869120750834
"DEPDC4","DEPDC4",0.600205975622042,0.000497448274244795,0.000152853993064208,9.27271030938618,3.78638629191235
"SPATA1","SPATA1",0.666781690918273,0.000498775354081274,0.000153302657396657,28.4086820603024,3.78565757026654
"SPDYE15P","SPDYE15P",1.15597388494768,0.00050418858272644,0.000155062889345851,7.0451477402771,3.78281785236852
"AC125611.2","AC125611.2",1.34421311012439,0.000504292803626371,0.000155125364169053,1.5141372059443,3.7827176225642
"AL355997.1","AL355997.1",0.842281853854786,0.000504292803626371,0.000155136279024818,6.86595375034907,3.78270011550744
"AC024475.4","AC024475.4",1.65055626800661,0.000508871824533754,0.000156586641380889,1.58401288041439,3.7803840339857
"LINC01524","LINC01524",0.750207623120311,0.000509066267724403,0.000156660383436158,11.6914632109418,3.78026681551216
"AC012158.1","AC012158.1",1.04298389199478,0.000509463462632235,0.000156810456748876,4.010257235403,3.78002842313009
"GNAS-AS1","GNAS-AS1",0.672787245164217,0.0005094727158303,0.000156827225239601,16.7782433521752,3.78000179961722
"AP001992.1","AP001992.1",0.83346376152884,0.00050998493924979,0.000156998833589098,10.0786447803381,3.77972948910073
"OR2M4","OR2M4",0.728959606628887,0.00051132925211108,0.000157468564729746,10.5666646158858,3.77898554352946
"MTND4P30","MTND4P30",0.998803415966668,0.000513935425384355,0.000158355413865389,2.3662140227683,3.77758665568864
"AL606491.1","AL606491.1",0.749023898638908,0.00051431508290199,0.00015848644785291,7.70288650988792,3.77738059225511
"KLLN","KLLN",0.507052689506375,0.000514661795755106,0.000158633392190306,47.2904976493631,3.77714969891054
"AC112693.3","AC112693.3",0.841510985073901,0.000520496695229985,0.000160533530854834,6.76604953526688,3.77418200737029
"AC096564.2","AC096564.2",0.856300544056301,0.000526199264129508,0.000162436112629722,7.8490756399525,3.77124343538514
"LINC02217","LINC02217",1.82958669714928,0.000527792839166495,0.000162942465360863,0.877606899684101,3.77046682136948
"AL137145.2","AL137145.2",0.977455680687694,0.00052844878726262,0.000163173850237844,7.49652855056112,3.77011269249878
"AC068669.1","AC068669.1",0.880396842944892,0.000528614784701456,0.00016325399359219,6.39601471268454,3.76999014522349
"RN7SL240P","RN7SL240P",1.5379855549411,0.000529047266575063,0.000163402013753505,1.9531076863601,3.76976395620294
"AC009152.3","AC009152.3",1.01673849275545,0.000530001570039804,0.000163725723404192,13.2407182277632,3.76926996783166
"RPL10AP6","RPL10AP6",1.15491661077105,0.000530969873103563,0.000164068370581934,1.48723706280481,3.76874808050391
"AC108704.2","AC108704.2",0.712267545453823,0.000533527160459367,0.000164902298945773,17.346634034564,3.76748219325383
"TTC34","TTC34",0.553387050119135,0.000534962760885645,0.000165389864188122,47.5260542337612,3.76674486583016
"AC132825.3","AC132825.3",0.826968021727709,0.000536731878320945,0.000165980802722382,6.20267244278047,3.7658539470601
"AC121758.1","AC121758.1",0.954335182769553,0.000536842243008081,0.000166029600497513,9.47215608012062,3.76578051133812
"BIRC6-AS2","BIRC6-AS2",0.788051156353215,0.000536949253730172,0.000166077366928756,11.0908234641955,3.76570864734797
"DHDH","DHDH",1.07362561566728,0.000537390986133665,0.00016624336033786,32.6246370294363,3.76545906347849
"AC129510.2","AC129510.2",0.784880280950082,0.000541208888591807,0.000167468801423597,7.37537121945504,3.76362373943603
"AC110609.1","AC110609.1",1.56302670661572,0.00054313933415381,0.000168080988514059,1.23712292219066,3.76271160351208
"AP006248.4","AP006248.4",1.0247269881782,0.000544267412113798,0.000168459827985057,3.25407837020723,3.7621487109381
"AC096637.2","AC096637.2",0.709525049615353,0.000544864590986314,0.000168674439626081,8.32623702683121,3.76183036179081
"AC006111.2","AC006111.2",0.951395636008714,0.000545332586323309,0.000168834217755387,5.29691298903346,3.76159359853651
"MIR503HG","MIR503HG",1.40314733428571,0.000548007900299821,0.000169737357791163,11.7856828225356,3.76025925261069
"EEF1A1P31","EEF1A1P31",1.29080166759781,0.000549253615301487,0.000170153214303349,2.17079966611425,3.75964708870315
"AC139720.1","AC139720.1",1.26728659664574,0.00054945375792148,0.000170230229270517,3.59001797813057,3.75953387285695
"VAC14-AS1","VAC14-AS1",0.648499837134525,0.000551284937064127,0.00017085781144617,22.3632961849772,3.75861308750976
"AL359885.1","AL359885.1",1.52717632183493,0.000551795775953111,0.000171031210754723,1.43611277109356,3.75835923784198
"RN7SL293P","RN7SL293P",1.37995479662853,0.000551807977951323,0.00017105006994338,1.31222688453281,3.75833164333982
"RN7SL740P","RN7SL740P",1.13216337249218,0.000551974260495673,0.000171116696073224,2.60102422151094,3.75823417982209
"EXTL3-AS1","EXTL3-AS1",0.838075376001467,0.000554386080665528,0.000171909823478048,16.0338492472334,3.75707669299988
"AC102945.1","AC102945.1",1.70611952980113,0.000555214050860511,0.000172196909514404,1.05173188927552,3.75665895858578
"AC117382.1","AC117382.1",1.06708740006946,0.000555370029125099,0.000172260459865792,10.4352824460837,3.75656657601456
"PKD2L2","PKD2L2",0.767799573432598,0.000555634416220637,0.000172357647131148,9.36094696792336,3.75642535774205
"ZNF208","ZNF208",0.802110230975156,0.000555902581944077,0.000172471210087024,24.6277348106327,3.75626043957305
"KCNG4","KCNG4",0.727872848710193,0.000555902581944077,0.00017247061853994,14.1221969808962,3.75626129836373
"NME5","NME5",0.620763734320215,0.000556940090702107,0.000172808319080115,48.8573046797532,3.75577148470214
"AL356417.1","AL356417.1",1.1393380843604,0.000557416589263653,0.0001730018589974,3.27983718407053,3.75549117273495
"SLFN12L","SLFN12L",0.649163669961559,0.000558311092743866,0.000173294735199604,71.8361993504402,3.75506754820729
"AC090519.2","AC090519.2",1.15083772459679,0.000558920518654582,0.000173529709923004,2.3699521245459,3.75472816057656
"LINC01776","LINC01776",0.589632627374764,0.000562863004451109,0.000174861399508432,17.3440513899709,3.75281285136178
"CDCA3","CDCA3",0.856492700377254,0.00056330906655846,0.000175030757804935,92.7515850761936,3.75257025486494
"AC012291.2","AC012291.2",0.763943708073936,0.000565972421466716,0.000175914844004034,13.9023851487208,3.75130742261131
"SMCR5","SMCR5",0.910699773875417,0.000568441732522326,0.000176718763699528,5.60736553070923,3.75016427083686
"AC091057.4","AC091057.4",1.10491529483638,0.000568951977931346,0.000176908481348089,3.43075208912962,3.74989521081899
"RPS6KA1","RPS6KA1",0.65725364318216,0.000568951977931346,0.000176900016957235,2029.96147317076,3.74990720934331
"TMEM150B","TMEM150B",0.959977237356308,0.000569192893047221,0.000176998943024958,240.104990468935,3.74976701242096
"AF127577.2","AF127577.2",1.18507406984054,0.000569476831902125,0.000177133917712883,2.32365155515527,3.74957584659838
"AC099568.1","AC099568.1",1.32245819374432,0.000571723288887872,0.000177863913420512,2.06438449011527,3.74854431507386
"ZG16","ZG16",1.11446455359579,0.000572844229160611,0.00017824394332307,2.52129928475493,3.74800888270359
"AL022323.4","AL022323.4",0.725360008674138,0.000572844229160611,0.000178242460723773,60.7257175956595,3.74801096948338
"RPLP0P2","RPLP0P2",0.981068215145023,0.000573640027321214,0.00017853858168846,96.4442905594371,3.74759449854588
"RNU5B-1","RNU5B-1",1.71724026776676,0.000573799587226993,0.000178603920809036,1.24044395942815,3.74750269166479
"SUCLG2P4","SUCLG2P4",0.872431260727196,0.000575550374655023,0.000179180331944024,4.275178981964,3.74669415163311
"AC004552.1","AC004552.1",1.5348139745347,0.000575837415186032,0.000179285427089397,1.00478638548764,3.74654699684519
"LINC01816","LINC01816",0.695606228123754,0.000577722127877721,0.000179888012494727,13.2850046918234,3.74570481601927
"AC015813.3","AC015813.3",0.763113413224449,0.000580544054693431,0.000180814275784869,6.02138079812559,3.74441541722888
"AC002116.2","AC002116.2",0.795717604311087,0.000582038653814645,0.000181311584801245,4.86543787070863,3.74372570145659
"EFNA4","EFNA4",0.508636428932907,0.000582945659178183,0.000181625982994312,230.432785501614,3.74329058100802
"HOXB-AS3","HOXB-AS3",1.03462540894768,0.000585553343192585,0.000182486445871598,8.26773823459924,3.7421033297661
"AC004039.1","AC004039.1",0.775126693493503,0.00058721587043915,0.000183020613516746,7.48197154866858,3.74136893980872
"AC002519.1","AC002519.1",0.646416704742968,0.000589062037545736,0.000183612113017344,12.1617342982518,3.7405580756514
"TRAT1","TRAT1",0.998270398789979,0.000589145488706632,0.000183654222264378,130.489460801022,3.74050044336125
"LINC01970","LINC01970",0.7788268649639,0.000591079964403357,0.00018432185671017,9.56052443262747,3.73958834990866
"AC079610.1","AC079610.1",0.60064459048433,0.000593519293097727,0.000185098751643964,22.7933952833735,3.73853089104295
"PTGER2","PTGER2",0.677328098730393,0.000594891364312352,0.000185607926147784,1113.52337682995,3.73784009680607
"AC099518.2","AC099518.2",1.05775959032871,0.000596953701592131,0.000186316624314514,8.30773611319042,3.73688156926615
"SLX1B-SULT1A4","SLX1B-SULT1A4",0.871914280210957,0.000597111197085491,0.000186393131885288,55.328266913597,3.73677829639273
"PPIAP30","PPIAP30",1.90025845442154,0.000598302706931299,0.000186819403120601,0.89546248094663,3.73620362746571
"MED12L","MED12L",0.666723407507662,0.000599697680985035,0.000187271367960271,44.2474196220328,3.7355956648786
"AC083841.2","AC083841.2",1.3296470959081,0.000603144661921774,0.000188446657260458,2.3085755408456,3.73402115192277
"RNU6-172P","RNU6-172P",1.37967113251794,0.000603855140711184,0.000188685138642397,1.87792746350636,3.73370278967715
"HSPE1P18","HSPE1P18",1.000219313105,0.000604202479051952,0.000188810179319576,8.25560421275448,3.73353601693089
"AC022613.1","AC022613.1",1.59004550278211,0.000606221267576282,0.000189490732016521,17.9311069190038,3.73263014717558
"AC009264.1","AC009264.1",0.750964860144212,0.000607332031871698,0.000189871119666547,10.3229533532957,3.73212515231063
"AC126773.4","AC126773.4",0.669310600675464,0.000607332369505727,0.000189901114047137,15.0293368954413,3.73208537283989
"AC124303.2","AC124303.2",0.724968617373609,0.000610746145528567,0.000190988541642516,11.5161188773963,3.73064716615286
"AF131216.4","AF131216.4",0.769910531174197,0.000611333990907156,0.000191205775947819,6.89614710668234,3.73036077959638
"AL021877.2","AL021877.2",0.822843265327222,0.00061151904927139,0.000191280364929612,8.56241637972919,3.7302625172049
"AC105233.6","AC105233.6",2.26126588064669,0.000611718437367423,0.000191359446690337,1.0640440238142,3.73015837541679
"GPR85","GPR85",0.569634845428233,0.000612658179726368,0.000191686898987586,183.726606074847,3.72972758759172
"DEPDC1-AS1","DEPDC1-AS1",1.92946864797082,0.000612890979030673,0.000191793228854294,0.615404297159787,3.72958785149396
"LL22NC03-63E9.3","LL22NC03-63E9.3",0.976540148539799,0.00061311244471735,0.000191879284728887,5.47310887611271,3.72947481227439
"LINC00871","LINC00871",1.00807012527569,0.000613757936178299,0.000192114836931572,8.48694792156653,3.7291656447556
"CALB1","CALB1",0.785802393396589,0.000617147141521356,0.00019320943051864,7.70635968705916,3.72773362416025
"AC004584.3","AC004584.3",0.947794695177696,0.000617405595501067,0.000193307213826791,6.23823775911545,3.72760606870717
"AC097636.1","AC097636.1",0.682419787864907,0.000618670900114162,0.000193720279660873,26.1252729916603,3.72706790467346
"AC009269.5","AC009269.5",1.38014910701462,0.000620669337025264,0.000194379954123981,2.05885701386216,3.72621067801843
"EEF1A1P3","EEF1A1P3",0.772612759157444,0.000620899627640787,0.000194469041002387,18.7130039306026,3.72609512195163
"DPY19L4P2","DPY19L4P2",1.14363285484008,0.00062202233381265,0.000194837674112086,5.26589759192849,3.72561749001712
"OFCC1","OFCC1",1.70521817632415,0.00062226133864854,0.000194929540359177,1.16457724512204,3.72549859259661
"AP003555.2","AP003555.2",0.723396465180213,0.000625925742771466,0.000196162962638015,30.1859313059364,3.72390732103635
"AL390318.1","AL390318.1",1.52057908729204,0.000629236384923351,0.000197234891877939,1.19437413612965,3.72253201337742
"AL031432.4","AL031432.4",0.667870243807425,0.000632517284064535,0.000198349705434811,36.0323945195248,3.7211091144031
"TWIST1","TWIST1",0.55434633173041,0.000633063354922831,0.000198538243881096,785.624271852013,3.72086921536251
"C2orf91","C2orf91",0.690573161590995,0.000634106361705404,0.000198882672368544,17.5731259050734,3.72043151174003
"AL136295.5","AL136295.5",0.698395545732623,0.000635783671960688,0.000199460862904796,63.7057665895067,3.71969833941251
"AL034428.1","AL034428.1",0.893167361519298,0.000635899343375363,0.000199514526625845,3.68798515394382,3.71963039263217
"AC073389.1","AC073389.1",0.674589314766768,0.000636653001231456,0.000199768383456981,9.65174523963191,3.71930920217986
"AC105233.3","AC105233.3",1.00367282527109,0.000639052733958606,0.00020057375215122,3.90169877519854,3.71829274750319
"AP003392.6","AP003392.6",0.973462385904411,0.00063906777514576,0.000200595934339039,3.06853321954187,3.71826480569078
"AC019227.1","AC019227.1",1.24342240101748,0.000639356658549601,0.000200704080714674,4.1822639035766,3.7181286205755
"RNU6-1016P","RNU6-1016P",0.955531995517506,0.000639502115418067,0.000200767215119364,11.7314329545784,3.71804914939788
"IYD","IYD",0.800846254108803,0.000640262607904063,0.000201023460406721,8.29860328746977,3.71772683845995
"AC074237.1","AC074237.1",1.50822297772083,0.000641725552793382,0.000201535383584446,1.2978146234957,3.71708408443663
"AC012368.2","AC012368.2",1.25737709178006,0.000641882001969174,0.000201602055046194,1.99435343119776,3.71700048684193
"U47924.2","U47924.2",0.516102107557976,0.000642206653414462,0.000201721568557956,56.8374544135182,3.71685069697517
"LINC01460","LINC01460",0.939993859271252,0.000644398788757843,0.000202445347499595,3.15038807980026,3.71594534049266
"BANCR","BANCR",0.881285215113327,0.000644983068791904,0.000202646528813304,4.78990728289066,3.71569422802069
"AC023790.2","AC023790.2",1.20570414414472,0.000645244949124579,0.000202764068960403,2.3261662318999,3.71554762396594
"AC006273.1","AC006273.1",0.849991552406617,0.00064591546567289,0.000202992422912363,6.77822581683814,3.71526303348018
"LY6E","LY6E",0.586335055806753,0.000646657405201612,0.000203243261620103,10640.0313066016,3.71495076735288
"RNU2-68P","RNU2-68P",1.1657357229569,0.000648331272266885,0.000203804783940286,6.27836959132118,3.71425304517369
"AC114980.1","AC114980.1",0.648669182349814,0.000651049863182336,0.000204722126918322,42.0876673678725,3.7131170717926
"AC116903.1","AC116903.1",3.36127683009044,0.00065128244467591,0.00020482146884395,1.93680312559464,3.71299434077667
"RNU7-45P","RNU7-45P",1.29049814180289,0.000654136019149578,0.00020582612630199,4.90085265290742,3.71175627893785
"AP003084.1","AP003084.1",0.583103109107329,0.000655653801503259,0.000206339530744407,17.8500087971363,3.71112578908725
"KYNU","KYNU",0.879086687215857,0.000656833883078124,0.000206746805460805,2134.62198866996,3.71062667979646
"RNU6-539P","RNU6-539P",1.5918539980807,0.000657215432524326,0.000206884860190518,1.4388755781347,3.71045770527577
"AP005131.1","AP005131.1",0.676942429897342,0.000659052384097341,0.000207499128991329,19.406267913161,3.7097071418285
"LINC02026","LINC02026",1.23568737050287,0.000659501485747802,0.000207658545909934,2.3271350542571,3.70951269440197
"AC009646.2","AC009646.2",2.00919857662869,0.000660276654062693,0.00020793870637795,0.860074658106226,3.70917131052045
"NCF2","NCF2",0.706763160379064,0.000662553493272286,0.00020871005284123,4104.18398545324,3.70823362910162
"AC012501.1","AC012501.1",1.26348367722941,0.000663261883047038,0.000208954298450904,2.11846623850166,3.70793739221697
"CPEB2-DT","CPEB2-DT",0.743520316765439,0.000663261883047038,0.000208969446526282,11.549661288705,3.7079190303628
"MIR25","MIR25",1.27139485379965,0.000666192319125164,0.000209929124196577,4.21364510138889,3.70675829061095
"AC084024.1","AC084024.1",0.866936383587351,0.000666438858970421,0.000210043231733758,14.655737430733,3.70662060805545
"PMCH","PMCH",1.5299294099776,0.0006666115562121,0.000210115875091199,3.97081966753484,3.70653299291563
"AC116351.1","AC116351.1",0.664333590612856,0.000667090812530816,0.000210285163642942,26.888784295272,3.70632892437051
"AC008649.1","AC008649.1",1.58285371868897,0.00066713310794139,0.000210316724485034,1.07469513999358,3.70629089648093
"AL121823.1","AL121823.1",0.655727458672787,0.00066917264451465,0.000210996265408865,12.3119390131726,3.70547340993587
"MTCO2P2","MTCO2P2",1.26714350880962,0.000669359284528905,0.000211073403719995,1.12068436332836,3.7053807690028
"AC010401.1","AC010401.1",0.758584506954827,0.000671116570274186,0.000211645877048681,11.06289293161,3.70469423660336
"AL357055.3","AL357055.3",0.578616213955932,0.000671229033073654,0.000211699683837514,34.0094461297444,3.70462979908476
"AL133304.1","AL133304.1",1.48733198752016,0.000671473487084398,0.000211813476007251,2.82715868365545,3.70449357537989
"PBX4","PBX4",0.751675491549971,0.000672235232746832,0.00021207213304448,40.0652658380282,3.70418418547887
"AL024509.1","AL024509.1",1.20046173492749,0.000673098568365929,0.000212362883382644,3.44799469162365,3.7038368302796
"C9orf41-AS1","C9orf41-AS1",0.957881831092211,0.000673470906220897,0.000212498757480776,3.74368301579558,3.70367465656531
"TRDV1","TRDV1",1.43688621847879,0.000674171378982999,0.000212738196559323,10.4486255854775,3.70338910882013
"TRBV6-5","TRBV6-5",1.17603095043939,0.000674553677565806,0.000212877263747235,20.0326949789282,3.70322340005032
"AC002472.1","AC002472.1",1.16591709247124,0.00067792827312824,0.000214034842372655,10.5422969332251,3.70184799152981
"TSACC","TSACC",1.09598505528867,0.000678020045340269,0.000214082342248481,2.94973331801917,3.70179170257908
"SNORD63","SNORD63",1.63021443980215,0.000681442153142138,0.000215255955968094,0.952411571151862,3.70040464239091
"AC091489.1","AC091489.1",1.26245928109894,0.000681772159429721,0.000215378827490544,2.13612926660279,3.70025983497732
"LINC01516","LINC01516",1.46300365622062,0.00068282637425265,0.000215730521748774,1.85798334708418,3.699845782141
"MC5R","MC5R",1.06617149347832,0.000684666091637168,0.00021633046486768,2.95644928886808,3.69914092426009
"ANKS4B","ANKS4B",0.854245428018327,0.000685276340785,0.000216560730006812,8.23400044020545,3.69887087894219
"CD300LF","CD300LF",0.90767424107912,0.000687856552418201,0.000217422800392924,180.825849394404,3.69786226723947
"PIFO","PIFO",0.670359677229594,0.000687856552418201,0.000217451304994087,214.705528585078,3.69782898137814
"DMBX1","DMBX1",1.16213260379825,0.000689992434562533,0.000218164224507709,2.75278204044347,3.69699780905113
"AC107976.1","AC107976.1",1.61468563344297,0.000690258662173816,0.000218286121369429,0.885484385343533,3.69685594835999
"AC087564.1","AC087564.1",1.19131365028839,0.000691693060485642,0.000218777531303636,4.50372571839844,3.69628481035965
"AC008267.7","AC008267.7",1.04878997217231,0.000692963358509482,0.000219217185300767,3.98098450812777,3.6957748452923
"GABBR2","GABBR2",0.865611024098701,0.000693309603106731,0.000219364605698952,6.77638898732993,3.69560406383915
"AC074011.1","AC074011.1",1.04231228730733,0.000693932390209591,0.000219580617257774,8.84523766123546,3.69535401640712
"AL139823.1","AL139823.1",1.94394663955744,0.000697538922058048,0.000220874301694875,0.739747044896183,3.6938613081558
"ZFP36","ZFP36",0.629948864444994,0.000698136196626813,0.000221082502770698,5422.05701116255,3.6936218439906
"RNU6-1024P","RNU6-1024P",1.0463616881495,0.000699500668417895,0.000221571934997368,2.86387260735116,3.69305975227533
"LINC01605","LINC01605",0.880066642915588,0.000699500668417895,0.000221568999169561,206.561574072635,3.69306312047008
"AC027290.2","AC027290.2",0.61485874138973,0.000699721092621367,0.000221660874555374,145.8342627982,3.69295773421368
"AC093827.3","AC093827.3",0.760947336861653,0.000702147488944774,0.000222448704454074,9.12989836643237,3.69205572852399
"AP000873.2","AP000873.2",0.556284765014332,0.000703008574902916,0.000222740715171841,45.8216714734293,3.69172215993457
"AC112496.1","AC112496.1",1.25859855800465,0.000703896295821231,0.000223060445338251,4.84803909376281,3.69135739746165
"GEMIN7-AS1","GEMIN7-AS1",0.690262666435991,0.000704182724503753,0.000223172742779508,11.1210200919103,3.69122939997613
"AL161937.2","AL161937.2",0.867563958569296,0.000705540377566757,0.000223658555166248,5.63592337816902,3.69067636291744
"BMS1P4","BMS1P4",0.626262193333138,0.000705822016051031,0.000223767120747564,57.0650429831328,3.6905529286553
"NAT8B","NAT8B",1.074396257446,0.000707694501254928,0.000224399428592679,7.17743429655795,3.68983513784463
"AC113615.1","AC113615.1",0.921568786901056,0.000707901039741028,0.000224484260969818,4.94328424323624,3.68973898129225
"LCMT1-AS1","LCMT1-AS1",0.671652766615482,0.000710429962714983,0.000225325036399779,9.43665417416033,3.68878781167866
"AC023825.2","AC023825.2",1.40851447032282,0.000710540284437807,0.000225379441024031,1.97343966880641,3.68872637852325
"AC022558.1","AC022558.1",1.02309549362619,0.000711460441045253,0.000225690748942195,2.54878294218894,3.68837512022786
"ACP2","ACP2",0.649386983207631,0.00071176276608681,0.000225825548233559,4069.81015488175,3.68822316312206
"OR1C1","OR1C1",0.946871203842475,0.000718468855582727,0.000228020119768057,4.31937260185092,3.68576115994223
"AC145543.1","AC145543.1",0.552330361629568,0.000719094505647812,0.000228249976013296,9.23946331214112,3.68550458136528
"AC107214.1","AC107214.1",0.688865672684009,0.000719097270307119,0.000228270501555455,7.02257339584631,3.68548168138719
"TRBV5-5","TRBV5-5",1.75745335230743,0.000719483534148497,0.000228427713224865,2.42488097847,3.68530634721858
"AC009226.1","AC009226.1",0.781721511076471,0.000720232087548015,0.000228689775387182,5.2492239281689,3.68501432756072
"RPS3AP12","RPS3AP12",1.4701868725988,0.000720327636548535,0.000228740824977634,1.23306420778082,3.68495747881554
"RNU6-97P","RNU6-97P",1.05467742329972,0.000720327636548535,0.000228759477570524,4.46716633560388,3.68493671028713
"AC097534.2","AC097534.2",0.552109465603755,0.000721089254341919,0.000229021052282042,119.337524453933,3.68464563004959
"PSRC1","PSRC1",0.601210892750106,0.000721333888130366,0.000229118458141357,88.8694967583296,3.68453731657167
"RNU2-70P","RNU2-70P",1.41805067287212,0.000722011296787284,0.000229353352180359,1.37203862880831,3.68427629649914
"FKBP11","FKBP11",0.981250456074022,0.000722439397762723,0.000229509081608437,1855.09656822399,3.68410338437471
"AQP4-AS1","AQP4-AS1",1.04767383224415,0.000723448561741246,0.000229908746731125,2.56037324552113,3.68366012488019
"TMPRSS11B","TMPRSS11B",1.12638969494905,0.000724697617959558,0.000230325492284095,4.74476496031913,3.68319869139535
"SNORD13E","SNORD13E",1.29400338685508,0.000726238584151635,0.000230854932867568,2.47427961194856,3.6826136072395
"CEACAM4","CEACAM4",0.895404513000247,0.000726238584151635,0.000230841317769828,71.513625997396,3.6826286374851
"CXXC1P1","CXXC1P1",0.992765179851983,0.000726348614235124,0.00023090975509237,2.74355677110274,3.68255309523209
"ACTG1P14","ACTG1P14",0.991206276042122,0.000727772495627278,0.000231382298945846,2.66495215538353,3.68203206617562
"ZWINT","ZWINT",0.744333787549266,0.000732154809463075,0.00023285559665975,274.322935922342,3.68041398753316
"LINC01902","LINC01902",0.742034912694959,0.000732311745709381,0.000232925517959586,15.6291398824983,3.68033743409168
"IQCM","IQCM",0.832211532243105,0.000732709489188972,0.00023309718738678,5.11951630757743,3.6801495729897
"CD37","CD37",0.774875180152996,0.000732709489188972,0.000233112087546556,3365.01280055933,3.68013327358709
"LINC01619","LINC01619",0.873644900415338,0.00073313849950537,0.000233268609162546,13.5333098784577,3.67996211240609
"AL359075.1","AL359075.1",1.72245660867061,0.000734166319046925,0.000233635758297755,0.824733595578869,3.67956104610293
"AC125613.1","AC125613.1",0.910406743252816,0.000734508895929352,0.000233784915672041,4.15080006793242,3.6793982785212
"AC010285.2","AC010285.2",1.46732839951391,0.000735413344149858,0.000234092883940705,1.24557077573834,3.6790625170742
"DMBT1P1","DMBT1P1",1.45234832307536,0.000737390612622777,0.000234782721082358,1.37376567611048,3.67831192587671
"LINC01549","LINC01549",0.955020972969028,0.000740183626440961,0.000235793352295832,5.60421264214121,3.67721601654312
"AC090515.5","AC090515.5",1.01287147714743,0.000741254029387614,0.000236235607496848,4.17560331504355,3.67673782914914
"IL12A","IL12A",0.882683466257107,0.000741254029387614,0.000236217561898749,12.2084082836708,3.67675732446507
"AC007038.2","AC007038.2",0.744415157382763,0.000741254029387614,0.000236178146103042,10.2065291231454,3.67679991164289
"RN7SL143P","RN7SL143P",1.90950933214491,0.000744209523539236,0.000237218183600883,1.38103344280347,3.67567842026316
"HIST1H4H","HIST1H4H",0.707341314216786,0.000745183402242122,0.000237569330783931,63.2824803622376,3.67530081347105
"AC012464.3","AC012464.3",0.786149543640036,0.000748476566412615,0.000238741917437659,7.14089347357961,3.67404365324901
"AL365318.1","AL365318.1",1.33150127535744,0.000749570510201249,0.000239111333823317,1.36633433856094,3.67364879238841
"ABHD17AP3","ABHD17AP3",1.9729255914177,0.000749702641027559,0.000239194451741272,0.661302775077323,3.67356002839844
"AL590822.2","AL590822.2",0.969436012198099,0.000749884251676831,0.000239272884261374,9.89693574979559,3.6734762946126
"AC067930.6","AC067930.6",0.522723766956987,0.00075364957977003,0.000240494916312855,37.818740982811,3.67217498081972
"NACA2","NACA2",1.48497042122476,0.000755235930954624,0.000241083673907562,1.17259199663434,3.67155023934152
"AL645730.1","AL645730.1",0.63321586617592,0.000756262174264189,0.000241431931039175,18.6377925517902,3.67118137072385
"AC012100.3","AC012100.3",1.08160924937483,0.000756772640891306,0.000241615571704552,3.00982577154267,3.67098706230996
"AL513412.1","AL513412.1",1.74106656130994,0.00076264772037808,0.000243616341947598,0.855588520696813,3.66887899783613
"AC015911.9","AC015911.9",1.02944405176274,0.000763596682233955,0.000243982065139591,4.03418415334151,3.66849541881397
"KRBOX1","KRBOX1",0.772427205229431,0.000764486784895318,0.000244287356194179,47.795096022087,3.66817563525493
"DLGAP4-AS1","DLGAP4-AS1",0.674010510556744,0.000766607590993095,0.000244985993722649,13.9623378803819,3.66744524093526
"EFCAB6-AS1","EFCAB6-AS1",1.06368750283235,0.000769832860133708,0.000246058766574063,2.46340129802294,3.66632749958414
"AC022819.1","AC022819.1",0.816148307688456,0.000770869666856722,0.000246453344951788,9.61737885147384,3.66591753083652
"CCNE1","CCNE1",0.767273927357139,0.000774223026483861,0.000247588904122165,66.5853271077609,3.66474110598381
"TAS2R42","TAS2R42",1.55720747926865,0.000775472313674388,0.000248009602217512,1.65900403210417,3.6643065525622
"AC079354.1","AC079354.1",0.775457543987742,0.000775901162102362,0.000248167955506168,9.85557113762972,3.6641431631301
"CUZD1","CUZD1",0.78601173529493,0.000776516467186396,0.000248385974517094,15.1793062095591,3.66391837034059
"LINC01048","LINC01048",1.62684323367724,0.000778502451411956,0.000249042506656771,5.48904524326318,3.66324255600219
"AC012313.3","AC012313.3",0.864272078549538,0.000780764380084621,0.000249787429339895,31.895924749848,3.66247777578064
"C8orf88","C8orf88",0.524733110789876,0.000780793354222315,0.000249818032676939,101.761399631871,3.6624464024118
"AC015712.1","AC015712.1",0.999185330979849,0.00078085778312343,0.000249881317957912,4.2667410457333,3.66238153619883
"MIR4458HG","MIR4458HG",0.654705441329217,0.00078085778312343,0.00024986980322138,139.801757589182,3.66239333743864
"AL031133.1","AL031133.1",1.52883993371371,0.000781465343266967,0.000250118446706994,1.6953948449703,3.66213862068021
"TGIF2-RAB5IF","TGIF2-RAB5IF",0.977316643089821,0.000782047948872643,0.000250326285446133,12.0818252087108,3.66192588751142
"ZNF233","ZNF233",0.640013912845266,0.000782101666377451,0.000250364849402394,31.6403217831192,3.6618864336272
"OR4D9","OR4D9",0.725025171966454,0.000784393971670206,0.000251120089785508,20.1708617243009,3.66111491143204
"LINC01789","LINC01789",1.34127286378944,0.000787391650836122,0.000252101296879633,1.4550842284852,3.66011579483847
"B9D1","B9D1",0.545732383886673,0.000788159472455108,0.000252368667387126,278.420553814001,3.65984417643627
"HAR1A","HAR1A",0.586125012239472,0.000788419193976866,0.000252473372316426,42.924366240537,3.65973788152075
"AC093503.3","AC093503.3",0.822973172537865,0.000789188936624096,0.000252784554333296,7.37497655797077,3.65942221791854
"AC010761.1","AC010761.1",0.649153551402843,0.000789188936624096,0.000252777533148673,32.7476642224666,3.65942933620148
"PAUPAR","PAUPAR",1.15152909716736,0.000790454318635036,0.00025321146565964,6.3401371339802,3.65898975070358
"SNTG1","SNTG1",0.906425279416213,0.000792318255902053,0.000253830201657192,6.19963994071962,3.65836417452331
"AL160254.1","AL160254.1",0.716116048977205,0.000792331245205684,0.000253862307366452,4.96254109448836,3.65833175292362
"XXYLT1-AS2","XXYLT1-AS2",1.43200656038911,0.000793536902060359,0.00025432902158988,4.59892830771967,3.65786088039414
"AC091982.3","AC091982.3",0.533955712128864,0.000795812743156212,0.000255080174047529,81.2723222596711,3.65710473425814
"ATP5F1AP10","ATP5F1AP10",0.860261491749165,0.000797396276903467,0.00025569667766166,5.86008850206024,3.65648569067819
"ZNF556","ZNF556",0.737028562745048,0.000798292991187146,0.000256083445950308,19.5638960113709,3.65609804300032
"CORO1A","CORO1A",0.746534688862337,0.00080067976420729,0.000256946469319233,6337.31003683824,3.65523503291465
"GUCY1B2","GUCY1B2",1.39112853617568,0.000801299709655689,0.000257167310298525,6.89043827071643,3.65501463211376
"RN7SL732P","RN7SL732P",2.00606720560176,0.00080324204908165,0.000257812627409551,0.778405629835161,3.65437161674947
"CCL18","CCL18",1.36234841939636,0.000806911855853595,0.000259084518663117,15391.5543035897,3.65310866866588
"BX470102.1","BX470102.1",0.782257409872303,0.000806911855853595,0.000259100744009165,11.5298469390219,3.6530925949919
"AC009303.2","AC009303.2",0.932333172729749,0.00080783884375598,0.000259435272004124,5.23942905214221,3.65276140426701
"AC009967.1","AC009967.1",1.0649351846604,0.00080809055507976,0.000259545465039006,4.29795311662213,3.65265239819239
"HVCN1","HVCN1",0.561176052461918,0.00080891340419344,0.000259831852774613,860.041710012001,3.65236929813581
"AC009054.2","AC009054.2",0.729116974495585,0.000810998073924372,0.000260567948612713,7.97032965042307,3.65164299274801
"AL645939.1","AL645939.1",1.08568959041217,0.00081265412781193,0.000261144435563707,17.7831195885019,3.65107551541091
"RNU6-824P","RNU6-824P",1.15180783801655,0.000812912064562796,0.000261249534232837,4.56602393111389,3.65097218587467
"RN7SL824P","RN7SL824P",1.3806632904242,0.000813306677805685,0.000261420797226866,2.44142526898764,3.65080388923372
"FRY-AS1","FRY-AS1",0.846239511237723,0.000814895933383824,0.000261953896452381,4.8810291224744,3.65028068442134
"H3F3AP2","H3F3AP2",0.843513504254799,0.000815327431531229,0.000262114881810881,6.40053263052391,3.65012288322149
"AC010609.1","AC010609.1",1.82710183023668,0.000815999400023862,0.000262353204734577,1.13994390601222,3.64988944088038
"LINC02334","LINC02334",0.724669127640086,0.000816650908674969,0.000262584985745158,24.219313583164,3.64966259710925
"AL358333.2","AL358333.2",1.50082802285694,0.00081674473685992,0.000262659787230287,1.73720854092592,3.64958942906087
"GCH1","GCH1",0.67750075772596,0.000819326424363543,0.000263601974012424,707.099777362414,3.64866948572636
"AC012170.1","AC012170.1",1.10507901577706,0.000819712942335435,0.000263771122759759,2.57085656444334,3.64850465676186
"SINHCAFP3","SINHCAFP3",1.00259673806287,0.000820234747625535,0.00026396144314144,5.34752450458692,3.64831931528632
"AC013268.1","AC013268.1",1.00557185081906,0.000822051109537885,0.000264613353410362,29.7406132554458,3.64768540755468
"HNF4A","HNF4A",0.88315672529157,0.000823852732192127,0.000265215795259095,6.33741491392363,3.64710090248393
"RPSAP4","RPSAP4",1.69524674026474,0.000824198593025637,0.000265349654952897,0.916035348745036,3.64697119727786
"AL137782.1","AL137782.1",0.62134304062475,0.000829034425891361,0.000266974500493335,63.5178136331255,3.64540165302192
"AC005264.1","AC005264.1",1.10017718337368,0.000832719175603508,0.000268183855374151,4.66056147221448,3.64423926035593
"GOLGA5P1","GOLGA5P1",1.2496831524725,0.0008330574049402,0.000268338308337387,1.78175118182324,3.64409115917348
"AC005363.2","AC005363.2",0.964365394048003,0.000833300444112398,0.000268439362717156,2.89356361887942,3.64399430382925
"AC004076.2","AC004076.2",0.626983749139341,0.000837284158717977,0.00026974555357916,18.7469101534312,3.64274545464195
"MIR3945HG","MIR3945HG",1.07458293983469,0.000838292682028136,0.000270139181175437,46.1409206264816,3.64237021867487
"AC018653.4","AC018653.4",0.908869276121706,0.000838498156931301,0.000270228305718864,4.48726962408876,3.64228532949558
"C10orf82","C10orf82",0.988636677164715,0.000838741948611501,0.000270329791136951,17.985711000586,3.64218869880231
"EEF1A1P7","EEF1A1P7",0.988694387462786,0.000840292001903841,0.000270852338764983,1.49035256266631,3.64169168576223
"AC009480.1","AC009480.1",1.94496529593464,0.000840569572798073,0.000270987742546093,0.534166119509111,3.64156304518595
"RN7SL546P","RN7SL546P",0.854841347838862,0.000842516092824045,0.000271661313462569,3.88408139982839,3.64092401201221
"AL353997.2","AL353997.2",1.02014326199987,0.000845413720833366,0.000272641824831176,4.87088577505458,3.63999642632224
"AC005839.1","AC005839.1",0.50073312888051,0.000845791881516143,0.000272786889516559,38.2520052119273,3.63985945747271
"AC131009.2","AC131009.2",1.10934570590057,0.000846855891585697,0.00027315319544712,19.9702640739477,3.6395138981156
"AC015522.1","AC015522.1",1.06251343911898,0.000846997809786445,0.000273222113782857,3.18978939145327,3.63944893167618
"AC009120.1","AC009120.1",0.873999141482852,0.000847213499346306,0.000273337987384387,16.003417124845,3.63933973707928
"AC116424.1","AC116424.1",1.17807445906237,0.000849682067791327,0.000274157641972398,1.93029622304119,3.63856856430231
"COLCA1","COLCA1",0.66023863788201,0.000852677035646336,0.000275193889042174,45.5929795608396,3.63759669718463
"AC005224.3","AC005224.3",0.915871509531544,0.000855399021734688,0.000276119130106659,29.0118747931217,3.6367318334582
"RNU7-84P","RNU7-84P",1.94760286922651,0.000858634122799032,0.000277280709783375,0.60887050426428,3.63564989063096
"SNHG21","SNHG21",0.615338947863243,0.000859073391065473,0.000277446036295907,35.181626358529,3.63549624417722
"AC005921.3","AC005921.3",0.858667529745647,0.000860415098405516,0.000277926372123555,9.31142886436008,3.63505032959774
"RPL10AP2","RPL10AP2",1.57478394872391,0.000860465541241244,0.000277989687139989,0.767916944468456,3.63499160566732
"KLK2","KLK2",0.982482529753794,0.000860465541241244,0.000277979665481241,3.98854351517662,3.63500089980253
"TMEM212","TMEM212",0.633663770711259,0.000861888727781149,0.000278496573533153,24.3981177624608,3.63452192584362
"TPTE2","TPTE2",1.50988186550439,0.000865706757050636,0.000279824884174677,10.0414913749009,3.6332949058799
"CXCL9","CXCL9",1.49292786324361,0.000867687906745732,0.00028048896485447,5485.56567522941,3.63268350990636
"LINC02466","LINC02466",1.12022881730793,0.000867946204288209,0.000280596177194407,1.97713421468666,3.63258493042789
"AP000462.2","AP000462.2",2.70233117025824,0.000869763559246454,0.000281207470055556,0.413860956401024,3.63202353299669
"RPL9P32","RPL9P32",1.39983611695049,0.000875131676884314,0.000283182175724499,1.16424091965765,3.63021778952014
"PIGR","PIGR",0.934791575737907,0.000878164983335447,0.000284211705992196,7.71224593656769,3.62928102313286
"AL589843.1","AL589843.1",0.695143780507983,0.000878223345477813,0.000284254590303838,25.6532016672511,3.6292420718454
"ACOT4","ACOT4",0.56713575705186,0.000879378111866395,0.000284676408355229,133.169746972436,3.62885923290434
"RNU2-28P","RNU2-28P",1.2940933491331,0.000881899463366469,0.000285540824637085,5.11598906898357,3.62807635285901
"AC135279.3","AC135279.3",0.846152633177685,0.000884126200016412,0.000286310110183188,6.33657477512262,3.62738149547298
"AC104333.4","AC104333.4",1.37210247610092,0.000885453590328103,0.000286788351040994,13.1697596499452,3.62695040547174
"LUCAT1","LUCAT1",0.722708560205954,0.000886090324577759,0.000287018792804977,207.904160321014,3.62674292388522
"LINC01140","LINC01140",0.72968271105623,0.000888591210516839,0.000287901706994964,1368.04913104688,3.62594942109836
"AC009145.4","AC009145.4",0.956000366640598,0.000892367099384413,0.000289222616270879,7.63678515570108,3.62476652479378
"RELL2","RELL2",0.619812106423307,0.000892759092481863,0.000289398450045215,98.722388183407,3.62460944457239
"AP002505.2","AP002505.2",1.0739137745756,0.000895585970630886,0.000290363756591876,4.07770093553019,3.62374868230267
"RN7SL440P","RN7SL440P",1.29573085755617,0.000895705751956457,0.000290427065178483,3.70101415266492,3.62369232385274
"CRTC3-AS1","CRTC3-AS1",0.70530888748003,0.000896322568707903,0.000290700535275904,6.33849383490733,3.62344900797391
"AC019109.1","AC019109.1",1.27570604117439,0.000896827878811526,0.000290913428707081,3.37988895166526,3.62325973765946
"TNFSF13","TNFSF13",0.62294444672927,0.000896931403079122,0.000290971516947414,3341.98016228396,3.62320811754772
"AL133284.1","AL133284.1",0.62987715687265,0.000897993105443904,0.000291389549448122,14.6412998515659,3.62283691744874
"AC018765.1","AC018765.1",0.591974250087216,0.000901391602211065,0.000292541584498566,12.1661496381854,3.6218165212661
"AC083836.1","AC083836.1",1.21039801684342,0.000904315702165297,0.00029354000223295,2.07241957695045,3.62093522922713
"TAS2R13","TAS2R13",1.36653427030376,0.000906447953700624,0.000294256896033146,1.55250033916203,3.62030416535461
"LINC01473","LINC01473",0.88557770794204,0.000906560646711876,0.000294318249248081,7.13872652050051,3.62025022455567
"LINC01249","LINC01249",1.38824276824624,0.000907330878529426,0.000294593098979895,1.33763320548324,3.62000871012082
"AC010319.1","AC010319.1",0.736322259635853,0.000908905372543756,0.000295153975591752,14.3230694470342,3.61951651384419
"AL591643.1","AL591643.1",0.948489950767616,0.000909772908703429,0.000295460553371648,5.09180438417624,3.61924784724226
"ACTR3C","ACTR3C",0.725686629612268,0.000913107020680082,0.000296568298445972,33.2396995938405,3.61827925648601
"CHCHD2P11","CHCHD2P11",1.34541144208741,0.000914933355013477,0.000297286468423188,1.79826983874448,3.61765311158932
"AC093503.1","AC093503.1",0.865243884727497,0.000917656681429647,0.000298271643550017,3.60438107462762,3.61679647590062
"LINC02073","LINC02073",0.581922591333781,0.000918912189893458,0.000298729944407015,33.2201795122696,3.61639887401121
"AC124068.2","AC124068.2",0.771095938578959,0.000923339317146011,0.000300219620045289,6.39691588862636,3.6151104310327
"TFR2","TFR2",0.551908232301118,0.000923520019019629,0.000300328841399263,74.1758664866382,3.6150161995771
"SNORD17","SNORD17",0.792994312185043,0.000925201335177618,0.000300926164484121,6.04855006395657,3.61450142210289
"LINC01715","LINC01715",0.696235165127856,0.00092679603946713,0.000301520818654475,16.0609792861171,3.61398989437573
"AC027031.2","AC027031.2",0.513562616236613,0.00092706168621848,0.000301657903799991,37.0015745288999,3.61387210631227
"AC146507.2","AC146507.2",1.34175798019152,0.000929805709130209,0.000302652406155037,1.52000388034177,3.61301909506832
"AL049835.1","AL049835.1",1.25857838740363,0.000934090883811295,0.000304123800417918,3.96558562384817,3.61176184335287
"LMNTD1","LMNTD1",1.21553684582704,0.000934210375580198,0.000304197971824852,2.10826449293746,3.61169861755418
"CFAP300","CFAP300",0.510789593369068,0.000934455172089289,0.000304319003145775,116.460989412963,3.61159547803467
"AC124319.1","AC124319.1",1.08348747782825,0.000936040150582177,0.000304886325721745,7.80202554849284,3.61111253297833
"RPL3P6","RPL3P6",0.949971636297327,0.000938107654590844,0.000305636647813908,5.72978784762096,3.61047509662959
"GIMAP1-GIMAP5","GIMAP1-GIMAP5",0.506952093266965,0.000938932022495187,0.000306007846234121,810.765407265061,3.61016028650249
"MIR4500HG","MIR4500HG",1.18933019833248,0.000940530995274595,0.000306580364863136,2.02643329069013,3.60967543885237
"RNA5SP122","RNA5SP122",1.42205775481875,0.000941278931714803,0.000306849884813501,0.957585286217729,3.60944748449194
"FBXW10","FBXW10",1.37490783453233,0.000942226033165918,0.000307210121964231,2.06867236692658,3.60914309599381
"TPTE2P1","TPTE2P1",0.574393504851512,0.000942729511850677,0.000307400038100111,21.5539520644244,3.60898275764696
"RPL5P18","RPL5P18",1.61427881651454,0.000942885382461946,0.000307476626128674,1.13894054623381,3.60891812378239
"RNU6-176P","RNU6-176P",1.72364702443238,0.000951602721995451,0.000310449370218467,0.672051623230388,3.60642095359887
"AC005086.2","AC005086.2",1.34559402584612,0.000952056032323556,0.000310649283805784,2.0502847884129,3.60625382627263
"PTPN7","PTPN7",1.01059414248641,0.000955160744210721,0.000311818917779986,659.062609903866,3.60527802817799
"AC055733.2","AC055733.2",2.03743435475021,0.00095605907113052,0.000312164427990101,0.615579308488265,3.60499043277644
"DISC1-IT1","DISC1-IT1",0.727280246678487,0.000959243632083242,0.000313282852927429,9.9899330104858,3.60406151886528
"CYCSP28","CYCSP28",1.62826832720893,0.000959427185776872,0.000313369014966986,1.12271155790953,3.60399008537817
"AC016877.1","AC016877.1",1.16264021011062,0.000960002660597865,0.000313583207394942,2.16174015948672,3.60381258667818
"AC023302.1","AC023302.1",1.02433908406173,0.000960120336095443,0.000313672644265538,3.60593339788687,3.60373850500448
"Z93929.1","Z93929.1",0.930426118592864,0.000960120336095443,0.0003136741129182,7.04794872702777,3.60373728866623
"AC018628.2","AC018628.2",1.09496707630183,0.000962926452468759,0.000314617189503031,6.73825747588772,3.6029573313608
"AC003043.2","AC003043.2",0.736032132637237,0.000966155868547545,0.000315777931079148,26.3211286413366,3.60200035671558
"LIF-AS1","LIF-AS1",0.896887284903324,0.000968611280653922,0.000316627928916509,4.73362766608052,3.60130166149085
"AC093627.5","AC093627.5",0.60280126283996,0.000970876175800655,0.000317426823673615,18.1766177125053,3.60064657165996
"AC243960.7","AC243960.7",1.28725055908988,0.00097090213022208,0.000317463690909001,2.876841484659,3.60061637797459
"REV3L-IT1","REV3L-IT1",0.679138845436296,0.00097090213022208,0.000317488365652008,9.84354964861364,3.60059617158206
"RPA4","RPA4",0.96955954898306,0.000971305037373737,0.000317646656802816,5.60471525715015,3.60046658033754
"DEC1","DEC1",0.558880694175059,0.000971644304188722,0.000317810704266324,62.4511257705597,3.60033234023601
"TRBV5-1","TRBV5-1",1.17858980371421,0.000974005279400664,0.000318609557774386,35.9584067737318,3.59967956369095
"AL139246.3","AL139246.3",0.929538531093349,0.000975162716377931,0.000319014814699663,10.0181189878507,3.59934899687816
"AL713999.1","AL713999.1",1.68185882539431,0.000977541884651172,0.000319819845537122,7.62382386357564,3.59869350008089
"OR5AN1","OR5AN1",0.776616882728797,0.000980252803242113,0.000320733553343652,8.43583392064183,3.59795138165982
"KRT81","KRT81",1.1922258472601,0.000980774281732619,0.000320930976202351,5.84735328388693,3.59779129375629
"LINC01322","LINC01322",1.49979218393592,0.000981111599484608,0.000321121775191293,1.47108556922885,3.59763666463872
"RN7SL48P","RN7SL48P",0.956195548160393,0.00098383227181226,0.00032209290638691,5.89331688678848,3.5968509616334
"C14orf178","C14orf178",0.937761790721923,0.000984696684908298,0.000322429713159951,5.54148552784518,3.59657898266956
"KRT8P39","KRT8P39",0.994907278512768,0.000989902492444525,0.000324242495134429,7.48662056763704,3.59511967244363
"RNU6-786P","RNU6-786P",1.29018733652085,0.000989977626055649,0.000324294154451793,1.84369281118478,3.59507819810775
"LINC01675","LINC01675",2.03620988114902,0.000990127446724968,0.000324370285697215,0.770078791460439,3.59501708791861
"AC008972.1","AC008972.1",0.719648941628286,0.00099221974287202,0.000325109952635899,8.35882525113297,3.5944240585633
"GPR19","GPR19",0.681001298243699,0.000993636041953495,0.00032560116536376,19.6955121358028,3.59403092519381
"AC019069.1","AC019069.1",0.593129464238744,0.000999346050768451,0.000327526869011928,72.2809127355998,3.59249505703485
"TRBV3-1","TRBV3-1",1.17960818275583,0.00100113959141626,0.000328142040455462,20.4215089487665,3.59200620041094
"FAM186A","FAM186A",0.730542095069879,0.00100170142605821,0.000328353561802792,7.66283209812963,3.59183830944964
"AC008608.2","AC008608.2",0.602765885662858,0.00100359255550642,0.000329000887482335,16.1504556910237,3.59132513537519
"RASSF7","RASSF7",0.626282598257549,0.00100970192051144,0.000331141620041499,244.274428423528,3.58963475114679
"RN7SL122P","RN7SL122P",1.50322162458535,0.0010100214616648,0.000331277386831414,0.953452900184528,3.5895278909154
"LINC00309","LINC00309",2.06962659328146,0.00101062466542077,0.000331527083609984,0.603139352161589,3.58933146485907
"USP12-AS1","USP12-AS1",1.413629080777,0.00101242118031853,0.000332144078037231,1.85381590358807,3.5888466940797
"UPK3A","UPK3A",1.22126524828454,0.00101432448703446,0.000332823923189073,26.5162035249204,3.58831351648161
"RAC2","RAC2",0.796191446721719,0.00102269101922672,0.000335708896554272,3202.73273381518,3.586062216924
"VNN1","VNN1",0.780070165611669,0.00102269101922672,0.000335682293633765,208.17079527532,3.58608289378528
"AL117379.1","AL117379.1",0.848123437043718,0.00102295680683774,0.000335824094487702,10.4489631855139,3.58597269813988
"LGALS8-AS1","LGALS8-AS1",1.01688784107239,0.00102326736974613,0.00033595400734636,3.91375188031759,3.58587177904783
"FBXO16","FBXO16",0.963356129669737,0.00102663864225649,0.000337229152632791,27.9630447034825,3.58488315237794
"AC114763.2","AC114763.2",1.03793237309013,0.00102680123995223,0.000337310617993542,8.31133981315181,3.58482011079279
"AC096711.2","AC096711.2",0.770829655424723,0.00102839096008272,0.000337889048744358,17.4226834522011,3.5843729041078
"AP000812.1","AP000812.1",1.18645496222411,0.0010292758638788,0.000338236039642349,4.46145911940464,3.58410497592317
"AC138907.8","AC138907.8",1.08414244076296,0.00103405283686385,0.00033994709508855,6.99312497538935,3.58278753764181
"CCDC169","CCDC169",0.565620425379168,0.00103792299449807,0.00034133285504464,42.7926073045279,3.58172510164587
"AC004453.1","AC004453.1",1.45231082997883,0.00103837626698687,0.000341510290601408,1.68269126962321,3.58158935668999
"AC019257.7","AC019257.7",1.27188802384274,0.00104001104288604,0.000342076366410618,2.85851550602301,3.58115672774399
"AP000915.2","AP000915.2",1.26115342531944,0.0010413217236719,0.000342578921627212,9.25298136536389,3.58077320590501
"TRIM71","TRIM71",0.809094766022614,0.0010424137938786,0.000343066044079558,9.64592550086178,3.58040196348765
"CD74","CD74",0.732481588387224,0.0010424137938786,0.000343042357544655,287323.446408293,3.58042000389724
"AC100810.3","AC100810.3",0.642343050213011,0.00104410721988227,0.000343708947925944,9.67872957436667,3.57991275219705
"AL359258.2","AL359258.2",0.556060313498246,0.00104415550009586,0.000343753370875024,48.436905604384,3.57987898062155
"AP003774.1","AP003774.1",0.648280465527679,0.00105629813352058,0.000348068403242114,31.2434518764537,3.57661787406392
"CARD9","CARD9",0.680183855493311,0.00105751914503403,0.000348586326557844,321.608741600528,3.57622899613573
"GPR35","GPR35",0.726683746229076,0.00105759076853368,0.000348638832272981,76.1799475671727,3.57618960288213
"CCND2-AS1","CCND2-AS1",0.655253657804022,0.00105841090815697,0.000348995951792078,28.2987811485996,3.57592181537853
"ZBED3-AS1","ZBED3-AS1",0.506901387813635,0.00106397613371484,0.000350889148171755,105.278407625025,3.57450646125408
"MTND2P26","MTND2P26",2.066537074131,0.00106435676420586,0.000351048688052474,0.621725115216391,3.57438751572728
"HNRNPA1P68","HNRNPA1P68",1.19927630116575,0.0010646464393224,0.000351197477033233,2.61806725520184,3.57427663112751
"AL442128.2","AL442128.2",0.524792993374986,0.00106825999555916,0.000352506242421048,20.1672953230736,3.5733031657612
"AC009690.2","AC009690.2",0.754176265976577,0.00107442619455622,0.00035459968862659,29.2408608299524,3.57175305705797
"AC130324.3","AC130324.3",1.17026194655731,0.00107621453981723,0.000355219313123094,12.7395371888889,3.57129589261746
"AC008870.4","AC008870.4",1.18117932291434,0.00107626528805984,0.000355265470232819,2.38337952029018,3.57126186734697
"AC008946.1","AC008946.1",0.720708312681828,0.00107811767666459,0.000355935842157936,7.29377878047288,3.57076816009267
"BFSP2","BFSP2",1.57118734485264,0.00108109952660715,0.000356979364983944,14.2855973416051,3.57000136695149
"PATL2","PATL2",0.691724941691617,0.00108213226242265,0.000357379509164254,64.3432492941578,3.56970789208483
"BAGE2","BAGE2",1.54644894767848,0.00108597577945735,0.000358708194154483,1.17699008700234,3.56873560359872
"AL442067.1","AL442067.1",0.913498269069325,0.00108758439951948,0.00035929896922293,2.60159298777899,3.56830437480656
"RN7SL530P","RN7SL530P",2.11643886937501,0.00108988756269463,0.000360089631085643,0.579728697474229,3.56772827751297
"HMBOX1-IT1","HMBOX1-IT1",1.22547092858477,0.00109324553878787,0.000361228948893733,4.32575759829464,3.56690021706507
"SNORD114-20","SNORD114-20",2.76205054722404,0.00109340390679467,0.000361311151910565,0.369122953033553,3.56684056610345
"RNA5SP195","RNA5SP195",1.4350316072982,0.00109369055534818,0.000361435756904184,1.23646015557703,3.56675017016375
"AC005479.1","AC005479.1",1.02915477061883,0.00109528901433369,0.00036208371224414,3.17029186265455,3.56628057372294
"FP325318.1","FP325318.1",0.733523059578816,0.00109802695329283,0.000363048830891458,8.61158073779979,3.56558257248785
"PACERR","PACERR",1.29074624614813,0.00109839928214276,0.000363201948481973,1.64882192180097,3.56547199299426
"AL590426.2","AL590426.2",1.39147632526672,0.00110058085974437,0.000364013533353524,1.5070595076456,3.56488660399096
"FOXC2-AS1","FOXC2-AS1",1.49262529759937,0.00110255472833267,0.0003646965092269,1.42855266083908,3.56439492434467
"ASF1B","ASF1B",0.763804613839851,0.00110388491060124,0.000365196822250875,239.217662951558,3.56403529114284
"AC106872.13","AC106872.13",0.731982736883412,0.0011081483451483,0.000366728401225067,9.30329124661884,3.5629372236043
"OR52N5","OR52N5",1.31492795884196,0.00110820396207757,0.000366777086604705,1.45083161547005,3.56290238891817
"AC087664.2","AC087664.2",0.714989944816222,0.0011082151918619,0.000366811083204872,9.3791754519828,3.56287806670669
"PSTPIP2","PSTPIP2",0.755493201168717,0.00111162600333859,0.000368000782984517,320.434072006682,3.56202824358863
"RPL17P36","RPL17P36",1.30442836183936,0.00111195847445644,0.000368141228858401,0.983374026995718,3.56192809024229
"GPX1P2","GPX1P2",1.58736785390276,0.00111256820856844,0.000368373495216599,0.883103570432064,3.56176253715897
"RBM8B","RBM8B",1.2442094284922,0.00111379368513831,0.00036884011759546,1.45303353020906,3.56143023630313
"AL133325.3","AL133325.3",1.18268153950058,0.00111632356252984,0.000369769407594449,2.45719253974963,3.56076962008506
"AC127526.2","AC127526.2",0.966775778766844,0.00112040132018259,0.000371303795527055,4.30505478856615,3.55968223980009
"SHLD2P3","SHLD2P3",0.721422831810524,0.00112213658032595,0.000371940185686333,14.4642657596795,3.55923247887905
"AC020910.4","AC020910.4",0.570131315743444,0.00112432767140102,0.00037269715865016,23.8550899102648,3.55869843338408
"RPL17P50","RPL17P50",0.742143294186148,0.00112552443792827,0.00037312462103838,10.1816299613819,3.5583973058719
"SHISA9","SHISA9",0.52977721345222,0.00112886240297781,0.000374292883962286,50.7602500352209,3.55757596071503
"RPL7AP60","RPL7AP60",0.853411775843147,0.0011300578052399,0.000374750992710093,4.26339318692552,3.55725454213683
"CDKN1A","CDKN1A",0.500157484435071,0.00113484956877835,0.000376371050188028,4185.42714936143,3.55612081483739
"FGF23","FGF23",0.732524689514163,0.00113793387722363,0.000377518323922766,860.441733138792,3.55532070056504
"RHOXF1P3","RHOXF1P3",0.750756211428311,0.00113881355085374,0.000377841278396049,14.000280740433,3.5550958804919
"AC104333.3","AC104333.3",1.34691028043264,0.00114244173613064,0.000379138701249838,0.953226339575338,3.55419450487612
"GAPT","GAPT",0.851820433682343,0.00114547935222227,0.000380240612755085,235.96732299736,3.55343122070136
"AL356966.1","AL356966.1",0.610473580501557,0.00114547935222227,0.000380240680077279,11.5285201266098,3.55343117413107
"LAT","LAT",0.839304925344141,0.00114643126485259,0.000380621052702099,465.670433263784,3.55316817343209
"CENPU","CENPU",0.839679718854183,0.00114735981607986,0.00038102164552678,207.118686781857,3.55289145735647
"AC005006.1","AC005006.1",1.31054417187452,0.00115218834715256,0.000382688093881978,1.50593946347959,3.5517432414648
"AP000919.3","AP000919.3",1.402467076567,0.00115401721232941,0.000383358596341458,1.012403836093,3.55128256992158
"AL109761.1","AL109761.1",1.59560182741215,0.00115497264228784,0.000383739100254656,1.94885296150476,3.55102147791762
"AL392089.1","AL392089.1",1.46168039143749,0.00115704989678815,0.00038446088130388,2.23098318188282,3.55052687442459
"CPA5","CPA5",1.41175486279165,0.00115836953132481,0.000384931015600763,5.44330579314291,3.55020517942895
"AL078599.2","AL078599.2",1.41162924894704,0.00116059496500356,0.00038582909202979,0.92157982198897,3.54959167928668
"AL139246.5","AL139246.5",0.569276337037027,0.00116199725453706,0.000386390518531,48.3356392761194,3.54920883131967
"KCCAT333","KCCAT333",1.3044476143166,0.00116829524412656,0.000388580507848646,12.9765271828365,3.54772038593542
"AC008758.4","AC008758.4",0.602755632153085,0.0011684651318978,0.000388668939471675,27.158304102561,3.54766044741661
"LINC01772","LINC01772",0.5127506315218,0.00117017216502369,0.000389300698962496,47.4816296901305,3.54723261430252
"AC131888.1","AC131888.1",0.885939466014362,0.00117075571373734,0.000389526826584867,14.0822277652017,3.54707963633747
"AL357033.4","AL357033.4",0.572682625509901,0.00117122342936925,0.000389714443642141,104.64787290408,3.5469527741953
"AL354732.1","AL354732.1",0.622918111619944,0.00117160999004533,0.000389875080432855,20.8413619996864,3.5468442008035
"AP003716.1","AP003716.1",0.678328799956197,0.00117200618060757,0.000390038943135064,21.8394870842468,3.54673349010043
"PPIAP16","PPIAP16",0.975891613468595,0.00117590902976852,0.000391369925178566,1.74892307173863,3.54583584436825
"HLA-DQB1","HLA-DQB1",0.977897539366221,0.00117849264213507,0.000392326411972287,22996.6202896581,3.5451925269359
"AP001010.1","AP001010.1",0.954108269275164,0.00118015050296607,0.000392910568011189,4.43639980775199,3.544800353564
"AL513220.1","AL513220.1",1.2781843591348,0.00118438924598941,0.000394354144966445,1.37697643474771,3.54383353945593
"CLEC6A","CLEC6A",1.51283856246383,0.00118567654799619,0.000394815161354943,18.7088376568413,3.54352547721328
"AL133353.1","AL133353.1",2.29357146130942,0.00118706592317494,0.000395310239942517,4.20766629498495,3.54319502783733
"AC002429.2","AC002429.2",0.715004014255319,0.00118949737268247,0.000396184949670739,11.7711928667528,3.54261213061015
"AC004678.2","AC004678.2",0.872393622315302,0.00118999997173221,0.000396384864487756,8.17823985714594,3.54247907833384
"AC069528.2","AC069528.2",0.594487294545132,0.00119377455404593,0.000397674782451106,19.6611669386009,3.54162208444994
"AC013452.2","AC013452.2",1.20401688433789,0.0012003618214365,0.000399901956030909,1.60174888122376,3.54014849287078
"AC090983.1","AC090983.1",0.946004530070938,0.00120065934105488,0.000400033880838908,5.2267239775207,3.54006144660287
"BRDT","BRDT",1.29461185194818,0.00120230381428731,0.000400614634695859,2.14028167377082,3.53967857378695
"LINC01553","LINC01553",0.989538946984672,0.00120297454627107,0.000400870995555122,2.99984929051318,3.53950972805067
"FYB1","FYB1",0.688703637448339,0.00120381061895061,0.000401182494585662,4994.79267757506,3.53930470262534
"LRRC36","LRRC36",0.70553913863622,0.00120423548283496,0.000401389891939772,10.7544361254548,3.53916827829959
"AC084706.1","AC084706.1",0.977129017014358,0.00120591364767832,0.000401982199012966,2.6255748810454,3.53877902571103
"HMHB1","HMHB1",1.71259143811303,0.00120697042246549,0.000402367445135151,1.15268567866891,3.53852613700441
"AC016556.1","AC016556.1",1.06720052692853,0.00120944750987189,0.000403259323013378,2.54935616979885,3.53794154482114
"RN7SL329P","RN7SL329P",1.04722856529618,0.00121091597373558,0.00040378203075136,4.48356638327006,3.53759949081907
"KCNN1","KCNN1",0.817822657734178,0.00121301281142128,0.000404613798241234,10.3467408317458,3.53705604351748
"AC006511.3","AC006511.3",0.746841764411116,0.00121732629578435,0.000406185653272451,7.96483363902475,3.53603189284118
"CENPUP2","CENPUP2",1.31351217437226,0.00121857747975766,0.000406636431604149,3.88411459869462,3.53573886885773
"TNPO1P1","TNPO1P1",1.37429298061161,0.00122254927487312,0.000408128829760371,2.09297552179127,3.53477091076021
"PHACTR2-AS1","PHACTR2-AS1",0.927235235120117,0.00122295808999491,0.000408298721321561,8.07012277867144,3.5346609300768
"AL591885.1","AL591885.1",1.27910313923115,0.0012258272498577,0.000409357103958053,1.80013136649469,3.53397673856388
"Z99127.1","Z99127.1",0.99115952407993,0.00123080780120747,0.00041115484514775,3.62958904906707,3.53281836659285
"CDA","CDA",0.683066892842091,0.00123220583241589,0.0004116891969393,589.015672298413,3.53247496978039
"OR5H14","OR5H14",0.88855683406096,0.00123256975355641,0.000411878141096612,9.15191849628546,3.5323536459815
"AC016717.3","AC016717.3",0.840537458633644,0.0012331035535756,0.000412090209125474,6.95192312025327,3.53221753590738
"LINC02558","LINC02558",1.47711552039653,0.00123334928302382,0.000412206028305345,0.813690159113263,3.53214322814816
"HIST1H3J","HIST1H3J",1.59865641505192,0.00123650132731173,0.000413327064628316,2.02237997543665,3.53142499505591
"LINC01835","LINC01835",1.23962305019324,0.00124149558593615,0.000415200032018865,7.48398248340819,3.53022905904583
"IDH2-DT","IDH2-DT",0.647310295847547,0.00124666045694775,0.000417097661010551,11.603562778276,3.52902250347533
"AL355032.1","AL355032.1",1.25550292569024,0.00124813729891107,0.000417625873998331,1.14915863565461,3.52868756577808
"AL645465.1","AL645465.1",1.82954631502408,0.00124959056720799,0.000418149152595752,0.641559260207642,3.52835614682983
"AC005291.2","AC005291.2",1.0914668835385,0.00125220919863564,0.000419090971722942,2.36592191203353,3.52776061959093
"LINC00608","LINC00608",1.11674381454113,0.00125366265614806,0.00041964592476488,2.60960007916743,3.52741029886235
"AP003108.4","AP003108.4",0.912929228499138,0.00125708949300891,0.000420827357806092,3.34100823516666,3.52666594377679
"AC126323.6","AC126323.6",0.616934348796885,0.00125822611101278,0.000421276613141087,22.3026432820986,3.5263834050644
"AC068491.4","AC068491.4",0.804456190320946,0.00126257501695886,0.000422801699714411,33.2400566166942,3.52542636550811
"HIST1H2AD","HIST1H2AD",1.70796448786088,0.00126658258149295,0.000424282151127179,1.73098582992407,3.52450041439038
"AL590068.3","AL590068.3",0.511360852408221,0.00126673497906876,0.000424367812737015,25.3340337748208,3.52444692955463
"AC132938.2","AC132938.2",0.986342061800856,0.00127164985802618,0.000426083833136835,5.68874246277231,3.52337761027186
"AC135507.1","AC135507.1",0.536827485455149,0.00127376957623472,0.000426828877372132,15.7487059044179,3.52291459557519
"AF230666.2","AF230666.2",1.10525095566591,0.00127532194934861,0.000427383909635802,2.6474381386582,3.52257015582491
"IL12RB1","IL12RB1",0.782671002647284,0.0012755457607035,0.000427493764878525,528.928916309788,3.52250203180532
"OR7A17","OR7A17",0.841631193931406,0.00128127085588248,0.000429482523018831,5.45991862785436,3.52127157059317
"AC010343.1","AC010343.1",1.35624791781367,0.00128349942771647,0.00043029967972024,1.17185321708685,3.52076753032209
"SPHK1","SPHK1",0.502985775923567,0.00128613377644947,0.000431253140921552,1572.65166018339,3.52018054291608
"FCGR2A","FCGR2A",0.723616039801168,0.0012909170574437,0.000433033381082442,7111.6499816133,3.51908779436955
"CYP46A1","CYP46A1",0.509801422322649,0.00129104623639051,0.000433111989136387,174.411658429028,3.51903963985197
"ST13P15","ST13P15",1.04702302977347,0.00129591756309462,0.000434923233626363,3.10933740923353,3.517932343305
"IGLV7-46","IGLV7-46",2.21660595862846,0.0012993802589416,0.000436156356214583,705.188731735941,3.51718093958045
"RPL4P6","RPL4P6",0.545629930608393,0.00130005548932043,0.000436454050582807,8.95795995407212,3.5169998366027
"OR51M1","OR51M1",1.0566618318233,0.00130069455786019,0.00043670413746239,2.50569527208633,3.51684778484353
"AC023512.1","AC023512.1",0.92651461027723,0.0013040966016565,0.000437881995075184,2.48448055637067,3.51613274361332
"ANKRD55","ANKRD55",0.787824044486569,0.00130448952485839,0.000438049571313685,20.5809000645743,3.51603115914871
"GGCT","GGCT",0.588054140727034,0.00130573901855075,0.000438540507009094,1165.31403794373,3.51573376334468
"OR8B7P","OR8B7P",1.75337090981732,0.00130695160520756,0.000439019181792448,1.26260444192699,3.51544409396305
"SYCE2","SYCE2",0.642577355703765,0.00131109756461539,0.000440447677721965,10.7050546464525,3.51458139104917
"AP000893.2","AP000893.2",1.17505438880468,0.0013117622022795,0.000440706796339484,2.8986105324159,3.5144251830138
"AC079316.1","AC079316.1",1.42504511740271,0.00131201552864153,0.000440899450442967,1.8706812242138,3.51430909825102
"G2E3-AS1","G2E3-AS1",0.871760586833349,0.00131201552864153,0.00044088581715118,7.37823985698913,3.51431731150716
"Z95114.4","Z95114.4",0.719226341498238,0.00131231236968211,0.000441035059621574,17.3084292793157,3.5142274146041
"AL161938.1","AL161938.1",1.21061611704952,0.00131499514873629,0.000442008533559764,2.29578116635461,3.51364173372845
"AP000704.1","AP000704.1",0.91617128755204,0.00131900651442697,0.000443428950340432,3.57924726124231,3.51278931063005
"TPT1P6","TPT1P6",1.21106489741729,0.00131905982904508,0.000443482914735366,1.23310139052209,3.51275697569821
"AGBL5-IT1","AGBL5-IT1",0.832295553630813,0.0013210225348478,0.000444178893243998,7.26895623725334,3.51234028104527
"BRSK1","BRSK1",0.758230257543252,0.00133177118329534,0.000447974945696575,68.213517519864,3.51007818802215
"ADORA3","ADORA3",1.05266428890794,0.00133349719321268,0.000448591968164007,458.489427756777,3.50971219159574
"AL049646.1","AL049646.1",0.616287084363768,0.00133429973455874,0.000448898402459678,14.5685136957804,3.50953059992638
"Z99916.3","Z99916.3",0.779049149274743,0.001335113583104,0.000449208685000755,7.20839253993678,3.50934684564508
"CFLAR-AS1","CFLAR-AS1",0.666144677578627,0.00133697153918727,0.000449870338126484,32.0001602937936,3.50895539938429
"AL139147.1","AL139147.1",0.583414808503526,0.00134263760325016,0.000451886936715088,14.7351930792274,3.50776564794142
"AL021707.5","AL021707.5",2.67205623469241,0.0013432098465812,0.00045211623541719,48.4175314764712,3.50763068033461
"AC104806.2","AC104806.2",0.831171916837887,0.00134406746035844,0.000452441627137792,6.99960336731372,3.50743926098055
"CGAS","CGAS",0.576166717965545,0.00134433962528061,0.000452569975220154,355.973143184437,3.50736379252419
"LINC00513","LINC00513",0.698970834827058,0.00134656513373208,0.000453389934787057,19.373891731145,3.50688212854854
"RNU2-5P","RNU2-5P",1.238064593589,0.00135144380283332,0.000455146214752412,1.67941004072295,3.5058531768152
"AL513348.1","AL513348.1",1.09855319711462,0.00135438010051369,0.00045624613402643,4.07192916164302,3.50521065231392
"AC127024.7","AC127024.7",1.82676285843337,0.00135572462235665,0.000456736101905994,0.774146343398941,3.50492489984872
"ADGRE1","ADGRE1",0.966218792241906,0.00135585398410591,0.000456829195749303,127.737889522112,3.5048706392516
"TRGV5","TRGV5",1.04532578868763,0.00135835315624164,0.000457770098338327,22.1758301177801,3.50432280398201
"LINC01170","LINC01170",1.0488166248198,0.00136199098952836,0.000459070489544026,3.34930460449245,3.50356738552404
"BX284668.6","BX284668.6",1.4492645307169,0.00136471532830062,0.000460063327428975,1.34836403461611,3.50299197279887
"AL023803.2","AL023803.2",1.12281445495314,0.00136700802842485,0.000460910928461506,4.7382503995095,3.50250165016151
"RAC1P2","RAC1P2",1.3216492756466,0.00136854024982378,0.000461472509565938,2.75101891566283,3.5021772483069
"PPIAP90","PPIAP90",1.73069756510241,0.00136972399353916,0.000461976364825471,0.926083807745782,3.50188650559895
"AL024498.2","AL024498.2",0.628584376434501,0.00136972399353916,0.000461967629304416,9.02856755381947,3.50189154378969
"SHH","SHH",1.07145135465368,0.00137225540887129,0.000462942635955457,3.40405978916433,3.50132975902523
"AC007952.3","AC007952.3",1.61137028303446,0.0013738535214467,0.000463519311533753,2.19853610698435,3.50099800621605
"AL356417.3","AL356417.3",0.660677257212303,0.0013740322404044,0.000463617151746056,15.2635155843713,3.50094175842378
"OR2A1-AS1","OR2A1-AS1",0.553364440627701,0.00138086510087759,0.000466073570074068,83.4111171909108,3.49953319453865
"RN7SL455P","RN7SL455P",1.43724170071077,0.00138213352234156,0.000466539455586425,2.14509065783395,3.49926682723933
"AC005899.1","AC005899.1",0.979274350958884,0.00138534788056995,0.000467662314938707,8.35734662451081,3.4986258574415
"ASCL1","ASCL1",1.30820721766341,0.00138547087611364,0.000467806474882537,2.33333148227182,3.49854366961882
"AC092597.1","AC092597.1",1.25166432659989,0.00138547087611364,0.000467817401759948,1.93352755783154,3.49853744099973
"RN7SL589P","RN7SL589P",1.1485899537062,0.00138547087611364,0.000467775241896732,4.35624854869262,3.49856147402377
"LTB","LTB",0.997493442700074,0.00138672689488583,0.00046827939817738,1355.59470672761,3.49827421450832
"AC133485.6","AC133485.6",1.11730210202376,0.00138718915949874,0.0004684734012242,2.26019951123409,3.4981637518026
"SMC1B","SMC1B",0.701392522053742,0.00138826852913996,0.000468875851490451,9.94554191619041,3.4979347381005
"TEX22","TEX22",0.703121035449489,0.00139390692273433,0.000470932514538922,11.1013971384219,3.49676725268514
"AL645820.1","AL645820.1",0.988706483887943,0.00139392830492035,0.000470977825040165,4.14493782290782,3.49674158531277
"ENO1-AS1","ENO1-AS1",0.958445679642974,0.00139544428385002,0.000471604424900706,3.35433139759548,3.49638686668973
"CU638689.4","CU638689.4",0.89619788268454,0.0013970111315954,0.000472286639832507,20.6129505734161,3.49600116391551
"AC079015.1","AC079015.1",0.730694231353945,0.0013973511672311,0.000472439775494348,7.98213814006056,3.49591465727899
"LINC00582","LINC00582",1.87613349803265,0.00140291717484662,0.000474474952601205,16.7157301865458,3.49476745880568
"OR5AU1","OR5AU1",0.994075807232946,0.00140701056070693,0.000475974691989193,29.3599452859121,3.49392501228797
"NEURL2","NEURL2",0.671228859815967,0.00140770168598416,0.000476323879866329,128.417801041442,3.49372921886876
"AC087897.2","AC087897.2",1.48017066218335,0.00141203627897557,0.00047790631950792,1.01655317202447,3.49284360265144
"AC006330.1","AC006330.1",0.693354867037089,0.00141403455476263,0.000478698547323944,21.025655604573,3.49240125739574
"TMEM156","TMEM156",1.18822186796297,0.00141675541092917,0.000479697069653112,109.04732183612,3.49184469800318
"RN7SL648P","RN7SL648P",1.101338870726,0.00141709302843011,0.000479850102498275,3.54862853709966,3.49175949560471
"RAET1K","RAET1K",1.15360255913038,0.0014177925457007,0.000480125708664567,3.22538125865585,3.49160611332289
"AL138999.1","AL138999.1",0.800071538372081,0.00142042972555778,0.000481066237526572,6.31644947908301,3.49108330117648
"AL354892.3","AL354892.3",0.662759125892009,0.00142209355085984,0.000481737638830576,16.9565463536689,3.49071067194005
"AL353801.3","AL353801.3",1.28276111217672,0.00142370543495986,0.000482368052753003,1.59673834222402,3.49036123145711
"AC010834.2","AC010834.2",1.18540587818581,0.00142370543495986,0.000482400368833499,1.77180640614831,3.49034333002797
"FAM238A","FAM238A",0.898250899760828,0.00142411122437252,0.000482576775449276,7.74452848683999,3.49024562964347
"AL161756.1","AL161756.1",0.697549668108171,0.00142723622508408,0.000483692459962225,9.4134530226848,3.48962849350116
"AC074029.3","AC074029.3",0.897299113698861,0.00142729565848516,0.000483772852906048,5.14186584763612,3.489584075781
"AC007619.2","AC007619.2",1.63099288200832,0.00142765893642144,0.00048393499180973,0.967896010210008,3.48949451372817
"OR6K3","OR6K3",0.774612886761348,0.00143428835064764,0.000486299738877744,4.64177620924255,3.48819144893158
"AC093802.1","AC093802.1",1.25925999216583,0.00143486134436573,0.000486568284260377,4.5833391776912,3.48804384414456
"RPS7P3","RPS7P3",1.18046775273552,0.00143567901429943,0.00048692815662993,2.23738777152739,3.48784616096113
"AC096773.1","AC096773.1",0.844604996277461,0.00143597903293113,0.000487069147102572,9.31269170746096,3.4877687499671
"RN7SL600P","RN7SL600P",0.780634432864967,0.00144873860493997,0.00049163456579017,18.0545904550602,3.48527332789191
"AC096543.2","AC096543.2",1.04153718482499,0.00144896782350434,0.000491791532653102,5.23010235335116,3.48518791585545
"IL7","IL7",0.609556783231815,0.00145377431655261,0.000493622892322215,215.539807545387,3.48419327289193
"RGR","RGR",0.646811109854353,0.00145386706457694,0.000493732444756053,9.84336740697109,3.48413388221428
"GUSBP2","GUSBP2",0.643924913977367,0.00145481156407645,0.000494104541006827,31.528667452757,3.48393225272094
"LINC01393","LINC01393",0.853901251486961,0.00145489817219026,0.00049420186553374,3.43787803407043,3.48387953839545
"AC007406.4","AC007406.4",1.99549963027959,0.00146263891957798,0.000497031073056405,0.532155328280664,3.48235135723082
"AL365204.2","AL365204.2",1.57459317099231,0.00146320597244574,0.000497263747241184,1.34462751268048,3.48222604073744
"RNU2-33P","RNU2-33P",1.26687629015722,0.00146917686646121,0.00049941335543714,1.78200166804088,3.48107085746604
"LINC01081","LINC01081",1.38667637196979,0.00146927172796606,0.000499514659220928,1.54322853857086,3.48101653203625
"SNORA63","SNORA63",2.76366968865948,0.00147180782956201,0.000500589192666137,1.47729281410861,3.48044093143817
"AC012183.1","AC012183.1",1.79885146560946,0.00147597000828055,0.000502206467748237,0.707737771433101,3.47957676577944
"RNA5SP68","RNA5SP68",2.09554677228664,0.00148633458135691,0.000505854901647087,0.68222467466544,3.47763677180802
"PDSS1P1","PDSS1P1",1.14445318545613,0.00148788105170825,0.000506462530183375,2.2840470861789,3.47731494326428
"NOS2P3","NOS2P3",0.917141041411801,0.00149243329223897,0.000508064692628243,3.66279599660128,3.4764680856558
"RPL21P75","RPL21P75",1.51669124915314,0.00149435709159036,0.000508911904412205,6.05264435403498,3.47602127932726
"KCNQ1","KCNQ1",0.554932702794822,0.00149435709159036,0.000508910531833437,1204.8744644849,3.47602200264302
"GCSH","GCSH",0.509210099263783,0.00149615123447536,0.000509645548791068,767.9052999778,3.475634926536
"CD83","CD83",0.880281410492029,0.00149709289598399,0.000510007219517702,855.207088585984,3.47544465376559
"AC108688.1","AC108688.1",1.61401881611334,0.00149737135788567,0.000510142994657678,1.02055750404653,3.47537325576203
"AC002451.1","AC002451.1",0.825850696670274,0.00149818498157726,0.00051046112517469,9.83111221978209,3.47520603466865
"RF00409","RF00409",1.02531964492837,0.00149896854106432,0.000510769055865274,3.4732109406934,3.47504426747968
"SVOP","SVOP",0.941939639605557,0.00150567543286805,0.000513177828618162,3.88117334555102,3.47378197941132
"RPS4XP5","RPS4XP5",0.695218230064777,0.00150878153207995,0.000514318926588965,18.3161773476703,3.47318592765202
"Z82186.1","Z82186.1",1.03718314831619,0.00151029172914917,0.000514874993977819,2.59903803503723,3.47289591279826
"RIBC2","RIBC2",0.696012077280428,0.00151366810297933,0.00051627418589281,15.9318637304139,3.47216745905378
"ARHGAP22","ARHGAP22",0.590873934165299,0.00151386844836228,0.000516383882328882,1025.71320670628,3.47211042620653
"AC098826.2","AC098826.2",1.79085236919237,0.0015157211175223,0.000517078247918522,1.82919273817098,3.47174967672413
"LINC02603","LINC02603",1.53562184370412,0.00151608608819525,0.000517264596936914,5.1939466030446,3.47165293813223
"SEPT14P19","SEPT14P19",0.917646429453637,0.00151630914563757,0.000517382130952265,4.2350807545358,3.47159193989075
"AL662860.1","AL662860.1",1.34992943849377,0.00151654206825663,0.000517544480246053,11.7811506069823,3.47150770448717
"AC006207.1","AC006207.1",1.11918378434345,0.00151654206825663,0.000517539962045809,2.21024333225566,3.47151004843532
"AC010997.4","AC010997.4",1.62675174531548,0.00151799197247361,0.000518080759806768,1.00179556407844,3.47122962921444
"RN7SL96P","RN7SL96P",1.12030949712679,0.00151924818015469,0.000518592516589868,2.67489839071375,3.47096451970849
"AC073911.2","AC073911.2",1.21533760546946,0.00152328369848094,0.000520097024904111,1.4511533629901,3.4701865368694
"BACH1-IT2","BACH1-IT2",0.828152409219644,0.00152328369848094,0.000520136516842434,4.3237689061373,3.47016614381142
"DOCK4-AS1","DOCK4-AS1",0.987268832717258,0.00152836903241258,0.000521998221403787,3.46335901659971,3.46920642064321
"OR2A5","OR2A5",0.58828476892439,0.00152915876886742,0.000522351510379533,17.7607214741092,3.46902465762867
"AC087521.2","AC087521.2",0.765297510537416,0.00153359884103628,0.000523910115289397,5.55258312952339,3.46822413900358
"LINC02086","LINC02086",0.835796593408099,0.00153471425146656,0.000524375029771015,6.71059897885103,3.46798578296031
"LINC01362","LINC01362",0.949617297963687,0.00153949326794447,0.000526218224049437,4.13854289538041,3.46704273362634
"MIR581","MIR581",1.24450910216934,0.00153950240471428,0.000526263411169168,3.97151445818453,3.46701965283322
"AC007906.1","AC007906.1",1.3405187024558,0.0015422050859242,0.000527313709261332,1.12120204441238,3.46648369856741
"AC006042.3","AC006042.3",1.04371511190677,0.0015431368358248,0.000527674458328024,12.4522940876521,3.46629984224031
"AC002470.1","AC002470.1",0.830700223541046,0.00154486647478953,0.000528308117666214,6.29394408330411,3.46597718015379
"AC134349.1","AC134349.1",1.15835582809355,0.00154517486390467,0.000528455798559925,1.6099274418923,3.46590203222383
"AC004834.1","AC004834.1",0.651425096042232,0.00154905460780405,0.000529867336132104,17.7708730678422,3.46518475227765
"UPB1","UPB1",0.626309831061861,0.00155066066367029,0.000530459070170004,17.7896344357064,3.46488458919353
"Z73429.1","Z73429.1",1.39007881580318,0.00155732894329857,0.000532952949938921,1.30610152645396,3.46362296227486
"SNORD13","SNORD13",2.15727943726385,0.00156447569722238,0.000535526968900844,0.750581797625226,3.4623265497414
"LINC02308","LINC02308",0.935885097608602,0.00156579626336543,0.000536021787035316,11.5765880058723,3.46207799859896
"RF00157","RF00157",2.88636563945166,0.00156845146083247,0.000537187875666958,0.448548799374315,3.46149310736683
"TEX29","TEX29",1.13721531607316,0.00157013328302584,0.000537806793519275,4.05276804951848,3.4611831485619
"S100Z","S100Z",1.0589508697263,0.00157124857925194,0.000538231739612599,7.39261292279067,3.46097052467639
"AC087633.2","AC087633.2",0.808361506617645,0.00157968048499246,0.000541292739208461,4.57370390209686,3.4594435432016
"AC083837.1","AC083837.1",0.796465592141158,0.00158042217396773,0.000541633250309496,9.54485662723726,3.45927417659276
"OR4F15","OR4F15",1.24410866211187,0.00158262689642087,0.000542475324888655,1.41235229811679,3.45885576324637
"AL138731.1","AL138731.1",2.16755607631326,0.00158283346191687,0.00054258937711984,0.441763964649109,3.45879913905788
"AC008626.1","AC008626.1",1.11288842670504,0.00158312910476542,0.000542733978455469,2.19913068396168,3.45872736391385
"PPIAP71","PPIAP71",1.30950337438543,0.00158734872793493,0.000544223936121957,1.29229916677349,3.45798883578917
"AL353743.4","AL353743.4",1.19572279967815,0.0015873707699107,0.000544275040027364,3.80255610104514,3.457963538515
"ALPP","ALPP",1.34147769760311,0.00158938610301381,0.000545180220557016,1.24181677610965,3.45751582558729
"SNORD99","SNORD99",1.18026405406647,0.00158938610301381,0.000545183014214471,4.1164584218048,3.45751444488374
"AC116353.4","AC116353.4",1.52455746533996,0.001591395828253,0.000545959343685473,3.09142208284117,3.4571310163524
"AC007342.1","AC007342.1",1.15051865876394,0.00159290295003025,0.000546519914301753,9.46944463478711,3.45685446662003
"FASLG","FASLG",0.941076603677984,0.00159338965032379,0.000546730436043777,58.2016366461938,3.45675067689122
"C20orf197","C20orf197",0.669750251876531,0.00159383187945254,0.00054692572403739,16.9213475480362,3.45665443086351
"LINC02341","LINC02341",1.28313509208934,0.00159657847166907,0.000547955468254191,17.3483781703106,3.45614745904373
"AC022079.1","AC022079.1",1.05522862877064,0.00159658144030579,0.000548043734379673,2.24993612254513,3.45610404447443
"VENTX","VENTX",0.718623614022808,0.00159658144030579,0.00054800368155331,192.763112698257,3.45612374404704
"AC092335.1","AC092335.1",1.23921085453137,0.00160037727451352,0.0005494778773064,1.33898157862323,3.45539955824128
"AC078927.1","AC078927.1",1.08348701782249,0.00160162808062459,0.000550126140100323,8.97489520378991,3.45508167757416
"ZC2HC1C","ZC2HC1C",0.526354951879557,0.00160663845184528,0.000551890997475308,56.8582071392167,3.45421803093705
"ZFPM2-AS1","ZFPM2-AS1",0.73942702689684,0.00160702125700017,0.000552066402477201,18.999332982153,3.45413233574127
"AC022826.1","AC022826.1",1.01587443320751,0.00160828250515447,0.000552543627416387,3.31094514075279,3.45389931285885
"DAND5","DAND5",0.87743519299289,0.00160875394229715,0.000552749551200489,6.18136585919015,3.45379882078296
"LINC01714","LINC01714",1.82790498558691,0.00161113259515636,0.000553654871698177,0.62075610642506,3.4533574320602
"AL160396.2","AL160396.2",0.738852351523102,0.00161370741490742,0.000554627874316797,9.14091196860306,3.45288379386505
"AC061975.1","AC061975.1",0.630504505603931,0.0016138238936371,0.00055471200256714,19.1827370832348,3.45284287827743
"AC091074.1","AC091074.1",0.632445225640758,0.0016176201827752,0.000556149478397235,11.3808350846703,3.45214465675631
"AC006238.2","AC006238.2",0.750909625113597,0.00162013364362566,0.000557077305533299,8.28016133579575,3.45169487770685
"AC022092.1","AC022092.1",2.05132559229108,0.00162103063198148,0.000557454890410092,3.79736469513254,3.45151203712154
"RNY4P18","RNY4P18",1.72977114077822,0.0016248526238438,0.000558858024234152,1.23959673049439,3.45083359699549
"RGS17P1","RGS17P1",0.906488619036734,0.00162543386431667,0.000559102350279586,3.06554842841094,3.4507156232201
"RPL13AP3","RPL13AP3",1.34345792772311,0.00162687035502357,0.000559640912859553,1.5175500781447,3.45045574567822
"AC111200.1","AC111200.1",1.03539630261875,0.00162767562150077,0.000559962396522205,2.78784714768776,3.45030072821475
"HM13-IT1","HM13-IT1",0.716378689337643,0.00162793032522145,0.000560216239052919,9.09421034096565,3.45017838544619
"AC053503.5","AC053503.5",0.625772017524693,0.00162793032522145,0.000560227941915467,13.2175194653561,3.45017274634175
"LINC02037","LINC02037",1.71187942271702,0.0016307000509415,0.000561270213440535,0.649901595839843,3.44967096014551
"IZUMO1","IZUMO1",0.717232538301117,0.00163101570472422,0.000561423422719629,8.78695977390228,3.44959727297814
"AC012593.1","AC012593.1",1.1381953282727,0.0016338341353651,0.000562438216111502,1.93181501801465,3.44910967269809
"GRM6","GRM6",0.632849416662157,0.00163447396283436,0.00056274779107833,18.4299108317171,3.44896108744742
"RNU6-1203P","RNU6-1203P",1.44623190673962,0.00163753130535089,0.000563845173639496,1.27188989582196,3.44843499435959
"AC096720.2","AC096720.2",0.687764548546716,0.00163813940192482,0.000564099316441939,6.06350527636604,3.44831329247239
"AL139274.1","AL139274.1",1.48470330480278,0.00164025235689889,0.000564871737106305,1.81162139026991,3.44794371499339
"SGO1","SGO1",0.779825639515142,0.00164385772914247,0.000566158274156146,54.5100611729899,3.44732919350767
"RNY1P16","RNY1P16",1.0437214959934,0.00164480880543214,0.000566530774099772,3.90783510231804,3.44715150963651
"RNU6-790P","RNU6-790P",1.52173962335439,0.00164730581310658,0.000567525861292954,0.77160303504453,3.44667738229656
"AC112719.2","AC112719.2",1.18190178612672,0.00165199061609858,0.000569283566702028,2.40839619878671,3.4458417799816
"WWTR1-IT1","WWTR1-IT1",0.922347573340811,0.00165199061609858,0.000569320408777602,9.13457806849976,3.44582429120605
"AC023796.2","AC023796.2",1.35482127380093,0.00165587445814429,0.000570749372646528,5.26342079159905,3.44514678003093
"AC104791.2","AC104791.2",0.783822657574714,0.001657041498882,0.000571196905650299,7.1223911726625,3.44493491708929
"RN7SL418P","RN7SL418P",0.937545999044171,0.00166050235061552,0.000572571372572142,3.16543123757325,3.44428520692398
"PDCD1LG2","PDCD1LG2",0.690274296905463,0.00166121023702628,0.00057286085416292,838.892669077997,3.44414855421578
"NIP7P3","NIP7P3",2.29248022944309,0.00166487526502923,0.000574272877549365,0.449075554447984,3.44348291469749
"AC015883.1","AC015883.1",0.883189550539202,0.00166487526502923,0.00057430668108402,12.2912176153541,3.44346699811748
"LINC01359","LINC01359",0.607480633902205,0.00166487526502923,0.000574247828203707,42.9292751705411,3.44349470988228
"NANOG","NANOG",0.699492823916439,0.00167351473517231,0.000577424084695098,13.0712993055743,3.44200288814853
"AC125618.1","AC125618.1",1.10246298853577,0.00167510347813026,0.000578100373853462,2.53955390844196,3.44168623602893
"AC000067.1","AC000067.1",1.68446699452481,0.00167525937287921,0.00057820914227739,0.879877771203284,3.44163534067532
"MREG","MREG",0.820145545564423,0.00168165189442267,0.000580599287901988,296.824114193511,3.44051917851422
"AC020779.1","AC020779.1",0.874033408149609,0.00168398999830204,0.000581452542652609,5.29671209292107,3.44012175733673
"ST18","ST18",1.05605549188749,0.00168458267853807,0.000581709170209004,19.3066497959074,3.44000233391508
"AL352979.2","AL352979.2",0.587087845273799,0.00168458267853807,0.000581749241073328,18.3170066443719,3.43998369108676
"CH25H","CH25H",0.938346506990055,0.00168533097173543,0.000582053703181394,186.246991796766,3.43984208020391
"OASL","OASL",0.843750933461689,0.00168649686915024,0.00058250244331616,388.090273549357,3.43963348865621
"AL391666.1","AL391666.1",0.976987506973356,0.00168678203081352,0.000582647024059249,3.32232606795723,3.43956631387219
"HEXA-AS1","HEXA-AS1",0.605580916011614,0.0016889005095646,0.000583471079617882,13.9747384049678,3.43918373905023
"AACSP1","AACSP1",0.929083355427956,0.00169090207003575,0.000584208767332498,6.41118055394356,3.43884168771583
"AC092903.2","AC092903.2",0.712758673392658,0.00169167502589066,0.000584568268325342,15.0515032893765,3.43867513985605
"AC004156.1","AC004156.1",0.57593627664212,0.00169367307525688,0.00058530498253638,23.3309420454779,3.43833413622081
"AL160314.2","AL160314.2",0.638068500254526,0.00169710196917141,0.000586536320884427,10.3974052949569,3.43776507648059
"AL590632.1","AL590632.1",2.10923418144587,0.00169773019230045,0.000586799828754901,0.609626104266146,3.43764344150096
"FCRL6","FCRL6",0.757867607686302,0.00170442050121635,0.000589391673635731,67.3303636364708,3.43644975070699
"AC138646.1","AC138646.1",1.8944455028001,0.00170629822162089,0.000590087614171305,0.758765522954112,3.43613006306222
"AC007448.3","AC007448.3",1.10232399765623,0.00170698708798301,0.000590372484485614,3.50589337029391,3.43599930609822
"AC073263.2","AC073263.2",1.08141902551848,0.00170762755238671,0.000590640650992195,2.27705788995542,3.43587626992674
"AL133485.2","AL133485.2",0.938769255825009,0.0017093698630159,0.000591289993327177,4.24834514508201,3.43557856359601
"AL449283.1","AL449283.1",0.628477165155442,0.00171410689901487,0.000593162760622513,19.336214272823,3.43472165065686
"RN7SKP96","RN7SKP96",1.72731564653369,0.00171423561166524,0.000593254139658239,1.24252417302789,3.43467990326954
"AL022400.1","AL022400.1",1.72279413998767,0.00172216546767933,0.000596223320416626,1.07407797891035,3.43332665127557
"SMAD5-AS1","SMAD5-AS1",0.884010739471749,0.00172216546767933,0.000596233739746024,12.1074032936875,3.43332191355293
"RSU1P2","RSU1P2",0.895327491316632,0.00172515655358068,0.000597363561942346,3.81793981400367,3.43280863427746
"RNU1-67P","RNU1-67P",1.11623975226484,0.00172545011891982,0.000597512358457604,4.7308937265955,3.43274110323202
"LINC01344","LINC01344",1.03595173040103,0.00172726033928282,0.000598186420405194,2.36323371788635,3.43243537729734
"SLC22A2","SLC22A2",0.972213529864083,0.00172825929201017,0.000598626821629358,4.41412961008988,3.43223580310828
"DNAH17-AS1","DNAH17-AS1",1.03297153911315,0.00173167047253976,0.000599950315358458,10.9939715655634,3.43163686414506
"AC005776.2","AC005776.2",0.672705178651385,0.00173638579471176,0.00060172630493536,22.9332243322345,3.43083508035073
"AC007848.2","AC007848.2",1.08554692965407,0.00173696492535192,0.000601974455945895,3.29467724918064,3.4307232261391
"AL583808.3","AL583808.3",1.39017750516634,0.00173770927288974,0.000602279901817165,1.10128438021567,3.43058560514228
"CSTA","CSTA",1.16859275800193,0.00173912487593701,0.000602818059950734,1153.96945673052,3.43034329180786
"AC078778.1","AC078778.1",1.17760980883873,0.00174128168288906,0.000603613232897443,3.95129709827911,3.4299856221735
"RN7SL130P","RN7SL130P",0.96719081816655,0.00174187400238228,0.000603866153234416,4.54615494139357,3.42987195025713
"AL158154.2","AL158154.2",0.500429334380985,0.00174490344201981,0.000605011740190479,39.9160360366676,3.42935763460955
"RN7SL246P","RN7SL246P",1.35106317942666,0.00174496202398691,0.000605079730222627,1.18383745538671,3.42932713872371
"RN7SL764P","RN7SL764P",1.34429169509556,0.00174682520613736,0.00060583202130857,2.02152789907645,3.42898992279316
"AC068189.1","AC068189.1",0.907567932556247,0.00174987554062977,0.000607070404638821,7.96163147550771,3.42843566290667
"AC093799.1","AC093799.1",0.742394519198885,0.00175283870185424,0.000608146283672919,17.5611206954906,3.42795498814142
"AL442067.2","AL442067.2",1.12662759515591,0.00175745353568797,0.000609843435701446,1.61473269873338,3.42719835116841
"AC068831.1","AC068831.1",0.656353449158907,0.00176020593751599,0.000610942813308166,12.6395634730732,3.42670926355007
"AL159163.1","AL159163.1",1.21144274674876,0.00176437841079376,0.000612487437064803,7.20838850210038,3.42602347814834
"PYHIN1","PYHIN1",0.834781610723956,0.00176825676592213,0.000613930400409097,117.232932832348,3.42538428058559
"AC087286.1","AC087286.1",1.09818381031906,0.00177411289959728,0.000616053447560502,2.05192253782054,3.42444635948934
"HES4","HES4",0.636431848665977,0.00177411289959728,0.00061606057108068,211.519224385705,3.42444321752202
"AC006270.1","AC006270.1",1.54459734462274,0.00177437933653652,0.000616201572922188,0.856634293809857,3.42438103286957
"AC114546.3","AC114546.3",0.553879476113445,0.0017810664527026,0.000618669849263865,279.964443505526,3.42329461238423
"CCDC28B","CCDC28B",0.677364047101494,0.00178158938700822,0.000618900173950721,298.726692070677,3.42319343999398
"RNA5SP281","RNA5SP281",1.51169485841521,0.00178239254149411,0.00061932528075031,1.19105499657986,3.42300679960652
"AC080013.1","AC080013.1",0.559074688280632,0.00178283723359136,0.000619528509981553,26.8032157970157,3.42291761523949
"AC011893.1","AC011893.1",1.25969231874951,0.00178508040726806,0.00062040555153009,3.09043152227872,3.42253304950893
"WASH6P","WASH6P",0.550691960311289,0.00178850845891219,0.000621792443268908,472.743462840624,3.42192595549855
"Z98257.1","Z98257.1",0.985884292863013,0.00179493336238616,0.000624124210216843,17.3140136250892,3.42090808860385
"PMCHL2","PMCHL2",1.06886000834738,0.00179936512000169,0.00062586185353757,5.76057427507305,3.4201518676918
"KRT18P61","KRT18P61",1.06266874387309,0.00180383853408178,0.000627516386128833,4.77460067824259,3.41943362976277
"MSL3P1","MSL3P1",0.865686392577672,0.00180534846525736,0.000628172862491898,38.576469998771,3.41914913936195
"AC121338.1","AC121338.1",1.04020614959306,0.00180923761940725,0.000629734866225348,2.66082977609494,3.41847334033279
"AC004817.4","AC004817.4",0.555398952772785,0.00181005840818573,0.000630075797707209,18.2301568062567,3.41832604408999
"SLED1","SLED1",1.06519417374107,0.00181606320178773,0.000632215668569563,6.44870030104853,3.41740322262927
"ELN-AS1","ELN-AS1",0.552349803664876,0.00181651857527165,0.000632423828140424,16.2655215635942,3.41731360874253
"AC002375.1","AC002375.1",1.14067516119297,0.00181665864261206,0.00063252222964577,2.58968508425201,3.4172712558822
"AL662907.3","AL662907.3",0.71610975347927,0.00181722491103433,0.000632818696989879,9.65901479869888,3.41714369081074
"AL354733.2","AL354733.2",0.690254095368089,0.00182352464485297,0.000635261597909106,11.3749251050471,3.41609466166176
"CLRN1-AS1","CLRN1-AS1",1.25932054318576,0.00182399419651317,0.000635524850240061,1.46722958622207,3.41598184006976
"AP003072.4","AP003072.4",1.33281494640336,0.00182440621871132,0.000635718257526856,2.27521044882614,3.41589897954482
"OR5M2P","OR5M2P",0.721281895726361,0.0018244938664834,0.000635842937433324,8.42639756136318,3.41584557598078
"RPL11P3","RPL11P3",0.721195631629617,0.0018244938664834,0.000635848500423393,14.4495819928279,3.41584319343815
"AC022144.1","AC022144.1",0.815783494043704,0.00182575765412544,0.000636338824449414,5.39785506964421,3.41563327137365
"AL158071.2","AL158071.2",1.01763361307199,0.00183377876163087,0.000639384977107886,3.30491616006231,3.41433248534053
"LINC01134","LINC01134",0.586050262000118,0.00183377876163087,0.000639378340961868,11.3487361625674,3.4143353128759
"AP000879.2","AP000879.2",1.27308850286388,0.00183467161132993,0.000639746416672385,1.08082721061233,3.414178524046
"ULK4P1","ULK4P1",1.08454560624787,0.00183501320456366,0.000639915667910216,12.4595669441692,3.41410645643151
"EIF4A1P7","EIF4A1P7",1.29721691982773,0.00183867139966859,0.000641291849962283,0.952853463425438,3.41352113184206
"PPY","PPY",1.60540569987284,0.00185106059697548,0.000645865838503154,1.40890960316398,3.41158405973644
"SNORA53","SNORA53",1.20747776981098,0.0018552828156838,0.000647389733028165,1.42923082057439,3.41094152727547
"TRAJ19","TRAJ19",1.71942932205596,0.00185757154424409,0.000648340635158721,0.689511794104636,3.41054130277218
"RN7SL364P","RN7SL364P",1.22734665429168,0.00186040487573995,0.000649380373441293,3.3872547603073,3.41010431241706
"SLC22A25","SLC22A25",0.734931593687377,0.0018638867177581,0.000650646648981596,7.53228712902666,3.40957298895835
"AC115618.1","AC115618.1",0.524256397425005,0.00186442954044017,0.000650887079925792,12.2470505682225,3.40947221387179
"AC025366.1","AC025366.1",1.29171339300726,0.00186720448642668,0.000651906853399277,5.87743917624028,3.40904516682005
"GNLY","GNLY",0.842595418870371,0.00186972719100653,0.000652838705261684,406.835144816139,3.40865548127136
"TFEC","TFEC",0.785204814028746,0.00187223295918902,0.000653867091569554,1116.28151537805,3.40822602653897
"RUBCNL","RUBCNL",0.661528612455119,0.00187223295918902,0.000653837090027944,527.851552003052,3.40823854630278
"TRMT2B-AS1","TRMT2B-AS1",1.411050454309,0.00187437550740389,0.000654717792471144,1.59892191657951,3.40787124778235
"LINC01672","LINC01672",0.761142972727482,0.00187678697435782,0.000655628529614504,5.60041637975575,3.40749190615356
"AL121900.1","AL121900.1",1.51354200365752,0.00188064357372045,0.000657112763210391,1.00870525236046,3.40687473966431
"ARHGAP9","ARHGAP9",0.653753953970469,0.00188211075591794,0.000657676834269639,1083.51526901139,3.40664053038388
"RPS27AP8","RPS27AP8",1.42702291226958,0.00188553169915733,0.000658975271562651,1.14783232685001,3.40610211224238
"AL359844.1","AL359844.1",1.04232537579116,0.00188691173580357,0.000659509137528327,1.99651504948679,3.40588102218081
"AC068286.1","AC068286.1",1.18750336540938,0.00189232316371103,0.000661503936078007,1.70351779383829,3.40505638569435
"AC117503.3","AC117503.3",0.669204990856543,0.00189761217837632,0.000663404678333425,4.45068340754091,3.4042727799529
"ZNF683","ZNF683",1.05231110504837,0.00189842618168622,0.000663741124644304,35.0973842198737,3.40413429308439
"FRG1DP","FRG1DP",0.625289728062611,0.00189881951908508,0.000663930527766655,14.245639100657,3.40405636033763
"OIP5","OIP5",0.706068651048238,0.00189907188054901,0.000664070655680928,48.3243858008682,3.40399871591531
"MIP","MIP",1.41989728588185,0.00190162828480469,0.000665224375812303,1.56224274819444,3.40352453947908
"AL357140.3","AL357140.3",0.910347654366117,0.00190162828480469,0.000665194689422854,4.60383614477081,3.40353673093217
"RNU6-652P","RNU6-652P",1.19734562188182,0.00190244468217758,0.000665561947337408,1.74836614303748,3.40338594291882
"RN7SL627P","RN7SL627P",1.61305624456919,0.00191560694000553,0.000670428407730562,0.619826515829869,3.40139515221105
"LINC00621","LINC00621",0.875445671645369,0.00191565421309954,0.000670549635892187,4.49887990338962,3.40134573143433
"RPSAP53","RPSAP53",1.68810819657049,0.00191825677191567,0.000671617865934244,0.641886356798774,3.40091060754463
"AL391094.1","AL391094.1",1.39648288344262,0.00191888004578352,0.000671888515716709,2.1252995693827,3.40080046549114
"AC083923.1","AC083923.1",1.08818816509189,0.00192318310529794,0.000673552857829694,2.99770449828286,3.40012405990927
"AC078850.1","AC078850.1",1.30643838938716,0.00192486550341936,0.000674194674399102,8.59320820897822,3.39986363419118
"AC129492.5","AC129492.5",1.05471682273181,0.00192905297881426,0.000675766776179067,2.48169946406308,3.39922670512589
"AL109809.4","AL109809.4",1.2312527972001,0.00192932187228389,0.000675913687434741,2.94735660199143,3.39916725517312
"RN7SL25P","RN7SL25P",1.09071973810396,0.00193036829475901,0.000676333032151009,2.65395350579046,3.39899762678794
"LRRC43","LRRC43",0.713022943940222,0.00193187283450587,0.000676912954717433,8.94820169568659,3.39876320437354
"AC103810.2","AC103810.2",0.741841845149626,0.0019322453328023,0.000677096270203817,16.059233092756,3.39868914149012
"AC134508.1","AC134508.1",0.745506244524566,0.00193490583792099,0.000678081430562985,6.31156840488411,3.39829143727267
"AC092427.1","AC092427.1",1.05634350999738,0.00193730087082393,0.000679132494676659,23.1782707319512,3.39786771984985
"AL023581.1","AL023581.1",1.42492012796138,0.00193792251461713,0.000679403365803777,1.0031688565332,3.39775862186712
"LINC02225","LINC02225",0.693719312883862,0.00194352161185876,0.000681578728604804,10.6837625288059,3.39688392063214
"AC012668.3","AC012668.3",1.2108587726153,0.00194482167965572,0.000682087791471376,5.72939756739533,3.39667960403355
"AC083801.2","AC083801.2",1.42527778243248,0.00194498440976755,0.00068219800727304,1.46817771186434,3.39663538667583
"AL121672.2","AL121672.2",0.627952289587236,0.00195042904084278,0.000684267572458846,8.97013460453254,3.39580633072772
"AC092652.2","AC092652.2",0.579509391526155,0.0019532310659443,0.000685303973272241,21.5606610801583,3.39539202999042
"RN7SKP230","RN7SKP230",1.11872745414066,0.00195340448148358,0.000685418190420837,1.67367506052705,3.39534640737312
"RNU6-665P","RNU6-665P",1.34989639939909,0.0019593577339703,0.00068762671979582,1.91405518643463,3.39446562436522
"AC006122.1","AC006122.1",1.57484152531957,0.00196163237095174,0.000688680410239593,1.0835942985525,3.39404632849592
"TRAV4","TRAV4",1.1138604061116,0.00196222714587097,0.000688942835171506,13.8428565785653,3.39394199428427
"LINC00514","LINC00514",0.783893537133011,0.00197486188540945,0.000693486842571718,6.17692783184642,3.39214123273433
"LINC02196","LINC02196",1.14438710027719,0.00197701149451784,0.000694375369813481,1.7920963411016,3.39179039726249
"AC109361.1","AC109361.1",0.914590994017391,0.00197701149451784,0.000694403747698759,3.45635543328218,3.39177919911584
"RPL21P44","RPL21P44",0.767984122381589,0.00198164538463399,0.000696193785502987,16.0204726918441,3.39107369363165
"LINC00525","LINC00525",1.599343371511,0.00198440069639334,0.000697216004670126,10.7786136985009,3.39067156348203
"AC022509.4","AC022509.4",2.06425068461921,0.00198613753195111,0.000697880506595572,0.680469498772274,3.39041044925122
"CCT6P3","CCT6P3",0.53925602783997,0.00198964695902785,0.000699276724336052,111.493391907886,3.38986256121632
"AL445218.1","AL445218.1",1.51987418924524,0.00199163572133734,0.000700084525670234,1.05243504255465,3.38954603698393
"AC010331.1","AC010331.1",0.80099436115751,0.00199298508330443,0.000700613297680121,6.74621695222203,3.38933902974689
"RANBP17","RANBP17",0.506462318972116,0.00200077413624034,0.00070362479596572,36.9420540081883,3.38816282889884
"AC017033.1","AC017033.1",0.95886639924175,0.00200129130721978,0.000703916035898255,3.27226447607126,3.38804932752916
"AL353622.1","AL353622.1",0.600675052994462,0.00200245209237914,0.000704379033232849,32.2340359684556,3.38786897905102
"RPL21P90","RPL21P90",1.18061084573274,0.00200878138384462,0.000706715186163101,2.79078939115592,3.38696066869988
"MSC","MSC",0.589696215601504,0.00201206902725234,0.000708036749692147,949.871834955608,3.38644807167451
"AP002381.1","AP002381.1",0.990842459291398,0.00201210259139809,0.000708103537725276,2.67866340111232,3.38642219009653
"BTBD7P1","BTBD7P1",0.780750007446375,0.00201277820572314,0.00070839629683652,5.81298638034643,3.38630876737122
"GNG4","GNG4",0.989064123104814,0.00201679382978306,0.000709919804068285,87.980096842153,3.38571922201718
"RBP5","RBP5",0.848964080421018,0.00201846912617434,0.000710564666292255,143.367300594497,3.38547003635972
"AC005293.1","AC005293.1",1.19325466609411,0.00202792353712992,0.000713948325799039,4.47689753202107,3.38416596706375
"AC009831.4","AC009831.4",0.730392143257862,0.0020346264134993,0.000716482274055382,4.89846595670601,3.38319313326768
"DISP2","DISP2",0.627501864708387,0.0020346264134993,0.000716530502024439,109.286256464766,3.38317464859626
"NDUFA4L2","NDUFA4L2",0.717096866259244,0.00203957129408844,0.00071838338621531,10225.1612613005,3.38246535455845
"TMEM99","TMEM99",0.645280887584332,0.00204679663528214,0.000721096090475913,265.976941974907,3.38142997650079
"RLIMP1","RLIMP1",1.03370154909763,0.00205013933910246,0.0007223857733016,6.03910969984488,3.38093900217347
"WTAPP1","WTAPP1",1.30546368812614,0.00205880163467633,0.000725831784809112,35.669502681006,3.37963111062019
"AP006296.1","AP006296.1",1.18285765625554,0.00207097063734062,0.000730404901412408,2.32908202395445,3.37790431861167
"POC1B-GALNT4","POC1B-GALNT4",0.601457926166792,0.00207162656825364,0.000730692843235777,90.069720996253,3.37779592921626
"AC104461.1","AC104461.1",0.696805096964124,0.00207189065080381,0.000730842599575868,7.11421714572211,3.37773957240342
"RPL13P2","RPL13P2",2.12840326899631,0.00207339244783316,0.000731485649510145,0.400989822182597,3.37749769953456
"MARCH1","MARCH1",0.686182109145681,0.00207453684276142,0.000731946070946699,2639.90974119907,3.37732464073766
"RPS2P44","RPS2P44",1.50854616434554,0.00207680608857855,0.000732803459873314,1.35098866513004,3.37700264290987
"LINC01136","LINC01136",0.944012227567244,0.00207850504942332,0.000733516522810775,4.42690315354194,3.37673511405165
"METTL27","METTL27",0.876757714353935,0.00208081294186973,0.000734387845846372,103.074873005743,3.37640853649496
"AC092745.2","AC092745.2",0.922938812859821,0.00208364608229962,0.000735501618547741,5.96785871218803,3.37599161087832
"KLHL6-AS1","KLHL6-AS1",1.00263729743018,0.00208666013636991,0.000736622556952355,4.06921512653223,3.37557259455588
"AC008892.1","AC008892.1",1.67011989748089,0.00208786802571464,0.000737106007275033,1.05033469205972,3.3753920594784
"AL158825.2","AL158825.2",0.785481663596303,0.00209356393367309,0.000739288512767864,8.67124272927577,3.3745784119486
"AL022097.1","AL022097.1",0.959925995370493,0.00209629627774585,0.000740367924974531,4.06365125477697,3.37417682660147
"AC127035.1","AC127035.1",0.775815795674674,0.00210088211162392,0.000742159753577576,6.57187678009629,3.37351139233292
"SCT","SCT",1.47140376083185,0.00210283066205843,0.000742905556447319,12.1927184836266,3.3732348620095
"AC091152.4","AC091152.4",0.576567981372315,0.00210502926892938,0.000743787968712187,11.528762651165,3.37290801217143
"MCOLN2","MCOLN2",0.844037626778619,0.00210575081619064,0.000744109820098733,185.50454483252,3.37278888646346
"GPRC5D-AS1","GPRC5D-AS1",0.763529089135559,0.00211104773424683,0.000746096954629436,29.9401071363192,3.37205445348304
"AC013470.2","AC013470.2",1.08396102228318,0.00211167344219567,0.000746375793006454,11.8517190913704,3.37195154186965
"KLHDC7B","KLHDC7B",1.11813384219055,0.0021123437303893,0.000746670423783339,254.545493543152,3.37184284050252
"OR11G2","OR11G2",0.871045362446677,0.00211289106502142,0.000746921626253372,4.07220444720695,3.37175019307259
"MYADML","MYADML",1.37152860181479,0.0021191297799481,0.000749300759100203,0.732682962063968,3.37087416337307
"AC092112.1","AC092112.1",1.10961740862529,0.00212558289201069,0.000751814818357835,2.49528575540691,3.36995125442661
"AC007876.1","AC007876.1",0.718974371042072,0.00212592827742918,0.000752013299768517,10.4557729370722,3.36987851419076
"LINC01311","LINC01311",0.791039786102884,0.00212809367154498,0.000752935461428889,9.0138244138764,3.3695407904792
"AP001804.1","AP001804.1",0.732691276209847,0.00212809367154498,0.000752884478714399,5.94537504085231,3.36955945187001
"RN7SL543P","RN7SL543P",1.1051375405931,0.00213245018638152,0.000754651624744214,1.41914060125992,3.36891330044233
"PAGE5","PAGE5",1.99531336647569,0.00213423999020479,0.000755459959919754,0.527558541635983,3.36861820342472
"AC087392.1","AC087392.1",0.968775135682135,0.00214244925896063,0.000758599960295933,7.95287340799894,3.36747466558819
"AL035555.1","AL035555.1",0.94717305093446,0.00214588041327998,0.000759932130291043,3.13503495614394,3.36699083798955
"PCDHGA8","PCDHGA8",0.564791368049693,0.00214858282510418,0.000760947855925037,25.45289924599,3.3666224679111
"GPR141","GPR141",0.871077161123119,0.00215078990631263,0.000761788288082479,63.9557916040266,3.36631801598048
"AC011468.5","AC011468.5",0.587837334559158,0.00215163946829073,0.000762206773583685,18.6626439297344,3.36616653321881
"AP001043.1","AP001043.1",0.679707450849846,0.00215532959482078,0.000763766745058141,7.31228670018554,3.36560253668681
"AL137186.1","AL137186.1",1.3770713983236,0.00216462959875185,0.00076728161383119,1.73131154224659,3.36433567071871
"SMG1P7","SMG1P7",0.773434029150048,0.0021664460067827,0.000767984657832146,31.7312729950274,3.36408291901056
"AC098934.1","AC098934.1",0.801394345292064,0.00217012547487387,0.000769348289201577,8.58075136705029,3.36359329101313
"OR6C66P","OR6C66P",1.25022080711455,0.00217104183128164,0.000769791793342491,1.14616776767288,3.36343421922598
"LINC02302","LINC02302",0.717762575374059,0.00217978058027832,0.000773188106045878,9.10882838469034,3.36221887545349
"CXCR6","CXCR6",1.01156039887323,0.00218041496006052,0.000773532277970047,144.635968391665,3.36209599294474
"STX8P1","STX8P1",1.32274591964778,0.00218222783240537,0.000774294670117112,1.80685794810196,3.36182397050736
"AC025449.1","AC025449.1",0.567888399542361,0.00219069287893207,0.00077753765122893,14.3411404067776,3.36066964228202
"PABPC1P1","PABPC1P1",1.00789385778814,0.00219670411992222,0.000779791249105971,2.69323481352135,3.35987011081034
"AC105036.1","AC105036.1",1.18727277790623,0.00219779900074984,0.000780300014091735,1.42054420808431,3.35968990796989
"LINC01869","LINC01869",1.14469324478146,0.00220120482359228,0.000781569351145706,3.05347640335608,3.35924078813813
"RPL10P14","RPL10P14",1.99472464400067,0.0022030143793855,0.000782272053184349,0.37815785630685,3.35899244752778
"AC012676.4","AC012676.4",1.20328663253004,0.00220808012529148,0.00078419152076665,2.35090250504157,3.35831514592951
"AC044787.1","AC044787.1",1.30271008120732,0.00220926177905761,0.000784731908733815,1.02588176343537,3.358124742717
"AL162411.1","AL162411.1",1.96959939101476,0.00221198021638981,0.000785930553706159,0.960932850984569,3.35770283967892
"JAKMIP2","JAKMIP2",0.797168245105813,0.00221198021638981,0.000785939253365749,103.293723049955,3.35769977972758
"RN7SL472P","RN7SL472P",1.33342097883882,0.00221331887909844,0.000786475368799015,1.20930674379147,3.3575112712482
"AC016831.4","AC016831.4",0.901780845222072,0.00223297375849107,0.000794008592939774,14.1527806494453,3.35487498190738
"PRNCR1","PRNCR1",0.551753111034365,0.00223297375849107,0.000793998116146509,24.9692057431013,3.35487863216562
"AL445435.1","AL445435.1",1.1597725660042,0.0022337727148126,0.000794414756031606,1.85358098349662,3.35473350357156
"RN7SL622P","RN7SL622P",0.840132940425056,0.0022337727148126,0.000794397096198963,4.53740455333445,3.35473965360518
"RNA5SP217","RNA5SP217",1.33550529255298,0.00223554200155631,0.000795105063915913,1.09716540497493,3.35449320333389
"AC104986.2","AC104986.2",0.722067841232495,0.00224372063128217,0.000798259142051017,36.6045695555043,3.35339770771369
"AC100763.1","AC100763.1",1.24505020011668,0.00225009147682188,0.00080058720760607,1.56386328437339,3.35259168213582
"AL353708.3","AL353708.3",1.15270433739349,0.00225884799540273,0.000803949670431324,4.77151120479849,3.35143135752468
"AC024940.5","AC024940.5",1.64479606308939,0.00226222744343376,0.000805276076752235,2.48247744673024,3.35097487715309
"E2F5","E2F5",0.617884146241973,0.0022668269199877,0.000807099144631267,175.107471978176,3.35034860879065
"FBP1","FBP1",1.23402989680493,0.00227044327401575,0.000808448775840139,4532.60443017019,3.34988582252546
"AC074194.2","AC074194.2",0.806547407707786,0.00227461168564636,0.000809995193831227,20.9942610052697,3.34935643889098
"AP000926.1","AP000926.1",1.07848064770416,0.00228067069124405,0.000812277451852953,3.08885027674572,3.34857686675302
"HMGB1P21","HMGB1P21",1.3319320621124,0.0022813691715103,0.000812713223261601,3.78999373622959,3.3484282473694
"AC068448.1","AC068448.1",0.835740562536299,0.00228953393936721,0.000815746948532704,153.531132806668,3.34739564298111
"AC017002.5","AC017002.5",0.847064813444341,0.0023009063016032,0.000820301795768151,4.82718780710054,3.34585195787484
"TPH1","TPH1",0.696048846131641,0.00230467858786329,0.00082177260503336,17.8440293793188,3.34535518365142
"CADM2-AS1","CADM2-AS1",0.977688230994348,0.00230720323613362,0.000822735851656601,2.88002028666133,3.34503028843238
"STAC3","STAC3",0.949781352042062,0.0023073995144453,0.000822868888836857,508.702460623503,3.34498544381691
"AP003696.1","AP003696.1",1.3363139712924,0.00230906391550137,0.000823525541381988,3.01461820673373,3.34476419568052
"AC012184.3","AC012184.3",0.541866434155139,0.00230913105394547,0.000823612578983144,12.8790776475622,3.34473488209628
"KMT2E-AS1","KMT2E-AS1",0.620218317661295,0.00231005723711712,0.000824006044716086,70.1356798043185,3.34460240176255
"AC130324.2","AC130324.2",0.855111514755529,0.002313085458373,0.000825149423331726,3.67703576205527,3.34421775775228
"AC008569.2","AC008569.2",0.78723527506878,0.00231642830795845,0.000826468505842277,7.17437203092157,3.34377461899165
"SPAG5-AS1","SPAG5-AS1",0.587500958731653,0.00231678470259233,0.000826658964210858,24.6931335169964,3.34371068973071
"SATL1","SATL1",0.748837830554573,0.00231893266202898,0.000827488744667846,13.8828484331335,3.34343232495141
"AC020765.2","AC020765.2",0.830496650006051,0.00232254699972252,0.000828905404802743,7.17668759936895,3.34295767871987
"AL022069.1","AL022069.1",0.707379757076439,0.00232692148538928,0.000830657373332903,9.63302312022186,3.34237172846449
"RPL17P22","RPL17P22",1.54449790807013,0.00233619320395674,0.000834350156258874,0.799080295837671,3.34114041358666
"RN7SL336P","RN7SL336P",0.721108128175081,0.0023364191180793,0.000834494677765309,6.86799555661641,3.34109232746025
"AC020893.2","AC020893.2",0.923839413383561,0.0023384728008159,0.000835355976880982,3.6647872964682,3.34080591057337
"AP003025.1","AP003025.1",0.819009188591381,0.00233967761684619,0.000835850292091695,5.97999461009847,3.34064165441513
"AP000302.1","AP000302.1",1.47481366679603,0.00234278915762253,0.000837025903032111,1.04480312441701,3.34025137196672
"AC131206.1","AC131206.1",0.833855264862846,0.00234282773163127,0.000837103698093995,25.3875578898932,3.3402255632952
"HIST1H2BD","HIST1H2BD",0.788947785985322,0.00234537875180822,0.000838079273098933,95.7415966799288,3.33990210302954
"SH3D21","SH3D21",0.689422907962647,0.00235147982484415,0.000840323632589324,80.0541773726523,3.33915929032582
"AC018557.1","AC018557.1",2.84816540232277,0.0023578377436953,0.000842724542344823,23.1543657324236,3.3383666988038
"AC098969.1","AC098969.1",0.768292932459472,0.00235784599571252,0.000842791915514392,4.43960502823958,3.33834448770815
"AC073575.1","AC073575.1",0.960415648813399,0.00235792506142454,0.00084288460282022,3.54750652983017,3.33831393392361
"AL591468.1","AL591468.1",1.55981188654669,0.00236016163100018,0.000843813080730003,8.82071147721193,3.33800803889207
"AL136418.1","AL136418.1",0.767167519137232,0.00236267367858786,0.000844904863667255,6.7102519749928,3.33764874073669
"CTSW","CTSW",0.739743244449343,0.00236369757094391,0.000845335596767255,355.524338199063,3.3375071079206
"LINC00632","LINC00632",0.701176712079853,0.00236739491466196,0.000846722572554579,816.412648270555,3.33705149958609
"AC096708.3","AC096708.3",1.11432219927613,0.00236771903609537,0.000846903191385679,2.52334618128484,3.33699221896714
"MCEMP1","MCEMP1",1.14484691387679,0.00237111252630092,0.00084828437206284,140.017504983504,3.33653929112922
"AC068254.2","AC068254.2",0.835692296973993,0.00237111252630092,0.000848311358763471,3.75630506724636,3.33653044824832
"AC108463.3","AC108463.3",0.642256755451632,0.00237933552043247,0.000851448326760405,24.1517210478792,3.33550431425025
"OR4E2","OR4E2",1.31889053793847,0.00238291577748466,0.00085279463519479,1.71942732892328,3.33506499802097
"AC245014.1","AC245014.1",1.6178554994401,0.00238487904416299,0.000853562408795077,1.990833640667,3.33481475239704
"MEG8","MEG8",0.696557586616981,0.00238936110808866,0.000855362420781376,98.6150109299083,3.33422887977183
"AC011124.2","AC011124.2",1.57043283288665,0.00239749320853419,0.000858404628668327,0.906002433704747,3.33324128814706
"TRDJ2","TRDJ2",1.64395597370735,0.00240395187429973,0.000860848473034024,0.601991965461717,3.33245029130351
"AL360091.1","AL360091.1",0.95696439858866,0.00240406729021048,0.000860955489843678,4.29088010056137,3.33241570088121
"LINC00115","LINC00115",0.749773725283675,0.00240741001224555,0.000862284156685343,10.9932890725517,3.3319865753231
"AC012360.1","AC012360.1",1.0394238095959,0.00240774255070207,0.000862469052151811,2.68690846770886,3.33192690740119
"LINC01614","LINC01614",1.27246673717005,0.00241233288495135,0.00086417925229097,137.931541034938,3.33137556743758
"AC119800.1","AC119800.1",1.11840886806287,0.00241262603755081,0.000864416110560501,1.65585591539664,3.33129928806593
"SLC22A13","SLC22A13",0.855977522024195,0.00241262603755081,0.000864381890409623,2.73373280661423,3.33131030734717
"MINCR","MINCR",0.637329383282983,0.00241300792412605,0.000864618867099894,40.7341280411821,3.33123400643099
"AC116021.1","AC116021.1",1.09345465596504,0.00241306086247758,0.000864703768173815,2.18251062261511,3.33120667500173
"LINC01572","LINC01572",0.695455906731779,0.00241368253782103,0.000865058440083019,10.0514114773611,3.33109252560812
"EDNRB-AS1","EDNRB-AS1",1.50308315329609,0.00241589175527745,0.000866048248018803,0.975246525781702,3.33077419023212
"AC063980.1","AC063980.1",1.12488830406507,0.00241589175527745,0.000866017061719287,1.86163543165532,3.33078421501187
"AP003041.1","AP003041.1",1.21279767834985,0.00241825837790307,0.000866999024986096,1.53840164863781,3.3304687252362
"AC012358.1","AC012358.1",0.66716027704758,0.00242619607212418,0.000870073593448725,8.75552467131648,3.32948305169351
"AC008277.1","AC008277.1",0.931472122658328,0.00242676190721635,0.000870409124730979,3.23483631280147,3.32937567950331
"GPR84","GPR84",1.18626907528126,0.00243105851843886,0.00087201661876186,170.799779886469,3.32886180272708
"Z97192.3","Z97192.3",0.783588711885751,0.00243293693233098,0.000872756878181739,8.87595743139559,3.32862545507672
"AC021752.1","AC021752.1",0.654049978780125,0.00243942993218458,0.000875219389587576,12.690327898021,3.3278405676447
"LINC02228","LINC02228",0.696381583948244,0.00244076730653721,0.000875765902605172,10.2730300617878,3.32766665272137
"NIFKP4","NIFKP4",1.26279723165986,0.00244491860102551,0.000877389024450642,1.62722780116203,3.32715072489101
"LILRB4","LILRB4",0.975214339352633,0.00244707162690575,0.000878252356695295,5329.05715689325,3.32687666526092
"TMEM37","TMEM37",0.61642686990452,0.00244707162690575,0.000878295387607146,1844.89199521682,3.32686301189235
"FOLR2","FOLR2",0.575400708702961,0.00244753564313374,0.000878528805263748,7525.83966555306,3.32678896111709
"RPL3P9","RPL3P9",1.42806922803829,0.00245230642180752,0.000880375258234623,0.809688795975393,3.32620382364248
"AC000068.1","AC000068.1",0.633884015387197,0.00246310400466326,0.000884386177908682,9.55284776955184,3.32493668070342
"AC073195.1","AC073195.1",0.923245119874464,0.00246899532431955,0.000886636398468043,5.11442073286357,3.32422811454039
"RN7SKP38","RN7SKP38",1.23236677818358,0.00247423179830582,0.000888719670497235,1.75073168210534,3.32357360289288
"NAIP","NAIP",0.617798996943696,0.00247509855079766,0.000889166254430113,1637.92816631307,3.32343348259461
"ZNF804A","ZNF804A",0.826552701694846,0.00249023472472488,0.000895148174498773,49.7163731474071,3.32156285637573
"AL391422.3","AL391422.3",1.22463028246914,0.00249391642220194,0.000896607893202907,2.69882399832642,3.32110814186919
"SNORA59B","SNORA59B",0.710877943278621,0.00249391642220194,0.000896584265639341,6.42140419865273,3.32111549658644
"RN7SL180P","RN7SL180P",0.987376737059464,0.00249650918711787,0.000897608251408071,4.16202866530327,3.32079691805712
"AC018529.3","AC018529.3",0.991167881769178,0.00249823686317627,0.000898297688991496,3.40695071623773,3.32058261257537
"AL133243.3","AL133243.3",0.50011354834807,0.00250179658480293,0.00089971438151797,45.412317079478,3.32014272448909
"OR8H1","OR8H1",1.10565179841898,0.00250323037829589,0.0009002984089595,1.55155129515865,3.31996156873905
"SLAMF9","SLAMF9",1.93808805576435,0.00251931695451035,0.000906152856339632,137.539389708569,3.31815160893962
"HUS1B","HUS1B",0.981455998249439,0.00252245042899025,0.000907348831871271,4.200781889829,3.31778319492961
"TYMS","TYMS",0.771708768813506,0.00252275820602642,0.000907528471831029,582.638618590863,3.31772789665943
"AC008764.8","AC008764.8",0.715976753547226,0.00252395448042308,0.000908027777910072,24.3020576754362,3.31757424936534
"AC090220.1","AC090220.1",1.45053163509225,0.00253395921605452,0.0009117655923993,1.58391459454304,3.31642652360334
"RN7SL225P","RN7SL225P",1.04733344350106,0.00253631407787561,0.000912751515606973,3.38307668898018,3.31612451480088
"AC107958.2","AC107958.2",1.16187688336183,0.00253937475034886,0.000913922353386575,2.23748980827479,3.31576625524471
"LINC00355","LINC00355",0.865241538368963,0.00254206381734478,0.000914959607253827,4.42079659915053,3.31544922557541
"AL513329.1","AL513329.1",0.893831986908763,0.00254853821330838,0.000917359556876544,4.56411288551697,3.31471697201205
"AC098679.2","AC098679.2",0.6682560471673,0.0025511908539048,0.000918384095199208,13.9943484598527,3.31440491355642
"AC108210.1","AC108210.1",1.45940722188743,0.00255228852887135,0.000918848975556952,1.15526751526615,3.31426342460463
"LINC00347","LINC00347",0.993302034264688,0.00255296756573807,0.00091916319062626,3.85176344390021,3.31416782904554
"AC103739.3","AC103739.3",0.855969356199501,0.00255767482028493,0.00092092786091737,8.33489553149568,3.31363151461162
"AL731537.1","AL731537.1",1.00822920314077,0.00256311035907967,0.000923165134385865,2.83018677471286,3.31295293502679
"AC104115.1","AC104115.1",1.11624029925174,0.00257765787046799,0.00092875691515783,2.63973800339689,3.31126355232456
"CD300LB","CD300LB",0.736651388458907,0.00258727196991237,0.000932362359932629,260.298188663897,3.31017926941436
"AC060234.3","AC060234.3",1.10791005737881,0.00258788313076805,0.000932653310058488,2.77249518550339,3.31009194004762
"AP002439.1","AP002439.1",1.31694475587791,0.00259732562830166,0.000936269215393422,1.40682166084293,3.30900871847276
"AC026401.2","AC026401.2",1.085956678816,0.00259935596463344,0.000937072122117368,4.46254949826282,3.30876871656556
"HMGB1P19","HMGB1P19",1.546379692073,0.002603046113925,0.000938615797302338,0.819589784291133,3.3083078216534
"LINC01686","LINC01686",0.5552992183814,0.002603046113925,0.000938572437657606,36.6210870953329,3.3083207579488
"P2RY6","P2RY6",0.691376987067648,0.00261058652485419,0.000941548734339061,642.827905634335,3.30743406627426
"AL445487.1","AL445487.1",1.83751684399785,0.0026143559251117,0.00094305109219718,0.687679578603526,3.30698747286281
"SMIM33","SMIM33",0.791428467394089,0.00261889943718535,0.000944976255293035,8.39323587078543,3.30641615807207
"AC025300.1","AC025300.1",1.4905074219681,0.00262129850256803,0.000945913531064126,4.17022893518232,3.30613840060358
"S1PR4","S1PR4",0.731266870773534,0.00263048986785992,0.000949445918042283,650.202347629455,3.30509387951149
"BNIP3P28","BNIP3P28",0.986917823926644,0.00263484540628251,0.000951089993234739,4.67657512911767,3.30460895621076
"HSP90AB7P","HSP90AB7P",1.14802758221838,0.00264448046613588,0.00095500285069608,1.67765868412406,3.30345796672005
"OR8A1","OR8A1",0.520413522185061,0.00264448046613588,0.00095495343950005,37.4922873989237,3.30347247405447
"STMND1","STMND1",0.701274317658968,0.00265109907548175,0.000957608944994909,7.0808739118759,3.3026937901278
"AC022080.2","AC022080.2",1.13815058531247,0.00265313226448496,0.000958415849306146,2.835994829797,3.30245757470256
"AC013470.1","AC013470.1",1.91286194903992,0.00266852893086469,0.000964488119825081,0.627079965416579,3.30068584686391
"RNU6-937P","RNU6-937P",1.55865627275287,0.00266883771019528,0.000964672643191711,0.884621342076456,3.30063216972884
"AC133555.1","AC133555.1",1.80101106315202,0.00266885379541192,0.000964757461115828,2.01063323619147,3.30060749971208
"AC009299.1","AC009299.1",0.960651176861611,0.00266885379541192,0.00096482430031135,6.63012816731586,3.30058806037701
"AC026356.2","AC026356.2",0.54024699716368,0.0026746810641018,0.000967077092851146,33.7807746683171,3.2999335924942
"AC136628.3","AC136628.3",0.622894796436188,0.0026781838479151,0.000968489937625517,18.6321959759913,3.29952386128339
"AL078590.2","AL078590.2",1.36188476806751,0.00268138455974967,0.000969793912877577,1.97522092513372,3.29914619362797
"ZDHHC20P1","ZDHHC20P1",1.0145203926193,0.00268520811803092,0.000971323540933123,3.42800428789691,3.29870376954137
"AC108868.2","AC108868.2",0.966604555585183,0.00268636194688335,0.00097188771656828,7.02385087966905,3.29854075228123
"HSPA8P14","HSPA8P14",1.09507266690545,0.00269322841290177,0.000974592669211484,2.31357470230201,3.29776037766498
"SMPDL3A","SMPDL3A",0.620535798622123,0.00269438058860931,0.000975083223479613,897.708560914524,3.29761906841775
"RNA5SP283","RNA5SP283",0.770515669456557,0.00269505906089099,0.000975402396802154,10.4716614360162,3.29752716257705
"LINC02021","LINC02021",0.596879558908773,0.00269729704733054,0.000976298868249547,16.8250739989159,3.29726917283413
"IKBKE","IKBKE",0.538097188573895,0.00269729704733054,0.000976359771661384,430.967579135089,3.29725165379242
"AC016722.1","AC016722.1",1.00242081508829,0.00270056495025997,0.000977616465640984,2.70570744587878,3.29689038783758
"AL162430.1","AL162430.1",0.828400499008084,0.00270508769930194,0.000979327632332869,3.31748458724266,3.29639916392558
"AL353662.1","AL353662.1",1.32643333456804,0.0027091325085807,0.000980940025785169,1.025312263449,3.29593702155544
"AC138207.5","AC138207.5",0.659985762889706,0.00270916843246175,0.00098102705635169,43.4203070576155,3.2959120969666
"AL079307.1","AL079307.1",0.542402524168038,0.00271052096191419,0.000981590885794987,22.9085816997993,3.29575067205018
"AC008937.2","AC008937.2",0.887987108137425,0.0027115798799007,0.000982048452364375,6.08273715114039,3.29561973339593
"AC066692.1","AC066692.1",1.54124984578671,0.00271246072808738,0.000982515693659785,0.832247475878966,3.29548608447471
"FLT1P1","FLT1P1",1.36204868168133,0.0027151426904403,0.000983635534647066,1.89991119772296,3.29516600642127
"AL356289.3","AL356289.3",1.04211586097829,0.00273956102290583,0.000992930871576979,2.21626480629328,3.29252211877208
"IARS2P1","IARS2P1",0.89472563650036,0.00274209079772043,0.0009939226897609,3.0137963683973,3.29224136876387
"AC093535.1","AC093535.1",0.78155143409239,0.00274394629421918,0.000994670222831385,16.6331514512306,3.29202993893126
"AC025171.3","AC025171.3",0.793231076115772,0.00275279939536736,0.000998105084196968,5.84601136500293,3.29106032090746
"RPS20P20","RPS20P20",1.51184469675735,0.00275697831459643,0.000999695598595841,1.37032050174614,3.29061238475464
"AL356259.1","AL356259.1",0.950831228669686,0.00276025235219868,0.00100103362033753,2.39546353370221,3.29023606872242
"EIF3EP2","EIF3EP2",1.00032376243979,0.00276402383221396,0.00100247690780645,3.38587948874712,3.28983066859637
"SECTM1","SECTM1",0.589153304739971,0.00276626218197839,0.00100336431229714,3322.51078599101,3.28958167671303
"AP002812.3","AP002812.3",0.923229639594324,0.00277343732604217,0.00100619418058384,5.17802607686793,3.28878901908097
"PTCSC3","PTCSC3",0.588933921202194,0.00277538571858963,0.00100697688344358,16.8460435554506,3.28857014515458
"AL360270.3","AL360270.3",0.594803482069307,0.00279477619797487,0.00101454675172256,12.1794063613464,3.28646140663278
"C5orf64","C5orf64",0.606108355690272,0.00279817037950156,0.00101600825632384,9.17836073344123,3.28605595329436
"FCGR2B","FCGR2B",0.702043683579093,0.00280011775182802,0.00101679185009958,6009.36852097002,3.28583878950444
"RN7SL388P","RN7SL388P",1.05925796261945,0.00280032253521124,0.00101694272563438,2.19005993356274,3.28579699391134
"AL139352.1","AL139352.1",0.856702896021791,0.00280071783321848,0.00101716280333178,10.5297205861084,3.28573603820193
"LINC02395","LINC02395",1.05966344088222,0.00280138606974108,0.00101748203571322,3.10061732060425,3.2856476409565
"AL157931.1","AL157931.1",1.62903977479836,0.00280323177050754,0.00101822899962095,1.07059408884314,3.28544090270555
"OR9K1P","OR9K1P",1.28484855463664,0.0028062481919765,0.00101940134190354,1.81193116313176,3.28511671475761
"AC127496.1","AC127496.1",0.698407399747693,0.00281194239463588,0.00102162348756724,5.97940287794659,3.28450317036401
"AC114982.2","AC114982.2",1.72446732396741,0.00281257436198546,0.0010220019260524,0.703062697239719,3.28439880490677
"WT1-AS","WT1-AS",1.14943020005799,0.00281546185311269,0.00102313294479081,13.8565073645488,3.28408710653155
"AC008972.2","AC008972.2",0.668078982191216,0.00281715485550483,0.00102382515186398,27.9828282729592,3.283896497898
"AC090692.3","AC090692.3",1.13116640911322,0.00282294299137991,0.0010260829698715,1.81927579506413,3.28327560491466
"AC092723.3","AC092723.3",1.98183275587684,0.00282419677944637,0.00102661586255784,0.676724111973854,3.2831292455188
"AC006004.1","AC006004.1",1.26671336280451,0.00283450387798527,0.00103059490981584,2.82285792571399,3.28203861430282
"ANKRD20A11P","ANKRD20A11P",1.25567582983492,0.00283610412103025,0.0010313317234567,15.2226659453254,3.28183708615119
"CNDP1","CNDP1",0.68003891974437,0.00284355548782346,0.00103458523117728,10.4727773827052,3.28094879943721
"AC094085.1","AC094085.1",1.90208604844363,0.00284768466459058,0.00103616537824402,0.687312858068474,3.28051831312261
"MTRNR2L11","MTRNR2L11",1.42500722740954,0.00284943466021734,0.00103703570245348,0.589034748722314,3.28028146631142
"AC002550.2","AC002550.2",0.723762826039751,0.00285124029608638,0.00103777075833128,5.13301958162553,3.28008157415948
"AC244131.2","AC244131.2",1.17358465979111,0.00285326372661065,0.00103858518992068,2.09990043946075,3.27986024940981
"AL160281.1","AL160281.1",1.74922923414165,0.00285603108028449,0.0010396705397041,0.785961861767675,3.27956555114919
"AC027682.7","AC027682.7",0.609669256687414,0.00285618249098131,0.00103980369709104,26.2428064739514,3.27952941536198
"TAS2R15P","TAS2R15P",0.973762441450058,0.0028593493423028,0.0010411128537809,2.72955679449393,3.27917436881497
"ZFR2","ZFR2",0.696165925859285,0.00286038232634453,0.00104156712651148,6.4084487173838,3.2790512654649
"AP001025.1","AP001025.1",1.46621324695548,0.00286073339066052,0.00104177312578823,0.716645066871717,3.2789954581008
"AC008507.1","AC008507.1",0.681771506300232,0.00287115523503822,0.00104588217146724,7.7690387490258,3.27788440248659
"TRAF3IP3","TRAF3IP3",0.848987322945162,0.00287427502542436,0.00104709715877436,481.62121666543,3.2775566525703
"RN7SL516P","RN7SL516P",1.30264412360782,0.00287774904450686,0.00104875588829292,1.5227318972002,3.27710976827373
"RNU6-354P","RNU6-354P",1.13133428187703,0.00288117508835454,0.00105016190821196,1.59909908219897,3.27673147920246
"RNU6-610P","RNU6-610P",1.13133428187703,0.00288117508835454,0.00105016190821196,1.59909908219897,3.27673147920246
"AC021237.1","AC021237.1",0.939434515348974,0.00288499580749612,0.00105163335249066,3.04980168008884,3.27633608923797
"ZSCAN4","ZSCAN4",0.872243881912763,0.00288586850581497,0.00105203031789348,6.80920229361547,3.27622950883167
"TRIM46","TRIM46",0.70182684255722,0.00289232771050313,0.00105454304677597,42.1180198251979,3.27555573346737
"TRBV6-6","TRBV6-6",1.1300645963513,0.00289414901378483,0.00105528617145164,9.94386589702828,3.27535675299537
"TM4SF20","TM4SF20",0.867022583662757,0.002903856700064,0.0010590638878782,3.41984241607442,3.27434722474556
"AC023090.2","AC023090.2",0.660270544442352,0.00290472784753408,0.00105954033619989,9.91913708767489,3.27422013898418
"ARAP1-AS1","ARAP1-AS1",3.69953782174011,0.00290489560451157,0.00105968089881784,22.7565061504075,3.27418265602014
"LINC01531","LINC01531",0.600163858758436,0.00290825823884003,0.00106098702163972,14.5057897482886,3.27383458010953
"AL356776.1","AL356776.1",1.69836473171537,0.00291211157590819,0.00106263149529369,0.629911141921955,3.27339689853584
"LINC02471","LINC02471",0.649426403013981,0.00291850383759792,0.00106513620008607,7.43950323648409,3.27273146642192
"MRTFA-AS1","MRTFA-AS1",0.702496728975311,0.00292456925125727,0.00106749694329205,13.7520498292306,3.27210560484869
"AC024475.1","AC024475.1",1.07727718503559,0.00292729550650493,0.00106865201952,3.15705826688799,3.27179984653222
"AC122718.1","AC122718.1",1.05135119801002,0.00292768682120081,0.00106887486829928,159.842249303171,3.27174089178413
"AC011478.1","AC011478.1",1.26381840904302,0.00292890727343893,0.00106940047255292,1.89009611757033,3.27160188795679
"AC023632.2","AC023632.2",0.528320298154924,0.00293880895218613,0.00107333695630678,13.1978684465684,3.27056283111859
"AL390037.1","AL390037.1",0.864041653838476,0.00294406074919448,0.00107533550357201,3.42599661577806,3.27003665183942
"AC005336.3","AC005336.3",0.694340598454884,0.00294870684864895,0.0010771130866851,18.3096300834731,3.26956940773375
"AC116348.1","AC116348.1",0.64467788704811,0.00295514646553542,0.00107962685840253,10.5243284871585,3.26890986986788
"AP006545.1","AP006545.1",0.674081709569148,0.00295607464844242,0.00108004672802459,5.97061600599328,3.26879984720714
"AC140076.1","AC140076.1",1.28845057730358,0.00296369783690949,0.00108291295316786,1.97001662427704,3.26804983650042
"AC021683.5","AC021683.5",0.848701977977435,0.00296616083942072,0.00108397500552617,10.5776234767042,3.26777239334348
"AC008243.1","AC008243.1",1.23688421793974,0.00297326498822367,0.00108689615228406,1.3461744028532,3.26701058808254
"AC097714.1","AC097714.1",1.20347702291813,0.00297336585216859,0.00108703484014369,2.82475181066286,3.26697446681018
"PATE4","PATE4",0.851553558777782,0.00297336585216859,0.00108709550719604,3.68478280586623,3.26695866740796
"RNU7-41P","RNU7-41P",1.09854467452295,0.00297437110343651,0.00108754430739057,7.62017285938623,3.26684181257216
"Z94721.3","Z94721.3",0.547026664346476,0.00297447650515106,0.00108766411837582,20.2907758080471,3.26681062473379
"HNRNPA1P3","HNRNPA1P3",1.05344905709642,0.00299057133392777,0.0010937128693304,3.82051947180913,3.26524019724235
"AP003465.1","AP003465.1",1.68942618302526,0.00299553953694083,0.00109585723271403,0.894784999089876,3.26468538765764
"AC097347.1","AC097347.1",1.34789722473208,0.00300107294907292,0.0010980754590005,1.26775000377408,3.26411252305287
"AP001381.1","AP001381.1",0.856954752326546,0.00300493803187902,0.00109970600286859,3.87984915272302,3.2636921115205
"AC092058.1","AC092058.1",0.825482344970857,0.00300667713236516,0.00110042460690268,8.15721997405842,3.26350701311599
"LINC01180","LINC01180",0.874726979246873,0.00300741345301925,0.00110077626756594,5.41134837712253,3.26341647290881
"AGPAT4-IT1","AGPAT4-IT1",0.638242647167194,0.00302521531419326,0.0011079533886567,36.4358831304403,3.26157443715561
"AC040162.1","AC040162.1",0.531167281019668,0.00302769273418419,0.00110902616996293,108.968476418432,3.26130005210876
"TRBV4-2","TRBV4-2",1.14624239801682,0.00303226193735158,0.00111078269335426,16.2690210024017,3.26085131595242
"AC108449.3","AC108449.3",2.51072942750367,0.00303336456557515,0.00111126949083941,11.7214915289997,3.26072707071369
"CFAP221","CFAP221",0.539365080033513,0.00303625916611496,0.00111245523007306,20.1482268906212,3.26042464514764
"AC099794.1","AC099794.1",1.00500762035582,0.00303787256602533,0.0011131700041795,2.82644051587216,3.26024248429641
"AC016042.1","AC016042.1",0.626867201403887,0.00303939259775361,0.00111381003636906,11.7036809539918,3.26007946324834
"AF111167.1","AF111167.1",0.724373473805617,0.00304029282248008,0.00111422300139144,9.66900094280494,3.25997432389547
"U62317.2","U62317.2",0.733045959259216,0.00304906967145382,0.00111752289879181,184.387927411484,3.25913547422143
"AURKB","AURKB",0.922632411348497,0.00304955251656237,0.00111778319106216,122.03854024027,3.25906940417143
"RNU6-722P","RNU6-722P",0.586714158102085,0.0030496484144086,0.00111790166746922,6.96029027423207,3.25903933598718
"LINC00173","LINC00173",0.739192665093417,0.00305479489553515,0.00111987166625851,28.356281061421,3.25853980036779
"BIRC5","BIRC5",0.914596630895798,0.00305855013283336,0.00112141545486191,339.397441782147,3.2581489070093
"HMGB1P3","HMGB1P3",1.13863606884628,0.00306373538256657,0.001123567756081,20.1484505355617,3.25760476537065
"RN7SL619P","RN7SL619P",1.11673398902222,0.00306550989779248,0.00112438604519157,2.64692408691836,3.25739813953033
"AC007952.4","AC007952.4",1.9475979511046,0.00306977619330113,0.00112628636639382,2.89746148000506,3.2569188260277
"AC114737.1","AC114737.1",1.30260251563851,0.00306977619330113,0.00112625418171618,2.3098961331115,3.25692693766629
"AC093690.1","AC093690.1",0.822215507860821,0.00307001512213122,0.001126457910738,6.8861253237274,3.2568755946057
"CFAP126","CFAP126",1.20432571672432,0.00307046625776039,0.001126707337406,6.9419290775522,3.25681274667537
"LINC00996","LINC00996",0.989011750464657,0.00307282016800771,0.00112765506370424,17.1755593674303,3.25657406571473
"DPYS","DPYS",1.02424622220191,0.00308669163372215,0.00113299859032824,17.1985961854298,3.25523178106098
"AC034213.1","AC034213.1",0.845142198896527,0.00309122005923859,0.00113482971436186,11.8055413428443,3.25477315197063
"AC145285.1","AC145285.1",0.869510008150593,0.00309798467056898,0.00113748239031411,5.79246822637463,3.2541099662772
"AL663070.1","AL663070.1",1.12202552023521,0.00310006589913059,0.00113841595902388,2.2398060056012,3.2538769082977
"RN7SL405P","RN7SL405P",0.822405863121679,0.00310006589913059,0.00113834602057566,7.0185037647078,3.25389436175021
"AL109615.3","AL109615.3",0.758810727302614,0.00310740657538467,0.00114119652940641,10.7913839828623,3.25318380632579
"EIF4A1P10","EIF4A1P10",0.510881692973849,0.00310783886181214,0.00114144020275086,15.0688561959396,3.25312314123571
"NPM1P37","NPM1P37",1.12259353326362,0.0031096247207936,0.00114218107384432,1.95955057902663,3.25293876694107
"AL117378.2","AL117378.2",1.29814607936013,0.00311264350435062,0.00114337493572201,1.41529732721994,3.25264189314749
"AL353626.1","AL353626.1",1.57655567626214,0.00311883156153235,0.00114581844248105,0.819993799131783,3.25203516649401
"RNU1-134P","RNU1-134P",1.66114571607951,0.00311966734055052,0.00114629597518302,0.591750457241654,3.25191673407407
"LIN28A","LIN28A",0.742677291574865,0.00312901193447052,0.00115015704129708,10.5293764545767,3.25096082633646
"LINC01730","LINC01730",0.803466291140438,0.00313277915154472,0.00115171298352507,7.69855964989464,3.25057645044399
"AC006115.1","AC006115.1",0.80567477274836,0.00313644632586072,0.00115314685539992,5.17299556313151,3.25022265520694
"HNF1A-AS1","HNF1A-AS1",0.643432393090676,0.00313886650821133,0.00115412242413727,10.0702832548837,3.2499821745818
"GAPDHP14","GAPDHP14",1.12373757101816,0.00314225694978733,0.00115545490396563,3.69220174932609,3.24965401767202
"CCL15","CCL15",1.22759292005783,0.0031549006538064,0.00116053519227836,6.77593327851352,3.24840606845408
"HIST1H2AI","HIST1H2AI",1.2779619576704,0.00315521326995018,0.0011607363989893,5.41770018662057,3.24835674697092
"EIF2S2P3","EIF2S2P3",0.774745677486548,0.00315647367921593,0.00116154505619498,13.2245999219032,3.24815860176624
"TCIM","TCIM",0.655480801188711,0.00315805642401741,0.00116230006370432,378.588698408548,3.24797371738862
"DLL3","DLL3",1.26278149400844,0.00316399866761704,0.00116465996475687,3.12112219293966,3.24739654541627
"AC005911.1","AC005911.1",0.817050504633955,0.00316987348567073,0.00116708230332558,4.11773958399841,3.24680522577553
"AC020928.1","AC020928.1",0.631866895266033,0.00317376395370141,0.0011686014109697,9.63854937321161,3.2464349731962
"RNA5SP473","RNA5SP473",1.83753692204533,0.00317465575207691,0.00116901651877758,0.616020259808367,3.24633387621656
"NCR1","NCR1",0.77356779024726,0.00318126344728331,0.00117153661964765,11.4485415376425,3.24572083208642
"AC008985.1","AC008985.1",0.715667540871522,0.00318532950868557,0.00117320805970331,9.46769077844045,3.2453149064543
"AC008870.2","AC008870.2",0.6411419608142,0.00319246035083709,0.00117618337579407,11.159188348224,3.24459364222255
"RPL7P18","RPL7P18",0.904692130979794,0.00321155164460882,0.00118356809154577,21.0300123809117,3.24281072810409
"AC023983.1","AC023983.1",0.888024984567812,0.00321560025560026,0.00118523586568069,5.32305690437138,3.24240949549109
"ARHGAP42P4","ARHGAP42P4",1.0846789766516,0.00321671214773674,0.00118582147865417,2.46451126640126,3.24226873262867
"AC004063.1","AC004063.1",1.09600344993034,0.0032226703057089,0.00118822491985957,1.95546152891872,3.24169169318902
"NANOGP1","NANOGP1",0.949605962067545,0.00322479196425474,0.00118924061153437,3.26225698287515,3.24144816104095
"TRBV21-1","TRBV21-1",1.42142291467888,0.00322744839745504,0.00119030843653783,3.15570131118107,3.2411923360258
"APOOP1","APOOP1",1.42488799342393,0.00322772789338523,0.00119051622175232,1.85696349598581,3.24114258036499
"AC078842.1","AC078842.1",0.905628036042349,0.00322851377992997,0.00119105421067828,4.04328142169777,3.2410137923255
"SMG1P2","SMG1P2",0.605317614074081,0.00324872930281765,0.00119931095413452,72.3294150247868,3.23904394050722
"OR7A5","OR7A5",0.894717014014052,0.00325016815994377,0.00119993093191508,7.08767724221576,3.23889653552114
"AL049634.1","AL049634.1",0.866493607306408,0.00325091530526451,0.00120029559605561,7.42758297857548,3.23880986638236
"RN7SL378P","RN7SL378P",1.33417324680129,0.00325802796899362,0.00120354485479914,1.33979834954997,3.23803869246972
"AC010326.2","AC010326.2",1.4664316159939,0.00326942323808141,0.00120820102448294,4.93833146165564,3.23693695059998
"TIFAB","TIFAB",1.24345050999214,0.00326993099401011,0.00120847800827839,199.079947049092,3.23687153442094
"AC087897.1","AC087897.1",1.69484731854196,0.00327091482375171,0.00120893097682695,0.744695201909074,3.2367645851799
"AC026634.1","AC026634.1",1.58646345228408,0.00327333814889008,0.00121000551425815,0.800101907662443,3.23651102688838
"AC099542.1","AC099542.1",1.16784881202442,0.00327758296597575,0.00121184329341195,1.96708504606777,3.23607784834515
"AL020997.3","AL020997.3",0.934464831268264,0.00327839394061167,0.00121232229274675,2.5608014454402,3.23596504424607
"AC025171.5","AC025171.5",0.534864385011146,0.00329060379548494,0.00121719703224884,20.2400498295402,3.23481938113188
"ADGRV1","ADGRV1",0.533883243952025,0.00331034212820813,0.00122476960458117,33.3816096648215,3.23304805004331
"AC104073.4","AC104073.4",1.07739503621815,0.00331487704379426,0.00122662859105729,11.9912241338806,3.23261475358763
"PCDH15","PCDH15",0.749064090583207,0.00331806566303778,0.00122808047956255,6.76028353749229,3.23227676598065
"AC110769.2","AC110769.2",0.771272646424665,0.00331996986036209,0.00122904853305627,5.21549512948583,3.23205161615315
"AC093028.1","AC093028.1",0.957567595997491,0.00332143771826856,0.00122969155120465,2.94188681013962,3.23190215353656
"KRT8P42","KRT8P42",1.61387862069699,0.00332173379433113,0.00122989192729258,0.898310455691899,3.23185559303205
"AC137055.1","AC137055.1",1.34351989078991,0.00333178889761213,0.00123443420453074,0.95804861650279,3.23080199920566
"AL645924.2","AL645924.2",0.593807248531313,0.00333702063998592,0.00123655493099508,9.33639628420505,3.23031131629341
"LINC01737","LINC01737",0.93125154966302,0.00333707364974672,0.00123667322275173,2.57119804466993,3.23028396943678
"AC093462.1","AC093462.1",0.671212123068403,0.00333707364974672,0.00123675693284419,8.84576035785664,3.23026461867804
"AC246785.3","AC246785.3",0.984472486056915,0.00333712559192018,0.00123686736398255,4.9496504790948,3.23023909282601
"GUCA1A","GUCA1A",1.32597396963154,0.00333915518789521,0.00123771084671675,32.6266428490357,3.23004419352721
"AC012174.1","AC012174.1",1.48941695344103,0.0033469835374018,0.00124106979934096,1.0130776135321,3.2292692721085
"AC002310.2","AC002310.2",0.982557693197357,0.00335550321042679,0.00124459564691778,4.59843739382967,3.22845792819684
"ROCK1P1","ROCK1P1",1.08161111463018,0.00335908084188947,0.00124610619389418,9.69942737388727,3.22811098072652
"TMPO-AS1","TMPO-AS1",0.558022540977119,0.00336914557040707,0.00125002398154478,43.4293346813584,3.22721293677061
"AP004247.2","AP004247.2",0.619051580963785,0.00337363671550988,0.00125178246937414,8.80104539428939,3.22681069707272
"SIRT4","SIRT4",0.553013168188054,0.00337626127427082,0.0012528485577713,31.2751760114681,3.22656709204205
"AL162391.1","AL162391.1",1.43585064246016,0.00337649410993248,0.00125302721388844,1.09545552229853,3.22652628720343
"LINC01567","LINC01567",0.945937602196796,0.00337875188564605,0.0012539573994571,5.01893155771761,3.22631392071482
"RNU6-611P","RNU6-611P",1.08930767041556,0.00338840158298232,0.00125772385870693,4.21243959849747,3.22545550154963
"LRRC74A","LRRC74A",0.865018760060296,0.00339013442535993,0.00125855232212261,3.54099624508102,3.22526700374818
"SMIM31","SMIM31",0.798623482339138,0.00339204907381441,0.00125935579701604,7.59768811309046,3.22508430091091
"SOX11","SOX11",0.799689488978061,0.00339937455997814,0.00126249113976406,19.0755784162973,3.22437238052508
"HNRNPA1P29","HNRNPA1P29",2.30222150669537,0.00340031078912771,0.00126298054229356,0.56343927425262,3.22426140262346
"CD3G","CD3G",0.781350212249969,0.00342052658115554,0.00127076969108369,319.047341459854,3.22250044329773
"LINC02402","LINC02402",1.41965494096735,0.003420588488417,0.00127088615168432,1.23675265502824,3.22247418974427
"ST3GAL5-AS1","ST3GAL5-AS1",0.679452863528132,0.00342115603001312,0.00127128396973082,7.66533776421967,3.22238452691566
"AC095057.2","AC095057.2",1.28557798015164,0.00342595040496294,0.00127315914254217,1.47373373151141,3.22196223671567
"AC243654.3","AC243654.3",0.751794712750879,0.00343951268082934,0.00127866907662406,7.05345089308648,3.22072470973069
"FAM71F2","FAM71F2",0.500762689167662,0.00343951268082934,0.00127858716033536,48.9716726005317,3.22074307198805
"AC092587.1","AC092587.1",1.02572148022916,0.00344081509477183,0.00127924727436707,5.63462089621742,3.22059513248995
"AL031709.1","AL031709.1",1.20770926341487,0.00344418972135331,0.00128069012590227,3.83409866056005,3.22027201729339
"AURKA","AURKA",0.685405251034798,0.00344725362897131,0.0012819236014727,156.391060408696,3.2199960565056
"LINC00971","LINC00971",1.27665469104298,0.00345289224506443,0.00128430345452231,1.5118622933378,3.2194643130134
"LINC00383","LINC00383",1.14181855811655,0.00345289224506443,0.00128427913531764,1.47566101325276,3.21946974218411
"AL121985.1","AL121985.1",0.708883441317844,0.00345410717428158,0.0012849441016925,19.3534294547753,3.21932132511555
"AC011445.2","AC011445.2",1.00494116652048,0.0034556622911885,0.00128562549130686,2.04754935424889,3.2191693159916
"AL354714.2","AL354714.2",1.4027550484841,0.00346096861696216,0.00128778028431899,0.897994299499093,3.21868909876706
"AC104046.1","AC104046.1",1.14392518093985,0.00346232912628279,0.00128844526324638,1.35056533587604,3.21854105130414
"AL365503.1","AL365503.1",1.34160869302983,0.00346281337933528,0.00128882239092333,1.31901350121794,3.21845712089018
"RASGEF1B","RASGEF1B",0.593881864468256,0.00346281337933528,0.00128884515569565,1412.10716812693,3.21845205527641
"C1DP5","C1DP5",0.996871848410902,0.00347203526513186,0.00129237237129133,2.72123475222109,3.21766817575002
"AC020909.1","AC020909.1",2.25998134912269,0.00347231737375541,0.00129262918249468,15.5137335870088,3.21761117982251
"RNU7-115P","RNU7-115P",1.63576368059053,0.00347822523913499,0.00129505656803991,1.13225198513216,3.21707296863665
"AC004386.1","AC004386.1",0.958456232471962,0.00347822523913499,0.00129496717799663,5.26155818932359,3.21709277209277
"AC116366.3","AC116366.3",0.760342754494516,0.00348528973352386,0.00129797259673571,115.745859207207,3.21642764296265
"AP000919.1","AP000919.1",1.03812047451082,0.00349478611545388,0.00130170016464568,3.29135243005448,3.21560466697008
"NPM1P35","NPM1P35",1.72407901623811,0.00349483260332476,0.00130181296978405,0.539616977614443,3.21557979566672
"INSL6","INSL6",0.659955449855031,0.00349542925159467,0.00130213072532697,10.4624063824605,3.21550974754108
"AC122134.1","AC122134.1",1.05423844378662,0.00349816745054577,0.00130324635067055,2.77496080602881,3.21526393660321
"AL157392.4","AL157392.4",0.823376959337516,0.00349900061699102,0.00130365235152025,3.5721759029939,3.21517452873586
"AC036214.3","AC036214.3",0.747170211696051,0.00353567408661953,0.00131779912608479,6.35116860849873,3.21207512035357
"AC020908.3","AC020908.3",0.77400938342741,0.00353660615991922,0.00131824315510309,6.18224103585574,3.21197833614577
"LINC01506","LINC01506",0.910997032518774,0.00354092308149525,0.00132004575326979,24.2052257364119,3.21158573575933
"LINC01269","LINC01269",0.731415011669843,0.00354375596702199,0.0013213923244337,6.32902773865354,3.2112927793411
"TAS2R4","TAS2R4",0.787602479886606,0.0035441071807831,0.00132162012085925,19.0186733656952,3.21124324780499
"AL357556.1","AL357556.1",0.798039270045998,0.00354686140110667,0.00132284101000317,4.61964310757587,3.21097791462811
"CYTH4","CYTH4",0.545710245850371,0.00355044239661225,0.00132437060025002,3998.81661126281,3.21064581081645
"AL662890.1","AL662890.1",1.27119424064641,0.00355453082763848,0.00132599277001416,1.32482297906192,3.21029399266977
"AL513548.1","AL513548.1",0.758512426885596,0.00355933129922214,0.00132797805652827,12.5362549224502,3.20986396134962
"AC024600.1","AC024600.1",0.943090328811457,0.00355975891851271,0.00132833212793049,3.18783152161128,3.20978732856362
"ADAM29","ADAM29",1.01831809423703,0.00356194417020001,0.0013292448831004,3.43760147993829,3.20958986497868
"INSL4","INSL4",0.707525485019872,0.00356778676908081,0.0013315227049612,4.60923508483285,3.20909763080454
"MIR3908","MIR3908",1.24662461516221,0.00356880689235514,0.00133200093307389,1.27557118171995,3.20899438505628
"RN7SL128P","RN7SL128P",0.786596382246817,0.00357257793686457,0.00133370125826882,4.4789834632485,3.20862757477236
"AC093871.1","AC093871.1",1.25660325206443,0.00357852795680261,0.00133611805048519,1.74234699686754,3.2081069432127
"ANKRD7","ANKRD7",0.684111697632701,0.00358153232421978,0.00133743551121921,7.4097063693772,3.20782349825606
"LINC01508","LINC01508",1.33949309514551,0.00358372443148039,0.00133844993726346,1.61922801447708,3.20760542515184
"AC063965.1","AC063965.1",1.06220530823359,0.00358495414433047,0.00133900716284591,2.48583846266073,3.20748570218155
"AC005498.2","AC005498.2",0.823715376292049,0.00359111017641464,0.00134150272772319,4.57586283581435,3.2069500796671
"AC002070.1","AC002070.1",0.750031793785807,0.00360306479405073,0.00134606696710445,10.1396117745278,3.20597283172657
"EIF2S2P2","EIF2S2P2",1.10413782599693,0.00360378406763432,0.00134653261359325,3.08184252916265,3.20587330420872
"AC020703.1","AC020703.1",1.40191249771139,0.00360566668159513,0.00134746770023743,1.17504441299367,3.20567353417803
"ANKRD18DP","ANKRD18DP",1.01601356522654,0.00360566668159513,0.00134753159569546,7.37652436754138,3.20565988834934
"CD68","CD68",0.672901348350081,0.00360566668159513,0.00134733960542533,26938.1640174844,3.20570089253498
"ITCH-IT1","ITCH-IT1",1.08899434415699,0.0036192864584388,0.00135291833213752,2.06182162869645,3.20451161128529
"SHANK2-AS1","SHANK2-AS1",0.884123934435594,0.00362379966391406,0.00135480343182426,3.13720415865067,3.20411076537488
"AC105362.1","AC105362.1",1.02789914466704,0.00362615593595765,0.00135588251000247,3.01090037165822,3.2038815426456
"KRT36","KRT36",1.2278153574253,0.00362817663284135,0.0013567372167837,2.95735938542759,3.20370010131744
"NAPSA","NAPSA",0.770870138872682,0.0036319465787625,0.00135844467653979,11.855872063559,3.20333794891753
"TRAV16","TRAV16",1.03537054114478,0.00363575233085433,0.00136016614973244,8.53466120688263,3.20297324908865
"LINC00954","LINC00954",0.687079952670415,0.00364490431522215,0.0013637891661699,20.3028437031501,3.20220708989559
"SPINT2","SPINT2",0.695268684615349,0.00365075398295158,0.00136607764683521,2473.27182964426,3.20172411182519
"FAM9C","FAM9C",0.586135214277126,0.00365419603557884,0.00136746547455635,19.437210236479,3.20143157767817
"AC114801.3","AC114801.3",1.18505689095952,0.00366162699690451,0.00137044636748539,0.95950500704896,3.20080417289284
"AC027544.2","AC027544.2",0.985198860007678,0.00366452056988634,0.00137172960483737,1.89284693297871,3.20053447040783
"AC068888.2","AC068888.2",0.663147965294348,0.00366788577344631,0.00137318972834671,8.72815771257902,3.20022787402528
"HIST1H3D","HIST1H3D",1.59045651499343,0.00367782983738929,0.0013772140747403,1.58250869973102,3.19938439651317
"DUSP5","DUSP5",0.638999463964612,0.00368335655224671,0.00137958555201502,585.234885518087,3.19888841373191
"LINC01282","LINC01282",2.05230441948749,0.00368375550417733,0.00137993628138122,1.08469653548143,3.19881512716826
"AC012557.2","AC012557.2",1.28808451268599,0.00368581018541641,0.00138090738168884,1.88891360858742,3.19861230074891
"SERPINI2","SERPINI2",1.01032075451897,0.00368888533018317,0.00138216029216104,7.75441454073773,3.19835080901378
"FGF8","FGF8",0.87815726092996,0.00369266913946411,0.00138367891414003,6.19826158934389,3.19803415421436
"SLC12A8","SLC12A8",0.864545632334017,0.00369615213095745,0.00138518600585296,216.509672837011,3.19772022034928
"AL136115.3","AL136115.3",0.794290136227311,0.00370676145589273,0.00138926328288971,6.29890464008022,3.19687248166987
"AC007114.1","AC007114.1",0.546731541411337,0.00371283155810267,0.00139184264535011,39.4095362280821,3.19633737022735
"RN7SL674P","RN7SL674P",1.40062511428416,0.00372026718124138,0.00139473171381221,0.944614921640019,3.19573909223165
"RN7SL317P","RN7SL317P",0.879348002101534,0.00372427666504401,0.0013963366320865,3.3431933814574,3.195407233933
"AC008870.5","AC008870.5",1.0370564392113,0.00374782448687755,0.00140588219296543,2.37691558850586,3.19344067945599
"RUNDC3A-AS1","RUNDC3A-AS1",0.542234065723695,0.00375958025284713,0.00141070290478837,29.2892566267649,3.19245220177579
"SIGLEC7","SIGLEC7",0.913501035978122,0.00376348459680267,0.00141227075746572,309.8751500583,3.19213138770828
"HRASLS2","HRASLS2",1.19629852865532,0.00376902640552454,0.00141486526368211,3.234856992199,3.19160122035784
"ZBTB20-AS5","ZBTB20-AS5",1.04096124625148,0.00376902640552454,0.0014148091324879,3.41790664443896,3.19161268084525
"WWC3-AS1","WWC3-AS1",1.48419576552998,0.00377009612080815,0.00141536983797109,2.58432537816185,3.19149821861002
"AC004895.1","AC004895.1",1.11870306679561,0.00377211487097309,0.00141633384947436,1.51869739407808,3.19130152330538
"LNX1-AS1","LNX1-AS1",1.23453425997324,0.00377538536300121,0.00141787130288947,1.66046627155365,3.19098807911995
"AC108215.1","AC108215.1",0.854785633600548,0.00377813894626079,0.00141911189087808,17.3882803377818,3.19073538592672
"GVQW2","GVQW2",0.616075262335155,0.0037818843802887,0.00142082225583617,7.47413235082914,3.19038733842045
"LINC01063","LINC01063",0.82615288641794,0.00378262128806823,0.00142131227502157,3.57866729373395,3.19028769407033
"C5orf49","C5orf49",0.732051655829092,0.00379176557209182,0.00142485182417494,19.3575533464256,3.18956887352004
"AC005476.2","AC005476.2",0.86214735688635,0.00379665986745547,0.00142689845287713,7.50234974712294,3.18915398976959
"AL590640.1","AL590640.1",1.45228819542466,0.00379999955637785,0.00142836126388945,0.696932291998429,3.1888577910618
"AC016738.2","AC016738.2",1.92516825055615,0.00381732917573174,0.00143522432810842,0.617636872386486,3.1874718397018
"AC092865.3","AC092865.3",1.83529448650181,0.00381732917573174,0.00143521730665956,1.07759591144289,3.18747325451327
"LINC00668","LINC00668",0.652099113004172,0.00382317239473249,0.00143769834336193,9.09157027781326,3.18697372606801
"RN7SL679P","RN7SL679P",1.78051286923659,0.00382771986653353,0.00143951299879689,0.52408251662611,3.1866088687764
"C17orf98","C17orf98",1.50668677959869,0.00384949989711873,0.00144780912275853,0.845392166097028,3.18494621878112
"AC105129.1","AC105129.1",1.20987266613884,0.00385067326186144,0.00144835564148705,1.45075737846087,3.18483699793708
"AC011284.1","AC011284.1",1.12472077182705,0.00385767265467216,0.0014511991341164,2.77302591552663,3.18426934297484
"TET2-AS1","TET2-AS1",0.884229647946769,0.00386261285870955,0.00145316310422612,3.85268876242669,3.18387786797831
"BDKRB1","BDKRB1",0.721772505277992,0.00386565216869107,0.00145441215232318,135.317966847699,3.18362915083695
"RPL5P4","RPL5P4",0.842789864959015,0.00386599597491491,0.00145464713709536,4.47448017864135,3.18358238141451
"LINC01587","LINC01587",1.19394064081722,0.00387243534624705,0.00145741313607656,1.45747367325744,3.18303238264186
"SERPINA1","SERPINA1",0.842924669162281,0.00387243534624705,0.00145753269997947,7840.56012382483,3.18300862992719
"KIF25-AS1","KIF25-AS1",0.906931373120845,0.00388179108774149,0.00146122669515054,4.63764900204605,3.18227565958982
"AL035410.1","AL035410.1",1.55127946216894,0.00388437104805625,0.0014624101388335,0.812589909101488,3.18204119934765
"AC092117.2","AC092117.2",0.581843084628186,0.00389172388880744,0.00146549738068101,14.7109134611964,3.1814303864891
"RPL23AP1","RPL23AP1",1.20966832516108,0.00390521773452733,0.0014710055380801,14.8158235554191,3.18034353311641
"AC006600.2","AC006600.2",0.804071817857961,0.00390521773452733,0.00147091066497072,5.20207993483631,3.18036222143386
"AL139020.1","AL139020.1",0.880979612197861,0.00390742639422182,0.00147205101569798,32.3301944562897,3.18013766612162
"LINC02340","LINC02340",0.84550131671248,0.00390774003726915,0.00147227594671724,4.87558209255286,3.1800933921376
"C2orf80","C2orf80",0.917912610118155,0.00391289055407416,0.0014743233624056,2.56794909308213,3.17969067826071
"TSEN15P2","TSEN15P2",1.12619748167181,0.00391830554663723,0.00147657777806008,1.67166523183303,3.17924784448464
"EPPIN","EPPIN",0.505742735764023,0.00392895835577116,0.00148069954373485,13.6115724804953,3.1784398164231
"AC018462.1","AC018462.1",0.570242622337301,0.00393311638697956,0.00148248150382204,13.3827271567255,3.17809112375163
"LINC00336","LINC00336",0.949760178929525,0.003937126581328,0.00148410061247578,2.9951715680296,3.1777746324407
"AL031432.1","AL031432.1",1.36765419199139,0.00394743105400889,0.00148814856313057,1.28130887877887,3.17698475900592
"AL138828.1","AL138828.1",0.691154678709147,0.00395133609301625,0.00148978077946204,14.3064852369367,3.17666682584469
"AF064858.3","AF064858.3",0.818379095581711,0.00396273676505234,0.00149440402282173,9.98425507144553,3.17576802085517
"RPL7P16","RPL7P16",1.15642379897872,0.00396611217776629,0.00149600203869132,1.27540757265526,3.17545794622683
"KRT8P41","KRT8P41",0.996857693521119,0.00396611217776629,0.0014958867002702,2.73662956521014,3.17548031595836
"AP001011.1","AP001011.1",0.830796777091343,0.00396611217776629,0.00149595532187885,3.9236576772944,3.17546700669827
"LINC00528","LINC00528",0.721146784638304,0.003971700966677,0.00149832714683214,24.9909021851855,3.17500733317904
"AC007731.3","AC007731.3",1.77360042145937,0.00397715955025393,0.00150060373861189,0.783507972608401,3.17456674652453
"AC097374.1","AC097374.1",0.599878289935632,0.00398798905374515,0.00150523459079307,598.993277556116,3.17367243913469
"AC069222.1","AC069222.1",0.56598438614873,0.0040002795950539,0.00151020145809611,21.2446807382611,3.17271605352462
"RNF139-AS1","RNF139-AS1",0.503807808837863,0.00400279418798166,0.00151126014616603,33.9253138909342,3.17251257456612
"SPDYA","SPDYA",0.638017332674596,0.00401290784206004,0.00151529785997622,15.7904037717411,3.17173773285515
"TRBV10-3","TRBV10-3",1.15030884985046,0.00401348992976302,0.00151562732094469,14.9948234566748,3.17167459288856
"AC134407.2","AC134407.2",0.606238423822186,0.00401822542893997,0.00151752539355743,35.2749254700904,3.17131108039514
"OLR1","OLR1",1.3203669350346,0.00401949635858023,0.00151822502420867,940.704348735591,3.17117719511536
"C6orf99","C6orf99",0.82551732987339,0.00402182724189431,0.00151921532334733,5.66257393592944,3.17098778299085
"AC127496.5","AC127496.5",0.854801340032691,0.00402453212806722,0.00152034703687689,3.08201086232885,3.17077146207918
"AL356752.1","AL356752.1",1.07030508120636,0.00406089048607092,0.00153452595487201,2.2275953231935,3.16807373566591
"AC005342.1","AC005342.1",0.934468493153547,0.00406104831565681,0.001534696556022,13.466360166568,3.16804141655087
"LINC02447","LINC02447",0.536820702173557,0.00408386163410637,0.00154409894512866,18.1424409167547,3.16626530064928
"AC080013.6","AC080013.6",0.791433222577364,0.00409513616455222,0.00154869749593069,6.23498473679892,3.16540025621679
"SALL4","SALL4",0.743230882423478,0.0041111472755693,0.00155497723259395,10.4902335988552,3.1642227726853
"CLDN7","CLDN7",0.658989908355843,0.00411320377723959,0.00155586745791155,186.961424180228,3.16405620528858
"RF00334","RF00334",0.955564264898823,0.00411891921179458,0.00155814192976027,5.8536065848536,3.16363103388913
"AC023905.1","AC023905.1",0.729302744032945,0.0041231315744781,0.00155984807727598,4.70721154276904,3.16331247543109
"AC020911.2","AC020911.2",0.905839955046311,0.00412331600342486,0.0015600873266088,2.77069408299432,3.16326783032879
"AC005529.1","AC005529.1",1.53205049433398,0.00412828102950352,0.00156236018852027,0.640168686270944,3.16284401726737
"ADGRE4P","ADGRE4P",1.07028064903325,0.00413203429637169,0.00156400642388144,19.7573797071059,3.16253740356277
"AP1S3","AP1S3",0.501038415310033,0.00413334458474458,0.00156472824999689,51.7862358664551,3.16240305611785
"AC105339.2","AC105339.2",0.675667767729152,0.00413894419369745,0.00156718731758407,25.8353889436135,3.16194579844068
"DNM3OS","DNM3OS",0.500830574077789,0.00414217664884537,0.00156863762269452,414.696715082294,3.16167642732594
"WDR38","WDR38",1.17717900027198,0.00414349704711293,0.00156925086942354,2.36455647297651,3.16156259547298
"AC012309.1","AC012309.1",0.871319596842783,0.00414459430030913,0.0015698803533568,5.09512638618912,3.16144579223615
"AL022334.1","AL022334.1",0.920915063728808,0.00414928574828182,0.00157189668843213,2.84327810655129,3.16107194335328
"AC093583.1","AC093583.1",1.00890182762717,0.00415006106252544,0.00157230379772611,15.7255649919678,3.16099651475768
"ANKRD22","ANKRD22",1.22402713650968,0.00415669745983523,0.00157493165593418,174.82714335837,3.16051006137127
"LINC01378","LINC01378",1.11881707417434,0.0041646109264212,0.00157815757093187,2.55145544925356,3.1599139200454
"ANXA2P2","ANXA2P2",0.591947739430649,0.00416821299561299,0.00157975033367436,7.2617407008019,3.15961999493293
"AC087821.1","AC087821.1",1.10233576369333,0.00418170631207611,0.00158509280765682,9.79653042620249,3.15863609437791
"VTRNA1-3","VTRNA1-3",1.58154555103992,0.00419978645240228,0.00159217566127713,0.904004517638279,3.15733637179168
"RPS29P19","RPS29P19",1.36246545471216,0.00420083418885232,0.00159280242735331,1.64028357314898,3.15722161502953
"RN7SL100P","RN7SL100P",1.15204804701053,0.00420165788473641,0.00159322954518899,1.23052743707389,3.15714343636654
"AC022966.1","AC022966.1",3.51204757188093,0.00420204860071134,0.00159354223898298,22.8912442774399,3.15708621384811
"AC016542.2","AC016542.2",0.979332204539756,0.00420204860071134,0.00159360732746451,7.56247012059905,3.15707430404856
"GSG1","GSG1",0.660649569744306,0.00420834847344676,0.00159622649548862,6.9961443811838,3.15659542351186
"AL358781.1","AL358781.1",2.70889795072451,0.00420896057432682,0.00159657366740564,30.9400186130033,3.15653200198121
"AL162726.3","AL162726.3",0.907721824685079,0.0042254954294429,0.00160307669711781,3.72034923849707,3.15534636544423
"AC026362.2","AC026362.2",0.656593410673414,0.00423196236611053,0.00160576139725613,30.5718531034011,3.15485817993247
"STX1A","STX1A",0.507162887306196,0.00423387798043602,0.00160660393432322,99.4832597639799,3.15470512798881
"STRC","STRC",0.704696767528339,0.00424499543889368,0.00161105458198948,10.4968036661886,3.15389786483561
"SYCP3","SYCP3",0.708102026285766,0.00425887767110199,0.00161655587876578,19.7456671022397,3.15290286581021
"PPIAP45","PPIAP45",1.63220521089632,0.00426589245155326,0.00161933505913903,1.08439769919838,3.15240139016943
"AC027281.2","AC027281.2",0.81814977541569,0.00426801431744052,0.00162025713616543,6.05854195119242,3.15223518547627
"S100A3","S100A3",0.718040469329384,0.00427129854547126,0.00162162062595489,319.567770690229,3.15198957545601
"CD1E","CD1E",0.885501877897728,0.00427397414732125,0.00162275321050237,55.0075674718391,3.1517857036459
"AC116914.2","AC116914.2",1.00515245376966,0.00427940161393991,0.00162493085135995,3.60374127973539,3.15139408331011
"AC106047.1","AC106047.1",0.961201874999562,0.00428212201050029,0.00162608081373625,4.88065625882431,3.15118747240362
"AL121772.1","AL121772.1",0.545087172753734,0.00429182219782747,0.00162988160134441,14.6058934324636,3.15050554966955
"CD8A","CD8A",0.853580512138763,0.00429420089868452,0.00163090227852441,794.478116640931,3.15032267296401
"AC109446.3","AC109446.3",1.32096833592207,0.00432013928623675,0.00164098954499476,5.21461870222057,3.14852096039476
"TRBV7-2","TRBV7-2",1.02757139625559,0.00432230465348431,0.00164193015102577,43.7443111249037,3.14835347621402
"AC072062.1","AC072062.1",0.907925075273435,0.00432757375080306,0.00164404998582381,2.9648992877247,3.14797634219673
"FUT6","FUT6",1.43062711566023,0.00433994350311492,0.00164886784914377,1.29323660301411,3.14712087073753
"FAM72B","FAM72B",0.5308964627186,0.00436145168630113,0.00165739692486341,47.4463929671892,3.14561205180183
"AURKC","AURKC",0.532172668672543,0.00437393462481996,0.0016622600807842,36.9941481574418,3.14475494007004
"TNFRSF6B","TNFRSF6B",0.903744612386349,0.00438314017203274,0.0016658782970293,1243.9209944377,3.144118739499
"AC093909.4","AC093909.4",1.20822767882209,0.00438659684804023,0.00166743176999196,1.46101402465106,3.143845978239
"LCK","LCK",0.865598001272558,0.00438799658171088,0.00166820362408604,732.59179483851,3.14371054179588
"AC084048.1","AC084048.1",1.56480921525557,0.00439209102816569,0.00166988023325571,0.869065575308513,3.14341654743027
"AC008592.1","AC008592.1",1.13054774611509,0.00439985992873977,0.00167295420006947,1.86065778321094,3.14287823029956
"IQCF3","IQCF3",0.844863138702807,0.0044060232075215,0.00167553843007416,7.72307946431277,3.14242638013708
"AP003471.1","AP003471.1",0.845936591263953,0.00441254605964218,0.00167813952851607,4.54633038143737,3.14197222750193
"HOXB6","HOXB6",0.617556928326033,0.00444402926835829,0.00169084148643103,429.864065897229,3.13976372157249
"AC211485.1","AC211485.1",0.818050643208286,0.00444747193871218,0.00169239437390214,4.80645015504811,3.13949476678105
"HSPA8P3","HSPA8P3",1.4889752876533,0.00447198056951748,0.00170257595168329,0.861917669776236,3.13773695508166
"AL161909.2","AL161909.2",1.2540692424798,0.00447522393536661,0.00170393304569343,1.74427895946728,3.13750338850529
"GAPDHP42","GAPDHP42",1.02252929778769,0.00447585287981858,0.00170429480950714,2.56848228627202,3.13744115498594
"AC005695.2","AC005695.2",1.2859853801191,0.00449156734156935,0.00171052393799813,1.34712399563315,3.13637147160895
"AL353759.1","AL353759.1",0.581977968681921,0.00449528344358243,0.0017121847920309,13.2624805256685,3.13608687010316
"AC115220.2","AC115220.2",0.602171002141828,0.00451436738491317,0.00172019365419818,8.48356275606413,3.1347180373699
"LINC02542","LINC02542",0.76122352470093,0.0045195615197512,0.00172254333831552,48.9518169133009,3.13431755365657
"AC013549.1","AC013549.1",1.24781156759105,0.00452323520463184,0.00172406708119386,1.8489110538685,3.1340581130647
"AC090058.1","AC090058.1",1.71464186332634,0.00452526740770272,0.00172508113316957,0.587883750664496,3.13388557200101
"AC107956.1","AC107956.1",1.69492220467331,0.00452781720686061,0.00172618469049226,9.08031810756915,3.13369790754392
"AC087359.1","AC087359.1",0.542937257500245,0.00452979598233432,0.00172706284700383,15.8029135607552,3.13354865223347
"AC013731.1","AC013731.1",0.569014538207307,0.00453075859467073,0.00172755365416077,13.2924184873033,3.13346526290939
"LIPC","LIPC",0.530646840190936,0.00454052982524945,0.00173140343291296,120.356429862949,3.13281193078766
"AL133320.1","AL133320.1",0.752900259417834,0.00454125545749904,0.00173180421378491,5.57031055970369,3.13274399249893
"TOMM20P4","TOMM20P4",1.23492646581749,0.00455453209926078,0.00173724058323125,1.55150422391974,3.13182387275686
"AC004943.1","AC004943.1",0.693725721753592,0.00456400385479565,0.00174097810915058,5.42860602454491,3.13119282133998
"AL356273.2","AL356273.2",1.09575162564664,0.00456808267810495,0.00174265882542423,3.8200045897422,3.13090945175802
"AC104971.3","AC104971.3",1.86420420035885,0.00457023274092162,0.00174360391708759,2.1949838446187,3.13075021920763
"AP001178.3","AP001178.3",0.517332909189721,0.00457480616753086,0.0017456269360352,16.8880204015112,3.13040964004694
"AL109936.6","AL109936.6",0.682652073015678,0.00458980012419599,0.00175182157804568,5.81461394593897,3.1293690124387
"AC133552.5","AC133552.5",0.677826668606006,0.004601989850609,0.00175710282172765,43.6367541333499,3.12848449343861
"AC005224.2","AC005224.2",1.27236796750233,0.00460967805747662,0.00176029018637923,1.37753490154743,3.12795184577886
"AC025594.2","AC025594.2",0.874100878364784,0.00461335736612465,0.0017618771757803,10.1890735244391,3.12768697099101
"RPL31P49","RPL31P49",1.39667608880043,0.00462455651120593,0.00176647722688212,0.75859098370527,3.12692044179607
"ZP1","ZP1",0.926442957579408,0.00462501044517751,0.00176677698937203,5.3671120663468,3.1268705546058
"OR11A1","OR11A1",1.05261113124878,0.00463321542843696,0.00177029111591198,3.44991182275984,3.12628630484395
"CLLU1OS","CLLU1OS",1.9828432397135,0.00463722484903763,0.00177207647035822,5.90325197632354,3.12598988466267
"RN7SL744P","RN7SL744P",1.13167762146934,0.00464173351584161,0.00177405307302365,1.37274809963495,3.12566203183242
"EEF1A1P14","EEF1A1P14",0.731828724391579,0.00465049194523669,0.00177752757785503,2.03825949441371,3.12508653977946
"FAM230A","FAM230A",1.41743064129394,0.00465750139190354,0.00178058313240612,1.31580064779626,3.12458129356622
"CASC8","CASC8",0.936747940488537,0.00465750139190354,0.00178058852633991,4.22885885466354,3.12458040236607
"AL356234.3","AL356234.3",0.671312049370273,0.00466457567235404,0.00178354796466905,8.54730827240578,3.12409180986342
"VASH1-AS1","VASH1-AS1",0.518015177618115,0.00467096607204105,0.00178624665002559,190.833117519867,3.12364691591836
"RN7SL45P","RN7SL45P",1.25314852176896,0.00467445205864589,0.00178770746372487,1.10037100671049,3.12340634997286
"AC017007.3","AC017007.3",1.77379900489812,0.00467658922355507,0.00178865258480625,0.692006988784119,3.1232508042365
"AC110792.2","AC110792.2",1.33551528903825,0.00468233622755518,0.00179097857453878,1.65485433161726,3.12286831999512
"FOXG1","FOXG1",1.17248134913781,0.00468619444683899,0.00179258237262619,2.2233761930188,3.1226048583361
"AC073610.1","AC073610.1",0.58217367443674,0.00469142295440871,0.00179483877175963,10.5075547908472,3.12223455816176
"LINC01220","LINC01220",0.853090558953554,0.00469500103550144,0.00179633595180542,4.48197477343379,3.121989090351
"AL031315.1","AL031315.1",0.548988681519349,0.00469714262541325,0.0017972836778679,20.6132243674402,3.12183380457979
"FOSL1P1","FOSL1P1",1.12535485175886,0.00471106996279672,0.00180312762749956,2.89018183547753,3.12087792770148
"AC068831.6","AC068831.6",1.07499304548222,0.00471520292969834,0.00180483832460297,2.35157145421783,3.12059865296584
"FAM3D-AS1","FAM3D-AS1",0.577090008798686,0.00472760739314817,0.00180984472759909,10.5981786429649,3.11978274317461
"SIRPG","SIRPG",1.01322496495658,0.00473393447523006,0.00181252558270441,85.9160909473741,3.11934668786012
"AC006272.1","AC006272.1",0.93871542685432,0.00473964874535655,0.00181497246280423,5.00151316519314,3.11894920689819
"RPL29P12","RPL29P12",1.45939033292389,0.00474927488428564,0.00181878840345768,0.884112718655658,3.11833031204695
"AC069281.1","AC069281.1",0.850371411403345,0.00475121316620949,0.00181979032661889,7.72630218313059,3.11816801121924
"LGALS17A","LGALS17A",1.42479048608767,0.00475186105338529,0.00182016831354431,21.3396995892406,3.11810680271593
"AC104619.3","AC104619.3",0.755228072060684,0.00475188778730373,0.00182030839033849,2.45567990845316,3.11808412264667
"CACNA2D3","CACNA2D3",0.924580268108643,0.0047588469845823,0.00182323430743499,81.2917593327345,3.11761074874966
"AL450313.1","AL450313.1",1.06261824522544,0.00476339052513058,0.00182562580660692,3.82385619196439,3.11722435465003
"AC008728.1","AC008728.1",0.691579338000049,0.00477022800762196,0.00182863736569131,6.42776793558305,3.11673843868699
"AC100818.1","AC100818.1",1.04165835447898,0.00479166738055845,0.00183724878688972,2.13025308846716,3.11535302989228
"AC046158.3","AC046158.3",0.589254914321681,0.00480034945167721,0.00184084003809639,14.6842357043388,3.11477703028984
"RF00322","RF00322",0.903395950435973,0.00480065459175742,0.00184108822235326,6.23612632364461,3.11473726225063
"ASPHD1","ASPHD1",0.776033262631934,0.00480325030983491,0.00184221494027576,71.4364536597301,3.11455678345549
"AC011524.2","AC011524.2",1.27063108511846,0.00481411800090023,0.00184677769153909,1.29434985615517,3.11382695286144
"LINC02324","LINC02324",0.626172738913902,0.00481890955769002,0.00184874748215868,10.0546410246171,3.11351238872751
"RPL37P6","RPL37P6",1.10087995672112,0.00483768303202095,0.00185647854271248,1.75422052279644,3.11228075181733
"TM4SF19-AS1","TM4SF19-AS1",0.563172519750748,0.00484801830487509,0.0018607096677117,11.5230514258475,3.11160868412504
"RPS27AP12","RPS27AP12",1.21744361123777,0.00485135025169372,0.00186225360490847,1.76372976725938,3.11136379625866
"AC078883.2","AC078883.2",1.15775784923398,0.00486387948990237,0.00186719601172514,4.64647749742456,3.11058112060706
"LINC00942","LINC00942",0.702455932350918,0.00487344850760289,0.00187100262248499,9.91687078870321,3.10997960503821
"FTH1P22","FTH1P22",1.03872748634815,0.00487487988307485,0.0018716853497901,6.51325821102694,3.10987184029053
"AL355602.1","AL355602.1",0.790701852351735,0.0048820148306086,0.00187469156068126,3.72239560487665,3.10939775558691
"AC090061.1","AC090061.1",0.636804712418292,0.00488602342412081,0.0018764978619482,7.05308278953808,3.10911323447848
"AP005328.1","AP005328.1",0.764159510506641,0.00488699323603376,0.0018770038503491,5.00841528116151,3.10903357838468
"RN7SL690P","RN7SL690P",1.2653247828798,0.00491319640084016,0.00188720224604527,1.63993328363924,3.10743226921485
"AC051619.8","AC051619.8",1.23950230478897,0.00492155809505876,0.00189068299179011,1.55889724225319,3.10688755614839
"AC040904.1","AC040904.1",1.240502386155,0.00492481909713517,0.0018922048729177,1.15845866292061,3.10664968143726
"AC084816.1","AC084816.1",0.759635787378739,0.00492481909713517,0.00189210823159925,24.3053214647452,3.10666478154725
"AC090825.1","AC090825.1",0.504568171469009,0.00493469485891033,0.00189626898264201,37.9287084795624,3.10601530869605
"AL158071.4","AL158071.4",0.547173274293985,0.00493473159316925,0.00189641793103433,11.9605770548249,3.10599208285637
"CSNK1G2P1","CSNK1G2P1",1.42224049529088,0.00493673989522977,0.00189745949633042,1.00362748671488,3.10582971616975
"AC074008.1","AC074008.1",1.38015839936138,0.00493756749191992,0.00189804740686416,1.25089952774983,3.10573810458796
"AC108134.3","AC108134.3",0.656430777931835,0.0049428425861994,0.0019002102567782,47.1727327737321,3.1054013010934
"RPS4XP22","RPS4XP22",0.939153600209784,0.0049457603798277,0.00190160223134335,1.72997507520075,3.10518472607874
"AP005901.1","AP005901.1",0.760812136452063,0.0049530166129607,0.00190452752245132,6.08311788544495,3.10473005898786
"AC006486.2","AC006486.2",0.517147771174798,0.00496289971963899,0.00190859896592581,9.49699504555475,3.10409831607275
"KRT18P22","KRT18P22",1.87149437663618,0.00497183575336632,0.00191230721878023,0.836438363866025,3.10352400342608
"AC004765.1","AC004765.1",0.889331859856607,0.00497676457144437,0.00191447494197561,3.81886537882188,3.10318875255694
"TDGF1P3","TDGF1P3",0.823014463368575,0.00500404947789122,0.00192538115106052,3.11634321941557,3.10150731521682
"AF127936.1","AF127936.1",0.787432628662374,0.00500857460421958,0.00192725910957196,19.1355914928946,3.1012186686997
"AC132812.1","AC132812.1",0.835290528371667,0.00501195718045822,0.0019286976400878,41.9305403469947,3.1009977379071
"AC021851.1","AC021851.1",0.737298221653646,0.0050138284021172,0.00192955471580701,5.0159957731301,3.10086617937784
"LINC00499","LINC00499",0.957319561811995,0.00503564340383949,0.00193877568249139,2.79858689762575,3.09945417280286
"AP000356.1","AP000356.1",0.963609403685021,0.00503743087553391,0.00193960151638088,2.50393752431828,3.09932801389401
"CTRC","CTRC",0.677890213340438,0.00504843590500278,0.00194411474753707,7.02218935132078,3.0986394180206
"AC106892.1","AC106892.1",0.866450871525401,0.0050498522188619,0.00194479813724032,49.7799923375365,3.09853527937718
"RHEBP1","RHEBP1",1.02277039585324,0.00506483059661757,0.00195084338152731,19.5386546664891,3.09761553244857
"AC009137.2","AC009137.2",0.71318288315059,0.00507353006307739,0.00195474869311878,6.04305906758769,3.09702275339629
"AC027682.6","AC027682.6",0.602505524655195,0.00507791904094122,0.0019568559292176,22.048373769532,3.09670335191209
"RNU6-998P","RNU6-998P",1.53026923529523,0.00510005447671723,0.00196566486648743,0.678941172556028,3.09537155884278
"CABP4","CABP4",0.506426454596735,0.00510066121702254,0.00196603808269452,99.2503314543029,3.09531525462937
"AC127502.3","AC127502.3",1.33408811191962,0.00511060071647818,0.00197014851522694,4.83427432591845,3.09469579404428
"RPL12P44","RPL12P44",1.15220480704508,0.00511938545910237,0.0019736749317723,1.86766660627204,3.09416529208177
"AC097724.1","AC097724.1",1.27373790324583,0.00512889804076101,0.00197804300241377,0.991324702318019,3.09350937961834
"GBP1","GBP1",0.752792253178237,0.00513116734220329,0.00197905839510756,3953.96785082969,3.09335709802816
"RNU4-47P","RNU4-47P",0.787410095479542,0.00514497537974599,0.00198452790178298,3.46383297437818,3.09253805068591
"PDLIM1P4","PDLIM1P4",0.674603866669761,0.00514497537974599,0.0019846652206687,9.4640665511757,3.09251751414115
"AL359878.1","AL359878.1",0.551007009607436,0.00517157555750561,0.00199520880002129,15.0839076725152,3.09094456438306
"SNORA3B","SNORA3B",1.06717281495362,0.00517356418403661,0.00199611737596057,3.0582976779866,3.09080937525315
"AC096644.4","AC096644.4",0.717740345697059,0.0051740150428064,0.00199643270128998,120.830647836196,3.09076247046416
"MIR548F2","MIR548F2",1.20688244486732,0.00517423861817487,0.0019966603460336,1.27010048398722,3.09072861242902
"AC243962.1","AC243962.1",0.938519508580199,0.005179113549758,0.00199896603742948,15.003917457139,3.09038588209273
"AC092650.1","AC092650.1",0.678381933186469,0.00519229181290917,0.00200476175874258,7.01780002112083,3.08952597457195
"MOBP","MOBP",0.639816012974949,0.00519648938031523,0.00200652443844408,21.6342004140077,3.08926489933757
"TBL1XR1-AS1","TBL1XR1-AS1",1.59703735209204,0.00521174823997746,0.00201255875503706,0.819935372925194,3.08837273128566
"AC109326.1","AC109326.1",0.757950699986261,0.00521531846434129,0.00201407992499795,13.4517634930006,3.08814821517661
"AC091588.2","AC091588.2",1.07848253937633,0.00521644701603739,0.00201465828497195,1.25704466545297,3.08806289333352
"DRAM1","DRAM1",0.502625485437994,0.00523128289241583,0.00202095982993709,3533.12253950239,3.08713471946193
"AC097721.1","AC097721.1",0.903744675189908,0.00525905857533259,0.00203255235247082,5.19671339106902,3.08543413649724
"RNU11","RNU11",1.2111857525022,0.00526687286740313,0.00203586028184246,1.96755078890073,3.08495050679951
"AC068512.1","AC068512.1",1.10026407636548,0.00526786194362655,0.00203638653456183,1.4230706338386,3.08487363348012
"POLHP1","POLHP1",1.47516184507324,0.00527581639166424,0.00204003807685544,0.692768149942021,3.08434072931342
"AC020913.1","AC020913.1",0.831021926662873,0.0052869064475179,0.00204461525883681,3.80211018653748,3.0836739724972
"RPL21P32","RPL21P32",1.24149531472392,0.00528788745342632,0.00204513912684089,1.70800199553535,3.08359774815348
"AC087276.3","AC087276.3",0.941035040887922,0.00529160594640521,0.0020467218715624,4.99376956899662,3.08336756288892
"AC063960.1","AC063960.1",0.688068242087239,0.0052929185874261,0.00204737420263371,9.20063131388237,3.08327273914337
"TRBV24-1","TRBV24-1",1.0885422088699,0.00529351851924678,0.00204775090017476,6.9495004342583,3.0832179944929
"AC016894.1","AC016894.1",1.63196842114013,0.00529548318662175,0.00204865560368801,0.808049395194812,3.08308655359297
"LYG1","LYG1",0.832360142988365,0.00529697065829265,0.00204952051946999,7.69645674917048,3.08296094308348
"IZUMO2","IZUMO2",0.919055884615434,0.00529901916119484,0.00205045791854535,2.58591332709026,3.08282486083262
"TAS2R64P","TAS2R64P",0.709916816272967,0.00530318015555824,0.00205221291683301,7.5132230460364,3.08257024106978
"AC099518.5","AC099518.5",0.611464054102987,0.00531465913553851,0.00205694545356166,451.747208828083,3.0818846265618
"AC007494.2","AC007494.2",0.833292839560645,0.00532368517008391,0.00206058428152159,5.47903412700396,3.08135844383672
"AC016831.5","AC016831.5",0.94206995542615,0.00533493006707374,0.00206522826280228,3.77822627167764,3.08068815045118
"AP001542.1","AP001542.1",1.54663962737351,0.00534786897531736,0.00207052934179204,9.45913791255927,3.07992470218064
"AC144573.1","AC144573.1",0.906320457810563,0.00535350910929217,0.00207285930183282,3.33812293938987,3.07958971419707
"AC004158.1","AC004158.1",0.900603883540466,0.00535568764283506,0.00207384915637746,4.35345664465542,3.07944750324901
"AC006441.1","AC006441.1",0.717736696641313,0.00537316223837736,0.00208105616899366,5.16080392053837,3.07841395535499
"AC104472.1","AC104472.1",0.954636232857556,0.00537936702016158,0.00208375327863687,2.98754923423592,3.07802801061168
"AP003086.3","AP003086.3",1.02663590924428,0.00540228737763878,0.0020936649680163,2.25535157044979,3.07661361562687
"AL357568.2","AL357568.2",0.831902495758225,0.00540292184014097,0.00209405847980545,4.90904696421733,3.07655758846631
"MIR320E","MIR320E",1.00318917217518,0.00541004606166364,0.00209756806174903,3.41353762749585,3.07605833020427
"AC092119.2","AC092119.2",0.668676531661262,0.00541782576435499,0.00210101918285992,14.9008014560536,3.07556813488295
"AL512326.1","AL512326.1",1.6471548581624,0.00544240906367507,0.00211129604322683,0.509070140574256,3.07411277670113
"RN7SL666P","RN7SL666P",1.49328188321149,0.00544968149161423,0.00211441507092877,0.749236269210002,3.07367236042351
"RN7SL5P","RN7SL5P",0.946938290160773,0.00546462204719705,0.00212051045969268,3.97706526740829,3.07281338997175
"CDT1","CDT1",0.685471007596499,0.00547379850471069,0.00212422088478937,196.568282344488,3.0722916198266
"AC002558.2","AC002558.2",0.757463214722638,0.00548680726740022,0.00212941912145558,11.6935826313096,3.07156203339249
"LINC01179","LINC01179",0.990669956569251,0.00548977665905951,0.00213072153452117,2.15492577199403,3.07137949209916
"TAF1A-AS1","TAF1A-AS1",0.506159438577471,0.00549092894730888,0.00213131879629143,19.2715404244553,3.07129581636192
"AC016773.1","AC016773.1",1.03815046194637,0.00549460984510563,0.00213304780675048,7.9427722371014,3.07105370500007
"LINC02495","LINC02495",0.674006384122856,0.00549594223435424,0.00213371521647967,10.9391860604598,3.07096029651255
"AC104383.1","AC104383.1",1.31977102158032,0.00550289430072004,0.00213656460595185,1.0280364622593,3.07056180636845
"AL136987.1","AL136987.1",1.33837180399831,0.00550690437159621,0.00213827202996677,1.64238548162247,3.07032325472767
"LINC00856","LINC00856",0.636050119388373,0.00551382664671253,0.00214126118554401,17.6916044171751,3.06990604701564
"DGUOK-AS1","DGUOK-AS1",0.746597173184806,0.00551663859264397,0.0021425039196656,15.0130727748982,3.06973275106981
"ME2","ME2",0.53271512975146,0.00553245600496268,0.0021497050970402,2722.26051361425,3.0687303768011
"HAGLROS","HAGLROS",0.631947619323625,0.00554173979410056,0.00215346384741928,47.5604896815394,3.06820839642079
"AC007666.1","AC007666.1",0.714978821159474,0.00554652956521016,0.00215547665253106,7.93501189827065,3.06792922004357
"AC008026.3","AC008026.3",0.767609802623041,0.00555095387039097,0.0021573476830635,9.62358548119772,3.06766992209032
"AC242988.2","AC242988.2",0.681342831208633,0.00555859544125915,0.00216092505090946,6.11542357427867,3.06717472372926
"AL035401.1","AL035401.1",1.17512028272864,0.00555886035770428,0.00216117992376224,1.40769613597304,3.06713947155501
"RPS26P15","RPS26P15",1.48783682429293,0.00557910905064315,0.00217042418271147,0.651701922771837,3.06586344142237
"AC023355.1","AC023355.1",0.518573322120436,0.00557936432752247,0.00217082838394273,23.0279916482017,3.06580776131797
"EEF1E1P1","EEF1E1P1",1.67745994993675,0.00557991704294609,0.00217119589629758,0.502225015952885,3.06575714348056
"ALOX5","ALOX5",0.720161051560174,0.00558060901650959,0.00217161762925571,4018.68780009005,3.06569906746335
"EIF4BP8","EIF4BP8",2.13293224463057,0.00558072335839691,0.0021718146067829,0.398041629763506,3.06567194561723
"TPT1P5","TPT1P5",1.28997889316623,0.00559545460319364,0.00217800612795695,1.68188360427292,3.0648205820749
"AC019226.2","AC019226.2",1.41219168219333,0.0055996277895807,0.00217978352190377,0.963089560601619,3.06457659182553
"DENND6A-DT","DENND6A-DT",0.714708325810574,0.00560530462663982,0.00218218058649201,6.10046600432307,3.0642478254783
"AC130895.1","AC130895.1",1.11786508720173,0.00560957483720948,0.00218456219984948,1.94062251427951,3.06392150600721
"LINC02418","LINC02418",0.817672841201846,0.00560957483720948,0.00218451009983897,3.31983084689253,3.06392864106002
"RN7SL351P","RN7SL351P",0.796633505749189,0.00560957483720948,0.00218457526584734,4.30974631409642,3.06391971665421
"ITGB2-AS1","ITGB2-AS1",0.995343205465328,0.00561580959301894,0.00218731019286005,109.808093040106,3.06354539156799
"AC006277.1","AC006277.1",0.691375596368825,0.00561896806912974,0.00218884744833418,7.38733069655234,3.06333517817045
"MTCO1P12","MTCO1P12",0.681329717850074,0.00562049428193206,0.00218974911790129,954.428731680851,3.06321194150217
"AC010904.2","AC010904.2",0.721210492726066,0.00563134596864421,0.00219490014051503,6.91550126336657,3.06250881045758
"AL031651.1","AL031651.1",0.95280257379175,0.00563238854994366,0.00219557506318527,3.64851017833457,3.06241679345238
"SLC7A9","SLC7A9",0.838810116135233,0.00563284182097047,0.00219594489198084,5.11933773968819,3.06236638305876
"LIN28B-AS1","LIN28B-AS1",1.12991422425007,0.0056444261134981,0.00220076943740588,1.10576635125571,3.06170947382421
"GAPDHP76","GAPDHP76",1.1359045854192,0.00564822708591476,0.00220256009645552,1.67170083539065,3.06146599382651
"FAM19A4","FAM19A4",1.32353859166251,0.00565269406899746,0.00220445647276704,2.42844114724625,3.06120833693803
"AC006011.1","AC006011.1",1.22903783171247,0.00566918754934116,0.00221119845533608,12.1064110543566,3.06029395908905
"AL645568.2","AL645568.2",1.77787132438504,0.00567671086297537,0.00221444304463781,0.730854477139923,3.05985482372818
"MROH9","MROH9",1.07799689000916,0.00568442818746235,0.00221776414898699,2.10796706369234,3.05940594278778
"AC005696.3","AC005696.3",1.05845702952954,0.00568753204943763,0.00221913051356511,1.5121957201902,3.05922144359327
"AC242426.2","AC242426.2",0.670945565474516,0.00569515930522308,0.00222226208469878,16.6830720000212,3.05879898228262
"EDARADD","EDARADD",0.531934913927206,0.00569537315432913,0.00222250114457031,84.4481356192042,3.05876675457974
"AL049780.2","AL049780.2",0.902207966572016,0.00570510046533052,0.00222676466972449,2.69109254674752,3.05819252090968
"EGFR-AS1","EGFR-AS1",0.555838125591132,0.00573319778347869,0.00223851461312906,8.27335768827741,3.05661517634321
"RPL14P3","RPL14P3",1.26218929455438,0.00573651455732184,0.00224027985922569,1.19507686233268,3.05637886068231
"AC002091.1","AC002091.1",0.604616907391392,0.00575644157615424,0.00224837652206685,28.9401217198991,3.05529713179947
"AC109347.2","AC109347.2",0.696868491245025,0.00576751624665338,0.00225317487621657,3.71025756785427,3.05465774617042
"AC244636.2","AC244636.2",0.851240431395779,0.00576888843321128,0.00225386856762447,9.4895991522083,3.05456541431343
"RN7SL344P","RN7SL344P",0.958305406277012,0.00577038212439625,0.00225460980843374,2.58522813097388,3.05446678229701
"Z93403.1","Z93403.1",1.00142403073689,0.00577234921203235,0.0022555361097646,1.67490512477532,3.05434356725385
"AL031666.1","AL031666.1",0.753030073633381,0.00577931494694957,0.00225841586850113,5.7854294245376,3.05396080249088
"LINC01122","LINC01122",0.925427646905102,0.00578604031458645,0.00226136016448112,2.49847132860758,3.05356992176068
"AL133260.1","AL133260.1",1.17854731346861,0.00580477367740052,0.002268840335944,1.30451224957046,3.05257895747634
"CXCL1","CXCL1",1.32948584857294,0.00580690683298746,0.00226983275916606,1088.21791371306,3.05244770739234
"LINC01879","LINC01879",1.00394863122284,0.00581676395712784,0.00227400362574347,2.28285022577311,3.05189667553921
"CD300C","CD300C",0.753304509355976,0.00584876000785106,0.00228779060281417,897.861528575077,3.05008178160803
"AC019080.2","AC019080.2",1.8727693656018,0.00586264256707476,0.00229370143768801,0.663589188078404,3.04930675621202
"SLA2","SLA2",0.701572171598355,0.00586362702810001,0.00229424681118042,191.03249556852,3.04923533935741
"AL021707.7","AL021707.7",0.981887686626344,0.00587430506464894,0.0022985852845935,3.45861379800701,3.04866776795103
"AC096642.1","AC096642.1",0.769465224155949,0.0058799485138467,0.00230095419588821,9.81759156670278,3.04835827428716
"IGLV3-16","IGLV3-16",2.09670177163113,0.00588068903046362,0.00230140465540945,46.8510818847428,3.04829945565212
"AC005954.1","AC005954.1",0.936127042214157,0.00589703257269391,0.00230796181784386,1.94533113465119,3.04744444769908
"DYDC2","DYDC2",0.729666093945243,0.00591939521347569,0.00231719924652221,4.83385389816858,3.04624371905535
"LINC02246","LINC02246",0.537338437050498,0.00592278368705092,0.00231884935248921,8.89605007034674,3.04602969139544
"CD86","CD86",0.722250194133319,0.00597376585816247,0.0023404417781959,1932.46988045532,3.04324181704207
"HLA-DRB1","HLA-DRB1",0.746865342374422,0.00600696327550881,0.00235443285847083,47266.7106211988,3.04144792760743
"TMEM239","TMEM239",0.97351494134719,0.00601339920249298,0.00235715953488916,3.59572755214989,3.04109945919468
"IL1B","IL1B",1.08189276136824,0.0060184525804059,0.0023594294276801,281.894816593838,3.04080964899481
"AC004477.1","AC004477.1",0.529660499409608,0.00605184771551198,0.00237301747493954,14.7029165061998,3.03908010462835
"RPL7P41","RPL7P41",1.00928999484593,0.00606430915121446,0.002378069481085,2.8846578127825,3.03843937535872
"BACH1-IT3","BACH1-IT3",1.41027201241583,0.0060643103272528,0.00237823563832508,0.942998397952136,3.03841832335848
"HPN-AS1","HPN-AS1",1.18937578167218,0.00606683084184359,0.00237938987141241,3.0799906405632,3.03827212002934
"ADAM3A","ADAM3A",0.980678390237521,0.00607452258583061,0.00238273849673992,2.68185289027844,3.03784832659095
"AC009220.2","AC009220.2",0.901582216499079,0.00608739325768124,0.00238811968616048,3.31712548163359,3.03716843782057
"PLA2G5","PLA2G5",0.582237404439849,0.00609439926040064,0.0023912012180484,132.84930305159,3.03677973156319
"LINC02507","LINC02507",1.54922691736564,0.00612553201097401,0.00240425332215748,0.853183630040293,3.03513839936168
"AC004944.1","AC004944.1",1.14290175882367,0.00612807738881669,0.00240558725225086,1.50221463438636,3.03497111425643
"AC018737.2","AC018737.2",0.641422506221446,0.006148262039542,0.00241384675117296,8.76157784535756,3.0339371960794
"CYP11A1","CYP11A1",0.573150068577124,0.00615205737034434,0.00241550491575858,203.317560137714,3.03373001859555
"LINC01550","LINC01550",0.51790080431866,0.00616942539532207,0.00242316702799953,87.1729355705077,3.03277437199889
"LINC01060","LINC01060",1.02686903427465,0.00618600240043853,0.00243033915835681,11.2919637151581,3.03188234050194
"AC004540.2","AC004540.2",0.900085771434225,0.00618909636310437,0.00243178725267234,77.7295510325002,3.03170252659809
"AC004824.1","AC004824.1",3.68662799053996,0.00619293881288268,0.00243392529534972,7.13486556492631,3.03143721896052
"AC069307.1","AC069307.1",0.709120205201387,0.00619442340017623,0.00243467801337564,3.71710846977168,3.03134386567447
"RN7SL121P","RN7SL121P",1.53585985274786,0.00624185241746413,0.00245456305080408,1.26290713812694,3.02888720823676
"AC110615.1","AC110615.1",0.699774704579903,0.00625082150758459,0.00245838205361274,7.29894605442147,3.0284174828989
"LINC01148","LINC01148",0.759795209180882,0.00625574346425045,0.00246065966041011,4.31825462146634,3.0281376621836
"AC091153.3","AC091153.3",0.887852637706778,0.00626251678258214,0.00246383724015411,3.02759632295264,3.02774766890133
"ZNF716","ZNF716",0.919611163807471,0.00629114328092645,0.00247613101346336,3.4107254656252,3.02624314155302
"RRN3P1","RRN3P1",0.594238911848756,0.0062956471613255,0.00247807571261661,114.506607087538,3.02600577318324
"RF00024","RF00024",1.97750166875273,0.00630736082046551,0.00248337575952643,1.12981747437075,3.02535971800153
"AL354710.1","AL354710.1",1.29403168572487,0.00631264065520124,0.00248562705216277,0.919557656101108,3.02508567581325
"USP26","USP26",0.98722368568157,0.00631431623807665,0.00248680440054747,2.9193371200237,3.02494245162296
"SCARNA16","SCARNA16",2.36101157993683,0.00632840252013199,0.00249269790787242,0.403578383451011,3.024226438852
"C1QBPP2","C1QBPP2",0.940291677720179,0.00632871476456866,0.00249299381843183,2.74283773776221,3.02419052899612
"C1orf158","C1orf158",0.667375067378085,0.00635543566356326,0.00250473521165159,8.58227718877713,3.02276880457493
"AC114947.1","AC114947.1",0.938156244453368,0.00636521898169271,0.00250893874231261,2.89515902986221,3.02226129545308
"DNAJB5-DT","DNAJB5-DT",1.57120667803682,0.00637228123087658,0.00251207064671404,0.625223320288513,3.02188367348547
"CEACAM22P","CEACAM22P",0.694090877362947,0.00639464586312637,0.00252203480600018,6.31412615323019,3.02068512661279
"RN7SL285P","RN7SL285P",1.23772037525254,0.00641481843700891,0.00253059232748257,1.66019692353958,3.0196592306779
"AL583785.1","AL583785.1",0.763855511330489,0.00642237795755755,0.00253374997484012,91.3344813431774,3.01928148575161
"QRSL1P3","QRSL1P3",1.42893792095742,0.00644585057991843,0.0025433626116725,0.828158123013595,3.01813418421542
"RN7SL470P","RN7SL470P",1.21898441018407,0.00645989384058305,0.00255013924448056,1.85390236401941,3.01732775060872
"SULT2A1","SULT2A1",0.956384715569543,0.00646467322016078,0.00255220261094847,2.51632535563774,3.01708259486035
"AC012513.1","AC012513.1",0.896438370900567,0.00647679319468419,0.00255804928083171,3.16061414926937,3.01638891486941
"AC125612.1","AC125612.1",1.4644100391131,0.00648545720075018,0.0025620027926568,1.19884058327877,3.01592067046142
"GAPDHP35","GAPDHP35",1.59209973120414,0.00648868920084194,0.00256363413875173,2.37563552790824,3.015727650324
"LINC02069","LINC02069",0.843646160766255,0.00649439449674525,0.00256606570718963,3.41879021859061,3.01544015661995
"AL023693.1","AL023693.1",0.993512727350476,0.0065057672583956,0.0025710925879241,4.491942224758,3.01484659817371
"AL008726.1","AL008726.1",0.923129006868358,0.0065109424870191,0.00257331574837376,25.1842967027733,3.01458443268035
"AC005921.4","AC005921.4",0.798883087973924,0.0065148290651881,0.00257502984390314,2.82895897282772,3.01438243987371
"AL031600.3","AL031600.3",1.98188836624795,0.00653296314579389,0.00258273296419278,85.5561069977682,3.01347620226636
"AL160408.4","AL160408.4",1.03033532494173,0.00653311978760314,0.00258297339617524,1.97489429731191,3.0134479563143
"CHST13","CHST13",0.808891420361011,0.00654427425865272,0.00258767133364009,110.302472245867,3.0128965244414
"LINC00701","LINC00701",1.04545145522997,0.00657958601297432,0.00260296253673202,2.53229225802689,3.01110799898716
"APOBEC3B-AS1","APOBEC3B-AS1",1.18394376532307,0.00658119673978773,0.00260377957846188,1.12427848410466,3.01101270483346
"AL035252.4","AL035252.4",1.46040565404085,0.00658259153804776,0.00260451127250662,5.37333582386668,3.01092738825104
"RPS15AP1","RPS15AP1",1.21019899735099,0.00659132780970744,0.00260814801880333,0.987405069670919,3.01050366323906
"AL160272.2","AL160272.2",0.694585866679968,0.00660041765218175,0.00261192515797012,8.78065297533026,3.01006415222413
"AC002074.1","AC002074.1",0.587753070951877,0.00663586840833187,0.00262740427621348,42.3002026977698,3.00826903792538
"RN7SKP213","RN7SKP213",1.09945839535564,0.00664599037392846,0.0026319567332364,2.00411583361854,3.00774292895975
"RN7SL670P","RN7SL670P",1.33644904965011,0.00664900484587161,0.00263334787616034,1.61706748888171,3.00758232615889
"AC023632.5","AC023632.5",0.958198474328352,0.00664900484587161,0.00263369554497666,2.52858911532597,3.00754220106958
"SNTN","SNTN",0.890608368869086,0.00664900484587161,0.00263363938891443,2.5760606544848,3.00754868181478
"AC008870.1","AC008870.1",1.89807912561388,0.00667228981801486,0.00264419496490307,3.63501277854691,3.00633271922694
"AC011632.1","AC011632.1",0.784334620965779,0.00668162545769975,0.00264825975817352,4.59613926746274,3.00586565334422
"AL353648.1","AL353648.1",0.587328153766769,0.0066863437003964,0.00265067790784041,7.69321549716419,3.00558810614336
"KLRF1","KLRF1",0.69360418494014,0.00668831921094124,0.0026516438085947,39.0447702242361,3.00547730793699
"AC244258.1","AC244258.1",0.544375770043363,0.00670708333179638,0.002659449528977,9.90421079062256,3.00458326710552
"AC006942.1","AC006942.1",0.614870653986834,0.00672114798879854,0.00266520999921946,27.9266644629474,3.00392501908144
"LINC00501","LINC00501",1.05398937940054,0.0067374152714499,0.00267202881677355,1.82327845587552,3.0031475123685
"MTCO2P20","MTCO2P20",1.64287845088503,0.00675917503394615,0.00268121268730922,0.60395381693297,3.00210319445428
"AC005703.5","AC005703.5",0.88974385093035,0.00678788754367724,0.00269371509288145,7.31209995830836,3.00068676054526
"AC005253.2","AC005253.2",1.17141871060501,0.00679883590758253,0.00269843138865936,1.82292954798751,3.00015399780622
"AC108102.1","AC108102.1",1.32345207492782,0.00680559063321991,0.00270129826303412,1.14566733109911,2.99983056527586
"AC135776.4","AC135776.4",0.616499955718512,0.00680648153242441,0.00270183785630924,22.43394402326,2.99976972498857
"LINC02265","LINC02265",0.968651846012358,0.00682165793860444,0.00270823492029625,2.58774201611748,2.99904928724426
"VDAC1P4","VDAC1P4",1.5019785293846,0.0068262663037372,0.00271025098116356,0.639069894425342,2.99882256056968
"SNX32","SNX32",0.526049386484526,0.00682633885780115,0.00271046630458664,33.1480060337878,2.99879835435647
"AC253576.2","AC253576.2",0.768759149844455,0.00683833205030045,0.00271560201150487,6.14158651422164,2.99822152892393
"AC008543.3","AC008543.3",0.676441643246966,0.00684166578138988,0.002717237140551,4.63724388655494,2.99803808587835
"AC087893.1","AC087893.1",1.24797922924692,0.00684817003584076,0.00272007016068792,1.20948609847681,2.99772049158449
"AL450306.1","AL450306.1",1.09360138621229,0.00685316354165644,0.00272224081446491,21.834842931985,2.99747735596592
"AC008694.2","AC008694.2",1.11227595185098,0.00685322346830971,0.00272245187042692,1.47001977120156,2.99745372497021
"RNU1-16P","RNU1-16P",1.1557162810317,0.006866757989251,0.00272857896220326,1.78247079451772,2.9967684303728
"AL132642.2","AL132642.2",0.943692536531517,0.00687451831839457,0.00273185044462228,8.95893988070054,2.99640310161442
"LINC02521","LINC02521",0.917355402164727,0.00687468846817907,0.00273210589823942,11.1610194440335,2.99637459175451
"LARS2-AS1","LARS2-AS1",1.12952610845654,0.0068856596791028,0.00273684230038822,1.07535810061487,2.99584642705848
"RPS4XP17","RPS4XP17",1.24775112240454,0.00689634558250933,0.00274230140131674,0.833867829486655,2.9952387078314
"AC009720.1","AC009720.1",0.918814957190293,0.00689779514629864,0.00274317353901409,2.16786183473423,2.99514172193176
"NEURL3","NEURL3",0.866817528878808,0.00690233962244635,0.0027451694184084,8.97553098423276,2.99491987651181
"AC024940.3","AC024940.3",1.41271481465226,0.00690706448390257,0.00274723729315472,0.929847338530842,2.99469018404644
"AC127002.1","AC127002.1",0.86489603597959,0.00691087164580097,0.00274894039234871,2.78190898319182,2.99450112818035
"FAM133DP","FAM133DP",1.31845693371033,0.00691327275613522,0.00275008437543574,17.8913081059655,2.99437419815979
"AC138123.2","AC138123.2",1.12523390009373,0.00692801531761883,0.00275632752369867,2.24777170187537,2.99368234176027
"AL138885.3","AL138885.3",1.49545020018048,0.00692923322673994,0.00275700140025102,1.08045614544387,2.99360774938166
"AC019330.1","AC019330.1",1.55896132526977,0.00693254286135368,0.00275869707458551,0.67918992542814,2.99342012637079
"FOXG1-AS1","FOXG1-AS1",0.897465137763,0.00693254286135368,0.0027586253301242,1.89826108909898,2.99342806261892
"AC027176.3","AC027176.3",0.907059247857508,0.00693838033840027,0.00276120958574824,3.74794702137765,2.99314231557891
"AC009554.1","AC009554.1",0.910429661439378,0.00693931867063366,0.00276177261008361,3.39718004091718,2.99308009310417
"AC099066.2","AC099066.2",0.943919183302268,0.00694834605937421,0.00276555526235428,43.9579787708862,2.99266235453741
"AL136380.1","AL136380.1",0.991581505270717,0.00695816233585153,0.00276984253862184,2.44057142461814,2.99218951816192
"RBMX2P3","RBMX2P3",1.08479347874595,0.00697014723433882,0.00277516179786069,5.85259207100707,2.99160379451098
"SUGT1P2","SUGT1P2",1.21700406322884,0.0069741858768024,0.00277698327229272,1.66398477282122,2.99140346078275
"MICE","MICE",0.641834796491599,0.00697432543973877,0.002777229404048,14.2618534420404,2.99137639934067
"MORF4L2-AS1","MORF4L2-AS1",0.589436069608554,0.00699861911372035,0.00278766822699569,9.51605346458977,2.99023069407692
"AC133550.2","AC133550.2",0.670189526589568,0.00702446649843337,0.00279834753810646,7.05616679721329,2.98906264190536
"AL133153.2","AL133153.2",1.51909964795171,0.00703499579629891,0.00280315704380599,0.603431947731624,2.98853793011027
"AC018845.3","AC018845.3",0.671090178205746,0.00703499579629891,0.0028033109837215,6.74894086935885,2.98852114901712
"QRFP","QRFP",0.525778708840637,0.00703993314311444,0.00280547077494806,8.76260756994389,2.98828579741943
"PLAUR","PLAUR",0.670698898094633,0.00706372345722984,0.00281533741551987,2308.89529064542,2.98721273358008
"AC012629.2","AC012629.2",0.856644015794263,0.00706385895736675,0.00281558442771841,2.50484841592697,2.98718591342407
"DMRT1","DMRT1",0.941635618720653,0.00706814982007721,0.00281748784734846,2.3044685859285,2.98697931546353
"AC078817.1","AC078817.1",1.58386970107007,0.0070732672565466,0.00281972101076573,0.500347515195688,2.98673708939756
"IL2RA","IL2RA",0.961309171272153,0.00709831668435155,0.00283028867932846,491.217223022863,2.98559320939323
"Z97200.1","Z97200.1",0.714022380882637,0.00710765665454,0.00283440118235502,106.634455179723,2.98514911211951
"OR7E7P","OR7E7P",0.653727104183017,0.00712525484080115,0.0028418083803157,5.06800048693648,2.98435071238955
"IGSF21","IGSF21",0.704195106503072,0.0071369331953159,0.00284705113941944,649.461694259685,2.983786758629
"PNPLA5","PNPLA5",0.800193698096847,0.0071380984773398,0.00284771102673949,3.84843851376516,2.9837158429836
"AC003989.2","AC003989.2",1.76176862808143,0.00714465851252247,0.00285056449984131,0.610159686591011,2.98340936340976
"HNRNPA1P14","HNRNPA1P14",1.16132635895368,0.00716235613217675,0.00285945464276943,1.4997756878331,2.98245630296807
"PTPRD-AS2","PTPRD-AS2",1.07446096229298,0.00716235613217675,0.00285932689478275,1.7540033190866,2.98246997891698
"RNU6-1025P","RNU6-1025P",1.81632337106506,0.00717199040890078,0.00286397551370488,0.503478009949609,2.98197268388508
"AL928654.3","AL928654.3",0.651849530728812,0.00717484007892576,0.00286530950554876,43.1461103946558,2.98183011359308
"AC090740.1","AC090740.1",1.37800118904307,0.00717781982499466,0.00286669560321175,0.813062713697392,2.98168203867389
"CACNA1C-AS4","CACNA1C-AS4",1.33957200532648,0.00718067849923018,0.00286803350642768,1.35728371801594,2.98153917428163
"RPL13P12","RPL13P12",1.42386303299037,0.00721051107626624,0.00288182837205567,338.497471396418,2.98006966382373
"RBP1","RBP1",0.738180138673798,0.00721310610073386,0.00288315334155676,87.3496121262427,2.97992885845328
"LY6H","LY6H",1.09960453010227,0.00721462142888114,0.00288395616012818,23.7376208780185,2.97984357113702
"FTH1P4","FTH1P4",1.07098287174656,0.00721634745058293,0.0028848432894199,1.37622270162151,2.97974935228567
"PRDX3P2","PRDX3P2",1.40436859361716,0.00722103853255509,0.0028871132229536,0.88833025909567,2.97950839106974
"CDK1","CDK1",0.636702547894658,0.00722290930847236,0.00288805854859927,289.381439261561,2.97940809251912
"AC026320.1","AC026320.1",1.40331391664756,0.00722712053631761,0.00289013733078894,0.844938554978683,2.97918764019344
"AC023034.1","AC023034.1",1.27491360439787,0.00723571118812324,0.00289416585379207,1.29237848995865,2.97876083194274
"AC007529.1","AC007529.1",0.796779197921538,0.00724361969164357,0.002897527044063,9.69828506816254,2.97840514009066
"DDX55P1","DDX55P1",1.00137213253468,0.00725235660708621,0.00290161637743008,5.1488492733735,2.9779729013056
"AC068389.1","AC068389.1",0.803357859951212,0.00726603596057104,0.00290768498260946,36.7384145362371,2.97733247902048
"AC018682.1","AC018682.1",0.637923435364392,0.00726984726579801,0.00290980607657791,9.9437987292639,2.97710892683661
"RPS26P21","RPS26P21",0.751571393828288,0.00727442676487034,0.00291210665336369,4.35493642741272,2.97686662618621
"CR381653.1","CR381653.1",0.510900010415415,0.00727484170913287,0.00291260022306412,32.2148985329173,2.97681466535058
"RN7SL811P","RN7SL811P",1.07490263093487,0.00728745189055568,0.0029178480287495,3.50539893025344,2.97626269599131
"RFPL4A","RFPL4A",1.98096063159597,0.0073209917438051,0.00293227732922864,7.99144860609156,2.97474966527711
"AC010320.1","AC010320.1",0.6692310781196,0.00732743600090658,0.00293505865661058,3.77577164277869,2.97445880157291
"STK31","STK31",0.644560974428479,0.00732762199536666,0.00293533337178804,6.27843023011149,2.97443008625255
"OR10J1","OR10J1",0.972371985198204,0.00733463538289796,0.00293834323298587,2.42554680007076,2.97411563319438
"FRG2B","FRG2B",1.40253140163556,0.00734537098831522,0.00294324614179739,1.17025443342077,2.97360403420907
"PA2G4P4","PA2G4P4",0.941130308540967,0.00734537098831522,0.00294323679442075,2.48832764522883,2.97360500883039
"GGT1","GGT1",0.688859205480849,0.00734749069287199,0.00294429625130907,239.805826268256,2.97349456059899
"AC108059.1","AC108059.1",1.44915174025609,0.0073488777219697,0.00294505285795048,0.79998458764107,2.97341570665921
"AC112200.2","AC112200.2",0.857368787658594,0.00737123452259761,0.00295421372107057,4.54248355937408,2.9724624208194
"CLEC18C","CLEC18C",0.848320902588981,0.00738055968442546,0.0029585339080964,5.19116874587618,2.97201379478014
"SLC28A2","SLC28A2",0.648225626409691,0.00738055968442546,0.00295855600235542,9.80810734752469,2.97201150195792
"AC011473.1","AC011473.1",1.06129921638456,0.00739748979566055,0.00296574681744658,1.57637422992765,2.97126610694743
"AC090527.1","AC090527.1",0.803538568326922,0.00740381564389436,0.00296868752081067,2.94373854655077,2.97096175063252
"FAM86FP","FAM86FP",0.768339393232475,0.00741144720831298,0.0029723550404005,2.93506999160588,2.97058255567552
"RPL7AP3","RPL7AP3",1.58304855810809,0.00743926937810722,0.00298391962814869,0.607368741413218,2.9693896501084
"LHB","LHB",1.09533853037293,0.00744584197247085,0.00298696280881491,1.94170251569897,2.96907644226637
"MIR181A2HG","MIR181A2HG",0.742405815000747,0.00744624185426956,0.00298732667958797,5.99068510608389,2.96903901173374
"AC005775.1","AC005775.1",0.557751491005285,0.00746752184544218,0.00299729216398114,12.2465513931675,2.96801549924514
"CLEC2D","CLEC2D",0.701517605727875,0.00747207109945711,0.00299952645135724,440.321131961805,2.96778645120478
"MTCO1P2","MTCO1P2",0.992269673438951,0.00749232531944574,0.00300827127979604,1.06813170188282,2.96689146900077
"CTSZ","CTSZ",0.597539315130201,0.00750069975008986,0.00301204361395313,55131.6258554198,2.96650612512082
"MUC21","MUC21",1.04533263691244,0.00750955341163982,0.00301580414886423,2.025942075958,2.9661224244659
"AC011481.1","AC011481.1",0.898601369338358,0.00751067490912638,0.00301645975270496,2.36084661717584,2.96605557557213
"LINC00964","LINC00964",0.777239098766616,0.00751599862044417,0.00301880323835431,4.00502160912967,2.96581672947981
"RF00622","RF00622",1.68397956952418,0.00752134335641177,0.00302115546005654,0.610131166881761,2.96557716303511
"LHX1","LHX1",1.65124588928331,0.00752925007637617,0.00302453713551962,0.901129513882889,2.96523304789199
"AL589743.4","AL589743.4",0.542167504842967,0.00754833380172827,0.00303282189552759,59.5499444499701,2.96439148168416
"LINC01446","LINC01446",0.750723478047473,0.00755028917208278,0.00303381383547773,5.98487832057482,2.96429086099122
"AL139125.1","AL139125.1",1.30190371540408,0.00755486415571072,0.00303585855181938,2.28915579070763,2.96408354310558
"AL359095.1","AL359095.1",1.89198413497201,0.00756327285799068,0.00303944417047807,0.670803885847063,2.9637202973441
"AC011558.1","AC011558.1",2.82638481194303,0.00756483170669098,0.00304027731833432,29.6038363649393,2.96363595017839
"AC008761.2","AC008761.2",0.889579315844118,0.00757681312772126,0.00304592069587046,3.27448040502528,2.96306517393549
"LINC02181","LINC02181",0.776312493989536,0.00758391446822722,0.00304898269038759,4.2322230678521,2.96275588459045
"RSF1-IT2","RSF1-IT2",0.827933989662847,0.0075867338292587,0.0030503234595902,2.42762464443629,2.96262054385632
"AADACL3","AADACL3",0.906667859675241,0.00760914019247533,0.00305954007138083,4.99420760863853,2.96169166071089
"TRBV18","TRBV18",1.01871514786124,0.00761222145293668,0.00306119498741283,20.9458490602482,2.96152514264994
"AC011773.1","AC011773.1",1.75426416556107,0.00761770173491554,0.00306402325855055,0.619182498390365,2.96124075125935
"AL137784.2","AL137784.2",0.808239199045383,0.00763476144522621,0.0030717195082094,4.17794494517322,2.96046807994714
"OR56A1","OR56A1",0.567400261278942,0.00764998684801564,0.00307805421798077,17.1625168036663,2.95983342500039
"AC009118.1","AC009118.1",0.715016841415913,0.00766380523217136,0.00308382359228907,3.91572110031583,2.95925644477661
"MIR548AZ","MIR548AZ",1.40656889540157,0.00770322393037821,0.00310140217051276,0.880764030046901,2.95750450500721
"AC093117.1","AC093117.1",1.33399889179663,0.00770813996217431,0.00310398007493442,0.599810107154024,2.9572483440928
"AC011287.2","AC011287.2",0.561772446465538,0.00774174087946624,0.00311835689622917,5.8365304500178,2.95582329719282
"AP002761.2","AP002761.2",0.725790702834215,0.0077474235321254,0.00312106922477819,4.90382910596076,2.95555511993078
"TRGV10","TRGV10",0.90162823140076,0.00775453978112104,0.00312478353758226,12.1310364780656,2.95518821754209
"AP003680.1","AP003680.1",0.746087208249739,0.00776457170986091,0.00312903817450582,3.60144900265029,2.9547684298151
"LNCSRLR","LNCSRLR",0.577746920332094,0.00778153512159272,0.00313629947754349,8.11233720883954,2.9540531869941
"RN7SL199P","RN7SL199P",0.917945570396212,0.00778261095842826,0.00313715837781612,3.71705268505738,2.95396868465683
"RN7SL656P","RN7SL656P",0.917945570396212,0.00778261095842826,0.00313715837781612,3.71705268505738,2.95396868465683
"AC011511.5","AC011511.5",0.861054488776296,0.00779777961517825,0.00314348589967868,13.8693047624146,2.95334680479042
"AL359881.3","AL359881.3",1.07059705313633,0.00780038810391012,0.00314475057988453,1.36869013323994,2.95322264666331
"CELF5","CELF5",0.689767506167787,0.00780281692289803,0.00314594296331275,8.66805222564817,2.95310562784713
"AL136528.1","AL136528.1",1.16334914074699,0.00780448985828742,0.00314683070135106,2.04020234481631,2.95301853274986
"UQCRHL","UQCRHL",0.578394100403259,0.00780608824579392,0.00314768847048899,15.9740341626942,2.95293439914504
"MS4A10","MS4A10",0.858118972963654,0.00784090563527578,0.00316275801607562,3.33879587152246,2.95145971332661
"INSYN2","INSYN2",0.61352871296455,0.00784090563527578,0.00316269943421561,17.3954132916862,2.95146543365851
"PNOC","PNOC",1.40008800011992,0.00784235121740418,0.00316359900308905,162.239773760152,2.95137760426861
"ARGFXP2","ARGFXP2",0.63342264021421,0.00784923905446885,0.00316680411700557,6.51883643699044,2.95106485796451
"AC087164.2","AC087164.2",1.29077615722218,0.00785044994747528,0.00316836515134723,14.0567494778713,2.95091264094143
"SDR16C6P","SDR16C6P",1.21928494328709,0.00785044994747528,0.00316802496614762,1.11431161206114,2.95094580669715
"TSHR","TSHR",0.51369874804542,0.00785639436023834,0.00317140824279793,69.9963998731514,2.95061610440422
"LINC01856","LINC01856",0.770143151127999,0.00786611209652969,0.00317554595005946,17.2886989004176,2.95021331791532
"AAMDC","AAMDC",0.518295504723908,0.00787558713607356,0.00317958620515924,697.475772139727,2.94982047925754
"AC024267.1","AC024267.1",1.00752360288193,0.0078976354669276,0.00319021401522057,3.87601746872726,2.94878929331036
"MIR744","MIR744",1.38291392602951,0.00789896607087446,0.0031909673312899,0.588062417684495,2.94871632009098
"AL031985.1","AL031985.1",1.88950305672096,0.00789970091827878,0.00319148003436351,0.710125646685731,2.94866666386878
"AC114495.2","AC114495.2",0.649351251413062,0.00791018906664423,0.00319593337873899,8.18681528002908,2.94823565495488
"AC006978.2","AC006978.2",1.21888835811857,0.00794008528267086,0.00320866311458515,1.90910016079721,2.94700664188028
"PTPRD-AS1","PTPRD-AS1",0.680583286901876,0.00794286766819012,0.00321000452690511,76.9525805941018,2.9468773919464
"LINC02093","LINC02093",1.28709573196384,0.00794341858732866,0.00321045735799886,1.29854088879747,2.94683377114308
"AC027612.2","AC027612.2",1.41832663184762,0.00794360487310428,0.00321095359142886,0.582415985417748,2.94678597587076
"CSE1L-AS1","CSE1L-AS1",0.826907339634245,0.00794568276111017,0.00321201061369504,2.56227748971887,2.94668419003607
"AC234772.2","AC234772.2",1.31325746234831,0.00795509519252069,0.00321625026814199,0.800980131950766,2.94627623951508
"UNGP1","UNGP1",0.972547829608545,0.00797153016216971,0.00322333055192627,3.24131505612871,2.9455960475398
"NDUFA3P2","NDUFA3P2",1.57140644399859,0.00807046269007305,0.0032648780182306,0.885513054711377,2.94163186700273
"AC063949.2","AC063949.2",1.09148217812706,0.00807117945136668,0.00326538851160924,25.2120693876742,2.94158344561836
"FGF14-IT1","FGF14-IT1",1.08487970395358,0.00809160284787618,0.003274093460865,2.08905134362919,2.94075882229908
"AC007785.3","AC007785.3",0.870869134357082,0.0080961321955963,0.00327614737606987,2.93912248549708,2.94056454534532
"AC006270.2","AC006270.2",1.44599490004599,0.00810572716576436,0.00328025151102861,0.851834586731319,2.94017667312491
"AP000350.4","AP000350.4",1.28069869322888,0.00810767565089321,0.00328126155744775,6.06495956263484,2.94008128378377
"AC078850.2","AC078850.2",0.80783929080366,0.00811148425183045,0.00328346783220493,2.43448745338828,2.93987301496957
"AC027018.1","AC027018.1",0.868677795928915,0.00811438681369564,0.00328486447803805,3.58070302050906,2.93974123971579
"RPL12P27","RPL12P27",1.17231423557732,0.00812223588280235,0.00328826386173071,1.19001896422285,2.93942071684542
"MAGEB10","MAGEB10",0.975596821786645,0.00813712514543806,0.00329473640072807,2.99314822739227,2.93881126429545
"AL023802.1","AL023802.1",1.17888544669873,0.00813786149774664,0.00329525690310132,1.25249133420677,2.93876230132056
"AC078880.1","AC078880.1",0.812121508180811,0.0081518813674679,0.00330137942644906,36.1054656990439,2.93818689177072
"AL133370.1","AL133370.1",1.69225072265797,0.00815866366617586,0.00330434906756263,0.616398081758851,2.93790814770033
"MIR8066","MIR8066",1.41659106175556,0.00816050978634729,0.00330537185491368,2.05050612504021,2.93781219703628
"AC024575.1","AC024575.1",0.510691861590768,0.00817707775206029,0.00331314751729014,10.0425065448411,2.93708362249444
"RASGEF1A","RASGEF1A",0.509600131664656,0.00818533637330232,0.00331738244486117,83.3506473192678,2.93668746736313
"AC026523.2","AC026523.2",0.703198875427833,0.00818728564144997,0.00331840201112787,32.646793529317,2.93659216111634
"RN7SL487P","RN7SL487P",0.956326373850475,0.0081883634784298,0.00331906260287183,2.39467405186151,2.93653042505631
"RN7SL827P","RN7SL827P",0.780248199552521,0.00820196845731206,0.00332547364512838,3.76246169172949,2.93593185728593
"AC010531.6","AC010531.6",0.807119262887585,0.00824141912428678,0.003342144393089,9.62186929599715,2.934380296362
"CYP1A2","CYP1A2",0.626997552035409,0.00824427013124893,0.00334352582196584,21.2952854025326,2.93425204200973
"CACNG2","CACNG2",0.769977770639395,0.0082731774142798,0.00335592753606377,5.32298237810201,2.93310280074116
"LINC01360","LINC01360",1.17721039013261,0.00829813409064244,0.00336627768091391,1.13734887425085,2.93214663101033
"MAGEA10","MAGEA10",0.753903223052251,0.00829853254158757,0.00336666606129928,4.28736756820061,2.93211080369091
"AC104332.1","AC104332.1",1.28292841014961,0.00831273772380943,0.00337356467148669,1.00009113862754,2.93147504690866
"TBR1","TBR1",0.913328661537203,0.00832176549416325,0.00337768317210293,6.34814909397959,2.93109606139712
"PRDM12","PRDM12",1.28982593540037,0.00833461593970198,0.00338380989229301,1.13118612247999,2.93053305679259
"AC131254.2","AC131254.2",0.950235996760283,0.0083491161701042,0.00339015315729715,17.3456884215445,2.92995113024685
"NDC80","NDC80",0.542122773656413,0.00836403530418205,0.00339689665732293,176.065673206119,2.92933357257026
"NRADDP","NRADDP",1.03181115054563,0.00836557473169838,0.00339775044090539,2.53310785708835,2.92925546421718
"GS1-279B7.1","GS1-279B7.1",0.89529291030992,0.00836846958338388,0.00339915486288108,2.31352783674133,2.92912701959878
"GPR132","GPR132",0.63523010939903,0.00837868612825171,0.00340399147629647,503.859102651915,2.92868504547674
"AC012066.1","AC012066.1",0.951409131098457,0.00838705709723404,0.00340785065419731,2.35248316265649,2.92833280019686
"KAZN-AS1","KAZN-AS1",1.23382345506875,0.00839994746805465,0.00341377684198598,2.06148211451716,2.92779259558452
"CXCR4","CXCR4",0.831899694940021,0.00839994746805465,0.0034136258818072,3274.24411203557,2.92780634583484
"LINC02214","LINC02214",1.04334477227521,0.00840413951181598,0.00341593976277424,1.0962988643973,2.92759564609488
"PKD1L3","PKD1L3",0.618198000917967,0.00843221168096817,0.00342850192695121,11.423928344092,2.92645401013277
"AP000755.1","AP000755.1",1.32371844577433,0.00843378682423862,0.00342960324886318,1.86910606060588,2.92635410481654
"AL162724.1","AL162724.1",0.957755871439714,0.00843378682423862,0.00342937680830563,2.88066613341467,2.92637464376011
"RN7SKP3","RN7SKP3",1.20119915669452,0.00845135580471598,0.00343744043577699,1.17599708276775,2.92564400440444
"AC068547.1","AC068547.1",0.898571757531955,0.0084517864371658,0.00343807744682982,178.764321108228,2.92558635181487
"Z84485.1","Z84485.1",0.558709624436969,0.0084517864371658,0.00343785015247338,15.619814687987,2.9256069219406
"RPL7P24","RPL7P24",1.21484131441305,0.00845844648653283,0.00344101778021223,1.14671006160071,2.92532036334158
"NHP2P1","NHP2P1",0.949947525501008,0.0084632120649835,0.00344341896936171,1.6849270074587,2.9251033003572
"AL121972.1","AL121972.1",0.777769818284907,0.00846592898063092,0.00344498702993351,3.21557335745962,2.92496162498187
"CELA2A","CELA2A",0.825953985173844,0.00846630559556338,0.00344537160961559,3.34016599000012,2.92492688690065
"AL136526.1","AL136526.1",0.502401154345864,0.00847258006052892,0.00344815650705151,51.9959368901873,2.92467543963193
"PICSAR","PICSAR",1.25118039503477,0.00847321057357267,0.00344886069195031,9.52972837263471,2.92461188834075
"AC079331.2","AC079331.2",0.655960619779295,0.00847321057357267,0.0034491076566323,14.8977170936203,2.92458960306516
"CBX3P9","CBX3P9",0.708934805305001,0.00848535516402992,0.00345451493057313,2.9364709211047,2.92410203223054
"RPL31P44","RPL31P44",1.89670572016252,0.00853982701248615,0.00347902458417357,0.379982216107969,2.92190068382459
"RPSAP52","RPSAP52",1.10415780803242,0.00855656242104974,0.0034871317257757,9.11340850637175,2.92117564213291
"FOXD1-AS1","FOXD1-AS1",1.59087965717813,0.00855735948563371,0.00348780380467221,5.2118048474005,2.92111560533401
"SNRPGP14","SNRPGP14",1.04170432898318,0.0085828342936593,0.00349889034294371,1.74468953414987,2.92012676122143
"AC009299.3","AC009299.3",0.886479897721967,0.0085930438208882,0.00350399152935696,3.32902802212124,2.91967272740121
"AL357992.1","AL357992.1",1.48058383135511,0.00860890823513996,0.00351116624022335,2.01456547600516,2.91903515527735
"C5orf60","C5orf60",0.839391173049954,0.00861541308493152,0.00351429006106567,4.41389858822698,2.91875793103304
"FAM181A-AS1","FAM181A-AS1",0.960501052904198,0.00862856172216464,0.00352056767884082,2.77910155400187,2.91820149971047
"ODAPH","ODAPH",0.811581112186896,0.00862856172216464,0.00352059652441554,3.24718435333896,2.91819894499991
"LINC02316","LINC02316",1.26542235955862,0.0086335446324095,0.00352286553021677,1.26151920336757,2.91799804997187
"AC087516.2","AC087516.2",0.685879419818744,0.00866038560356378,0.00353452771279084,7.00017142352018,2.91696734836787
"DDX53","DDX53",1.0627546855668,0.0086642139891045,0.00353632690973095,2.30779813462917,2.91680861124653
"AL138831.2","AL138831.2",1.14445447938837,0.00867137645737759,0.00353948722360621,1.64129609849566,2.91652996513841
"LHFPL3-AS2","LHFPL3-AS2",0.694113094988661,0.00868052543418606,0.00354345883731085,7.64112856825425,2.91618010721124
"UBE2E1-AS1","UBE2E1-AS1",0.699493643611366,0.00869559625438684,0.00355056122914716,4.8974469031407,2.91555534873326
"LINC02014","LINC02014",0.955229796622863,0.00870370982082717,0.00355434976316519,3.27289414590667,2.9152225570119
"AC020978.7","AC020978.7",0.597537562504548,0.00870582286257737,0.00355568841088026,29.6816991459904,2.91510504491529
"AC093323.3","AC093323.3",0.861014165327899,0.00871752728319246,0.00356094518658235,3.22975236950712,2.91464397216471
"AL135926.1","AL135926.1",0.766637627336726,0.00871993807516724,0.00356226000027237,7.85281967893201,2.91452874642637
"AC068389.3","AC068389.3",1.01868202805523,0.00872795456129265,0.00356591995833244,3.46728311686022,2.91420820394541
"RPL23AP18","RPL23AP18",1.44093200623951,0.00877018748155857,0.00358389365759147,0.641318727978952,2.91263838155904
"FOXN3-AS2","FOXN3-AS2",0.964106575429031,0.008786613951273,0.00359084633102517,2.30210607449791,2.91203305555683
"AC120042.1","AC120042.1",0.847576171406578,0.00879644442692279,0.00359558481452403,2.46539454259251,2.91162111587476
"AC131212.2","AC131212.2",0.688137232140667,0.00880795484100892,0.00360077106836732,8.70148012906333,2.91117081491582
"RN7SL301P","RN7SL301P",1.08781513946624,0.00882068053861514,0.00360645546544542,1.97728046285623,2.91067793936566
"LINC02020","LINC02020",1.64082292917468,0.00883363517198389,0.00361247623211243,0.481591931002289,2.91015666823343
"RN7SL510P","RN7SL510P",1.64399926880287,0.00885150289968844,0.00362050871358059,0.576060867783722,2.90946245404022
"MIA-RAB4B","MIA-RAB4B",1.25831500983003,0.00885697459386979,0.00362298878780362,10.0328422169962,2.90924839447486
"AC007790.1","AC007790.1",0.906526242731844,0.00886348702191782,0.00362613708514373,3.03652723637528,2.90897685127676
"LCN15","LCN15",0.643719436710422,0.00886558796490899,0.00362723883675913,8.13747039662853,2.90888187495075
"AC104534.1","AC104534.1",0.936416762363972,0.0088656994386678,0.00362752668362661,2.33508828029946,2.90885706547916
"AL031123.2","AL031123.2",0.589516133302181,0.00886603255927185,0.00362790523259256,9.42446005299585,2.90882444113476
"FPR1","FPR1",0.687213364674265,0.00888513238299715,0.00363620625789042,3108.30932223962,2.90810981412122
"AC092068.1","AC092068.1",1.077876731111,0.00888599961309035,0.0036368039619793,1.77407015426725,2.90805841564742
"AC015849.5","AC015849.5",0.587878718998667,0.00891002218482407,0.00364736611309146,13.758677181138,2.90715140769341
"KHDRBS2","KHDRBS2",0.771941937125982,0.00891888622186753,0.00365148203908476,9.45044216760208,2.90679860569226
"LINC01720","LINC01720",1.36599327303322,0.0089388352166378,0.00366013783317943,1.10493641447459,2.90605784129245
"CHCHD2P6","CHCHD2P6",0.636289182814136,0.00895108674690748,0.00366637726229924,4.26424810910904,2.90552485716815
"LRRC37A15P","LRRC37A15P",1.2176505957384,0.00896989134613584,0.00367505999440714,2.01110836787997,2.90478453213719
"AC023055.1","AC023055.1",1.30312285813339,0.00900072135231194,0.00368842916041352,14.0351265713106,2.90364772639694
"AC124016.1","AC124016.1",0.624943481137743,0.0090012086467525,0.00368912073284209,13.2131477276625,2.9035890226362
"TRAV30","TRAV30",1.00630325471404,0.00901087258133077,0.0036933276754158,3.15288939390543,2.903232133939
"AC018693.1","AC018693.1",1.3569267609153,0.00901581564978074,0.00369560005404548,0.835565532668712,2.90303951433405
"RPL26P37","RPL26P37",1.57011956330252,0.00903619339141776,0.00370469362108865,0.706669802357799,2.90226976848194
"RPS20P33","RPS20P33",0.645333212221853,0.00904062375315382,0.00370675701630717,6.41029174884527,2.90209534678155
"RN7SKP292","RN7SKP292",1.24433552039508,0.00905162276188315,0.00371151405195717,1.01589154415726,2.90169356394727
"AL662820.1","AL662820.1",1.50468852792634,0.00905300350232934,0.00371232756531487,0.733425027389542,2.90162490087253
"AC096746.1","AC096746.1",1.24023128676371,0.00905827886288392,0.00371473831123869,1.23465308412056,2.90142150666551
"AC012507.2","AC012507.2",0.683370122526187,0.0090627260922169,0.00371755257855276,7.89900437330356,2.90118421917765
"CLEC4C","CLEC4C",1.07020210837206,0.00906331950120474,0.00371829127327493,20.0723398463416,2.90112196252245
"AC107464.3","AC107464.3",0.960885440540625,0.00906572200723552,0.00371952462254839,4.83452057806987,2.90101804179387
"FERMT3","FERMT3",0.541219624640306,0.00911120189509656,0.00373893115283082,4521.40475274506,2.89938697842787
"DNAJB7","DNAJB7",0.692198985300599,0.00915671868789007,0.00375936104823182,4.33682378855921,2.89767819778081
"AC026316.2","AC026316.2",1.45748204434797,0.00917037858383271,0.00376521978685904,0.613063152446171,2.89718972322393
"AL161773.1","AL161773.1",0.908563882414663,0.00918445714404656,0.00377150212896188,2.74885536676252,2.89666669749715
"AL596087.2","AL596087.2",0.673480700991435,0.00918539583017379,0.00377213856464691,6.99235511184569,2.89661375630354
"AL161670.2","AL161670.2",0.80030151659252,0.00918872596968266,0.00377375720785541,2.57308831884601,2.89647914784002
"RMDN2-AS1","RMDN2-AS1",0.778635949770798,0.00919778716577085,0.0037779812143237,4.80590759329537,2.89612812097334
"AL136320.1","AL136320.1",1.08193588046273,0.00920232754777221,0.00378009760794578,2.59604073317291,2.89595237679189
"UBASH3A","UBASH3A",0.829688257652987,0.00920594532616483,0.0037818352408232,114.440251645777,2.89580815153372
"MROH7","MROH7",0.556274689204968,0.00921378096404724,0.00378555764792421,62.1125648340931,2.89549939062059
"PCNPP5","PCNPP5",1.23887706899994,0.0092168793192661,0.00378708246681941,0.968649915863151,2.8953729917733
"RNU6-1010P","RNU6-1010P",0.929119563141614,0.00921707731284581,0.00378741565911331,4.88476311044336,2.89534537817728
"EPOP","EPOP",0.519704841338023,0.00921780527482865,0.00378796664754291,226.440839402152,2.89529971938394
"AC087894.1","AC087894.1",0.515640784307745,0.00924114932182025,0.00379856964391005,17.2666782127644,2.89442225372546
"AC025280.1","AC025280.1",1.10503320259499,0.00924232467221348,0.0037995578299441,1.87381298019754,2.89434058844477
"ELAVL4","ELAVL4",1.03588879205559,0.00926350909274944,0.00380902615745748,13.6023744380712,2.89355908756151
"AC007686.4","AC007686.4",0.713062048380849,0.00927863055406178,0.00381575093497593,4.7270681972526,2.89300510636388
"AC009065.8","AC009065.8",0.561427137564845,0.00927895008848792,0.00381613587070467,14.5054844984011,2.89297342255158
"EGFLAM-AS2","EGFLAM-AS2",1.10853133217577,0.00929021859005288,0.00382127792165513,1.95533967874582,2.89255046190425
"AL591767.3","AL591767.3",1.01718812502369,0.00931849566171488,0.00383341814483399,1.95066748366949,2.8915539130695
"SLC5A8","SLC5A8",1.4111895209122,0.00932729019710872,0.00383754571950226,1.15609555072891,2.89121574790664
"LINC02133","LINC02133",0.841364306929362,0.00934078821508771,0.00384335445588693,3.03132717634814,2.89074040737136
"AL022069.2","AL022069.2",0.840282343098537,0.00935701354110873,0.00385054184383832,2.99931017251164,2.89015315165583
"SASH3","SASH3",0.635626314515722,0.00938243964589541,0.00386126139912229,1921.26837899587,2.88927914281187
"AC073534.1","AC073534.1",1.17345317629642,0.00938925926415667,0.00386432449782759,1.51031608432126,2.88902980088193
"AL359198.1","AL359198.1",0.908530479554502,0.00939501845673036,0.00386695150228657,2.41507038910076,2.88881610081944
"OR2J2","OR2J2",1.0653349801695,0.00939820289030141,0.00386851899074813,1.42620443149743,2.88868865247678
"AC097059.1","AC097059.1",1.0864770996398,0.00940112192613941,0.0038699774020934,2.06838273022884,2.88857011502845
"RPL5P9","RPL5P9",0.98285156432883,0.00944019820186193,0.0038870949179502,1.98470915584445,2.88718185443181
"TRBV11-1","TRBV11-1",1.2818166722494,0.00944293259797003,0.00388847884324726,2.41734363304348,2.88706985843992
"AC098829.1","AC098829.1",0.819914599846111,0.00944302835813849,0.00388877628934843,4.70105135742455,2.88704579194665
"ATP6V1G1P4","ATP6V1G1P4",1.28992666823092,0.00945310239217806,0.00389406375978505,0.825858619568247,2.8866182592273
"AC138907.10","AC138907.10",0.749522213806524,0.00946543841802654,0.0039000740824569,5.68368037895346,2.88613291822735
"C2orf48","C2orf48",0.778322258511246,0.0094674352723053,0.00390115553270953,4.37146810690576,2.88604566190575
"CU634019.6","CU634019.6",0.741679450232061,0.0094925832733606,0.00391229613091536,15.9143800707176,2.88514806447978
"RF00599","RF00599",1.41456066205906,0.00951531551990128,0.00392244501895545,0.92102798754328,2.88433238752958
"AC003001.2","AC003001.2",1.65813944178725,0.00951605584690745,0.00392327021705474,1.56169117564042,2.88426614977006
"AP002008.3","AP002008.3",0.787676637401591,0.00951605584690745,0.00392302136755521,3.77876540632227,2.88428612331777
"AC089983.1","AC089983.1",1.43236283196444,0.00956668873169325,0.00394597483793659,0.974877443366734,2.88244861976733
"AC007032.1","AC007032.1",0.60251411845297,0.00960219861841004,0.00396272050964412,13.9030092284152,2.88111418557315
"ZNF296","ZNF296",0.510735072938799,0.00961519623814529,0.00396939806995101,152.963680681455,2.88058348977244
"AGAP9","AGAP9",0.740353906155908,0.00961625174630832,0.00397016777335019,114.874269510936,2.8805223700925
"AL034397.3","AL034397.3",0.658971649824609,0.00961625174630832,0.00397035930321771,133.124472140198,2.8805071629914
"RNU6-758P","RNU6-758P",1.59104671383584,0.00962852079798563,0.00397621419549044,0.619691371125774,2.88004261698159
"C22orf15","C22orf15",0.729674998148098,0.00962852079798563,0.00397618358222794,4.80607727167276,2.88004504432069
"AC018529.2","AC018529.2",0.739743007867851,0.0096541853397706,0.00398734024415892,54.9674747788776,2.87916154944541
"AL031055.1","AL031055.1",0.75460456441294,0.00968220425017284,0.00400076436174114,3.20977295637296,2.87810146526671
"TRGV4","TRGV4",0.797525108103851,0.00969265606211399,0.00400587763587902,20.0620296368212,2.87769852616966
"TRBV15","TRBV15",1.04371988714491,0.00973102456448189,0.00402253260023625,6.36495967503326,2.87638930199685
"AC025918.1","AC025918.1",1.06807407209767,0.00973521178035588,0.00402479547114852,1.57407842035323,2.87621180066785
"H2AFZP6","H2AFZP6",1.65640181058144,0.00973708143766987,0.00402610053269921,0.71796323210339,2.87610947182704
"AL121748.1","AL121748.1",1.007541847874,0.00973708143766987,0.00402584872960973,2.57308983064333,2.87612921316282
"AC110775.1","AC110775.1",1.28007799136271,0.00973891338740481,0.00402712410735224,0.903454591258567,2.8760292352185
"AC114977.2","AC114977.2",1.9879404116123,0.00974148245633308,0.00402898494334582,0.431757455070134,2.87588341425632
"LINC01176","LINC01176",0.732481469389826,0.00974946508919406,0.00403281925695535,15.0476793223559,2.87558313806124
"AL133384.2","AL133384.2",0.768906819896335,0.00976113793064829,0.00403818108166742,5.24896680074806,2.87516367236166
"A1CF","A1CF",0.739388487674445,0.00976987316548642,0.00404232873425396,3.60214745268033,2.87483954031912
"AC023794.2","AC023794.2",1.32324029039863,0.00979247208855204,0.00405221426216893,1.10807584912328,2.87406821858121
"AL136531.1","AL136531.1",0.630153974894085,0.00981441263056085,0.00406156161923754,6.36388112358816,2.87334045725906
"ACSM1","ACSM1",0.875295943072627,0.00981545062937173,0.00406225937001267,8.21217431724162,2.87328619316329
"RN7SKP150","RN7SKP150",0.912634525965207,0.00982538847932491,0.00406690920717214,3.61325558512881,2.87292479109645
"AC138951.2","AC138951.2",0.613748269351003,0.00984774330062412,0.00407670042208137,11.4362553592379,2.87216500736942
"AC108125.1","AC108125.1",0.912208015688086,0.00988071933385984,0.00409062158383137,4.71052458772201,2.87108759238757
"TRBV27","TRBV27",0.951048337262517,0.00988255056660732,0.00409164973730978,19.6950058429118,2.87100815145602
"HORMAD2-AS1","HORMAD2-AS1",0.78314571950208,0.00989536932300405,0.00409752606465749,8.92361184843116,2.87055446065537
"AL096865.1","AL096865.1",0.94998977276205,0.00989779840211101,0.00409904451981739,6.73188543112361,2.87043732201948
"AL353608.3","AL353608.3",0.955710120414108,0.00990034643607414,0.00410064077227377,4.36203764963722,2.87031422429414
"AP002793.1","AP002793.1",0.693550830816648,0.00990034643607414,0.0041005391754867,5.84262610418965,2.8703220578074
"MIR1285-1","MIR1285-1",0.90261454609135,0.00999492173814417,0.0041419978142144,2.46482736167478,2.86713996814047
"AC016747.3","AC016747.3",0.588769072304538,0.0100141747841406,0.00415025009223871,15.4496661043397,2.86651002894109
"C12orf71","C12orf71",1.00233916642021,0.0100298552403072,0.00415784485111453,3.70391928105553,2.86593128504015
"AC073188.6","AC073188.6",1.67916672197413,0.0100300450860167,0.00415819760349004,0.475968927105672,2.86590442754374
"IL19","IL19",0.937759281701044,0.0100377478218229,0.00416230572335893,2.99167124083209,2.86559179987681
"AL157935.1","AL157935.1",0.694828134678392,0.0100440050842112,0.00416535722746954,7.64842316377978,2.86535976175374
"AP002360.1","AP002360.1",0.503828269698358,0.0100591159075742,0.00417217354236391,54.5370329388593,2.86484200176576
"SNORD100","SNORD100",0.955766241503477,0.0100601678981295,0.00417288474716534,3.8095986837453,2.86478802363187
"MIR4477B","MIR4477B",1.19111935442758,0.0100634624078985,0.00417452625144718,2.38777249494065,2.86466347064564
"AL355076.2","AL355076.2",1.17308851901452,0.010065505518222,0.00417564879595522,2.83563106366645,2.86457832052883
"AC006213.4","AC006213.4",0.531903172189427,0.0101395698772155,0.00420831351771641,9.42289753770016,2.86210960196457
"RNU1-56P","RNU1-56P",1.43862272382206,0.0101781147343728,0.00422542351632722,0.878450232433141,2.86082339975493
"LYPD4","LYPD4",0.989853959200136,0.0101859490215356,0.0042289542168429,2.39708163635045,2.86055857611532
"SRGAP2-AS1","SRGAP2-AS1",0.854142400787391,0.0101949541561202,0.00423325004263937,6.6543651165292,2.86023663380884
"AC068775.1","AC068775.1",1.27977868417127,0.0101956581228411,0.00423386789997189,4.74222248328589,2.8601903540697
"AP003072.5","AP003072.5",1.31326031126108,0.0101987544079458,0.00423594266934024,0.85731859086265,2.86003499118143
"EDRF1-AS1","EDRF1-AS1",0.703963124179837,0.0102061452771237,0.0042395701152521,5.79134864704744,2.85976352650897
"AC003092.1","AC003092.1",1.18062275271335,0.010223556664408,0.00424708203846169,1.75268882039898,2.85920203106565
"KCNQ5-IT1","KCNQ5-IT1",1.79106696820844,0.0102345872825849,0.00425222367329669,0.525084966312483,2.85881822712234
"RPL23AP49","RPL23AP49",0.714498258604462,0.01023956065667,0.00425484954415798,12.7230574135204,2.85862237795218
"TEDC2","TEDC2",0.696896712784029,0.0102432618562228,0.00425666738357038,31.8584245536503,2.8584868595743
"TRPA1","TRPA1",0.618402139904445,0.0102487908674181,0.00425952506582959,29.0326175981292,2.85827392787066
"AC010719.1","AC010719.1",1.2230364469148,0.0102733014074568,0.00427083474724595,10.9247767561611,2.85743248952492
"LRP1-AS","LRP1-AS",1.0167498770301,0.0102813831089458,0.00427447540604167,2.11063575975026,2.85716205504919
"PGF","PGF",0.669107222377859,0.0102822329993675,0.00427510969019303,2406.36739932883,2.8571149606848
"AC009245.1","AC009245.1",0.883026022382414,0.0102823416654198,0.0042754358169447,1.74552214584289,2.85709074887435
"UBE2V1P15","UBE2V1P15",2.21053605292023,0.0102834980433885,0.00427622608899361,0.38761071057163,2.85703208563435
"FAM3B","FAM3B",0.914526543058975,0.0103050272351472,0.00428754753758095,52.3896070155514,2.85619275271658
"AC127459.3","AC127459.3",1.17532674564225,0.0103171993812384,0.00429303066687286,4.17733489021164,2.85578697466832
"AC092068.3","AC092068.3",0.637544395938129,0.0103230639240914,0.00429603504543392,10.4275599374381,2.85556483539995
"AL356608.1","AL356608.1",0.845899789155496,0.010331264563768,0.00429973009741561,8.15098597731351,2.85529182185127
"GTF2IRD1P1","GTF2IRD1P1",0.665421594460111,0.010361532216643,0.00431402573614598,5.06434453566106,2.85423757040599
"KLKP1","KLKP1",1.46184143772494,0.0104266636928413,0.00434484679853337,0.836637139695204,2.85197536290663
"CCDC73","CCDC73",0.819879762812903,0.0104266636928413,0.00434457510327582,4.53262627471088,2.85199524117745
"BOLA3P1","BOLA3P1",1.82364274747383,0.0104381485371262,0.0043499177979794,0.561690364973277,2.85160455571613
"AC092608.3","AC092608.3",1.44330517947807,0.0104555203301688,0.00435744286991626,0.704080385105452,2.85105502074483
"CD80","CD80",1.04773061476803,0.0104580787785561,0.00435936637191321,43.1985427776281,2.85091469083458
"PMAIP1","PMAIP1",0.515747447222617,0.010463510185016,0.00436191630625944,153.860443537805,2.85072874578654
"AC055822.1","AC055822.1",0.686693892559558,0.0104665767743573,0.00436376663296588,6.17462855961609,2.85059387886476
"PLEKHG4B","PLEKHG4B",0.656545881073523,0.0104678953764112,0.00436460240564046,14.7709654734397,2.85053297792183
"AL008638.5","AL008638.5",1.13884405453073,0.0104988891931893,0.00437895963097448,1.30447275264455,2.84948844522952
"AL356272.1","AL356272.1",1.53033177136959,0.0105330353030125,0.00439406494730445,0.613273188085656,2.84839283241336
"AC245517.5","AC245517.5",1.97522685076723,0.0105360628678523,0.00439590371300049,3.20015637808687,2.84825969694998
"RN7SL555P","RN7SL555P",1.5712247073421,0.0105470952427955,0.00440079487015301,1.0989648609501,2.84790579924671
"TEX11","TEX11",1.35690742638642,0.0105880615630514,0.00441846674096245,2.94886422720013,2.8466301220564
"AC010226.1","AC010226.1",0.526450624037299,0.0105894291345551,0.00441932677398821,97.5392783757671,2.8465681570264
"ANKRD18CP","ANKRD18CP",1.40693788453708,0.0105946244284506,0.00442178442428983,1.17856618419643,2.84639114453976
"NEK2","NEK2",0.720394831553573,0.0106318971120123,0.00443792158748088,75.1186790396483,2.84523107378946
"AC010469.1","AC010469.1",1.41243757945957,0.0106385164112823,0.00444126594300344,0.718683997588994,2.8449911325791
"AC092794.2","AC092794.2",1.22058547229254,0.0106413528839679,0.00444303159703582,1.13077125465628,2.84486452154073
"AC107463.1","AC107463.1",1.08158379303643,0.0106413528839679,0.00444297663422433,1.77422578707445,2.8448684621114
"AC010082.1","AC010082.1",1.32136403780257,0.010706421908528,0.0044731248778191,0.558290037982608,2.84271358206945
"OLA1P2","OLA1P2",0.787607114170669,0.0107127385006979,0.0044760566450633,4.58002821274875,2.84250473335245
"LINC01424","LINC01424",0.608239964605858,0.0107638819112163,0.00449889618830777,8.14425026664818,2.84088195580563
"LINC00599","LINC00599",1.78973389753473,0.0107893676990933,0.0045101378843255,0.689117015234734,2.84008595878239
"LINC02090","LINC02090",1.8255008773644,0.0108181604776085,0.00452276492439377,0.697416969950185,2.8391940094846
"HNRNPCP1","HNRNPCP1",0.503562075359994,0.0108262753333908,0.00452693161919398,10.8402573989272,2.83890017734979
"WAS","WAS",0.526794653223081,0.0108348206466465,0.00453091423254529,2000.00378707094,2.83861955541274
"AP002358.1","AP002358.1",0.712789778429989,0.0108441742780382,0.00453512203884403,5.16229961208085,2.8383233086382
"AC009227.1","AC009227.1",0.6892455331597,0.0108443321378386,0.00453578065974572,5.95961072901184,2.83827696157134
"AL392048.1","AL392048.1",0.964842491361505,0.0108589123367011,0.0045429459164788,1.85976801748428,2.83777313693673
"LINC02475","LINC02475",0.868996241058155,0.0108589123367011,0.00454321038538444,2.76753723205105,2.83775455459833
"AC099560.1","AC099560.1",0.860798783522264,0.010877403911748,0.00455139658199703,28.1234181910888,2.83717985313139
"EEF1DP7","EEF1DP7",0.709239912224956,0.010881534418308,0.00455342221416943,9.64651721458533,2.83703779072876
"GCSAM","GCSAM",0.746045894709935,0.0108872082352524,0.00455639139155062,88.0645249622356,2.83682965867388
"LINC01762","LINC01762",0.706440771621922,0.0108950332382859,0.00455996391005392,4.60227216200584,2.83657939665787
"PKHD1","PKHD1",0.825952480129642,0.0108970247345244,0.00456109516402577,7.14432325843545,2.83650018709195
"CCDC42","CCDC42",0.936136201720038,0.0109116628542545,0.00456752028544986,2.4117729478983,2.83605064210264
"RIIAD1","RIIAD1",0.986076488863852,0.0109312995474887,0.00457633737715843,2.65158908922686,2.83543467009244
"AC138915.3","AC138915.3",0.665718864851542,0.010943203341273,0.00458191885028738,5.11154434194393,2.83504529741135
"RN7SL817P","RN7SL817P",1.16129518793945,0.0109461559056557,0.00458345417235919,1.14177287350292,2.83493826617413
"AC073548.1","AC073548.1",0.771088078786188,0.0109541875630783,0.00458711654940677,28.044339447882,2.83468308353572
"SLC12A1","SLC12A1",0.745807388672979,0.0109680462509605,0.00459321962043967,6.58920631215967,2.83425825086567
"GNMT","GNMT",0.615904446323891,0.0109729066580448,0.00459555488550265,9.33088793416534,2.83409582909186
"RN7SL745P","RN7SL745P",1.30921171531382,0.0110084937998142,0.00461136147012081,0.850770524791919,2.83299841458157
"OR1M1","OR1M1",0.729877504449635,0.011092568132686,0.00464748872227676,6.24259192660813,2.83050291820325
"AC018541.1","AC018541.1",1.09177897626838,0.0111093434003383,0.00465573127884338,1.28338373322266,2.82993602385902
"LINC00846","LINC00846",0.648861962309068,0.011122968021114,0.00466174503335794,5.96209894963037,2.82952299184268
"AL591543.1","AL591543.1",0.55506027752342,0.0111612513941051,0.00467900981282969,10.2597205645582,2.82833990050983
"AC099792.1","AC099792.1",0.641430834532675,0.011165503038153,0.0046813577400312,10.7663734429835,2.82817931116695
"AC016405.1","AC016405.1",0.548923318073747,0.011165503038153,0.00468140233668839,19.5712088365706,2.82817626162995
"AC011933.3","AC011933.3",0.912536356939803,0.0111711791005569,0.00468441807747377,3.54458056884872,2.82797010508535
"AP002812.2","AP002812.2",0.793182033408002,0.0111711791005569,0.00468469785609844,4.8033907547405,2.82795098546291
"RF00272","RF00272",1.03011488003687,0.0111851791191781,0.00469087445832575,1.91821070889372,2.82752914948344
"KLRC3","KLRC3",1.18471353884319,0.0111983829552572,0.00469702387349798,5.31906392186332,2.82710966950131
"AC016747.4","AC016747.4",0.998731111917627,0.0112028266297126,0.00469919381456728,6.20888821288638,2.82696176647494
"AL109924.4","AL109924.4",1.34255667308408,0.0112434899657266,0.00471809390676327,1.03394375468277,2.82567614554819
"TRAC","TRAC",0.717473275704726,0.0112544697050448,0.00472300883083644,1621.27371777501,2.82534258673045
"PRSS55","PRSS55",1.4975166825942,0.01128898106701,0.00473780019096898,0.688813839551752,2.82434064075094
"AC004858.1","AC004858.1",1.13383232884066,0.0113058873084359,0.00474520437566283,1.43658824400791,2.82384015461071
"ZNF157","ZNF157",0.580438025189351,0.011330407291951,0.00475704359266973,5.33178259086519,2.82304134909781
"TMEM171","TMEM171",0.70322337539177,0.0113362561483919,0.00475980896287706,18.1701029566662,2.82285502565685
"FRG1FP","FRG1FP",1.31127878654843,0.0113402665527872,0.00476202680543846,0.753668950455454,2.8227056639857
"AC011498.1","AC011498.1",0.62652335222635,0.011360153325138,0.00477170515771871,4.29235101497497,2.82205460665003
"ZDHHC19","ZDHHC19",1.03692809288005,0.0113790655934746,0.00478058177997393,3.56185738951888,2.82145853109779
"OR2A3P","OR2A3P",0.621850269047356,0.0113970272667865,0.00478906206005384,7.90150848161917,2.82089000520264
"AC133550.1","AC133550.1",1.89481527334687,0.0114008161773753,0.00479127718309815,11.5221821509103,2.82074165135728
"AC105052.3","AC105052.3",0.523033546774261,0.0114023456031048,0.004792231483564,477.603790848673,2.82067775794467
"AC008014.1","AC008014.1",0.683513436764518,0.0114058373476856,0.00479401065382792,42.3873555326652,2.82055866764674
"AC116049.1","AC116049.1",1.25011028699388,0.0114074861835725,0.00479501536785374,0.762172422293373,2.82049143391501
"AL162430.2","AL162430.2",1.06681954425944,0.0114228924620951,0.00480239432136284,1.19565655340483,2.81999803732437
"SHBG","SHBG",0.557945698246065,0.0114228924620951,0.00480242756125187,8.40590560144089,2.81999581627886
"CXCL13","CXCL13",1.48783522399366,0.0114478435410328,0.00481385590033868,2438.56467281221,2.81923301308298
"AC010328.1","AC010328.1",0.867799273096908,0.0114696240415232,0.00482364144504288,2.89278125942573,2.81858116203593
"PTCSC2","PTCSC2",0.563148870372098,0.0114860975582767,0.00483151102242328,15.3587516619075,2.81805780809092
"CTLA4","CTLA4",1.05393724306747,0.0115290665310753,0.00485053051847038,84.0682199360849,2.81679612384864
"AC234781.1","AC234781.1",1.15975583807267,0.0115427283632251,0.00485690911756241,2.42226561477538,2.81637399293326
"MIR3681HG","MIR3681HG",1.0431308057424,0.0115547209206883,0.00486227101558843,2.84556630536906,2.81601953437263
"AC005740.3","AC005740.3",0.88478597632516,0.011561388841726,0.00486570868955723,2.12051858008942,2.81579246633223
"AL117692.1","AL117692.1",0.901637434419364,0.0115699031221247,0.00486992424919617,3.2458527217226,2.81551421478431
"AC068790.8","AC068790.8",1.06060480282825,0.0116087120057776,0.00488689379144282,1.63230241672558,2.81439632542801
"AC087721.1","AC087721.1",1.35654710195766,0.0116088001838372,0.0048872481005646,0.682614436168388,2.81437302232851
"AC008840.1","AC008840.1",0.572607692104377,0.011624155765999,0.00489498315980152,9.81714717798974,2.81386466385667
"AL512506.2","AL512506.2",1.3924442848625,0.0116320953071521,0.00489896218651991,0.655372322967664,2.81360343986718
"MIR4755","MIR4755",1.44704474903582,0.0116477322787861,0.00490674922907597,0.657263644010418,2.81309277363848
"LINC01929","LINC01929",1.00698073696793,0.0116477322787861,0.00490713910234169,25.6904365095954,2.81306722542628
"LINC00922","LINC00922",0.870210728637374,0.0116477322787861,0.0049068254171359,3.93618967007608,2.81308778092631
"AL391863.2","AL391863.2",1.21358144910774,0.0116551611999409,0.0049105873303393,0.969974235592821,2.81284134456046
"G6PC","G6PC",0.772798489745717,0.0116612093171716,0.00491345416213842,4.68320510755262,2.81265365804261
"AL050335.1","AL050335.1",1.13457703182631,0.0116713628826039,0.00491837016690073,1.07566228296671,2.81233204615362
"AL391419.1","AL391419.1",0.906477710342516,0.0116717362978961,0.00491884643456787,3.29412541358359,2.81230090350953
"CGA","CGA",1.00559864457775,0.0116791947662463,0.00492262789868892,2.01613720309243,2.81205373428051
"PDC","PDC",0.859831136917943,0.0116997911142687,0.00493194834041744,2.69894301838379,2.81144525134128
"AC243829.1","AC243829.1",0.819714228702007,0.0117003150059536,0.00493261759775867,18.6577085686653,2.81140159905918
"UQCRFS1P1","UQCRFS1P1",0.551126049364359,0.011711970705247,0.00493804256817581,211.374352734819,2.81104795315781
"AC036176.2","AC036176.2",1.03897684276754,0.011730663396026,0.00494624436535077,1.52051749028087,2.81051395661928
"MIR3941","MIR3941",1.30015812466791,0.0117406327630623,0.00495108953974437,0.685312091637175,2.8101988767507
"LINC02166","LINC02166",0.691242865160518,0.011742216149293,0.00495207809678784,5.43645074440111,2.81013462551186
"AC106028.5","AC106028.5",1.17047895548339,0.0117469169525973,0.00495470250545767,1.1137387033832,2.80996410839758
"AC007684.1","AC007684.1",1.00829955271462,0.0117666348170968,0.00496366225692388,2.20804780420346,2.80938257646213
"AC106875.1","AC106875.1",1.86728432322106,0.011818140107938,0.00498792858586626,0.661475562105897,2.80781232631322
"AC091180.5","AC091180.5",1.05955501890928,0.011818140107938,0.0049879726289603,1.30743668336858,2.8078094826142
"RN7SL150P","RN7SL150P",1.58909533572083,0.0118239868186128,0.00499076336440698,0.928941455806188,2.80762934147437
"AC005519.1","AC005519.1",0.673392302171792,0.011873526766395,0.00501394453877522,19.8700023848517,2.80613651420253
"AL137803.1","AL137803.1",0.676913217883164,0.0118890704173531,0.00502148284137391,5.44495125027033,2.80565240515696
"AC093817.1","AC093817.1",0.686455227134643,0.0119011484973386,0.00502690933141225,6.77502855454878,2.80530432309336
"AC008147.3","AC008147.3",0.969696573423925,0.011904716683878,0.00502874176706343,6.02594050682303,2.80518685828334
"AC002398.1","AC002398.1",0.522370790833362,0.0119144652569769,0.0050335108009338,11.1024706353283,2.80488132974125
"HOXB-AS1","HOXB-AS1",0.790581395942153,0.011916493672659,0.00503469334299642,29.9650310726386,2.80480561058307
"AKR1C6P","AKR1C6P",1.2922217456351,0.0119176373903435,0.00503550218870112,0.878571016294863,2.8047538287753
"AC087257.1","AC087257.1",0.788362953341315,0.0119292118604551,0.00504137052503237,14.4148519000052,2.80437836650592
"AC087241.1","AC087241.1",1.18526617008329,0.0119458263646863,0.00504969752419634,1.25876902489614,2.80384627399293
"AC016734.2","AC016734.2",1.03262225885902,0.0119462990624714,0.00505022375186636,1.93080433084234,2.8038126748726
"ZNF33BP1","ZNF33BP1",0.982349484134498,0.0119640592356689,0.00505805865060535,2.59360175940896,2.80331279828571
"NDUFB1P2","NDUFB1P2",1.0571776697204,0.0120275395410699,0.00508580037313516,2.39197948346218,2.80154844997222
"AC010168.1","AC010168.1",0.970206901048353,0.0120275395410699,0.00508588218086827,2.93453929752377,2.8015432599528
"SNORA31","SNORA31",1.09778366368865,0.0120512846613162,0.00509706376019059,3.58940066631103,2.8008345909064
"AC092192.1","AC092192.1",0.87021327276513,0.0120512846613162,0.00509723999445818,2.20379703443277,2.80082343273795
"AKR1C7P","AKR1C7P",0.698167851643109,0.0120660295821071,0.00510413590508437,7.27873318096284,2.80038709577551
"KCNK13","KCNK13",0.733679706256907,0.0120723341414975,0.00510713269523229,148.053238215778,2.80019764072774
"AC087821.2","AC087821.2",1.35584561330746,0.0120850174261625,0.00511346317914342,0.901703333832379,2.79979776190772
"AC009097.3","AC009097.3",0.938064530448501,0.0120850174261625,0.00511348888935634,1.82262840897049,2.79979613877858
"BEX5","BEX5",0.674018636608332,0.0120962074650556,0.005118554195779,89.0351613899243,2.79947650122155
"AC013391.2","AC013391.2",0.790352118759227,0.0120963722545939,0.00511895443807616,3.16663250723279,2.79945125680044
"AC091868.2","AC091868.2",1.04674663378465,0.0121115852170194,0.00512638505415032,2.57228328645073,2.79898291039573
"MTCO1P25","MTCO1P25",1.04736951419762,0.012141344195793,0.00514030788583877,1.35050597573893,2.7981070137088
"PAX8-AS1","PAX8-AS1",0.579854700382554,0.0121549717076712,0.00514707373221915,1106.06526043884,2.79768214266265
"LINC00927","LINC00927",1.27443634917236,0.0121607817704107,0.0051498662985217,0.817903916059593,2.79750692658727
"SLC13A5","SLC13A5",0.786441982452746,0.0121783760372039,0.00515764989690049,9.51657257472431,2.79701900725678
"LINC02108","LINC02108",1.02349705517903,0.0122102509857149,0.00517181646439937,1.70098913109545,2.79613267301161
"ITPKB-AS1","ITPKB-AS1",0.860029175730804,0.012212438238238,0.0051730765869943,2.05131626883826,2.79605393947056
"AC093591.1","AC093591.1",1.24126695070743,0.0122970230061015,0.00521092187769142,1.83129904775369,2.79369737219631
"PNLIPRP1","PNLIPRP1",0.878592607199499,0.0123042455247383,0.00521431864500917,2.57862968412988,2.79348661775981
"AL391117.1","AL391117.1",1.09287398475262,0.0123377016723161,0.00523018228492539,10.7034773742804,2.79250398824856
"LINC00486","LINC00486",1.2415806229353,0.0123475276635371,0.00523468507957708,1.13824555560262,2.79222556565166
"LINC01098","LINC01098",1.04428849749276,0.0123594627259731,0.00524008260113457,1.46642192076484,2.79189210413469
"AC009127.1","AC009127.1",0.777664543778047,0.0123649252974126,0.00524273643447223,4.14739284033149,2.79172826279272
"TCEA1P4","TCEA1P4",0.776865000046039,0.0123677480288985,0.005244271200319,2.98332928372082,2.79163354420034
"AL450384.2","AL450384.2",0.552944172782979,0.0123718708597413,0.00524669547293763,20.3343326980131,2.79148398040353
"AC132825.4","AC132825.4",1.41080566551378,0.0123759724562958,0.00524911118989806,0.954350821881067,2.79133500652964
"ADRB3","ADRB3",0.91448203610381,0.0123759724562958,0.00524907803686088,6.01145418029947,2.7913370506117
"NMUR2","NMUR2",1.43049728115201,0.0123772980907038,0.00525001162764245,0.573547555099955,2.79127949364316
"RELT","RELT",0.59253108250312,0.0123781080129227,0.0052506933768853,816.839075807813,2.79123746884237
"CD27","CD27",1.01588344607703,0.012396148656268,0.00525902347566528,979.403430117249,2.79072437751808
"RN7SL505P","RN7SL505P",0.844947812490355,0.0124631194397805,0.00528951237998507,2.02738371166578,2.78885265733103
"TTC21B-AS1","TTC21B-AS1",0.896966126325427,0.0124971124808107,0.00530663747819008,2.46221248015624,2.7878056137382
"AL121892.1","AL121892.1",1.18904209377772,0.01254264845331,0.00532665878602686,2.07402392669256,2.78658535601196
"AC106873.1","AC106873.1",1.31599151623405,0.0125443737094626,0.00532773422606867,0.853007860518327,2.7865199274374
"AL133477.1","AL133477.1",1.06860788312676,0.0125459224597668,0.00532873479158103,0.972352592907835,2.78645906485592
"PLIN2","PLIN2",0.509490320762836,0.0125500930196264,0.00533153491267936,2751.59868926627,2.78628879341983
"AC104532.2","AC104532.2",0.795406855034898,0.0125722914602824,0.00534165229124817,4.71384087791125,2.78567424215514
"AC116003.1","AC116003.1",0.925767360042232,0.0125943861585682,0.00535207213104762,2.09799634995364,2.78504241655081
"AC012456.1","AC012456.1",1.24117400510335,0.0126081847931031,0.00535862494758652,0.978460934195914,2.78464564351964
"AL121652.1","AL121652.1",1.00191187985126,0.0126081847931031,0.00535847900861171,1.44969688878839,2.78465447535284
"IRS3P","IRS3P",0.805129637351206,0.0126352457159509,0.0053708166234883,2.99651673387723,2.78390860204632
"AC015802.4","AC015802.4",0.558819866448962,0.0126453095545752,0.0053754399314211,8.03554112417542,2.78362949738449
"AC073530.2","AC073530.2",1.44006953684497,0.0126620420127898,0.00538289875890041,1.0705041409166,2.78317967173418
"AC026333.4","AC026333.4",0.966980050493238,0.0126681018350103,0.0053858210484647,1.70109606788389,2.78300358824361
"AC068831.4","AC068831.4",0.776453710015562,0.0126900038760125,0.00539582612417025,53.6120415187653,2.78240138178225
"AL035427.1","AL035427.1",1.87677395067787,0.0127219958730756,0.00541012442330524,0.552250601922897,2.78154251339615
"AC020611.1","AC020611.1",1.14433950219151,0.0127219981248946,0.00541047298598281,1.510553656469,2.78152160157863
"AC008805.2","AC008805.2",0.852539339375271,0.0127292935867535,0.00541427124415945,3.50956931739758,2.78129380607044
"PEBP1P3","PEBP1P3",1.15338070496163,0.0127349869044805,0.00541704079698768,2.05865099420168,2.7811277967425
"ZNF571-AS1","ZNF571-AS1",0.503285629522108,0.0127563017114272,0.00542697162221392,14.1738778005517,2.78053316403731
"AC027228.1","AC027228.1",0.884912085094325,0.0127593713005017,0.00542880761472752,2.71104406184559,2.78042333705771
"LINC02288","LINC02288",0.726136734581996,0.0128530690412528,0.00547183444169948,37.3976163520752,2.77785907444587
"AC025580.3","AC025580.3",0.916883804564039,0.0129102150759268,0.00549792650546178,2.88608993683829,2.77631292142672
"LNX1-AS2","LNX1-AS2",0.588116029093969,0.0129270507340638,0.0055054493235294,16.5798834152228,2.77586836733393
"SDCBPP1","SDCBPP1",1.87149570516187,0.0129342315233219,0.00550956773268639,0.422551864929886,2.77562522586821
"AC104117.5","AC104117.5",1.65406266469677,0.0129383683681228,0.00551168341286379,0.674442079701124,2.77550038471573
"RNA5SP514","RNA5SP514",1.29578363904012,0.0129446137414838,0.00551469759985832,0.930663055860203,2.77532259953717
"AC008011.2","AC008011.2",1.01620524851889,0.0129669601492007,0.00552492627029796,2.40707890997284,2.77471993701481
"RNU6-1300P","RNU6-1300P",1.15548135974212,0.0130007607782415,0.00554074883518706,2.83034275393496,2.77378966870891
"AC244153.1","AC244153.1",0.69688950000554,0.0130313851978508,0.00555478103596756,17.3322937400072,2.77296666629144
"SEPT1","SEPT1",0.548641424268808,0.0130321016677819,0.00555553021177444,671.433681649963,2.77292277916767
"LINC02389","LINC02389",0.990503963223541,0.0130344467366158,0.00555724218908038,1.46682042960023,2.77282251065401
"AL160163.1","AL160163.1",1.17853026594922,0.0130613589772989,0.00557050062233008,2.10277769521561,2.77204692212377
"HSFY1","HSFY1",0.77890279415826,0.0130646440368515,0.00557261559220988,3.59437987606822,2.771923355222
"RPS4XP3","RPS4XP3",1.02125543104836,0.0130660940295725,0.00557359108144174,1.19899862405904,2.77186637662148
"MAB21L3","MAB21L3",0.861185213010033,0.0130880690202607,0.00558439536108613,82.1875760844928,2.77123589663508
"OR3A2","OR3A2",1.13684688032102,0.0131030483858895,0.00559186078142047,2.20589862241603,2.77080089729462
"CATSPERZ","CATSPERZ",0.641246101217531,0.013103556037815,0.00559243545754446,16.9098712871943,2.77076743346515
"AC093766.1","AC093766.1",1.03838800391038,0.0131090166800409,0.00559512417166914,2.05973388853548,2.77061090879315
"AL356215.1","AL356215.1",0.700493039995072,0.0131211296704346,0.00560065268754693,4.07980033288228,2.77028927693771
"TNIP3","TNIP3",0.661653132624699,0.0131611577651794,0.00562061520450707,61.7994317320898,2.7691302993591
"PTPRO","PTPRO",0.690845443476823,0.0131636355542536,0.00562239271521332,685.436333042322,2.76902728133861
"AC142381.4","AC142381.4",1.25185331367554,0.0131659455884948,0.00562373910174976,1.54823119574995,2.7689492692537
"TRPV5","TRPV5",0.951993601218102,0.0131692768655807,0.00562565208775547,2.07375951447979,2.76883845633791
"ZNRF3-AS1","ZNRF3-AS1",0.595213653829857,0.0131802499124182,0.00563164972076822,5.77888603369035,2.76849125364032
"AL133387.2","AL133387.2",0.66351136795806,0.0131859299276457,0.00563443695561219,4.82826624378937,2.76833001426346
"AC022148.1","AC022148.1",0.553698517179,0.0131945986906015,0.00563850169460936,7.88451256170867,2.76809500119693
"AP001442.1","AP001442.1",0.636892055048501,0.0132161947406229,0.00564881374703036,9.33564540183706,2.76749946904983
"AL451137.1","AL451137.1",0.741757267204313,0.0132200649414354,0.00565082914680223,3.63451529967367,2.76738319211888
"LINC01692","LINC01692",1.35277350889504,0.0132391775674622,0.00566044565631978,0.81124489661591,2.76682888962755
"SLC35F3","SLC35F3",0.940179323936292,0.0132474956602791,0.00566617385901279,13.6333179141549,2.76649911548969
"AL359541.1","AL359541.1",0.830063292521052,0.0132679341189579,0.00567636581422012,3.2035776911589,2.7659131047695
"AC110799.1","AC110799.1",1.26200368353691,0.013284816224757,0.00568431438235183,1.92946007222731,2.76545674126777
"LINC01425","LINC01425",1.03441664509357,0.0132948936499781,0.00568898957491481,1.82563803151644,2.76518858593795
"OR10H1","OR10H1",0.587221922035054,0.0133120421924362,0.00569705502500418,18.7204457437923,2.76472644225784
"CASKIN1","CASKIN1",1.53862500295682,0.013322658207768,0.00570196229860046,74.524993211408,2.76444554816481
"LINC02055","LINC02055",0.632993681676935,0.0133237538042272,0.00570279524968494,6.97583511899279,2.76439789139404
"AL445604.1","AL445604.1",0.823791907987471,0.0133472264326703,0.00571357131398796,3.32747587289432,2.76378191099399
"AC023128.1","AC023128.1",1.50654125163741,0.0133734293581346,0.00572624966450797,0.883935438488863,2.76305853240294
"AP000892.2","AP000892.2",1.01469142741499,0.0134058869746183,0.00574197885773154,1.34025051679172,2.76216308919172
"BCORP1","BCORP1",0.830799711471962,0.0134094960540338,0.00574425746974347,9.27124714650608,2.76203355415373
"GCNA","GCNA",0.569961796253194,0.0134270382059421,0.00575250578073641,28.0048938736701,2.76156503948029
"FXYD7","FXYD7",0.565261006058615,0.013452723396072,0.00576424515143038,22.5659872406419,2.76089927168887
"VDAC2P2","VDAC2P2",1.123052698898,0.0135084692248084,0.00579034577990641,1.45089833492249,2.75942341270232
"AL159169.2","AL159169.2",0.711806008250212,0.0135141882400665,0.00579316646078863,8.34105412710239,2.75926427675114
"F11","F11",1.46134171868939,0.0135274369780661,0.00579921544812308,0.570987077758716,2.75892324302234
"AL136141.1","AL136141.1",1.01724222309511,0.0135979030026641,0.00583128193739754,1.52281107240965,2.75712071644171
"AC069439.2","AC069439.2",0.9207086044383,0.0136060800714703,0.00583553208781305,3.26611894323881,2.75688247738395
"RNU4ATAC18P","RNU4ATAC18P",0.773268248224788,0.0136500506587154,0.00585588254849835,3.56044972276629,2.75574391035635
"AC130462.1","AC130462.1",1.36311624054254,0.0136591944658864,0.00586055167348328,0.636346190398488,2.75548318540345
"AC022140.1","AC022140.1",0.756819432233197,0.0136780716909574,0.00586939850560085,5.30964758719094,2.75498968945898
"C5orf58","C5orf58",0.718032999189039,0.0137280909329289,0.00589161245617407,8.02822601944954,2.75375349511342
"AC110716.2","AC110716.2",0.688652720435866,0.0137435581283534,0.00589900146556748,4.57755405730222,2.75334323175937
"AC034187.1","AC034187.1",0.741429566994885,0.0137441650015648,0.00589963748120396,5.92721575120151,2.75330793962515
"MIR5689HG","MIR5689HG",1.0705110167734,0.0137953524707432,0.00592236339846218,2.36729748456864,2.75204913670086
"RN7SL124P","RN7SL124P",1.13198975861866,0.0138358855745888,0.00594127647450033,5.83481807691993,2.75100484411873
"AL138963.1","AL138963.1",0.90129238186591,0.0138379856865179,0.00594255638227824,3.21429210091223,2.75093428180894
"AC002094.5","AC002094.5",0.696390144699213,0.0138434511856201,0.0059456599684899,10.2273830715486,2.75076323554376
"IGLV3-24","IGLV3-24",2.18852823809241,0.0138761892267922,0.00596047899763383,2.11890047330523,2.74994763004398
"AL450998.1","AL450998.1",0.969265768549286,0.0139082853484724,0.00597464581678962,3.05833425412838,2.74916962728954
"ZNF252P-AS1","ZNF252P-AS1",0.515283548401253,0.0139254925989295,0.00598241810248827,12.75991265625,2.74874350060267
"MIR1183","MIR1183",1.42631501698265,0.0139433116955834,0.00599121614592598,0.852426707876054,2.7482617367933
"AC211433.1","AC211433.1",0.520269364648803,0.0140411565582656,0.00603747864032967,16.6553421423972,2.74573893190631
"EOMES","EOMES",0.769767893714847,0.0140474099937613,0.00604131897870988,182.138661478614,2.7455302926873
"AL009176.1","AL009176.1",0.664160781369531,0.0140474099937613,0.00604118156479406,13.9980145525187,2.74553775609621
"AL353804.2","AL353804.2",1.13444373583274,0.0140484265132137,0.00604252384412171,1.37376838602658,2.74546485896938
"AC015871.4","AC015871.4",0.708732446491766,0.0140725495451428,0.00605405318692513,4.55635709743831,2.74483931815751
"SELENOV","SELENOV",0.91548153609267,0.0140879177750485,0.00606220435091774,1.67897753005187,2.74439771244312
"RPL12P8","RPL12P8",1.24984751656124,0.0140893233597906,0.00606319415603437,1.04185863887801,2.74434412418317
"AP000812.5","AP000812.5",0.788993078720001,0.0140980273609918,0.00606771023772078,11.6990181249883,2.74409972251495
"RN7SL461P","RN7SL461P",0.883918079267775,0.0141034971652836,0.0060705624117758,2.77945632405575,2.74394545273978
"SPATA20P1","SPATA20P1",0.841151470294445,0.0141034971652836,0.00607083511412547,53.2526908430336,2.74393070610256
"CCNB2","CCNB2",0.739775271038931,0.0141105245645757,0.00607424559454876,162.070048385487,2.74374633152793
"AC025857.2","AC025857.2",0.753618037080766,0.0141330890555298,0.00608473139287913,21.2156144297564,2.74318004046381
"AC114316.2","AC114316.2",1.37756214408608,0.0141875162778639,0.00610932693623148,1.15051371922007,2.74185518643193
"TAT","TAT",0.730813891720621,0.0141926546786438,0.00611192738572379,4.43764197366718,2.74171539256676
"AL136038.3","AL136038.3",0.762019220960359,0.0141929351799774,0.00611282377228841,2.65599001791497,2.74166721741172
"AC080188.1","AC080188.1",0.819688485446163,0.0141934817764572,0.00611344699920959,3.61777855547928,2.74163372662356
"MTCO3P29","MTCO3P29",1.4709006904632,0.0142013491107707,0.0061172236599716,0.536412456590678,2.74143084327037
"AL096869.2","AL096869.2",0.732819244887301,0.0142114361103003,0.00612195693092691,5.69796641081496,2.74117672976023
"AC244100.3","AC244100.3",1.44375103676424,0.0142393055539281,0.00613512962867542,0.789827934244283,2.74047046191886
"RNU1-11P","RNU1-11P",1.82545739122447,0.0143008059096282,0.00616514428378134,0.501369010443652,2.73886628221747
"AC007610.2","AC007610.2",0.967442718589269,0.0143356294214976,0.00618094025167989,1.47660188572922,2.73802486473268
"TRBV7-7","TRBV7-7",1.21758084689404,0.0143848048353595,0.0062041078807112,2.09814657867339,2.73679427041447
"AL355877.1","AL355877.1",0.55558741415531,0.0143857297824285,0.00620489987008981,13.0348087722164,2.73675227552096
"DAPP1","DAPP1",0.551575964840291,0.0143929097151842,0.00620839000173812,660.522513328919,2.73656727027952
"AL159158.1","AL159158.1",1.54613537571447,0.0144109463436159,0.0062165638643954,0.777903556354783,2.73613435555382
"RN7SL173P","RN7SL173P",0.75186692322001,0.0144152793161052,0.0062189762903419,3.7566768482732,2.73600668346764
"OMG","OMG",0.627741524415573,0.0144152793161052,0.00621922075470098,35.4196924869322,2.73599374824288
"LINC01281","LINC01281",1.21395270645878,0.0144232725327138,0.00622345746705147,6.61030383301498,2.7357696458074
"BX088651.1","BX088651.1",0.754016003698724,0.014434041969002,0.0062292874914721,8.42927058958872,2.73546148899566
"AC080014.1","AC080014.1",1.17321690314154,0.0144564670274613,0.0062397554477665,1.52245995819255,2.73490883671461
"LINC00880","LINC00880",0.767063372360401,0.014457481816914,0.0062409761734484,10.0138183461341,2.73484444326121
"RN7SL284P","RN7SL284P",0.897219679636926,0.0144613995274585,0.00624306982523688,2.88567519375356,2.73473402922767
"MYBL2","MYBL2",0.849716502340524,0.0145335147587129,0.00627658499620801,336.020223015709,2.7329710444255
"AC096719.1","AC096719.1",0.707029031227488,0.0145336897281423,0.00627745477260234,3.7968248716897,2.73292540484959
"KIR2DL4","KIR2DL4",1.01790257145678,0.0145590525183127,0.00628920517813393,9.47973249469103,2.73230938578116
"FAM90A1","FAM90A1",0.578269561173975,0.0145590525183127,0.00628885517047737,22.3693072131695,2.73232772007783
"IL18BP","IL18BP",0.60296088047107,0.0145664953864819,0.00629321634610379,1139.84020271659,2.73209933608756
"AC084064.1","AC084064.1",0.92494091893066,0.0145731335313459,0.00629688061599233,8.0537057854317,2.73190755743362
"AC015726.2","AC015726.2",1.67530109147725,0.0145858731547378,0.00630318232234029,0.641477628559649,2.73157797679909
"BRD7P1","BRD7P1",1.47570925907008,0.0146050740676224,0.00631187891821045,2.05657492716612,2.73112362964065
"AC133961.1","AC133961.1",1.34251577815117,0.0146069329588931,0.00631308138320095,1.32305859248419,2.73106085210014
"AC104012.1","AC104012.1",0.975331038784298,0.0146446608657874,0.00633058770888885,16.6255634053713,2.73014810957837
"IGSF23","IGSF23",0.979588152450079,0.0146816485007317,0.00634798967919732,2.17901169516029,2.72924305653226
"RALYL","RALYL",0.643641492213186,0.0147449356231192,0.00637715746272721,4.93573102960033,2.72773107495978
"RNU6-387P","RNU6-387P",0.803826008100101,0.0147556885452524,0.00638221125362294,2.33378394913884,2.72746973242269
"AC241377.2","AC241377.2",1.1866274618562,0.0148023616790907,0.00640320746750906,1.45751820129828,2.72638596250044
"NAGPA-AS1","NAGPA-AS1",0.552541702406239,0.0148265330298832,0.00641447372865847,10.8239879805493,2.72580574497051
"AC007952.8","AC007952.8",0.876725977890282,0.0148312071563168,0.006416901153591,2.08949289487664,2.72568085156602
"FAM167A-AS1","FAM167A-AS1",0.945492372939923,0.0148541505005277,0.00642804545554135,3.18347989228326,2.72510801124869
"NUF2","NUF2",0.674548146080072,0.0148549381029714,0.00642879216953918,81.034421670042,2.72506966054414
"AL024498.1","AL024498.1",0.624634164674072,0.0148576767420592,0.00643160120835116,6.33787992443406,2.72492542617821
"AC027287.2","AC027287.2",0.875899675654247,0.0148647613312476,0.00643548029436918,1.83043516476978,2.72472634175848
"LINC02436","LINC02436",0.927304747145102,0.0148851863464674,0.00644635655595804,2.19327771953697,2.72416871992101
"AC093330.1","AC093330.1",0.911086348980807,0.0148892388765673,0.00644892523487924,2.34750874522167,2.72403714828364
"LCN6","LCN6",0.641844261788268,0.0149030721386655,0.00645633963042258,57.9159066821741,2.72365763595757
"AP005597.3","AP005597.3",0.791616951129198,0.0149031517396415,0.00645698727111385,5.3994832573414,2.72362450452465
"AL390774.2","AL390774.2",1.50426309469062,0.0149085493033403,0.00645973318539769,0.977835444028958,2.72348406465686
"SPINK9","SPINK9",0.837707087409003,0.014933367683014,0.00647158596561455,8.45300463143934,2.72287846943104
"MIR9-3HG","MIR9-3HG",0.646933836526731,0.0149340638024859,0.00647242055889593,22.7777548912215,2.72283586508926
"AC010163.1","AC010163.1",1.64726416227887,0.0149345683301961,0.00647348363880591,0.583414865429667,2.7227816041116
"RNU6-1321P","RNU6-1321P",1.43265952361204,0.0149389196995052,0.00647615781721766,0.597499975969561,2.72264514601179
"AC009961.3","AC009961.3",1.0110110297697,0.014939568917228,0.00647684745511235,1.57300527761362,2.72260996335897
"ATP6V1G1P7","ATP6V1G1P7",0.660219686042239,0.0149871398562391,0.00649829018220876,3.98044285614832,2.72151771634617
"C9orf92","C9orf92",1.10990277060062,0.0149963586526339,0.00650269711788026,2.22931744625728,2.7212936380879
"LILRB1","LILRB1",0.753142889268341,0.014999864366323,0.00650464281994202,1529.46774635119,2.72119474897016
"AC010542.5","AC010542.5",0.879110317851522,0.0150159815766791,0.00651366768248742,8.59821406130131,2.72073641348451
"AC010542.4","AC010542.4",0.570687133989801,0.0150210154563696,0.00651667213356203,8.00957318470596,2.72058395655172
"RF00091","RF00091",1.48263973836683,0.0150799577594749,0.00654347958081427,0.820376702563529,2.71922643933318
"DDX11-AS1","DDX11-AS1",0.581077113288181,0.0150922089115002,0.00654951155618599,5.22771080354941,2.71892167227652
"AP001767.4","AP001767.4",0.577514644865432,0.0150936350574224,0.00655065163671406,15.6398072991303,2.71886409779097
"RN7SL494P","RN7SL494P",1.01746702383767,0.0151489831971959,0.00657597869759863,1.82084150876923,2.71758739008258
"AC004704.1","AC004704.1",0.959131507044264,0.0151489831971959,0.0065763284526093,1.91615924959681,2.71756979031476
"AC126323.2","AC126323.2",0.671457065405428,0.0151570141904186,0.00658022892624281,8.17460169822207,2.7173735744302
"AL603910.1","AL603910.1",0.918712602469081,0.0151845799380967,0.00659344092396603,1.89942794393832,2.71670971248315
"TRAJ36","TRAJ36",1.39691999865472,0.0152026175043012,0.00660210395402507,1.49797100506813,2.71627507108786
"AC012254.5","AC012254.5",1.04544826017209,0.0152204038445023,0.00661147394296865,2.06810684170686,2.71580553710496
"AC018442.1","AC018442.1",0.834570945814051,0.0152278390871859,0.00661555347103079,5.6441189103924,2.71560129722662
"AC004593.2","AC004593.2",1.04439294613061,0.0152291319024758,0.00661653122711733,1.9685541182661,2.71555236309839
"AC090618.1","AC090618.1",0.792031766528715,0.015239278777068,0.00662135607838834,2.25841400088255,2.71531098710943
"HMGN2P20","HMGN2P20",1.34414281025649,0.0152429086265228,0.00662334970593712,1.32710163134882,2.71521129677232
"RPL7P19","RPL7P19",1.12499691916072,0.0152445002296966,0.00662445781723802,0.691116358989056,2.71515589789266
"AC044802.2","AC044802.2",1.35400474359497,0.0152470109648823,0.00662638204342791,0.81318189808112,2.71505971798631
"AC119428.2","AC119428.2",0.544025548457632,0.0152636464847105,0.00663486302700236,24.9648969883124,2.71463610624612
"AL512506.1","AL512506.1",0.875745580748581,0.0152721748229727,0.00663923354301234,4.30198180108349,2.71441799592875
"A2MP1","A2MP1",0.711634601854296,0.0153159056558159,0.0066605086045511,9.71872254758678,2.71335810551593
"AL445235.1","AL445235.1",0.857167994336361,0.0153659790484986,0.00668438351952639,1.89183173267619,2.71217231273288
"AC020743.1","AC020743.1",0.830835875699522,0.0153767704745613,0.00668949805994603,3.17996782949378,2.71191878469737
"TPTE2P2","TPTE2P2",0.51570716415514,0.0153946741153433,0.00669810799914903,8.57998816944513,2.71149238287432
"RNU4-72P","RNU4-72P",1.54568329217876,0.015406986919203,0.0067055901701135,0.529248608967876,2.71112223301042
"SUMO2P17","SUMO2P17",0.738493922990105,0.0154375590347502,0.00671931788911093,3.57606315240276,2.71044407456384
"AC044802.1","AC044802.1",0.500606231727112,0.0154480433000633,0.00672472542573862,9.72764447162399,2.71017728052502
"LINC02298","LINC02298",0.663481220696052,0.015455611564509,0.00672844228140994,9.07246263101128,2.70999401216804
"AC098591.2","AC098591.2",0.954777184332755,0.0154806962428517,0.00674020860214329,1.81778125007597,2.70941444530141
"RN7SL841P","RN7SL841P",1.03055073785142,0.0154819090355144,0.00674158267436248,1.86344110721973,2.70934682273059
"AC018521.2","AC018521.2",1.53976351718308,0.0154954447597474,0.00674790017707737,6.01879463586552,2.70903607716093
"AC010435.1","AC010435.1",0.798302972179092,0.0154958521978593,0.00674850100225906,2.89604281782878,2.70900653736679
"AC007993.3","AC007993.3",0.91068994930461,0.0154969190530809,0.00674938904631575,2.72651287930283,2.70896288067809
"AL590648.1","AL590648.1",1.24166455141643,0.015498229363759,0.00675080664818837,0.746693867528468,2.70889320136051
"AC133106.1","AC133106.1",1.00402138976923,0.0155049501067098,0.00675415775161271,2.59864869329741,2.70872853700715
"LINC01771","LINC01771",0.828882031127113,0.0155065181265293,0.00675536583242738,2.78854231229117,2.70866919311999
"NKX2-3","NKX2-3",0.808003229410408,0.0155065181265293,0.00675568817529196,2.91731820800694,2.70865336046141
"CTSLP2","CTSLP2",0.544109907756692,0.0155320718170682,0.00676724547651493,6.26103237695004,2.7080861434299
"LINC01267","LINC01267",0.592607671116644,0.0155322552133349,0.00676774977149791,6.93705578276007,2.70806141312901
"SAXO2","SAXO2",0.523622738507325,0.0155663060689572,0.00678598905243891,20.1226093869387,2.70716808182404
"AL357079.2","AL357079.2",0.755500466026234,0.015599787903557,0.00680186385871096,2.54238488400029,2.70639231339888
"WASIR2","WASIR2",1.1270546050448,0.0156051935507644,0.0068046472274283,2.37081332654342,2.70625646369465
"BX293535.1","BX293535.1",0.931813693772688,0.0156163739071587,0.0068099491122231,2.28948516670732,2.70599782921733
"AL671986.1","AL671986.1",0.704347327425897,0.0156430994000904,0.00682331317312068,3.01281778730726,2.70534671079198
"AC139795.3","AC139795.3",0.542559976919785,0.0156449117422564,0.00682494747241129,10.7638651768337,2.70526716377085
"GPC6-AS1","GPC6-AS1",0.851885149845969,0.0156507144941038,0.00682791765696756,2.97392850254038,2.70512263838618
"AC103769.1","AC103769.1",0.922501483639104,0.0156880990562975,0.00684765655958777,3.41773098544267,2.70416360129195
"LINC02452","LINC02452",0.627303610101703,0.0157117707702511,0.00685970614327829,9.08753126182106,2.70357937879916
"TRBV11-2","TRBV11-2",0.93232538079697,0.0157364066700752,0.00687218196693384,11.436758174176,2.70297546086082
"BACH1-AS1","BACH1-AS1",0.664953805119242,0.015739897606146,0.00687413654298309,4.62265620773804,2.70288093484588
"AC092868.1","AC092868.1",1.21660421483795,0.015758474024635,0.00688368014801675,1.63247288355962,2.70241973935137
"SLAMF8","SLAMF8",0.919220439199612,0.015758474024635,0.00688397176714839,3157.72123656209,2.70240565587989
"LINC01908","LINC01908",0.943930437067309,0.0158058589077678,0.00690726269490529,1.67670812646301,2.7012825696417
"AC022535.1","AC022535.1",1.11643930226318,0.0158186255908664,0.00691327403278528,1.50033745969819,2.70099325591022
"PPIAL4C","PPIAL4C",1.3379550302908,0.0158614112555067,0.0069341534118346,2.18532848019838,2.69999012550153
"DKFZP434A062","DKFZP434A062",0.793814954197821,0.0158806773590583,0.00694429794405228,2.41208829973746,2.69950371988559
"AC084757.2","AC084757.2",1.37462435203061,0.0158969617471391,0.00695185313158725,0.68144579893156,2.69914188154916
"RN7SKP85","RN7SKP85",1.53409409660778,0.0159020343897288,0.00695450592753897,0.788870518687865,2.69901491576813
"OLA1P3","OLA1P3",0.550346022363137,0.0159090185500893,0.00695799502530885,8.0841850760694,2.69884798986452
"AL355490.2","AL355490.2",1.33091438080543,0.0159332753850378,0.00696947472988525,1.64501086116851,2.69829930635068
"AL358473.1","AL358473.1",0.734479395067987,0.0159460572977928,0.00697550144369143,3.54070572757319,2.69801157863105
"FLJ42102","FLJ42102",0.967752893219408,0.015957430083639,0.00698091240386742,1.52358461161638,2.69775343841537
"AC015688.6","AC015688.6",1.35814024261002,0.0159616403563162,0.00698319039824409,17.8944802725993,2.69764481608175
"MOG","MOG",0.910844356236156,0.0159905883197717,0.00699629199607923,1.87965564614002,2.69702070556865
"ST6GALNAC4P1","ST6GALNAC4P1",0.643381612559967,0.0159955517419147,0.00699933771815523,4.99917335537178,2.69687576928064
"AC044836.1","AC044836.1",1.76401084564885,0.0160100376020989,0.00700698877866664,0.731907589208594,2.69651192919589
"AL157831.2","AL157831.2",0.73534566414142,0.0160108320078166,0.00700777392642462,3.5385742742743,2.69647461230811
"NARF-AS1","NARF-AS1",0.713547086957241,0.016041862368466,0.00702179390537514,4.83577709403057,2.69580889521493
"CALCB","CALCB",0.612567060183503,0.0160503005405673,0.00702636452528675,4.37934801133571,2.69559212436524
"AL590133.2","AL590133.2",0.912716534449594,0.0160576935927736,0.00703003973980196,15.3484490645661,2.69541791174679
"AC244100.2","AC244100.2",0.869292597314725,0.0161057541850519,0.00705240079154191,4.05065326886775,2.69435971178095
"BSN-AS1","BSN-AS1",0.773756075618227,0.0161093201266375,0.00705528272110912,2.13782100449002,2.69422354845377
"AC009084.3","AC009084.3",0.544931483169907,0.0161093201266375,0.0070548689927893,64.181041888151,2.69424309292008
"NNMT","NNMT",0.505910877805461,0.0161093201266375,0.00705458855195245,13458.1325137968,2.69425634149012
"RN7SL12P","RN7SL12P",1.43842976279481,0.0161242022472959,0.00706312222816602,0.957695276716714,2.69385340563353
"AC004453.2","AC004453.2",0.744397380120439,0.016147516640473,0.00707509977995644,3.41365434532159,2.69328859650293
"MIR766","MIR766",1.49952012770316,0.0161515967773246,0.00707785725078883,0.693395763820796,2.69315868778473
"LINC02465","LINC02465",1.22072721894046,0.016162864690897,0.00708359107194151,0.667661161394047,2.69288870402088
"JRKL-AS1","JRKL-AS1",0.859300634613875,0.0161935194213202,0.00709835329042435,3.10443275539918,2.69219450930572
"IGKV1D-8","IGKV1D-8",1.71490640310045,0.0162019227886004,0.00710247955464099,251.014288218277,2.69200070313237
"LINC02274","LINC02274",0.590103312473792,0.0162021641052302,0.00710302803542224,19.9995060470928,2.69197494919451
"AC018638.6","AC018638.6",0.784269885971865,0.0162397539034394,0.00711995112256042,4.58914293878874,2.69118120102155
"AC034114.2","AC034114.2",0.730361482230047,0.0162619444346678,0.00713056871191971,3.60221692214574,2.69068406558046
"AL121894.1","AL121894.1",0.872608328500124,0.0162753992581682,0.00713780249440855,2.55585169696182,2.69034574678991
"AP000442.2","AP000442.2",0.535494951354059,0.0162893457891779,0.00714480909187882,9.55351288485407,2.69001834659905
"AC020658.5","AC020658.5",0.767967730179021,0.0162932684099511,0.00714697480951268,3.88668275313369,2.6899172065231
"TRIM60P18","TRIM60P18",0.571189402854964,0.0163528705912285,0.00717490630765724,11.1116458798436,2.68861525139888
"AC007389.3","AC007389.3",0.520695258304557,0.0163833712738194,0.0071891839300948,9.66980289531623,2.68795149286479
"AC104232.2","AC104232.2",0.668081106462423,0.0163854511821046,0.00719099201855144,3.73400421409095,2.68786752028668
"POTEH","POTEH",0.826109374540058,0.0164002604133373,0.00719838747724941,4.33130412180753,2.68752425209802
"RNU6-130P","RNU6-130P",0.99110522494752,0.0164171683908222,0.00720625728021418,3.99115707521195,2.68715931417191
"MTCO3P5","MTCO3P5",1.25478475472198,0.016468206643762,0.00723046019177061,1.84119061174209,2.68603921582394
"RN7SL726P","RN7SL726P",1.73097109175616,0.0164713252720081,0.00723227949182138,0.408494735402165,2.68595515558843
"AC005828.5","AC005828.5",0.792341944467223,0.0165047696384113,0.00725012108190766,3.00973783590408,2.6851317941234
"LINC01967","LINC01967",0.647091589068535,0.0165459220565724,0.00727000662837072,6.7570820597754,2.6842162472213
"AC106864.1","AC106864.1",0.618219636814628,0.016549870045684,0.00727219350459546,11.9507335473966,2.68411569884383
"RNU5F-1","RNU5F-1",2.26452872862228,0.0165624235718058,0.00727816219856699,0.445497813579579,2.68384140775548
"AC106017.1","AC106017.1",0.833673305196762,0.0166054036339263,0.00729841041709716,2.20043480211817,2.68291240309652
"HOXC9","HOXC9",0.773096571886543,0.0166211799707051,0.00730625272189687,143.781654517987,2.68255321300552
"TNFSF18","TNFSF18",0.804944519287454,0.0166488871480372,0.00731888700032159,8.23111088505469,2.68197526978657
"SCARNA8","SCARNA8",1.22940480806406,0.0166636438864422,0.00732628470113229,0.77641509380119,2.6816372842756
"AC078785.2","AC078785.2",0.759668654686088,0.0166764700633481,0.00733237947100734,3.23754685327498,2.68135905693317
"AC138907.9","AC138907.9",0.705950693388347,0.0166833971938056,0.00733661818708208,6.20340141421496,2.68116568108412
"AC099811.5","AC099811.5",0.871706763339232,0.0166894347764699,0.0073399038815831,2.67416627200446,2.68101585229417
"NACA4P","NACA4P",0.795713020122572,0.0167031113528875,0.00734637513176397,2.31287488538986,2.68072093695713
"IFNK","IFNK",1.13556333221791,0.0167096978485208,0.00734972857087592,1.22750102978782,2.68056820180034
"LINC02533","LINC02533",1.01828129136988,0.0167217647890352,0.00735594997413771,1.36314986268719,2.68028500835667
"OR9Q1","OR9Q1",0.912046293658209,0.0167289710850629,0.00735957713163197,1.7575082021455,2.68012000210497
"AC011447.6","AC011447.6",0.521676997109331,0.0167471773585837,0.0073698745467731,13.8765175268727,2.67965195046777
"AC100858.3","AC100858.3",0.655900535409471,0.0167560721806474,0.00737424669017426,12.4777046499827,2.67945339947034
"AC078962.3","AC078962.3",0.940706369332163,0.0167753200432804,0.00738317591347199,2.93213581738839,2.67904822685595
"LINC02365","LINC02365",1.23346282278535,0.0167787846888003,0.00738515922707955,0.918865177443234,2.67895829164191
"AC020910.1","AC020910.1",0.844772070372626,0.016813772700489,0.00740239677376375,2.87587568316955,2.67817755007054
"AC022973.3","AC022973.3",0.79963601226847,0.0168259159895168,0.00740820269010282,2.88678472582716,2.67791494936494
"AC097493.4","AC097493.4",1.43606715825938,0.0168338376477853,0.00741215043290964,1.52659366401482,2.67773649897711
"AC017104.3","AC017104.3",0.726792766883024,0.0168365645005607,0.00741381112847442,5.94845290775701,2.67766145578914
"SNORA37","SNORA37",1.08099740542702,0.0168415730040247,0.00741739706691095,1.46054260405035,2.67749946651627
"LINC02323","LINC02323",0.697553266403089,0.016841967269387,0.00741803088561214,6.33636629450223,2.67747084203322
"AL136382.1","AL136382.1",0.785484049065002,0.01684718688423,0.00742079017898499,4.57166649693488,2.67734625254534
"TMPRSS11CP","TMPRSS11CP",0.976183068762833,0.0169155876451864,0.00745415441792308,2.90544921327123,2.67584304740405
"AP000962.2","AP000962.2",0.591104113677038,0.0169170520632525,0.00745526196694442,7.46057563039135,2.67579325102752
"LILRB2","LILRB2",0.65495474705005,0.0169655980602325,0.00747804661077273,2838.23225902408,2.67477030278602
"BX119927.1","BX119927.1",1.57417141931738,0.0169798271868528,0.00748478242589951,0.743132735370003,2.67446842431268
"ANKRD20A5P","ANKRD20A5P",0.638873068452746,0.0170023271661141,0.00749668675188198,23.5598975447953,2.67393550436821
"AL365356.5","AL365356.5",1.32532386010813,0.0170392325060707,0.00751515864130151,2.16498338480667,2.67311007531333
"LILRB3","LILRB3",0.570886093515219,0.0170484296580462,0.00751968086477333,1050.1848963355,2.67290827389074
"SCARNA18B","SCARNA18B",1.76042878681915,0.0170860843257282,0.00753862372446948,0.442846266652847,2.67206414136882
"AC145207.9","AC145207.9",1.17425515917707,0.0170860843257282,0.00753817235968266,1.22660833670731,2.67208423297565
"AL450003.1","AL450003.1",1.64556175302643,0.0171076893775475,0.00754909105296297,0.604100317047519,2.67159851131194
"AC023095.1","AC023095.1",1.16984234555493,0.0171092869464049,0.00755026349002392,1.04868885939988,2.6715463925199
"SNORA54","SNORA54",1.27272403401464,0.0171104689553329,0.00755125261800971,0.884090844965347,2.67150242807912
"AC068533.3","AC068533.3",0.763533777661448,0.0171227263439284,0.00755806563256274,3.068381442106,2.67119974560021
"AC010605.1","AC010605.1",1.11969456433795,0.0171363510085722,0.00756454785361601,1.05265810711713,2.67091198633157
"AC027271.1","AC027271.1",0.722005385114776,0.017136709425281,0.00756517429941432,2.7248313723065,2.67088418881663
"TOMM20P2","TOMM20P2",0.700931623895247,0.0171459107939715,0.00756992350342168,10.6812264942939,2.67067351770402
"AC106799.3","AC106799.3",0.577741500935403,0.0171459107939715,0.00757017329762522,6.00353169789227,2.67066244030184
"KDM5C-IT1","KDM5C-IT1",1.0080096778105,0.0171642239262031,0.0075787277971377,7.26551709850513,2.67028327913142
"AC018797.3","AC018797.3",0.922670015932864,0.0171706446917734,0.00758250114780298,1.95633363045799,2.67011615480799
"MIR1273D","MIR1273D",1.08041869464007,0.017177094531213,0.00758581870837988,1.65033347217216,2.66996927932851
"AP002993.1","AP002993.1",1.34221428411235,0.0172078258655295,0.0075998605778961,1.16173436730591,2.66934825282239
"AL078604.1","AL078604.1",1.50179531114783,0.0172242553832263,0.00760844785216593,0.636517624185651,2.66896897213288
"XKR5","XKR5",0.563542905324631,0.0172242553832263,0.00760852856036011,8.79896108858881,2.66896540925321
"MTND5P24","MTND5P24",1.67240152974572,0.0172263496111525,0.00760992432889187,0.612555645687237,2.66890379812583
"RNU6-877P","RNU6-877P",1.43244003690507,0.0172938724964803,0.00764164337859175,0.972440047935267,2.66750639970367
"AC119751.5","AC119751.5",1.21419322605436,0.0172969206152511,0.00764393546356651,1.10704746430304,2.66740562231537
"BTF3P10","BTF3P10",1.1441103790394,0.0173004950435433,0.00764598779554943,0.765697276247233,2.66731540926399
"AL137783.1","AL137783.1",0.97095383526216,0.0173065279481354,0.00765007265621834,2.60126744972473,2.66713591821598
"HMGN2P6","HMGN2P6",0.903288051654148,0.0173109741659255,0.00765251102572497,1.67579879391105,2.66702881584589
"AL033527.5","AL033527.5",0.761038100707465,0.017322130601814,0.00765791614900273,5.8149265969536,2.66679151149274
"AP000688.3","AP000688.3",1.12343549327423,0.01734233965791,0.00766827188403938,1.14244688242346,2.66633727652698
"LINC02433","LINC02433",0.745971177309618,0.017354262108369,0.00767401781365183,4.01467513181789,2.66608547917559
"AC073342.2","AC073342.2",0.778036021735837,0.017361958488652,0.0076778955200643,3.61269945412225,2.66591564632974
"AC007204.1","AC007204.1",1.48550871392817,0.0173694370742642,0.00768215191456364,0.621397849321262,2.66572931647135
"CHI3L2","CHI3L2",0.886047826133571,0.0173800958136772,0.00768734093914607,15680.4938968496,2.66550228449439
"ABCA9-AS1","ABCA9-AS1",0.91249258872229,0.0174121232072049,0.00770198263890924,2.22253046757825,2.66486241558018
"PSPC1-AS2","PSPC1-AS2",0.753916023749718,0.017441308486416,0.00771584539751256,4.14431888670694,2.66425759172112
"JAML","JAML",0.560227804997701,0.017456968095092,0.00772420397639062,1374.63925057277,2.66389338237054
"RPL13AP2","RPL13AP2",1.2309702674847,0.0174785396519843,0.00773422633579841,0.582331906955403,2.66345714226453
"AC080011.1","AC080011.1",1.18511494442964,0.0175076473749725,0.00774949827794623,0.891246647795084,2.66279337829741
"AL445183.1","AL445183.1",4.46918806735521,0.0175389536209823,0.00776383473902384,10.6271890596194,2.66217133890204
"RNU6-238P","RNU6-238P",1.03502398296434,0.0175437828804696,0.00776645182189043,2.17982854062189,2.66205789836935
"AC092902.6","AC092902.6",2.12156678046592,0.0175457753585731,0.00776781327727426,0.688676042139123,2.6619988980291
"MIR8086","MIR8086",1.01644775072835,0.0175459738375739,0.0077683805585958,1.54156805920327,2.6619743169314
"AC009093.7","AC009093.7",0.812176644941129,0.0175577577794908,0.00777407756541567,3.33735626499403,2.66172754675428
"RF00092","RF00092",0.851544090659178,0.0175701005696771,0.00778050274413937,5.98026476396182,2.6614494296063
"KCTD19","KCTD19",0.582867345979878,0.0175734205546254,0.00778245308203417,14.3591822318634,2.66136504894579
"AC015911.8","AC015911.8",0.756821213929567,0.0175903463127397,0.00779042933914034,13.5977421154606,2.66102015615288
"APOL4","APOL4",0.570615184539151,0.0176295893568753,0.00780925442371821,1155.83535818981,2.66020741367167
"AP000542.1","AP000542.1",1.69812267730312,0.0176497289530199,0.00781865776429169,0.794602531771868,2.65980209687862
"AL606804.1","AL606804.1",1.17534406948162,0.01766245537854,0.00782526063452626,0.9314683652543,2.6595177510436
"AC016735.1","AC016735.1",1.27940984144198,0.0176811817883784,0.00783452348594584,0.822637532638521,2.6591192179089
"AC130324.1","AC130324.1",0.636151169189264,0.0177637656485858,0.00787228968800975,5.63592024212585,2.65749868794846
"THRB-IT1","THRB-IT1",0.605516730033549,0.0177664316520538,0.00787423940074768,12.1538614043544,2.65741521587517
"GMPSP1","GMPSP1",1.43617318150089,0.0177668557064897,0.00787539823837761,0.526940046565842,2.65736561191278
"ATF4P3","ATF4P3",1.0978899857941,0.0177668557064897,0.00787493179158656,0.731383081583193,2.65738557734826
"RFX8","RFX8",0.643249060934838,0.017776234738515,0.00788004132346968,31.8055241103208,2.65716693054061
"RPL39P40","RPL39P40",1.93594578034726,0.0177811481611729,0.0078827052355264,0.525027350634792,2.65705298692158
"POU5F1P6","POU5F1P6",1.05355293025122,0.0177985251017858,0.00789138137180466,2.89337383014297,2.65668212114161
"AL596247.1","AL596247.1",0.856440802223702,0.0178354897300077,0.00790825780317947,5.93702098087772,2.65596177458673
"AC092894.1","AC092894.1",0.500401088674448,0.0178464257330258,0.0079140820691005,10.0460910343386,2.65571349360993
"AL121852.1","AL121852.1",1.49353001799792,0.017880967326724,0.00793281965310576,0.601111328454203,2.65491584310886
"CATSPERB","CATSPERB",0.639728819659367,0.0178848726908307,0.00793601826550151,6.17534998089504,2.65477984826404
"CASC9","CASC9",0.765048498894757,0.0179381509462392,0.00796091675503617,2.66864516107299,2.65372291862721
"AC136469.1","AC136469.1",0.917860779555179,0.0179390396191219,0.00796201425101823,1.7720159006016,2.65367639857285
"MED15P9","MED15P9",1.09539980047611,0.017946765362306,0.00796642394808663,1.30014078426137,2.65348954063691
"AL034349.1","AL034349.1",1.3903557030372,0.0179685838510452,0.00797709091537424,0.926378746574494,2.65303791784208
"AC093249.2","AC093249.2",0.833870605446858,0.0180258508836874,0.00800448450945893,3.33757126407425,2.65188058859734
"TATDN2P1","TATDN2P1",1.44000186001239,0.0180348598008946,0.00801045604861726,0.807304349966097,2.65162877289255
"AC003965.1","AC003965.1",0.923878131097746,0.018050893627669,0.00801807092283981,2.0365877725795,2.65130790259982
"AC006299.1","AC006299.1",0.578752460903691,0.018158372702298,0.00806878918160258,5.2195078765827,2.6491777057899
"CR382285.2","CR382285.2",0.701910624604613,0.0182141606174919,0.00809507190371659,7.30715908730847,2.64807852739137
"KRTAP16-1","KRTAP16-1",1.57930159304295,0.0182271896973273,0.00810185857526492,0.444348789044036,2.64779521878177
"MT1JP","MT1JP",0.835688457616048,0.0182308104456094,0.00810494429487877,22.0192038033117,2.64766647611754
"AC091053.1","AC091053.1",1.67370964321142,0.0182364172489443,0.00810795326306241,54.6633877998596,2.64754097792953
"LINC01247","LINC01247",0.773100103165053,0.018265514783094,0.00812188823683903,2.88657342524121,2.64696032044986
"SMIM2-AS1","SMIM2-AS1",0.629973614542332,0.0183277087593852,0.00815162750422833,7.05988538463776,2.64572408908411
"AC114488.2","AC114488.2",0.764014669246147,0.0183532212430142,0.00816445263174224,11.1024294775211,2.64519220689172
"LDHBP1","LDHBP1",0.907471510452034,0.0183684571868236,0.00817368490244567,1.32883136880802,2.64480978994821
"AP000320.1","AP000320.1",0.99645258711085,0.0183759376613986,0.00817751568871279,2.22370308593141,2.64465122549597
"CFP","CFP",0.516000304846311,0.0184166238678556,0.00819662794566793,1189.69395141307,2.64386112005585
"AL139420.2","AL139420.2",1.41730495192895,0.0184256226623439,0.00820163990251769,1.75071757286498,2.64365419740654
"AL132639.3","AL132639.3",0.780443870618503,0.0184275999323695,0.00820302352791507,2.33652542735818,2.64359709325719
"AL353651.1","AL353651.1",0.878488209218051,0.0184278437236921,0.00820363555807849,2.2489282763178,2.64357183666867
"FOXD4L1","FOXD4L1",0.88283611370813,0.0184291140117537,0.00820471748589134,2.39489835524225,2.64352719298507
"PNLIPP1","PNLIPP1",1.10158917425024,0.0184754197452966,0.00822733929912961,1.05227759306587,2.64259495169112
"AC025430.1","AC025430.1",0.695691118854202,0.018482477191228,0.00823199706806765,5.65307456012982,2.64240329059061
"AP002768.1","AP002768.1",1.42693592603557,0.0184929636122456,0.00823804700180961,0.709599074486542,2.64215448855996
"AL391097.2","AL391097.2",0.810174406513233,0.0184929636122456,0.00823868880837357,7.00921376410489,2.64212810401701
"RGPD1","RGPD1",0.73915537557527,0.0184929636122456,0.00823835156365226,53.5656344633812,2.64214196785256
"RPL3P2","RPL3P2",0.666447826386054,0.0185073411437219,0.00824559973467934,4.13409880954085,2.64184411365133
"AL359962.1","AL359962.1",0.547161362674841,0.018509233522171,0.00824694857908803,9.14806487073931,2.64178871049521
"AL158063.1","AL158063.1",1.09266556446804,0.0185180977197292,0.00825140407151406,1.37794004907217,2.64160576082755
"AC011511.3","AC011511.3",1.60991143110683,0.0185648033397987,0.00827373718613776,0.825945019591756,2.6406900571464
"AC135983.3","AC135983.3",1.07027980230133,0.0185669270950911,0.00827519098268056,10.1529193599997,2.6406305251943
"UBTFL11","UBTFL11",0.931952233064647,0.018629254670002,0.00830398810586115,1.53842232005168,2.63945322743737
"RN7SL239P","RN7SL239P",0.886242101347263,0.018643036024327,0.00831135873415897,2.77980352909095,2.63915248504262
"AC010768.2","AC010768.2",0.671256589524753,0.0187100621707408,0.00834256412919259,3.63804107321251,2.63788185471526
"BLM","BLM",0.515098633137788,0.0187354734417345,0.00835543040837157,121.005934024105,2.63735919940774
"AC010643.1","AC010643.1",0.606934249103568,0.0187542571583941,0.0083643197791324,6.86760284270512,2.63699851485937
"LINC00330","LINC00330",0.978875566359913,0.0187823945272395,0.00837789531564211,1.83880026678846,2.63644835114547
"RPL7L1P9","RPL7L1P9",1.06088921237479,0.0187926317954395,0.00838297512752657,1.97432154011106,2.63624269112366
"FHAD1","FHAD1",0.723463839535554,0.0188274449312443,0.00839953334346178,195.354094383302,2.63557309223597
"SLC22A16","SLC22A16",0.501306989727554,0.0188493872193644,0.00841035255860054,62.7430144370985,2.63513621068514
"AC105206.1","AC105206.1",0.779896232574338,0.018926122912846,0.00844665951688368,6.17362639486234,2.63367379475522
"AC024451.4","AC024451.4",0.614502442133396,0.0189299229127978,0.00844887266812075,6.81795734613843,2.63358483265572
"AC005759.1","AC005759.1",0.695235563496168,0.0189305330186918,0.00844966221463289,3.47313695430324,2.63355310027703
"AC011592.1","AC011592.1",0.742248341976303,0.0189512456473911,0.00845994293251391,3.68327503791636,2.63314015353548
"WDR86","WDR86",0.670255234988974,0.0189710190486208,0.0084692882383512,175.509360392634,2.63276516879106
"AC090971.2","AC090971.2",0.929856636198211,0.0189757382866946,0.00847191353874666,1.93617274327261,2.63265989396601
"MIR148B","MIR148B",1.08536870120757,0.0189771510358257,0.00847306279068902,1.1487326672815,2.63261381802136
"IRF8","IRF8",0.542103977851123,0.0189907615920609,0.00848121528517818,3508.52330929798,2.63228712759148
"ATP1A4","ATP1A4",0.699827711136701,0.0189959702332017,0.00848509853745682,9.41768407871548,2.63213161488339
"AC090114.1","AC090114.1",1.06191003423871,0.0189989997975666,0.00848749000492403,0.945988253396952,2.63203587538433
"LRRD1","LRRD1",0.784581404640656,0.0190087046521395,0.00849234486644806,2.54913020304481,2.63184159106106
"AC104958.1","AC104958.1",0.894570274825038,0.0190112442518058,0.00849399890722501,2.25793597090778,2.63177542149644
"AP004289.2","AP004289.2",1.72662089890205,0.0190120986907332,0.00849490013086589,0.511529718167381,2.63173937307721
"FTCD","FTCD",1.26676242759718,0.0190463662777361,0.00851125223291277,12.3711849205855,2.63108589177368
"XKR6","XKR6",0.512127419422718,0.0190470645668733,0.00851251132032318,32.7761801054375,2.63103562125048
"LINC02156","LINC02156",1.06283454608483,0.0190471093305362,0.00851314556214409,2.50424688987123,2.63101030092917
"AC018638.7","AC018638.7",0.772181209722816,0.0190548617605576,0.00851713116590513,6.54876929337063,2.63085122549858
"AC138907.7","AC138907.7",1.52360888023068,0.0190587460319082,0.00851938810027648,0.704593848438217,2.63076117510862
"UPF3AP3","UPF3AP3",0.643780909304988,0.0190769010529418,0.00852854599929598,24.8119452421101,2.63039599891525
"AC115837.2","AC115837.2",1.05024778123041,0.01908996060276,0.00853594921348034,2.36990529201293,2.63010104791733
"ANKRD19P","ANKRD19P",0.519656541347807,0.0191326498489979,0.00855765124806949,48.0370975189045,2.62923773455047
"AL139100.1","AL139100.1",1.29057263754931,0.0191436332206587,0.00856308695470924,0.766879455554034,2.62902180708448
"MAPT-AS1","MAPT-AS1",0.646951972218147,0.0191782366070849,0.00858118535144735,5.21944434597449,2.62830375034941
"AC092919.2","AC092919.2",0.522141996896642,0.0191849826241976,0.00858472800995888,17.0108826903893,2.62816335328446
"AC004771.1","AC004771.1",0.722478762859268,0.0192233434615883,0.00860346910846791,4.90879578731394,2.62742149619375
"AL031666.2","AL031666.2",0.514390855242035,0.0192512709346554,0.00861931702570034,6.5495270050048,2.6267952906897
"AP000477.1","AP000477.1",0.635259748515308,0.0192843891174437,0.00863605939055444,4.5655313435882,2.62613485948277
"LINC00687","LINC00687",1.33792632354426,0.019285382041477,0.00863755792300038,0.641284075739646,2.62607580312425
"AC092745.1","AC092745.1",0.558207078240916,0.019285382041477,0.00863710537987541,5.39484262940169,2.62609363664035
"PROX1-AS1","PROX1-AS1",0.542595864393948,0.0193605882481839,0.00867441531445449,11.3475820053256,2.62462614810407
"CASC11","CASC11",0.706189731561895,0.0193719456841598,0.00868003325977584,2.93616368165775,2.62440566981787
"AP005059.2","AP005059.2",1.05438877277329,0.0193745554529744,0.00868173199892841,1.31493131844789,2.62433902730106
"MMP13","MMP13",1.38911568824057,0.0193754725673101,0.00868267235652487,699.691343755973,2.62430214154127
"AC010175.1","AC010175.1",0.634105106793699,0.0193810298172812,0.00868569226107399,6.2801818636611,2.62418370917611
"AL109615.2","AL109615.2",1.44225296102878,0.0194455102948162,0.00871618340354817,0.945736905977648,2.62298998744663
"IL1RN","IL1RN",0.958608363298123,0.0194622813939915,0.00872476436053496,1106.89797324081,2.62265471773543
"CU633906.1","CU633906.1",0.785697409397155,0.0194824264272207,0.00873432751763263,121.865794437329,2.62228141914259
"RORA-AS1","RORA-AS1",0.545106112593094,0.0195286162310721,0.00875610241678442,9.98477535740117,2.62143279497422
"AC010834.1","AC010834.1",1.712611555679,0.0195363622099922,0.00876010929883826,3.09314929483519,2.62127684187985
"EIF4A2P2","EIF4A2P2",0.824073683509954,0.019545191918999,0.00876505899959209,1.61816258736918,2.62108428102508
"AC018445.4","AC018445.4",0.627087670364053,0.0195915295019762,0.00878698753449382,17.6846333815442,2.62023235054148
"ZNF295-AS1","ZNF295-AS1",0.818837436299814,0.0195948769533825,0.00878955968588435,6.36467940007851,2.62013254616377
"AC004893.1","AC004893.1",0.741321541594641,0.019619318101022,0.00880159523212877,3.9573937444861,2.61966589046935
"PBOV1","PBOV1",1.00811997900176,0.0196308661323463,0.00880784865048932,1.58823527612409,2.61942365094829
"TRBV30","TRBV30",0.986065326549407,0.0196511436194989,0.00881748355199353,12.6519434623894,2.61905072304259
"SLC7A14","SLC7A14",0.503276527299444,0.0196577572549458,0.00882098820727273,13.211393565061,2.61891516236574
"AL031847.1","AL031847.1",0.808397881527884,0.0196784956037988,0.00883083176580758,2.73020266464037,2.61853466901779
"RF02164","RF02164",0.98654905512409,0.0196810881593252,0.00883253293852064,3.109917061253,2.6184689502161
"AL022326.2","AL022326.2",0.76745822568179,0.0197036197994179,0.00884360841296511,6.5067896649494,2.61804136461836
"WASH7P","WASH7P",0.523215742402676,0.0197036197994179,0.00884372147995951,140.848845387534,2.61803700196182
"AL022724.1","AL022724.1",0.851684402014501,0.0197437352159996,0.0088649635455756,2.96482893858014,2.61721826583133
"AL158834.2","AL158834.2",0.80814113079817,0.0197618642102065,0.0088747233574402,3.43427625108674,2.61684267937437
"C9orf50","C9orf50",0.625252467662646,0.019770539849512,0.00887915963568484,10.6347062619632,2.61667208021124
"WFDC10B","WFDC10B",1.00609158618082,0.0197731344786981,0.00888086517557418,1.63390693787022,2.61660651313605
"CD1B","CD1B",0.972769073467037,0.0198916948997925,0.00893737618328884,15.4404304711127,2.61444036225659
"RNA5SP466","RNA5SP466",1.14932122386989,0.0199070529731843,0.00894482051815666,2.42740956903346,2.61415592233935
"AC104837.2","AC104837.2",1.57796257150345,0.0199375871932144,0.00896180898154512,0.671182296056542,2.61350760261188
"AC022080.1","AC022080.1",1.03841068527907,0.0199375871932144,0.00896119924309474,1.49157756155746,2.613530852668
"RN7SL457P","RN7SL457P",1.25191307637867,0.0199430781194365,0.00896536693076554,1.19664239351711,2.61337196192068
"AC007786.1","AC007786.1",0.737075164384702,0.019995450010463,0.00899000327665152,4.96226873532872,2.61243406032072
"MAP3K20-AS1","MAP3K20-AS1",0.537529179946045,0.0200161459235394,0.0090009489223643,11.7929906998624,2.61201809762609
"AC008494.1","AC008494.1",0.553082518066529,0.0200270403104373,0.0090063951602363,5.70643783253873,2.61181129484224
"AC089987.1","AC089987.1",0.965059270698082,0.020041232079464,0.00901387254460659,1.92041762984971,2.61152754785133
"PRSS21","PRSS21",0.980661912809455,0.0200608895447575,0.00902435819188743,19.0634040261592,2.61112999905195
"ATP2A1-AS1","ATP2A1-AS1",0.831172338060953,0.020064203684168,0.00902639726931955,12.9945725098963,2.6110527381613
"RNU6-485P","RNU6-485P",1.36046162263666,0.0201553979378881,0.00907017689109036,0.726039539437204,2.60939767086231
"AC027575.1","AC027575.1",0.99820881936334,0.0201601995771235,0.00907288852795979,1.869774810263,2.60929539348826
"OTX2-AS1","OTX2-AS1",0.686602455665884,0.0201687258190885,0.00907727674778071,18.0429530832451,2.60912993665263
"RN7SL474P","RN7SL474P",0.737188332461439,0.0202076736465173,0.00909535801467471,4.13187652163958,2.60844893901987
"AC131210.1","AC131210.1",1.63436496171484,0.0202713827441154,0.00912624862632285,0.430763812793145,2.60728829224551
"AL513477.2","AL513477.2",0.6589199260023,0.0202742566962336,0.00912809644636566,4.3134790852953,2.60721897569537
"IFNG-AS1","IFNG-AS1",0.940597019306399,0.0202995864231834,0.00914005532029946,28.4321416308434,2.60677066975661
"SRP14P2","SRP14P2",1.26089581363008,0.0204380798081116,0.00920576369946503,0.507962848765637,2.60431674158386
"ZIK1P1","ZIK1P1",0.785564237406453,0.0204576211854359,0.00921512453518121,2.36330696023253,2.60396842729682
"AL590783.1","AL590783.1",2.0365375653296,0.0204790313714801,0.00922588784537731,0.400551946479787,2.60356831736898
"AC073283.3","AC073283.3",0.862129375572951,0.0205133412364869,0.00924246555888602,2.29162958579878,2.60295287988729
"AL356414.1","AL356414.1",1.20168824242385,0.0205142971164271,0.00924345675420093,3.48178442307412,2.60291611358694
"AC099518.3","AC099518.3",0.902968876176704,0.0205303193656359,0.00925179806271846,2.69731642264276,2.60260684964437
"EHHADH-AS1","EHHADH-AS1",1.47764683181577,0.0205316057709938,0.00925293875752813,0.523847889094019,2.6025645763686
"AL365271.1","AL365271.1",1.49174023340463,0.0205677752607153,0.00927204907310423,0.843556952751485,2.60185705341898
"LINC00114","LINC00114",0.553421910221684,0.0205722255015827,0.00927461736047747,16.9602717704633,2.60176206669551
"SNORD12C","SNORD12C",0.926727044525081,0.0206095234693679,0.00929481118023407,2.04223299391906,2.60101602588168
"PATE2","PATE2",0.511369308997321,0.020618286829779,0.00929989013322746,8.93406959807757,2.60082861659173
"AL162274.1","AL162274.1",0.551592782342642,0.0206187027093497,0.00930064108387261,8.80225435322956,2.60080091486558
"AL133268.1","AL133268.1",0.803585973687373,0.0206393281005707,0.00931107260494884,2.93818114583822,2.60041631403416
"CXCL16","CXCL16",0.548336159532315,0.0206651557479573,0.0093232889344045,6063.45543316849,2.59996639736592
"IGLV3-6","IGLV3-6",1.93640535960244,0.0206799287548707,0.00933320733442427,2.05675530063699,2.59960149813779
"LINC00640","LINC00640",0.754419148145867,0.0206799287548707,0.0093323318519959,13.604893363038,2.59963369332502
"OR55B1P","OR55B1P",0.743911095430837,0.020682174679276,0.00933492290846637,3.74922757180002,2.59953841704556
"AGER","AGER",0.541367646731003,0.0207018579741483,0.00934493826582432,70.1632655022485,2.59917036196882
"AC093227.2","AC093227.2",1.23014679993989,0.0207037125403834,0.00934690680905912,0.882637344188942,2.59909806122111
"PKN2-AS1","PKN2-AS1",0.560054210507802,0.0207037125403834,0.00934645398079207,8.80777643507618,2.59911469151564
"HNRNPA1P62","HNRNPA1P62",1.66679644008593,0.0207147570459381,0.00935245895863498,0.536350503633103,2.59889421478034
"AC007599.2","AC007599.2",1.19730460561506,0.0207255590090928,0.00935790220020377,0.780957115133253,2.59869447166408
"STMN1P1","STMN1P1",0.970166499027737,0.0207385384479598,0.0093643292546513,1.57831669212252,2.59845876033087
"AP001330.1","AP001330.1",0.752897129473521,0.0207424014612866,0.00936677329112429,5.44785566727084,2.59836916350676
"HMGB1P39","HMGB1P39",0.70906325609585,0.0207761742145559,0.00938416175143647,4.5612456434758,2.59773231496259
"AC012368.1","AC012368.1",0.526145232424216,0.0208281393381764,0.00940934057808707,63.3685553289705,2.59681200924097
"HLA-B","HLA-B",0.514033321848056,0.0208645609927676,0.00942636454590052,75676.0557393434,2.59619101392901
"OPA1-AS1","OPA1-AS1",0.998237452924297,0.0209063005088485,0.00944579319692664,1.59603721958617,2.59548352242004
"MRPL57P3","MRPL57P3",1.13912223741299,0.0209114532166334,0.00944869263759849,0.927085806118837,2.59537805103535
"MIR7-3HG","MIR7-3HG",0.929469631918713,0.0209179081264908,0.00945275232940878,1.6340582244754,2.5952304223188
"KRT18P4","KRT18P4",1.02396451434579,0.0209757154967739,0.00948002158616731,1.12138062119499,2.59424025217063
"OR2V2","OR2V2",0.617271797979532,0.0209879440830284,0.00948757532244182,7.56278570537296,2.59396641882218
"SNORA70G","SNORA70G",1.37835058451511,0.0210063715578483,0.00949732042317318,0.588004687640962,2.59361343258011
"AL109935.1","AL109935.1",0.918943451193549,0.0210310068111893,0.00950903305313153,2.94241962268851,2.59318960582601
"SNRPEP4","SNRPEP4",1.38893526123173,0.0210611146054178,0.00952462729793621,0.991554045197229,2.59262604307123
"LINC02544","LINC02544",0.794317711106272,0.0211447976162352,0.00956510476609717,4.577208499916,2.59116705236269
"AC027288.3","AC027288.3",0.502195549345169,0.021160282299675,0.00957268761539164,25.3298308560005,2.59089434469676
"AC103874.1","AC103874.1",0.623437535232156,0.0211835107956626,0.00958377474123831,4.4768427021175,2.59049595661968
"HSPE1P27","HSPE1P27",0.798353528791467,0.0211855496950491,0.00958585488537972,2.53448522488091,2.59042125763956
"AC008738.3","AC008738.3",2.60670007750205,0.0211866411151375,0.00958692760752458,47.3882051487005,2.59038274131792
"AC020550.1","AC020550.1",1.32302547915664,0.0211867205978069,0.00958870023722162,1.20254069047598,2.5903191030841
"AC079777.1","AC079777.1",0.714682700160774,0.0211927819543605,0.00959202254362089,5.33934506603329,2.59019985898095
"MIS18A-AS1","MIS18A-AS1",0.942399966412805,0.0212228678600974,0.00960621954070804,1.62666634776513,2.58969071540271
"SLC9C2","SLC9C2",1.11148949115857,0.0212263551922975,0.00960837800133315,1.02156230631454,2.58961336579612
"NGF","NGF",0.56158618873463,0.0212780922368386,0.00963528573570662,86.1746106509562,2.58865041061675
"AC104162.1","AC104162.1",0.53193623512312,0.0212948186027135,0.0096434417203031,8.07476090735657,2.58835900341561
"RN7SL66P","RN7SL66P",1.39783842132882,0.021303193881653,0.00964781656844174,0.738889631602681,2.58820278390349
"SKA3","SKA3",0.72590801603556,0.0213068838431704,0.00965065202514374,66.0126224026291,2.58810156756301
"RNU6-672P","RNU6-672P",1.39179581034774,0.0213258673812795,0.00966158111011216,0.811412560032227,2.58771168356685
"AC074183.2","AC074183.2",0.590803822574265,0.02132936577092,0.009663933458496,9.11814394621585,2.58762781735097
"AC012454.1","AC012454.1",0.790436755136393,0.0213309065087006,0.00966610564896174,2.25672597239651,2.58755039030691
"RPS10P28","RPS10P28",1.19551008923245,0.0213343483240558,0.00966892088994547,0.707633235506513,2.58745006500462
"INHBA-AS1","INHBA-AS1",0.541067532967833,0.0214004216916329,0.00970003539557085,14.2251075957496,2.58634298410996
"IL10RA","IL10RA",0.513971880976162,0.0214026926008287,0.00970164950538942,5716.06714229461,2.58628563910055
"MIR4527HG","MIR4527HG",1.0680672841658,0.0214164224507011,0.00970845828791995,0.972462408633905,2.58604383480823
"CABP1","CABP1",0.524587298367754,0.0214268644042989,0.00971377726703263,34.531577379173,2.58585504392123
"RNU6-969P","RNU6-969P",1.31476350243164,0.0214339291553958,0.00971756568418489,1.10472009272315,2.58572063470253
"OR9Q2","OR9Q2",1.37063707543435,0.0214368675618972,0.00971965913065491,0.532012362320018,2.58564638136774
"CALHM1","CALHM1",0.567215631816314,0.0214368675618972,0.00972006932401661,7.71096713698796,2.5856318337168
"PFN1P8","PFN1P8",0.675575919789394,0.0214537114543002,0.00972829299422296,9.44367718780123,2.58534029377093
"AC020612.1","AC020612.1",0.727273163203293,0.0214974187383582,0.00974928703569141,4.13028174780652,2.58459702229119
"HLA-DRB6","HLA-DRB6",0.841798224123806,0.0215212438375991,0.0097618560328966,480.352222739231,2.58415271284232
"RN7SL375P","RN7SL375P",1.0791846979317,0.0215530762878789,0.00977747276175997,1.05422879483437,2.58360137692428
"RNU6-834P","RNU6-834P",0.944542981760901,0.0215928848853923,0.00979671175501895,1.61954307867368,2.58292323781913
"ZNF723","ZNF723",1.11854629760136,0.021629693364695,0.00981459377872318,0.941976056502998,2.58229399272674
"GJD2","GJD2",0.940996100003262,0.0216324735360079,0.00981644636427276,2.81260805908861,2.58222886107403
"AC018926.2","AC018926.2",0.824555543543302,0.0216408817681919,0.00982085317325335,4.10896468608624,2.5820739741762
"AC246817.2","AC246817.2",0.927988177423979,0.0216414966493845,0.00982172352649734,4.7904179106278,2.58204339104006
"AC099521.1","AC099521.1",0.580672644236902,0.0216700012393374,0.00983584416480975,5.29301821516591,2.58154754639946
"AL096701.1","AL096701.1",1.13276929939785,0.0217466211535069,0.00987240390353607,0.951387092223254,2.58026669620584
"AL449403.2","AL449403.2",1.09466412772263,0.0217578890035061,0.00987862486748491,1.15731206130962,2.58004916905143
"AC135507.2","AC135507.2",1.21529648514878,0.0217797266193129,0.00989040838309737,0.890871631800431,2.57963747163053
"AC008750.8","AC008750.8",0.519430735497313,0.0217883216314021,0.00989490679623854,10.0136447625604,2.57948041943231
"RN7SL387P","RN7SL387P",1.00041487924941,0.0218074518626095,0.00990478625951957,1.85012171730088,2.57913572284463
"AC021242.2","AC021242.2",0.698244095401093,0.0218478918357274,0.00992494466135152,2.65817619479242,2.57843334097261
"MTCO1P20","MTCO1P20",1.74627537023865,0.0219204581440392,0.00995970650775234,0.419896921016466,2.57722510924967
"AC131025.1","AC131025.1",0.732135945881603,0.0219252466135528,0.00996248124766752,3.94623358247347,2.57712882844857
"LINC01596","LINC01596",1.42151409671668,0.0219412652784712,0.00997035937720306,0.749247434397081,2.57685559507672
"AC093752.2","AC093752.2",0.958999334335311,0.0219545774284617,0.00997700843712056,3.36136218172488,2.57662513854133
"TRAV13-2","TRAV13-2",0.785490504793418,0.0219704150176153,0.00998540625161926,15.0616491765255,2.57633426556815
"AC107886.1","AC107886.1",0.734406959189506,0.0220140631447885,0.0100076500069125,2.95051128203997,2.57556486586505
"RN7SL131P","RN7SL131P",0.920910936176998,0.0220210987424842,0.0100114500936144,2.2714402675626,2.57543357524379
"TRIM60P17","TRIM60P17",1.48239331964777,0.0220547587443449,0.0100285607536651,0.456827184019625,2.57484296194525
"PGAM1P6","PGAM1P6",1.27722416526888,0.0220572370662116,0.0100325536876439,0.976491562392538,2.57470526592403
"AC012640.4","AC012640.4",0.841821501355595,0.0220572370662116,0.0100317926519673,4.23732944993702,2.57473150641554
"SPATA45","SPATA45",0.783566990303344,0.0220572370662116,0.0100324508265161,2.50597962087062,2.57470881246959
"CELF6","CELF6",0.761769278261993,0.0220711460984052,0.0100396305977281,23.433361352479,2.57446133909163
"AL391416.1","AL391416.1",1.07334878964652,0.0221346596722724,0.0100709405410716,1.31062890961252,2.57338398247979
"RAP1AP","RAP1AP",0.925819014513503,0.0221400010073282,0.0100745806381607,2.33620491877501,2.57325892251357
"RNU6-892P","RNU6-892P",0.922749750467457,0.0221609228547936,0.0100847064167487,2.13660361303695,2.57291125059816
"SNORA11","SNORA11",0.783646478077169,0.0221715621491005,0.010090153806263,1.96225393393433,2.57272434128259
"ZBTB20-AS2","ZBTB20-AS2",1.91424837445162,0.0221858152432779,0.0100972464960048,0.814002624821834,2.57248111350149
"LINC01539","LINC01539",1.30785140250952,0.0222139313126509,0.0101106496845854,2.94538701505782,2.57202189651388
"TRGV3","TRGV3",0.748120826447991,0.0222424109195331,0.0101248276160393,21.6923918927719,2.57153672505981
"LINC02281","LINC02281",0.940489526653585,0.0222441974377343,0.0101262486272874,1.09842211044775,2.57148813115048
"AL109933.1","AL109933.1",0.926964744318002,0.0222844290810327,0.0101469988424659,2.7015151326325,2.57077923286293
"ACOD1","ACOD1",1.38780235797808,0.0223011445553099,0.0101552194092405,9.0559378067696,2.57049874711895
"AL451164.1","AL451164.1",0.666891547164649,0.0223067365131573,0.0101583752961773,5.11300096463068,2.57039112195262
"LINC00381","LINC00381",0.80234202051269,0.0223284696238682,0.0101688825293215,2.22375314100607,2.57003300835657
"AL133445.2","AL133445.2",0.588793123282986,0.0223309165688073,0.0101706070735662,7.94736686425108,2.56997426291821
"RN7SKP30","RN7SKP30",0.922225424540055,0.0223998096452959,0.0102038204980019,1.39295612567085,2.56884459656183
"AC006111.1","AC006111.1",2.21033866779501,0.0224031016747566,0.0102077686146682,0.653099012851698,2.56871052963829
"AC007938.2","AC007938.2",0.676066752015893,0.0224031016747566,0.0102075361395179,5.085813776837,2.56871842256056
"LINC01765","LINC01765",0.794199810918001,0.0224058887022548,0.0102096506977651,7.75296827661864,2.56864663564369
"AC090821.1","AC090821.1",0.900886678630609,0.0224193686361898,0.0102176307782083,1.3041867117296,2.56837583990177
"EQTN","EQTN",1.20522274635908,0.0224342506868591,0.0102256392239729,0.743718082112159,2.56810427082543
"AC091917.3","AC091917.3",1.68483466536956,0.0224786875405287,0.0102483505096112,0.734601132518154,2.5673351520295
"AC009292.1","AC009292.1",0.860011689067281,0.0224962679405173,0.0102569803307033,4.98463580195619,2.56704330045444
"LRRC10","LRRC10",0.856878908944668,0.0225043638070506,0.0102612864617083,2.18444302176059,2.56689775331553
"AC069213.1","AC069213.1",0.67977701409798,0.0225062078201412,0.0102627422145506,3.95008040720521,2.56684856119597
"MAGI2-AS2","MAGI2-AS2",1.96587960000535,0.0225220085713491,0.0102705626671717,0.4058862021196,2.56658440237466
"AL031595.1","AL031595.1",0.837016169763495,0.0225372093569564,0.010278660609716,19.0129735737659,2.56631105912364
"LINC02432","LINC02432",0.633798558986607,0.0225541201569613,0.0102876712997708,24.8113227219218,2.56600713160762
"SNORA16B","SNORA16B",0.833621342430035,0.022554451980586,0.0102884389140655,1.65833643559706,2.56598125119132
"AL354877.1","AL354877.1",0.779155693995731,0.0225934473629386,0.0103074616961935,3.57510367517248,2.56534043903671
"AC016598.1","AC016598.1",0.983164177766667,0.0226114531617009,0.0103162940215329,2.75136559019976,2.56504326609114
"AC009153.1","AC009153.1",1.09826024142112,0.0226145928981472,0.0103189623049553,1.39470721159232,2.56495353340481
"TRDV3","TRDV3",1.17947727495436,0.0226374732835737,0.0103300210745912,1.38305028686577,2.56458185397785
"AL355312.3","AL355312.3",1.51859216576168,0.0226599358620879,0.0103408904278421,3.7238192441847,2.56421688564648
"AC092598.1","AC092598.1",1.13260529305555,0.0226632835927234,0.0103430374012749,1.00725997865783,2.56414483550839
"FAM167B","FAM167B",0.591564277110276,0.0226898795767773,0.0103576550749807,202.933701775224,2.56365463547065
"TNKS2-AS1","TNKS2-AS1",0.737835565496477,0.022698306329122,0.0103621219745613,5.80965137887086,2.56350496191881
"RN7SL371P","RN7SL371P",0.791192946056345,0.0227552607472123,0.0103906095141237,5.8203932539047,2.56255177108505
"AL157815.1","AL157815.1",0.871773625105323,0.0227664629921739,0.0103963467851089,2.11180254998559,2.56236008382438
"RNU6-1216P","RNU6-1216P",1.23008473306407,0.0227844270451491,0.0104076628143065,1.46065030429037,2.56198228111091
"BX664718.1","BX664718.1",1.30904712663021,0.0227997173255972,0.0104152701977284,0.780505806121272,2.56172850253446
"AL020997.2","AL020997.2",1.21065570042351,0.0228084502617412,0.0104198827393184,1.17626354843786,2.56157471071746
"MRPL40P1","MRPL40P1",1.50156693137652,0.0228427944147401,0.010438069176538,0.48082993929171,2.56096892638213
"AC090953.1","AC090953.1",0.912685289380147,0.0228457888139375,0.0104400616933005,2.0040595753852,2.56090261338555
"AC011899.2","AC011899.2",0.672560430572833,0.0229293175871682,0.0104823573119134,94.5234797385925,2.55949762162355
"AC026461.3","AC026461.3",1.60400263013256,0.0229420021360692,0.0104896708583563,0.58929124014608,2.55925518909549
"AP003390.1","AP003390.1",0.537851216949052,0.0229835604470632,0.0105105563322084,6.93610258338001,2.5585636954958
"AC020661.4","AC020661.4",1.49829264814656,0.0230329395441533,0.0105350257648877,0.648405592881997,2.55775509445893
"RN7SKP40","RN7SKP40",1.33157810497321,0.0230690723279624,0.0105528131619647,0.985679316272792,2.55716835158911
"AC008549.1","AC008549.1",0.609889493997247,0.0230870156908238,0.0105616520591126,3.56992963195432,2.55687711496612
"TRBV25-1","TRBV25-1",0.98587615875998,0.0230994243565366,0.0105685909683381,4.83303226114659,2.55664863372106
"TTC41P","TTC41P",0.575888511641191,0.0230994243565366,0.0105680069557304,11.5030649526257,2.55666785867921
"AL133553.1","AL133553.1",0.722300107584428,0.0231160403212584,0.010578719619136,5.6556712341752,2.55631536152897
"TPTE","TPTE",1.21961443974771,0.0231425961608104,0.0105915048414868,0.705406779573366,2.55589508274377
"UXT-AS1","UXT-AS1",0.643341334581331,0.0231467425669164,0.0105940349391627,19.0886317261733,2.55581196627358
"NDP","NDP",0.731169699716525,0.0231824009289803,0.0106116222509688,464.035889423248,2.555234691283
"AL138787.2","AL138787.2",0.645414674653216,0.023228806269014,0.010636037472503,4.28499954151663,2.55443471014459
"LCN12","LCN12",0.76771195209837,0.0232781027328139,0.0106611535289879,5.48277291513225,2.55361346795171
"MTDHP1","MTDHP1",0.778850257904536,0.023282217328147,0.0106643102622765,2.3021426574576,2.55351037115589
"LINC01872","LINC01872",1.12743967105673,0.0232893956940561,0.0106682784176689,0.994283730457228,2.55338081234789
"FOCAD-AS1","FOCAD-AS1",0.868137471437236,0.0233343880958565,0.0106913946823525,1.72879653806112,2.55262692566545
"RPS12P16","RPS12P16",0.899372475276107,0.0233461151196474,0.010698043571453,3.3847464048979,2.55241035501274
"RTKN2","RTKN2",0.534418397391603,0.0233731101374866,0.0107129681837301,74.9260076184429,2.55192465922755
"PRDM14","PRDM14",0.692477189534979,0.0233847722145199,0.0107189523940759,4.41580772066298,2.55173008237757
"AP005671.1","AP005671.1",0.819808278158323,0.0234041179102273,0.0107290988906198,3.37274781197373,2.55140038922481
"AC073082.1","AC073082.1",0.817242637159982,0.0234131004790202,0.0107338564697801,4.49289564891295,2.55124589523506
"TMPRSS3","TMPRSS3",0.711729288007514,0.0234236475362771,0.0107399718381996,10.6425776579931,2.5510473988345
"AC017015.2","AC017015.2",1.05448596592795,0.0234353327314585,0.0107459699417836,1.20100640153456,2.55085280628034
"AC006116.9","AC006116.9",0.807362084248892,0.023442402200865,0.0107498520762075,3.32310739396167,2.55072691220095
"LINC01227","LINC01227",1.59804109654703,0.0234424931231692,0.0107505342927204,0.568098911626183,2.5507047927174
"AL137145.1","AL137145.1",0.646736918499778,0.023445522586545,0.010752564185228,6.81462778342487,2.55063898495943
"AC002044.1","AC002044.1",1.04120382681681,0.0234937967542903,0.0107759874891191,4.46968139647702,2.54988041509059
"AC080162.1","AC080162.1",0.563882990191057,0.023561740576673,0.0108084390978377,7.21457999265366,2.54883187980704
"IGLV4-3","IGLV4-3",1.90774018563918,0.0235898244257293,0.0108239001497656,13.2382499561448,2.54833330582153
"AC079866.2","AC079866.2",0.730114938988519,0.0235983168035626,0.0108284415530214,3.3073275606364,2.54818697905086
"AC018738.1","AC018738.1",1.34898919254239,0.0236342264575711,0.0108475022824197,9.80542489313371,2.54757342510316
"DEF6","DEF6",0.52572632297141,0.0236883760466848,0.0108730027926517,961.806958781287,2.54675407518327
"SNORD14E","SNORD14E",1.18835443230737,0.023758946431449,0.0109092897286948,2.41762967852229,2.54559108903691
"AC112184.1","AC112184.1",1.00771331266579,0.0238096312539518,0.0109338635614407,1.13786497015445,2.54480545545609
"AC009133.3","AC009133.3",0.54478975561948,0.0238096312539518,0.010933299380674,25.8741046498299,2.54482347489497
"ENO1P3","ENO1P3",1.16664936795219,0.0238714780174245,0.0109668305523368,1.44369733275228,2.54375395073051
"BCAS2P1","BCAS2P1",0.914423668320381,0.0238779887697594,0.0109704740884588,2.04897897558289,2.54363791008583
"FAM72D","FAM72D",0.555721221137794,0.0238832355522136,0.0109735372290506,26.0268375648143,2.54354038058085
"ETV3L","ETV3L",1.06944704313651,0.0239628978867485,0.0110147225647906,1.86658125687264,2.5422313952673
"LINC01541","LINC01541",0.72520713638945,0.0239639367436346,0.0110165096235321,3.52934290181727,2.54217469603779
"JAKMIP1","JAKMIP1",0.765402172297357,0.0240160249512078,0.0110411113918146,49.9400480649352,2.54139496845738
"AL118516.1","AL118516.1",0.500717102745849,0.024021343782556,0.0110448693454152,72.0378714652829,2.54127599993681
"LINC00102","LINC00102",0.782027359088506,0.0240399428707927,0.0110540779412708,2.71646301009102,2.5409846280684
"PBK","PBK",0.709242727167188,0.0240420184117461,0.011055689222921,161.820692189083,2.54093366720441
"LINC02268","LINC02268",0.720065307486818,0.0240561079488612,0.0110634828545925,3.40480880490118,2.54068726696544
"AL137246.1","AL137246.1",1.39938939697594,0.0240835994992903,0.0110767843485219,0.586000041458107,2.54026708838513
"NLRP7","NLRP7",1.18595314102171,0.0241307446026624,0.0110997864801175,11.4101398058807,2.53954153469154
"RF00181","RF00181",1.28155581122512,0.0241510134111317,0.0111117493600931,1.41165047490455,2.53916471869646
"RRS1-AS1","RRS1-AS1",0.732743967678081,0.0241635544191395,0.0111188398582674,4.12673707046662,2.53894154679139
"RN7SL644P","RN7SL644P",0.893462711232033,0.0241792689008049,0.0111283186528206,2.14677510670344,2.53864340114996
"AP002512.3","AP002512.3",0.686962545744431,0.024207466514007,0.0111436759427304,4.28213357142463,2.53816083199998
"FSBP","FSBP",0.516837677920055,0.0242512468342011,0.0111658176563054,19.0924025597503,2.53746611596512
"AL034345.2","AL034345.2",2.06194975218815,0.0242695255159177,0.0111748966910092,0.725200464628552,2.53718160681934
"AC012470.1","AC012470.1",0.737987804443222,0.0242709185980121,0.0111762012932675,5.67958487248673,2.53714074145055
"AC125437.2","AC125437.2",0.638693576522828,0.0243335600287717,0.0112070408438749,8.28256690400696,2.53617595488009
"C22orf31","C22orf31",0.549147585508311,0.0243537512724769,0.0112190017884084,8.2790968577101,2.53580240236479
"AC106037.1","AC106037.1",0.585786821801722,0.0243648021531615,0.0112254240254272,4.81444887002739,2.53560197525449
"AC008676.1","AC008676.1",0.652346359612562,0.0243760338889689,0.0112312647741655,6.61679254988335,2.53541978380536
"RGS2","RGS2",0.576209137647211,0.0244043713432218,0.0112449880688569,1894.97951092006,2.53499204165887
"SLC2A3P4","SLC2A3P4",0.832183273318149,0.0245040389914135,0.0112939947793174,1.98452060793135,2.53346832260253
"PIPSL","PIPSL",0.675747577172615,0.0245058167422252,0.0112957492948261,13.204181647337,2.53341388005269
"TRGV9","TRGV9",0.662570941179293,0.024537341505595,0.0113129621182385,9.08921335717009,2.53288016458764
"AL354989.1","AL354989.1",0.714470500143683,0.0245478386196258,0.011318472545867,3.20417868759145,2.53270945592928
"AC090502.1","AC090502.1",0.644973405593806,0.0245601042422855,0.0113247990161701,5.76450074397083,2.53251355788668
"AC107980.1","AC107980.1",1.48278215006617,0.0245623253057512,0.0113264942808591,0.413608515025753,2.53246108081991
"TRBV5-4","TRBV5-4",0.932663622604416,0.0246284010863977,0.0113596556938572,12.9255294753436,2.53143596618993
"RHOH","RHOH",0.724587253846986,0.0246778716233995,0.0113838221431693,345.678057379486,2.53069058395199
"CLCN3P1","CLCN3P1",0.611591219211822,0.0246836852546031,0.0113878528245027,4.54639609986674,2.53056639961406
"SNORA38","SNORA38",2.08252801413653,0.0246941143437772,0.0113946884624637,0.329536154922186,2.53035588439681
"CXorf65","CXorf65",1.10859959937156,0.0247124696848115,0.0114045086744574,5.25614882693891,2.53005365022374
"AC243585.2","AC243585.2",0.681556759479747,0.024728799571567,0.011414747396433,9.87955170148983,2.52973878157406
"RF00402","RF00402",0.823421353815761,0.024753143162128,0.0114273370001179,2.73661639569452,2.52935196037054
"RN7SL332P","RN7SL332P",1.50834739642915,0.024756828874364,0.0114303913855298,0.547658578813349,2.52925817003623
"AC008105.3","AC008105.3",0.592415449277732,0.0247890547853218,0.0114486568768626,141.756130142484,2.52869775950014
"AC103563.5","AC103563.5",1.50632469555726,0.0248072525699988,0.0114590948372469,15.8395940593333,2.52837786467795
"C10orf111","C10orf111",0.530162810311128,0.0248080442439351,0.0114601383653163,6.41545076688096,2.52834589763066
"AC109630.1","AC109630.1",1.86072106470048,0.0248118869883798,0.0114625914696993,0.465256257893895,2.52827076032573
"RSF1-IT1","RSF1-IT1",0.679883551263527,0.0248558916840682,0.0114849581756134,3.05151837247108,2.52758633733673
"AL360182.2","AL360182.2",1.29302937724998,0.0248654858286514,0.01149075007022,0.977803075470711,2.52740929774087
"RN7SL411P","RN7SL411P",0.776835850249247,0.0249164065669916,0.0115170045600644,2.56450737791708,2.52660777423813
"AC144522.1","AC144522.1",1.12738614101262,0.0249387979287923,0.0115287172370075,1.22225662347039,2.52625072080255
"LINC02419","LINC02419",0.79172160486111,0.0249513465582812,0.0115358817211584,3.02421151207174,2.52603247475366
"SERPINB11","SERPINB11",1.15956852922759,0.0250050677784169,0.0115620853579101,1.03521335318838,2.5252352770911
"RN7SKP299","RN7SKP299",1.41793231617138,0.0250366368488718,0.0115780507299969,0.868983417302302,2.52475034552466
"AC105074.1","AC105074.1",0.570287758808277,0.0250955029785669,0.0116093871671389,23.6709962456611,2.52380025659082
"RPSAP21","RPSAP21",1.30715957251518,0.0251202410060865,0.0116222039114747,0.842987331192487,2.52341232145992
"MIR320D1","MIR320D1",0.913846496105284,0.0251541825491675,0.0116392819877634,5.15254092563441,2.52289599445357
"ICOS","ICOS",0.849306410760395,0.0252388400141721,0.0116805232973591,79.5741183200967,2.52165189856447
"LINC02422","LINC02422",0.862098586767316,0.0252697411377113,0.0116975861186127,7.13566273179727,2.52113831649582
"RPS29P5","RPS29P5",1.18594685493281,0.0253056040776592,0.0117169531052764,0.747301384771308,2.52055618485694
"AC018712.1","AC018712.1",1.61306917469986,0.0253061780801658,0.0117186017678803,0.555666172089441,2.5205066688938
"MIR1273A","MIR1273A",1.22776237239087,0.0253190573587212,0.0117252576073927,1.26997191854676,2.52030683009677
"FAM240A","FAM240A",0.720105761783495,0.0253235465315194,0.0117287203818625,28.5095688265913,2.52020290153239
"AL157791.2","AL157791.2",0.97816335900949,0.0253685523455607,0.0117530307814784,1.51938532882629,2.51947403661534
"LINC01670","LINC01670",0.766344081396977,0.0253772821954765,0.0117577686327139,34.7534252873924,2.51933214393198
"AL136441.1","AL136441.1",0.617792786082974,0.0253814651696687,0.0117604001843559,9.97909217140187,2.51925335417671
"MTND2P12","MTND2P12",0.790560781457877,0.0253918203969655,0.0117658920219716,2.51106058432326,2.51908897662164
"C20orf144","C20orf144",0.55316673898255,0.025426681647476,0.0117848247434667,5.70672108436684,2.51852281783741
"AC011676.5","AC011676.5",0.585124524662554,0.0254361673842468,0.0117906112099715,4.53402683470301,2.51834994192367
"TMEM86A","TMEM86A",0.51462136155964,0.0254361673842468,0.0117900554601625,1041.40979277952,2.51836654218438
"AC099811.6","AC099811.6",0.696622854703452,0.0254457222534398,0.0117968224138979,5.20795419006536,2.51816446031053
"ACTG1P9","ACTG1P9",0.573278872180132,0.0255021377578541,0.011826068527181,5.28011354704174,2.51729226278328
"RN7SL712P","RN7SL712P",1.69261294878586,0.0255231206295604,0.0118371936273166,0.473390597018425,2.51696098462591
"SLX1A-SULT1A3","SLX1A-SULT1A3",0.673147600712878,0.0255463332056989,0.0118489224458796,186.234837644648,2.51661202807336
"ARC","ARC",0.550856169841375,0.0255463332056989,0.011849355241945,152.828890720612,2.5165991573585
"AC097059.2","AC097059.2",0.820488038180371,0.02556350042571,0.0118580165230547,2.37013831952138,2.51634167127944
"MIR5000","MIR5000",1.30620539863006,0.0255805787297742,0.0118677732186444,0.546793016131628,2.51605181994787
"AC114488.3","AC114488.3",0.848749965345841,0.0255805787297742,0.0118680353788783,3.6200118086702,2.51604403462283
"STX17-AS1","STX17-AS1",0.662912966514423,0.0256448312281524,0.0119020493248831,11.0490852660236,2.51503521972563
"AC092580.2","AC092580.2",2.41390224138913,0.0256509955229471,0.0119056111081806,0.291326560576637,2.51492972920265
"AC005387.1","AC005387.1",0.838287223937797,0.0256912257025528,0.0119263893736542,2.85875653759308,2.51431488957886
"WFDC2","WFDC2",0.743748865442501,0.0257010161038954,0.0119316365097759,26.7355235273923,2.51415977431861
"AC015845.1","AC015845.1",0.96714669732143,0.0257393844511564,0.0119501522061818,1.36800593745361,2.51361289816375
"LINC00189","LINC00189",0.559461517904297,0.025773458401532,0.0119673803130041,15.0093162842517,2.51310472629096
"AC023490.1","AC023490.1",1.57700109871404,0.0257985588474614,0.0119807133882018,0.481978752822216,2.5127118899044
"AC112504.1","AC112504.1",0.606356889489213,0.0257985588474614,0.0119811498874368,5.91281227081044,2.51269903574988
"AC004223.2","AC004223.2",1.21963481574942,0.0258022913059188,0.0119835882843249,0.886601819446039,2.51262723677633
"RNU6-748P","RNU6-748P",1.97114569969494,0.0258032927185722,0.011984758406596,0.410485020832436,2.51259278694378
"AC109779.1","AC109779.1",0.729785886663818,0.025821829507977,0.0119947791870028,3.87453610523809,2.51229788494489
"EEF1A1P25","EEF1A1P25",0.589541908724583,0.0258442280079132,0.0120058899038373,3.30668567167218,2.51197116238024
"AC092718.1","AC092718.1",0.824374280821325,0.0259076859907844,0.01203749283514,2.32532078354167,2.51104330750431
"BX005214.2","BX005214.2",0.794878295417201,0.0259492169794948,0.0120589164290622,3.19293638050355,2.51041554292448
"AP002490.1","AP002490.1",0.518443450694815,0.0259864014171211,0.012076906519408,37.3162646841646,2.50988915167069
"CBX3P7","CBX3P7",1.00301012242534,0.0260085945351318,0.0120886418108999,4.30820282668838,2.50954615067862
"HLA-DQB1-AS1","HLA-DQB1-AS1",0.809459550341005,0.0260133982629964,0.0120915853233721,75.3294851582538,2.50946016351839
"LINC01802","LINC01802",2.08221117546831,0.026033806178342,0.0121024940112656,0.32362580512346,2.50914165590323
"TRGC1","TRGC1",0.690916102139025,0.0260736156844242,0.0121231377387865,33.4717181501804,2.50853960412777
"CXCL8","CXCL8",1.12223075491093,0.0260821674363807,0.0121278265917737,1106.44264280206,2.50840298547968
"RN7SL709P","RN7SL709P",0.94039653603854,0.0261396822210311,0.0121581412183014,1.11850271811296,2.50752083912467
"AC106707.2","AC106707.2",1.4760089525309,0.0261465906885806,0.0121630181679682,0.491905577711546,2.50737910343488
"GAU1","GAU1",0.828559185891551,0.0261465906885806,0.0121634977202594,1.77752609918477,2.50736516923097
"AL031847.2","AL031847.2",1.36660777078285,0.0261604214306628,0.0121706466214895,1.07709080090247,2.50715750350124
"C19orf67","C19orf67",1.07763036179376,0.0262185016152891,0.0121991000848864,1.45225034755517,2.50633203940698
"KCNJ6","KCNJ6",0.695669854922473,0.0263783782556243,0.0122792543605309,240.4847442629,2.50401581991692
"AC098818.1","AC098818.1",1.34961972373724,0.0264128475343435,0.0122967433300822,0.591273823583901,2.50351222167873
"C8orf87","C8orf87",1.38963475797905,0.0264529542298802,0.0123175837040799,1.3722862083893,2.50291294699835
"AC012645.2","AC012645.2",0.802983500081383,0.0264600986012428,0.0123223563638236,3.08135495334282,2.50277583335205
"RN7SL575P","RN7SL575P",0.650901634131118,0.0264685970752433,0.0123270372728086,5.68868045009692,2.50264140130044
"AC092316.1","AC092316.1",0.882532700614542,0.0264971265988012,0.0123410481161552,3.04233073449516,2.50223929088561
"LINC01644","LINC01644",1.54079231646168,0.0265295611169762,0.0123589149602972,0.525461405860781,2.50172709970109
"AC004494.1","AC004494.1",0.571540488400193,0.0265552795428764,0.0123717607444352,15.0385334307342,2.50135925305472
"AC005086.1","AC005086.1",0.666779993664514,0.0266093680933249,0.012399141054771,6.0747673529371,2.50057632929729
"AC006116.8","AC006116.8",0.678828488879569,0.0266153775781572,0.0124026685044802,2.95286797988406,2.50047557533607
"AC090373.1","AC090373.1",1.68526680783807,0.026617370479422,0.0124043244596033,0.479166778402238,2.50042828531812
"LINC01914","LINC01914",0.587755074020183,0.0266182520466435,0.0124061898798231,33.3652963596908,2.5003750201873
"MTRNR2L4","MTRNR2L4",0.654949844043274,0.0266331519354928,0.012413862096439,3.74226354571766,2.50015602259128
"CTD-2270F17.1","CTD-2270F17.1",0.770045354087244,0.0266395731586472,0.0124183108188661,2.69443991470394,2.50002909208949
"MTND5P11","MTND5P11",0.627994727373866,0.0266754908158707,0.0124365119208503,7.98506347983065,2.49951019915229
"AC019197.1","AC019197.1",0.571344695707362,0.0267006745996367,0.0124497120698052,15.8194166889688,2.4991342983491
"KDM4A-AS1","KDM4A-AS1",0.542899265884664,0.0267530179905461,0.0124777730839264,10.3042642870623,2.49833637577239
"AC105094.2","AC105094.2",0.54538062551257,0.0268182943680952,0.0125118821917327,5.38929340576211,2.4973686109292
"AP001595.1","AP001595.1",0.783141231205774,0.0268284068148748,0.0125173331175934,2.50530029477402,2.49721417041986
"AC013652.2","AC013652.2",0.979386857134152,0.026862584287978,0.0125368251631399,1.14909053034384,2.49666239112571
"AL136981.1","AL136981.1",0.956528728568301,0.026862584287978,0.0125369491577079,1.45970968490476,2.49665888352937
"ZNF602P","ZNF602P",0.736688916918209,0.026971805260963,0.01259381895966,2.19564535697973,2.49505336161638
"RNU7-11P","RNU7-11P",1.4615254268404,0.0269797302349249,0.01259825650195,0.713490684953163,2.49492835311784
"AC005537.1","AC005537.1",0.614854056390531,0.0269895603524774,0.0126035841412113,9.58103384838719,2.49477832148465
"AC097478.3","AC097478.3",1.0124885944395,0.0270169761624143,0.0126179055257897,1.30620418253612,2.49437529515703
"AL161909.1","AL161909.1",1.11806438171947,0.0270571057444793,0.0126388229134025,1.27528011473605,2.49378737398045
"FTLP10","FTLP10",1.01661430295163,0.027064928998858,0.0126434497490277,0.977587549580105,2.49365744470589
"ROR1-AS1","ROR1-AS1",0.795087782810846,0.027064928998858,0.0126439562835726,95.2318988788739,2.4936432229259
"AC018607.1","AC018607.1",0.712662511553982,0.0270776878434653,0.012652136392008,5.52514835787799,2.49341362290722
"IGLC1","IGLC1",1.30836764973065,0.027086302594277,0.0126569017450566,26715.2483425548,2.49327992911559
"RN7SL254P","RN7SL254P",1.0984893948979,0.027091522912526,0.0126600813238868,1.80657279588879,2.49319074960384
"AP000911.2","AP000911.2",0.66448492667061,0.0271425856866238,0.0126854266009918,3.85864905789708,2.49248058379323
"AC019209.2","AC019209.2",0.954791983972111,0.0272450798539889,0.0127355617951868,1.13435864749743,2.49107950461347
"AC012511.1","AC012511.1",0.673599275501605,0.0272478384322223,0.0127375957741165,3.93786120028882,2.49102276610341
"RN7SL797P","RN7SL797P",0.807988193992729,0.0272593104348335,0.012744448232204,1.665439274583,2.49083167353066
"AC008915.1","AC008915.1",0.515758004869487,0.0272696248344905,0.0127500155787809,9.09487167935148,2.49067648544261
"PAEP","PAEP",1.34930986332589,0.0272722868427666,0.0127520053755639,18.1404993950909,2.49062103501143
"ZAR1L","ZAR1L",1.34584183510837,0.0272771014163342,0.0127550018754377,0.701312460648962,2.49053754484566
"TBC1D10C","TBC1D10C",0.716677598920195,0.0272797328252151,0.012756977712603,548.465297341105,2.49048250245484
"DDX39B-AS1","DDX39B-AS1",0.887161003609375,0.027326342394461,0.0127840005048761,1.83866968523328,2.48973046430972
"AC132942.1","AC132942.1",0.79359968563022,0.0273390269370837,0.012790681664627,2.0378573001102,2.48954474607916
"AC008708.2","AC008708.2",0.785604569735111,0.0273521740557432,0.0127975799483742,2.79273236428885,2.48935308244286
"LINC02505","LINC02505",1.21620571618179,0.0273560168169647,0.012800872810933,1.14455096164717,2.4892616249627
"TRBV12-3","TRBV12-3",0.826752430864941,0.0273560168169647,0.012800134971031,24.6443012612217,2.48928211625771
"AKR1B10P2","AKR1B10P2",1.37331930083817,0.0273826476082745,0.012814082504629,0.61729623082277,2.48889494200281
"AC241585.3","AC241585.3",1.23031481277477,0.0274289843053879,0.0128380147313122,1.12755052769129,2.48823146737262
"TRBV19","TRBV19",0.77588362337409,0.0274330242959537,0.0128406551876823,35.2960811613643,2.48815833288432
"RN7SL377P","RN7SL377P",0.645934202983016,0.0274503795223695,0.0128495287296711,6.08233775496177,2.48791265391357
"AC068196.1","AC068196.1",1.24159561230187,0.0276128447571956,0.0129308600315193,1.46610773975136,2.48566782616138
"AC011511.4","AC011511.4",2.5426636761373,0.0276454777297243,0.0129468971361915,73.0519955075548,2.48522666052845
"AL592114.1","AL592114.1",1.16960255635677,0.0276788060793361,0.0129655305178868,0.720826783499267,2.48471468050902
"AL365475.1","AL365475.1",0.674986143754858,0.0277199450132712,0.0129870733392322,18.5676311917489,2.48412356992279
"SYCP1","SYCP1",0.650229565213828,0.0277751220647017,0.0130152010549369,5.02957232504644,2.48335308146515
"AC109927.2","AC109927.2",0.887123421873069,0.0278287367786269,0.0130426055893272,6.61040171674185,2.48260381797484
"PINCR","PINCR",0.771315725064726,0.0278358422167365,0.0130466962863985,1.96695796106337,2.4824920942685
"AL391825.1","AL391825.1",0.593930565797352,0.0278602925322289,0.0130604398747357,4.82240035012691,2.48211696089747
"AC073592.1","AC073592.1",0.800967016964955,0.0278631731154929,0.0130628994253778,3.6106044894574,2.48204986391635
"DUXAP8","DUXAP8",0.502928407341334,0.0278798706197644,0.0130719030529566,133.950234760978,2.48180433862342
"RN7SKP184","RN7SKP184",0.805279253422848,0.0278816226618263,0.0130734863384137,4.1345593162377,2.48176117853134
"AC105137.2","AC105137.2",0.771835008105464,0.0279215850878085,0.0130960389523572,2.71543119209298,2.48114689946993
"OR2R1P","OR2R1P",1.69579865516857,0.0279394470362025,0.0131051801216014,0.538025335123034,2.48089818237963
"RPS12P5","RPS12P5",0.97860342214819,0.0279528673871381,0.0131137663061057,2.49579766855158,2.48066470525956
"AL031848.1","AL031848.1",0.79920385597271,0.0279709571673005,0.0131237814278227,2.5463553243016,2.48039254295758
"AC006460.1","AC006460.1",0.734174595243827,0.0279738511978302,0.0131259036208732,2.33448565169252,2.48033489565514
"RPSAP45","RPSAP45",1.63150012525401,0.028001397928352,0.013141124369993,0.384698287329738,2.47992168023763
"AKNAD1","AKNAD1",0.555179631186496,0.028001397928352,0.0131405261823935,16.8327799503171,2.47993791194196
"KIAA1210","KIAA1210",0.598179673694386,0.0280417671286049,0.0131616021130406,5.2996092143654,2.47936641429305
"ANKRD30BL","ANKRD30BL",0.762009778325826,0.0280486029773871,0.0131663433195309,3.02569666931352,2.47923796263172
"MTCO2P11","MTCO2P11",1.30543108628786,0.0280860140034834,0.0131862066893045,1.05743444555135,2.47870025631353
"RN7SKP269","RN7SKP269",1.12086283897125,0.0281429371772313,0.0132137007145972,1.0640698845335,2.47795716676933
"P2RX7","P2RX7",0.530644505865488,0.0281567417759812,0.0132209515948588,1341.8965261659,2.47776142279269
"AL157396.1","AL157396.1",0.529855095188992,0.0281714828745505,0.0132294127207,8.58016918543878,2.47753312712112
"CCL19","CCL19",0.940005766093056,0.0281792824486417,0.0132338453708367,882.081664211947,2.47741357815016
"AC008267.4","AC008267.4",0.858750132917089,0.0281868332772879,0.0132396234015324,1.36037322735373,2.47725779728382
"PPP1R14BP3","PPP1R14BP3",0.680064928811006,0.0281868332772879,0.0132397019281908,6.9956388016709,2.47725568054901
"DMP1","DMP1",1.03410144035341,0.0282991883323706,0.0132947961470745,2.82257617873559,2.47577331016594
"RP1","RP1",0.673341347459284,0.0283504480179885,0.0133219761472545,4.61756982132491,2.47504400178522
"AC092683.1","AC092683.1",0.507667308075792,0.0283615453284043,0.0133285097211964,162.458610614584,2.47486888551583
"RN7SL308P","RN7SL308P",0.849325727979186,0.0284083316324345,0.0133530568887885,2.89034656572066,2.47421163681492
"AL512283.1","AL512283.1",0.636080509585409,0.0284088236216822,0.0133540643620706,3.4636441502649,2.47418468460979
"AC003989.1","AC003989.1",1.45016402904521,0.0284442840763374,0.0133722875438526,0.586590732644425,2.47369748298423
"TRBV6-1","TRBV6-1",0.871217975781049,0.0284497394726321,0.0133766764885855,14.8961092538027,2.4735802310662
"MUC17","MUC17",1.48789893331308,0.0284686771550624,0.0133868666859374,0.612298494548535,2.47330812808395
"AC239803.1","AC239803.1",0.532868222220799,0.0285070945699578,0.0134059970872575,6.1638561817166,2.47279779402287
"FBXW12","FBXW12",0.527723406770836,0.0285668816087944,0.0134369481924477,16.6373453214923,2.4719734851621
"ZNF385D-AS1","ZNF385D-AS1",0.745883625157677,0.028573556536314,0.0134408685846384,5.31189459580995,2.47186919462782
"LINC01093","LINC01093",0.994404697089245,0.0286013965031632,0.013456716666032,1.9879291572086,2.47144787670129
"AL024508.1","AL024508.1",0.735796266142169,0.0286198743041821,0.0134665661737293,2.44689275931809,2.47118625048586
"PIK3R6","PIK3R6",0.570075294926787,0.028637256460226,0.0134755274941395,159.06653446966,2.47094836349281
"ACP5","ACP5",0.616043246135167,0.0287098776783134,0.0135136223056451,5595.38137737691,2.46993865717143
"AC087501.1","AC087501.1",0.765908919495777,0.0287269475781087,0.0135224419485684,3.76040093263566,2.46970525034505
"AC126283.1","AC126283.1",1.23734811705931,0.0287358275453882,0.0135289774156284,0.810174840378446,2.4695323796812
"AC139099.1","AC139099.1",0.679124387973869,0.0287630059412556,0.0135433449379944,11.2326744157657,2.46915260134457
"KIR3DX1","KIR3DX1",0.567470281761867,0.0287828480051833,0.0135550470837274,15.9418912526145,2.46884354015246
"AC018797.1","AC018797.1",1.39709052696048,0.0287933904385383,0.0135607986827259,0.51591456642779,2.46869172312029
"PDCD1","PDCD1",0.91746623330603,0.0287952216728032,0.0135632346899493,259.002836626074,2.46862744034389
"ELAVL3","ELAVL3",0.954984543014253,0.0288362677861839,0.0135833562838823,3.03721204205342,2.46809684975974
"AC108174.1","AC108174.1",1.99891771259227,0.0288592032739612,0.0135949485954907,0.424473893392628,2.46779148480773
"FO393419.2","FO393419.2",0.970204664304892,0.0288592475222265,0.0135957579654698,1.59459871180518,2.46777017295627
"KRT18P52","KRT18P52",1.23980411618288,0.0288864414911208,0.0136107806723454,0.90084113086135,2.46737480725418
"NPM1P25","NPM1P25",0.511513402708012,0.0288864414911208,0.0136109370068684,29.6607807713774,2.4673706948891
"LINC02431","LINC02431",0.918451804274222,0.0289274276208037,0.0136318299455177,2.00169872872767,2.46682148313102
"AL583804.1","AL583804.1",0.800466775878426,0.0289468680140492,0.0136417820024132,1.54639122369959,2.46656013525838
"PHKA1-AS1","PHKA1-AS1",0.790178797268157,0.0291227813260133,0.0137318461527094,2.55823304095761,2.46420261634239
"AC133561.2","AC133561.2",2.94355504438864,0.0291342325527086,0.0137388376629743,1.3207947360665,2.46402017833522
"AP000753.1","AP000753.1",1.08183781895403,0.0291657768736303,0.0137545099275625,1.82342565902505,2.46361152052719
"SHD","SHD",1.34425996835644,0.029204289913326,0.0137734705372803,14.5520833563566,2.46311766771718
"AL136531.3","AL136531.3",0.504099687603008,0.029204554611151,0.0137743933358203,9.5641952466807,2.46309364759848
"CCL24","CCL24",1.2275928937671,0.029215491199515,0.0137811481206707,144.650915509508,2.46291786620406
"AC005776.1","AC005776.1",0.742505819794855,0.0292937895312724,0.0138196827795008,2.2930601609451,2.46191652215474
"AL137798.1","AL137798.1",1.42430244600544,0.0293239477218546,0.0138352809081319,0.55510610907009,2.46151189716347
"AL355877.3","AL355877.3",1.34751687465565,0.0293546940194251,0.0138531590463478,0.578725521736405,2.46104862245371
"KRT86","KRT86",0.636518311841181,0.0293696625511354,0.0138618965247223,13.9989380328047,2.46082240091684
"AL139082.2","AL139082.2",0.797963792693204,0.0293833127534195,0.0138691419933693,5.63881265406106,2.46063490438367
"RN7SL73P","RN7SL73P",0.944472136942223,0.029386057480947,0.0138712404448439,1.60798523754164,2.46058061730113
"LINC01374","LINC01374",0.917573831808042,0.0294162713125011,0.0138878378991023,2.15651829134196,2.46015149532504
"LINC02456","LINC02456",1.13037406625144,0.0294321166768255,0.0138961986987498,1.66277782782077,2.45993550093759
"LINC01035","LINC01035",0.725441415948037,0.0294597034058117,0.0139108334724784,2.65732189260696,2.45955769961703
"AC013489.3","AC013489.3",1.45003332445874,0.0294607926134815,0.0139121527565999,5.45798717863878,2.45952365912404
"AC008105.2","AC008105.2",0.848180016857757,0.0294724911884696,0.0139190274311039,6.86019264784755,2.4593463231873
"MANCR","MANCR",0.9636036947593,0.0294761497815484,0.0139221770886522,2.59064963969747,2.45926510189954
"AL445673.1","AL445673.1",0.775623593904556,0.0295016842392181,0.0139362993199771,3.58527730610744,2.45890112643823
"AC015674.1","AC015674.1",2.61124689021494,0.0295167854865027,0.0139442394891016,6.20165889684994,2.45869662564065
"AL158840.1","AL158840.1",1.09665773220425,0.0295229291859997,0.0139479485383513,2.55402335092785,2.45860113348693
"RNU2-45P","RNU2-45P",0.873790964917125,0.0295643214851385,0.0139683411900782,2.95871247888543,2.45807651001836
"RHEBP2","RHEBP2",0.783315670430696,0.0295730357173418,0.0139740451841774,22.7035082480982,2.45792988948232
"AC015688.4","AC015688.4",1.87034394037307,0.029609480312939,0.0139953113454885,0.922761147910461,2.45738371040536
"AC002044.3","AC002044.3",0.87800712300083,0.0296989606272972,0.0140400398036421,3.74855102996095,2.45623733548834
"AC011840.5","AC011840.5",0.635961535100039,0.0298106558550859,0.0140944722237331,3.98676160604583,2.45484659160815
"SLC2A6","SLC2A6",0.571389415529304,0.0298292396460415,0.0141048886940735,576.525408020943,2.45458099212334
"NPIPB15","NPIPB15",0.978970279820341,0.029851817684439,0.0141163804657118,23.4778729983063,2.45428817532051
"GSG1L","GSG1L",0.680015841776739,0.0298704040059142,0.0141259975448497,14.1040714454747,2.45404328837567
"AC008982.1","AC008982.1",0.53336474435303,0.0299148419497071,0.0141501741615478,22.703731925154,2.45342831014265
"AL034548.1","AL034548.1",0.711981193866081,0.0299190545253183,0.0141530804392698,2.7701606771735,2.45335444588096
"AC097493.2","AC097493.2",1.3069295668774,0.0299191109886972,0.0141539246334135,0.750332750657055,2.45333299284284
"RPL4P1","RPL4P1",1.01073051584182,0.029936625183711,0.014163028089728,3.10382842019261,2.45310172345763
"RN7SKP56","RN7SKP56",1.28094749192873,0.0299769861293767,0.0141837609990004,0.736382074461219,2.45257550198089
"LINC01623","LINC01623",0.608796789580011,0.0300213899456426,0.0142055911658416,4.47460514771301,2.45202216405902
"AC007731.1","AC007731.1",0.947185655618002,0.0300946897306195,0.0142452090191878,4.78862672511352,2.45101986805846
"AC009158.1","AC009158.1",1.05696639489655,0.0301214484143948,0.0142595211680047,0.931828279995305,2.4506583882137
"CD3E","CD3E",0.65484769576772,0.03017604316589,0.0142870153823477,1094.41538994754,2.44996486800132
"AC092608.1","AC092608.1",0.937654987124011,0.0301833639311323,0.0142913061439545,1.5532764894375,2.4498567430975
"AL358472.3","AL358472.3",0.591121609917647,0.0302139665613761,0.0143074470470562,4.20789320460274,2.44945025726775
"AC012360.2","AC012360.2",0.516931507797232,0.0302275379625232,0.0143155254379741,5.68709953842741,2.44924696628527
"ADAM18","ADAM18",1.91354001850135,0.0302361495921094,0.0143204299852352,0.324598898599697,2.44912359376423
"AL355581.1","AL355581.1",0.816961781512529,0.0303072466714107,0.0143582433956007,3.94152076064225,2.44817365737671
"CD40LG","CD40LG",0.655148175297972,0.0303476853893536,0.0143790598742255,104.994925319212,2.44765165382322
"SLC6A5","SLC6A5",1.60308854688287,0.0303887580260872,0.0144024992857184,0.534368779603466,2.44706467359929
"SPIN4-AS1","SPIN4-AS1",1.02230585625849,0.0303887580260872,0.0144010537239657,3.82932432242464,2.44710084961594
"AC007036.2","AC007036.2",0.852663000886199,0.0303887580260872,0.0144026221122504,2.84780602623069,2.4470615999421
"AL353148.1","AL353148.1",1.3546099064635,0.0305047686046023,0.0144618224557626,0.540340936058318,2.44558283216739
"AC093879.1","AC093879.1",1.01042435775479,0.030542894198744,0.0144840698301429,1.28584333860622,2.44502849385201
"AC011472.3","AC011472.3",0.980709743497048,0.0305561197999497,0.0144911765722486,54.197911777459,2.4448515732323
"IL26","IL26",0.950679963365445,0.0306009308033334,0.0145132642117069,34.1610630346176,2.44430219480194
"CR589904.1","CR589904.1",0.576643452392443,0.0306150975073497,0.0145216561307028,3.51850165967924,2.4440936586713
"LINC02585","LINC02585",0.669910177940048,0.0306228994971865,0.0145263764509127,2.55106785578049,2.44397640712337
"MIR5190","MIR5190",0.889173238443628,0.0308245428670392,0.0146336356817073,2.80665004970745,2.44132112811324
"MIR4744","MIR4744",0.990062967451827,0.0308398529869817,0.0146417466461322,1.19683676780376,2.44112103390305
"AC069236.1","AC069236.1",1.5024676108199,0.0308818629170225,0.0146633791571359,0.475718165390238,2.44058784604583
"AC126389.1","AC126389.1",0.738527037817562,0.0310055542240425,0.0147255893910302,4.90476781281245,2.4390583726176
"RPL21P16","RPL21P16",1.40216487119476,0.0310211613447187,0.0147354542467809,714.784452653512,2.43881636296803
"OR8B8","OR8B8",0.739736448151141,0.0310429725383244,0.0147466630386434,2.08566543601435,2.43854155643622
"AC104984.3","AC104984.3",0.799619477176206,0.0310444417791543,0.0147482092192179,2.47199066345895,2.43850366309679
"ATP5MC1P3","ATP5MC1P3",1.23347824942031,0.0310588564474565,0.0147567544130938,0.698235374710131,2.43829430311963
"AL096855.1","AL096855.1",0.610977633640757,0.0310614280818741,0.0147588249499656,5.20876493524966,2.43824359038716
"SNORA80D","SNORA80D",1.0853411597631,0.0310944554359178,0.0147762170808351,0.896056838237317,2.43781786007365
"AL133268.2","AL133268.2",0.615351364797882,0.0311142730099,0.0147876914867369,4.28679293826846,2.43753722750704
"AC021915.2","AC021915.2",1.26243370110536,0.0311386354842983,0.014801465655355,0.781100988821473,2.43720060237551
"MIR1296","MIR1296",1.15534836209912,0.0311386354842983,0.0148008944747886,0.80401719965637,2.43721455589617
"AC007546.1","AC007546.1",0.671275382467774,0.031153677448671,0.0148094669322107,3.87088475367538,2.43700518693817
"METTL7B","METTL7B",0.947659060315446,0.0312014309372799,0.0148338724639654,61.9021370936445,2.43640970403104
"AC012486.1","AC012486.1",0.650140417924733,0.0312338806970731,0.0148501532284972,4.98540127418396,2.43601294130067
"AC090673.1","AC090673.1",0.577016547040117,0.0312702757798569,0.0148683116784904,16.4280528076321,2.43557087121494
"SPINK6","SPINK6",1.19367373428647,0.0312992743607492,0.0148829731038842,3.40759428950692,2.43521428367929
"AP001029.3","AP001029.3",0.887074705198358,0.0312992743607492,0.0148838102400196,1.82630565592451,2.43519393263347
"RN7SL793P","RN7SL793P",1.48422121261825,0.0313221220260336,0.0148955308577588,0.630886881808155,2.43490910654493
"AC078962.1","AC078962.1",0.872440241333473,0.0313331099708218,0.0149024685172298,2.11827111423737,2.43474060551667
"RF02277","RF02277",1.31162775501419,0.0313434269656891,0.0149090882277024,0.72354707969522,2.43457989121842
"AL451069.3","AL451069.3",0.933966387213712,0.031381655444905,0.0149289872114331,1.36742996536343,2.43409715904479
"AC073869.3","AC073869.3",0.716341997463749,0.031381655444905,0.0149286020786349,2.22109976368414,2.43410649665295
"AL137779.3","AL137779.3",1.20986936244356,0.0313878764987092,0.0149332154995048,0.733119846331977,2.43399465745669
"LINC01284","LINC01284",1.31953787449461,0.0314233829364817,0.014954443892502,0.851381913315973,2.43348042773783
"LINC02416","LINC02416",1.04053134385804,0.031430906273789,0.0149592873134001,4.09642882667984,2.43336319238571
"LINC01787","LINC01787",0.936928119984737,0.031434322691914,0.0149617722149005,1.32097133210179,2.43330305814416
"LMO7-AS1","LMO7-AS1",0.536502985346352,0.0314400841052146,0.014965373512854,14.2419881043502,2.43321592289075
"AC093392.1","AC093392.1",1.23471411758438,0.031451892410535,0.0149718535909817,0.685867025598595,2.43305918058574
"PRLHR","PRLHR",0.879049151923639,0.0314535873536107,0.0149735198355682,2.07937977901247,2.43301888656193
"MIR548AT","MIR548AT",1.40326714020981,0.0314785731001415,0.0149879946130513,0.506841429480368,2.4326690158038
"AC098936.1","AC098936.1",0.686772713095051,0.0314802684861339,0.0149896619827825,4.79057492441797,2.43262873282576
"RNY1P4","RNY1P4",1.33059508012013,0.0315327625532624,0.0150163807355614,0.652938710205667,2.43198375639713
"PLEK","PLEK",0.518651743309021,0.0315654593021953,0.0150345388277239,5223.17963039799,2.43154600645314
"LINC02209","LINC02209",0.856825082913967,0.0315670456253714,0.0150378819224118,1.72855790805976,2.43146546287741
"AC007384.1","AC007384.1",0.567163689150097,0.0315670456253714,0.0150378411321421,64.2520067168178,2.43146644552275
"AL390760.1","AL390760.1",1.29865902612154,0.0316789488421719,0.0150955181236503,1.46051556096282,2.43007933553654
"YWHAQP6","YWHAQP6",1.05557824422608,0.0316961984384349,0.0151046038679948,0.836065626134018,2.42986125252275
"AL355601.1","AL355601.1",0.992985515325495,0.0317024291329793,0.0151084392725874,1.5283614496314,2.42976922687394
"RNU6-501P","RNU6-501P",0.867831047803224,0.0317036917328024,0.0151099072350412,2.5891794268597,2.42973401042862
"DCDC1","DCDC1",0.566638020062775,0.0317146986697557,0.0151177383745861,7.71020342931556,2.42954619215015
"AL360004.1","AL360004.1",0.512281441181029,0.0317146986697557,0.0151177527526041,10.2856228458687,2.4295458473935
"AC005725.1","AC005725.1",0.598016790926401,0.031725072900114,0.0151235647664769,9.24165216046821,2.42940651035534
"KIF26B-AS1","KIF26B-AS1",1.30039248883155,0.031743662623519,0.0151332939548938,0.9705424480659,2.42917336860739
"RPL15P18","RPL15P18",1.2487062033362,0.0317963685419134,0.0151618957838595,0.580500034672125,2.42848874304027
"AC126773.1","AC126773.1",0.898480045763297,0.0318004612040761,0.0151647162325403,2.5441766053537,2.42842129319975
"RNU6-268P","RNU6-268P",1.13826073129057,0.0318011453333629,0.015165911381418,1.03685600091555,2.42839271505081
"DAW1","DAW1",0.681615196883818,0.0318733246758926,0.0152012044650866,89.5024297270218,2.42754968694405
"AC103739.1","AC103739.1",0.647851844656626,0.0318737302963902,0.0152022688066282,3.74165203354497,2.42752429033647
"AC131097.1","AC131097.1",0.826254422420769,0.0318982110239751,0.0152148165208212,1.56744175673043,2.4272250031252
"PAGE4","PAGE4",1.24419620783462,0.0319391002475556,0.0152351925495731,0.705050110080507,2.42673945819515
"MTND1P11","MTND1P11",1.07751311786302,0.0320164334585877,0.0152747054460614,1.12528072283174,2.42579952377579
"MTND5P12","MTND5P12",1.04795262522825,0.0320999856516999,0.0153163214687733,1.39909723368275,2.42481187191042
"RN7SL190P","RN7SL190P",1.00985835318973,0.032110148802202,0.0153220481073706,1.21550881306974,2.42467614948182
"TRAV38-2DV8","TRAV38-2DV8",0.799713693647087,0.0321547540584666,0.0153459681723336,12.8643680124198,2.42410972175975
"IL6","IL6",0.962139386169018,0.0321596464857421,0.0153509392088832,278.55886394915,2.4239921050465
"AC004223.1","AC004223.1",1.23278538975185,0.0322253488679012,0.0153867037751462,0.890236667486886,2.42314688805087
"TPI1P1","TPI1P1",0.622728571588216,0.0323704239996066,0.0154612798693167,3.78926423544788,2.42138999374755
"AC106882.1","AC106882.1",1.0603056078261,0.0323719728437174,0.0154629041573231,7.2944969409561,2.42135181116544
"AP004147.1","AP004147.1",0.524783351410669,0.0324140532877301,0.0154847757502301,6.03824264205947,2.42083801313401
"AL353898.2","AL353898.2",2.59629295913305,0.0324344904651159,0.0154962600044415,0.774499544961184,2.42056848565532
"AC078955.1","AC078955.1",1.49513250773711,0.0325043855007486,0.0155340883734815,0.539001932994022,2.41968192147627
"MKRN9P","MKRN9P",0.957369611707926,0.0325043855007486,0.0155341459273093,1.93179392167046,2.41968057406471
"AC079907.2","AC079907.2",1.05382039351564,0.0325075043182688,0.0155374128538888,1.15215279336932,2.4196040981747
"AC114954.1","AC114954.1",0.86005050471793,0.0325335834343702,0.0155507666493858,2.11780108780148,2.41929164457245
"CCT4P2","CCT4P2",0.781814787286309,0.0325418690720533,0.0155556162577003,6.469706019466,2.41917823133301
"AL591503.1","AL591503.1",0.893643568100624,0.0326339285072736,0.015601405696652,1.8594629477865,2.41810892762248
"AL442663.2","AL442663.2",1.45555562104395,0.0326491143050869,0.015610449772527,0.540790269242476,2.41789805131836
"TRBV4-1","TRBV4-1",0.924718207530852,0.0326706686893998,0.0156216481888712,10.3617207172135,2.41763709220927
"LINC02388","LINC02388",0.862658093650259,0.0327045580280831,0.015638746141957,1.93982547106522,2.4172389722384
"HLA-C","HLA-C",0.536936675536159,0.0327277166903813,0.0156525028811835,40080.5518186345,2.41691892919781
"AC012170.2","AC012170.2",0.619132706041724,0.0327338182246598,0.0156563154190735,7.61652239444017,2.41683027637678
"AL353784.1","AL353784.1",1.40500858430894,0.0327364389299783,0.0156584969209621,0.492607836502381,2.41677955852595
"POLR3DP1","POLR3DP1",1.137576117531,0.0327864677184866,0.0156841847267757,1.13015452886204,2.41618280848533
"AC008533.1","AC008533.1",0.729172705209846,0.0328480019291227,0.0157158708501434,12.171596437998,2.41544789558608
"CHIAP2","CHIAP2",0.708529702584227,0.0328797205617877,0.0157341847022911,6.27977909842282,2.41502372697241
"KLRA1P","KLRA1P",0.5188010479219,0.0329228571733311,0.0157566263080431,38.9131955314529,2.41450454686407
"AC007064.2","AC007064.2",0.932107274471827,0.0329318791990725,0.0157627437856048,1.35728456012693,2.41436313359616
"RN7SL748P","RN7SL748P",0.922543573089794,0.032961103570018,0.0157803343466722,1.16424982517827,2.41395677422605
"AL138690.1","AL138690.1",0.793045029475765,0.032961103570018,0.0157790751684726,3.0322375366093,2.41398584924601
"C7orf57","C7orf57",0.648762635002185,0.032961103570018,0.0157796190992776,8.76117467816331,2.4139732893762
"AC096588.1","AC096588.1",0.899199469484071,0.0329824205818061,0.0157914411829555,1.48525324260524,2.41370040047005
"AL355388.2","AL355388.2",0.522351037725758,0.0329835787532563,0.0157928969117206,14.6421594240841,2.41366681034016
"MIR221","MIR221",1.3025057237659,0.032987185012734,0.0157955249418881,0.795405662910738,2.41360617690396
"TSGA10IP","TSGA10IP",0.780858894839715,0.0329975557864886,0.0158013924619252,3.64894432774249,2.41347083455699
"C9orf153","C9orf153",0.598973180918018,0.0330130455825712,0.0158097120119601,5.35094119502437,2.41327900854527
"RN7SKP187","RN7SKP187",1.10320972240216,0.0330235921789195,0.0158165673188961,1.7957830942002,2.41312101067109
"NSRP1P1","NSRP1P1",0.750019482399,0.0330241161375718,0.0158177205904979,27.1954442020708,2.4130944365309
"AL136115.1","AL136115.1",0.681219043045908,0.033043451797693,0.0158287875875612,3.08220678406074,2.41283951300744
"NACA3P","NACA3P",1.00022459802795,0.0330943783489897,0.0158549913924201,1.08550788649405,2.41223654401516
"AP005329.3","AP005329.3",0.59492641466968,0.0331330825349271,0.0158762498542315,15.4995237895655,2.41174801459194
"AL355385.1","AL355385.1",1.11320443685643,0.0331815818594687,0.0159003957116687,0.785741058987942,2.41119382872813
"AC016642.1","AC016642.1",0.790408286084212,0.0331861589991362,0.0159034957973128,2.67283953858337,2.41112273044321
"TRBV8-2","TRBV8-2",0.905405227280975,0.0332025136877554,0.0159137023075575,1.91189799261885,2.41088873738664
"RASGRF1","RASGRF1",0.569620264565746,0.0332025136877554,0.0159140548952322,29.3140939947127,2.41088065636829
"FRG2JP","FRG2JP",1.91847782000542,0.0332026190126251,0.0159150125778978,0.454721141836223,2.41085870786693
"MTND5P14","MTND5P14",1.15167462935709,0.033224033550511,0.0159270927796856,1.01073229997115,2.41058194931143
"AC007569.1","AC007569.1",1.02119430391693,0.0332660163600059,0.0159481276278768,8.98773293861257,2.41010047918298
"CLEC5A","CLEC5A",1.03141109146189,0.0332895639817807,0.0159639645193648,819.052854213117,2.40973835425884
"PRR23C","PRR23C",0.882799191354842,0.0332895802612249,0.0159648819023749,1.62576131585697,2.40971738714209
"AC044849.1","AC044849.1",0.814417513847066,0.0333295649294671,0.0159867895936172,5.84994338774518,2.40921699346314
"RN7SL380P","RN7SL380P",0.763180264873021,0.0333363144148612,0.0159909378908523,2.47669283731986,2.4091223100814
"AL157712.2","AL157712.2",0.978813894002332,0.0334441472041789,0.016045405086428,1.44591104670583,2.40788111508831
"CCL25","CCL25",1.18912116168512,0.0334979361027095,0.016074872312683,6.24847565860311,2.40721116103174
"AL139184.1","AL139184.1",1.23960655505824,0.033612981970059,0.0161328353585086,0.62345440250395,2.40589648267
"SNORA2C","SNORA2C",1.19001991244253,0.0336476850873618,0.0161513301351067,0.694999918096493,2.40547787042596
"AREG","AREG",0.825143391844989,0.0336645187714393,0.0161603303449662,28.712186325354,2.40527431134061
"LINC02513","LINC02513",1.12574222112548,0.0336835685186173,0.016170395335176,1.06563697915426,2.40504678794669
"MARVELD3","MARVELD3",0.643536768526567,0.0336866833474708,0.0161728110904235,22.3341628050054,2.40499219729236
"FATE1","FATE1",0.774133193557058,0.0336915032541047,0.0161760456619342,9.45215927363609,2.40491911444668
"DENND6A-AS1","DENND6A-AS1",0.667887891138647,0.033743515259422,0.0162037837286358,2.87232585439428,2.40429291931051
"MIR548W","MIR548W",0.558053939990709,0.0337586983030062,0.0162119970866318,2.77748739093381,2.40410768107794
"PRKCQ-AS1","PRKCQ-AS1",0.711945094040599,0.0337798621854271,0.0162230836261442,80.0620753960002,2.40385777390687
"PPIAP46","PPIAP46",0.639441438023828,0.0337892477421401,0.016228514353161,168.44042131295,2.40373541196447
"AL049775.3","AL049775.3",0.714115647522839,0.0337957238141053,0.0162325481277674,4.89415840428721,2.40364454861932
"NDUFA9P1","NDUFA9P1",0.783993710942459,0.0338197154967375,0.0162459197832766,7.65152827994329,2.40334348539639
"AC079331.1","AC079331.1",0.573320822038496,0.0338972075435689,0.0162868492213902,9.84388792683124,2.40242330930329
"AL356481.2","AL356481.2",0.876487956965822,0.033908533925386,0.0162932177822301,3.24704251108296,2.40228031397245
"RN7SL541P","RN7SL541P",0.899485183265416,0.0339463249376534,0.0163132315911213,1.36876549921502,2.4018312569894
"HCG14","HCG14",1.02418672037322,0.0339548209435747,0.0163182421808393,1.63037971310317,2.4017189083666
"AC007656.2","AC007656.2",0.551947592566355,0.0340590548646958,0.0163746734306641,6.364545958675,2.40045568215169
"AL591518.1","AL591518.1",1.21047996822597,0.0341068166497029,0.0164006083832378,2.95506625033451,2.39987640479884
"RD3","RD3",0.61029308088685,0.0341581048008729,0.0164318039597849,5.7173180595969,2.3991806925133
"AC025423.1","AC025423.1",0.848285238509707,0.0341898274654986,0.0164498667132972,1.46461424111028,2.39877839385416
"TRAJ33","TRAJ33",1.46973053321902,0.0342060551000314,0.0164586089869,0.606419311839055,2.39858382284767
"RPSAP36","RPSAP36",0.620422421353757,0.0342547592044905,0.0164839153831932,23.2744160314674,2.39802110641595
"CR545473.1","CR545473.1",1.04422406114959,0.0342792259375046,0.0164984989996761,1.28288832611751,2.39769716771853
"AC007319.1","AC007319.1",0.514321029104598,0.0343120351663924,0.0165171025318042,9.8713178319438,2.39728430146788
"GPR33","GPR33",0.946878541946162,0.0343438691228956,0.0165333651213502,1.91301797872024,2.39692372195379
"RPL7L1P1","RPL7L1P1",1.273322652753,0.0343558993172547,0.0165400952476851,0.653977676617977,2.39677459049325
"AC053503.4","AC053503.4",1.19336540896012,0.0343600568992629,0.0165430356737045,1.21592303137932,2.39670945093723
"SNORA50A","SNORA50A",1.15643438652614,0.0344372253279224,0.0165820711482274,0.661452798096324,2.3958456562604
"SULT1C2P1","SULT1C2P1",0.652786006917544,0.0344656302265325,0.0165966902678327,4.04004559974068,2.39552261734157
"AL158835.1","AL158835.1",0.575820202764761,0.0345422636865787,0.0166345363937799,18.5272915062403,2.39468749022708
"AL138767.3","AL138767.3",1.07415692162443,0.034552803948401,0.0166405715198715,0.879906354024243,2.39455447110174
"CARM1P1","CARM1P1",1.1985497301416,0.0346602482588381,0.0166989305048797,1.14367723838645,2.39327037195266
"ANKRD33B-AS1","ANKRD33B-AS1",1.05070233261845,0.0346619458451403,0.0167021522213935,1.36803129259247,2.39319959789654
"AC005532.1","AC005532.1",0.616997416734916,0.0348184517119626,0.0167818106560021,15.0869139162547,2.391453477289
"TMSB4XP1","TMSB4XP1",1.05494636905063,0.034824655690112,0.016785752371083,1.17954508153686,2.3913672635923
"LINC01660","LINC01660",1.68277747500179,0.0348641250733307,0.0168084344462964,1.09996736277101,2.39087150344695
"OR9A4","OR9A4",1.77646565966103,0.0349098338581707,0.0168325319843476,0.647543190762327,2.39034544863063
"TMEM78","TMEM78",0.574857240720949,0.0349187202305207,0.0168377708305754,6.95521553811311,2.39023117089756
"AC015908.2","AC015908.2",0.909623903092046,0.0349229686292884,0.0168407736096153,8.96923840297114,2.39016568375547
"DNAJC12","DNAJC12",0.551126011163169,0.0349291585240612,0.0168447129142785,53.9497951815407,2.39007978761278
"AP000357.2","AP000357.2",1.54147594383397,0.0349566391799639,0.0168598758109435,1.70005741128226,2.38974932664188
"AC144450.1","AC144450.1",0.644064904628934,0.035060727642675,0.0169158263535713,6.55003452370499,2.38853219047107
"FOXI3","FOXI3",1.29898803549264,0.0350897956335599,0.0169308096148265,0.631772127892459,2.3882068476458
"RNU6ATAC14P","RNU6ATAC14P",1.17668388913849,0.0351802007411141,0.016977313737795,1.22442978825574,2.38719867534553
"AC112512.1","AC112512.1",0.663803634955937,0.0351971479598384,0.0169874155458506,3.75244062429485,2.38697999664853
"KCNQ5-AS1","KCNQ5-AS1",1.13976427202013,0.0352087898525694,0.0169959203892277,1.57521155297526,2.38679597667809
"AP001172.1","AP001172.1",1.0327346146896,0.0352089078770503,0.0169969393800848,1.7519698735537,2.38677393411332
"AC000120.1","AC000120.1",0.662047688786125,0.0352756961823633,0.017032072658776,7.59915639622377,2.38601464783238
"AP002992.1","AP002992.1",1.1017782631803,0.0353428342512354,0.0170683514683621,1.22492393493023,2.3852320457097
"AC107079.1","AC107079.1",0.664635524041864,0.0353681553642061,0.0170815463323508,4.99971496676208,2.38494776961431
"AC023825.1","AC023825.1",0.95883886881955,0.0354160093779121,0.0171056257759325,1.71626504933033,2.38442948748724
"CSAG3","CSAG3",1.6062949980666,0.0356209160200705,0.0172084870119639,0.503814332887652,2.38222270047729
"RN7SL624P","RN7SL624P",1.09459125711867,0.0356235172720516,0.0172116903719142,0.869358691319879,2.38215416150956
"AL158068.1","AL158068.1",0.753290495804906,0.0356235172720516,0.0172116341724289,3.14371901356087,2.38215536385517
"AL139317.5","AL139317.5",0.506799881982156,0.0356261426987394,0.0172139322791472,8.20743922180918,2.38210620040318
"AC007092.1","AC007092.1",1.04663038091432,0.0356538345985501,0.01722926087352,1.06057519748437,2.38177842261072
"TRAV8-2","TRAV8-2",0.775574637902884,0.0356810170569025,0.0172453212032992,16.7474909447817,2.38143527209923
"RN7SL519P","RN7SL519P",0.888097334856464,0.0357088224837342,0.0172597357779518,1.88623712211823,2.38112752396394
"IGKV2D-29","IGKV2D-29",1.50507320247992,0.0357958402663888,0.0173057077426564,728.596459711531,2.38014753585483
"AC239798.2","AC239798.2",0.774557977095226,0.0358430261752763,0.0173294993899154,24.6812998293476,2.37964126361734
"ZG16B","ZG16B",1.00510486561538,0.0359192696315946,0.0173695784085002,42.5599800817465,2.37878978240609
"AC008592.2","AC008592.2",1.61870885829326,0.0359832028625643,0.0174100537252463,0.394528135210037,2.37793162858872
"UBOX5-AS1","UBOX5-AS1",0.601406344231659,0.0360082174922324,0.0174231406205072,5.8568245574408,2.37765453573104
"AC010422.5","AC010422.5",0.600860388663856,0.0360189487659199,0.0174293172667134,6.29011565978743,2.37752381908977
"CARD14","CARD14",0.61310018739565,0.0360380540983867,0.0174395468765957,92.1833148656852,2.37730741871028
"AC022405.1","AC022405.1",0.693327570353783,0.0360642576919636,0.017453212717289,4.6988195292959,2.3770185008162
"AL096700.1","AL096700.1",0.879190928190222,0.0360872716032058,0.0174653362634931,2.89947454909843,2.37676235550057
"HIST2H2AA3","HIST2H2AA3",2.39525349959336,0.0361078391366627,0.0174802233346099,45.5858558460349,2.37644803581103
"AC007601.1","AC007601.1",0.525790386200322,0.0361125777285312,0.017483504051254,12.6249172625094,2.37637879962779
"AC138811.1","AC138811.1",1.28119239409504,0.036133543607629,0.0174946417313912,0.752001709979099,2.3761438351762
"AL033527.6","AL033527.6",0.532279149971682,0.0361510970972743,0.01750511606213,5.79972391882361,2.3759229846108
"AC096888.1","AC096888.1",1.36473298252261,0.0361543552749776,0.0175086694416159,1.62765803250034,2.37584808815944
"RPSAP14","RPSAP14",1.10896180529662,0.0361736605882652,0.0175199952891497,1.33212237129088,2.37560945619983
"AL589826.2","AL589826.2",0.933730316672247,0.0361788632665513,0.0175254806648457,1.49137606439024,2.37549392970922
"IGKV1-16","IGKV1-16",1.38453787337869,0.0362359525672749,0.0175570957369187,2073.98574228807,2.37482870766688
"NUSAP1","NUSAP1",0.584447964268655,0.0362734590794947,0.0175792328668269,389.61961803654,2.37436353857874
"RANP8","RANP8",0.857985888464568,0.0363538755608547,0.0176211850719846,2.08701948067366,2.37348340074822
"AC006213.3","AC006213.3",0.836075299359097,0.0363581642953429,0.017624257295655,1.54098102654552,2.37341901912125
"TRAV39","TRAV39",0.916115525669388,0.0363636919766183,0.017628923925275,4.41157859736568,2.37332124388434
"AL138999.2","AL138999.2",0.655451126359027,0.0364260088537257,0.0176621206349413,4.81384281967214,2.37262636027933
"RF00026","RF00026",0.590187111625258,0.0364956711510378,0.0176998869622372,4.65377046824822,2.37183721459145
"AC133435.1","AC133435.1",0.716505302746222,0.0366304508126676,0.0177702574982626,5.94467485738219,2.37037071648188
"WDR87","WDR87",0.848541927096643,0.0366510621797303,0.0177822593820998,1.91383467557525,2.37012110945004
"Z98200.1","Z98200.1",1.04241570916339,0.0366551780028689,0.0177852578205674,1.17183034530958,2.37005877301051
"AC007619.1","AC007619.1",0.582275520866777,0.0366797797079957,0.0178002013004102,5.0293445501658,2.36974824077195
"RNU6-703P","RNU6-703P",1.06833083723615,0.0367258787154247,0.017825582925785,1.5099341347344,2.36922132228334
"AC005183.1","AC005183.1",0.889008256536214,0.0367610022076757,0.0178446396136934,1.77313806339098,2.36882614038789
"TNFRSF17","TNFRSF17",1.13561929393771,0.0367750917473089,0.0178544934358297,306.535182487912,2.3686219449521
"LINC00934","LINC00934",0.829275388895005,0.0367750917473089,0.0178539198937882,1.4686848504688,2.36863382744754
"URGCP-MRPS24","URGCP-MRPS24",0.902632733432148,0.0368124920591416,0.0178766748098889,5.47527008831595,2.36816265336064
"ADTRP","ADTRP",0.518927787503806,0.0368124920591416,0.0178760273895705,245.31904546643,2.36817605188851
"TAGLN2P1","TAGLN2P1",0.554149416251294,0.0368361066977232,0.0178891488960172,3.25832804030593,2.3679045819506
"AC048383.1","AC048383.1",1.43629260927,0.0368666249790272,0.0179049771579062,0.421940893855521,2.36757734417947
"SLC25A24P1","SLC25A24P1",1.68861706209712,0.0368678785646373,0.0179065933321947,1.78986961264073,2.36754394521614
"AC134349.2","AC134349.2",0.724034005979384,0.0368853367355898,0.0179170883490072,3.64378397710186,2.36732712524013
"CCL15-CCL14","CCL15-CCL14",0.679499229306965,0.0369244717676333,0.0179431604794491,67.896546708927,2.3667889737253
"MDS2","MDS2",0.581114715084885,0.0371753634167028,0.0180762525578197,8.79146419656544,2.36405246359026
"LINC00682","LINC00682",1.11929644744777,0.0371999852056328,0.0180908131835033,0.978245124968111,2.36375415401903
"AC007998.2","AC007998.2",0.890518718043382,0.0372376197999553,0.0181116115210526,3.31301256884223,2.36332841434016
"AC026111.1","AC026111.1",0.97626172171874,0.0373548540120161,0.0181747557417408,1.23430868520333,2.36203847703617
"AC138207.3","AC138207.3",0.669377451889173,0.0374372815231414,0.0182191378038054,3.90574727025679,2.36113416763853
"AL109804.1","AL109804.1",0.634453921976231,0.0374719929593761,0.0182378920349017,4.34311017889053,2.36075261929439
"AC004233.4","AC004233.4",0.627661355059537,0.0374946361803732,0.0182519860703716,4.38220714583855,2.36046610703905
"TMC3-AS1","TMC3-AS1",0.590957237922287,0.0374946361803732,0.0182514221827325,17.1480343621541,2.3604775663746
"AL365394.1","AL365394.1",0.763041633752394,0.0375031996321206,0.0182571793722641,26.2428328383606,2.36036058322762
"RNF113B","RNF113B",0.910125468830911,0.0375136104715902,0.0182632725315663,1.80600538005896,2.3602368085208
"GBP5","GBP5",0.70560603192573,0.0376139928913772,0.0183193372302194,1529.82465032385,2.35909961975165
"HCRT","HCRT",0.935668126204821,0.0376201494030211,0.0183233635689022,1.27052436646918,2.35901806879055
"AL590006.1","AL590006.1",0.921488343344511,0.0376240433801139,0.0183262881864884,2.34764810969884,2.35895884233354
"AC126696.1","AC126696.1",1.47324532799949,0.0376831945779787,0.018359753869615,1.12505065757786,2.35828171685098
"RN7SL98P","RN7SL98P",0.792171491522804,0.0376831945779787,0.0183602482503488,1.51522161099121,2.35827172193509
"AC005912.2","AC005912.2",0.712522799022401,0.0377046658283,0.0183717398211993,2.41005443020542,2.35803946272373
"LINC01583","LINC01583",0.688863643759431,0.0377331019727275,0.0183876574136887,2.82574020132799,2.35771795798506
"AC090984.1","AC090984.1",1.50990029707726,0.0378231230550449,0.0184356592305513,50.712765644133,2.35674988651398
"LINC02396","LINC02396",1.27966210607882,0.0378508229893255,0.0184512290760009,0.637388204407056,2.35643635716759
"CCL20","CCL20",1.11356687721022,0.0378742755350057,0.0184647312323043,81.7661098447802,2.35616465220759
"RN7SKP247","RN7SKP247",0.751548917894249,0.0378817142357676,0.0184704278952232,12.2525957415679,2.35605006996406
"Z97353.1","Z97353.1",0.881586098145137,0.037910450843847,0.0184865110033099,1.01748696820543,2.35572674239402
"AL627308.1","AL627308.1",0.80751090456518,0.0379115076004161,0.0184880621779892,2.77302685582262,2.35569557129409
"AC243756.1","AC243756.1",1.43573618697166,0.0379179407887542,0.0184922354473749,0.725851188138753,2.35561172014817
"AC079753.1","AC079753.1",0.836283275934998,0.0379294304509104,0.0184999115543922,1.58314926954952,2.35545753169826
"STARD6","STARD6",0.690788654257625,0.0379651937955463,0.0185183922959122,2.50978915291825,2.35508654222006
"PCOTH","PCOTH",0.545289374688121,0.0380112742597071,0.0185429462726525,25.9320658269082,2.35459413717214
"PTMAP1","PTMAP1",0.699485034226985,0.0381148432286593,0.0186007599909037,3.04326462205473,2.3534369912677
"KLRC4-KLRK1","KLRC4-KLRK1",0.53840161767936,0.0381193920415583,0.0186050629809109,130.001915685975,2.35335099248656
"AC026398.1","AC026398.1",1.80656981546541,0.0381318616232272,0.018613232817808,1.73113239531144,2.3531877594796
"PXT1","PXT1",0.82391752065753,0.03816399846941,0.0186310052365624,1.81355543233795,2.35283288368178
"AOAH","AOAH",0.545300260296918,0.0381862042572414,0.0186428890862698,1033.82467968073,2.3525957547553
"RN7SL714P","RN7SL714P",0.996129578604211,0.0382128691993366,0.0186605113665772,1.1073714439409,2.35224436520899
"AL157395.1","AL157395.1",0.861427661369611,0.0382128691993366,0.0186611276592186,2.20045048082912,2.35223208154411
"LINC00624","LINC00624",0.523473974371073,0.038271380970404,0.0186938844670049,10.2685922849458,2.35157969793841
"AC067930.2","AC067930.2",1.49004631885618,0.0383064464340679,0.0187131057076614,0.481336007734925,2.35119735372829
"DEFB109D","DEFB109D",1.72373340340217,0.0383273654524466,0.018726466543366,0.396705687838303,2.35093178561271
"AC055748.1","AC055748.1",0.977809083525913,0.0383832136499502,0.0187568998095401,3.12312086512861,2.35032749367162
"ADORA2A","ADORA2A",0.509928262985965,0.0383832136499502,0.0187567929169113,376.007364705925,2.3503296146619
"RBM5-AS1","RBM5-AS1",0.507289623226992,0.0384191590216025,0.0187765648629581,27.1003246678295,2.34993747454027
"CCL7","CCL7",1.32299297889335,0.0384496451799944,0.0187935654696828,198.025193378002,2.34960058752295
"AC005358.2","AC005358.2",0.631615817761785,0.0384526314283094,0.0187971263937234,3.89496544701304,2.34953005739064
"RNA5SP145","RNA5SP145",2.05318120631103,0.0386307090349237,0.0188957882221701,0.307528375528036,2.34758052515416
"DPPA2","DPPA2",0.990862600659319,0.0386307090349237,0.0188952001129111,1.35049926556111,2.34759211963957
"AC068594.1","AC068594.1",1.05640074611722,0.0386340231236237,0.0188996416886631,2.20153264430651,2.34750456245039
"AC093591.2","AC093591.2",0.748553515115693,0.0386340231236237,0.018899777079092,4.07926947908138,2.34750189376911
"AC026124.1","AC026124.1",0.6698724085352,0.0386340231236237,0.0189005760820919,11.1310574465697,2.34748614495828
"TAF1L","TAF1L",0.789811719964297,0.0388664546179191,0.0190238440401487,2.53267493914751,2.34506340735671
"AC108751.4","AC108751.4",0.684445768536456,0.0388886671340737,0.0190357788930553,2.64023496573442,2.34482956638162
"AL136295.2","AL136295.2",0.66942516741807,0.0389606126700259,0.0190763184526043,7.48387146704106,2.34403622603875
"AP003721.2","AP003721.2",1.04856938713129,0.038976653088409,0.019085237301494,1.07884664171808,2.34386188614158
"AL031587.3","AL031587.3",0.597939599697426,0.0389935098355171,0.0190956221968352,4.31642199588063,2.34365897864231
"AC021351.1","AC021351.1",0.926597896978969,0.0390611820426641,0.0191298294197303,1.21831322054216,2.34299129502456
"ENSAP2","ENSAP2",0.754511779153445,0.039078602356542,0.0191404963480798,2.26646210266881,2.34278330295767
"LINC01169","LINC01169",0.914556322891991,0.0390799470503819,0.019142222759425,1.56906975092169,2.3427496495735
"AC005324.5","AC005324.5",1.02335127182114,0.0390997107883263,0.0191540401301648,0.941165840741508,2.34251936171114
"AC004832.1","AC004832.1",0.804943306932463,0.03915846742023,0.0191838935720846,2.02295689127099,2.3419381534147
"AC046136.1","AC046136.1",0.964125381177841,0.0392569281288218,0.0192385656143213,0.949741972217493,2.34087580530894
"AP002986.1","AP002986.1",0.689557668753775,0.0392903805671589,0.0192571066590261,3.94888947864846,2.34051612808108
"IGKV1-9","IGKV1-9",1.38679922317667,0.0393897504266846,0.0193111913414575,4884.05893237572,2.33946866713316
"SCRG1","SCRG1",0.708378794114567,0.0394103415853563,0.0193234399778469,407.819431440653,2.33923180323205
"AC006077.2","AC006077.2",0.555591214175238,0.0394103415853563,0.0193232104895821,7.63822854710154,2.33923623986557
"AC007881.3","AC007881.3",0.909145102698109,0.0394128385060139,0.019325741135794,1.38790970221119,2.33918731812376
"AP002001.1","AP002001.1",0.706231087129512,0.0394239085772015,0.0193322464339199,2.95232646436351,2.33906158521427
"AL353726.2","AL353726.2",0.616919235990116,0.0394358164924524,0.0193402407230533,24.0645325518214,2.33890712405287
"CD200R1L","CD200R1L",1.0405433912871,0.0395081862064698,0.0193832889292978,1.11505232939153,2.33807632864515
"AC099489.3","AC099489.3",0.507887287003482,0.0395272669943901,0.0193937302499594,7.20118920624839,2.33787506260889
"SPATC1","SPATC1",0.73199928836002,0.0396756643477372,0.019471960518431,12.5339913898554,2.33637010718588
"AL139348.1","AL139348.1",0.800979860505575,0.039722883752179,0.0194962201382659,2.76858019660704,2.3359044855896
"SNORA80B","SNORA80B",1.24584295583581,0.039750049089368,0.0195106391388127,0.903761971984746,2.3356279774933
"AL110115.1","AL110115.1",0.795149836512984,0.0397679526483395,0.0195205133836285,2.41740433918644,2.33543872554302
"TPRKBP2","TPRKBP2",1.15317510860071,0.0398477775098498,0.0195644082612398,0.74135544489842,2.33459843750133
"RPS6P25","RPS6P25",0.866457277527954,0.0398477775098498,0.0195651400817509,1.52451169090707,2.3345844420839
"AC007279.1","AC007279.1",0.936825664071309,0.0398491153491788,0.0195668857602692,1.37418250486062,2.33455105937863
"SNORA38B","SNORA38B",1.46104762482314,0.0398531951137799,0.0195699779388741,0.449552466125618,2.33449193386383
"AC093157.2","AC093157.2",0.556614800179096,0.0398626586278428,0.019576803360115,5.08887955560575,2.33436145393622
"SLC15A2","SLC15A2",0.561210629336771,0.0398734161634415,0.0195831759211416,62.2606823452673,2.33423966709212
"ATP5MGL","ATP5MGL",0.66557459026047,0.0398856607769798,0.0195902794646572,4.82596501635396,2.33410395114021
"AC090607.3","AC090607.3",0.861461300572232,0.0399106947603948,0.0196036656659367,1.40682406459074,2.33384831935715
"AL662899.2","AL662899.2",0.62977170545249,0.0399548645998605,0.0196286364519657,21.5513256207637,2.33337186786013
"AL365209.1","AL365209.1",0.649163510967131,0.0399572079029778,0.0196308794039029,27.9516388481812,2.33332909745403
"AL109914.1","AL109914.1",1.2431402587124,0.0399753412783907,0.0196420607799126,1.40700569508383,2.33311594566218
"HMGB1P49","HMGB1P49",1.1521609502282,0.0399753412783907,0.0196430650441427,1.52503659856225,2.33309680645051
"DCAF13P3","DCAF13P3",0.70932731882668,0.0400496299449984,0.0196839461037359,2.57069350502238,2.33231842203269
"AP002518.1","AP002518.1",0.58645086134981,0.0400745840600908,0.0196994956645016,6.75789977516144,2.33202272555331
"RF00432","RF00432",0.644799985566294,0.0400833924929685,0.0197049208375499,3.59738271451301,2.33191960632169
"RPL34P6","RPL34P6",0.935290236413075,0.0400855310974,0.0197070674345069,1.36532220474219,2.33187881162498
"AC008700.1","AC008700.1",1.9365325588239,0.0400937976103989,0.01971332244048,0.394440480113492,2.33175996137769
"CR392000.2","CR392000.2",0.744761412874549,0.0401017719026352,0.0197183389480539,2.61831159876691,2.33166466741113
"AC006518.7","AC006518.7",0.820832628355833,0.0401708598042972,0.0197567003600467,4.32865381998207,2.33093665019685
"RN7SL288P","RN7SL288P",0.667367722165477,0.0401829421646639,0.0197637405914401,3.13338054561992,2.33080317580168
"AC074052.2","AC074052.2",1.19154759839401,0.0402523355913879,0.0198022706173103,0.711005132283286,2.33007342695984
"RPS2P45","RPS2P45",0.573323420521501,0.0402579303591237,0.0198061229554463,5.84181094530083,2.33000053285367
"IL1A","IL1A",1.16311187710994,0.0403031148314537,0.0198305552579256,6.31171059545857,2.32953851180234
"LRMP","LRMP",0.504454394217291,0.0403310898123485,0.0198465238809912,568.675774477866,2.3292368095803
"LIPJ","LIPJ",0.795656532979607,0.0403509587740176,0.0198596087433094,1.73595787493607,2.32898974946479
"AL353719.1","AL353719.1",0.573054793526282,0.0403509587740176,0.0198579898772873,4.53815809498941,2.32902030816657
"AL139130.1","AL139130.1",0.544822502996255,0.0403509587740176,0.019858730169913,5.39225001134204,2.32900633368186
"IL17C","IL17C",1.42343350775954,0.040352477628093,0.0198614588374673,1.02017827455174,2.32895482862262
"TCF3P1","TCF3P1",0.849376325526021,0.0403943974217879,0.0198854028347319,2.63082867786421,2.32850313762621
"AC109454.3","AC109454.3",0.739306547190315,0.0403943974217879,0.0198832945257445,1.97285668927633,2.32854289070391
"LINC01951","LINC01951",0.717671374599938,0.0403943974217879,0.019884465260751,2.31788414436354,2.32852081553473
"FSD1","FSD1",0.673662822128737,0.0404170775127731,0.0198987764611782,7.75078096068345,2.32825105778
"MLIP-AS1","MLIP-AS1",0.787738832173063,0.0404204450645332,0.0199018016672883,4.91058985824971,2.32819405610153
"PRKG1-AS1","PRKG1-AS1",0.583696085391839,0.0404253141807954,0.0199061453090602,4.939087341817,2.32811222535979
"SNORA77","SNORA77",1.0125843553117,0.0404924695775432,0.0199414265872193,1.07256657986163,2.32744813115767
"AC010677.2","AC010677.2",0.932413858016072,0.040495319177966,0.0199439363967004,1.65747319503998,2.32740092847772
"AC015920.1","AC015920.1",0.604323932373784,0.0405282753632753,0.0199636691015501,9.81376708489119,2.32702999059048
"EEF1A1P1","EEF1A1P1",0.558912145177681,0.0405282753632753,0.0199645967519465,2.29601959350426,2.32701256037859
"AC112487.2","AC112487.2",1.54682086962135,0.0405520495684145,0.0199774161512204,0.448743460079369,2.32677176091219
"AL022341.2","AL022341.2",0.839522773115542,0.0405807940443855,0.0199949031121726,9.71801459627678,2.32644350340456
"AL356022.1","AL356022.1",0.688557853026871,0.0405829674959243,0.0199970828662395,2.99410189016887,2.32640260359031
"OR2D3","OR2D3",1.54481890386046,0.0406888903986516,0.0200526111675313,0.453107827117307,2.3253620082945
"AL121574.1","AL121574.1",0.869756113193684,0.0407048530782715,0.020062702387468,1.53404491444684,2.32517316986877
"LARP4P","LARP4P",0.864394744731095,0.0407210779078592,0.0200718119472603,2.67981548397834,2.32500277256813
"AC239803.2","AC239803.2",1.1226350704359,0.0408302706467505,0.0201323277710118,0.810607638167694,2.32387251459757
"RN7SKP163","RN7SKP163",0.837296870066565,0.0408330087026543,0.0201355604904277,2.10227164467874,2.3238122203481
"AC000058.1","AC000058.1",1.0060555236167,0.0408589673122993,0.0201510679967556,1.24466041651244,2.32352310341338
"CT45A11P","CT45A11P",1.05246185436599,0.040900665659235,0.020173742902279,0.871723656248347,2.32310070910565
"AL133163.3","AL133163.3",0.545579422039179,0.0409533466792464,0.0202042030558341,3.82379013035922,2.32253394065454
"AC096741.1","AC096741.1",0.995083740501096,0.0409893061226983,0.0202230634896462,1.50755206788484,2.32218338044173
"CCR12P","CCR12P",0.628786743296598,0.0410341822464329,0.020248567757878,12.3483117956592,2.32170978422415
"C7orf65","C7orf65",0.871635535271602,0.0411058089524609,0.0202872818139376,1.29607911392779,2.32099188525537
"AC009303.3","AC009303.3",1.71263899535394,0.0411150058323603,0.0202939646096476,0.504138198748451,2.32086808297686
"LINC00839","LINC00839",0.526012624206793,0.041125841857271,0.0203027872531264,42.6280313571794,2.32070469336315
"AC099508.2","AC099508.2",0.824780121128298,0.0411608484233949,0.0203245676851169,1.62610274071608,2.32030159899437
"IRGM","IRGM",0.588212480522223,0.0412357157066253,0.0203649160194883,3.4928191338164,2.31955585973554
"AC020741.1","AC020741.1",0.588436435472755,0.0412372573031813,0.0203668040933442,3.95174869117259,2.31952099493304
"AC135983.1","AC135983.1",0.590722779264668,0.0412391989382345,0.0203688898386968,8.42861372155333,2.3194824832448
"SNORA57","SNORA57",1.95286510419538,0.0412527653345329,0.0203767177168143,0.46254022456751,2.31933797815401
"AC093249.4","AC093249.4",1.00257370029438,0.0412855858506445,0.0203951854471339,1.30899288581633,2.31899724983397
"RN7SL711P","RN7SL711P",1.12295850259069,0.04137225115334,0.0204402591697777,1.31679054585701,2.31816677142828
"AC138207.6","AC138207.6",0.555227708171187,0.0414122470722004,0.0204622824682005,5.95762377620879,2.31776157531126
"AL355472.2","AL355472.2",1.36081666660671,0.041462168567227,0.0204892150251883,0.424572134407433,2.31726657276751
"RPL22P3","RPL22P3",0.84778911720173,0.0414960511239284,0.0205070924527581,1.28282239961043,2.31693831076315
"RN7SL91P","RN7SL91P",0.974140640520213,0.041547144449737,0.020534612856944,1.25029070755772,2.3164334736809
"AC124017.1","AC124017.1",0.631471468173483,0.0415515270827807,0.0205386887921566,4.56053639384927,2.31635875448363
"MIR5696","MIR5696",1.68720880258582,0.0415749305967184,0.0205540259082768,0.397476750843268,2.31607771348174
"LINC02435","LINC02435",1.12059527509728,0.0416047685064796,0.0205710508727904,1.03097778936789,2.31576595802833
"AL137789.1","AL137789.1",0.88669893661298,0.0416056987971598,0.020572647644258,4.66263118310126,2.3157367300254
"TRBJ2-5","TRBJ2-5",0.956969825545545,0.0416888112377805,0.0206171612176242,2.2837730178973,2.31492272928719
"AC104521.1","AC104521.1",0.953029476258495,0.0417226379425261,0.020635030175624,1.27400108266643,2.31459639826562
"AC090115.1","AC090115.1",0.577923236154132,0.0417275136563905,0.0206385817155655,5.72762604727143,2.3145315677856
"PI4KAP1","PI4KAP1",0.558456023688578,0.0417606982969508,0.0206572770285526,112.766679032356,2.31419046030049
"AL163193.1","AL163193.1",1.17694898990958,0.0417613121689933,0.0206588838333279,0.658563852684567,2.3141611557215
"LINC00304","LINC00304",0.80351161429053,0.0417862532996879,0.0206744849517951,5.38710204042514,2.31387672896358
"AC239859.6","AC239859.6",0.77986685967596,0.0417862532996879,0.0206733796522689,4.33311684057718,2.31389687371502
"LINC01204","LINC01204",0.629513799519281,0.0418114155207842,0.0206880768235712,3.60851293322102,2.31362908562749
"TRBV20-1","TRBV20-1",0.70508542343987,0.041823300735277,0.0206951003119174,82.7713578063781,2.31350117354606
"AC130686.1","AC130686.1",1.66717451460682,0.0418435315603865,0.0207077841605363,0.587255863444233,2.31327027059099
"RNU6-1111P","RNU6-1111P",0.907793676857632,0.0418435315603865,0.0207085408659603,2.75530163379499,2.31325649905492
"SNORA20","SNORA20",1.43185268890673,0.0418564147189153,0.0207172040939138,0.588118473387799,2.31309886531523
"RNA5SP425","RNA5SP425",0.977792157054988,0.0419280704763763,0.0207572531752633,1.74446703991744,2.31237088915663
"MS4A4E","MS4A4E",0.526891764770676,0.0419320144944951,0.0207614971626205,35.6363593289307,2.31229381754202
"AC092110.1","AC092110.1",0.855016226713255,0.0419355473956941,0.0207643921939061,2.29469090748339,2.31224125110456
"SNORD72","SNORD72",1.4458161554022,0.041987288672206,0.0207934535693252,0.578679930942799,2.31171392377626
"AC103876.1","AC103876.1",0.67546514034432,0.0420453973556267,0.0208233796679715,3.0614976086421,2.31117157675489
"AL355472.4","AL355472.4",1.21067550890614,0.042076401389654,0.0208412733167522,0.617300778936184,2.31084761682173
"AP001831.1","AP001831.1",0.924080153315064,0.042076401389654,0.0208421836878887,1.6183786769888,2.31083114126701
"SIGLEC9","SIGLEC9",0.539113724232265,0.0420926442796058,0.0208548298784691,769.737958921685,2.31060234011352
"AC079313.2","AC079313.2",0.693671500637206,0.0421627147712912,0.0208941544251731,4.31771469433914,2.30989163275585
"NWD1","NWD1",0.539455655973846,0.0423157603005224,0.0209780910651296,10.8745588944902,2.30837854819701
"AC244157.2","AC244157.2",1.37982506705928,0.0423207869313548,0.020981739360896,1.2208621495062,2.30831290188056
"RF00100","RF00100",1.5797868355631,0.0423369564896668,0.0209932262185981,40.5952258418621,2.30810627582363
"RPL39P36","RPL39P36",0.809682152188551,0.0423427078032975,0.0209980621322705,1.57862063469965,2.30801931668229
"DUXAP7","DUXAP7",0.680738777211688,0.0423560562105977,0.02100616891933,3.36739229801262,2.30787358001092
"AC099506.1","AC099506.1",0.651657127460091,0.0424171734483712,0.0210411154390879,3.94099710063265,2.30724590273181
"SETP5","SETP5",1.21441174781242,0.0424816976896962,0.0210742835392804,0.779278320422517,2.30665100741463
"SLC26A4-AS1","SLC26A4-AS1",0.539854460521716,0.0425376945976448,0.0211043869642349,6.83510385418273,2.30611178516439
"C4BPAP1","C4BPAP1",1.54337230639853,0.0425765551125461,0.021125993629439,0.40723151464786,2.30572517255487
"RBAK-RBAKDN","RBAK-RBAKDN",0.604835925295289,0.0425965444694462,0.0211370759886776,5.99266732854971,2.30552700720846
"AC108752.1","AC108752.1",0.542961306596498,0.042620626490114,0.02115019039628,7.65793066568367,2.30529262339648
"Z84478.1","Z84478.1",1.33140552735,0.0426463133258116,0.0211641025420562,0.644713480550615,2.30504412057274
"ACY3","ACY3",1.06802656416276,0.0427012917963508,0.0211983871321046,10.0722108020407,2.30443232609346
"LINC00626","LINC00626",0.890658623977596,0.0427062266990513,0.0212031707245679,12.1905112232175,2.30434703337602
"AC073288.2","AC073288.2",1.05438620463515,0.0427185883560921,0.021211724762063,1.03338085534314,2.30419455440565
"AC087354.1","AC087354.1",0.879340773722368,0.042731698601874,0.0212204875020919,2.14857881505841,2.30403841076208
"AC007285.2","AC007285.2",0.827081049106348,0.0427775846227663,0.0212491185125794,1.52456230193489,2.3035286247938
"RN7SL163P","RN7SL163P",0.603162219978511,0.0427995833008514,0.0212612154428476,5.23197497943341,2.30331341415489
"AL158209.1","AL158209.1",0.737917925412473,0.0428171552728449,0.0212711144340246,2.92266141019773,2.30313738531956
"AC005954.2","AC005954.2",1.42936757100714,0.0428179259379916,0.0212726672130523,0.518009117280962,2.30310977949688
"AC011287.1","AC011287.1",0.54902190468699,0.0429144878475547,0.0213241584741558,8.07295905127079,2.30219534328093
"MTND2P24","MTND2P24",1.14988260933961,0.0430815092655725,0.0214142139555533,0.462743848231947,2.30060065555389
"AC138904.1","AC138904.1",0.501164396791243,0.043083679120961,0.0214164696917305,7.23915008745869,2.30056078637513
"MKRN5P","MKRN5P",0.914126183484651,0.0430971480665862,0.0214243425209287,1.6773537323295,2.30042166610949
"FCGR3A","FCGR3A",0.681601308804133,0.0431456070203913,0.0214519689322129,21723.0259142897,2.29993383346951
"RN7SL731P","RN7SL731P",1.44824847878663,0.043149498487495,0.0214550827474913,7.45745243891244,2.29987888341171
"LINC01143","LINC01143",1.39549209399688,0.0431597854874206,0.021462556241183,0.960068952247364,2.29974702565398
"TRGV5P","TRGV5P",0.969263439835858,0.0431896874783861,0.021482146256907,14.8147471251403,2.29940158102938
"TCAM1P","TCAM1P",0.502862038695949,0.04320279403523,0.0214898457720529,7.94328580116641,2.29926588510719
"AC006042.4","AC006042.4",0.643730345763044,0.0432074770707604,0.0214933557624597,4.0278141124126,2.29920403923473
"NDUFAB1P1","NDUFAB1P1",1.35885328224324,0.043282436886552,0.0215318267819736,0.533653155615256,2.29852675735754
"LINC02577","LINC02577",0.572412172292516,0.0433126215043201,0.0215492096770995,52.9363659407871,2.29822107718984
"AF130417.1","AF130417.1",1.57688974363309,0.0433376105611112,0.0215628265339991,0.688244691604241,2.29798177313826
"AC022973.1","AC022973.1",0.999775240800174,0.0433547124359122,0.0215737048247994,1.05118079479321,2.29779069144539
"AC211476.2","AC211476.2",0.532419954740462,0.0433933471793281,0.021595301115448,4.80803586837118,2.2974115920601
"RN7SL147P","RN7SL147P",0.803239199843267,0.0434117117785348,0.0216068128024752,2.30980209568724,2.29720965174687
"AC092868.2","AC092868.2",0.758953368753101,0.0434636718564337,0.0216362369887802,2.65217669146427,2.29669391211482
"ODF2-AS1","ODF2-AS1",0.798128985690833,0.0434972721703169,0.0216553402064358,2.28435695940331,2.29635940255414
"AC093334.1","AC093334.1",1.15276410388752,0.0435356980465195,0.021676849791025,0.675251148361619,2.29598306325663
"AC020661.2","AC020661.2",0.777843680472299,0.0435846674443963,0.0217059956148805,2.44301400948916,2.29547363589601
"DYDC1","DYDC1",1.09476440926956,0.0435864802732118,0.021708089358182,0.82884688023473,2.29543706317991
"TRBV10-2","TRBV10-2",0.971705642719451,0.0435896683164979,0.0217108681587322,4.88935265743001,2.29538852888391
"AL031674.1","AL031674.1",1.42892699593489,0.0435999753600829,0.0217207669810757,1.35041150047669,2.29521568081081
"AC090826.1","AC090826.1",0.550710659042028,0.0435999753600829,0.0217198340278648,8.04855303142646,2.29523196862654
"CXCR3","CXCR3",0.68295544461249,0.0436091177826363,0.0217265131191724,316.965710256977,2.29511537619176
"AC009120.4","AC009120.4",0.685242773525271,0.043673665580026,0.0217598648009993,2.43007786221286,2.29453364454122
"STAP1","STAP1",0.788041548174923,0.0437063902050358,0.021778557834073,69.0941232550608,2.2942079334113
"AC022893.2","AC022893.2",0.681567709680121,0.043725701535411,0.0217893752453025,4.11700496660088,2.29401955980198
"LINC00407","LINC00407",1.76931862906307,0.0437610412850428,0.0218105728047342,0.36705921652327,2.29365066292403
"MTND4P35","MTND4P35",0.808712899780024,0.0438051755369753,0.021836160072586,1.3956791834878,2.2932057882066
"RN7SKP290","RN7SKP290",1.09447147101357,0.0438762137470951,0.0218763667984642,1.02156049326888,2.29250764690379
"TRBV6-4","TRBV6-4",1.00427844263022,0.043880926148447,0.021879915333288,1.49583587674143,2.29244608450748
"DAZL","DAZL",0.978305014106734,0.0438809481715168,0.0218811252802039,44.3656268743423,2.29242509551134
"SATB1-AS1","SATB1-AS1",0.646262000438782,0.0438891123977134,0.0218863955400603,17.600335374768,2.29233368388673
"AC040978.1","AC040978.1",0.83819143250239,0.043890969100843,0.0218885206707447,1.86461787829497,2.29229682932993
"AC004471.1","AC004471.1",0.613066333926581,0.0439311605513158,0.0219145659221665,2.91950590659759,2.29184539867319
"LINC02271","LINC02271",0.750205019313471,0.0439370794235595,0.0219196724431227,3.60789479401212,2.29175694437642
"AC108516.2","AC108516.2",1.25255307979125,0.0439491094646319,0.021927122020388,0.532253193400418,2.29162793620354
"RPL21P10","RPL21P10",0.667622559281661,0.044027999690156,0.0219688879570925,3.6714783427958,2.29090535935309
"RN7SL342P","RN7SL342P",1.05615736305362,0.0440288044937794,0.0219704925399572,1.54296035659223,2.29087762291259
"RN7SL812P","RN7SL812P",0.879871455881968,0.0441070411323779,0.0220143534076108,1.36132799514203,2.2901201359436
"RFPL4AL1","RFPL4AL1",1.65506035057849,0.0441101876781351,0.0220171291156636,0.917543603909382,2.2900722430325
"AC025259.3","AC025259.3",1.56199358395585,0.0441178366734365,0.0220221524682918,35.8442120170992,2.28998558193104
"NLRP8","NLRP8",0.756649306072358,0.0441593604308975,0.0220452928886835,2.95098133586419,2.28958659351772
"AC104024.1","AC104024.1",0.902287214548108,0.0441993766464873,0.0220701005004114,3.76204492008031,2.28915926372897
"C21orf91-OT1","C21orf91-OT1",1.00921732755746,0.0442116449134289,0.0220774344227391,1.3099455692333,2.28903301141553
"GK3P","GK3P",0.990602031972339,0.0442359629323892,0.0220907864836547,0.930996880147306,2.28880325143569
"KCNG2","KCNG2",0.513859442021848,0.0442575390988604,0.0221051890687497,17.966470324165,2.28855554959887
"LRRIQ4","LRRIQ4",0.838768491933031,0.0442874317390608,0.0221237496785499,1.88067825296147,2.28823654320384
"CELA2B","CELA2B",0.714397429395476,0.0443390359318109,0.0221531629566134,3.1390602393227,2.28773148537279
"GCNT1P3","GCNT1P3",1.40395810025381,0.0444830920003528,0.0222312149451748,0.485416513251408,2.28639406995663
"AC003035.1","AC003035.1",0.921838824561112,0.0444950308486375,0.0222383973410005,1.53367184289878,2.28627120537054
"AC037459.1","AC037459.1",0.784343416969656,0.0445310835736504,0.022260066504001,7.80408905253888,2.28590073404458
"AC048344.1","AC048344.1",0.744101167475828,0.0446508685862351,0.0223284842991687,5.39709720088367,2.2847330697094
"AL512306.1","AL512306.1",1.37721602259016,0.0447262573299309,0.0223705062490453,0.545520816338084,2.28401743596323
"AC007494.3","AC007494.3",0.748173971198825,0.044805011211517,0.0224129114254612,2.1610460063362,2.28329645968964
"AL078605.1","AL078605.1",1.67157401023842,0.0448134610667502,0.0224183627604888,0.469337389085235,2.2832038616902
"AC013452.1","AC013452.1",1.09783027770257,0.0448177729384966,0.0224217443783675,0.991595396627768,2.28314643035963
"AF250324.1","AF250324.1",1.58463120189382,0.0448813813109502,0.0224633772194319,0.533594600284412,2.282439979971
"AC015910.1","AC015910.1",0.63113351463134,0.0449160092736256,0.0224842459636759,10.1411597761593,2.28208629507443
"AC016152.1","AC016152.1",0.905642131829933,0.0449663461621328,0.0225157315710059,3.35384802490008,2.28155321452852
"AC103831.1","AC103831.1",1.89183073640142,0.0449804274048286,0.0225240113950735,0.466861541188996,2.28141313703281
"AC004925.1","AC004925.1",0.880642368323685,0.0450615753085841,0.0225708024415138,2.21663533710051,2.280622369442
"AP003717.3","AP003717.3",1.03478394280046,0.0450672865357535,0.0225761258872238,0.822344697098154,2.28053249363048
"RNU6-226P","RNU6-226P",1.04804406842454,0.045162148765355,0.0226288392497991,0.897289308878689,2.27964352596479
"STPG2","STPG2",0.852918881872859,0.045162148765355,0.0226299442372177,1.79323961928734,2.279624910524
"AL451129.1","AL451129.1",0.761206170017173,0.0452228158481318,0.0226639221914925,2.43187472840535,2.27905287785502
"ACSM6","ACSM6",0.573307660636762,0.0453015319630201,0.0227070849985411,5.24414894014657,2.27832728816895
"RNA5SP207","RNA5SP207",1.01273635665321,0.0453187982018864,0.0227182160881448,2.04133389380295,2.27814036305303
"AC137630.2","AC137630.2",0.906150642148077,0.0453187982018864,0.0227182041033633,1.50649779804903,2.27814056427144
"LY6K","LY6K",0.617233027259125,0.045327614947499,0.0227263513835516,78.9534279936798,2.27800379683603
"SNORD113-1","SNORD113-1",2.11332371027673,0.0454524443516498,0.0227988735595942,0.309614812973592,2.27678824941146
"AL354707.2","AL354707.2",1.27157257835763,0.0455809852551941,0.0228670857201186,0.740904075260928,2.27564800437506
"PPEF2","PPEF2",0.511399309109478,0.045661336563224,0.0229173772870806,8.88782757318276,2.27480921364289
"SPP2","SPP2",0.828950211080564,0.0457371586948915,0.0229573918576542,2.30051988645805,2.27414296984028
"AC004969.1","AC004969.1",0.717504993915991,0.0457705214830378,0.0229759288692689,1.98155990917285,2.2738346698591
"U91324.1","U91324.1",1.3780679705483,0.0457755030087622,0.0229796802311535,0.672316092584516,2.2737723050322
"AL132655.2","AL132655.2",1.27985180851379,0.045797429249495,0.0229944413751392,0.633180076269304,2.27352699299353
"LINC00601","LINC00601",0.521046993004114,0.045797429249495,0.0229933020487493,8.59745680653666,2.27354592232344
"FLJ31356","FLJ31356",0.533929443844637,0.0458432809108633,0.0230199682116955,6.51736983481913,2.27310309100293
"LINC02249","LINC02249",0.739709881838605,0.0458634567565277,0.0230338588114903,2.46341583547872,2.27287259338076
"FO393418.1","FO393418.1",0.911787601948234,0.0458956275508396,0.0230525238740699,1.31179479637109,2.27256305937469
"RPL36AP29","RPL36AP29",1.57936884614388,0.0459020862711607,0.0230582763489519,0.417476042444602,2.27246770648761
"AC025262.2","AC025262.2",0.686015625049948,0.0459116870947436,0.0230643536414644,2.77190398398133,2.27236699187075
"AC007422.1","AC007422.1",1.98729579309718,0.045928269467187,0.0230764487344491,0.382786872108591,2.2721666171148
"MARCH10","MARCH10",1.10294939968577,0.0460279505786762,0.0231340788244145,1.01326593497845,2.27121313233254
"AC022447.1","AC022447.1",1.84320340031549,0.0460823685323775,0.0231664662593845,0.440650533016539,2.27067819000662
"TRGV2","TRGV2",0.80778854340401,0.0460928683469912,0.0231730041144468,5.59948305026054,2.27057028322706
"RNU4-34P","RNU4-34P",1.00493055218174,0.0460977569678009,0.0231779809208304,1.1469227049955,2.27048815915148
"AC090213.1","AC090213.1",1.59492324903879,0.0461386906836423,0.0232046436742466,0.628711723200314,2.27004844801969
"MED4-AS1","MED4-AS1",0.752098114728738,0.0461386906836423,0.0232048656906966,3.9718484051099,2.27004478845802
"AP003170.4","AP003170.4",0.817130115170668,0.0462207003317984,0.0232536887677096,1.51027232886368,2.26924076094088
"HIST1H2APS4","HIST1H2APS4",1.41259462434653,0.0462377454515099,0.0232660542701988,0.717930907742604,2.26903735617444
"AL121601.2","AL121601.2",0.731613589682145,0.0462423367690814,0.0232696280301695,2.45249839648276,2.26897858754528
"HSPB1P2","HSPB1P2",0.862561849838471,0.0462500252026948,0.0232747606268814,1.33559706037399,2.26889419836127
"AC131971.1","AC131971.1",0.729446838774949,0.0462746177321894,0.0232890692749231,4.42511593503215,2.26865902355104
"AC104763.1","AC104763.1",0.715921713369886,0.0462746177321894,0.0232896652538848,3.35627282270822,2.26864923085098
"TBCAP3","TBCAP3",0.882419584323222,0.0463844558714783,0.0233542556116498,3.24158041829317,2.26758921546415
"MIR3129","MIR3129",1.28358885790751,0.0463872988054436,0.0233577838106374,0.871252114872054,2.26753138626926
"AL133485.1","AL133485.1",1.24345564760323,0.0465887319210548,0.0234643049127245,0.65445732885186,2.26578900472958
"AL359313.1","AL359313.1",1.1222762550559,0.0466601385834202,0.0235053683177824,0.949122352511939,2.26511915747433
"AC130469.1","AC130469.1",0.924701643853333,0.0466881854745233,0.0235207728019689,1.46111163008583,2.26486813358858
"AL953897.1","AL953897.1",0.73844545075745,0.0467064193137404,0.023535295951651,3.53468579225366,2.2646316021265
"RNU6-1251P","RNU6-1251P",1.15734001788113,0.0467098036751175,0.0235403863580864,0.655417897519144,2.26454872713587
"RNU6-407P","RNU6-407P",1.0565194736627,0.046717592163298,0.0235457992033715,0.910333254587412,2.26446061969889
"AC018953.1","AC018953.1",1.18497883985205,0.0467417156844345,0.0235605117884764,0.643663102425915,2.26422122479498
"AC026100.1","AC026100.1",0.686046040189092,0.0467977810487496,0.0235938866065064,2.09017702698296,2.2636786490895
"GUSBP4","GUSBP4",0.595502017566179,0.0468126136666642,0.0236052019240495,5.86310816337551,2.26349484670704
"BIRC7","BIRC7",0.877097086745812,0.046957397565459,0.0236859071683909,38.281598221417,2.26218610931068
"AC105265.4","AC105265.4",1.46891699787793,0.0469826770077367,0.0236999421546172,0.622031519777646,2.26195890933248
"LUNAR1","LUNAR1",0.665309856716951,0.046984115552794,0.023703235322462,2.97563657878411,2.26190561605991
"AC244453.2","AC244453.2",0.536089441508735,0.04705944981235,0.0237463843037919,22.7602252093601,2.2612079297442
"AL022341.1","AL022341.1",0.67474549473482,0.0470904923126313,0.0237697684358466,4.01367933930048,2.26083028545991
"AL512378.1","AL512378.1",0.680891788108104,0.0471664958440031,0.0238099601962588,3.72307627081119,2.2601819571283
"AC011773.4","AC011773.4",0.720473914097925,0.0471693790149346,0.023813454358287,2.84031935175009,2.26012563809595
"LINC02250","LINC02250",0.845415822138689,0.0472003832788285,0.0238303965197463,1.84742852868167,2.25985266531168
"RAB39A","RAB39A",0.526985812796874,0.0472043886285756,0.0238349982747091,97.3943727446502,2.2597785507233
"LINC01890","LINC01890",1.01850755230232,0.0472223189849666,0.0238453421448992,0.991512365653924,2.259612000516
"RN7SL750P","RN7SL750P",1.22576337069257,0.0472231298751027,0.023848155644475,0.554204715709241,2.25956671023378
"SLAMF1","SLAMF1",0.728595188027273,0.0472231298751027,0.0238483321807023,247.600015277692,2.2595638685981
"AC114928.1","AC114928.1",0.816156808559536,0.0472235152957615,0.0238498171186878,1.80698514778659,2.25953996684523
"AC130456.7","AC130456.7",0.70808120129651,0.0472496072868784,0.0238655766634398,3.21513807796012,2.25928637869836
"AL807752.6","AL807752.6",0.55430049221697,0.0472609746472811,0.023873900906553,19.8666396729338,2.2591524912256
"AC074019.1","AC074019.1",1.05706538357459,0.047287999734809,0.0238888446978574,0.995044172052765,2.25891223622323
"TMEM155","TMEM155",0.701016347914879,0.0473553526094096,0.0239241637680806,6.47277469504138,2.25834492055878
"FAM216B","FAM216B",1.06331150322284,0.0473675081254228,0.0239328932554255,0.952493458314847,2.25820481436214
"SLC11A1","SLC11A1",0.64756504277785,0.0473991495932043,0.023952765696503,2013.92020430533,2.25788603162279
"AL513548.4","AL513548.4",0.558165592676974,0.0474042034138527,0.0239566148349031,8.95001623900592,2.25782431238537
"ASS1P1","ASS1P1",0.761028330321953,0.0474049862105094,0.023958305689658,4.25958330914473,2.25779720299342
"LINC01806","LINC01806",0.655788726926651,0.0474088978862258,0.0239615779966503,22.9564897992588,2.25774474296722
"AC008878.4","AC008878.4",0.850001304878032,0.047442028666609,0.0239796193421569,1.45964231905475,2.25745562444094
"AC018630.1","AC018630.1",1.14821081163876,0.0474709480754751,0.0239981278530135,0.616234217053703,2.25715921539739
"RN7SL697P","RN7SL697P",1.08388047066274,0.0474837095173444,0.0240058765867763,0.66919276978683,2.25703518028687
"AL365500.1","AL365500.1",1.37949827681167,0.0474847629481336,0.0240089037972627,0.489961545974779,2.25698673271867
"EGOT","EGOT",0.651558416956038,0.0474847629481336,0.0240090040262087,3.92799867746479,2.25698512874219
"VAV3-AS1","VAV3-AS1",1.01965851520272,0.0475788183575548,0.0240643598627475,2.0950840109737,2.25610014819855
"MIR548C","MIR548C",1.31871556586125,0.0475832793736257,0.0240679162754326,5.42415791167323,2.25604335176201
"AC079416.3","AC079416.3",1.24221459580054,0.0476276789391874,0.0240955792026556,0.520313676623089,2.25560181899394
"AL162724.2","AL162724.2",0.564575774016918,0.0476625959416729,0.0241158488387087,5.40242188361058,2.25527857075278
"AC005197.1","AC005197.1",0.891115031781929,0.0476903375289496,0.0241337944034994,1.28964855121164,2.25499258197539
"AC106795.2","AC106795.2",0.652709549789396,0.0477267503660957,0.0241535252406029,4.41236693258204,2.25467835499951
"TMPRSS7","TMPRSS7",1.34326937604769,0.0477507222138332,0.0241673384592783,0.859934715977861,2.25445850252453
"AC063947.1","AC063947.1",0.904950725807136,0.0477507222138332,0.0241682662993264,1.23532908166222,2.25444373884089
"AC145285.3","AC145285.3",0.57889136151031,0.0478283258934203,0.0242127714460311,5.32357583990169,2.25373615448729
"C1QL2","C1QL2",1.22691643554285,0.0478493681121271,0.0242273461156269,10.339519907178,2.25350467786232
"GDI2P2","GDI2P2",0.635457066811335,0.0479169928272877,0.0242642047069079,2.33127230361397,2.25291982356527
"AC004890.3","AC004890.3",0.653494139183885,0.0481079971762025,0.0243688122530566,3.95569898644354,2.25126414579437
"AC243829.5","AC243829.5",1.81678467962187,0.0481547452628854,0.024396439429067,0.808007781207184,2.25082790457296
"RF01518","RF01518",0.990595923748545,0.0481607548921893,0.0244007999662796,1.35685177696851,2.25075908953481
"RNVU1-6","RNVU1-6",2.0213576486632,0.0482181755827473,0.0244364797046039,0.409729116087745,2.25019641614746
"MTRNR2L3","MTRNR2L3",0.779875039236268,0.0482301871509022,0.0244444062439612,1.66931438372104,2.25007151041432
"RN7SKP95","RN7SKP95",1.00563257552115,0.0482402197012484,0.0244529237382868,0.877834931696331,2.24993733157912
"MIRLET7D","MIRLET7D",0.747175702411023,0.0483353004107382,0.024503761409351,3.7856393081891,2.24913731059299
"MLLT10P1","MLLT10P1",0.585343048929139,0.0484044527055739,0.0245441086726424,6.28644475266774,2.24850339783097
"AC008267.2","AC008267.2",1.07417031514537,0.0484425804172624,0.0245660890337001,1.03561078794395,2.24815843500414
"AC010761.2","AC010761.2",1.58372671285572,0.0485203513159946,0.0246081794892618,1.68716642227343,2.2474986072545
"AC005606.1","AC005606.1",4.44022625489213,0.0485304287010928,0.0246146164643401,0.760269764557218,2.2473977847319
"SNRPGP18","SNRPGP18",1.0610598026725,0.048601591294236,0.0246533660039206,1.1507815501822,2.24679133178658
"STK33P1","STK33P1",0.876483451400052,0.0486118954220972,0.024659921047205,1.43984879605775,2.24668882320075
"AC022826.2","AC022826.2",0.65553032058663,0.04868115590402,0.0246974647656474,26.1938241384324,2.24610216420096
"AL162293.1","AL162293.1",0.506043419534295,0.04868115590402,0.0246977158617952,3.49273032927024,2.24609824316827
"AL591770.1","AL591770.1",1.30884057594203,0.0487050916395072,0.0247111901050305,0.508419864421863,2.24588788456243
"FAM230B","FAM230B",2.05305099927876,0.0488081709730041,0.0247701567707473,0.693594917685069,2.24496846978505
"AC129502.1","AC129502.1",0.927056857545768,0.0488082350321919,0.0247715228755694,1.88074927255006,2.24494719180626
"AC009269.2","AC009269.2",0.957733664896347,0.048846191848107,0.0247947909001375,1.18641927346255,2.244584933051
"MYCNOS","MYCNOS",0.503357097740343,0.0488558892835343,0.024801547737984,8.03809948717375,2.24447979133465
"EIF4A1P2","EIF4A1P2",0.798787785392231,0.048909502177046,0.0248322732712333,1.26765370465391,2.24400199053268
"BX664615.1","BX664615.1",0.808396880094443,0.0489150128304696,0.0248364076457995,6.92343419022589,2.24393773757281
"AC021086.1","AC021086.1",0.72621306805872,0.0489654142931619,0.0248633366819891,5.72909927060899,2.2435194557395
"AC023593.1","AC023593.1",1.10219987938669,0.049003303045926,0.0248852534334704,1.7318713484268,2.24317931794238
"AC118757.1","AC118757.1",1.55610007052611,0.0490537895705031,0.0249149128207351,0.420026936904882,2.24271943087986
"AC090877.1","AC090877.1",1.23514094919071,0.0490978424913475,0.0249411157008868,0.726832693863951,2.24231353334708
"ALG13-AS1","ALG13-AS1",0.626006980090253,0.049147883795915,0.0249721043489941,4.2840075677839,2.24183397785141
"AL355974.3","AL355974.3",0.668799325358918,0.0491865509709552,0.024997126917669,3.77079967845639,2.24144712450455
"AC008269.1","AC008269.1",0.993502924789118,0.049197215342937,0.0250038908875644,1.01958178524547,2.24134260990121
"AC073283.1","AC073283.1",0.531502711484081,0.0492147004455406,0.0250141221806046,7.2257168141598,2.241184565889
"CEACAM3","CEACAM3",0.571774061162089,0.049273608045461,0.0250467554872471,82.4858167165535,2.24068084896442
"C1GALT1P1","C1GALT1P1",1.09741506819213,0.0492853079751717,0.0250553960541557,0.640481922798201,2.24054757117878
"AC241520.1","AC241520.1",1.15102360098115,0.0493031923185773,0.0250659891391423,0.862069536227035,2.24038423075648
"AL157392.5","AL157392.5",1.14923864036579,0.0493065914745453,0.0250702576778003,4.10258030367941,2.24031842877666
"AC020928.2","AC020928.2",0.814932517902709,0.0494329904945376,0.025141279408326,2.09319690294683,2.23922500872777
"AC009387.1","AC009387.1",0.953701175502957,0.0495032421082978,0.0251810666501866,1.2221463903398,2.23861362948807
"AC012462.3","AC012462.3",0.988536281564082,0.0495792202134091,0.0252224241414646,1.30682282047153,2.23797900716047
"AC051619.4","AC051619.4",0.873719715585357,0.0496917435003682,0.0252823835547517,1.70999627229043,2.23706053970829
"AL137058.3","AL137058.3",0.528521216100441,0.0497113311258622,0.0252937077031014,5.95774193439777,2.2368872863609
"LINC01448","LINC01448",0.521072828425441,0.0498300634734518,0.0253622891987065,10.6589372618674,2.23583945861007
"CATIP-AS2","CATIP-AS2",1.02753573321004,0.0498465160278048,0.0253720251122155,1.10264371798799,2.23569090650141
"LINC00222","LINC00222",0.607381238832153,0.0498515630644007,0.0253759561706545,3.18411243528328,2.23563093976915
"AC099524.1","AC099524.1",0.675197163676235,0.0498856773072522,0.0253974104556417,16.099834317907,2.23530380477469
"Z93241.1","Z93241.1",0.838424647098684,0.0499422211065473,0.0254302913342336,2.85031448479313,2.23480290083437
"RPS4XP6","RPS4XP6",0.836337839978382,0.0499674620112981,0.025445874394562,1.13747243214967,2.23456570579375
