"","gene","log2FoldChange","padj","pvalue","baseMean","stat"
"ATP13A1","ATP13A1",0.903050866840637,9.70761705805463e-55,2.60097448170153e-59,1652.01362647732,16.2406630860605
"HYOU1","HYOU1",1.22908129402834,4.02580958238772e-52,2.71755420029291e-56,4636.15770976105,15.8085249176183
"DPAGT1","DPAGT1",0.745176940614531,4.02580958238772e-52,3.23592121404045e-56,947.887629649528,15.7975212928441
"DNMT1","DNMT1",0.813256654408428,7.39491814819675e-50,9.90665025345866e-54,1920.56907710826,15.4324314669261
"TPP1","TPP1",1.23236128950072,1.27811818172039e-47,2.39713508347205e-51,10095.5057220738,15.0741130238527
"ADAM10","ADAM10",0.830268288177051,2.74114324474458e-46,5.87550463734337e-50,4186.72814245355,14.8613210566077
"MAN2A1","MAN2A1",0.949130666717573,9.92862417497648e-46,2.39417028574306e-49,2755.72011348934,14.7669169227453
"HSPA5","HSPA5",1.07712319388251,4.18202571175615e-45,1.23254515524791e-48,20577.9002716137,14.6560401728623
"SLC12A7","SLC12A7",0.82207927994911,4.98365495187356e-45,1.60233259444532e-48,2877.92861197683,14.6382091717391
"MOGS","MOGS",0.841678341789306,7.85442536400904e-45,2.73578034274087e-48,1418.54392311934,14.6017872919308
"CD163","CD163",1.96267648640081,9.26312039742524e-45,3.47463187750056e-48,29098.1705672438,14.585481227535
"PLXNB2","PLXNB2",0.998646188469269,9.34387769184535e-45,3.75527597936072e-48,9148.76821500568,14.5801795799584
"WDR81","WDR81",0.756050286157136,3.07954471893185e-44,1.32017028381721e-47,2287.44890784696,14.4941022974304
"GIT2","GIT2",0.511630829527522,1.18098519952063e-43,6.32845805278585e-47,2645.72769084408,14.3860776896274
"RPN2","RPN2",0.719084890115545,2.33772872724998e-43,1.37797154568227e-46,8968.75142953186,14.3321453407202
"HSP90B1","HSP90B1",0.915174739839557,3.72200614911427e-43,2.29365649678826e-46,27971.5674199494,14.2967207046898
"SUSD6","SUSD6",0.851287853625644,6.02432325663433e-43,3.87385146315205e-46,3184.33735673545,14.2601923746454
"ABCC10","ABCC10",0.832975594969944,9.73893555168749e-43,6.7843507848746e-46,519.38901534203,14.2210335227323
"PDIA4","PDIA4",0.921287029436209,9.95590686179781e-43,7.20224754892535e-46,7278.71454747754,14.2168501480268
"PCNX3","PCNX3",0.663007947810238,1.29935414929824e-42,9.74785418652058e-46,1814.70549062018,14.1956498906754
"GAK","GAK",0.533910603594426,2.26062027402774e-42,1.75650370942327e-45,2584.97208107955,14.1543111929976
"VAV2","VAV2",0.715541765931858,1.26306749755651e-41,1.11677055486871e-44,1154.54427969587,14.0236758990446
"SLC12A9","SLC12A9",0.684499584869772,2.27542440904247e-41,2.13380098910823e-44,1783.05940902217,13.9776630967501
"TMPPE","TMPPE",1.0480027122068,1.37572865191552e-40,1.51126315485187e-43,105.384854911265,13.8376208068842
"PPP6R1","PPP6R1",0.579627325471939,1.13826975873088e-39,1.4028992551944e-42,4239.55217077882,13.6764970750485
"ASCC3","ASCC3",0.704765226132399,2.87375167467462e-39,3.69584653924876e-42,1336.85707020469,13.6058620711157
"CLCN7","CLCN7",0.698431289937173,4.52761609096196e-39,6.06545038041149e-42,3318.57914629894,13.5695971181245
"DCAF7","DCAF7",0.521685907444702,9.58319266718759e-39,1.36084776508036e-41,4082.04918333285,13.5102358541773
"SLC36A1","SLC36A1",1.17510417816761,6.25043669989949e-38,9.88065710939822e-41,1323.80334559992,13.3635001399387
"GRN","GRN",1.10983179269664,1.17864535630571e-37,1.89477591239565e-40,32126.8846483695,13.314958547176
"UGGT1","UGGT1",0.790351080044299,1.41704852960611e-37,2.39193144616415e-40,2734.15270655025,13.2975452048364
"EFTUD2","EFTUD2",0.559604118786958,1.63552242069164e-37,2.80452897474118e-40,2899.67271407334,13.2856392917114
"NRP2","NRP2",1.11585272009671,2.07005860869964e-37,3.60511774416516e-40,3243.89808205205,13.2668299150228
"PLXNA1","PLXNA1",1.02070943951947,2.90762884514428e-37,5.14169557054692e-40,2882.00555238764,13.2401923789288
"ADA2","ADA2",1.51769692635736,5.33933899102241e-37,1.00140323492637e-39,6768.42137347464,13.1900338097542
"RAVER1","RAVER1",0.615474252064066,9.03796695572665e-37,1.74351906548862e-39,1612.7976938499,13.1481661283514
"LMAN1","LMAN1",0.662221310811575,1.4083362440843e-36,2.79229649444681e-39,5542.73426812901,13.1125026521379
"WDFY4","WDFY4",1.5200398527684,1.92958181573109e-36,3.98086434132556e-39,1483.05751509521,13.0855844348543
"CAD","CAD",0.639106493897217,2.44588712322951e-36,5.11157183538037e-39,1340.83191212792,13.0665748572973
"TRAF3","TRAF3",0.655108239913531,3.78942263733733e-36,8.22397003521486e-39,1887.88743363862,13.0303406203719
"SEC61A1","SEC61A1",0.598405305479496,5.79482000670649e-36,1.30419548418762e-38,11399.546748824,12.9951103305543
"ATXN2L","ATXN2L",0.626594704869413,9.8333868700515e-36,2.31851149308612e-38,2269.66846478515,12.9510205437811
"RNF213","RNF213",0.985272896203991,9.93673884676167e-36,2.36950340905551e-38,7018.48027041928,12.9493504863882
"NCLN","NCLN",0.554230456796448,2.5759700030641e-35,6.55673848005491e-38,2696.93544364362,12.8709771230607
"WASHC4","WASHC4",0.593812437562022,6.05832048476555e-35,1.63944583490427e-37,2457.50601246841,12.8000031502482
"CBL","CBL",0.829695085523383,7.20622206595037e-35,1.98869563752348e-37,1697.02482187405,12.7849973590441
"GALNT7","GALNT7",0.70496851414173,7.74495284350923e-35,2.15811991459679e-37,778.182345987238,12.7786393472204
"MYO9B","MYO9B",0.834640642934378,7.8793136130152e-35,2.2166704963872e-37,4511.28896815898,12.7765569662264
"TTYH3","TTYH3",1.26179314847702,1.90431761074288e-34,5.56146664445447e-37,9437.94841279015,12.7047954353418
"CALR","CALR",0.737858583324052,2.61012241580739e-34,7.97240188093247e-37,32395.7780429888,12.6765914354575
"COLGALT1","COLGALT1",0.829084021118047,3.23335426213735e-34,9.96264341413593e-37,7081.54397751026,12.6591067721338
"EDEM1","EDEM1",0.795057079390683,4.75873735839527e-34,1.5144266819459e-36,2563.72531957491,12.6261858762165
"HPS5","HPS5",0.735125756872457,6.33788228919947e-34,2.07170280867651e-36,1198.35601928086,12.6014986600048
"TAPBP","TAPBP",0.907449094846638,7.80770970247849e-34,2.61491228681995e-36,8788.02392111692,12.5831209288021
"VARS","VARS",0.535333538291099,1.10800781329868e-33,3.82962269687672e-36,2778.27891998643,12.5529519557977
"CHPF2","CHPF2",0.73226599392738,1.1362073744429e-33,3.9575317814103e-36,3056.68273057867,12.5503507388876
"ENG","ENG",0.973608617410571,1.28101742639106e-33,4.49624314383164e-36,18360.2984804475,12.5402413127833
"TMEM87B","TMEM87B",0.642051929965536,1.35310731440032e-33,4.78552542670318e-36,1491.29292687613,12.5352991013152
"PDIA6","PDIA6",0.687983843940329,2.28829086004505e-33,8.27691413085985e-36,12801.1338718452,12.4917910026381
"CDYL2","CDYL2",0.956645416364706,2.44591378488086e-33,8.97811506386621e-36,605.919348280601,12.4853204331362
"GAA","GAA",0.980255107476947,5.05579856643766e-33,1.95063364029425e-35,8786.48529978259,12.4234111688938
"PNPLA6","PNPLA6",0.773001132679727,5.28553094241636e-33,2.05343082455958e-35,3692.09899759988,12.4193028326935
"NACC1","NACC1",0.629209377811657,6.51070927149635e-33,2.58174576583196e-35,2063.76372840061,12.40097142271
"MAN2B1","MAN2B1",0.922192293618538,7.08824432770659e-33,2.82975217648175e-35,11985.2354191279,12.3936199964923
"AREL1","AREL1",0.555012112911908,7.22795107513836e-33,2.9048915180204e-35,1354.01557317295,12.3915187781978
"ITGA4","ITGA4",1.51390422804933,9.44162870837885e-33,3.9210472089562e-35,1021.66631030441,12.3674432524865
"RTEL1","RTEL1",0.668652538096806,1.0035640308836e-32,4.22151362025361e-35,386.073157604581,12.3615100293031
"DOCK8","DOCK8",1.10978496863063,1.19963401087766e-32,5.11057009697903e-35,2801.56144122642,12.3461391781958
"SOAT1","SOAT1",0.786860661793879,1.46848035496497e-32,6.41326522142621e-35,1955.04230184666,12.3278531847434
"TECPR1","TECPR1",0.643203533974009,2.23040910823487e-32,9.80058124348307e-35,1511.32470067926,12.29362871028
"PTPRJ","PTPRJ",1.17677031623977,2.34867034740011e-32,1.03831580344833e-34,2658.44257338282,12.2889613001687
"ITGAM","ITGAM",1.39468741206392,3.92863544899403e-32,1.76837541309915e-34,6997.13640243667,12.2458395820293
"E2F3","E2F3",0.559968656622415,4.3731058975003e-32,1.99187632981017e-34,689.421528732591,12.2361805003528
"PARP4","PARP4",0.630294029925826,4.6048088586679e-32,2.10975086362889e-34,2788.81476999777,12.231511804362
"ATP6AP1","ATP6AP1",0.65320174744178,5.62757736775209e-32,2.62357919242522e-34,5721.42851440269,12.2137956064307
"GPRIN3","GPRIN3",1.22247132582784,6.65793025424895e-32,3.12176886770508e-34,1080.95484957422,12.1996463341001
"TAP2","TAP2",0.952693919895851,8.00172473178489e-32,3.81616430152375e-34,3124.22188507988,12.1832806926012
"TOR4A","TOR4A",0.949529420917432,8.49438876692586e-32,4.09664276196087e-34,1359.60123325177,12.1774965329575
"TNS3","TNS3",0.914828680032966,8.54316573062927e-32,4.14305655291348e-34,6545.399569064,12.1765774651
"ZFYVE26","ZFYVE26",0.704373607751886,9.99595659698656e-32,4.87437799922716e-34,1252.27682664288,12.1633084928473
"ITGB2","ITGB2",1.48735391266464,1.00761048816066e-31,4.94045814466686e-34,17245.2963983086,12.1622087157184
"ANPEP","ANPEP",1.30235585339014,1.14305518476651e-31,5.63518886469572e-34,8365.52440258045,12.1514575764154
"RIMBP3","RIMBP3",1.24320491662256,1.38546376296495e-31,6.90448945453155e-34,117.769826497589,12.1348399208266
"FAM91A1","FAM91A1",0.568454744753087,2.07162842444499e-31,1.06570387560871e-33,2018.3333251033,12.0992577494701
"SLC38A7","SLC38A7",0.737527131162288,2.36768720179599e-31,1.22434860527456e-33,947.840466957607,12.0878596627266
"PLEKHB2","PLEKHB2",0.816017720916379,3.63788974027573e-31,1.93966202694015e-33,5564.32706449944,12.0499930851815
"SLCO2B1","SLCO2B1",1.32433198216907,3.67317226108686e-31,1.96831565580841e-33,10067.8180673762,12.0487842728045
"CSF1R","CSF1R",1.25979100201546,3.78415624306382e-31,2.05820463880705e-33,12364.5934608338,12.04510248067
"PLOD3","PLOD3",0.731262755237399,4.05643194236459e-31,2.23689268549919e-33,3315.41481887046,12.0382354115798
"ARHGEF18","ARHGEF18",0.542901740622573,5.08785456544015e-31,2.8763425054467e-33,1676.8535686563,12.0174728810146
"INPP5D","INPP5D",0.973467572232461,5.24476243849974e-31,2.97910038571912e-33,2261.76437725745,12.0145714534023
"ZNF217","ZNF217",0.559542845017646,6.57476120651302e-31,3.7697904728821e-33,1896.45454065033,11.9950961705098
"STK11IP","STK11IP",0.582103580359144,6.58723551133619e-31,3.79459216819999e-33,582.126750073665,11.9945531981467
"ATR","ATR",0.610224029021623,6.97090529658594e-31,4.03428326785779e-33,674.14369341781,11.9894802914148
"CEMIP","CEMIP",2.20981361603306,7.15820498196397e-31,4.18103766060645e-33,3998.42331513152,11.9865200651505
"NCSTN","NCSTN",0.640763692834749,8.53007393640411e-31,5.02804240283178e-33,3865.43761316954,11.9712254979641
"PDIA3","PDIA3",0.660517537852994,9.2728636757354e-31,5.49072387626269e-33,19546.4875359507,11.9639201578778
"ARHGAP30","ARHGAP30",1.09209897681086,1.10645922625223e-30,6.61094787273927e-33,4191.02351922636,11.9484976710316
"UBA6","UBA6",0.567321070595618,1.47061631993873e-30,8.98375052771833e-33,1096.34932927644,11.9229792305511
"SLC43A2","SLC43A2",1.17105765695012,1.54924012206134e-30,9.50555925172269e-33,6063.39974011805,11.9182756062898
"DOCK10","DOCK10",1.22996520093256,2.29763658835088e-30,1.44668059443897e-32,1406.32163796189,11.8832294789258
"MCL1","MCL1",0.61480826935552,3.03635251966943e-30,1.93621064673613e-32,15852.8030308196,11.8588478389675
"NFAM1","NFAM1",1.23254330509005,3.58004331697546e-30,2.30209360467838e-32,2323.76485263472,11.8443452078909
"GANAB","GANAB",0.782432234105839,4.09232231370983e-30,2.64247160625906e-32,10334.6263027229,11.8327785865894
"PREX1","PREX1",0.851524850910841,4.13644563343458e-30,2.68204550355322e-32,5096.71487003652,11.8315310474634
"TEP1","TEP1",0.892281865644132,4.17173460979461e-30,2.71610403820725e-32,1202.01900042677,11.8304719250881
"INPP4A","INPP4A",0.5664900795202,4.62765561899386e-30,3.06253767888831e-32,1367.36043304849,11.8203915565351
"GLB1","GLB1",0.780136061126148,4.91690911580185e-30,3.26713678085593e-32,3060.52509459133,11.8149576054755
"ARHGEF11","ARHGEF11",0.61328740020186,5.12345606783826e-30,3.41810830022165e-32,2205.20779487871,11.8111604280259
"SEC16A","SEC16A",0.595771039003091,5.3307361785197e-30,3.58496042871271e-32,3144.67800532209,11.8071529013796
"SETX","SETX",0.525729268775469,5.33842328233444e-30,3.604433371241e-32,3732.02111410658,11.8066973134925
"TBC1D9","TBC1D9",0.708693638046524,6.5784177614482e-30,4.49453829855395e-32,2045.20957207059,11.7881215692197
"TRRAP","TRRAP",0.666107448040964,8.03197492842901e-30,5.61676568421609e-32,1833.26598868731,11.7693317601618
"NPC1","NPC1",1.0127003470455,8.10171452756554e-30,5.68724166391279e-32,1850.8644318238,11.768279723181
"EMILIN2","EMILIN2",1.04446688787597,8.32409183739575e-30,5.86564893828224e-32,5902.60866751926,11.7656733315167
"PFAS","PFAS",0.648354189078952,1.32229171202329e-29,9.63650686360513e-32,599.795353179745,11.7237035441512
"CD4","CD4",1.13732674046504,1.34988698938983e-29,9.87378153158708e-32,10102.3857785205,11.7216433524335
"RUBCN","RUBCN",0.565532094321267,1.65891355508967e-29,1.23119538825882e-31,1163.24681296771,11.7029354022567
"CLSTN3","CLSTN3",1.05558715402213,1.67531536327122e-29,1.24785700771481e-31,1747.98732199529,11.7017949450171
"TFRC","TFRC",1.37194751732833,1.68399252274013e-29,1.25883212454652e-31,3507.67589781086,11.701051948345
"SYNJ1","SYNJ1",0.615916561795269,1.72689569614358e-29,1.29553035640276e-31,681.492255487113,11.6986134294329
"ADAM17","ADAM17",0.645087474768497,1.85161885632242e-29,1.40398182444939e-31,1759.31827130281,11.6917886735726
"NUP188","NUP188",0.523575804562112,2.49968785849784e-29,1.94225940831223e-31,1576.33103822436,11.6641974299353
"NUP210","NUP210",1.78977643635819,3.78977962554669e-29,2.99543174325824e-31,773.703488140406,11.6272645658034
"PIK3CG","PIK3CG",1.06956836364255,4.22909384747978e-29,3.35399560285619e-31,893.007096753712,11.61760696007
"ZBED4","ZBED4",0.586253218104049,4.70669881272226e-29,3.7579943900309e-31,782.66837716705,11.6078842130107
"STK10","STK10",0.828847250867582,5.30849256766869e-29,4.2527108692574e-31,2922.1733619813,11.5973027594394
"SLFN11","SLFN11",0.707039062185017,6.37095978998881e-29,5.2233574357275e-31,2780.07204993567,11.5796916855414
"SLC45A4","SLC45A4",0.73655587387673,6.71044358048399e-29,5.51966931706611e-31,852.362654359123,11.5749604730049
"PI4KA","PI4KA",0.562357347455038,8.01166970552136e-29,6.63292323501889e-31,2850.71650631232,11.5591929471886
"SEL1L","SEL1L",0.866226982835026,9.25406363224551e-29,7.73638979620847e-31,6133.62719444318,11.5459698016627
"CEMIP2","CEMIP2",1.0982409165301,9.33322051035805e-29,7.85207845096168e-31,3271.71588470261,11.5446935988728
"FBXO41","FBXO41",1.21003377205902,9.61101727770165e-29,8.11154098672674e-31,242.196994351571,11.5418979578174
"SLC8B1","SLC8B1",0.620750326241607,1.0325956125456e-28,8.74260411982986e-31,2062.25232710742,11.5354526987333
"DAGLB","DAGLB",0.657234391767935,1.10298551164172e-28,9.39767416076062e-31,930.315293122061,11.5292334368525
"RNF44","RNF44",0.572835549970884,1.17491298139499e-28,1.00734708905071e-30,1824.90731399354,11.5232530169503
"NCAPD2","NCAPD2",0.523687668751825,1.23913239058633e-28,1.06572756042711e-30,1491.2978929121,11.5183989997973
"STK4","STK4",0.65928554018338,1.5352552072619e-28,1.34509137200826e-30,2082.73314732527,11.4983192620732
"ANKRD44","ANKRD44",0.956158420970953,1.64613438676845e-28,1.46428908824887e-30,1072.98373360527,11.4909872132808
"ICAM1","ICAM1",1.06680173952714,1.97970130643464e-28,1.78752870955838e-30,4190.77314496263,11.4737447296573
"KCNC3","KCNC3",1.32708823508391,2.0992203250333e-28,1.90669477315941e-30,131.47705263825,11.4681604060606
"ARID1A","ARID1A",0.529417274773936,2.39697988692118e-28,2.20925724379306e-30,3113.83250614057,11.4554059628839
"TMEM104","TMEM104",0.722410596178002,2.54274573605287e-28,2.35042005985114e-30,1215.24340748372,11.4500381658524
"PSAP","PSAP",0.900091704254246,2.66344685672537e-28,2.46912791690641e-30,140048.669707156,11.445766353217
"SIRPA","SIRPA",0.723745381223074,4.97154288697498e-28,4.74203378014386e-30,8026.20079078363,11.3890366462757
"ATP9B","ATP9B",0.525276336133706,5.97061834244943e-28,5.75897597535513e-30,973.841099602379,11.3720931197602
"SMCR8","SMCR8",0.570556360218725,6.20561055569822e-28,6.01889189283486e-30,1619.21356173185,11.3682400827658
"ARHGEF1","ARHGEF1",0.660227570203944,6.31495894992493e-28,6.14186988940532e-30,3229.71703964149,11.3664742335191
"TLR8","TLR8",1.36352210639803,7.13031625224319e-28,6.97308745831997e-30,1508.0492147142,11.3553864563616
"RHBDF2","RHBDF2",1.21459091585131,7.13031625224319e-28,6.96413646222438e-30,1784.0448718615,11.3554987140198
"FMNL3","FMNL3",0.757782780314226,7.20497775588572e-28,7.0654070108356e-30,3021.95657535176,11.3542369165574
"CIITA","CIITA",1.32842704326507,8.13044474956404e-28,7.99473038900947e-30,3187.56516796466,11.3434310413078
"DOCK2","DOCK2",1.12550453960573,1.03115287412639e-27,1.04709412237468e-29,3491.62093030708,11.3198009383536
"SLC8A1","SLC8A1",0.975154205907714,1.16259383059824e-27,1.18991196658503e-29,1526.91916009902,11.3085863329136
"DOCK4","DOCK4",0.869114939440024,1.17351849264047e-27,1.20423755507676e-29,1629.74326172531,11.3075361235489
"LPCAT1","LPCAT1",0.59741108519047,1.24986440992035e-27,1.29262830487703e-29,2673.25972238749,11.3013182753633
"ADAM19","ADAM19",1.25021921988638,1.50185450014086e-27,1.58140776077849e-29,1109.52857547138,11.2835991552218
"TYK2","TYK2",0.540877804442613,1.55199168977573e-27,1.638358989823e-29,2190.81014954278,11.2804873043257
"DMXL2","DMXL2",1.18826418811814,1.61205102570285e-27,1.70607977695422e-29,1830.32563837185,11.2769237821743
"PTPRC","PTPRC",1.23968787910526,1.94641311315871e-27,2.09645010178657e-29,8381.68846246392,11.2587782355163
"PTAFR","PTAFR",1.0901696608031,1.94641311315871e-27,2.09408226631214e-29,3394.47842426066,11.2588778352493
"ENTPD4","ENTPD4",0.719707330665095,1.96090613045213e-27,2.11731417777834e-29,1168.87534632,11.2579054113887
"ATP13A3","ATP13A3",0.857473236790056,1.99519205453635e-27,2.16502634323935e-29,2531.3144466539,11.2559410831035
"CHST15","CHST15",0.810411212183796,2.45959188023248e-27,2.68213673942239e-29,3122.32794631228,11.237043943027
"IL17RA","IL17RA",0.829630117045147,2.76717886473097e-27,3.05462500942893e-29,2814.61306147824,11.2255550015594
"CFB","CFB",1.52361349815726,3.07284606133279e-27,3.46614203526272e-29,8529.96684507842,11.2143781053093
"PLXND1","PLXND1",0.779701638666577,3.53056685687203e-27,4.02028484894197e-29,11142.6804368727,11.2012482427707
"PAG1","PAG1",0.916291284131104,4.16819848665333e-27,4.79103274327969e-29,1306.88322763184,11.1857011822245
"B4GALT1","B4GALT1",0.734599408065794,4.91968136935126e-27,5.72071300350574e-29,7479.36335315733,11.1699592336658
"MPEG1","MPEG1",0.899928719877253,5.74081541224645e-27,6.73707137840995e-29,7548.92849812826,11.1554242206983
"ATM","ATM",0.657851102130301,6.44726613104304e-27,7.62937671131728e-29,1967.32223767939,11.1443565271321
"ATP11A","ATP11A",0.780954084938756,7.50601049616594e-27,9.00970635340766e-29,1816.67898890378,11.1295421685961
"PLXNC1","PLXNC1",0.958059887001211,7.58331723239266e-27,9.12281820149587e-29,3198.12736650226,11.1284299466208
"CD84","CD84",1.3902107292607,8.55399964905717e-27,1.04051545713687e-28,4315.18355558681,11.1166984611959
"ACTR2","ACTR2",0.549571822363078,9.51076432702741e-27,1.15944532025761e-28,19317.4281942333,11.1070358665184
"ADCY7","ADCY7",0.913600348123665,1.01282285200059e-26,1.24286061199868e-28,3309.11412285455,11.1008287261993
"PTPN1","PTPN1",0.659993790164285,1.09016934754537e-26,1.3465371733741e-28,3125.62907769548,11.0936661200211
"GGA2","GGA2",0.515979326165291,1.09016934754537e-26,1.34549976200207e-28,2912.51641337785,11.0937350429456
"SEC24A","SEC24A",0.674189559254647,1.22814095273233e-26,1.53669808141359e-28,1335.26853516819,11.0818467350362
"GNS","GNS",0.779785679693093,1.4503893513179e-26,1.84120198718004e-28,11792.7780393464,11.0656514035124
"LMLN","LMLN",0.632758478324658,1.65661122742378e-26,2.15271131822344e-28,282.596950135492,11.0516296524881
"STT3A","STT3A",0.580990920660066,1.65661122742378e-26,2.14965189764635e-28,4503.34335871187,11.0517573103707
"MOV10","MOV10",0.536065317331145,1.66806998113136e-26,2.17207087005289e-28,1274.13153391443,11.0508260016104
"MGAT5","MGAT5",0.709615423050076,1.68025333992144e-26,2.19693923286356e-28,2200.69337123392,11.0498040328805
"SMC1A","SMC1A",0.649498953309645,2.22960547317408e-26,2.9570364365704e-28,3363.08551190778,11.0230979104074
"ENTPD7","ENTPD7",0.956324603572956,2.6869555849658e-26,3.61399593723129e-28,393.978003043649,11.0050290141103
"APOL1","APOL1",1.24251701372707,2.69990368933555e-26,3.6386452207373e-28,4432.40898143929,11.0044163171514
"EHD3","EHD3",0.890798766059162,2.76379940207892e-26,3.73216220198745e-28,842.959279039655,11.0021286597359
"TCIRG1","TCIRG1",0.975958348845365,2.88046879547659e-26,3.90514484503162e-28,4274.91089865446,10.9980430900471
"PROSER1","PROSER1",0.511997533764472,2.94455124268126e-26,3.99991286884602e-28,936.309015275012,10.9958802965617
"SAMHD1","SAMHD1",0.799982187374274,3.55838595381979e-26,4.89095730329703e-28,13284.069178607,10.9777231333809
"DNAJC5","DNAJC5",0.528119010919557,4.24847448416088e-26,5.90777337641534e-28,4710.64070613434,10.9606435783186
"POLD1","POLD1",0.628144211646771,4.27556973473053e-26,5.95690663146016e-28,799.953456953913,10.9598940503911
"GNPTAB","GNPTAB",0.558375385698069,4.86674237314479e-26,6.8457512683895e-28,2332.53868796849,10.9473004187597
"LY75","LY75",1.02924402787308,5.22922229609401e-26,7.36964051053091e-28,974.490373213506,10.9406172934367
"SYNRG","SYNRG",0.537075065324107,5.34849426433507e-26,7.55206301022046e-28,1440.9123758412,10.9384003344851
"ATP6V1A","ATP6V1A",0.577766393853006,5.422071367133e-26,7.69953600884304e-28,2943.34141118713,10.9366465983708
"CYBB","CYBB",1.32330741884717,5.9682636339713e-26,8.49113948406816e-28,25546.1658308071,10.9277678761809
"CHST11","CHST11",1.07921293155454,6.07431603191624e-26,8.65829683835554e-28,2362.6229154877,10.9259983423254
"ITGAX","ITGAX",1.74488956555371,6.49552128405687e-26,9.32829463937648e-28,1558.79654891681,10.9192303174568
"RAPGEF6","RAPGEF6",0.661703833505553,1.00713173156156e-25,1.4868300621344e-27,721.350173714452,10.8768052362315
"MAP1S","MAP1S",0.654178802351496,1.02317774286852e-25,1.51326022576808e-27,2227.31753704422,10.8751985150884
"KNTC1","KNTC1",0.907898748987622,1.03044354640334e-25,1.52676709042962e-27,342.438076499768,10.874388130554
"ADAMTS4","ADAMTS4",1.60243922727235,1.31533379827463e-25,1.97707113799016e-27,683.013311436688,10.8507908980849
"KDM2A","KDM2A",0.552121145417752,1.33608762937575e-25,2.01184590657013e-27,3633.01562581418,10.8491971970782
"MR1","MR1",0.562797643481632,1.55198043054882e-25,2.3618811042835e-27,1944.0285221867,10.8345249444753
"IL4R","IL4R",0.644210209886489,1.55923846587952e-25,2.37710443181268e-27,3135.09104680933,10.8339368685473
"SEC23B","SEC23B",0.616003615343144,1.88183428696366e-25,2.91428936008627e-27,2167.73352743409,10.8152713571538
"PARP1","PARP1",0.554233318247404,1.97258957304898e-25,3.06012207699102e-27,3953.49527128591,10.8107932914116
"SFMBT2","SFMBT2",0.948316333580834,2.02919682036158e-25,3.15337501221691e-27,721.930044535124,10.8080394036137
"SEL1L3","SEL1L3",1.47342497386205,2.10872245022599e-25,3.28825781965953e-27,3276.43798187851,10.8041957723969
"AC140134.1","AC140134.1",1.4790766746237,2.39385458681325e-25,3.75853706259562e-27,242.32086567353,10.7919200663129
"ABCC4","ABCC4",0.774758689788911,2.55050228033442e-25,4.0181532589466e-27,684.740704934504,10.7857810460106
"EDEM3","EDEM3",0.570449591584156,2.70863301758173e-25,4.28179267575817e-27,1739.94466072962,10.7799369256566
"CDK12","CDK12",0.510577063181359,2.78656260814693e-25,4.41244943175746e-27,1488.81138034956,10.7771716315032
"STAB1","STAB1",1.21998462483101,2.92077819604605e-25,4.6562790414688e-27,9723.80684452765,10.772221621018
"SDC3","SDC3",1.02433023633118,3.0350218397584e-25,4.86280057920189e-27,7347.64041613368,10.7682260645295
"ADGRE5","ADGRE5",0.9174297429616,3.27113193262015e-25,5.29368938001386e-27,8290.18878361648,10.7604051882187
"ARAP1","ARAP1",0.57181794755664,3.65557200306198e-25,5.94521395884206e-27,6683.7631348428,10.749703931731
"ADAM8","ADAM8",1.77824454293451,4.33327188252655e-25,7.09382718490936e-27,1943.62375595309,10.7333984899987
"NCEH1","NCEH1",1.03539633500828,4.36935830481125e-25,7.16460971128925e-27,1638.0192462037,10.7324812616354
"TGOLN2","TGOLN2",0.707204619727177,4.82060033211551e-25,7.93036091396438e-27,11206.0317354121,10.7230958536407
"GNL3L","GNL3L",0.606134721009114,5.03353519549608e-25,8.29414609015912e-27,469.226812743863,10.7189478366866
"SGSH","SGSH",0.563310715638766,6.61063763533769e-25,1.1034555761368e-26,1529.41608574789,10.6925083945629
"CCDC88B","CCDC88B",1.02947037052077,7.03290031141468e-25,1.17582450347581e-26,899.039414640941,10.6866165731581
"PLCG2","PLCG2",0.845538803557913,7.85542724875083e-25,1.33017978758688e-26,1575.30518958641,10.6751671017938
"ABCC1","ABCC1",0.653031424585931,8.61299925013549e-25,1.46076910359182e-26,1912.60479982267,10.6664660532093
"SBNO2","SBNO2",0.796485789838461,1.04945756199645e-24,1.80800367699199e-26,4274.29662990501,10.6466256801228
"WDR7","WDR7",0.573379292621767,1.18174520127933e-24,2.05490618554319e-26,1014.00410418591,10.6346992571132
"NSF","NSF",0.505358531090618,1.47092131850228e-24,2.60109870645849e-26,2104.90996419988,10.6127042375087
"BIRC6","BIRC6",0.540311004377592,1.53394991259066e-24,2.71666503824029e-26,2222.39780015178,10.6086427753845
"DICER1","DICER1",0.583252454203656,1.7051367016482e-24,3.03354706185035e-26,2543.20903721028,10.5983281139281
"SH3TC1","SH3TC1",0.863976200390905,1.94165078052797e-24,3.48553445048292e-26,1644.40078814845,10.5853291772714
"PLBD2","PLBD2",0.825151845255201,2.05215843927885e-24,3.70040626325501e-26,5688.98908240071,10.5797255285573
"AL645922.1","AL645922.1",2.15166301801693,2.16782533056433e-24,3.91478250087173e-26,678.872473426213,10.5744474499492
"TRPV2","TRPV2",0.987057707595184,2.75584587654325e-24,5.05788501843938e-26,2175.50770040478,10.5504045394019
"VASH1","VASH1",0.718143444594836,2.75584587654325e-24,5.05706649798503e-26,2767.69692319307,10.5504197451802
"EPB41L3","EPB41L3",0.831024454767217,2.81236881805622e-24,5.18422888519862e-26,7680.30150912715,10.5480862015839
"ITGB7","ITGB7",1.85980484644683,2.81649760585615e-24,5.19938603658572e-26,1062.29056763008,10.5478118472013
"CLTC","CLTC",0.535328902365782,2.82013819434928e-24,5.21366276585751e-26,16063.2886061745,10.5475541531244
"POLR1A","POLR1A",0.590280724582631,2.87443584950781e-24,5.32174576537228e-26,1432.06559916033,10.5456256567651
"DPP3","DPP3",0.537204591926109,3.00481313120452e-24,5.60338113045131e-26,1168.99517096754,10.540777332536
"ETNK1","ETNK1",0.53575387697985,3.02843173768854e-24,5.65553926846425e-26,1336.39686863626,10.5399060099912
"NDOR1","NDOR1",0.526259958328386,3.82395034543431e-24,7.26410201461009e-26,356.460522522558,10.5163396551778
"TIMELESS","TIMELESS",0.68454341484095,4.21157347729032e-24,8.07943254759764e-26,525.653532579178,10.5063086457585
"AGAP2","AGAP2",0.934325512183675,4.46917317976448e-24,8.63826941745105e-26,469.384983504568,10.4999971939129
"KIF21B","KIF21B",1.23475362982763,4.86000211439118e-24,9.42754208080597e-26,416.294689261212,10.4917405958108
"AC004847.1","AC004847.1",1.50149485202925,5.00537315123766e-24,9.74976899217582e-26,98.3848178095882,10.4885651664728
"STARD8","STARD8",0.704399483189005,5.4383862763763e-24,1.06369316018399e-25,1678.12315059196,10.4803323157989
"LRRK1","LRRK1",0.580720416690417,5.98120211655712e-24,1.17467008317562e-25,2156.81632212131,10.4709429405047
"LMNB2","LMNB2",0.522751058266874,6.11227330777822e-24,1.20204930147877e-25,1967.10498747453,10.4687618362559
"ATP13A2","ATP13A2",0.565009295095569,6.6155923168606e-24,1.30635038381863e-25,1782.11140684529,10.4608811920809
"LAMP2","LAMP2",0.508660564901647,6.6155923168606e-24,1.30465272773918e-25,8777.44912096145,10.4610043946402
"ANKRD52","ANKRD52",0.785216476477219,7.14864882430979e-24,1.42501801175856e-25,1468.21034771614,10.4526403153043
"SLC26A6","SLC26A6",0.916853675001626,7.5034616573826e-24,1.50579877860289e-25,238.143323675966,10.447410911363
"YEATS2","YEATS2",0.639613086701991,7.83447751394725e-24,1.58062362832631e-25,1087.95329373256,10.4428094135704
"DNAJB11","DNAJB11",0.535176724046428,8.27052922435691e-24,1.67524585205204e-25,2891.97222618168,10.4372901788932
"FMNL1","FMNL1",0.829189081581173,9.11363793773927e-24,1.85334812173301e-25,5439.18711962912,10.4276922754088
"SPOCK2","SPOCK2",1.31856751926992,1.24162703558609e-23,2.55514677981315e-25,1762.93209824569,10.397129473858
"MCM3AP","MCM3AP",0.512973637099911,1.34010109650946e-23,2.77549539855266e-25,2354.81014166785,10.3892421777782
"ADGRE2","ADGRE2",1.60952966208582,1.38097466101157e-23,2.87124919471901e-25,998.004512134848,10.3860064078813
"NID2","NID2",1.22666144065693,1.41084650464287e-23,2.93713724541839e-25,2684.50307644708,10.3838414032019
"FKBP15","FKBP15",0.71844730435083,1.41831739498535e-23,2.9602905733558e-25,2859.48314216285,10.3830920234803
"HCFC1","HCFC1",0.5984467817021,1.4281405961466e-23,2.98844628135598e-25,2431.41583351397,10.3821885242057
"UNC13D","UNC13D",1.11159820663224,1.64552599770814e-23,3.45656132198157e-25,1162.13659845456,10.3682895843388
"PVR","PVR",0.601875929651249,1.96288974112351e-23,4.15476487819192e-25,794.944418376883,10.350690932381
"ARHGAP45","ARHGAP45",0.846626659912283,2.00473818247734e-23,4.24871500774207e-25,4021.57685928217,10.348550024694
"LPIN2","LPIN2",0.563401265642174,2.28141274527549e-23,4.86564462995818e-25,1892.62190713503,10.3355594733136
"MMP19","MMP19",1.289612074724,2.3574601869203e-23,5.0467826523841e-25,1695.56465268676,10.3320546043448
"NFKB2","NFKB2",0.684889819304548,2.43002984026901e-23,5.21515929066655e-25,2125.46999432874,10.3289066936467
"PLCB2","PLCB2",1.13874339941366,2.46602971661497e-23,5.2990269611907e-25,1164.75970388663,10.3273761142583
"CSF2RB","CSF2RB",0.962379428818884,2.53061669262325e-23,5.4513726679771e-25,4369.42199265081,10.3246562314458
"NCKAP1L","NCKAP1L",1.10743822437607,2.87680960699299e-23,6.21254599907926e-25,5872.66475537296,10.312104959701
"TNC","TNC",1.50074969285536,2.90933111255285e-23,6.30616207179289e-25,47204.2065330578,10.3106677531356
"IGHV3-15","IGHV3-15",3.28048418090015,2.97737265871138e-23,6.46162380718651e-25,2371.4169093431,10.3083271504005
"TRERF1","TRERF1",0.703375176665489,3.00825742123926e-23,6.54477139041953e-25,640.35543377181,10.3070980969636
"CYFIP1","CYFIP1",0.591401568120636,3.4262883193414e-23,7.5093209153103e-25,7819.07589218856,10.2938736879424
"MRC1","MRC1",1.097011664935,3.44080113768241e-23,7.55956630736966e-25,6517.22793646845,10.293231776552
"EMC1","EMC1",0.605096004092036,3.45251019060927e-23,7.5945418816553e-25,1738.16877388509,10.2927874357855
"STEAP3","STEAP3",1.05899407919611,3.71662006046985e-23,8.22529852891808e-25,2630.64862609877,10.2851042851172
"PIGO","PIGO",0.552071137305007,3.84958584730844e-23,8.56082376353993e-25,643.716122411612,10.2812519762923
"CEP170","CEP170",0.525225966157805,4.13109743312937e-23,9.22006312942895e-25,1754.3080572796,10.2741003387595
"CCDC134","CCDC134",0.6502025478507,4.23478871212288e-23,9.48552732453106e-25,86.8933563325057,10.2713626405792
"IGHV3-11","IGHV3-11",3.50951235722579,4.73049248964361e-23,1.06845783264195e-24,3704.42348892992,10.2598742524111
"BMP1","BMP1",1.05914658793729,4.85965514070235e-23,1.10153745653731e-24,3633.72518374701,10.2569294746354
"SLC4A7","SLC4A7",0.670549335238243,5.48617426721072e-23,1.25090006199832e-24,1385.46455165891,10.2446397473274
"TNFRSF1B","TNFRSF1B",0.876394790284388,5.98411659084383e-23,1.37245232209692e-24,7390.76837772436,10.2356676542625
"MYO5A","MYO5A",0.644437577727845,7.00764969193378e-23,1.61658665829515e-24,4372.73881220795,10.2198092549203
"RIC1","RIC1",0.519943202590837,7.42840054055849e-23,1.72017116780816e-24,1397.29326300821,10.2137869946059
"CD163L1","CD163L1",1.19324906122041,8.24914665941322e-23,1.92066780457897e-24,974.221916623632,10.2030879729888
"PARP14","PARP14",0.891025251312392,8.81140634265556e-23,2.05630172399137e-24,3196.73396727117,10.1964605403699
"AP1B1","AP1B1",0.764041015829312,9.98518965762247e-23,2.34360210596074e-24,8782.82644157677,10.1837467048044
"CTSA","CTSA",0.523489211882616,1.05235684979123e-22,2.47278342380544e-24,8818.40294950452,10.1785260720723
"CORO7","CORO7",0.863591375709353,1.13855842731042e-22,2.68448789227333e-24,2292.72569463157,10.1705282546606
"SPN","SPN",1.26241905587495,1.22690174591734e-22,2.91250689087898e-24,617.368062827929,10.162584826617
"ECT2","ECT2",0.701357360646646,1.27498865098185e-22,3.03007511030974e-24,470.013259885851,10.158726754843
"RRBP1","RRBP1",0.760609527745931,1.41392910897228e-22,3.38300429845469e-24,13450.9997660143,10.1479778220339
"AL138756.1","AL138756.1",0.914208899365808,1.83722426318298e-22,4.45978400033163e-24,91.2772665569349,10.1209689534528
"C2","C2",1.23336234538455,1.949825858379e-22,4.74879217979935e-24,11908.0015920629,10.1148220454571
"HSPA13","HSPA13",0.675966702754207,1.95061330153539e-22,4.75593629771777e-24,1959.82057704511,10.1146748352326
"PLOD1","PLOD1",0.781318211083258,2.07013166755059e-22,5.06398256430001e-24,5947.13967547886,10.1085271418336
"CYTH1","CYTH1",0.57962482658468,2.16346233303117e-22,5.3096790104133e-24,3885.23209618245,10.1038837307691
"LOXL2","LOXL2",1.58491879683153,2.38266163334268e-22,5.9178719130527e-24,5604.42516159691,10.0932473703897
"ATAD2","ATAD2",0.694833377790534,2.43946449527326e-22,6.08509885352035e-24,430.179426798312,10.0905124844207
"TMEM131","TMEM131",0.571301609385634,2.83084294179509e-22,7.08412321527374e-24,1753.77255172438,10.0755804859517
"KCNAB2","KCNAB2",0.946317125939235,3.45858407780908e-22,8.72916486160317e-24,2474.59530013795,10.0550336040845
"RIPOR1","RIPOR1",0.505189648093346,3.59953470610515e-22,9.12348908709234e-24,3386.04270408806,10.0506808327283
"IL27RA","IL27RA",0.866291561616074,3.64463340368202e-22,9.24756271812789e-24,1134.3633862473,10.0493497130937
"CANX","CANX",0.584450646670616,3.68776129837402e-22,9.36897268310844e-24,22544.7415818073,10.0480641833805
"NCAPD3","NCAPD3",0.541754846550645,3.68776129837402e-22,9.37675286594578e-24,582.905741462597,10.0479823676047
"MANBA","MANBA",0.667604113650638,3.75138191264425e-22,9.55862122263667e-24,1486.65783898621,10.0460887687893
"ZSWIM4","ZSWIM4",0.918261663107035,3.78032479955161e-22,9.6424971443162e-24,462.15016227011,10.0452274511749
"EMILIN1","EMILIN1",1.01849355591477,4.1923523815981e-22,1.07271562426016e-23,7247.75589776856,10.0347123921332
"TAPBPL","TAPBPL",0.790332926999971,4.45104627173701e-22,1.14844936357815e-23,1694.18812175976,10.0279774439393
"PRAG1","PRAG1",0.621061070180912,4.66798633902377e-22,1.21192797002225e-23,762.296270400994,10.0226629252141
"TPCN2","TPCN2",0.526854944613103,5.76710174040046e-22,1.52163953503928e-23,975.373305882219,10.0001515892633
"MCM5","MCM5",0.574651440077645,5.78843040101361e-22,1.52918907252885e-23,1805.15486293252,9.99966147422993
"FCHO2","FCHO2",0.534088655881883,6.40456740125471e-22,1.69710826027943e-23,2159.73100753385,9.98933829320977
"NAGA","NAGA",0.775912419781158,6.94891631746247e-22,1.85624670270613e-23,4184.20817166388,9.98044911202963
"RCC2","RCC2",0.60216891061061,7.24217117760063e-22,1.93846395156419e-23,3102.00874044998,9.97614812295783
"ADAM9","ADAM9",0.693274099713392,7.34499939963167e-22,1.96992321062918e-23,7710.12086089775,9.97455002895543
"VAC14","VAC14",0.553650298689782,7.96311496326889e-22,2.13996846667168e-23,1535.55784148179,9.96632696020784
"AL669918.1","AL669918.1",1.63143054081672,1.12547056182306e-21,3.10293708468217e-23,708.199199438894,9.92934285144273
"INCENP","INCENP",0.688965597290487,1.42655191875411e-21,3.97124412181637e-23,578.244730133763,9.90470901006038
"SLX4","SLX4",0.659060543938185,1.45442038609488e-21,4.05661822984424e-23,290.916981611446,9.90258254998476
"MAST3","MAST3",0.708713293371963,1.65757639684862e-21,4.64101849987089e-23,874.85128505992,9.88911731531055
"ST8SIA4","ST8SIA4",0.921093676454366,1.73470896587876e-21,4.88021974164107e-23,1838.60523630709,9.88408451694541
"NOMO2","NOMO2",0.653083519947389,1.79619290758871e-21,5.05800376678117e-23,4575.28982178871,9.88049972403363
"P4HB","P4HB",0.565511954685718,1.83367504718825e-21,5.17829086551568e-23,32848.5159471302,9.87814436007177
"CTSD","CTSD",0.947341506200932,1.85508405458686e-21,5.24372016608831e-23,48575.9442188803,9.87688582272555
"MMP12","MMP12",2.89980645561505,1.88357754980306e-21,5.33940210511384e-23,118.240013852853,9.87507308970581
"GBA","GBA",0.598645998128101,1.95980701785491e-21,5.58174546520851e-23,2993.62820173832,9.87062191065032
"GMIP","GMIP",0.891609477533882,2.13961857644437e-21,6.12253205702271e-23,1770.83262854222,9.86134234278136
"ADAR","ADAR",0.519059155566333,2.562796781482e-21,7.39525797405384e-23,9007.22323589788,9.84236371766463
"MVP","MVP",0.521639947853334,2.9526303534968e-21,8.59927978525579e-23,11766.0511073625,9.82718024362462
"ERO1A","ERO1A",0.984350312118811,3.03026539573478e-21,8.83350414103754e-23,2558.37107817863,9.82447276523124
"CEP250","CEP250",0.659134364956167,3.18173229788434e-21,9.32619332284507e-23,779.47889547161,9.81900233139232
"TMPO","TMPO",0.502655519497129,3.23705745346788e-21,9.49703376348989e-23,1593.07698968955,9.81717205137033
"GALNT2","GALNT2",0.636357443482497,3.37932084963643e-21,9.93252142660334e-23,6733.02124974682,9.81265003121374
"SYVN1","SYVN1",0.75294386692489,3.67375529417749e-21,1.08569838691364e-22,2397.60700294403,9.80366806679964
"RREB1","RREB1",0.544798049395003,3.80165928742772e-21,1.12757196130603e-22,1870.85935316921,9.79984620432826
"IGHD","IGHD",2.96605115430336,3.9365294740137e-21,1.17073861054985e-22,665.387647774239,9.7960506623168
"PITPNM1","PITPNM1",0.560123479809667,4.19542072826218e-21,1.25223017744663e-22,1635.10848529171,9.78924857721497
"LIPA","LIPA",0.914422324083264,4.22434427361352e-21,1.26199498032823e-22,8720.90733173455,9.78846308873997
"DPYD","DPYD",0.612726391928636,4.54745349767507e-21,1.36095853948049e-22,2919.9868740633,9.78082556781838
"GBF1","GBF1",0.503091231860554,4.85120928275771e-21,1.45836530162477e-22,2689.69129712844,9.77382719620195
"ACSL5","ACSL5",0.641725919688936,4.89367458810527e-21,1.47249698343136e-22,1732.88849772647,9.7728505092262
"IGF2R","IGF2R",0.835355979563373,6.28271399726118e-21,1.90553606218676e-22,6645.93534288207,9.74670459197287
"STAT2","STAT2",0.691770178419542,6.31436214712649e-21,1.9185185207088e-22,2720.07122225428,9.74601504372156
"CNDP2","CNDP2",0.684120254925013,6.92713462572667e-21,2.11397967438381e-22,5455.97562439976,9.73615707971963
"GRIN2D","GRIN2D",0.956427022125938,6.96932804611575e-21,2.13059060113551e-22,105.138748160444,9.73536136823624
"IKZF1","IKZF1",1.06219855467375,7.27241817335901e-21,2.23104220145649e-22,2100.87846162721,9.73067649721242
"ARSB","ARSB",0.666316531439918,7.44717733874528e-21,2.28864571645924e-22,1602.31798482963,9.72808329564622
"SLC46A1","SLC46A1",0.783970761804094,7.73116157108435e-21,2.38420463744021e-22,1143.27727227002,9.72392064548265
"RBM47","RBM47",0.906214841493238,8.21918906966869e-21,2.54571780525065e-22,2479.40251526268,9.71724673400837
"KCNA3","KCNA3",1.65851333058623,8.80924369405044e-21,2.73791567802656e-22,172.918099622187,9.70983067416628
"ANKFY1","ANKFY1",0.557402063529963,8.96516312289803e-21,2.78877753280406e-22,2708.26329489805,9.70795434790446
"ZFP69B","ZFP69B",0.764470984848169,9.09007689978614e-21,2.83006975793786e-22,51.5987500453416,9.70645579492607
"MSN","MSN",0.592151173489744,1.07972786293015e-20,3.37894098518989e-22,34866.7138781479,9.68836507082548
"ZNF697","ZNF697",0.762312737123862,1.28427441834106e-20,4.03970250819176e-22,297.341618487529,9.67010326534157
"SEMA7A","SEMA7A",0.907390004014408,1.55814788301473e-20,4.9387480792177e-22,279.0203168794,9.64951764742663
"PLEKHO2","PLEKHO2",0.797144039302019,1.64662395163479e-20,5.24124334737865e-22,7940.47909539039,9.64341929119273
"HDAC10","HDAC10",0.544156697217401,1.6752257471273e-20,5.34444238276724e-22,705.302321145756,9.64141821888495
"TMC6","TMC6",0.863241089254759,1.74680023129457e-20,5.58818818467356e-22,1584.23017127919,9.63683973178408
"NUP62","NUP62",0.506998583904704,1.8048486301674e-20,5.77872655748479e-22,2943.31621399735,9.63339627105343
"SLC12A6","SLC12A6",0.616801450459939,1.85264001393383e-20,5.9416716144972e-22,1363.05752559453,9.63053946658375
"ZDHHC20","ZDHHC20",0.703272182682567,1.88694779787494e-20,6.061812849053e-22,5224.52888556757,9.62848233773918
"DOP1B","DOP1B",0.637097535471001,2.18206238861807e-20,7.08587095090187e-22,881.844098485155,9.61242703901729
"TLR2","TLR2",1.25808103001371,2.68609990984856e-20,8.80181172399002e-22,2301.22851318581,9.59007838625546
"ITGAL","ITGAL",1.4418645423879,2.89020465695502e-20,9.52482846516806e-22,1192.52601635359,9.58192985468859
"AC007728.3","AC007728.3",2.10404232065901,3.00391975356471e-20,9.9076312639342e-22,5.08363212754038,9.57786014870706
"PHF8","PHF8",0.501543961348996,3.03909089937101e-20,1.00317766203818e-21,804.757522385479,9.57657367099483
"HS3ST3B1","HS3ST3B1",1.16979807369749,3.05318659281309e-20,1.01028466150207e-21,229.306022615736,9.57584426761044
"TRANK1","TRANK1",0.804944837843546,3.55615114528503e-20,1.18624123888215e-21,1325.03798399957,9.55924040977496
"EP400","EP400",0.555270177960721,3.80990542919367e-20,1.27394956880039e-21,1860.67224148882,9.55185460343001
"MIAT","MIAT",2.18847795149593,3.81970544154216e-20,1.27824989858429e-21,235.682012914112,9.55150554230801
"NFE2L3","NFE2L3",1.01089157083162,4.58486662612024e-20,1.54904933031579e-21,908.707327772918,9.53158162279389
"ADPGK","ADPGK",0.543626221796383,4.6560555999295e-20,1.57684384382576e-21,2371.04807242147,9.52973555683369
"BMP2K","BMP2K",0.919350170161018,5.58144152179062e-20,1.90369880696607e-21,3427.10977945027,9.51015979560986
"P2RY8","P2RY8",1.31858094185255,5.72739911224094e-20,1.96115426558528e-21,757.526474227849,9.50706618387686
"KLHL6","KLHL6",1.33506687204647,5.75765384743469e-20,1.97305663287222e-21,680.915782800435,9.50643653883332
"ERAP1","ERAP1",0.708408517274204,6.80888836461335e-20,2.35518979683194e-21,3297.87164759572,9.48799571146715
"DTX3L","DTX3L",0.624923279229463,7.32310404343211e-20,2.54482917887936e-21,2667.19391465934,9.4799180225816
"C18orf54","C18orf54",0.575997588927447,7.55165475740082e-20,2.62829877819673e-21,171.676293458418,9.47654973784527
"UBA7","UBA7",0.627753785033755,7.55188374938919e-20,2.63040186324946e-21,1752.59762534504,9.47646624450714
"KNL1","KNL1",1.28866055228836,7.60553389083029e-20,2.65520206300455e-21,110.646195191446,9.47548661691279
"JAK2","JAK2",0.563910026214465,7.8607777565266e-20,2.7527359879378e-21,1712.14205948382,9.4717197972321
"IQGAP2","IQGAP2",0.838630200790685,8.18944856280287e-20,2.88319144000294e-21,2776.99398077589,9.46688285111526
"DAPK1","DAPK1",0.885172160551764,8.30212113501126e-20,2.93502984020149e-21,2147.71206894287,9.46502067791505
"LILRA6","LILRA6",1.12664425314655,8.61479337137073e-20,3.05140445220162e-21,781.746496487081,9.46095601000468
"NUCB1","NUCB1",0.505107349683809,8.63046548157019e-20,3.05926796670079e-21,17994.9109460789,9.46068691501782
"PIK3AP1","PIK3AP1",1.0233032683897,1.0416329993279e-19,3.73975355437501e-21,3302.46799917575,9.43966437181273
"APOBR","APOBR",1.18299493150329,1.06698840037189e-19,3.84793930525566e-21,1002.21446949539,9.43667564395188
"P3H1","P3H1",0.799103996561978,1.08940761811602e-19,3.93170983469249e-21,2414.02101489342,9.43441796176312
"TRPM2","TRPM2",1.15390129711004,1.12039665559485e-19,4.04955413122593e-21,649.672927360944,9.431321228171
"NAGPA","NAGPA",0.50653013974343,1.18218829818868e-19,4.28239578584545e-21,795.9143651455,9.42545627622053
"ARSA","ARSA",0.781963389482885,1.23157529461653e-19,4.47449588591488e-21,1924.96893151809,9.42085031040865
"ST3GAL1","ST3GAL1",0.605597947436721,1.40915582080593e-19,5.15742799673364e-21,3834.14893319401,9.40592553035028
"SIGLEC1","SIGLEC1",1.07920954481973,1.513577903566e-19,5.56799416337411e-21,4495.18750863028,9.3978677719782
"FNBP1","FNBP1",0.527395237968856,1.51982393470738e-19,5.59504350209774e-21,2783.43208734665,9.3973577345961
"PSD4","PSD4",0.935742551527371,1.76021598424964e-19,6.52717874287034e-21,1335.32908558215,9.38112616759229
"HPSE","HPSE",0.958091614868745,1.86755238580555e-19,6.94021155617795e-21,627.184533554248,9.37465538244366
"IGHV3-7","IGHV3-7",2.94012044326488,1.87008576646976e-19,6.95964721385339e-21,3872.68367119445,9.37436035521326
"TCN2","TCN2",0.8625971126733,1.96061435587386e-19,7.31756771356078e-21,4047.85443013917,9.36906818634231
"HIVEP3","HIVEP3",0.888289688750517,2.05815660362072e-19,7.70919521973521e-21,677.777910596372,9.3635632719919
"TTC7A","TTC7A",0.671663077045765,2.55051017225854e-19,9.65589816842513e-21,3727.25999810227,9.33975314152368
"ARHGAP26","ARHGAP26",0.648518329204012,2.57672946278946e-19,9.76896870521417e-21,1427.34146490789,9.33852039016376
"RAPGEF1","RAPGEF1",0.566143218782805,2.62784685769993e-19,9.96980722477586e-21,6416.45391072603,9.33636513826758
"NLRP3","NLRP3",1.0604127562021,2.73166059069521e-19,1.0388796417373e-20,777.064844824828,9.33200379074148
"IGHV3-43","IGHV3-43",3.21334342963784,2.91625042011742e-19,1.11264919707612e-20,996.314976342617,9.32473152675578
"SPCS3","SPCS3",0.519968209748999,3.34944567333433e-19,1.28779962522701e-20,6109.22276837561,9.30921552362121
"COL4A1","COL4A1",1.26154171096856,3.52479920996934e-19,1.36277503415743e-20,20251.7140141849,9.30320275686834
"REL","REL",0.671226554104161,3.63233832607446e-19,1.40824519942924e-20,806.568122479041,9.29971358449255
"CDC25B","CDC25B",0.592854302924915,4.23665750623375e-19,1.65388901925959e-20,1881.44248184752,9.28260228161216
"IQGAP1","IQGAP1",0.52514075503577,4.48292566597921e-19,1.75242840786209e-20,20254.4139026614,9.27643568383311
"CIP2A","CIP2A",0.641598397028946,4.68937385130014e-19,1.83941358366246e-20,148.979154119557,9.27127066338712
"RASSF2","RASSF2",0.742467225918628,4.93959794489726e-19,1.94285823302231e-20,4243.16734324021,9.26543386455373
"IQGAP3","IQGAP3",1.22270309099641,5.04937906497323e-19,1.9900963493223e-20,143.196539860655,9.26286998181784
"SNX29","SNX29",0.529925004421477,6.27458851477653e-19,2.4914771532028e-20,2429.9265573888,9.23885555143351
"FBXL19","FBXL19",0.594781712753441,7.00563751293437e-19,2.79302001962499e-20,608.304505260603,9.22662169039409
"IGHV3-49","IGHV3-49",3.09983519450011,7.27089656114063e-19,2.90656637173373e-20,2189.51082440831,9.22235085176173
"PLEKHG2","PLEKHG2",0.669955311014304,7.88058586776269e-19,3.16929490863859e-20,981.592366271723,9.21306956498526
"SLC9A1","SLC9A1",0.567272808752102,7.93587213502904e-19,3.19578164106547e-20,1411.3171910537,9.21217646607019
"OS9","OS9",0.542080874363534,8.00239434443159e-19,3.23004770918467e-20,16616.8576379417,9.21103185361691
"DISC1","DISC1",0.595194114544988,8.86373504154234e-19,3.60980555237906e-20,483.871242228633,9.19909395989657
"QSOX2","QSOX2",0.692860414921907,8.98552212838718e-19,3.66662653096848e-20,492.62241888875,9.19741541060451
"ZZEF1","ZZEF1",0.545713601920326,9.07611453822958e-19,3.70602538816866e-20,2184.05497269841,9.1962665579506
"UHRF1","UHRF1",1.30131584710949,9.13585425434172e-19,3.732866526772e-20,283.186685665996,9.19549077665784
"MKI67","MKI67",1.55949752270389,9.31262434857648e-19,3.81008423231688e-20,544.944851689928,9.19328934980639
"IGHV6-1","IGHV6-1",3.1807580538719,9.3835002342141e-19,3.84558745098901e-20,1141.15253220087,9.19229193715551
"BRCA2","BRCA2",0.858986917906046,9.48110953146151e-19,3.89020832913326e-20,172.14090916062,9.19105120809783
"FANCD2","FANCD2",0.753448663200593,9.58392578298588e-19,3.93905692230001e-20,182.7933265415,9.18970895205215
"TNFRSF10A","TNFRSF10A",0.637524769992899,1.01191599953016e-18,4.17530916399123e-20,305.637715934414,9.18344110196096
"SAMD9","SAMD9",0.731723309206895,1.02380028953102e-18,4.23257467713302e-20,1252.3647719786,9.18197465477629
"IGHV3-38","IGHV3-38",4.06967340914385,1.06852022357705e-18,4.42890653450605e-20,43.5333923111082,9.17709180836902
"KIF14","KIF14",1.303390407052,1.06870606525992e-18,4.43254022726565e-20,70.1078330766692,9.17700346811847
"TPBGL","TPBGL",1.15856643561567,1.27149937917326e-18,5.32610467730928e-20,94.5133979087213,9.15720051598341
"TNFAIP3","TNFAIP3",0.874676178263112,1.27149937917326e-18,5.328148940404e-20,1343.81836957616,9.15715909228559
"GALNT6","GALNT6",0.812392845383979,1.31747165825913e-18,5.53138303054968e-20,646.59840960203,9.15311737516236
"STIL","STIL",0.896685230352033,1.33912239830435e-18,5.62587123366614e-20,111.703169531775,9.15128802631548
"SLC4A8","SLC4A8",0.892116415103031,1.43036810356026e-18,6.02453891379773e-20,108.597013686009,9.14388994083654
"PAQR8","PAQR8",0.598667383680895,1.4638866362211e-18,6.18140379574111e-20,801.334338888019,9.14111090315294
"ZNF710","ZNF710",0.682007400172982,1.54041583212534e-18,6.52519205473881e-20,1088.03051059425,9.13525647583334
"HTT","HTT",0.516458874549605,1.91198562825851e-18,8.18112436923303e-20,3286.70284178071,9.1107541981178
"TMEM63A","TMEM63A",0.538491795978169,2.20051229579848e-18,9.4828029652681e-20,985.620825672497,9.09472283127488
"PTPRE","PTPRE",0.691197586572852,2.24492763167513e-18,9.68994564914029e-20,1803.4009894339,9.09237429725151
"GALC","GALC",0.536497593152561,2.52699929675803e-18,1.09954903355439e-19,1756.79681725812,9.07862516682476
"AC005831.1","AC005831.1",0.823943480255357,2.55443241812095e-18,1.11217015766325e-19,58.7373451792542,9.07738267503632
"SPTLC2","SPTLC2",0.567923842127212,2.89723247987819e-18,1.27306520563734e-19,2930.11254504367,9.06266072033684
"SUSD1","SUSD1",0.904504855289391,3.12491011369333e-18,1.38075545621691e-19,746.855383017954,9.0538016254919
"PTK2B","PTK2B",0.683939015441626,3.28010702590536e-18,1.46151648690636e-19,2338.87363796962,9.04759504892463
"CTSB","CTSB",1.18332862830563,3.47203691877707e-18,1.55168597929431e-19,165216.66038055,9.0410538271909
"ZSWIM6","ZSWIM6",0.582654883538666,3.99464226442498e-18,1.79808670370387e-19,1109.07968408473,9.02493098712227
"KIF24","KIF24",0.776241207267254,4.08133688566134e-18,1.84257767391136e-19,67.2808384447804,9.02225438186127
"KDM2B","KDM2B",0.548544776355635,4.13027494616773e-18,1.86577808837414e-19,1382.69414874975,9.02088385788679
"CD300E","CD300E",1.65361602517737,4.59057577236027e-18,2.08478041265457e-19,1855.20054444551,9.00871861787011
"CXCL5","CXCL5",2.51201498204221,4.97888757289814e-18,2.26646571453365e-19,546.986635312984,8.99954911125011
"HM13","HM13",0.501865568901913,5.08779539139842e-18,2.31876857722282e-19,6376.33195972279,8.99704389574344
"SAMD9L","SAMD9L",0.876959184549697,5.15795142265284e-18,2.35488819875156e-19,1783.19335399104,8.99534621344431
"IL4I1","IL4I1",2.07936773351345,5.28780515814757e-18,2.41984063717173e-19,2148.10599000979,8.99235707904529
"NLRC5","NLRC5",0.850829366998054,5.57439865967386e-18,2.55547413302842e-19,1364.64913452907,8.98636278828228
"VDR","VDR",0.906444888929857,5.57729275313762e-18,2.55829520493305e-19,1326.77442398761,8.98624147700932
"ABCC3","ABCC3",1.1408447315961,5.78917518912395e-18,2.66168974212595e-19,1033.96616041742,8.98188416207171
"TRAPPC10","TRAPPC10",0.514284961683619,5.95758839170293e-18,2.74390977288464e-19,1455.77834191545,8.97853695199476
"AC145098.1","AC145098.1",1.04533211338145,6.20141679442539e-18,2.86285698812929e-19,35.1588313325779,8.97386592845673
"TLE3","TLE3",0.510289115899804,6.21676191335512e-18,2.87160666040356e-19,2946.07333485628,8.97352994126177
"EXOC3L2","EXOC3L2",1.10785111414319,6.48016086434858e-18,3.00542787455119e-19,441.875753686496,8.9685135464867
"GRB2","GRB2",0.646674591017885,6.56632190740173e-18,3.04714774900726e-19,10604.1428684445,8.96699469936069
"SLC2A3","SLC2A3",1.27892520841926,6.79922889005775e-18,3.1625167733409e-19,4426.92954100439,8.96289918686819
"PRKX","PRKX",0.554938021053304,6.85026813125326e-18,3.18992739386388e-19,1189.70061020988,8.96194784350264
"CLCN5","CLCN5",0.603756039535511,6.93611108439212e-18,3.2317598198853e-19,391.864008271048,8.96051141791635
"PRKDC","PRKDC",0.533271733692819,7.58051785991996e-18,3.54419625045155e-19,3989.41848659584,8.95033049327675
"PCDHGC5","PCDHGC5",1.46736297660415,7.62623698326468e-18,3.56965839020534e-19,39.8756232920839,8.94954028844673
"TGFBI","TGFBI",1.02046682843901,7.69331340212254e-18,3.60580204610703e-19,34692.8588595346,8.94842809849991
"LRP8","LRP8",0.784717882941824,7.82478904581824e-18,3.6730783721227e-19,287.911865135995,8.9463869351706
"BACH1","BACH1",0.55770453760658,8.15501238562896e-18,3.84120027166512e-19,2549.3446091535,8.94144334185069
"AC131212.3","AC131212.3",1.08311160890866,8.83979516235401e-18,4.17322269808637e-19,27.8734239867265,8.93227878127277
"PIK3R5","PIK3R5",0.965205704134892,9.36371137820764e-18,4.4356138886668e-19,1914.01896140826,8.92553218361403
"SLC31A1","SLC31A1",0.735105929343377,9.98544753728404e-18,4.73815812998152e-19,2771.94878271173,8.9182262157613
"FLVCR2","FLVCR2",1.04750214558866,1.04747602400679e-17,4.98437268878721e-19,897.743828606743,8.91261297528734
"HEATR1","HEATR1",0.514188889808508,1.05335243102961e-17,5.0151575970303e-19,1375.84280065099,8.91193048614284
"SPRED1","SPRED1",0.556270152131046,1.09504496775316e-17,5.22539744277892e-19,3415.30043254402,8.90737732280503
"LILRB5","LILRB5",0.940176698618058,1.12301928904397e-17,5.36189580975902e-19,3147.72078269195,8.90451707491644
"HCLS1","HCLS1",0.867380928407579,1.13244452134517e-17,5.41296526559972e-19,7036.52013378047,8.90346539634649
"SIAE","SIAE",0.525207023152894,1.1639671745061e-17,5.58235201448413e-19,1167.5972887572,8.90004605304257
"EML4","EML4",0.659555978409255,1.1745918730359e-17,5.63960195182683e-19,1734.29800701359,8.89891350824109
"GPCPD1","GPCPD1",0.570700444635147,1.24456956781362e-17,5.98892624867578e-19,2044.1057503481,8.89223982173196
"ABCA1","ABCA1",0.822943722449385,1.374631204749e-17,6.63688725707392e-19,3559.5911576013,8.88082067542776
"LCP1","LCP1",1.01791926347576,1.38812282310332e-17,6.70574565296277e-19,16127.3705702139,8.87967257070555
"SEMA4B","SEMA4B",0.783352129808093,1.42292920049659e-17,6.88729045983257e-19,1657.26562072914,8.87670053637846
"IL2RB","IL2RB",1.31072453099999,1.46286929081054e-17,7.10210635519305e-19,724.80876539844,8.87328220005519
"MERTK","MERTK",1.01463395212642,1.5395398293186e-17,7.51145950001119e-19,1233.79196724243,8.86704198561202
"MIR4539","MIR4539",2.78067863287169,1.55549292985024e-17,7.59346279288146e-19,13.3839483232466,8.86583239317455
"SYK","SYK",0.861476730777631,1.59929221327235e-17,7.83298814634904e-19,4428.54173356087,8.86237177230278
"EPG5","EPG5",0.523314587379325,1.80968841962056e-17,8.90710185902251e-19,931.626930600137,8.84803838447542
"PI4K2A","PI4K2A",0.51206275586134,1.82037607889803e-17,8.97921485746397e-19,2374.35570267908,8.84713822586995
"ABAT","ABAT",0.536177273480286,1.89471382034951e-17,9.35604739946987e-19,334.651979140109,8.84254753529836
"PIEZO1","PIEZO1",0.715284182618392,1.98623609983853e-17,9.81862552367734e-19,5385.89914865389,8.83715570481531
"POLR2A","POLR2A",0.656500700157158,2.11972639460741e-17,1.05182683139429e-18,5230.72852937576,8.82945958430129
"AC142381.1","AC142381.1",3.66905625066928,2.20956741702949e-17,1.09877478391521e-18,191.465729218104,8.82457377710084
"GUSB","GUSB",0.500148391276717,2.58440288781407e-17,1.29417490483736e-18,3914.38141156112,8.80623679800515
"SYT11","SYT11",0.641591399178984,2.60118768492074e-17,1.30327705993671e-18,1524.9937879489,8.80545079024902
"NCKAP5L","NCKAP5L",0.530232428112697,2.70836941538721e-17,1.36278374249047e-18,1373.77217927976,8.80044196796473
"MYO7A","MYO7A",0.878007666681344,3.11965892714789e-17,1.58645142237406e-18,761.308152685641,8.7833721829105
"NCAPG","NCAPG",1.27166923873508,3.29441245019243e-17,1.67796749130987e-18,177.938892260926,8.7770645198015
"WIPF1","WIPF1",0.513804040558877,3.3329277956523e-17,1.6993707888236e-18,7390.61168963523,8.77563838103876
"CTSS","CTSS",0.970334881774177,3.49819075133936e-17,1.78738305141713e-18,22287.8843331645,8.76995462201552
"SHCBP1","SHCBP1",1.18552828139336,3.50919231473591e-17,1.79394446762482e-18,221.970019732998,8.76954202815236
"SLC20A1","SLC20A1",0.700187950071335,3.8762397007903e-17,1.98989236307752e-18,1760.16755497507,8.75786162554071
"DOT1L","DOT1L",0.693706107204193,4.0371179700773e-17,2.07464358883484e-18,932.840121180531,8.75315775769232
"CMIP","CMIP",0.588521126622181,4.45548174181424e-17,2.306350166167e-18,4460.30649442164,8.74120600961009
"SEMA4A","SEMA4A",1.15841663063583,4.60547791856766e-17,2.38646258192263e-18,1164.57568510908,8.73734809993764
"TLR6","TLR6",0.770851807649578,4.63513393763028e-17,2.40431350728833e-18,471.608249459859,8.73650590223277
"KIAA1147","KIAA1147",0.500412135034652,4.65098125427868e-17,2.41502603509688e-18,1178.04658742144,8.73600344982354
"CCR5","CCR5",1.56964639568851,4.86642538561607e-17,2.53471879260446e-18,1230.92986218061,8.73053449536932
"PCNX1","PCNX1",0.521072868733383,5.00710215170999e-17,2.6106745940111e-18,2448.80796335432,8.72719468226853
"PARP9","PARP9",0.62376029359376,5.22224318844174e-17,2.7284447170542e-18,3283.70797502003,8.72220139635418
"TONSL","TONSL",0.599243958793952,5.24054731019505e-17,2.73941210572316e-18,174.726679846094,8.72174727762438
"FAM198B","FAM198B",0.672349967978282,5.53764369872498e-17,2.90658414538012e-18,10185.0559338654,8.71503906694086
"HK3","HK3",1.28869619539815,6.17543609191104e-17,3.25127452793323e-18,2332.15620475428,8.70233384816757
"ADAM28","ADAM28",1.48652173937016,6.24675369091059e-17,3.29528806352336e-18,754.725122145921,8.7008082008457
"SEC24D","SEC24D",0.513734418280222,6.24675369091059e-17,3.2955169781108e-18,3642.83196394796,8.70080031865387
"CCR1","CCR1",1.1108323622567,6.41091050553015e-17,3.38555437837256e-18,3893.0319415089,8.69774124612047
"DSC2","DSC2",0.798561282932091,6.75757676359241e-17,3.57948966096568e-18,1116.94308462872,8.69141624859077
"CCR2","CCR2",1.26063770584592,6.79600506248896e-17,3.60530772545833e-18,824.923703290126,8.69059985401825
"SLC46A3","SLC46A3",0.506379882693953,7.18355148857675e-17,3.82437553460386e-18,779.06141949569,8.68389627850583
"DOK3","DOK3",0.935213583056365,7.54355625461688e-17,4.03018277515367e-18,1209.43991026272,8.67793527432912
"DUSP6","DUSP6",0.547352221040515,7.63868464206872e-17,4.08613891123283e-18,3841.62256805452,8.67636650111109
"NOD2","NOD2",1.05207394714491,1.00332516695131e-16,5.45440281795197e-18,616.95316857468,8.64344281148439
"IGHV1-2","IGHV1-2",2.87259734056223,1.11668656149116e-16,6.10657576294366e-18,3794.61978910445,8.63053482167893
"TXNDC5","TXNDC5",0.904453312663513,1.32057353184155e-16,7.31705935709433e-18,18315.5340571848,8.6098275035305
"IGHV3-48","IGHV3-48",2.82793818698306,1.36301188767645e-16,7.56681036161509e-18,1966.29239346647,8.60597902337127
"DAGLA","DAGLA",0.710988174346922,1.38062970401588e-16,7.68681114847414e-18,500.621629231809,8.60417427686455
"WARS","WARS",1.04814314715602,1.43855673233724e-16,8.02859811231268e-18,12011.6239638298,8.59918242598638
"M6PR","M6PR",0.522614362900375,1.65370120059145e-16,9.28692151338231e-18,5612.03291311878,8.58245531201919
"ADM2","ADM2",1.48457829992437,1.72299774735438e-16,9.70377854121829e-18,62.7399815817515,8.57740462175373
"CTSL","CTSL",1.14741202921548,1.74525739820373e-16,9.84317129710593e-18,19605.413511,8.57576339547345
"COL4A2","COL4A2",1.13468145386984,1.76854120877857e-16,9.98396786672146e-18,23645.7548514113,8.5741287632884
"IGHV3-30","IGHV3-30",2.82000433561526,1.82784453397506e-16,1.03530352458893e-17,10920.5998702144,8.56994958780657
"GFRA2","GFRA2",1.02373987761952,1.89524369632037e-16,1.07586051008777e-17,1134.37594785753,8.56552335941904
"LAMB1","LAMB1",0.812238997698801,2.28813189537414e-16,1.31133995772185e-17,6797.31709856994,8.54268898258826
"ITGA5","ITGA5",0.762883801519155,2.55430650070168e-16,1.47552040712505e-17,9242.32499981473,8.52905185517796
"SLC15A3","SLC15A3",0.808176393153863,2.70407017296901e-16,1.56275737831743e-17,3977.72448875627,8.52240357947041
"SH2B3","SH2B3",0.588392931398367,2.72801988652692e-16,1.57806042788941e-17,3982.25333658199,8.52127521809672
"ATP2B1","ATP2B1",0.530818371243128,2.8331627019183e-16,1.64039991395264e-17,4943.42554588054,8.51678757469177
"BICRA","BICRA",0.50114171316226,3.2524035256901e-16,1.89359720851073e-17,507.29356922057,8.50014150616087
"SMPDL3B","SMPDL3B",1.8415401227729,3.34687903969537e-16,1.95129244443831e-17,123.386142016831,8.49665682164247
"MMP14","MMP14",0.868597498476793,3.40429972205406e-16,1.987506120718e-17,16364.5757216366,8.49452114361962
"IGHV3-33","IGHV3-33",2.81333229459818,3.51940518333042e-16,2.05847909203717e-17,7635.09812625127,8.49044468882562
"SLC16A3","SLC16A3",1.15899266667045,3.75222201602336e-16,2.20269497015437e-17,8226.90942802715,8.48257211437384
"FICD","FICD",0.541813472972482,3.89586412505714e-16,2.29014974422618e-17,423.472762364461,8.47804216607361
"JAK3","JAK3",1.16700840925997,3.91696675413152e-16,2.30448742890656e-17,1035.72511590461,8.47731583171322
"COL6A3","COL6A3",1.0223992886618,4.15459803317528e-16,2.45114939020228e-17,64137.1626851119,8.47013208030674
"LHFPL2","LHFPL2",0.88178392330006,4.18670110639996e-16,2.47233320968451e-17,9189.05053204664,8.46912967434939
"ARID3A","ARID3A",0.585915405911317,4.50969008559869e-16,2.67877258520813e-17,826.006640737829,8.45978224182022
"CRACR2A","CRACR2A",0.633820024179299,4.61872586249306e-16,2.74725274354543e-17,167.805460081202,8.45683795042104
"CKAP4","CKAP4",0.544766958957848,4.68382184054718e-16,2.7884822039214e-17,6007.57176366339,8.45510002050946
"RASAL3","RASAL3",0.939570382547202,5.54097909561763e-16,3.32642195405145e-17,745.296715282167,8.4344928150742
"SLC2A6","SLC2A6",1.09788105999938,5.73603814933019e-16,3.44718633790093e-17,576.525408020943,8.43032088826483
"PRR11","PRR11",0.779490319985276,5.76091063286046e-16,3.46367748041124e-17,208.625890219162,8.42976240556397
"CYP2S1","CYP2S1",1.15615601453043,6.24115404209215e-16,3.7624511948952e-17,652.007254541952,8.4200744552278
"CD274","CD274",1.18728654506091,6.44044667758503e-16,3.88604504405366e-17,273.216618362838,8.41628702674753
"ZNF831","ZNF831",1.41340955442179,6.70782136582119e-16,4.05815734105625e-17,164.832459309493,8.41120615572883
"COL5A2","COL5A2",1.19080434237188,6.76576632647771e-16,4.09683891912216e-17,22948.696477608,8.41009353300272
"GALNS","GALNS",0.567170937624206,6.90689852078166e-16,4.18784967782035e-17,1110.14169792269,8.40751607837507
"EPHB2","EPHB2",0.757529535346392,7.06184045545435e-16,4.28936374688932e-17,1219.45953883201,8.40470556040202
"QSOX1","QSOX1",0.678213134487347,7.10518483288336e-16,4.31759483454692e-17,6080.06168728342,8.40393561134284
"SLC6A12","SLC6A12",1.16442078295278,7.32657100382809e-16,4.45605020461639e-17,164.013896829598,8.40022999096587
"UNC13A","UNC13A",1.28114127848712,7.4281198271435e-16,4.52179306252713e-17,31.1295290567187,8.39851004036603
"CARMIL2","CARMIL2",1.58789014662785,7.77516013096005e-16,4.7434663928934e-17,179.443960532488,8.392887206764
"MMP9","MMP9",1.87803873250217,8.3644434067827e-16,5.12314594965711e-17,3308.98381981695,8.38383301219131
"TRIM14","TRIM14",0.851500603623543,8.56036202150434e-16,5.24543791849006e-17,1892.43748662573,8.38105724527294
"LAX1","LAX1",1.752435700828,8.90299035867034e-16,5.46969881639501e-17,379.367553968266,8.37612893626817
"SELPLG","SELPLG",0.803763933525634,9.42077504197108e-16,5.8029530909872e-17,4012.40332884372,8.36916178810702
"ADAMTS14","ADAMTS14",1.62629299668578,9.54001015478299e-16,5.87895489537306e-17,251.574863411053,8.36762819646554
"KBTBD8","KBTBD8",1.03999990526932,9.59835503626495e-16,5.92262456086547e-17,174.357097950302,8.3667558360244
"PIK3CD","PIK3CD",0.840383048072992,1.01226136907792e-15,6.26238914664125e-17,1681.4443195452,8.36017763465339
"CSK","CSK",0.603672361673034,1.01452331532995e-15,6.27910097905359e-17,4906.80482023711,8.35986322789111
"IGHV3-66","IGHV3-66",2.88957585880959,1.14654553496594e-15,7.15458176174391e-17,658.60071223308,8.34445041341501
"LIMD1","LIMD1",0.503466725709836,1.16735290283024e-15,7.3031884578105e-17,1308.75476962078,8.34202034507756
"BTN2A2","BTN2A2",0.740227645734816,1.18570403581694e-15,7.42117361323678e-17,760.937097325594,8.34012549060817
"SLC37A2","SLC37A2",1.01595088358921,1.28326970365746e-15,8.05245464181813e-17,2669.91830786341,8.33046631215496
"LIMK1","LIMK1",0.555336685595778,1.42738143715981e-15,9.00264154294722e-17,2361.15924518594,8.31725172693777
"PLD3","PLD3",0.639613525188403,1.47760074566795e-15,9.33125675197428e-17,19627.9891220857,8.31299993834031
"LMNB1","LMNB1",0.968525349043594,1.63813890257108e-15,1.04021359459139e-16,769.087999318136,8.30010278555679
"IGHG3","IGHG3",2.76352599522225,1.73070979400701e-15,1.10224182952996e-16,59112.3808171117,8.29321894730819
"TMEM106A","TMEM106A",0.763094777927435,1.88935681071694e-15,1.20935439830742e-16,539.195993394828,8.28218508204347
"ACSL4","ACSL4",0.57231160024332,1.89719740354042e-15,1.21589802247105e-16,4390.72272936802,8.28154261882648
"KIF11","KIF11",1.02447374482708,2.09305113934463e-15,1.34758778443457e-16,294.817585946037,8.26929029711233
"SLFN13","SLFN13",0.76028290017079,2.26360670401199e-15,1.45982405930843e-16,184.140937142076,8.25974630309797
"HEATR3","HEATR3",0.586451612686676,2.2697068161015e-15,1.46436621203344e-16,582.313228391495,8.25937546749871
"AC011899.3","AC011899.3",1.33032063974324,2.40679973862032e-15,1.55797448450197e-16,8.79448147693707,8.25197543796176
"IL2RG","IL2RG",1.23048441923876,2.51529714119063e-15,1.63157687721312e-16,1843.35796620029,8.24645855565416
"ZNF469","ZNF469",1.03391592303151,2.51715064642668e-15,1.63345359849032e-16,402.605625635974,8.24632111612856
"IGHV4-59","IGHV4-59",2.7230488946498,2.57953168499459e-15,1.67669905093291e-16,7954.90579157507,8.24319647789554
"AC099850.3","AC099850.3",0.981116475035807,2.62707103171808e-15,1.70971131367876e-16,17.0351917736966,8.24086424524707
"TRAF1","TRAF1",1.08864295523483,2.80356788079378e-15,1.82908335067729e-16,528.480720093506,8.23278629334376
"DDX60L","DDX60L",0.771871261323121,2.97277901929912e-15,1.94425785336365e-16,1006.53145371396,8.22547070533323
"HRH2","HRH2",0.821307825643275,2.98494834987496e-15,1.95381636490757e-16,978.044302101714,8.22488290756829
"CD14","CD14",1.0060701501322,3.09605031551154e-15,2.03234554376746e-16,27017.1034091825,8.22015841023885
"TMC8","TMC8",1.1412071191622,3.22655947285149e-15,2.11974488316369e-16,896.420574814046,8.21510738081137
"HSPH1","HSPH1",0.537786401137559,3.26129287388535e-15,2.14343740311357e-16,2061.71676817421,8.21377348991959
"COL13A1","COL13A1",1.12444033563684,3.34845623616743e-15,2.20431288274345e-16,162.681109315401,8.21041174016388
"IRF4","IRF4",1.69844947551692,3.3636484977241e-15,2.21521528478575e-16,1112.81682873077,8.20981934972701
"BTN3A1","BTN3A1",0.555135507592068,3.49465541685441e-15,2.30992013326362e-16,1844.13071311856,8.20479118509411
"POLQ","POLQ",1.26311488755983,3.85764961642396e-15,2.55915667290028e-16,38.9767648883695,8.19247158086494
"PAPLN","PAPLN",0.846291101096908,3.89150562695041e-15,2.58474464786059e-16,1753.06924929157,8.19127443518902
"IGF2BP3","IGF2BP3",0.966526252783916,3.91085146675641e-15,2.60073770610332e-16,71.9950844439255,8.19053211059374
"UNC93B1","UNC93B1",0.621248215037623,4.21609135823741e-15,2.81631842889708e-16,4468.72417936542,8.18094268704881
"AL031985.3","AL031985.3",0.669156110457947,4.22088266083285e-15,2.82161193869141e-16,54.9739004639884,8.18071643431704
"HLA-DOA","HLA-DOA",1.1445351821755,4.31645048983329e-15,2.88896747946402e-16,5112.80058531623,8.17787353037553
"IL7R","IL7R",1.4079341254849,4.44821921937368e-15,2.98550200801947e-16,2898.88624847126,8.17391095359673
"FAM225A","FAM225A",0.820457362517753,4.47152060891965e-15,3.00353727368153e-16,549.263579595765,8.17318465979676
"RIMBP3B","RIMBP3B",0.937872393489195,4.4829790391745e-15,3.01243507495369e-16,65.9216799921673,8.1728279206252
"OSCAR","OSCAR",1.07820556389219,4.56353186758345e-15,3.06900972259316e-16,829.357616667628,8.17058368521417
"LAPTM5","LAPTM5",1.05196645313514,4.61380680755287e-15,3.10529236679066e-16,36071.6394845396,8.16916576610716
"P4HA1","P4HA1",0.761779357093971,4.80022864743109e-15,3.23590688769301e-16,3295.86832227504,8.16419318322388
"HEXB","HEXB",0.592150050983117,4.81272717383655e-15,3.24562181404137e-16,9791.71418774016,8.16383127302289
"NOMO1","NOMO1",0.636785955649212,4.89576772720223e-15,3.30555814713437e-16,3443.64284973049,8.16162180521602
"IGHV3-23","IGHV3-23",2.61057739940188,4.99080679143317e-15,3.37106446995231e-16,11072.1310459123,8.15925172152642
"C19orf71","C19orf71",0.892251631268413,5.01805337928936e-15,3.3948462831781e-16,59.6462151505254,8.15840248802919
"NRROS","NRROS",0.652207641052637,5.22195586147634e-15,3.54258560170889e-16,1372.70427103372,8.15325465060688
"FANCI","FANCI",0.669467331361217,5.40485095102368e-15,3.67679890808593e-16,324.907735687234,8.14875833398399
"FZD2","FZD2",0.845967132410533,5.63540727668441e-15,3.84421052070801e-16,429.06023487376,8.143371313641
"ARHGAP4","ARHGAP4",0.759111792244926,5.75882059070494e-15,3.93611213645428e-16,2383.40610542421,8.14051157151654
"SLC16A6","SLC16A6",1.07469878658248,5.82371732875889e-15,3.98514965507869e-16,311.534847739827,8.13901246048889
"STAT1","STAT1",0.890742397185992,6.6413026777106e-15,4.5695322659917e-16,13694.6801163434,8.12242676892316
"BUB1B","BUB1B",1.31169648533586,7.13223505251487e-15,4.92833753997156e-16,119.404984184623,8.11325038179579
"OSBPL3","OSBPL3",0.635691389519131,7.63970769339667e-15,5.29946767896578e-16,1082.12078835369,8.10442700133791
"SLC16A13","SLC16A13",0.60557935338042,7.94632084414633e-15,5.52386315724204e-16,85.0041661697104,8.09938298022595
"COL5A3","COL5A3",1.33983917306357,8.00697434416353e-15,5.56924829125433e-16,2826.79740799036,8.09838738806595
"IGHV1-46","IGHV1-46",2.77605746014402,8.33224164138133e-15,5.80218525465533e-16,3073.13085040474,8.09340016688133
"GPR25","GPR25",1.79134931168981,9.4520601737402e-15,6.60902217144114e-16,16.100944480111,8.07753286367588
"OLFML2B","OLFML2B",0.865047316930036,9.4520601737402e-15,6.60983228932881e-16,5912.55963817305,8.07751791208305
"CD38","CD38",1.1829019037527,9.5563626640681e-15,6.69301288853361e-16,971.959893546826,8.07599225663546
"CD22","CD22",1.79822106114536,1.02840869584301e-14,7.21922348982848e-16,330.930809978012,8.06675326840821
"VAV1","VAV1",0.866030681434681,1.06718011070205e-14,7.51998416833155e-16,1469.83803246199,8.06176633365419
"NEMP1","NEMP1",0.532083916509186,1.11670975101379e-14,7.87199141258013e-16,406.36329291057,8.05617344386504
"BTAF1","BTAF1",0.596287375535238,1.13058451182762e-14,7.97585676296684e-16,934.646451763294,8.05457020481535
"ABCA7","ABCA7",0.762698654006269,1.13159736520784e-14,7.98788943545543e-16,611.031371052919,8.05438580272129
"TLR9","TLR9",2.06413326457888,1.1496027073718e-14,8.11926355499841e-16,53.7799547929511,8.05239009819266
"CD226","CD226",1.01120185558992,1.20147206219264e-14,8.50813348437999e-16,522.74521782282,8.04666402166079
"MGAT4A","MGAT4A",0.79301149687245,1.23877259389718e-14,8.77891249593562e-16,2064.83594257853,8.04282714160959
"SLC26A11","SLC26A11",0.516634071686241,1.26286725514642e-14,8.95643336380405e-16,464.257402107823,8.04037447983438
"AC112721.1","AC112721.1",2.29486253148102,1.34161127050695e-14,9.54005924476982e-16,4.45263220723848,8.03263574229162
"APLP2","APLP2",0.682502341729492,1.37027383946462e-14,9.75121859876763e-16,30559.395286536,8.0299502675383
"APBB1IP","APBB1IP",0.603222335688985,1.38239461518001e-14,9.84117700220587e-16,3713.77115147324,8.02882355854673
"SPAG5","SPAG5",1.01938621480004,1.45026745849952e-14,1.034767366499e-15,161.004224919947,8.02266325563258
"IGHA1","IGHA1",2.46640050627027,1.56328409382298e-14,1.12168764656055e-15,54779.5540548216,8.01275300907356
"LILRB2","LILRB2",1.11352847889219,1.60471209173531e-14,1.15399278038142e-15,2838.23225902408,8.00926152203081
"AC008074.2","AC008074.2",0.711387509866141,1.65925192530827e-14,1.1976595361521e-15,86.1814949783848,8.00469210346939
"FCRL3","FCRL3",1.87302639960057,1.66163714789539e-14,1.19982641094716e-15,132.800413884049,8.00446965097742
"IGHV3-60","IGHV3-60",3.05220502116594,1.75352992025556e-14,1.27181777834895e-15,72.9379993928121,7.99729548179683
"KMT2B","KMT2B",0.547933309826289,1.81564283274896e-14,1.32075939525585e-15,1339.65862982018,7.99264321879264
"GPRIN1","GPRIN1",0.842709565926298,1.92232566346775e-14,1.40145436601981e-15,110.052786789949,7.9853312698044
"PLCXD2","PLCXD2",0.844149353260306,2.02581781344827e-14,1.47907551419943e-15,89.0164524253666,7.97867910293269
"FAM20A","FAM20A",0.927255760057246,2.09596680246562e-14,1.53534636496021e-15,2685.53811125938,7.97406828715178
"CD180","CD180",1.22448905276137,2.29886985098647e-14,1.6975284166114e-15,781.435158329995,7.96165529046246
"RAB39A","RAB39A",1.04676240015453,2.49907608747217e-14,1.85072108506098e-15,97.3943727446502,7.95095972726591
"CR2","CR2",1.63482004388634,2.57579810345863e-14,1.91086531938226e-15,56.4221933952534,7.9469973281618
"SLIT1","SLIT1",0.767299989839058,2.67203825180035e-14,1.98525361633373e-15,43.1202455788025,7.94226304660258
"GCNT1","GCNT1",0.626765077033316,2.76049470628557e-14,2.05541215571299e-15,967.91845002918,7.93795539986187
"CDK6","CDK6",0.617918719746811,2.84313645205581e-14,2.11999269781939e-15,1098.08910326579,7.9341163581086
"SGPL1","SGPL1",0.722353082412652,2.86515627398324e-14,2.13717950506909e-15,2240.11489834913,7.93311407586847
"ST6GAL1","ST6GAL1",0.786157435591729,2.90785970632162e-14,2.17137020108736e-15,5015.99096416496,7.93114356601745
"CD19","CD19",2.04507806298228,2.97435819044504e-14,2.2226200983713e-15,164.071798277975,7.92824638519766
"MAFB","MAFB",0.693223008063651,3.00351609785863e-14,2.24762759191897e-15,13890.186054808,7.92685649960335
"FGD3","FGD3",0.782626334703652,3.02872021108338e-14,2.26811161749539e-15,997.294601771694,7.9257293221473
"SRCAP","SRCAP",0.8303660974143,3.05210906375797e-14,2.28726229170512e-15,2091.21433610011,7.9246845461114
"BUB1","BUB1",1.2519016289988,3.2965412669703e-14,2.48457267207552e-15,161.422550706531,7.91439551979247
"TAS1R3","TAS1R3",1.71852470464084,3.31558484756872e-14,2.5024790385556e-15,106.571430852152,7.91350195681024
"TNK2","TNK2",0.502878363914361,3.43398100801958e-14,2.59552030212556e-15,1494.74050398564,7.90895805904069
"IGHV3-71","IGHV3-71",3.37989880942291,3.52886211199467e-14,2.67196214894219e-15,121.727258570154,7.90534329116818
"C1R","C1R",0.70625823697127,3.59983363313752e-14,2.72762894582775e-15,50344.3396057475,7.90277444912764
"CDC6","CDC6",0.930327858691963,3.7111997229531e-14,2.81797819437052e-15,265.527770021031,7.89871303475345
"IGHV2-70D","IGHV2-70D",3.39029237184098,3.7168067940259e-14,2.82323158938548e-15,355.549736154828,7.89848084349097
"GLG1","GLG1",0.531607096926478,3.75522661494491e-14,2.85744543215806e-15,7724.80234024531,7.89697897742266
"MYO1G","MYO1G",1.09379609845696,3.89059169505365e-14,2.96774497114856e-15,3257.39799288486,7.8922550219636
"SCAMP5","SCAMP5",1.0098678748154,3.92304280284693e-14,2.99354979570454e-15,518.092466226343,7.89117481180249
"GPNMB","GPNMB",0.697491667493041,4.12713073548571e-14,3.15481177513617e-15,30741.2028643273,7.8846251154046
"AL365181.3","AL365181.3",1.25466880601339,4.131581815586e-14,3.15957202281396e-15,28.4019933469934,7.88443682524834
"RTL5","RTL5",0.516913655353964,4.44367842197356e-14,3.40987996691913e-15,662.629794942393,7.87491008351522
"PAX5","PAX5",2.03364915457016,4.70116619753999e-14,3.61628169041538e-15,240.630144619536,7.86755885013027
"NEFH","NEFH",0.888849651015488,5.25803953763439e-14,4.07704804595395e-15,164.21142905457,7.85253692176282
"AKNA","AKNA",0.743386088968118,5.56880477164812e-14,4.33890209145908e-15,2381.38730471077,7.84472877926025
"IL21R","IL21R",1.39117440266168,5.9008588994177e-14,4.60868732197374e-15,804.729249356897,7.83715507880923
"SLC29A3","SLC29A3",0.769342666775055,6.08477535393119e-14,4.76374181716018e-15,1004.52618613091,7.83299739591636
"SEMA6B","SEMA6B",0.954465895525374,6.2209599192082e-14,4.87869401803778e-15,2600.53143873599,7.83000014570926
"PARP10","PARP10",0.542054205109301,6.29155334388871e-14,4.93574155102916e-15,1818.22001955333,7.82853841208847
"SOD2","SOD2",0.897740132451885,6.60904867992401e-14,5.19012986117334e-15,46449.6104131203,7.82221637055439
"CCR6","CCR6",1.39833097495465,6.67303253197173e-14,5.24931637699783e-15,152.063234615678,7.8207892530037
"COL24A1","COL24A1",1.00079025369355,6.87489710200739e-14,5.41916439570928e-15,109.537974115694,7.81678011726459
"PLAU","PLAU",0.875350200549055,6.97875749791302e-14,5.50851206731821e-15,4649.91366564167,7.8147205085988
"UAP1L1","UAP1L1",0.583404540129049,7.10431478662599e-14,5.62284539819767e-15,764.2823300125,7.81213238597138
"SLAMF6","SLAMF6",1.30097086633651,7.71143500672235e-14,6.13022202527804e-15,394.565156395569,7.80123913460382
"LGMN","LGMN",0.762179395931939,8.41637367201964e-14,6.71992967945196e-15,18314.5948213956,7.78964204740444
"C5AR1","C5AR1",0.898247792880555,9.04683391694652e-14,7.25239854232082e-15,4083.24701432565,7.78000098257062
"SIPA1L3","SIPA1L3",0.514634139620776,9.56932194794585e-14,7.68919875730504e-15,899.257887564992,7.77259879851373
"CYSLTR2","CYSLTR2",0.780552156621375,9.61392807768171e-14,7.73276855804745e-15,250.376619937014,7.77188328631578
"APOL6","APOL6",0.673579203678992,9.84485176003517e-14,7.92378283823531e-15,5303.11739988269,7.76879253215547
"SEZ6L2","SEZ6L2",1.29693863865513,9.99809767427066e-14,8.05248281458018e-15,309.501314541636,7.766751147636
"PTPN6","PTPN6",0.774195369279193,1.02180646416707e-13,8.24059549645761e-15,3960.93250056776,7.76382442816013
"BLM","BLM",0.859565620043037,1.04490659350107e-13,8.4296914852282e-15,121.005934024105,7.76094794350822
"FAM129B","FAM129B",0.592694240185952,1.11008445060855e-13,8.97632792630982e-15,14247.5415870399,7.75297643738374
"MARCO","MARCO",1.29692362907218,1.11572207089927e-13,9.02490403248638e-15,25196.8404657866,7.75229133592746
"GAB3","GAB3",0.568177201487281,1.11922312961308e-13,9.05922105554514e-15,419.354367880236,7.75180952386356
"NBEAL2","NBEAL2",0.814257971553369,1.12424932394116e-13,9.10291631688284e-15,1378.88393004332,7.75119863397932
"KIF18B","KIF18B",1.36085592327665,1.1923317886864e-13,9.68931306456032e-15,68.6207664427098,7.7432684926269
"RUNX3","RUNX3",0.781965282606862,1.24698348326911e-13,1.01601606854255e-14,1538.15251994966,7.73723569189989
"AC012073.1","AC012073.1",0.889773634600736,1.25120217196337e-13,1.02045907656311e-14,11.0889548253029,7.73668070346261
"KIF20A","KIF20A",1.35446293286648,1.26930030448164e-13,1.03692003010597e-14,175.82380306536,7.73464504150154
"ITPR2","ITPR2",0.531542758901927,1.28235890006201e-13,1.04896222755119e-14,2614.03039436635,7.73317587215059
"CXCL16","CXCL16",0.92751430584163,1.29747576687777e-13,1.06237064104667e-14,6063.45543316849,7.73155942478243
"TAP1","TAP1",0.71952937600418,1.34146377584082e-13,1.09982561800308e-14,5803.10373874405,7.72714822246675
"AC006987.2","AC006987.2",0.998463920252381,1.40946036538184e-13,1.15746216003412e-14,13.3018684909652,7.72064090727332
"ADAMTS9","ADAMTS9",1.10331853716371,1.42857844322617e-13,1.17431038871952e-14,1141.29467845077,7.71879886505778
"TENT5C","TENT5C",1.53248845216997,1.45971685872765e-13,1.20186209759935e-14,2473.10945492794,7.71584190935899
"ARHGAP11A","ARHGAP11A",0.809543843111175,1.52262356602299e-13,1.25610426808799e-14,284.08299080169,7.7102104542618
"SPRED3","SPRED3",0.88029312567335,1.54307877673854e-13,1.275046204073e-14,117.926503940942,7.70830012043036
"CARD11","CARD11",1.22084108901477,1.59640639434886e-13,1.32239244944568e-14,359.078568275513,7.70364466332404
"C3AR1","C3AR1",1.02985478108399,1.59663724892694e-13,1.32315167883906e-14,4544.37196047014,7.70357135367963
"NLRC3","NLRC3",0.981464652359518,1.61654415136541e-13,1.34051500374459e-14,239.877215920125,7.70190598747631
"IGHM","IGHM",2.44200777100472,1.635397356224e-13,1.35702532278374e-14,73187.3756368341,7.70034200553642
"TMTC2","TMTC2",0.596441279354124,1.67000298759396e-13,1.38816643198877e-14,386.831538996479,7.6974423876945
"ANTXR2","ANTXR2",0.516377949088448,1.68696981076188e-13,1.40388720955614e-14,5424.35128555111,7.6960028130779
"STARD4","STARD4",0.66158013444394,1.78275536508495e-13,1.48933130464724e-14,286.209086177189,7.68844576097519
"DIAPH1","DIAPH1",0.57317589906482,1.78719553560446e-13,1.49351951224455e-14,8577.99469469517,7.68808639348463
"OSMR","OSMR",0.750417751379732,1.81692845366764e-13,1.51885346179113e-14,3958.41844146147,7.68593353752702
"TXNDC11","TXNDC11",0.661030663991344,1.8619058925012e-13,1.55894647109456e-14,2854.3265150997,7.68259763283453
"CD82","CD82",0.723459091368971,1.97818535227919e-13,1.65895564467858e-14,3271.88445384596,7.67463095607609
"RAB11FIP1","RAB11FIP1",0.745692903254698,2.03276660950019e-13,1.70854134287225e-14,2122.01994967227,7.67085460209002
"MUC3A","MUC3A",1.38089920948225,2.05068300923233e-13,1.72469897006679e-14,68.2146011578112,7.66964732958358
"LILRB1","LILRB1",1.22053261371439,2.06349738549594e-13,1.73602920195517e-14,1529.46774635119,7.6688073712834
"ORAI2","ORAI2",0.533658888947291,2.11254071866887e-13,1.78068566324579e-14,2859.55737982534,7.66554849571354
"IGHV1-24","IGHV1-24",2.58340406553892,2.19593176628532e-13,1.85391876204085e-14,1340.12110474646,7.66037436120814
"CMKLR1","CMKLR1",0.681647382757652,2.237208020874e-13,1.89116397552647e-14,6471.3607389643,7.65781951820691
"IGHV1OR15-9","IGHV1OR15-9",3.30647845692821,2.27507853131401e-13,1.925005493098e-14,79.4226495757424,7.65554071326131
"SIGLEC10","SIGLEC10",1.30051603139317,2.32929340957636e-13,1.97337453073988e-14,779.796477614884,7.65235116356022
"CD5","CD5",1.21615796202491,2.41377421995611e-13,2.04882692410067e-14,453.162887016582,7.64752608680435
"TNFAIP2","TNFAIP2",0.601798096760601,2.62318459675917e-13,2.23571261749884e-14,5665.99538187749,7.6362895269585
"TUT7","TUT7",0.526122951726232,2.63405734907052e-13,2.24780233550079e-14,1281.99335558023,7.63559480209543
"SLC17A9","SLC17A9",1.19294736135533,2.64059849070633e-13,2.25409179095742e-14,481.195826301635,7.63523483621703
"ICAM5","ICAM5",1.60751800491158,2.6664685237856e-13,2.27760406554363e-14,47.0638989659019,7.63389784730494
"CTSC","CTSC",0.673725040337336,2.67780168277303e-13,2.28800192009302e-14,9045.31178444562,7.63331091357474
"GLA","GLA",0.536026937718754,2.69228481554537e-13,2.30181948032186e-14,1131.97218263332,7.63253499269095
"DGKA","DGKA",0.553214827954032,2.80083135909661e-13,2.40062683003779e-14,1049.89439728305,7.6271164743318
"ATP6V0A1","ATP6V0A1",0.505045041004746,2.86610530364592e-13,2.45734184595744e-14,2506.09571495143,7.62410453180723
"CYP7B1","CYP7B1",0.7795457218951,3.20731752002499e-13,2.76020252239109e-14,310.91825050772,7.60909573226352
"CALU","CALU",0.511539308371588,3.3148962641203e-13,2.85466482798593e-14,12911.8622175497,7.60474486889597
"SLC38A10","SLC38A10",0.562088075149323,3.5212199377776e-13,3.03977993181669e-14,5529.30919977689,7.59661464945019
"MSR1","MSR1",1.10808636446132,3.59771706754736e-13,3.11063767033072e-14,8941.46080037081,7.59363084844622
"LRRC15","LRRC15",1.31826846725709,3.67688073664934e-13,3.18302431747555e-14,4868.83477062868,7.59065091039861
"C4orf50","C4orf50",1.28425663387038,3.69012981922841e-13,3.19548256457044e-14,14.1779316285714,7.59014477346842
"GINS4","GINS4",0.601333539494287,3.72963258739417e-13,3.23168871409928e-14,123.200236698073,7.58868477946374
"GTSE1","GTSE1",1.06699756920582,3.75850930994767e-13,3.25771712286813e-14,143.025427478632,7.5876451028919
"AL691447.2","AL691447.2",0.576743560478469,3.79850153463815e-13,3.29441616901741e-14,47.6917629393006,7.58619299506669
"KIF4A","KIF4A",0.933821244120257,3.80227363930996e-13,3.29870643948387e-14,189.888349319883,7.5860242773236
"C4B","C4B",1.33399700701461,4.00642083305121e-13,3.47903703344291e-14,2352.18390782137,7.57912108534425
"IRF8","IRF8",0.891011220171349,4.02879348192741e-13,3.49954410642464e-14,3508.52330929798,7.57835845604406
"TRIB1","TRIB1",0.568218232401935,4.07746594713491e-13,3.54619255268867e-14,1650.01703351849,7.5766399082026
"AC007163.1","AC007163.1",1.88745864761194,4.22673457674486e-13,3.68054212534383e-14,11.1209915600106,7.5718118740246
"LAMP3","LAMP3",1.5099305579469,4.28526265275194e-13,3.73265516815277e-14,424.678251824119,7.56998562994893
"HIF1A","HIF1A",0.676623584570788,4.48365557259023e-13,3.91747737915407e-14,10433.0385216327,7.56370496531633
"BMF","BMF",0.746125030390098,4.50075393290766e-13,3.93362251939683e-14,1300.06869657342,7.56317023212988
"LTK","LTK",1.07322298459626,4.68863812600105e-13,4.10913788016758e-14,41.823587800783,7.55749247506179
"TLN1","TLN1",0.569895196154631,4.72756991592782e-13,4.14452449291746e-14,22810.8801091011,7.55637668709803
"ABCG1","ABCG1",0.583692743456565,4.95872720698377e-13,4.35647362529801e-14,1865.06252993651,7.54988361716494
"SIGLEC9","SIGLEC9",1.00521487444219,5.08763593177728e-13,4.47517851298792e-14,769.737958921685,7.54638151107792
"UNC5B","UNC5B",0.898645028984279,5.67093085188389e-13,5.02023195094959e-14,1713.24155915642,7.53139175487166
"NEK6","NEK6",0.624942593441808,5.67093085188389e-13,5.02168273329482e-14,1739.13831356986,7.53135403273436
"PTX3","PTX3",1.54510861208025,5.67532769658211e-13,5.02861739211666e-14,255.396793852819,7.53117387091088
"FERMT3","FERMT3",0.804560957067264,5.72696100173087e-13,5.07897031742603e-14,4521.40475274506,7.52987298644115
"IGHV3-53","IGHV3-53",2.66707357111313,6.04568030314027e-13,5.37134632403964e-14,844.733921862712,7.52256119281509
"ZNF81","ZNF81",0.509851805274519,6.10194786710373e-13,5.42787742646207e-14,183.865898194064,7.52119270941453
"AC097637.1","AC097637.1",1.50685873800525,6.14883052100017e-13,5.47287597212511e-14,70.0841965551175,7.52011338139947
"SCARF1","SCARF1",0.633746785255784,6.36744222837639e-13,5.67427935899576e-14,787.092463154047,7.51538708236652
"CCNF","CCNF",0.712052122901962,6.73409407369723e-13,6.01364722761645e-14,224.317031991119,7.50778432391236
"CNBD1","CNBD1",1.18089983854625,7.03092378836879e-13,6.28437203815296e-14,13.9378501165001,7.50201595561375
"KPNA2","KPNA2",0.580170893607323,7.07411391814858e-13,6.3248715657535e-14,1728.6360630013,7.50117410044603
"LY75-CD302","LY75-CD302",2.00366867376129,7.22598215796511e-13,6.46646314808656e-14,21.5368554043138,7.4982719553743
"IL18BP","IL18BP",0.949175107158941,7.40947731595845e-13,6.64059738549447e-14,1139.84020271659,7.49478727357413
"TMEM121B","TMEM121B",1.01612064949482,7.51458958676404e-13,6.7408423589974e-14,113.464044074021,7.49282174518448
"SMAP2","SMAP2",0.638090201079907,7.91423401752157e-13,7.12054171176953e-14,4747.87355825079,7.48562874439809
"TOP2A","TOP2A",1.140007838319,7.97748828544634e-13,7.17958983758387e-14,792.193695568569,7.48454414608168
"KIFC1","KIFC1",1.13771106402229,8.14828577908461e-13,7.34422028262483e-14,189.55261550431,7.48156588634817
"MCM2","MCM2",0.570927749783969,8.50067043887454e-13,7.67549751601082e-14,690.624964367248,7.47576678054936
"AC020763.3","AC020763.3",0.865859613221334,8.7297147589102e-13,7.89634194091601e-14,10.4987974734778,7.47203596228418
"MXRA5","MXRA5",1.02623749364681,8.92514258021326e-13,8.08028743095159e-14,15104.7425879305,7.46900596931629
"OIT3","OIT3",1.49702592478448,8.95155175115216e-13,8.10899350819748e-14,41.2302572561606,7.46853924171156
"ABHD3","ABHD3",0.543701744846256,1.10432413085762e-12,1.01280751813242e-13,598.007362207765,7.43922101544936
"ATRN","ATRN",0.560480148351453,1.10648479678111e-12,1.0153820510075e-13,3243.09323686196,7.43888560153272
"IKZF3","IKZF3",1.35169587674775,1.17227029240961e-12,1.08077648532579e-13,735.661026925162,7.43063489907732
"SLC39A8","SLC39A8",1.10200060477392,1.21049466930162e-12,1.11796348768392e-13,4191.59591716356,7.42615929672492
"CCR4","CCR4",1.02451845702128,1.21469751755729e-12,1.12217052234213e-13,111.000352852785,7.42566220570374
"TNRC6C-AS1","TNRC6C-AS1",0.860224094807861,1.21820582836969e-12,1.12573799052784e-13,177.526174834921,7.4252421169207
"TMEM206","TMEM206",0.609336620980691,1.21973162934903e-12,1.12747477996253e-13,324.518467341154,7.42503807380907
"LGI2","LGI2",0.752998531180799,1.24225085533835e-12,1.14962207066385e-13,1125.9445227324,7.42246288984729
"RASGRP3","RASGRP3",0.578938297623733,1.27307131141554e-12,1.17902209799311e-13,783.487298826015,7.41911870298001
"SERPINH1","SERPINH1",0.684535906244817,1.30017386673494e-12,1.20566453735488e-13,10737.4311557046,7.41615822417614
"AL365361.1","AL365361.1",1.27259003441761,1.33903722463018e-12,1.24493185688898e-13,212.165898158327,7.41191005426826
"BMP8B","BMP8B",0.815237262312219,1.35665701808254e-12,1.26167685067237e-13,377.005219311089,7.41013839340112
"CPSF1P1","CPSF1P1",1.54385639477443,1.37550476214526e-12,1.27957359648698e-13,7.61674016582607,7.40827023990551
"AC006033.2","AC006033.2",0.840008762808965,1.38621763612297e-12,1.29028214985162e-13,57.0800607808468,7.40716466648258
"FPR3","FPR3",1.10603239078323,1.39595317597879e-12,1.29971794510792e-13,7222.31327055024,7.4061979427467
"OAS2","OAS2",0.890352306595682,1.4266621355025e-12,1.33022110536364e-13,2660.35215805731,7.40311933045237
"TEC","TEC",0.573129876860818,1.446110167931e-12,1.34951684347552e-13,179.038044792761,7.40120747783179
"IGHV3-13","IGHV3-13",2.94602913464667,1.49105909770253e-12,1.39346090421092e-13,473.328752337159,7.39695180936707
"CD86","CD86",1.01583860718274,1.49141206022257e-12,1.3941903593271e-13,1932.46988045532,7.39688228523791
"CD101","CD101",0.994363929521707,1.50333367476998e-12,1.40614041170914e-13,79.2070409379115,7.39574839068094
"KIF15","KIF15",0.956163054031679,1.55969448989291e-12,1.46136474322951e-13,71.6593538051211,7.39062842570098
"QPCTL","QPCTL",0.543534422065798,1.61428662528352e-12,1.51511026669029e-13,261.05252067802,7.38582494508394
"TP53INP1","TP53INP1",0.769193214247773,1.63004079653585e-12,1.53033329342808e-13,1887.53426976733,7.38449480589713
"P2RX7","P2RX7",0.906316179019967,1.63085026212636e-12,1.53153020088227e-13,1341.8965261659,7.38439077591228
"IGHV3-25","IGHV3-25",4.07226701234806,1.64051932935812e-12,1.54224694851516e-13,4.30858557254894,7.38346286672358
"MCM10","MCM10",1.15061840575822,1.64671683883776e-12,1.54907773254009e-13,56.8075495539198,7.38287472388581
"CASP10","CASP10",0.529440043972665,1.69241098591484e-12,1.59523667670026e-13,980.229371235258,7.37896590909081
"TLR5","TLR5",0.578965987073902,1.70680157549769e-12,1.60925829761176e-13,568.721180848512,7.37780052345298
"FCRL5","FCRL5",1.84054872903378,1.73663316370198e-12,1.63878091325949e-13,705.085604666999,7.3753790717994
"FCRL1","FCRL1",1.61697730961616,1.73746482172283e-12,1.64003123192925e-13,73.8690057058206,7.37527746886649
"ZC3H12D","ZC3H12D",1.12233319545817,1.79201155764991e-12,1.69728072670804e-13,225.846404912722,7.37070498176431
"GOLM1","GOLM1",0.795334593575323,1.89661438802564e-12,1.80041925267927e-13,8611.02005515699,7.3628371790568
"NOTCH2","NOTCH2",0.636988878076686,1.95467937749765e-12,1.8581578199399e-13,12216.3766201066,7.35862387100462
"IGHG4","IGHG4",2.6353408079248,1.97006181961615e-12,1.87489204599753e-13,76244.5292364769,7.35742676575532
"COL6A5","COL6A5",2.12678382555526,1.99710449579627e-12,1.90330377824594e-13,52.1673951131108,7.3554181335204
"ALCAM","ALCAM",0.775403776681742,2.03691994340306e-12,1.94561519658975e-13,1656.82457532727,7.35248077900757
"IGHV3-69-1","IGHV3-69-1",2.76092021386062,2.05707787761316e-12,1.96707417549537e-13,399.492448102806,7.35101494865434
"PRDM15","PRDM15",0.658360809521794,2.09744187156167e-12,2.01016787894223e-13,282.827852391532,7.34811814564818
"ATP6V1B2","ATP6V1B2",0.525877352657419,2.13027326060739e-12,2.04391623026956e-13,6518.07511051639,7.34589183249234
"KCNK6","KCNK6",0.534840548214742,2.15086305308857e-12,2.06540020423584e-13,1423.49687813883,7.34449331177211
"RIN3","RIN3",0.585726118954508,2.3090044558815e-12,2.22530049240569e-13,3102.84921861829,7.33451246956572
"IGHV3OR15-7","IGHV3OR15-7",3.31704199775123,2.31958459356449e-12,2.23674006704675e-13,19.5034254722925,7.33382567434055
"GAS2L3","GAS2L3",0.564529823852351,2.33671509988561e-12,2.2551369905388e-13,252.842558276247,7.3327283860499
"FMN1","FMN1",0.784421734495513,2.33927707666969e-12,2.25823629055566e-13,490.992570484739,7.33254439357751
"PFKFB2","PFKFB2",0.534090239545582,2.34501571317517e-12,2.26503272673592e-13,723.258649981914,7.33214178450904
"ZNF724","ZNF724",0.533896036187766,2.39716599602253e-12,2.3173311131606e-13,26.5672172532257,7.32908284419816
"POU2F2","POU2F2",0.918191965352808,2.44673000787239e-12,2.36655556316998e-13,1274.98416548573,7.32626503181629
"HS3ST3A1","HS3ST3A1",1.14661453157703,2.45772106373401e-12,2.37784496453755e-13,57.8886420179652,7.32562689926171
"STK17B","STK17B",0.548581170445692,2.52979524553734e-12,2.4489323532745e-13,3410.83915554687,7.32167579390595
"ASPM","ASPM",1.29422311519924,2.67900418629032e-12,2.60126762883909e-13,190.879908213194,7.31357512604081
"FN1","FN1",1.21350939201923,2.71408798384739e-12,2.63751496862912e-13,657173.055555908,7.3117163145539
"TRAM2","TRAM2",0.563491281821993,2.75195379937361e-12,2.67652447330766e-13,4540.88949911352,7.30974368288572
"TBC1D2","TBC1D2",0.659427468148969,2.95669074697699e-12,2.88990912975165e-13,1519.4990724732,7.2994292792079
"LRRC25","LRRC25",0.835883325349349,2.997115785369e-12,2.93183016702361e-13,2016.45735390219,7.29749114554097
"HAPLN3","HAPLN3",0.793924701683839,3.07781263641557e-12,3.01489242524324e-13,2070.71079271736,7.29373004442762
"SORL1","SORL1",0.90850485195148,3.10453534569436e-12,3.04356424453974e-13,2832.05240801281,7.29245536217453
"NRP1","NRP1",0.595368312525524,3.24700318431048e-12,3.1919338432696e-13,9649.29807573408,7.28604205161194
"IGHG2","IGHG2",2.31302546634715,3.32781282564091e-12,3.27583107504881e-13,35649.1433102866,7.28254397398868
"TACC3","TACC3",0.704136272347263,3.44391207101129e-12,3.39473046358828e-13,804.860650221465,7.27773431745718
"MICALL2","MICALL2",0.559783804377183,3.58499717487486e-12,3.54436663057317e-13,437.092144428061,7.2719111663575
"CD6","CD6",1.04367608824665,3.66600591818628e-12,3.62936845047245e-13,587.130613104257,7.26870991005136
"COL5A1","COL5A1",1.20699330913249,3.80880431785822e-12,3.77584223563899e-13,24997.2548139866,7.26336250718584
"IGHV3-21","IGHV3-21",2.43739938170232,4.04148087009494e-12,4.01754397973067e-13,5299.3735599405,7.25496881133539
"DOCK5","DOCK5",0.603185226787451,4.04148087009494e-12,4.01841639442765e-13,708.262987674699,7.25493942206543
"PARP15","PARP15",1.07757819784997,4.19827667667427e-12,4.17881677620901e-13,248.936767111538,7.24963972392738
"RELT","RELT",0.887393512950101,4.45533511458308e-12,4.45020210250133e-13,816.839075807813,7.2411121489453
"CERS6","CERS6",0.509291368727408,4.59116995574994e-12,4.59449127474373e-13,1382.61881080088,7.23678396119718
"PPARGC1B","PPARGC1B",0.610388328441744,4.82329864438878e-12,4.83583407745969e-13,304.573608343885,7.22983438277032
"IL10RA","IL10RA",0.825884997842567,4.99258425463652e-12,5.01492333698586e-13,5716.06714229461,7.22489414004595
"AL683842.1","AL683842.1",1.27571823588301,5.00262299435325e-12,5.02902807245221e-13,4.9055352138475,7.22451244593259
"CENPF","CENPF",0.939868801681338,5.17689656908778e-12,5.21393087458161e-13,375.16477308791,7.2196036663299
"ABCD1","ABCD1",0.527644409909366,5.20453149219207e-12,5.2445524052553e-13,1080.90061922015,7.21880726262892
"PXDN","PXDN",0.889862031858146,5.20927251879359e-12,5.25072561576011e-13,6487.63776916631,7.21864726306982
"CLEC5A","CLEC5A",1.77490084748089,5.40159642235717e-12,5.45610822719022e-13,762.741128092585,7.21342674416062
"ADAMTS7","ADAMTS7",0.848243780029232,5.46558856439129e-12,5.52518973647572e-13,1080.36506731799,7.21171407687268
"HSPA7","HSPA7",1.21094172756237,5.55525967156136e-12,5.62030397337183e-13,476.302791066262,7.20939009273096
"MYO1F","MYO1F",0.779841127960035,5.58530618880723e-12,5.65219877156844e-13,4054.59420696385,7.2086194253255
"TNIK","TNIK",0.762850962144417,5.63065174300986e-12,5.69959603598083e-13,303.030476275023,7.20748202579583
"ESPL1","ESPL1",0.867283536465314,5.91854229978758e-12,5.99735470830229e-13,131.274826913347,7.2005423020028
"APAF1","APAF1",0.542539134717125,6.0515409863888e-12,6.14023141640661e-13,590.435979415169,7.19733159239166
"FER1L6","FER1L6",1.60319985492979,6.1089490411523e-12,6.20666472792903e-13,19.6800090342382,7.19586361178904
"AC010186.3","AC010186.3",0.655411408005869,6.11882286810543e-12,6.21997534002947e-13,61.9026190727154,7.19557134213015
"IGHV3-74","IGHV3-74",2.39802663273677,6.28546089832764e-12,6.40284069754352e-13,1785.75458009945,7.19161705258766
"NLGN4X","NLGN4X",1.07107441073842,6.3566724127842e-12,6.48049152818473e-13,446.498754478135,7.18997135835506
"LAMP5","LAMP5",1.55285163711295,6.41339283814101e-12,6.54175348573341e-13,134.478962801967,7.18868660556462
"CBFA2T3","CBFA2T3",0.582128694854476,6.42369519506677e-12,6.55570425689503e-13,434.644326861004,7.1883956888728
"CR1","CR1",1.25064155057804,6.45416944544025e-12,6.59026331124851e-13,1228.72373603498,7.18767763511174
"TANC2","TANC2",0.560037479472353,6.66852017891256e-12,6.81806741224723e-13,919.93370183931,7.1830349254985
"CELSR3","CELSR3",0.740886611496775,6.68557452196086e-12,6.83908676281289e-13,53.6434974401595,7.18261424735427
"NCAPH","NCAPH",0.975104748116481,7.07204960552811e-12,7.25148938733652e-13,116.834662876243,7.17460755667927
"TMEM132A","TMEM132A",0.767753508647846,7.08998558679514e-12,7.27178008902066e-13,371.640348541575,7.17422524805146
"FCGR2C","FCGR2C",1.2317002791554,7.27805168735935e-12,7.47831852236506e-13,630.448320080977,7.17039225039362
"PLOD2","PLOD2",0.709105269598686,7.31381839849015e-12,7.51702901069266e-13,4926.85077437045,7.16968542869965
"IGHV1-18","IGHV1-18",2.40458706366469,7.84105447738256e-12,8.07782184324302e-13,6986.53187606338,7.15982821932031
"DNASE2","DNASE2",0.523354705708008,8.39424299073313e-12,8.67695240421414e-13,3695.3022306705,7.15001325113273
"PLTP","PLTP",0.873773141153034,8.54700132741748e-12,8.8485955387137e-13,43403.5137301081,7.14732384987361
"IGHV3-20","IGHV3-20",2.60215757919961,8.7680871673853e-12,9.08922896085891e-13,812.303436070382,7.14363843938299
"KIF26B","KIF26B",1.43879617847112,8.88069442642684e-12,9.20834001293355e-13,246.16681467636,7.14184948661477
"IDUA","IDUA",0.598154799103739,8.94633041394642e-12,9.27879458574782e-13,707.047141535174,7.14080197485538
"CLSPN","CLSPN",0.950756960383512,9.20411871045256e-12,9.56589140150724e-13,143.321266187059,7.13661265180486
"TGM2","TGM2",1.17396433974602,9.22634352390374e-12,9.59489625862095e-13,5806.6143987209,7.13619629700715
"ADGRG5","ADGRG5",1.53432979023617,9.57506104236945e-12,9.96937202546625e-13,123.439170196455,7.13092902446654
"KMT2D","KMT2D",0.678344157674302,1.00117186520111e-11,1.04535186311087e-12,2214.39162575539,7.12439982385684
"GUCY2D","GUCY2D",1.28406551939333,1.05218415883e-11,1.10030672022974e-12,11.7203168589161,7.1173389455688
"SLC16A1","SLC16A1",0.509085965248798,1.08765006411261e-11,1.13943459815135e-12,1688.90109390447,7.11251946472821
"AC135782.3","AC135782.3",1.30546454760864,1.21072589279533e-11,1.27583123981567e-12,5.91202275287608,7.09690344757459
"LGALS3BP","LGALS3BP",0.733104473824871,1.21649282947668e-11,1.28288609619276e-12,10108.058096351,7.09614098431116
"FANCA","FANCA",0.803937491972019,1.30237450097181e-11,1.3776423464986e-12,164.784951508648,7.08628070954655
"IGHV2-26","IGHV2-26",2.58244422634662,1.4181236246923e-11,1.50578032973116e-12,950.031390080757,7.07395601411037
"DENND4B","DENND4B",0.600686111410698,1.42009552012648e-11,1.50863508756035e-12,1610.19110277549,7.07369331479711
"ACP2","ACP2",0.729486693361978,1.43158698737423e-11,1.52158075670303e-12,4069.81015488175,7.0725081218853
"ITK","ITK",0.970743629198683,1.51867890385551e-11,1.61702702460193e-12,405.19255235399,7.0640635771371
"NCAM2","NCAM2",1.02035617007777,1.54000537947345e-11,1.64138504395289e-12,187.750171575917,7.06198686648214
"CDH11","CDH11",0.754302678562015,1.58615203873002e-11,1.69226949018647e-12,4810.01079394048,7.05774441056284
"IKBKE","IKBKE",0.669151922674572,1.66141290292243e-11,1.77790722457257e-12,430.967579135089,7.05087925831609
"IGHV4-34","IGHV4-34",2.42181974676026,1.80866271469317e-11,1.94226620595618e-12,2788.67353366435,7.03856720450207
"CYP1B1","CYP1B1",0.9190817593611,1.85044513080594e-11,1.98961399403162e-12,29360.2194607763,7.03520980250776
"ARID3B","ARID3B",0.538297772527463,1.86783996198481e-11,2.01000494621052e-12,272.905182972727,7.03378797256516
"COL15A1","COL15A1",0.939407968173164,1.87975514073364e-11,2.02515752240977e-12,12145.3764301057,7.03274054037533
"IL17REL","IL17REL",2.28581969002912,1.88495226893376e-11,2.03126169537593e-12,7.18050747285764,7.03232075589039
"IGHV4-39","IGHV4-39",2.34309392699344,1.89160345750494e-11,2.03893596697542e-12,7854.34128398087,7.03179474787373
"ADAMTSL4","ADAMTSL4",0.571046351483598,1.89816502473573e-11,2.04651717695163e-12,3746.8800555217,7.03127702182494
"GPC6","GPC6",0.662839691277187,1.90224319375331e-11,2.05193341854911e-12,1838.34815271398,7.03090829378052
"AC093330.2","AC093330.2",1.11351539745813,1.9036017645038e-11,2.05390893166594e-12,24.7370997292957,7.03077404194392
"MIR4537","MIR4537",2.39964940354206,1.93193980690397e-11,2.08500215475959e-12,16.2581303443572,7.02867753294188
"SLC9A7","SLC9A7",0.765386923879682,1.96124387782328e-11,2.11978077944943e-12,324.878569683789,7.02636856062788
"SLX1B","SLX1B",0.797843550054034,1.97433634354309e-11,2.1349895460011e-12,548.014625819806,7.02537049719386
"COL3A1","COL3A1",1.11036458530021,2.01694768587827e-11,2.18268941490832e-12,343712.471924712,7.02228486256711
"IGHV3-64D","IGHV3-64D",2.69127186943561,2.15876145917429e-11,2.34367586543799e-12,928.205624738913,7.01233834348418
"SIRPB2","SIRPB2",0.820906440424874,2.17481490145624e-11,2.36226980963577e-12,863.234660224305,7.01123298155379
"MFSD12","MFSD12",0.561620711864595,2.21752864163198e-11,2.41044763258606e-12,2534.56108990931,7.00840815982198
"HELB","HELB",0.667683182848429,2.22602874705005e-11,2.42147649251754e-12,221.022795853408,7.00776929430868
"THBS2","THBS2",0.969569042728433,2.23905156313495e-11,2.43675685507669e-12,11119.9646785628,7.00688885337083
"AC060766.5","AC060766.5",0.667364804487538,2.25425744094585e-11,2.45459964097311e-12,26.4106396815604,7.00586759523575
"ZAP70","ZAP70",1.26007426433906,2.32253652016359e-11,2.532317887234e-12,372.68683917914,7.00150256765196
"SYN1","SYN1",0.851547107551925,2.33809293608309e-11,2.55152386696311e-12,46.2418652928052,7.00044411979409
"IFIH1","IFIH1",0.56211336976993,2.42949064327218e-11,2.65712316958365e-12,1154.41589231066,6.99476056592122
"MLKL","MLKL",0.550566875957449,2.42972972162091e-11,2.6580356491649e-12,843.178034542066,6.99471242631436
"IGHJ4","IGHJ4",2.27441412278843,2.5197743691184e-11,2.76126709259552e-12,2391.91187751721,6.98936828484546
"GPR132","GPR132",0.881885369262107,2.61201276398937e-11,2.86724440534374e-12,503.859102651915,6.98408206222147
"TBXAS1","TBXAS1",0.716986827222122,2.7255546665618e-11,2.99918361749305e-12,2177.86252541929,6.97776237560534
"CDCA2","CDCA2",1.13375760212731,2.79248008372245e-11,3.0765688996776e-12,66.2999299177663,6.9741814071074
"MTND6P4","MTND6P4",1.95754429821258,2.8507671222563e-11,3.14460473229086e-12,11.1035753884343,6.97110530372581
"ARHGAP25","ARHGAP25",0.660827371467519,2.87107636881293e-11,3.16918458672475e-12,1308.745833882,6.97000999964115
"IGHV3-35","IGHV3-35",3.10307792792074,2.91525781785467e-11,3.22121031021961e-12,44.741445688849,6.96771889527807
"LBP","LBP",1.68170752320638,3.05720055986313e-11,3.3854218347706e-12,2341.67331056199,6.96071827420112
"LINGO3","LINGO3",0.907668873330695,3.07160438400963e-11,3.40219503349028e-12,85.9490284519658,6.96002204200172
"KIF2C","KIF2C",0.978433674622662,3.09884608310139e-11,3.43338862976823e-12,159.188568714021,6.95873614250642
"PTPRO","PTPRO",1.01200855922144,3.13650339734447e-11,3.47828083530498e-12,685.436333042322,6.9569055071147
"CD44","CD44",0.524046725394419,3.18259912391793e-11,3.53195765915603e-12,32780.2305647315,6.95474681796784
"AC015911.7","AC015911.7",1.07126983701763,3.32299339159709e-11,3.69399554744697e-12,27.221606822448,6.94842012366528
"PRSS36","PRSS36",0.749631874782329,3.40616078361262e-11,3.7910114125678e-12,461.964284609344,6.94476116283146
"IL12RB1","IL12RB1",0.907432544474528,3.55655761540254e-11,3.96697729360469e-12,528.928916309788,6.93835291000152
"SLA","SLA",0.763883332824218,3.64503325451319e-11,4.07152255661804e-12,1961.41906573143,6.93467633587601
"SLC11A1","SLC11A1",1.15669005466982,3.81927884862104e-11,4.27536560017649e-12,2013.92020430533,6.92776652534835
"IL24","IL24",1.28934601480694,3.88513077109268e-11,4.35116325674983e-12,84.7513939165005,6.92527925669096
"CPD","CPD",0.58865393630271,3.9095990665779e-11,4.38066160180821e-12,4222.53161016369,6.92432274564156
"SERPINE1","SERPINE1",1.39059896890036,4.02426176168778e-11,4.51345275953837e-12,3855.28437219387,6.92009361699854
"AC136428.1","AC136428.1",3.71290360663236,4.36967465686853e-11,4.93012351099145e-12,57.4403082753029,6.90757384237343
"CHST4","CHST4",1.67523439855454,4.36967465686853e-11,4.9292306572559e-12,5.19520348685628,6.90759954440341
"CENPI","CENPI",0.590709320677254,4.60902083659669e-11,5.22116124028905e-12,46.326849710709,6.89942998812397
"LYN","LYN",0.645327632113206,4.61949780048165e-11,5.23426739496742e-12,5324.09669873469,6.89907380479141
"PIK3R6","PIK3R6",0.923663109689436,4.72535813229937e-11,5.36687648978298e-12,159.06653446966,6.89551829740641
"IGHJ2","IGHJ2",2.55116704890706,4.7856362882763e-11,5.43918472118213e-12,231.080281188897,6.89361568443923
"NTSR1","NTSR1",1.74202974152057,4.81766635838678e-11,5.48075217900766e-12,46.1700870012967,6.89253313055592
"PLEK","PLEK",0.851805838794548,4.88330375525573e-11,5.5580404448534e-12,5223.17963039799,6.89054151127012
"SUCNR1","SUCNR1",0.805468661562538,4.91923447556403e-11,5.60288984155150e-12,298.890947498042,6.88939820971042
"IGHV3-73","IGHV3-73",2.55844367244019,4.98525769369179e-11,5.68476723316782e-12,444.551541491886,6.88733393595894
"PLA2G15","PLA2G15",0.587025815347781,4.99587225300772e-11,5.69954828210671e-12,2015.57188624537,6.88696438711487
"IL31RA","IL31RA",1.25751130433615,5.02226930962034e-11,5.73100902651797e-12,26.3743407184442,6.88618093777148
"IGHV1-12","IGHV1-12",3.01090464974082,5.49448501046799e-11,6.28752926605814e-12,30.4970012328797,6.87297793970386
"MAP4K1","MAP4K1",0.961353608856773,5.56849369061496e-11,6.3781878539718e-12,550.969267127478,6.87093628591867
"AC243312.1","AC243312.1",2.13739014793126,5.66509913397737e-11,6.49642962608127e-12,1.17314447122139,6.86831577484998
"FAM129C","FAM129C",1.34514053013092,5.70857637174289e-11,6.54781647976618e-12,116.980044156021,6.86719146422576
"OPRL1","OPRL1",0.546729683268136,5.81654162562041e-11,6.67632942800896e-12,166.433780018863,6.86441710629275
"AP1G2","AP1G2",0.535690656743051,5.88123338399081e-11,6.75688683936248e-12,742.750142952148,6.86270458204907
"PRKCB","PRKCB",0.795253673064933,6.00731484818355e-11,6.90817869099585e-12,1555.10672611727,6.85954175156069
"TFEC","TFEC",0.930463630552004,6.07108962017521e-11,6.99290364577693e-12,1116.28151537805,6.85780005810301
"IGHV1OR15-2","IGHV1OR15-2",3.04463016536507,6.07151808315154e-11,6.99502391489206e-12,53.9897538363871,6.85775673739307
"BMP8A","BMP8A",1.10926114693475,6.32836978542143e-11,7.30450848956287e-12,31.3202980911907,6.8515675630738
"CKAP2","CKAP2",0.505923331664888,6.39416668064343e-11,7.38559401984134e-12,727.22836047477,6.84998847152512
"CTSZ","CTSZ",0.804935388623466,6.46471365870482e-11,7.47054363529027e-12,55131.6258554198,6.84835224818349
"PLXDC2","PLXDC2",0.508349869503459,6.93637359830331e-11,8.04718208092955e-12,7425.7581329093,6.83770512172721
"FMNL2","FMNL2",0.553317441594969,7.05448681926803e-11,8.19366084224925e-12,2011.03310043015,6.83511965738325
"DLGAP5","DLGAP5",1.25539355096361,7.17125790361412e-11,8.33697399560102e-12,138.110403175653,6.83263353245685
"NOTCH1","NOTCH1",0.62049762611208,7.27457371054923e-11,8.46682962211662e-12,2603.07695713506,6.83041676049329
"PARP12","PARP12",0.565977991389837,7.43985757228127e-11,8.66318918874002e-12,1566.83479665525,6.82712717860867
"FHOD1","FHOD1",0.509130858128523,7.63923295803618e-11,8.90967528503376e-12,1629.73580762077,6.82309973487074
"PDCD1LG2","PDCD1LG2",0.803687558474916,7.88503635613233e-11,9.20692024757514e-12,838.892669077997,6.81838567178361
"GINS1","GINS1",0.646814018888401,8.00111067106353e-11,9.34888504045978e-12,111.450071018175,6.81618660013631
"CXCR3","CXCR3",1.18450652740674,8.2439201487552e-11,9.64805701839688e-12,316.965710256977,6.81165752867075
"SH3BP1","SH3BP1",0.705146117349696,8.41989783597105e-11,9.86528768767286e-12,1129.72023615025,6.80845435660441
"CPVL","CPVL",0.68906951906191,8.54224746094038e-11,1.0024661436358e-11,4776.82800409742,6.80614795911477
"TICRR","TICRR",0.687788800046761,8.63463262169574e-11,1.01423329886435e-11,49.9867161399981,6.80446799818236
"DENND1C","DENND1C",0.82951432002211,9.06699956452007e-11,1.06817772111553e-11,497.215895434894,6.79700313799662
"KIF23","KIF23",0.83357875958308,9.21936621438453e-11,1.08711600647071e-11,159.436640927598,6.79446977970663
"GBP4","GBP4",0.74385746773345,9.76339197405818e-11,1.15492794163028e-11,2616.72553942813,6.78574023399175
"TCAF2","TCAF2",0.524958753799252,9.85094648484693e-11,1.16607672400541e-11,382.937151093144,6.7843532775353
"AP001107.3","AP001107.3",1.23505643993198,1.02158742703543e-10,1.21036883486073e-11,10.7303028058302,6.77896853300484
"CNTRL","CNTRL",0.573490982529977,1.0756981732814e-10,1.27937845060583e-11,569.907821150161,6.77095185776111
"AC007384.1","AC007384.1",0.919202772882257,1.08784959662125e-10,1.2955795238811e-11,64.2520067168178,6.76913127249106
"TET3","TET3",0.709546792824914,1.1523356560795e-10,1.37731944424903e-11,935.698378005395,6.760273023913
"AC009041.4","AC009041.4",0.772101578784845,1.1876492507922e-10,1.422391595274e-11,8.73790744270999,6.75560631705861
"GPA33","GPA33",1.04800820499633,1.19294338258767e-10,1.4290517545614e-11,26.6766175284774,6.7549290444413
"IGHV3-19","IGHV3-19",2.70519797525822,1.23552353696042e-10,1.48138355113412e-11,229.576761942252,6.7497125429213
"IGHV3OR16-15","IGHV3OR16-15",3.24686385285314,1.24075410160958e-10,1.48831983305364e-11,9.32580267717593,6.74903471203818
"IGHV4-31","IGHV4-31",2.40284355922617,1.26233043418964e-10,1.51623056465776e-11,1457.04591167077,6.74633811915966
"NUGGC","NUGGC",1.17427809458421,1.26823500304889e-10,1.52366255490481e-11,115.064995495695,6.74562827318814
"MGC12916","MGC12916",1.06902600145869,1.28445027142303e-10,1.54520850914701e-11,28.9941066967356,6.74358937455207
"CLEC17A","CLEC17A",1.591587020729,1.30802739280683e-10,1.57602209309901e-11,37.0120789721622,6.74072134515885
"SDK1","SDK1",0.815686390471368,1.32307699187947e-10,1.5945128498443e-11,3230.07097419106,6.73902653396405
"DENND3","DENND3",0.535396486519,1.33445406717266e-10,1.60965415706436e-11,1438.80019892864,6.73765299606408
"PACSIN1","PACSIN1",1.35376355734613,1.34745237989095e-10,1.6267771679095e-11,36.9384327105804,6.73611485178102
"P2RY11","P2RY11",0.809544633519593,1.39615274168117e-10,1.68810580511257e-11,319.480900494364,6.73073292024438
"LENG8","LENG8",0.797328934161509,1.39615274168117e-10,1.68819155030601e-11,1869.94422632004,6.73072553049875
"CPNE5","CPNE5",1.2228053034527,1.4674478876532e-10,1.77895599346099e-11,622.891184233267,6.72310229273654
"MPRIPP1","MPRIPP1",0.881370638986566,1.48128539655432e-10,1.79708498127105e-11,5.60050936895725,6.72162538387816
"RACGAP1","RACGAP1",0.582633295346325,1.51715174916538e-10,1.84425621894363e-11,520.057724033896,6.71784981845044
"ALOX5","ALOX5",0.927677841501664,1.51957919838448e-10,1.84802132236614e-11,4018.68780009005,6.71755254858263
"LIG1","LIG1",0.543230143942446,1.5237671761675e-10,1.85352275535205e-11,486.484988693952,6.71711925320215
"NRIP3","NRIP3",1.07696525832381,1.54562825649621e-10,1.88218536178102e-11,293.921675284417,6.71488194928972
"FCMR","FCMR",1.26664502230806,1.56234594761917e-10,1.90379909701042e-11,596.730440740528,6.71321681000171
"AL133371.2","AL133371.2",0.851803051704453,1.60518435766778e-10,1.95944054163235e-11,40.6669607668945,6.70901386370518
"IGHV3-47","IGHV3-47",2.7527870014379,1.6641245587789e-10,2.03406377760345e-11,47.141323360837,6.703556942997
"GVINP1","GVINP1",0.873107462067501,1.68244178017852e-10,2.05780530142672e-11,324.499620855458,6.70186185898703
"KIRREL2","KIRREL2",1.84918064202169,1.69065927722468e-10,2.06966809678739e-11,4.69761079311605,6.70102204661184
"GFI1","GFI1",1.07634035368949,1.74130849392531e-10,2.13540416812586e-11,79.7834797079632,6.69645208818846
"PLK1","PLK1",1.0687539728452,1.74580225258502e-10,2.14138271637709e-11,223.134447427247,6.69604331734136
"AOAH","AOAH",0.903921969821973,1.77787601111454e-10,2.18167674916395e-11,1033.82467968073,6.69331709557683
"DTHD1","DTHD1",1.22872142633077,1.81201740299999e-10,2.22551450187604e-11,35.2379060542513,6.69040654412807
"ELFN1","ELFN1",0.798681591040435,1.82965504100833e-10,2.24913788498947e-11,214.808751451395,6.6888612890786
"FOXP3","FOXP3",1.2042771870068,1.83057785563838e-10,2.2507627413457e-11,85.2352564330234,6.68875558862652
"SP140","SP140",1.04551330743556,1.87366477829817e-10,2.30574774983884e-11,373.408026299964,6.68522203922926
"GM2A","GM2A",0.537578369298502,1.9248955828041e-10,2.37240299035417e-11,4990.27202695075,6.68104750624944
"KCNJ10","KCNJ10",1.43226377581527,1.94242210828691e-10,2.39556545948735e-11,36.4047233182343,6.67962370985434
"AC012615.4","AC012615.4",1.36552195385911,1.94877345527542e-10,2.40392063555664e-11,2.60682427344704,6.67911342271124
"TLR7","TLR7",0.834968945358807,2.00247636648814e-10,2.47231227306952e-11,1342.48354611141,6.67500055637403
"GPR68","GPR68",0.723788231486273,2.04564606463714e-10,2.52868918432311e-11,876.190761703775,6.67169311732252
"VPS9D1-AS1","VPS9D1-AS1",0.904427604628823,2.07300132683445e-10,2.5643831219341e-11,24.9658567802154,6.66963619264837
"DTL","DTL",0.843355883494049,2.23708579532835e-10,2.78234661252155e-11,136.818324690663,6.65765302509401
"AC022973.2","AC022973.2",0.891894433787144,2.24081902816657e-10,2.78759015828776e-11,10.8338253565787,6.65737620748285
"AC034105.1","AC034105.1",4.2034009989334,2.26457908019335e-10,2.81896803755816e-11,4.78287721573601,6.65573027983221
"AL589666.1","AL589666.1",0.632905903821719,2.37036181230965e-10,2.96271410508923e-11,15.7023981573151,6.64841230671104
"ACE","ACE",0.710676674577016,2.46847446098124e-10,3.09129749233082e-11,2571.67883876563,6.64215493807607
"APLN","APLN",1.21931300051176,2.54282566757114e-10,3.19036909469976e-11,817.478013882535,6.63750510777052
"IGHV3OR16-12","IGHV3OR16-12",3.05380583995545,2.59759895334182e-10,3.26413715166871e-11,20.4234109654888,6.63413376687335
"TRAV21","TRAV21",1.26809393817624,2.59878371224921e-10,3.26632221261985e-11,14.4449118911782,6.63403504640821
"VTN","VTN",0.724196784652987,2.71285922702109e-10,3.41478783820836e-11,22.422444413998,6.62747442124387
"SELE","SELE",1.49380851872403,2.8039590992843e-10,3.536971690226e-11,1746.80885283353,6.62228128748073
"MYD88","MYD88",0.532553578494993,2.80460139070022e-10,3.53853333033447e-11,4025.96271258718,6.62221605640623
"HLA-A","HLA-A",0.674006462023991,2.82383282963956e-10,3.56431060215738e-11,53323.8311667018,6.62114336851199
"GGT1","GGT1",0.902442647426507,2.86277347965554e-10,3.61576351930344e-11,239.805826268256,6.61902473585265
"AC090559.1","AC090559.1",0.67460666669273,2.8653958810664e-10,3.61984341538141e-11,250.788660394408,6.61885800605696
"TPX2","TPX2",0.980341775506993,2.97273627527079e-10,3.76102153948736e-11,411.783224036749,6.61319906137275
"ADAMTS2","ADAMTS2",0.858881331392869,2.980138495364e-10,3.7711850905887e-11,10176.3197207924,6.61279972714973
"GEN1","GEN1",0.546581387936887,3.11782382621488e-10,3.95711262888297e-11,250.972652439864,6.60567458305069
"ARHGAP27","ARHGAP27",0.522885351915093,3.14222560453258e-10,3.9906088378438e-11,1202.89877155722,6.60442585058352
"NOS3","NOS3",0.740314607052731,3.24430047821462e-10,4.12893584961537e-11,1165.2861142086,6.5993754046054
"LRFN1","LRFN1",0.53213152991899,3.29300449321075e-10,4.19533166283984e-11,186.037945749734,6.5970097563776
"CGAS","CGAS",0.63919301127218,3.32801649333322e-10,4.24528749692133e-11,355.973143184437,6.59525388252377
"FAM78A","FAM78A",0.732978034524732,3.46561946819292e-10,4.42824511529406e-11,1286.76248836015,6.5889913738147
"AC066613.1","AC066613.1",1.27231776725896,3.63477701235282e-10,4.66386601081308e-11,15.6311125510423,6.58128913652986
"MMP1","MMP1",2.15726110003868,3.69947960188243e-10,4.75085221761983e-11,26983.233438126,6.57854151827591
"AC239798.4","AC239798.4",0.593626294773569,3.76660727390407e-10,4.85118590832914e-11,30.0633510960049,6.575432771116
"IGHV5-51","IGHV5-51",2.22703478380444,3.82255737536227e-10,4.92631915320111e-11,6541.20507138373,6.57314575282281
"SASH3","SASH3",0.849521784866646,3.84648300531896e-10,4.96024507799484e-11,1921.26837899587,6.57212422608246
"TRGV7","TRGV7",0.731604472881003,3.84648300531896e-10,4.9592849977348e-11,18.4524966696253,6.57215304048416
"DCSTAMP","DCSTAMP",1.69985611409969,3.88354825111489e-10,5.01116426261804e-11,24.6655554889485,6.57060378046851
"DEF6","DEF6",0.792087731054331,3.98514408187272e-10,5.14866563855806e-11,961.806958781287,6.56657229417948
"AC106865.1","AC106865.1",1.15231574523422,3.99017535177362e-10,5.15730404762638e-11,92.4600870049235,6.56632254808075
"LILRB3","LILRB3",0.821290051500179,3.99322624080061e-10,5.16231723384051e-11,1050.1848963355,6.56617779883207
"IGHJ1","IGHJ1",2.68630041686773,4.01613598002345e-10,5.19408632092093e-11,157.058815708999,6.56526369212769
"AMPD3","AMPD3",0.875744355918941,4.1195382207797e-10,5.33554316621093e-11,825.323255681531,6.56125878281796
"WAS","WAS",0.713339254570519,4.1436334727228e-10,5.37008147993467e-11,2000.00378707094,6.56029671919283
"IGHV4-4","IGHV4-4",2.38962693623881,4.23423041532389e-10,5.49203157318087e-11,2532.3592621533,6.55694755854179
"GRM1","GRM1",1.4829246272463,4.2446656338057e-10,5.50784118761113e-11,37.620917970609,6.55651871023982
"UVSSA","UVSSA",0.50927310452454,4.30024184360979e-10,5.58456507139744e-11,490.975659240469,6.55445446813411
"NRCAM","NRCAM",0.959017713797837,4.40282301243044e-10,5.72957998322071e-11,76.7441043799653,6.55062753737603
"ITGAV","ITGAV",0.572098979302756,4.42064201694691e-10,5.75395303655336e-11,8390.67481692647,6.5499936492434
"AC135068.2","AC135068.2",2.95390498498139,4.58138519905273e-10,5.97177048827574e-11,251.493617502136,6.5444425752774
"C4A","C4A",1.12968160171152,4.67117181565525e-10,6.0963153857023e-11,2559.21699089251,6.5413568908965
"SPP1","SPP1",2.08722276120985,4.91452664579702e-10,6.42708371731512e-11,31249.5399586175,6.53345191015773
"SERPINB9","SERPINB9",0.579879735528782,5.00347717624729e-10,6.54877314416526e-11,922.916128190623,6.53064344762288
"FAM30A","FAM30A",1.94403492597992,5.0599294749316e-10,6.62672756034232e-11,425.47531427302,6.52887103982757
"FCGR3A","FCGR3A",1.13681709422404,5.1516582623202e-10,6.75376145474177e-11,21723.0259142897,6.52602597108901
"WNT5A","WNT5A",0.923945025593905,5.38885183594753e-10,7.08060161388063e-11,271.765132089122,6.51893989694437
"LACC1","LACC1",0.535760111849026,5.55752327253654e-10,7.31860431490424e-11,788.524662972333,6.51397836464499
"INTS6L","INTS6L",0.681303843736845,5.6139547036638e-10,7.39442202481346e-11,202.385832629448,6.51243092692196
"TRAV38-1","TRAV38-1",1.47177776423882,5.62818983401809e-10,7.41467979901588e-11,5.73101505999201,6.51202009281748
"ATP1A3","ATP1A3",1.2905012136643,5.7164470125974e-10,7.53707787396292e-11,26.257596015073,6.50956093217014
"ATP2A3","ATP2A3",0.724419720018733,5.72498925944041e-10,7.54987464431201e-11,3444.76924926663,6.50930608459564
"IRF1","IRF1",0.622474249315648,5.72762159332752e-10,7.5548806644566e-11,4158.68527655095,6.5092065046731
"IGHV3-36","IGHV3-36",3.1702098554925,5.85119132596876e-10,7.72727863400584e-11,4.56276718574173,6.50581595414598
"SLAMF8","SLAMF8",1.31113483550773,5.97003349681146e-10,7.89382292601467e-11,3157.72123656209,6.50261005581819
"IGHJ5","IGHJ5",2.19438081114365,6.07766351148799e-10,8.04102093072039e-11,1679.3794876105,6.49983115521234
"AC022239.1","AC022239.1",2.08835018836957,6.08210062067387e-10,8.04852100996925e-11,10.2539536827276,6.49969089899601
"SLC26A1","SLC26A1",0.57698787829896,6.23088194376599e-10,8.2570913629308e-11,54.2553495328718,6.49584084587445
"SHTN1","SHTN1",0.511727225727921,6.34479482474861e-10,8.41994715510003e-11,1397.46484346226,6.49290019826928
"UGCG","UGCG",0.516724624825537,6.72353732270928e-10,8.95679006738754e-11,1892.15112486653,6.48358580453003
"FYB1","FYB1",0.748731692298182,6.72660137155497e-10,8.96267412071454e-11,4994.79267757506,6.48348676908182
"FCAR","FCAR",1.25970170167908,7.08487862564203e-10,9.46683556634449e-11,73.7309046151178,6.47522883700771
"NLRC4","NLRC4",0.839621367823186,7.43733895723111e-10,9.95949417470222e-11,381.331690589608,6.46756464101186
"MIR4538","MIR4538",2.5811726518902,7.57601624997805e-10,1.01512893567345e-10,4.10245480435683,6.46468074954746
"CAMK4","CAMK4",0.875161019011581,8.0206395639682e-10,1.07814346897164e-10,133.71285148857,6.4555671693213
"CARD9","CARD9",0.729558301954218,8.09053093737589e-10,1.08837518413402e-10,321.608741600528,6.45413672371659
"CDCA8","CDCA8",0.809213430876084,8.09087266675398e-10,1.08888496115278e-10,139.050109066565,6.45406579854709
"GAS6-AS1","GAS6-AS1",0.882586960285692,8.12204832322499e-10,1.09351587021959e-10,50.2024963038245,6.45342298383137
"CASS4","CASS4",0.666399629726474,8.29746253365184e-10,1.11868187969269e-10,258.680672805646,6.44997556316954
"AC112721.2","AC112721.2",1.75795714194041,8.61881510649621e-10,1.16363125476608e-10,9.8127856972365,6.4440025534481
"IL3RA","IL3RA",0.63707019517945,9.04873942862901e-10,1.22434247286061e-10,1316.76049668368,6.43628351666011
"CD74","CD74",0.783134061518081,9.21697335808956e-10,1.24908102899598e-10,287323.446408293,6.43324495800259
"GBP5","GBP5",1.13328124233627,9.54429362810763e-10,1.2954851303484e-10,1529.82465032385,6.42770067716128
"SERPINE2","SERPINE2",1.03843504846835,9.85110336678639e-10,1.34003300359495e-10,2681.61493051584,6.42255784740795
"CXorf21","CXorf21",0.7904133781256,9.90147864799991e-10,1.34741607194469e-10,318.393898073512,6.42172168452193
"PCED1B","PCED1B",0.727956235530802,1.022177324319e-09,1.39307443237848e-10,398.154380872921,6.41664808103642
"IGHV1-45","IGHV1-45",3.0068409177989,1.02508660060007e-09,1.39771958213781e-10,82.3789698895177,6.41614104682264
"FER1L4","FER1L4",1.79835352804996,1.02645628886395e-09,1.40012565083364e-10,137.007100431718,6.41587906312774
"SLC19A1","SLC19A1",0.511014947758884,1.03969077496093e-09,1.41845656193261e-10,385.011491900072,6.41389743608361
"PLAUR","PLAUR",0.850434340553339,1.05128397519155e-09,1.43596326809917e-10,2308.89529064542,6.41202813531024
"AC063977.2","AC063977.2",1.09613751007048,1.06626468858261e-09,1.45671131663658e-10,4.98471607791744,6.40984136260497
"PRKXP1","PRKXP1",1.29344020451293,1.07261951196848e-09,1.46568054846589e-10,7.14069185012294,6.40890544449194
"PLD4","PLD4",1.09149886902336,1.09668099457247e-09,1.50032236376685e-10,247.036995969189,6.40534245696939
"MIR4664","MIR4664",1.05710091065001,1.10787118865303e-09,1.51681852316721e-10,6.69237143330941,6.40367395524606
"AC011899.2","AC011899.2",0.992708655836916,1.12842199217749e-09,1.54616458162411e-10,94.5234797385925,6.40074911262498
"HLA-DRB5","HLA-DRB5",1.25172032582297,1.16148740695725e-09,1.5945828237947e-10,20730.5190944629,6.39603996693558
"KIAA1551","KIAA1551",0.519913255112518,1.18390746181575e-09,1.62663169203739e-10,2154.48829397471,6.39299914726431
"IGHV4-28","IGHV4-28",2.46714409596929,1.18894467016737e-09,1.6341896840979e-10,369.282154054709,6.39229057320974
"AC114271.1","AC114271.1",0.588825832571082,1.19786853949149e-09,1.64838111052924e-10,76.0528284791474,6.39096871262616
"CYTH4","CYTH4",0.641183355009576,1.20869729941473e-09,1.66522560179796e-10,3998.81661126281,6.38941408949318
"IGHJ3","IGHJ3",2.23295302260988,1.20981425912176e-09,1.66708858737593e-10,503.613441034199,6.38924309421711
"RAD54L","RAD54L",0.929693099584134,1.21097292490775e-09,1.66900965241954e-10,39.9294094312257,6.38906696350812
"IGKV3-7","IGKV3-7",2.64035947609778,1.22338335506837e-09,1.68742531733568e-10,176.880296341789,6.38738852439757
"POU2AF1","POU2AF1",1.57113453150801,1.2240376523415e-09,1.68865575433549e-10,1200.8339736317,6.38727701877243
"GALNT5","GALNT5",0.869966185103626,1.22697938816241e-09,1.69337263862219e-10,736.081529122145,6.38685029583087
"TMEM229B","TMEM229B",0.639556338634763,1.25840260870233e-09,1.73977372154007e-10,442.077623029019,6.38271336415283
"IGHV3OR16-8","IGHV3OR16-8",3.03126305662981,1.26941526527393e-09,1.75533911638366e-10,97.60954309163,6.38134973333686
"PRF1","PRF1",0.892454001269195,1.30666562674982e-09,1.80929934867055e-10,527.528721022398,6.37671225661275
"BHLHA15","BHLHA15",1.96107122573893,1.3193981211701e-09,1.82905068695821e-10,106.498259057333,6.37504849282778
"PFKFB4","PFKFB4",0.804834880949213,1.3793385394007e-09,1.91694906729669e-10,377.665732580615,6.3678510736925
"CACNG6","CACNG6",1.39100960395778,1.40104506417843e-09,1.94861745522874e-10,11.4104046155295,6.36533673970405
"C1S","C1S",0.543006468369478,1.42357469722987e-09,1.98185947721416e-10,48253.3720017575,6.36274005250981
"TRAV3","TRAV3",1.37180309914382,1.49312005298833e-09,2.08427925838469e-10,13.6158862917333,6.3549990377998
"SSTR3","SSTR3",1.47808531344786,1.55482131466362e-09,2.17457526526381e-10,12.8870333485786,6.34847658479944
"AC124014.1","AC124014.1",1.60126758845692,1.56286230501355e-09,2.1882804187022e-10,3.29290389625276,6.34750980100625
"AC004706.3","AC004706.3",0.947096821340405,1.58718074639301e-09,2.22493627659305e-10,12.2947747909347,6.34495281587248
"AL353625.1","AL353625.1",0.544908374989535,1.63941082093376e-09,2.30166725656911e-10,32.7494017469084,6.33973096597459
"MICB","MICB",0.613458539433923,1.68284412350496e-09,2.36760562991307e-10,344.672617686707,6.33537769499368
"JPH4","JPH4",0.628059446216545,1.71341708836962e-09,2.41291434677564e-10,168.672562104982,6.33245451359792
"VSIG4","VSIG4",0.898463552309324,1.72931951231075e-09,2.43669890288622e-10,15164.1732525677,6.33094139524802
"FLT3","FLT3",0.938308573936068,1.73315241385048e-09,2.44256402134167e-10,84.1750050007776,6.33057048743437
"AC004596.1","AC004596.1",0.89101500746215,1.74401861258762e-09,2.45834523506242e-10,4.48536995712662,6.32957679228895
"CSF2RA","CSF2RA",0.703257417467782,1.74738111763307e-09,2.46402133325371e-10,1028.33386613798,6.32922090842331
"RRM2","RRM2",1.13835995960284,1.752759147586e-09,2.47395310920425e-10,511.219601107744,6.32860012110817
"ORC1","ORC1",0.849247327316663,1.7709425456478e-09,2.50104175926629e-10,66.0168645528882,6.32691923362588
"LILRB4","LILRB4",1.10887711261179,1.77391139773855e-09,2.50570985421258e-10,5329.05715689325,6.32663136924244
"TRAV1-2","TRAV1-2",1.24042204351369,1.81887705606918e-09,2.57312404041616e-10,9.02662756896968,6.32253158635707
"CCDC88C","CCDC88C",0.721294885061836,1.87937756041796e-09,2.66324462584749e-10,720.162419049421,6.31721180480234
"ANLN","ANLN",1.08232355804519,1.8824363146097e-09,2.66808351533513e-10,354.904516487684,6.31693116362845
"FCRLA","FCRLA",1.45929446803241,1.91025261197596e-09,2.71058002653181e-10,201.886066689427,6.31448762970071
"AC069281.2","AC069281.2",0.912583128355327,1.93702872495264e-09,2.75116932480614e-10,184.429589208889,6.3121884442898
"E2F7","E2F7",1.11159042232957,1.93891342247965e-09,2.75436566352841e-10,32.209680825972,6.31200879686968
"GPR4","GPR4",0.734104989518606,1.94042914416011e-09,2.75703875665972e-10,507.201098595756,6.31185871426947
"MCOLN2","MCOLN2",0.942076947078664,2.04129469987206e-09,2.9091033702059e-10,185.50454483252,6.30354678877078
"AC004918.3","AC004918.3",0.575882212693389,2.05857392124467e-09,2.93483156095247e-10,27.3678865171124,6.30218257764185
"ARHGAP18","ARHGAP18",0.538168577755676,2.06199545586717e-09,2.9403592774295e-10,3131.62869552792,6.30189100061704
"KIF18A","KIF18A",0.69301888001082,2.14172948866511e-09,3.06428622283087e-10,58.9713643534139,6.29549085738883
"NLRP2","NLRP2",1.26156494328175,2.14507602355592e-09,3.06964902119663e-10,67.8872631427913,6.295219637375
"SIGLEC18P","SIGLEC18P",1.32767403004612,2.18477255503465e-09,3.13055317748447e-10,6.42772582482319,6.29217150560389
"LPAR5","LPAR5",0.74592487582637,2.21256136512847e-09,3.17333574137467e-10,721.682856393128,6.29006475327431
"PASK","PASK",0.801153536720578,2.26964371469721e-09,3.26007018580814e-10,313.132220155972,6.28587746352774
"CEP128","CEP128",0.59944276933158,2.37785415909817e-09,3.42569509778712e-10,207.837578997197,6.2781753189587
"ACAP1","ACAP1",0.754644171979784,2.3956848420804e-09,3.45587632016742e-10,901.88871020083,6.27681105133599
"CDC25A","CDC25A",0.772502383635443,2.41280913024538e-09,3.48316469570026e-10,51.5689796940729,6.27558752444114
"CYP27B1","CYP27B1",1.51211887797195,2.51253356264352e-09,3.63587969129965e-10,45.7204797391277,6.26890838097053
"IGHV3OR16-10","IGHV3OR16-10",4.39368062759659,2.60316898408609e-09,3.77401263909382e-10,18.9282383985849,6.26309882694301
"MARCH1","MARCH1",0.757166997952654,2.63495619995764e-09,3.82292093957363e-10,2639.90974119907,6.26109150978765
"SLCO2A1","SLCO2A1",0.951153743057891,2.8392366508029e-09,4.13755811261608e-10,3037.06981959882,6.24874801519941
"DIAPH3","DIAPH3",1.01794914851931,2.95860767019572e-09,4.31706384049672e-10,85.0497343789304,6.24211028280492
"IGHA2","IGHA2",1.97308774913483,3.02980989701638e-09,4.42826487373051e-10,1938.85241217877,6.2381321542737
"GPR55","GPR55",0.851304593759575,3.06851456815582e-09,4.48894503178491e-10,39.7616715928981,6.23600229946087
"THEMIS2","THEMIS2",0.707927427283734,3.08397628072293e-09,4.5132166345976e-10,3842.36519437121,6.23515823213518
"COL6A1","COL6A1",0.797742998306174,3.11332229966617e-09,4.55866526476318e-10,71482.3802801999,6.23358956207428
"ATP8B3","ATP8B3",0.616019732613269,3.14249760804412e-09,4.60306899852027e-10,84.474651068566,6.23207162994417
"GRIN3B","GRIN3B",1.10140528826923,3.14377805088358e-09,4.6057868826813e-10,19.2664485560172,6.2319791844035
"HELZ2","HELZ2",0.58796710708231,3.25271891593512e-09,4.77149105504509e-10,1865.49972365421,6.2264412249292
"ESCO2","ESCO2",0.728097358215793,3.35724817462552e-09,4.93022459210741e-10,80.7343196935121,6.22130951837388
"C6orf223","C6orf223",1.84401056414854,3.38064586885301e-09,4.96820796577412e-10,28.8233275949868,6.22010547238125
"OR2I1P","OR2I1P",1.48066038088547,3.3858730557081e-09,4.97679703764827e-10,615.057594517358,6.21983445053531
"PIF1","PIF1",0.897591833407347,3.50074602510658e-09,5.15314917395053e-10,54.275212056118,6.21436842658404
"PAPSS2","PAPSS2",0.527608943244478,3.53948019234533e-09,5.2149081203834e-10,2782.971076837,6.21249728687437
"CXCL8","CXCL8",1.62985387875485,3.66880121165187e-09,5.41507706562814e-10,1027.21622869345,6.20657794060857
"LZTS1","LZTS1",0.655611002359212,3.66880121165187e-09,5.41527365833137e-10,496.546875342685,6.2065722326487
"CD68","CD68",0.77425630927454,3.75250129011064e-09,5.54283943208745e-10,26938.1640174844,6.20291041726446
"IGHV3-64","IGHV3-64",2.71819908293112,4.09728620202495e-09,6.08066561450478e-10,177.393930048165,6.18832553447738
"SPTBN5","SPTBN5",1.20073892869413,4.1068022762258e-09,6.09698883063182e-10,46.3942335337064,6.18790283460687
"IGKJ5","IGKJ5",2.18379537671246,4.16003683288313e-09,6.18159426497598e-10,227.354715267409,6.18572946533513
"SLC7A8","SLC7A8",0.577304676510117,4.22507309323912e-09,6.28502687717054e-10,2410.98653304977,6.18311154927929
"TRAV8-3","TRAV8-3",1.35892524000773,4.48554646409426e-09,6.69412796533104e-10,8.86073921180915,6.17315322294123
"AP001056.1","AP001056.1",0.973110299935127,4.52224291029486e-09,6.75252786192784e-10,11.5130713809186,6.17178032380397
"TRGV8","TRGV8",1.02268442484719,4.6250609724638e-09,6.91348904572931e-10,7.83792002687165,6.16805547714889
"KCNK13","KCNK13",0.960016740868148,4.69522523728218e-09,7.02340178971316e-10,148.053238215778,6.16556025624644
"EME1","EME1",0.681774210062076,4.7389727123744e-09,7.09519050364338e-10,32.8928361423042,6.1639510038918
"COL1A2","COL1A2",0.860367058149465,4.80928379274052e-09,7.20819160747808e-10,208675.437283273,6.16144981409778
"TTK","TTK",0.950827720907636,5.10297136597334e-09,7.67161598330156e-10,85.5155449019452,6.15157721549787
"RTN1","RTN1",0.628694675077687,5.16902048130928e-09,7.77645151851448e-10,815.361373388749,6.14942465731417
"COL16A1","COL16A1",0.735601030456032,5.23311651921399e-09,7.87708614123843e-10,2546.66502416226,6.1473848184568
"AC015911.3","AC015911.3",1.08107000884942,5.24914462449297e-09,7.90261866544115e-10,10.4764834810434,6.1468713235265
"TRAV17","TRAV17",1.21122642031966,5.53206714967138e-09,8.35227564461545e-10,14.3017840589988,6.13808388867867
"AC002091.2","AC002091.2",0.754680004899757,5.58031717588071e-09,8.42661833273415e-10,31.1092209619083,6.13667565256045
"HELLS","HELLS",0.608533741824072,5.75596504012682e-09,8.70573711960879e-10,147.915700107817,6.13149445290982
"VCAM1","VCAM1",1.13861801122461,5.93113947749917e-09,8.98498582798282e-10,13047.5572224261,6.12647049592249
"SLAMF7","SLAMF7",1.34413439167495,6.04194341722463e-09,9.16093502614318e-10,1999.07979724593,6.12338261864877
"TRAV12-2","TRAV12-2",1.0763274801678,6.04270547232606e-09,9.16370950174571e-10,19.1993295315167,6.12333439173959
"AC136628.3","AC136628.3",0.689301184636122,6.34360145503335e-09,9.64211104530831e-10,18.6321959759913,6.11522452431461
"IGKV1D-16","IGKV1D-16",2.37064696330259,6.37970716445659e-09,9.70040944144124e-10,226.701323817085,6.1142631968326
"P2RY10","P2RY10",1.11541619584255,6.46232569647186e-09,9.82949467590246e-10,159.708728918976,6.11215450487582
"IGHV1-69","IGHV1-69",2.34760330629799,6.49776940017521e-09,9.888629047235e-10,1983.57772000285,6.11119750959733
"FBN2","FBN2",1.02363904335834,6.55529475475434e-09,9.97968673378725e-10,136.841972184108,6.10973474449276
"SIGLEC22P","SIGLEC22P",0.762791196405755,6.63052632144146e-09,1.00977712432209e-09,20.4790365029253,6.10785707874413
"IGHV3OR16-9","IGHV3OR16-9",2.50550110079811,7.03813921707886e-09,1.07505912377265e-09,216.343709907716,6.09784797505783
"CDCP1","CDCP1",0.888957981297626,7.19253982922278e-09,1.09979971613682e-09,703.99600350908,6.09420889034091
"FCGR2A","FCGR2A",0.75048905995626,7.20240559069047e-09,1.10169422386335e-09,7111.6499816133,6.09393352694682
"AL024507.2","AL024507.2",0.512875077128474,7.32128588334735e-09,1.12085918970733e-09,29.3455304831244,6.09117360487219
"AC106739.1","AC106739.1",0.732114291274956,7.58884257853882e-09,1.16426098129071e-09,21.3566286933225,6.08508971561287
"AC068580.4","AC068580.4",0.689571871571509,7.87051299403471e-09,1.20979377452984e-09,457.867539989745,6.07894031311422
"PCDH17","PCDH17",0.8547181196617,8.02883537831635e-09,1.23606591334581e-09,677.663815058706,6.07549401385506
"KIR3DL2","KIR3DL2",1.15369332618886,8.03211067776124e-09,1.2367853619777e-09,8.0406709735099,6.07540064659366
"TDRD6","TDRD6",1.03442952883197,8.33688565317560e-09,1.2868418467954e-09,38.6417592519433,6.06903115336967
"OAS3","OAS3",0.787874696641861,8.35428718453992e-09,1.28975170155987e-09,3111.07028785708,6.06866835311046
"AC025857.2","AC025857.2",0.996149016304895,8.57407653768894e-09,1.32483185684034e-09,21.2156144297564,6.06435627818383
"BIRC3","BIRC3",0.775316187581226,8.739222233532e-09,1.35175441294055e-09,1336.23028276137,6.06112177086115
"UBASH3B","UBASH3B",0.631363447243619,8.78231105390878e-09,1.35912516805662e-09,535.271851700983,6.06024718716964
"TAGAP","TAGAP",0.589592544903031,8.78578629876256e-09,1.35989838565901e-09,1601.1721195911,6.06015570841003
"PDK1","PDK1",0.693776628715472,8.98870696923414e-09,1.39347476151405e-09,1083.17640826959,6.0562314397003
"AL451067.1","AL451067.1",1.39048798968878,9.51062356884759e-09,1.47769756117534e-09,3.71180211516574,6.04677951990376
"AC119396.1","AC119396.1",1.17301945983669,9.52026662957355e-09,1.47945091368664e-09,46.9565014445548,6.04658838034929
"STC2","STC2",0.816678013561594,9.65685285457602e-09,1.50274633280759e-09,153.664428751833,6.04406960159962
"PEG13","PEG13",0.553162296445095,9.89151483107105e-09,1.54191338550415e-09,34.9194945445153,6.03991928606603
"ADAM12","ADAM12",1.27213403435431,9.98688161523637e-09,1.55758213118696e-09,2207.66768163573,6.03828766346898
"TRAV20","TRAV20",1.28768494010951,9.99282493572411e-09,1.55877680721769e-09,7.84299360311136,6.03816391622118
"IGLV2-18","IGLV2-18",2.32124039201512,1.00434784152899e-08,1.56810741560319e-09,462.108385165618,6.03720059861668
"PGGHG","PGGHG",0.763802454657868,1.00434784152899e-08,1.56829280080137e-09,403.482194236052,6.0371815155905
"HLA-DRB1","HLA-DRB1",0.88423078664324,1.03089594883771e-08,1.61112881321715e-09,47266.7106211988,6.03283000093798
"LINC00926","LINC00926",1.3196653516318,1.03439890822953e-08,1.61705048890832e-09,108.377858703121,6.03223733495789
"SIGLEC14","SIGLEC14",1.06597461822978,1.03439890822953e-08,1.61715768548062e-09,380.509506726667,6.03222662577999
"CEP55","CEP55",0.969997996654924,1.05116047604406e-08,1.64477056509319e-09,213.213599244564,6.02949082201143
"HJURP","HJURP",0.98567328657284,1.07039328027573e-08,1.67687203862825e-09,99.4109389697327,6.02636601172713
"AC073046.1","AC073046.1",0.821041993507573,1.07135363010351e-08,1.67981176308596e-09,14.4732123648206,6.0260827739496
"FLT4","FLT4",0.752677170816676,1.09164507406813e-08,1.71308983704875e-09,630.086285419567,6.02290974373026
"PIM2","PIM2",1.26333704222794,1.13582567890458e-08,1.78668182108854e-09,2213.41299502228,6.01610094398605
"FOXO3B","FOXO3B",0.559293837680637,1.14502080376452e-08,1.80145276631172e-09,33.2253438802083,6.01476730823287
"IGHV2-5","IGHV2-5",2.11371341522084,1.19320763702062e-08,1.88014203395178e-09,2326.86888028664,6.00783744471942
"GBP1","GBP1",0.872709358545827,1.24784718174446e-08,1.96857814380178e-09,3953.96785082969,6.00037874098784
"AL391903.1","AL391903.1",1.14279651277365,1.24979852924599e-08,1.97199140978207e-09,25.2804883519891,6.00009745303492
"CKAP2L","CKAP2L",0.886728040756274,1.25750089852138e-08,1.98549226883866e-09,102.83709189628,5.99898947371104
"ADAMTS1","ADAMTS1",0.684697143930095,1.27536949796447e-08,2.0150721885959e-09,2183.57539970201,5.99658736778469
"PABPC1L","PABPC1L",1.03780149897771,1.285559875622e-08,2.03384483614304e-09,64.4829722836472,5.99508064669859
"HMMR","HMMR",0.982396874100876,1.28802961968238e-08,2.03852610011623e-09,114.235907103867,5.99470703208639
"GPR174","GPR174",0.917318842024558,1.29502410641287e-08,2.04994304334787e-09,212.464330998873,5.9937993322911
"TNFSF13","TNFSF13",0.617886797136802,1.33102749661784e-08,2.10907392626474e-09,3341.98016228396,5.98917557006109
"TNFRSF13C","TNFRSF13C",1.47243339436573,1.33119547284903e-08,2.10969676122016e-09,203.352129846108,5.98912754248926
"COL1A1","COL1A1",1.13754834982329,1.40113354127148e-08,2.22541586492439e-09,250275.94952397,5.98043568103544
"CERNA2","CERNA2",0.870904361694553,1.4139455558236e-08,2.24728050723297e-09,37.5809197593992,5.97884297272431
"A2M","A2M",0.564434972021971,1.44047228318111e-08,2.2913709898042e-09,38335.5767503094,5.97567664532996
"TUBGCP6","TUBGCP6",0.546545454990568,1.44808568772919e-08,2.30386968189478e-09,807.322351555115,5.97478985386143
"PRDM1","PRDM1",0.88620655124003,1.45812321984353e-08,2.32140186274154e-09,1072.07532047967,5.97355379756336
"FAM111B","FAM111B",0.759356366964249,1.46956578501328e-08,2.34040645878384e-09,134.101064739421,5.9722241616047
"AC068580.3","AC068580.3",1.04717879938759,1.5196740060849e-08,2.42346533885736e-09,28.2630914690266,5.96653381423591
"AL136084.3","AL136084.3",0.85502419059483,1.52625698596891e-08,2.43478125940006e-09,67.5483970602129,5.9657733076671
"MMP3","MMP3",2.1044256560131,1.53516763344611e-08,2.45105268271718e-09,103809.548616266,5.96468577019995
"PDPN","PDPN",0.756084232851247,1.56918954881299e-08,2.50831520730336e-09,5600.88245532422,5.9609136336681
"LINC01215","LINC01215",1.0433129410817,1.57311872269591e-08,2.51501739365177e-09,54.9336503386891,5.96047762570382
"PCOLCE","PCOLCE",0.593396971359242,1.5884059474157e-08,2.54073453529237e-09,22205.2561303844,5.95881504419783
"TLR10","TLR10",1.32348939849105,1.60160691355438e-08,2.56313750091372e-09,133.720976880975,5.95738002387405
"TLR1","TLR1",0.625915182953452,1.6652516670517e-08,2.67213038447409e-09,1031.821350672,5.95056829706418
"NCR3LG1","NCR3LG1",0.641343369800915,1.71466528866009e-08,2.75785326148127e-09,84.6356515996608,5.94539836363794
"ZBTB32","ZBTB32",1.34589038911204,1.72171284118873e-08,2.76964978659195e-09,31.5286807326476,5.94469919805165
"SLC8A1-AS1","SLC8A1-AS1",0.532731548356327,1.74313003306333e-08,2.80690499121469e-09,93.3574704568217,5.94251001556877
"XCR1","XCR1",1.1164740820882,1.78588039983191e-08,2.87670148803404e-09,167.173494677258,5.93848375599422
"STRA6","STRA6",1.41015683954093,1.79614206013255e-08,2.8956372145373e-09,108.793958025342,5.93740783779525
"TRIM59","TRIM59",0.571290124859347,1.80448230647064e-08,2.91101679052051e-09,219.837127363728,5.93653900836343
"IGHV3-42","IGHV3-42",3.36537697768319,1.83485224717092e-08,2.96099324403463e-09,6.74386144522738,5.93374626217572
"MS4A1","MS4A1",1.70745910030241,1.8510981326705e-08,2.99018584836976e-09,625.505744302124,5.93213610344989
"MOXD1","MOXD1",0.962746858122491,1.87339236683883e-08,3.02923743074428e-09,287.477810586704,5.93000592842202
"ZNF804A","ZNF804A",0.887662005017136,1.8932679535396e-08,3.06236332436261e-09,49.7163731474071,5.92821984347484
"SLAMF1","SLAMF1",1.1381208763883,1.89488507122635e-08,3.06548671330405e-09,247.600015277692,5.92805240795368
"RTP5","RTP5",1.60294226140991,1.90009489955561e-08,3.07544229783657e-09,9.27126109845963,5.9275198252665
"AC113191.1","AC113191.1",0.598458469313678,1.91092297217122e-08,3.0960403002758e-09,14.4289878264912,5.92642322619073
"RUNX1","RUNX1",0.519545720664041,1.95291318155928e-08,3.16878124146585e-09,4219.95408372487,5.92260667230841
"TNFRSF10A-AS1","TNFRSF10A-AS1",0.598874455397606,1.97865993135582e-08,3.21267829060264e-09,25.3524797689401,5.92034455311819
"DRAM1","DRAM1",0.573736150401127,1.99776508478708e-08,3.24637495357652e-09,3533.12253950239,5.91862840854481
"ADAMDEC1","ADAMDEC1",1.55439141215166,2.01137899557264e-08,3.27011433837976e-09,1115.95288353053,5.91742976195227
"MUC1","MUC1",0.618633239353905,2.04397541383803e-08,3.32584805300709e-09,293.269389599107,5.91464862538243
"ANKRD20A10P","ANKRD20A10P",2.48143716287032,2.05140610715235e-08,3.33903815367213e-09,1.91589980716061,5.91399707535515
"ATP2A1","ATP2A1",1.8170670622061,2.07785493137476e-08,3.38431533580558e-09,52.0937339419497,5.91177943106097
"SNED1","SNED1",0.720144654355367,2.21150819290527e-08,3.61172402225463e-09,7416.47789468031,5.90106050988817
"B3GNT3","B3GNT3",0.901595007408509,2.28937731594033e-08,3.7472352230741e-09,65.2307646592973,5.89498142927137
"IGHV4-80","IGHV4-80",2.67055215579127,2.39368440363868e-08,3.92822575149022e-09,55.8888437627728,5.88718766864128
"CERKL","CERKL",0.737721844765767,2.39631926031638e-08,3.93319180899128e-09,415.303522843751,5.88697878414356
"ECM1","ECM1",0.52103670179199,2.43383667976465e-08,4.00129192911499e-09,5487.07106656388,5.88413993796905
"CDCA5","CDCA5",0.782864337090856,2.45786261854981e-08,4.04210828514823e-09,207.40970061784,5.88246090773626
"CDK18","CDK18",0.520428730781084,2.46518873275999e-08,4.05613804031806e-09,260.258803031106,5.88188758562237
"LTBP1","LTBP1",0.615878426281228,2.48194853019097e-08,4.08570901843188e-09,7607.03157077328,5.88068547060804
"MAGED4","MAGED4",0.849764262387448,2.48992738831576e-08,4.09951070417714e-09,197.19543850024,5.88012730219432
"IGHV3-6","IGHV3-6",2.52196409048724,2.57862066507265e-08,4.25313849749143e-09,151.090438674592,5.87403486961832
"RECQL4","RECQL4",0.51307435652976,2.58466784288193e-08,4.2665751895602e-09,157.37230537402,5.87351223767654
"CCBE1","CCBE1",0.928741345690116,2.60611429182877e-08,4.30267563332232e-09,399.02844991323,5.8721159728216
"IGLV10-54","IGLV10-54",2.1547778790277,2.63175867564661e-08,4.34924510660673e-09,223.05413565781,5.87033154017249
"ME2","ME2",0.607318561741683,2.68774994261668e-08,4.44825748078751e-09,2722.26051361425,5.86659861513541
"TNIP3","TNIP3",0.836063781851502,2.76280025390583e-08,4.58208974939771e-09,61.7994317320898,5.86167943249695
"HASPIN","HASPIN",0.839048013540303,2.922399266513e-08,4.86244392065101e-09,32.4974103173487,5.85181257885246
"HVCN1","HVCN1",0.540647995259046,2.96390171956511e-08,4.9346744059635e-09,860.041710012001,5.84936019655174
"MIR34AHG","MIR34AHG",0.905320298989197,2.96776897116548e-08,4.94270340668345e-09,143.414607086125,5.84908975468143
"ABHD2","ABHD2",0.545277554890764,2.97418891433915e-08,4.95498932812498e-09,7191.73857184018,5.84867675276835
"KCNJ5","KCNJ5",0.756721748404359,2.98689650262703e-08,4.97856097924678e-09,560.424124984923,5.84788715346955
"FCRL2","FCRL2",1.41999228840263,3.03241207227788e-08,5.05767627198504e-09,85.9605166812226,5.84526330234037
"IGHJ6","IGHJ6",2.70964615723002,3.08269178944177e-08,5.14236237201309e-09,276.370369292287,5.84249858423928
"CD53","CD53",0.781375966920976,3.10832427777753e-08,5.19011786274136e-09,7187.4010086149,5.84095899765755
"LMOD2","LMOD2",2.26630281493789,3.15485312002195e-08,5.2771074212408e-09,14.8659788948522,5.83818963520835
"GRM2","GRM2",0.913694593880607,3.18875586446989e-08,5.33552511149009e-09,36.0789414119739,5.83635469335244
"THEMIS","THEMIS",0.919593312724309,3.34706846162892e-08,5.61387042032984e-09,147.757042542721,5.82787171834056
"LIF","LIF",0.857005144895344,3.40824211476535e-08,5.72103980092835e-09,133.993155013476,5.82471425991944
"SIGLEC7","SIGLEC7",1.00338628020696,3.46593841630609e-08,5.82160274678426e-09,309.8751500583,5.82180333963731
"TRIM46","TRIM46",0.750905308153604,3.56786847951449e-08,6.00619394389238e-09,42.1180198251979,5.81658519026481
"TRAV8-4","TRAV8-4",1.15448169360822,3.58231422725364e-08,6.03243172260781e-09,11.4461146703556,5.81585617702312
"MRC2","MRC2",0.639050191043889,3.62689834943989e-08,6.11139611489631e-09,19117.9780465783,5.81368062627998
"FCHO1","FCHO1",0.678561997869746,3.64021540996998e-08,6.13481095536563e-09,346.018770675751,5.81304077767712
"NAIP","NAIP",0.647779824004045,3.72250889463536e-08,6.28546768855453e-09,1637.92816631307,5.80897978597298
"GK","GK",0.783176117834138,3.72947826809479e-08,6.2992339849609e-09,929.579770402217,5.8086134455609
"ENPEP","ENPEP",0.799191242206304,3.77071209953506e-08,6.37090011512153e-09,312.515572102814,5.80671880002142
"TNFRSF11A","TNFRSF11A",0.775228768816518,3.84786047492407e-08,6.5053719145757e-09,535.290553258298,5.80321903647837
"IGLV3-27","IGLV3-27",2.41287132769944,3.97648911908715e-08,6.730295465336e-09,585.837195294055,5.79751950631705
"ARHGAP28","ARHGAP28",0.641856779171028,4.03007822174333e-08,6.82855469129085e-09,1073.61834612727,5.79508755501107
"CD300C","CD300C",0.85814173349846,4.10253660000455e-08,6.95902237618326e-09,897.861528575077,5.79191050563147
"FAP","FAP",0.605002712360777,4.13305742251661e-08,7.01522352748779e-09,3543.79994457018,5.79055975232159
"LCP2","LCP2",0.699241584535728,4.24169631966336e-08,7.21212251013682e-09,2816.11724101014,5.78590906129556
"MSC","MSC",0.603506399815934,4.63140864510167e-08,7.91197425747347e-09,949.871834955608,5.77032297504564
"LY9","LY9",0.952875241918394,4.85736184831851e-08,8.31489560027516e-09,205.583694440473,5.76194731508611
"APP","APP",0.555307444965091,4.97334257021234e-08,8.52809057400503e-09,30470.6935341897,5.75767388322726
"BSND","BSND",0.784877267432574,5.00916282347889e-08,8.59085583503159e-09,6.42264834945139,5.7564355519556
"DYSF","DYSF",0.598651487862988,5.10172760756537e-08,8.76054235642539e-09,3082.85141683515,5.75313123559484
"IGHV7-27","IGHV7-27",2.91369508417881,5.19254342332306e-08,8.92205368640538e-09,7.47730414421272,5.75004341220572
"AC108673.2","AC108673.2",0.756688051995159,5.21717803160168e-08,8.96857547645055e-09,10.1911126216432,5.74916407173392
"MCHR1","MCHR1",1.25977473114538,5.41312914572596e-08,9.33153093899226e-09,55.3491188665704,5.74245204681105
"OTULINL","OTULINL",0.500458323149765,5.42479663456409e-08,9.35309764580016e-09,1990.70630944402,5.74206125026805
"CENPE","CENPE",0.574313329258885,5.46069347341065e-08,9.42376729154623e-09,217.56374606238,5.74078680064851
"RPS6KA1","RPS6KA1",0.608030598214078,5.64215446360315e-08,9.75355158994923e-09,2029.96147317076,5.73495973261649
"AC117394.2","AC117394.2",1.04119786456498,5.64375202659145e-08,9.75782542335681e-09,2.85086361134749,5.73488548092056
"CD83","CD83",0.878311907361268,5.73059025982557e-08,9.92178395600375e-09,855.207088585984,5.73206054730436
"RIMBP3C","RIMBP3C",1.19830403562071,5.78232837126609e-08,1.00206574780562e-08,24.3306767753528,5.73037885121377
"AC026877.1","AC026877.1",0.500575664655699,5.80483687081544e-08,1.00627748450489e-08,20.3251582928147,5.72966738866859
"IGKV1-9","IGKV1-9",2.01298542658983,6.00705950770073e-08,1.04278162394215e-08,4307.64214080363,5.72361949313317
"DCC","DCC",1.45925660153441,6.06428425331177e-08,1.05336534614635e-08,22.5442649558734,5.72190447055147
"GIPC3","GIPC3",0.594694830899393,6.0691918427061e-08,1.05438040640105e-08,223.188060070969,5.72174086781411
"SLC39A14","SLC39A14",0.860105171378038,6.10835679768543e-08,1.06151172707949e-08,11661.1645814193,5.72059577145319
"C9orf139","C9orf139",0.733414781007336,6.14919758553822e-08,1.06959758661721e-08,73.4052882084014,5.71930641211511
"IGHV3-65","IGHV3-65",2.77148745773329,6.19907406802193e-08,1.07860533713084e-08,2.87834424055431,5.71788115712648
"IGHV3OR16-6","IGHV3OR16-6",3.33496578875706,6.43799592585444e-08,1.12138390574122e-08,3.31780730485259,5.71126663502222
"TIGIT","TIGIT",1.14362934171885,6.58662767004053e-08,1.14850823558191e-08,399.817527078615,5.70719848587408
"PRKCG","PRKCG",1.55910033140983,6.61815230861767e-08,1.15418249810552e-08,3.93909246781869,5.70635926985545
"AC083862.2","AC083862.2",0.556883751941148,6.6416361360405e-08,1.15863389550035e-08,51.0550535643219,5.70570371558729
"TMEM131L","TMEM131L",0.509419699144729,6.71567230535232e-08,1.17208931214171e-08,547.255856487182,5.70373692271285
"CTBP1-AS","CTBP1-AS",0.805600963026013,6.82130998810434e-08,1.1921711827132e-08,37.6263441785168,5.70084196788108
"AC004687.1","AC004687.1",1.28098956754693,7.00420201931455e-08,1.22638748750692e-08,110.075627130047,5.69601686877093
"IGHV1-17","IGHV1-17",2.63517848894899,7.00910224946537e-08,1.2278088713931e-08,6.49321381403945,5.69581927008639
"GJC1","GJC1",0.592063869627054,7.14297950953045e-08,1.25260029713251e-08,492.179004056545,5.692408089211
"CCNA2","CCNA2",0.885688637142626,7.24114676242582e-08,1.27117309936002e-08,273.141504556863,5.68989527244299
"AJ239328.1","AJ239328.1",1.19624716260451,7.99178866739328e-08,1.4106557281244e-08,6.12144412207419,5.67209031063259
"IGKV5-2","IGKV5-2",2.32419728310818,8.39426600856398e-08,1.4850718981472e-08,184.109820632911,5.66327924350645
"AC136475.3","AC136475.3",1.16436399828248,8.39778514554191e-08,1.48614449230513e-08,16.9923280633935,5.66315540711562
"SLC12A3","SLC12A3",1.39832290680985,8.61241890829299e-08,1.52712773182978e-08,15.6651407019623,5.6584875711144
"AL359183.1","AL359183.1",0.585301493253169,8.65362317474311e-08,1.53512951906262e-08,72.0066334341245,5.65759041275886
"AC016397.2","AC016397.2",0.772532443072789,8.6704214357354e-08,1.53865106428208e-08,11.7048051184394,5.65719701650439
"EXO1","EXO1",0.899881389407785,8.68533097406462e-08,1.54191793355711e-08,57.4814191554675,5.65683285159367
"AC091057.6","AC091057.6",0.905141848339161,8.94579471178475e-08,1.58935682377742e-08,17.2281989754406,5.65162755028725
"CXCR4","CXCR4",0.966379706488955,8.9926366369252e-08,1.59816088772941e-08,3274.24411203557,5.65067813872038
"SLC2A5","SLC2A5",0.907804871913655,9.25041907866172e-08,1.64744354997895e-08,3102.9125239514,5.64545563147303
"SH3PXD2B","SH3PXD2B",0.510571919082769,9.25633600202915e-08,1.64874532437076e-08,3615.12470974139,5.64531974834016
"RAB39B","RAB39B",0.951653381690561,9.4237729847758e-08,1.68058926095619e-08,59.9766454760395,5.64202782963901
"SECTM1","SECTM1",0.607490380543013,9.55667103900386e-08,1.70582596420019e-08,3322.51078599101,5.63946169100682
"AL731567.1","AL731567.1",1.21061568491819,9.63057129848485e-08,1.72004898522895e-08,9.48264168439534,5.63803165181906
"GSAP","GSAP",0.517859584991931,9.73076263179906e-08,1.73846489373405e-08,725.616326803648,5.63619700836197
"ROR2","ROR2",0.780022588809148,9.81620741704365e-08,1.75437464283878e-08,702.213356287385,5.63462716754545
"MMP2","MMP2",0.640310913636758,9.81620741704365e-08,1.75451918867985e-08,69842.7165691393,5.63461296844008
"LINC01001","LINC01001",1.11695813074524,1.0023688106369e-07,1.79616928048109e-08,59.9091529853281,5.63056817089405
"ADORA2A","ADORA2A",0.727002056041359,1.01805883665652e-07,1.82537570262451e-08,376.007364705925,5.62778579256171
"SEMA4D","SEMA4D",0.768134173496948,1.04637044444989e-07,1.87894186391854e-08,1270.1657448452,5.62279328879063
"ZGRF1","ZGRF1",0.518963430573583,1.07156476349565e-07,1.92762795651737e-08,62.2277080337637,5.61837408464494
"AL590666.2","AL590666.2",1.07584668521379,1.0971692758391e-07,1.97633337123657e-08,12.4916771791101,5.61406026042401
"ACP5","ACP5",0.836393174929212,1.1154533823337e-07,2.0101651661379e-08,5595.38137737691,5.61112411912845
"PIK3R3","PIK3R3",0.518978001079473,1.11825086293432e-07,2.01550613695555e-08,1268.45700190984,5.61066498522541
"TRAV12-1","TRAV12-1",1.06311590306459,1.12189022209768e-07,2.02236621232837e-08,9.34160394144795,5.61007699213729
"HLA-DOB","HLA-DOB",1.1503622962552,1.14786373067847e-07,2.07133998502786e-08,340.871463078955,5.60593474407102
"CLIC6","CLIC6",0.569262150454273,1.14859572297715e-07,2.07358411205423e-08,977.826563195787,5.60574721966671
"NOS2","NOS2",1.48009156776113,1.16136082795094e-07,2.09911854496076e-08,245.068746423086,5.60362727005267
"FP565260.3","FP565260.3",0.634422931196155,1.16283215221999e-07,2.10244909206386e-08,243.780790886699,5.60335260506784
"TRAV9-2","TRAV9-2",1.144255220001,1.17639684569686e-07,2.1285019690247e-08,17.2463499733441,5.60121852680623
"AC008972.2","AC008972.2",0.689303578363204,1.18761718534072e-07,2.14975797876963e-08,27.9828282729592,5.59949607718317
"C16orf54","C16orf54",0.617905179836583,1.18850125822163e-07,2.15167671457374e-08,835.239848933003,5.59934140970297
"CD96","CD96",0.797833618008202,1.19034534980592e-07,2.15533421053731e-08,323.798071097517,5.59904695291318
"VWA1","VWA1",0.519991009085088,1.19160232607813e-07,2.15792945957241e-08,4091.26306878554,5.59883830929817
"IGHV1-14","IGHV1-14",3.21531878565304,1.23373372780012e-07,2.23852444998056e-08,19.8168491374474,5.59247728703892
"TNFRSF9","TNFRSF9",0.748303323225725,1.24124169823582e-07,2.25281227764366e-08,110.381028136683,5.5913728562973
"TRAV2","TRAV2",1.24233485740394,1.25277427132409e-07,2.2760931151967e-08,16.5603844498144,5.58958776023541
"ADAMTSL1","ADAMTSL1",0.859201949616656,1.25442893413585e-07,2.27943547713457e-08,652.52415864702,5.5893329352394
"FCRLB","FCRLB",0.742075425951038,1.26822271883156e-07,2.30721867504389e-08,84.6287114928794,5.58722864637983
"IGHV1OR16-1","IGHV1OR16-1",2.40360675548749,1.27766073516587e-07,2.3250734703123e-08,78.68041887745,5.58588927421067
"P2RY6","P2RY6",0.704202316858081,1.30231741774846e-07,2.37099023486879e-08,642.827905634335,5.58249016371636
"FBXO43","FBXO43",0.899042999684101,1.33880033351074e-07,2.43956302232043e-08,7.57105368812865,5.57753101259514
"IGHV4-55","IGHV4-55",2.06676543542114,1.3610390998636e-07,2.48336850469445e-08,820.314959160129,5.57443335499607
"AL592164.1","AL592164.1",1.83664372203927,1.41753035233395e-07,2.59327954498197e-08,1.61634612253307,5.56688867434992
"MEX3A","MEX3A",0.690967803713319,1.42124296207492e-07,2.60045231841213e-08,92.5354855576021,5.56640715688794
"HLA-B","HLA-B",0.657674923200608,1.45758002430718e-07,2.6720152523403e-08,75676.0557393434,5.56167240547239
"ARL4C","ARL4C",0.646591737466323,1.51062093636829e-07,2.77572499038495e-08,5113.00253100026,5.55502470559599
"IGHV3-41","IGHV3-41",2.3394325622655,1.51537196605684e-07,2.78486089413602e-08,64.0407749952462,5.55445070348232
"GALNT9","GALNT9",1.18419176819169,1.51851957486312e-07,2.79145910112688e-08,14.3978075725288,5.55403727821171
"GABRR2","GABRR2",1.34393372499869,1.54006398829909e-07,2.8318889563263e-08,5.19481969008601,5.55152457469653
"AC002091.1","AC002091.1",0.660922953965176,1.60453041489755e-07,2.95687918807848e-08,28.9401217198991,5.54397094643011
"CACNA1C","CACNA1C",0.564908187178271,1.64296054710668e-07,3.03122105065954e-08,450.96966241287,5.53962379630849
"XBP1","XBP1",0.779041333700945,1.68211343258407e-07,3.10886543363741e-08,15530.3626716632,5.53519259679857
"CA12","CA12",0.75748784144231,1.69316113485059e-07,3.12973733872792e-08,2536.18687182007,5.53401973631783
"IGHV3OR16-13","IGHV3OR16-13",2.56185695091201,1.69381851814738e-07,3.13140631117995e-08,32.494689335706,5.53392627920534
"IGHV3-22","IGHV3-22",2.62432988379658,1.71113593841902e-07,3.16479687669975e-08,18.558429168718,5.53206659902008
"DBH-AS1","DBH-AS1",1.11496494970695,1.78896965089967e-07,3.31785974426694e-08,17.6938173208083,5.5237783544215
"SEMA3C","SEMA3C",0.604667831262788,1.82544456990626e-07,3.38844143833843e-08,11574.5298869598,5.52008063118506
"AL390728.4","AL390728.4",0.627933738504087,1.8711187169834e-07,3.48024170974968e-08,200.318949316516,5.5153815037584
"CRB2","CRB2",0.970304230272504,1.91736935287629e-07,3.57294532841803e-08,51.5012049365875,5.51075659295109
"AL353597.3","AL353597.3",1.58718000821526,1.92450555640143e-07,3.58675900927801e-08,2.15531147424036,5.51007742218683
"CD209","CD209",0.736968042204782,1.93256010496891e-07,3.60228830754995e-08,2240.41810528651,5.50931692295792
"P4HA2","P4HA2",0.520854276771324,1.9426975935741e-07,3.62274609524307e-08,2823.91852449836,5.50831990532236
"IGKV1-6","IGKV1-6",1.97974341789847,1.98508843437749e-07,3.70871088950895e-08,1261.30439704962,5.50418920394186
"KDR","KDR",0.677087927986915,2.01743757258396e-07,3.77185097165042e-08,1945.38487682362,5.501213983872
"AC091182.2","AC091182.2",0.808105751135731,2.01793749943365e-07,3.77372035817479e-08,24.0561608273185,5.50112663469807
"CCR7","CCR7",0.991247297024753,2.03307579460485e-07,3.80435692455598e-08,452.783860027999,5.49970105485456
"DNA2","DNA2",0.644795452473827,2.08167381217087e-07,3.90254579314621e-08,42.2957065221372,5.49520600606856
"CD80","CD80",1.22266678325135,2.08373385045302e-07,3.90696607600413e-08,43.1985427776281,5.49500623637518
"IGHV3-72","IGHV3-72",2.08067018440322,2.09028943974286e-07,3.92108971789314e-08,209.837126223999,5.49436940008119
"THBS1","THBS1",0.880169427512232,2.09197710354178e-07,3.9257850744063e-08,5321.52584439513,5.49415817861807
"CFI","CFI",0.786947907020781,2.12362539880397e-07,3.98848861603425e-08,4193.18438483375,5.49136068989687
"AP002358.2","AP002358.2",1.45551158692129,2.1388944011804e-07,4.01784118282984e-08,2.21040752875717,5.49006576275017
"LEF1","LEF1",0.706887236528782,2.14442820298791e-07,4.02881080281629e-08,385.054416901908,5.48958417698388
"IGHV1OR21-1","IGHV1OR21-1",3.00464054502721,2.14892508473617e-07,4.03956230595316e-08,7.99113313063629,5.4891133991706
"E2F3P1","E2F3P1",1.4620187505728,2.15694586947344e-07,4.05637356531739e-08,2.03289829088192,5.48837971146356
"BRIP1","BRIP1",0.620665112612112,2.16490943658396e-07,4.07309006877597e-08,67.4864000309317,5.48765307690477
"RUBCNL","RUBCNL",0.64442235705315,2.16995301043412e-07,4.08316051557454e-08,527.851552003052,5.48721672822993
"LCNL1","LCNL1",1.69962405526662,2.17846016356215e-07,4.10091930155338e-08,9.6421840703778,5.48644978319183
"AP006284.1","AP006284.1",1.65248844278246,2.17846016356215e-07,4.10079315692493e-08,4.98883010860921,5.48645521960896
"IGKV2-30","IGKV2-30",1.86531525392549,2.19184325390208e-07,4.12787456305166e-08,1697.29785353915,5.4852918036937
"KCNK9","KCNK9",1.22491016422018,2.20810440462683e-07,4.15968225194417e-08,7.99201873479265,5.48393476098222
"RNA5SP283","RNA5SP283",0.785298403918058,2.21292513283536e-07,4.16935657211324e-08,10.4716614360162,5.48352401102923
"SIDT1","SIDT1",0.574617317969191,2.2624171045487e-07,4.26805959679753e-08,158.636539700269,5.47938532600155
"LAIR1","LAIR1",0.713406584217813,2.28912432551239e-07,4.32150952430412e-08,3736.01337916301,5.47718270524758
"AC011445.1","AC011445.1",0.663376921736219,2.29179399605283e-07,4.3271634890508e-08,15.7951431767886,5.47695125748366
"BTF3P7","BTF3P7",1.61178525852022,2.2926299828706e-07,4.32997046037426e-08,1.90417467444427,5.47683646165729
"IGHV5-10-1","IGHV5-10-1",2.20469736720199,2.30894146557379e-07,4.36139574318656e-08,2708.13343617635,5.47555617444191
"CLEC11A","CLEC11A",0.664000589932555,2.45496950577471e-07,4.65433224094041e-08,1138.78125212774,5.46403442145565
"NFKBIE","NFKBIE",0.624899337301956,2.46193284015265e-07,4.66885315826714e-08,872.837206046553,5.4634817399553
"AL161725.1","AL161725.1",0.791321143648998,2.48183099997557e-07,4.71190806361409e-08,18.4014646789,5.46185276598916
"RALGPS2","RALGPS2",0.800929977592749,2.54269875471366e-07,4.834963176112e-08,824.918969270093,5.4572753364787
"AC020659.1","AC020659.1",1.70732018995048,2.55583347589893e-07,4.86199332285251e-08,8.52841584888695,5.45628500233071
"AC093525.8","AC093525.8",0.701552789964078,2.60777194248119e-07,4.96918094872497e-08,24.2589444598535,5.45240969132133
"TRAV38-2DV8","TRAV38-2DV8",1.08535104832891,2.63268030902745e-07,5.01876065662736e-08,12.8643680124198,5.45064449425417
"AC087045.2","AC087045.2",0.764627851123513,2.65624614226876e-07,5.06510832315911e-08,4.99474165706979,5.44900958754135
"SHISA8","SHISA8",1.92933322711577,2.65793011080206e-07,5.06974371267044e-08,11.4402874070971,5.44884687330377
"AC134981.1","AC134981.1",2.17383328785741,2.67711647191567e-07,5.10777440090868e-08,212.527613518346,5.44751731606515
"IGHV1OR15-4","IGHV1OR15-4",2.17383328785741,2.67711647191567e-07,5.10777440090868e-08,212.527613518346,5.44751731606515
"IGHV7-34-1","IGHV7-34-1",3.00422634020459,2.77340076694127e-07,5.29965283332666e-08,30.2025863532933,5.44095221904682
"AL671883.2","AL671883.2",0.762102637830439,2.9486657685755e-07,5.66063559516745e-08,37.8946233403285,5.42920272455206
"TWISTNB","TWISTNB",0.697269847420723,3.02809408215982e-07,5.82447483209424e-08,2882.99978769236,5.4241077279742
"SGMS2","SGMS2",0.537004772729593,3.03277310600616e-07,5.83591255990576e-08,2447.1733821631,5.42375724753158
"IGHV3-75","IGHV3-75",2.77358486385002,3.03816520440101e-07,5.84710250065976e-08,15.5584691561906,5.42341500343778
"CD37","CD37",0.695587269481479,3.04761579346855e-07,5.86692374034015e-08,3365.01280055933,5.42281032608409
"B3GNT7","B3GNT7",0.686002852400736,3.07205754802869e-07,5.91562243058763e-08,947.323111139309,5.42133306331791
"COL4A4","COL4A4",1.01806769845632,3.0938675567661e-07,5.96010710102303e-08,126.926501707435,5.41999389413651
"FLT1","FLT1",0.626617040532583,3.10372916531304e-07,5.98159951935715e-08,2293.57023485941,5.41935035129907
"PARVG","PARVG",0.707260264832072,3.15968438839145e-07,6.0928244094133e-08,1392.64599916043,5.41605535817045
"PTPN7","PTPN7",0.927222124179855,3.16480310453388e-07,6.10354278767379e-08,659.062609903866,5.41574091544466
"PRC1","PRC1",0.636614363508385,3.17260788626631e-07,6.12114497468149e-08,414.102028572276,5.41522568286372
"SLC7A5","SLC7A5",0.800519097586047,3.20451759738696e-07,6.1852864913259e-08,1267.89362274654,5.41336026970812
"C5AR2","C5AR2",0.60927461001805,3.21183330187939e-07,6.20163753567999e-08,912.089131265309,5.41288773409087
"TRBJ1-3","TRBJ1-3",1.66077779780574,3.2477342444188e-07,6.27479346153953e-08,2.01964897301457,5.41078824555391
"PCSK1","PCSK1",1.10132515712799,3.31018990597242e-07,6.40078250714117e-08,486.206868726219,5.40722748666943
"SLC7A7","SLC7A7",0.71717556658221,3.33727322243364e-07,6.45577000911291e-08,3851.76911212699,5.40569464334728
"LINC00494","LINC00494",1.01293477026953,3.3394017526677e-07,6.46532086509037e-08,16.4225798416075,5.40542969159039
"SLC2A9","SLC2A9",0.503571932386644,3.3394017526677e-07,6.46497539406324e-08,320.423814989989,5.40543926874324
"SPIB","SPIB",1.27196466822847,3.34374589652607e-07,6.47462733279583e-08,386.009966187437,5.40517188395094
"AC009948.3","AC009948.3",0.536486341211968,3.49706268519299e-07,6.7883661962391e-08,16.4339451956307,5.39668434319996
"LOXL3","LOXL3",0.548917778237738,3.53806852442797e-07,6.87460090002186e-08,696.914405838284,5.39441800923461
"IGKV3-11","IGKV3-11",1.83555255829615,3.54636845802589e-07,6.89167816790231e-08,10669.4916894351,5.39397247013328
"AC243772.2","AC243772.2",0.867627889462498,3.65336681412527e-07,7.10646064639752e-08,16.0634845578973,5.38845840139089
"AL354714.1","AL354714.1",0.754214919866275,3.65648325182247e-07,7.11350236891005e-08,22.0203730245336,5.38828036624597
"SMIM35","SMIM35",0.690824534892611,3.77867510201518e-07,7.36033223257786e-08,10.6928720454082,5.3821452774463
"GPR84","GPR84",1.17132768876827,3.78194596536027e-07,7.36771672002103e-08,170.799779886469,5.38196481808148
"MELK","MELK",0.907672858032984,3.80562254524576e-07,7.41893996710023e-08,119.327766279432,5.38071784443551
"KIAA0895L","KIAA0895L",0.514472518437091,3.85706625273136e-07,7.53162898210383e-08,164.833065407281,5.3780036505329
"TIAF1","TIAF1",0.537702178854042,3.93975647251186e-07,7.70048588456823e-08,76.6246972579946,5.37400935729787
"LRP1","LRP1",0.545550799829501,3.94330231295469e-07,7.70847297251491e-08,50230.6896805761,5.37382253117388
"CD244","CD244",0.670269637616892,4.00849270042116e-07,7.84235289190989e-08,153.806538952702,5.37071854217619
"AL031728.1","AL031728.1",0.974352804197496,4.02504865346142e-07,7.87690040052575e-08,15.3953327352202,5.36992589281467
"BTK","BTK",0.611377396786228,4.03198164086286e-07,7.8915483445873e-08,1107.09847422703,5.36959082994804
"TRAV25","TRAV25",1.12388251221946,4.080221075591e-07,7.99361693988194e-08,6.05275596753125,5.36727265744071
"SPATC1","SPATC1",1.01574308642548,4.10901980982453e-07,8.05554160932563e-08,12.5339913898554,5.36588016094284
"TCAF2P1","TCAF2P1",0.792919893799723,4.168023269716e-07,8.17679885884322e-08,37.9294402928731,5.36318322404165
"RUNX2","RUNX2",0.547764277350153,4.18038047981149e-07,8.20440131142168e-08,365.090484944015,5.36257471880346
"TRAV8-1","TRAV8-1",1.20002237392759,4.1812432620981e-07,8.20721489112094e-08,6.46441647624831,5.3625128038784
"SLC6A6","SLC6A6",0.507791043466661,4.24593585408247e-07,8.34189061520178e-08,4257.88192790981,5.35957294723129
"CRLF2","CRLF2",0.945730230167243,4.29373858911078e-07,8.44413397745978e-08,10.5717433775871,5.35737159148311
"TRAV26-1","TRAV26-1",1.13157413522619,4.29530548537909e-07,8.44868958643985e-08,10.9866810519261,5.35727410837113
"IGKV1D-33","IGKV1D-33",2.25635811525003,4.342229675267e-07,8.55113150422325e-08,99.4055511275901,5.35509534267669
"IGHV4-61","IGHV4-61",2.01884884708807,4.35505913478511e-07,8.5775633523043e-08,1703.60389295072,5.35453728403291
"SLC38A5","SLC38A5",0.71432940079099,4.36154688102853e-07,8.59501575703047e-08,598.445070269578,5.35416972134127
"TNFRSF13B","TNFRSF13B",1.18329510341205,4.42011840782651e-07,8.71872885845692e-08,48.0792606812641,5.35158474736889
"KYNU","KYNU",0.77326668042183,4.72548186739728e-07,9.34638350216401e-08,2134.62198866996,5.33899380985399
"MYBPC2","MYBPC2",1.6546348635095,4.80790508128021e-07,9.52099950586555e-08,33.6995021259875,5.33563645503
"C1GALT1","C1GALT1",0.553690791821806,4.81755428675828e-07,9.54139841055574e-08,2582.24428180125,5.33524813913312
"IGKV3D-20","IGKV3D-20",2.07101203220922,4.91586845428357e-07,9.74665127714771e-08,571.970737304202,5.331385042161
"IGLV8-61","IGLV8-61",2.0098023977438,4.96955136620168e-07,9.85841393118379e-08,1532.49273831217,5.32931452670964
"NLRP4","NLRP4",1.98970432241315,4.98657619390159e-07,9.89753140005438e-08,2.60901840727005,5.32859520089225
"AC092145.1","AC092145.1",1.19702190495657,5.04652495065283e-07,1.00232804059667e-07,3.94987842709264,5.32630132023484
"SERPINA1","SERPINA1",0.855887979111149,5.10539897479953e-07,1.01552613640146e-07,7840.56012382483,5.32392352667925
"FOXM1","FOXM1",0.822528255975193,5.14617620457086e-07,1.024188753518e-07,319.401795936322,5.32237905837622
"COL18A1","COL18A1",0.67315519831596,5.26561676912113e-07,1.04965272786917e-07,15427.5191791278,5.31791119739851
"FCER2","FCER2",1.21052853257653,5.29695738286507e-07,1.05675172608883e-07,102.167475220664,5.31668431614091
"DEPDC1","DEPDC1",0.91405596892518,5.53608866837561e-07,1.10876035678021e-07,84.9182138182616,5.30793192203446
"AGRN","AGRN",0.66701474763857,5.57114003156043e-07,1.116618524171e-07,5016.25095655077,5.30664416697154
"MYADML2","MYADML2",1.92881746909717,5.68968411324947e-07,1.14119913382594e-07,2.57490009299267,5.30267191087087
"TRGV1","TRGV1",1.29687473358427,5.90866245520375e-07,1.18686178567271e-07,2.40915888531291,5.29550772129359
"TNFSF15","TNFSF15",0.969215534410703,6.03260472673014e-07,1.21369742231376e-07,613.799794103005,5.29142080962693
"AC008750.1","AC008750.1",1.7365958859528,6.03966241035395e-07,1.21527917642628e-07,1.54494245272691,5.29118265447606
"JAKMIP1","JAKMIP1",0.961829359937681,6.05206749841309e-07,1.2180995913533e-07,49.9400480649352,5.29075874486024
"IPCEF1","IPCEF1",0.674562230117593,6.21422272947886e-07,1.25306755250269e-07,145.752411825635,5.28558049677763
"TTC24","TTC24",1.33564231716301,6.22237439307922e-07,1.25521144617243e-07,11.6020354460721,5.28526758285075
"CCDC78","CCDC78",1.17897310510823,6.42391506834263e-07,1.29913755421189e-07,9.4937690456002,5.27896762299906
"IGHV1OR16-4","IGHV1OR16-4",2.72478284424712,6.48359263733173e-07,1.31138013608813e-07,24.6048033454296,5.27724848174895
"UNC5A","UNC5A",0.930214823409363,6.54235715656223e-07,1.32431766786774e-07,29.8855424407624,5.2754485451819
"LAP3","LAP3",0.52029129908697,6.59001598489234e-07,1.33484770371583e-07,9804.49532178289,5.27399606470081
"GABBR1","GABBR1",0.557722602387299,6.62254252027292e-07,1.34196846665124e-07,400.907086291677,5.27302011740631
"PCDHGA10","PCDHGA10",0.588966164823734,6.66231503972017e-07,1.35142604784156e-07,366.19454414647,5.27173161046858
"RASGRP1","RASGRP1",0.804781765549976,6.6860716748296e-07,1.35681233730299e-07,323.604997521964,5.2710016719895
"CCNE2","CCNE2",0.609570807551176,6.79250656377539e-07,1.37950324875861e-07,61.1040510199723,5.26795711207649
"EZH2","EZH2",0.637356744471627,6.81649134619629e-07,1.38455699958508e-07,239.833629671499,5.26728562241615
"SCIMP","SCIMP",0.822532426800335,7.20996095985893e-07,1.46853476989651e-07,673.994536778692,5.25646153117882
"IRF5","IRF5",0.570644376999935,7.30944213397061e-07,1.49075566068602e-07,1237.36939246925,5.25369760900961
"RASSF5","RASSF5",0.523741211366982,7.49534215327055e-07,1.53047725397409e-07,1933.39200428831,5.24885470127968
"AL357033.3","AL357033.3",0.605086206523997,7.65634276386983e-07,1.56437772733358e-07,25.7808035660807,5.24481670298234
"TDRD9","TDRD9",0.864970611206982,7.73379047337529e-07,1.58206709707742e-07,106.045102382731,5.2427431391921
"PLXNA3","PLXNA3",0.501161274989402,7.80840938448545e-07,1.59795919081263e-07,833.281464675415,5.24089928418058
"GAL3ST4","GAL3ST4",0.663028367017213,7.97659885919459e-07,1.6339064504327e-07,1156.17882388655,5.23679313853171
"TYMP","TYMP",0.721069255383421,7.99248946813982e-07,1.63755772480415e-07,20247.6946763908,5.23638096312071
"ERCC6L","ERCC6L",0.518357937657423,8.01881935293153e-07,1.64358821251842e-07,48.9157741556512,5.23570215129367
"APOBEC3D","APOBEC3D",0.559726701293665,8.38935538188263e-07,1.72359073676489e-07,192.197338827808,5.22691780625881
"TIMD4","TIMD4",1.05396784502222,8.40964418817401e-07,1.72820970777522e-07,2665.80771457408,5.22642275377978
"PCDHGA12","PCDHGA12",0.721052401739662,8.45701460505858e-07,1.73839766497895e-07,719.572092201466,5.22533533515265
"NETO2","NETO2",0.679564103029066,8.46181654351955e-07,1.73961145509272e-07,194.007755102025,5.22520619141534
"RNF207","RNF207",0.603794719641275,8.50969465215362e-07,1.75082242139934e-07,54.7012748491813,5.22401747866334
"CSGALNACT1","CSGALNACT1",0.529681707822453,8.54784273177224e-07,1.76004531773088e-07,4464.14968683058,5.22304506766791
"AC018529.2","AC018529.2",0.812944131332853,8.55697053376245e-07,1.76215404770512e-07,54.9674747788776,5.22282342691058
"CYFIP2","CYFIP2",0.56555078217567,8.67865583291746e-07,1.7888406431057e-07,1096.99348059477,5.22004044121739
"IGKV3D-11","IGKV3D-11",2.00697362610667,8.81115189372414e-07,1.81851145506409e-07,129.509250310518,5.21699298355523
"AC034199.1","AC034199.1",1.19018232609738,8.94408883624598e-07,1.84834437729993e-07,7.08301824970582,5.2139769575674
"PDCD1","PDCD1",1.17365657791361,8.95466296206874e-07,1.85076950109579e-07,259.002836626074,5.21373385642232
"IGLV2-33","IGLV2-33",3.2619480267081,9.01571200571535e-07,1.86387037044449e-07,3.63032190534875,5.21242589035608
"POSTN","POSTN",1.04002785835279,9.07781769757955e-07,1.87743950935392e-07,15989.9847549152,5.21108050907625
"STXBP2","STXBP2",0.580250293306278,9.10528959262066e-07,1.88360905995295e-07,2309.32736489931,5.21047190318888
"ARAP1-AS2","ARAP1-AS2",0.996324367530162,9.40386492067525e-07,1.95016248656395e-07,4.63492449964776,5.20402643369358
"IGKV1D-37","IGKV1D-37",2.35747321509862,9.55401799392229e-07,1.98462882155452e-07,58.3766305160416,5.20077158763881
"TBC1D27P","TBC1D27P",1.56655990655095,9.57892250143714e-07,1.99082876091546e-07,11.0851466683494,5.2001918965811
"PSTPIP1","PSTPIP1",0.519065781588437,9.81209086072304e-07,2.04210274701259e-07,937.210588114033,5.19546361569648
"IGKV6D-41","IGKV6D-41",2.5836799748825,9.82254167634711e-07,2.04488248064778e-07,2.39028362722604,5.19521057008016
"TCF7","TCF7",0.82151599895862,1.00294912434853e-06,2.09145916319819e-07,725.51497337159,5.19101932367276
"LIPG","LIPG",0.785332446589623,1.00741382650589e-06,2.10130928364503e-07,120.144658721226,5.19014451590373
"ASPDH","ASPDH",0.840424423060037,1.01014703335307e-06,2.10728098000884e-07,8.33303944175881,5.18961608583162
"ZBP1","ZBP1",1.04753203825864,1.02826934715644e-06,2.14949426533626e-07,277.833810903108,5.18592142674303
"MIR3176","MIR3176",1.48849163732088,1.05650831386372e-06,2.21248800502608e-07,1.18134306203441,5.18053635481846
"CCL24","CCL24",1.42386045258871,1.07190267680261e-06,2.24616210788875e-07,102.299429408288,5.17771816205208
"TRAV13-1","TRAV13-1",0.926657438978615,1.07191865596105e-06,2.2464827926285e-07,24.7048678028815,5.17769152061112
"HAVCR2","HAVCR2",0.722886742237117,1.08852404167304e-06,2.28274192165015e-07,3459.07324980874,5.17470268017882
"MCTP2","MCTP2",0.567339687917757,1.08858345243519e-06,2.2831581774409e-07,301.365418419771,5.17466863523661
"RNASET2","RNASET2",0.558175723947703,1.10539269868265e-06,2.32048650809917e-07,5272.92424832011,5.17163973216415
"IGHGP","IGHGP",1.78544337771547,1.11927104320954e-06,2.35171972265069e-07,428.671606987379,5.16914135771451
"AC134669.1","AC134669.1",0.699860272860849,1.14983160178852e-06,2.41931987483462e-07,39.7394920986225,5.16384195619888
"AC010616.1","AC010616.1",0.975638722632641,1.1563631723558e-06,2.4339921983836e-07,10.9997627027256,5.16271065507777
"IGHJ3P","IGHJ3P",1.92887739069362,1.15857931052258e-06,2.43927771671259e-07,37.9699491550017,5.16230473173259
"ATP6V0D2","ATP6V0D2",1.17551512876903,1.16977272350486e-06,2.46378463131896e-07,23.4330770198225,5.16043365651711
"CD3E","CD3E",0.831854902529625,1.17267894238874e-06,2.47116252227513e-07,1094.41538994754,5.15987388318941
"PKMYT1","PKMYT1",0.86496982181613,1.1778114099225e-06,2.48324035706673e-07,122.211877218135,5.15896099247199
"TNFAIP6","TNFAIP6",0.98398030795363,1.21530451347209e-06,2.5671732669437e-07,6342.75098086576,5.15273301702002
"BTN1A1","BTN1A1",1.08161681540617,1.21943997618337e-06,2.57623562205768e-07,8.5194905519322,5.15207237882531
"TMEM217","TMEM217",0.639890210939899,1.2385287297049e-06,2.61921797914444e-07,51.878419333517,5.14896926040721
"CCNB1","CCNB1",0.626656566081673,1.2561846538911e-06,2.65958554645862e-07,324.94606949881,5.14609938554111
"TRBV20-1","TRBV20-1",0.946331652877237,1.27359242830374e-06,2.69951228473351e-07,82.7713578063781,5.14330194169496
"IGKV1D-17","IGKV1D-17",2.13964911084574,1.2912773258623e-06,2.74080298354396e-07,22.4063271047103,5.14045065523182
"RAD51","RAD51",0.691766930449923,1.29292579799577e-06,2.74499478158736e-07,110.188032466031,5.14016351832315
"ACOXL","ACOXL",0.824507268785228,1.32601338217689e-06,2.8202165495057e-07,44.5182262012264,5.13508158496171
"AC093010.2","AC093010.2",0.783152980904276,1.34021788141665e-06,2.85365900480083e-07,10.3745396189597,5.13286414049099
"OGT","OGT",0.528823043650147,1.36291242419458e-06,2.90599819728867e-07,2342.2103194461,5.12944359909869
"AC087741.1","AC087741.1",0.8962179784989,1.38023589038431e-06,2.94515409560343e-07,40.4052730358175,5.12692331192357
"IGKV4-1","IGKV4-1",1.69279763256615,1.39598529542532e-06,2.98025636576613e-07,26137.3175486365,5.12469129302457
"CYTIP","CYTIP",0.710082270207265,1.40513591468501e-06,3.00242716813036e-07,1795.00883463079,5.12329457995346
"AC026369.2","AC026369.2",0.797088089304004,1.42231698223538e-06,3.04104426713777e-07,35.1996637137242,5.12088539696412
"TRAV6","TRAV6",1.10483893554162,1.44013197754055e-06,3.08183535745154e-07,6.96127900413591,5.11837245810351
"IGKV3-15","IGKV3-15",1.77312835532067,1.44017330229237e-06,3.08230965857821e-07,15141.1867128815,5.11834342803535
"IGHG1","IGHG1",1.93779620112863,1.45002763010585e-06,3.10534277722478e-07,327736.037091998,5.11693882867181
"FCGR2B","FCGR2B",0.665405676500972,1.46365521707861e-06,3.13570375258167e-07,6009.36852097002,5.11510265412477
"IGHV1-69-2","IGHV1-69-2",2.36663659233287,1.47361372518095e-06,3.15782830265446e-07,174.373707181716,5.11377538313384
"LINC00861","LINC00861",1.04307282106071,1.48243541190216e-06,3.17752680524536e-07,68.4697749862486,5.1126011866176
"CORO7-PAM16","CORO7-PAM16",1.14911815305184,1.50651702583053e-06,3.23439191061277e-07,22.741228500899,5.10925055965514
"KCNN4","KCNN4",0.709694485957303,1.56762491246274e-06,3.37188671790877e-07,804.274890285476,5.10137837945084
"AURKA","AURKA",0.660722608157229,1.59792382418769e-06,3.4396270405712e-07,156.391060408696,5.09761321613306
"TMEM51","TMEM51",0.730806090075576,1.63388767116149e-06,3.52054353923338e-07,1027.48687803286,5.09320839827339
"ITGAD","ITGAD",0.890272646325499,1.64994964555187e-06,3.55692062484537e-07,18.0392742381578,5.09125990741964
"AC007620.2","AC007620.2",1.00130606372389,1.65784089149508e-06,3.5748207525527e-07,92.381500703534,5.09030816071927
"AL627309.7","AL627309.7",1.521127146066,1.66812639923936e-06,3.59968116696777e-07,3.71619300893466,5.08899393909428
"HNRNPA1P70","HNRNPA1P70",1.51269122126068,1.66816750964035e-06,3.60066378845823e-07,3.73045047017902,5.08894217391909
"AC004771.5","AC004771.5",1.10626524932365,1.66816750964035e-06,3.60066022534713e-07,2.39600070853685,5.0889423616016
"CELSR1","CELSR1",0.667643474635253,1.6899114289331e-06,3.65167207200531e-07,743.665155587221,5.0862735757503
"TRAV14DV4","TRAV14DV4",1.09190197726169,1.70558648191346e-06,3.68828564036212e-07,10.9448814277468,5.08438015419
"DNAH1","DNAH1",0.738191804712909,1.71635580779858e-06,3.71433321533348e-07,191.412329015096,5.08304415008269
"TRAV19","TRAV19",0.952989378505359,1.7361496257771e-06,3.75949448745561e-07,22.1798401983685,5.08074907227844
"AL732372.2","AL732372.2",0.679042471731822,1.80379170946755e-06,3.91805036804476e-07,83.7201052100817,5.07289678648152
"FAM91A2P","FAM91A2P",1.59816423152592,1.82300347610392e-06,3.96271125087241e-07,3.11837205622454,5.07074034219843
"BTLA","BTLA",0.974194831915446,1.84710260932339e-06,4.02004514522785e-07,127.99719493331,5.06800610519497
"TRAC","TRAC",0.780044291024419,1.87924146810616e-06,4.09754496354739e-07,1621.27371777501,5.06436936840583
"HLA-H","HLA-H",0.817014630744029,1.88575227065997e-06,4.11275178393273e-07,2497.51016144227,5.06366357263953
"TNFRSF14-AS1","TNFRSF14-AS1",0.589707733116548,1.88995047229115e-06,4.12292065091084e-07,76.5291694307652,5.0631930074171
"AC243962.1","AC243962.1",0.943859498576484,1.90663805956278e-06,4.16085711093397e-07,15.003917457139,5.06144732080513
"AC018653.3","AC018653.3",0.747877764337748,1.91812342990114e-06,4.18746341581182e-07,23.9205561349402,5.06023214131754
"ARHGAP9","ARHGAP9",0.59208456808981,1.95430558104685e-06,4.27278065475323e-07,1083.51526901139,5.05638511615669
"IGHJ2P","IGHJ2P",1.99854326855294,1.98618014973698e-06,4.34721368678869e-07,3.19081166669802,5.05308892507637
"AL390066.1","AL390066.1",0.678237381962372,2.07814364221449e-06,4.56130340996735e-07,18.8517730820979,5.0439031066764
"BLK","BLK",1.21256947605501,2.10527225615993e-06,4.62400292884791e-07,202.419291498047,5.04129157602012
"TREM1","TREM1",0.826704970078338,2.10527225615993e-06,4.62423223106372e-07,5366.34938231937,5.04128208806591
"AL844908.1","AL844908.1",0.790346023148071,2.13835414737533e-06,4.7037718162933e-07,7.9745644413289,5.03801801436969
"SAMSN1","SAMSN1",0.739457146636316,2.14390073651588e-06,4.71712157336453e-07,1010.92263741506,5.03747540220578
"C1RL-AS1","C1RL-AS1",0.554886957106878,2.15820705399823e-06,4.75242353746199e-07,98.9265441033371,5.03604762973257
"AP002807.1","AP002807.1",0.729814377820555,2.17279079753758e-06,4.78825504641818e-07,32.8780111785346,5.03460886270008
"AC006058.1","AC006058.1",2.15640409035736,2.2680032363138e-06,5.00901606969821e-07,11.101552763603,5.02596716037203
"HLA-C","HLA-C",0.673157055756045,2.27983468174036e-06,5.0375898562047e-07,40080.5518186345,5.02487559340648
"MIXL1","MIXL1",1.30442827926781,2.28570554180992e-06,5.05239951770539e-07,51.6906901971831,5.02431218638894
"CDC20","CDC20",0.858376446569627,2.2997274612817e-06,5.08585871055895e-07,231.595909498672,5.02304513268129
"SLC28A3","SLC28A3",1.28336469398461,2.37885364590776e-06,5.27168194017178e-07,130.297523778411,5.01615130297453
"LAT2","LAT2",0.538156937858583,2.42788800572557e-06,5.38750059304429e-07,1407.79414202682,5.01197213893843
"IGHV7-56","IGHV7-56",2.68705925949561,2.44319920297061e-06,5.42605851443436e-07,22.0923782721793,5.01060002924051
"IGHV3OR16-16","IGHV3OR16-16",2.18143142422483,2.44729110023837e-06,5.43645754952076e-07,2.59408227187957,5.01023158214323
"AF131215.5","AF131215.5",0.640343850408243,2.46223716164923e-06,5.4716381369983e-07,37.4377335231624,5.00899012099071
"AC138035.1","AC138035.1",1.15650346928612,2.52144367841997e-06,5.61199063222e-07,19.4058164182498,5.00411274410161
"CD28","CD28",0.704266636946214,2.54520548110368e-06,5.6689690444002e-07,675.393990750548,5.00216617847133
"KIF19","KIF19",0.734790969442281,2.5468596446756e-06,5.67401815113405e-07,94.1759766161,5.00199459559502
"RTEL1-TNFRSF6B","RTEL1-TNFRSF6B",0.674731595130146,2.5667409363103e-06,5.72312463413292e-07,136.993152310704,5.00033345444451
"FAM169A","FAM169A",0.750030698199424,2.59865837314684e-06,5.79846929013393e-07,19.5965769381053,4.99781127196692
"ACTG1P22","ACTG1P22",1.80684597502222,2.66235284965509e-06,5.95343270455789e-07,9.84065269788899,4.99272165577014
"ZC3H12A","ZC3H12A",0.550611647435592,2.6865786858493e-06,6.01048469491779e-07,530.938583669408,4.99087994867683
"CD300LB","CD300LB",0.678484764915963,2.71744604641702e-06,6.08609476783748e-07,260.298188663897,4.98846495901348
"CRISPLD2","CRISPLD2",0.653573258446765,2.72680703617629e-06,6.10779059090475e-07,4215.11851785319,4.98777733200784
"AC021106.1","AC021106.1",0.55292575012127,2.73181754599845e-06,6.12047753922221e-07,15.3535138841485,4.98737632219525
"C5orf66","C5orf66",0.574740521804963,2.74190839046714e-06,6.14602405879701e-07,42.7480190386042,4.98657127150193
"MTFR2","MTFR2",0.556614413069058,2.75326636051769e-06,6.17295847193742e-07,51.6998383557051,4.98572596940824
"TOX","TOX",0.716622793714906,2.80993835906426e-06,6.30679571145977e-07,217.92211981897,4.98157768107489
"DAPP1","DAPP1",0.607412127577051,2.85191388432213e-06,6.40635693973065e-07,660.522513328919,4.9785464510232
"MEF2B","MEF2B",1.13384152008066,2.89146402569125e-06,6.50217227115363e-07,155.099961987171,4.97567183834687
"TK1","TK1",0.742224304564387,2.89457370236709e-06,6.50994069546107e-07,554.920596566488,4.97544056553001
"NUF2","NUF2",0.747638158093983,2.89849183574117e-06,6.51952923426497e-07,81.034421670042,4.97515547277014
"SIRPG-AS1","SIRPG-AS1",1.16616932312917,2.92180552473597e-06,6.57431685468282e-07,3.07858124827738,4.97353420139011
"AL627309.5","AL627309.5",0.704497950040831,2.94296599952794e-06,6.62429530370929e-07,111.139598858243,4.97206655903117
"APCDD1L","APCDD1L",0.953606172945653,2.94320484179166e-06,6.62562148828699e-07,477.90058220806,4.97202776045538
"CD40LG","CD40LG",0.805679205900867,2.94813497364169e-06,6.63750989564373e-07,104.994925319212,4.97168028958404
"AC012313.10","AC012313.10",1.00794096195705,2.97006789266895e-06,6.6900733525354e-07,5.97312026905811,4.97015113344595
"APLNR","APLNR",0.671729963625891,3.00320751892642e-06,6.77161107014203e-07,4363.88789067932,4.96780182832016
"TRAV23DV6","TRAV23DV6",1.06303228272063,3.01151536652018e-06,6.79450462136297e-07,10.7164379077084,4.96714710867574
"ADAMTS12","ADAMTS12",0.75375160235167,3.02215939523256e-06,6.82198454165912e-07,559.418340492273,4.96636402748744
"PRAM1","PRAM1",0.760129767689686,3.08358421382803e-06,6.97138054183237e-07,238.168008818798,4.96215923245303
"IGKV1OR2-6","IGKV1OR2-6",2.56800639666852,3.102082672839e-06,7.01569537321063e-07,8.24227837121554,4.96092866819301
"ATG16L2","ATG16L2",0.557726106629337,3.11795455254163e-06,7.0540975381565e-07,469.957173319785,4.95986833300311
"SEZ6L","SEZ6L",0.682914855362841,3.15804093327427e-06,7.15240468584182e-07,62.9596684880035,4.95717907854543
"TNFSF8","TNFSF8",0.583238971626441,3.23803723324568e-06,7.34572817133971e-07,592.801586372751,4.95199290903078
"FGD2","FGD2",0.582459547762106,3.27147292286178e-06,7.42946828877005e-07,1283.42604820902,4.94978716434897
"GLULP5","GLULP5",1.00165488325958,3.28228591506376e-06,7.45825190923684e-07,5.2635833669892,4.94903452153565
"IGHV1-69D","IGHV1-69D",1.72669417490975,3.2987103119375e-06,7.49839463239228e-07,6727.47801241077,4.94798951679973
"IGHV1-3","IGHV1-3",1.81618247745937,3.32235986582297e-06,7.55571378000306e-07,2779.24960218173,4.94650667535067
"TRAV12-3","TRAV12-3",0.947179578781409,3.34375432680675e-06,7.61153625393193e-07,16.9992682005484,4.94507293217363
"TMEM150B","TMEM150B",0.781176832174464,3.34455236585218e-06,7.61424897587171e-07,240.104990468935,4.94500351703122
"GOLGA8B","GOLGA8B",0.988275427879162,3.35055114545312e-06,7.62880358868811e-07,207.026405564659,4.94463148911681
"AC159540.2","AC159540.2",0.762793890677208,3.55414855897704e-06,8.10951132766619e-07,32.6217497415904,4.93271337494522
"AC008735.2","AC008735.2",1.07328856289032,3.6577534127253e-06,8.3566871233043e-07,9.94835804358195,4.92684762703291
"TRAV5","TRAV5",0.961315599164527,3.68536575460764e-06,8.42668364006688e-07,11.1194978383179,4.92521688442907
"RASSF4","RASSF4",0.615290726736956,3.84827791801259e-06,8.81877690238236e-07,2403.85921977584,4.91631652825032
"TRGV6","TRGV6",1.41377883631981,3.86330137065056e-06,8.85838039011535e-07,1.50297794611733,4.91543883766549
"RAD51AP1","RAD51AP1",0.548827124887872,3.9646385057936e-06,9.10773800302074e-07,148.517041462731,4.90999787475241
"CACNG1","CACNG1",2.36649623089035,4.01187077586927e-06,9.22591615606622e-07,3.77433910725488,4.90746914992913
"FBP1","FBP1",1.11216783569029,4.04990469065481e-06,9.31880649555061e-07,4532.60443017019,4.9055033186042
"HLA-DQB1-AS1","HLA-DQB1-AS1",0.96108361461288,4.12814097562322e-06,9.51099435988106e-07,75.3294851582538,4.90149526283689
"AC135068.8","AC135068.8",1.37473063431683,4.19708908693244e-06,9.68559020061333e-07,106.532711327357,4.89792111264409
"IGHV1OR15-1","IGHV1OR15-1",1.37473063431683,4.19708908693244e-06,9.68559020061333e-07,106.532711327357,4.89792111264409
"KIAA1211","KIAA1211",0.720228503353435,4.25735938129726e-06,9.83151957436461e-07,98.6154466487954,4.89498106197574
"HNRNPA1P21","HNRNPA1P21",1.04826360240663,4.26433115221797e-06,9.84990457982239e-07,5.65782186908906,4.8946136415302
"HLA-DQB1","HLA-DQB1",0.830837337675662,4.27254935629756e-06,9.87003203118654e-07,22996.6202896581,4.89421215488989
"PLA2G7","PLA2G7",1.0024010018909,4.34950051499931e-06,1.00594508601865e-06,238.061985015823,4.89047192068813
"KCNN3","KCNN3",0.577738954358175,4.35484087682124e-06,1.0072968756423e-06,627.922233743543,4.89020759636507
"GRPR","GRPR",0.782511754701406,4.40250178733248e-06,1.01914678462483e-06,7.58297532944579,4.88790501299479
"IGKV1-33","IGKV1-33",1.73155314908318,4.42303148670665e-06,1.02401776589856e-06,12976.6597277223,4.88696598665882
"TRBJ1-4","TRBJ1-4",1.42304576890636,4.46066228167563e-06,1.03332760194431e-06,3.74134208281423,4.88518313958872
"CASQ1","CASQ1",1.21583217045897,4.4711466079701e-06,1.03611571985996e-06,22.8787303515047,4.88465221873581
"NPM1P25","NPM1P25",0.610272131549999,4.75688685063378e-06,1.10730201104698e-06,29.6607807713774,4.87154274255182
"IGHV1-58","IGHV1-58",1.98364958283288,4.75843171528068e-06,1.10778911593585e-06,450.655241587443,4.8714558638429
"AL031595.1","AL031595.1",0.967334423642175,4.97618810872955e-06,1.16221717824922e-06,19.0129735737659,4.86197259232931
"HKDC1","HKDC1",0.789144339493809,5.03569544716253e-06,1.17759959978658e-06,13.3911900185605,4.85936985895917
"AC000068.3","AC000068.3",1.10265715522913,5.08173872954998e-06,1.18918377579213e-06,8.06598918599117,4.85743129905945
"IGLV3-1","IGLV3-1",1.6592143726694,5.08436391175358e-06,1.18993432385305e-06,8737.42591604048,4.8573063257291
"AC013457.1","AC013457.1",1.12624868154575,5.10151947061193e-06,1.19435943343802e-06,8.98938056821479,4.85657104137862
"ST6GAL2","ST6GAL2",0.921720714248707,5.15389101138879e-06,1.207311017672e-06,102.00146470685,4.85443394761664
"SPAG4","SPAG4",1.04898610526699,5.20265759399692e-06,1.22026805395732e-06,270.217918144639,4.85231791161725
"PEAK3","PEAK3",0.580940704868878,5.2242885303653e-06,1.22585261701794e-06,109.269761229049,4.85141254533239
"TRAV8-6","TRAV8-6",0.982219998886072,5.2343458567788e-06,1.2286821544688e-06,12.7484727309021,4.85095533572594
"MSLN","MSLN",0.926649397733191,5.33474099163595e-06,1.25367771180342e-06,22.2570458037218,4.84695987518172
"IGLV3-10","IGLV3-10",1.78947414398896,5.47832746170862e-06,1.28976940240692e-06,1511.51270643609,4.84132390641568
"AC120057.4","AC120057.4",1.29867550445839,5.53381969449574e-06,1.30357534908787e-06,2.10435835785954,4.83920804211869
"AC008033.3","AC008033.3",0.768045088515567,5.81056241891542e-06,1.3732811161282e-06,11.0333744799841,4.82884374521912
"PLA2G2D","PLA2G2D",1.39369800805645,5.81246542239801e-06,1.37388661030451e-06,1529.48863807348,4.82875595239896
"AC090695.1","AC090695.1",1.0749076939642,5.8389035305943e-06,1.38060508687658e-06,1.85053837571062,4.82778430513409
"CNGA3","CNGA3",1.62345360068648,5.91896489292603e-06,1.4009628342874e-06,4.40867176987892,4.82486762624069
"TNRC18P1","TNRC18P1",1.05403318163756,5.9894291367056e-06,1.41876438114874e-06,3.25646504324718,4.82235038841531
"AL023653.1","AL023653.1",1.05422511245958,6.02327369718761e-06,1.42791109162489e-06,4.4418338395809,4.82106878080555
"CTLA4","CTLA4",1.10284997840265,6.15333249083084e-06,1.4603922300935e-06,84.0682199360849,4.81658055580082
"AANAT","AANAT",0.909191712602555,6.17384887247677e-06,1.4665847896305e-06,7.05434071027083,4.81573577798355
"VEGFA","VEGFA",0.618657525763948,6.3920948415549e-06,1.52185394427181e-06,1644.82224160242,4.80834442863057
"IL21","IL21",1.40071341074138,6.40991599778195e-06,1.52644035549891e-06,29.0583411877492,4.8077427189359
"AL513190.1","AL513190.1",0.897590973908923,6.50505769955664e-06,1.55293154631326e-06,4.31071542918582,4.80430088338447
"HLA-DQA1","HLA-DQA1",0.92372362539185,6.50799331691644e-06,1.5538067263361e-06,22839.7191918399,4.80418814239508
"AC093583.1","AC093583.1",0.948834664297498,6.5156812306607e-06,1.55599139428446e-06,15.7255649919678,4.80390697890041
"UBASH3A","UBASH3A",0.840987905977647,6.56735660108994e-06,1.56868376332869e-06,114.440251645777,4.80228095916041
"MMP13","MMP13",1.53562732136617,6.57796617858138e-06,1.57157046363932e-06,645.432441111766,4.80191290963038
"EOMES","EOMES",0.820298668284774,6.62593629958575e-06,1.58338627270062e-06,182.138661478614,4.80041315674799
"GJB2","GJB2",1.01997654641755,6.86039439317573e-06,1.64290665504393e-06,2453.17636643889,4.79301825910892
"AC239798.2","AC239798.2",0.948883275443461,6.96027088158574e-06,1.6688761385556e-06,24.6812998293476,4.7898721469875
"VENTX","VENTX",0.611793402771736,7.04199446254848e-06,1.68979188185795e-06,192.763112698257,4.78737230223062
"GREB1","GREB1",0.546205069518719,7.1467651580829e-06,1.71665593982834e-06,214.394897489305,4.78420478872457
"MMP11","MMP11",0.806065629272716,7.15844901262009e-06,1.72003779827926e-06,492.850318985538,4.78380941822057
"IGLV3-25","IGLV3-25",1.642842037362,7.16227488129889e-06,1.72134088056295e-06,4389.91010961986,4.78365727522113
"CCRL2","CCRL2",0.608546849404861,7.22637143839979e-06,1.73732633809612e-06,397.327821297097,4.78179982768415
"AP003557.1","AP003557.1",1.42581452266733,7.22989386395454e-06,1.73856060415808e-06,1.41383057920565,4.78165709463381
"HTR7","HTR7",0.52722848316208,7.30916913828871e-06,1.75840714017347e-06,76.7817065472042,4.77937527539819
"CCL22","CCL22",0.898853691161741,7.34050289906678e-06,1.76653530100522e-06,100.016297147638,4.77844789120313
"MICAL2","MICAL2",0.548180282319031,7.34050289906678e-06,1.76642322620264e-06,2949.1712048111,4.77846065049694
"CACNA1E","CACNA1E",0.856578148904752,7.41161130732977e-06,1.78483944029901e-06,11.5640351334192,4.77637440210604
"AC025580.1","AC025580.1",0.929757646057316,7.46502334312227e-06,1.7987020047879e-06,6.69035045660126,4.77481760714299
"CCR8","CCR8",0.961624340240297,7.68703182057525e-06,1.85528447980446e-06,8.60960783968686,4.76858059665734
"KLHDC7B","KLHDC7B",0.97408742267194,7.81081571047178e-06,1.88747954447248e-06,254.545493543152,4.76511287779872
"IGHV3-62","IGHV3-62",2.05212516944453,7.84725753028438e-06,1.89773990484009e-06,92.3891544141319,4.76401967299084
"AL928742.1","AL928742.1",1.52757791176693,7.85276506170387e-06,1.89949261787805e-06,48.4358533430297,4.76383349573882
"TBX21","TBX21",0.724712400550099,8.02558678684859e-06,1.94366152148339e-06,108.059656944498,4.75919545316435
"MXRA5Y","MXRA5Y",1.13269469750354,8.27298720466961e-06,2.00756758869042e-06,96.2887142796267,4.75266103461278
"AC245884.11","AC245884.11",0.807918621910997,8.28524350123335e-06,2.01142971799361e-06,7.70697062327059,4.75227256112123
"FASLG","FASLG",0.798307159031501,8.37710365745037e-06,2.03549389185779e-06,58.2016366461938,4.74986807943602
"IGKV2-4","IGKV2-4",2.41652371442724,8.4577266681963e-06,2.05602320447298e-06,2.84852491180131,4.74783828582482
"S1PR3","S1PR3",0.601688481648985,8.56911527425361e-06,2.08493786151963e-06,3858.87986414252,4.74501218343472
"FGR","FGR",0.64066533438807,8.59501924523179e-06,2.09193137806944e-06,2871.01121447273,4.74433429599889
"SNX29P2","SNX29P2",0.82619867460803,8.63496350906189e-06,2.10257879512243e-06,94.6175845830493,4.74330640109304
"GRAPL","GRAPL",0.739045145200378,8.67380344892744e-06,2.11343055393581e-06,29.4890207439992,4.74226391064905
"IL9R","IL9R",0.914160226651838,8.93470715967644e-06,2.18107110714069e-06,9.29103405841964,4.7358795428634
"TMEM86A","TMEM86A",0.586539716140388,9.05340022641504e-06,2.21271379217528e-06,1041.40979277952,4.73295791621393
"CNTNAP5","CNTNAP5",0.733025178276073,9.27640234280835e-06,2.27144230128675e-06,4.80066679099824,4.72764019183923
"TMPO-AS1","TMPO-AS1",0.500572392718891,9.41354100810301e-06,2.30804902513599e-06,43.4293346813584,4.72439193896203
"TRAV8-2","TRAV8-2",0.938614385922972,9.41710261222883e-06,2.30917458690669e-06,16.7474909447817,4.72429284942494
"CNTNAP1","CNTNAP1",0.529510453929144,9.50203534692258e-06,2.33152854023302e-06,593.119513062769,4.72233445199929
"AC004923.4","AC004923.4",0.732665512634851,9.53635626573452e-06,2.34020542394401e-06,5.27910058779916,4.72157913615791
"AL354919.2","AL354919.2",1.12777253834056,9.69372047287504e-06,2.38282066226843e-06,2.67519977446873,4.71790811200865
"AC007952.6","AC007952.6",1.12897484682571,9.69640515219261e-06,2.38389769516168e-06,14.7939567066797,4.71781615165433
"ADCY1","ADCY1",0.660904684815805,9.74769490627043e-06,2.39781333050582e-06,634.214346779544,4.71663156597936
"IGKV1D-27","IGKV1D-27",1.81189000201549,9.94262168974258e-06,2.45002523056996e-06,84.2426930056525,4.71224503605835
"IGHV3-63","IGHV3-63",1.93068124432696,9.9665862916851e-06,2.45673161009305e-06,117.040446628402,4.71168812276342
"WNT5A-AS1","WNT5A-AS1",0.844085846187032,1.00021036483555e-05,2.46602250012506e-06,8.93372690894641,4.71091899237526
"AL357143.1","AL357143.1",1.16424358177389,1.0145643939799e-05,2.50385891620419e-06,13.654845030517,4.7078152344056
"AL512306.2","AL512306.2",0.98623385761182,1.01645687380474e-05,2.50903915700116e-06,7.14714064062765,4.7073938027537
"WASH5P","WASH5P",0.698390424844311,1.02824638409541e-05,2.54037990186849e-06,515.956268516077,4.7048617924512
"TRPC6","TRPC6",0.522474153398012,1.04087097656626e-05,2.57408008833872e-06,219.828343162512,4.70217240261054
"TRAV29DV5","TRAV29DV5",0.883716730604088,1.04536085787581e-05,2.58574376119537e-06,14.6124264345642,4.7012494689907
"LHX4","LHX4",0.791861818476288,1.0498880014296e-05,2.59834832923539e-06,13.8392209786675,4.7002565650116
"IGKV1OR2-11","IGKV1OR2-11",2.47152696907415,1.05195279833421e-05,2.60402215893948e-06,8.62473336324993,4.69981112646387
"IGKV1OR2-9","IGKV1OR2-9",2.47152696907415,1.05195279833421e-05,2.60402215893948e-06,8.62473336324993,4.69981112646387
"GPR142","GPR142",0.878856382942634,1.08056607354662e-05,2.67919471762731e-06,10.466110958274,4.69399584866372
"AL360181.2","AL360181.2",0.941640532500857,1.08633141469781e-05,2.69523588674589e-06,25.2961346864409,4.69277521289247
"IGKV7-3","IGKV7-3",1.98392151455535,1.08659480221709e-05,2.69618049549407e-06,16.6046200629399,4.69270355143408
"SGK1","SGK1",0.513558289446779,1.10626745544343e-05,2.74677290399868e-06,4711.3962907602,4.68890020695508
"IGKV1-37","IGKV1-37",2.44411596726166,1.11309822380624e-05,2.76522432042747e-06,60.829820747722,4.68752981023419
"LAG3","LAG3",0.617532250157971,1.11362739482869e-05,2.76683729395987e-06,461.96559954435,4.68741043120894
"CDC45","CDC45",0.783130521041208,1.11522294369094e-05,2.77199669067889e-06,69.8450575332821,4.6870290230864
"IGLC7","IGLC7",1.90893673876232,1.1221477044702e-05,2.78950952551362e-06,630.444064841632,4.68573944902693
"KNDC1","KNDC1",0.78132032170195,1.12215203052274e-05,2.7899660144717e-06,45.1814986600462,4.6857059390274
"ASMTL-AS1","ASMTL-AS1",0.780156759549604,1.12610124600792e-05,2.80235468020297e-06,22.2263899474041,4.68479851343837
"CAVIN4","CAVIN4",0.799292598888303,1.1278595181103e-05,2.80733459883842e-06,13.0100277864676,4.68443483640371
"SOX30","SOX30",0.559140266657088,1.1709109912688e-05,2.9217088823745e-06,14.0623763659516,4.67624824882755
"TRBJ2-6","TRBJ2-6",1.20802003683836,1.21447995282977e-05,3.03758282015537e-06,3.44957050039323,4.66826206973446
"AC126283.2","AC126283.2",0.74855685418966,1.22353850794764e-05,3.06351776565943e-06,79.5359393935336,4.66651467393727
"PPAN-P2RY11","PPAN-P2RY11",0.611764656740006,1.2309930849888e-05,3.08383177789708e-06,72.0761363145882,4.66515587725955
"IGLV1-47","IGLV1-47",1.59857663423961,1.28350560363234e-05,3.22226174370629e-06,7131.61917798064,4.65611871849556
"PGBD5","PGBD5",0.87075080234051,1.29195694647649e-05,3.24590206765536e-06,81.0535204886056,4.65461273261129
"CHGB","CHGB",0.921357247639855,1.32278612324741e-05,3.32761002898212e-06,24.2145995473188,4.64948740439755
"TRGV3","TRGV3",0.826648130014977,1.32859058001305e-05,3.3432796740569e-06,21.6923918927719,4.64851829797957
"GLIS3","GLIS3",0.521865306044776,1.33303757283244e-05,3.35554162225995e-06,837.246085911839,4.64776297752438
"THBS3","THBS3",0.527599018249525,1.33808639839172e-05,3.36968466052669e-06,4460.10709050778,4.64689506454992
"AC215522.2","AC215522.2",0.959149975440977,1.35705263708548e-05,3.42144664549322e-06,11.7287233786756,4.64374811171552
"DAZL","DAZL",1.20650054675145,1.37492345024807e-05,3.46871344949115e-06,44.3656268743423,4.64091407769839
"SNX20","SNX20",0.674056105718274,1.37719977655469e-05,3.47519424901322e-06,997.575247275591,4.64052839052142
"AC007068.1","AC007068.1",0.753361711830032,1.37795394551064e-05,3.47746649861069e-06,53.2910332139759,4.64039332703984
"FAM172BP","FAM172BP",1.25713433561682,1.39605282448365e-05,3.52761128073109e-06,3.30773826547692,4.63743404153414
"RN7SL138P","RN7SL138P",0.565422960206557,1.40074096580669e-05,3.54060238228982e-06,28.571142008756,4.63667395286666
"TRBJ1-6","TRBJ1-6",2.05488615166726,1.40976696575565e-05,3.56568340078057e-06,1.70276813429151,4.63521403721377
"SEPT3","SEPT3",0.698662867815131,1.44351398056732e-05,3.65800048983355e-06,42.0038155522013,4.6299239540971
"AC012414.1","AC012414.1",2.39017054704752,1.46897134444025e-05,3.72802201713101e-06,0.907792629493559,4.62599616166483
"PIMREG","PIMREG",0.806061491666362,1.47633930096869e-05,3.74790742348641e-06,97.5395589165477,4.62489360023139
"IGHV3OR16-7","IGHV3OR16-7",2.67125301099438,1.48846046182506e-05,3.78186923866974e-06,2.98048369251651,4.62302346472726
"IGKV1OR1-1","IGKV1OR1-1",2.22141914372839,1.507078091002e-05,3.83199932578007e-06,4.3587557661466,4.6202922227357
"IGLC3","IGLC3",1.54502305960939,1.57483406742008e-05,4.01398507177002e-06,34426.6070749293,4.61065692317791
"RHOH","RHOH",0.804838976698406,1.58841248888773e-05,4.05199884969056e-06,345.678057379486,4.60869723062142
"AC138028.2","AC138028.2",0.629570752050473,1.59669049103698e-05,4.07482703081938e-06,16.4226502578857,4.60752883878893
"NT5DC4","NT5DC4",1.33837105673063,1.60572024215412e-05,4.09959225879126e-06,1.61436869454501,4.60626837792243
"ALPL","ALPL",0.649650901469441,1.62080281314755e-05,4.14157394340976e-06,1518.68013494574,4.60414823769455
"XKR7","XKR7",0.934238548418906,1.62551091795411e-05,4.15621753075479e-06,3.86764616534998,4.60341355594752
"HMOX1","HMOX1",0.636753040625283,1.62881102199511e-05,4.16509187201493e-06,8577.28036919231,4.60296952857801
"RN7SKP181","RN7SKP181",0.50777731436244,1.62958294871156e-05,4.16793902644498e-06,7.28412805518089,4.60282726337702
"IGLV4-69","IGLV4-69",1.62172759180455,1.67622358316953e-05,4.2939671727042e-06,2126.68239205395,4.59662145429234
"AC243829.4","AC243829.4",0.948581849738212,1.6772095999933e-05,4.29694242025988e-06,39.7936932279131,4.5964770674854
"SNX10","SNX10",0.58638300667298,1.68173707676375e-05,4.30899222063922e-06,2345.99897372784,4.59589327653951
"IGKV1-5","IGKV1-5",1.53574234140241,1.70975355858475e-05,4.38764825553271e-06,15551.970159296,4.59212053119282
"MYO15B","MYO15B",0.675747437850792,1.74119550176936e-05,4.47300122470452e-06,422.687950726348,4.58809918482767
"HCK","HCK",0.53624933650049,1.75165245499786e-05,4.50408825941496e-06,3955.000713464,4.58665278282122
"AC010733.1","AC010733.1",0.673169791004921,1.75282150592429e-05,4.50850319022403e-06,5.18125465993837,4.58644814314092
"AC135068.9","AC135068.9",1.92223320878246,1.78666205042966e-05,4.59937544691695e-06,60.1078136716566,4.58227815256608
"TRAV22","TRAV22",0.783200038816919,1.79775145660306e-05,4.63033109672996e-06,10.2543813278613,4.58087565007226
"AC093724.1","AC093724.1",0.565131703128378,1.80589294936534e-05,4.65275208345983e-06,44.4823399077407,4.57986542363571
"CDC25C","CDC25C",0.803750566554942,1.80951521064662e-05,4.66256940245653e-06,28.4924714507486,4.57942455009205
"AC013444.1","AC013444.1",0.881934456673454,1.82136932507395e-05,4.69555385308296e-06,6.20597396850991,4.57794977821776
"BLNK","BLNK",0.626334215194166,1.8286708462548e-05,4.71535734650381e-06,534.287914002752,4.57706910192805
"PTK7","PTK7",0.531062279517514,1.85267625196342e-05,4.77973893581861e-06,1140.90186241908,4.57423028646611
"AL034550.1","AL034550.1",0.826381029361229,1.85427557221134e-05,4.78485867587477e-06,4.03766007017131,4.57400611340386
"ADPGK-AS1","ADPGK-AS1",0.587222740994971,1.85631032529779e-05,4.79110397438405e-06,18.5466596382243,4.57373296746133
"CLEC2D","CLEC2D",0.662068107036795,1.86957538316713e-05,4.82784544194325e-06,440.321131961805,4.57213290524414
"TIMP1","TIMP1",0.665724202232382,1.90461354748635e-05,4.92546953898086e-06,40394.8541057882,4.56793745217249
"TRAV27","TRAV27",0.99432927516233,1.91390583425583e-05,4.95103845611018e-06,6.02037135444112,4.56685177486778
"ZBED6CL","ZBED6CL",0.579440999795048,1.91969573544284e-05,4.96653056330843e-06,128.240137105264,4.56619657657722
"LINC00402","LINC00402",1.09101537040594,1.93594774835836e-05,5.01117037668198e-06,19.0260220127276,4.56431953935677
"TSPAN32","TSPAN32",0.521498260932375,1.96579273136778e-05,5.09632410811421e-06,101.254740778511,4.56078294010244
"LINC00677","LINC00677",1.25582818647997,1.99105858461556e-05,5.16502671710415e-06,1.90344576003904,4.55797059217346
"TRIP13","TRIP13",0.588497331718411,2.01742935306988e-05,5.23884073894202e-06,129.110753236588,4.55498864813753
"AC008750.2","AC008750.2",1.70588593361633,2.03806873301905e-05,5.2962593150475e-06,0.919682583327046,4.5526967370953
"SIRPB3P","SIRPB3P",1.66170330427655,2.05120593596281e-05,5.33369600742682e-06,0.706670556293015,4.55121519743472
"Z98257.1","Z98257.1",0.816176570372326,2.12976131758256e-05,5.5482328030585e-06,17.3140136250892,4.54291233773834
"AC011342.1","AC011342.1",0.713160173347645,2.13037310608777e-05,5.55039736451986e-06,13.6677108726604,4.54283014282623
"GPR141","GPR141",0.725454907213357,2.20240033267537e-05,5.7474959784203e-06,63.9557916040266,4.53547142532303
"AL133230.1","AL133230.1",0.664769460113887,2.21787681873954e-05,5.79026115848084e-06,9.67188220317514,4.53390670752809
"TDO2","TDO2",0.896019752327812,2.22528391451445e-05,5.81194786626469e-06,104.804904240839,4.53311744345062
"ITIH4","ITIH4",0.908917091567386,2.23616943488879e-05,5.84400950296205e-06,272.965999957107,4.53195574411267
"PILRA","PILRA",0.650386426622451,2.23732312285541e-05,5.84762400221164e-06,1390.61172674973,4.53182516165012
"YBX2P1","YBX2P1",1.65760366537696,2.24820027704134e-05,5.87906510835772e-06,0.630986232049627,4.53069252384826
"AC012236.1","AC012236.1",1.26832729008333,2.27481044153271e-05,5.95626249429176e-06,78.5643564460765,4.52793596262681
"CD79A","CD79A",1.2971324574124,2.32932138512284e-05,6.11553740396504e-06,3096.6131541183,4.52235501787324
"FAM155B","FAM155B",1.32358403909309,2.33375530460685e-05,6.12967962142939e-06,16.4632039048692,4.52186622316469
"CIT","CIT",0.6080640709747,2.35561414955867e-05,6.19024825948383e-06,617.395092651173,4.5197849361023
"MMP10","MMP10",1.2985936779445,2.35958716398067e-05,6.20195324026748e-06,11.9847252709389,4.51938497212667
"LPXN","LPXN",0.570497816144415,2.36915478402406e-05,6.23090945529036e-06,1459.51309284185,4.51839862170885
"MSNP1","MSNP1",0.863902691039508,2.37594383581258e-05,6.25159872348339e-06,1.88439451178892,4.51769655543811
"KIR2DL4","KIR2DL4",1.04104367157944,2.39854179590856e-05,6.3152667868053e-06,9.47973249469103,4.51554991748375
"AP000593.4","AP000593.4",0.671468731294901,2.43009714443522e-05,6.40486177686928e-06,16.4645773988272,4.51256393756902
"SLC9A7P1","SLC9A7P1",0.537179848624605,2.43950215638927e-05,6.43095724264235e-06,36.8482719014073,4.51170175378314
"AP001257.1","AP001257.1",0.741993412639964,2.52993611726771e-05,6.69037040897898e-06,8.56519134204636,4.50330834274037
"TRAV34","TRAV34",1.3927894223251,2.6238373368451e-05,6.95345366094229e-06,1.64648892408877,4.49510833377017
"MIR600HG","MIR600HG",0.73759377727563,2.62758131431218e-05,6.96548764134842e-06,59.8524124308374,4.49474038533264
"AC008906.1","AC008906.1",0.535202187366282,2.67157821583402e-05,7.08999336276181e-06,12.0516467411905,4.49096881173188
"Z83844.2","Z83844.2",1.1372027284909,2.6812721814642e-05,7.11931176976937e-06,2.3461865812894,4.49008990572341
"AC008105.1","AC008105.1",0.762901776897645,2.73842009335489e-05,7.27912165318272e-06,9.24058545561827,4.48535915662863
"INSL3","INSL3",0.749503799637636,2.82133684554767e-05,7.51878568891085e-06,9.22005350767853,4.47844749820833
"CD1D","CD1D",0.54713530782741,2.83254530695704e-05,7.55284700984284e-06,129.855037321686,4.47748234899011
"ASPHD1","ASPHD1",0.687045893245636,2.86404782515309e-05,7.64298591713548e-06,71.4364536597301,4.47494814629933
"KMO","KMO",0.797305164616996,2.90183433321093e-05,7.75004277079725e-06,193.311398758691,4.47197517041185
"UNC45B","UNC45B",0.965827076087963,2.90923802231585e-05,7.77436261611206e-06,12.9449624292126,4.47130528171744
"SYT7","SYT7",0.567359985654799,2.90923802231585e-05,7.77449294927478e-06,359.484378192409,4.4713016970984
"TRAJ1","TRAJ1",1.52799180001575,2.96588430704412e-05,7.93699661301522e-06,0.969725224002187,4.46687636973889
"SORCS2","SORCS2",0.609132053808875,3.0094006998374e-05,8.05909492668725e-06,410.428153105569,4.4636079950996
"AC006272.1","AC006272.1",0.849150255940924,3.02393066365228e-05,8.10286701690285e-06,5.00151316519314,4.462447803512
"TRAV24","TRAV24",0.998298528450504,3.06412962043044e-05,8.21797216207397e-06,6.0624485308434,4.45942526514132
"AC007406.3","AC007406.3",0.637412135961448,3.07874196785297e-05,8.2612868226154e-06,22.4559649785852,4.45829833726706
"HLA-DRA","HLA-DRA",0.65687136937361,3.08614143062025e-05,8.28693015504546e-06,136804.329683232,4.45763382714207
"IGKV2-28","IGKV2-28",1.49057227808301,3.20250011578994e-05,8.61653837118199e-06,7547.01798015628,4.44926317074737
"DDX12P","DDX12P",0.963139401741451,3.2209963432097e-05,8.67234473459108e-06,9.15267090404074,4.44787629503896
"AC073335.2","AC073335.2",0.678590694491829,3.247278302038e-05,8.74919770792651e-06,42.8945533931861,4.4459802735746
"CD3G","CD3G",0.664396509834887,3.24987029084583e-05,8.75751746254894e-06,319.047341459854,4.44577597450457
"BNIP3P11","BNIP3P11",0.833324788664073,3.29215929683438e-05,8.88247035852483e-06,4.27766931227922,4.44272975249924
"IGKV3-20","IGKV3-20",1.51139332769225,3.29263344647598e-05,8.8846318461698e-06,23638.2466023458,4.44267741880799
"IGHE","IGHE",1.49742325400731,3.29281402626964e-05,8.88600135910507e-06,177.285346341163,4.44264426661363
"NPL","NPL",0.576654870268052,3.29859755496695e-05,8.90337640831044e-06,2325.97619435096,4.4422240871698
"CETP","CETP",0.546480576244578,3.33405557799013e-05,9.0062289572908e-06,90.1248714041682,4.43975274476962
"AC011337.1","AC011337.1",0.612913121142087,3.36650895917219e-05,9.09930669563783e-06,15.2317736799439,4.43753940737037
"AC100849.1","AC100849.1",0.87858362190438,3.43463525816359e-05,9.29448761017395e-06,19.9314631528559,4.43296751112376
"CDHR2","CDHR2",0.739699032601721,3.47115076508981e-05,9.39981265781494e-06,4.14492755114339,4.43053835360154
"TRGC1","TRGC1",0.746476395043936,3.47871801798933e-05,9.42403286978274e-06,33.4717181501804,4.42998343074278
"MIR7848","MIR7848",0.978206765900144,3.4873280463621e-05,9.44922662509979e-06,2.79774410676446,4.42940764635867
"SLC27A2","SLC27A2",0.723114732316118,3.49478867715742e-05,9.47412368659508e-06,30.0025930008168,4.42884008168262
"AC012181.1","AC012181.1",0.741659513661282,3.51339067691703e-05,9.52643508035269e-06,26.8232341322822,4.42765219499852
"AC008878.3","AC008878.3",1.14768775373948,3.55061955826378e-05,9.63308781367497e-06,79.7801290866187,4.4252495073492
"TNFRSF6B","TNFRSF6B",0.784027946801077,3.56053071089788e-05,9.66093146565465e-06,1243.9209944377,4.42462642494531
"AC127521.1","AC127521.1",0.700820357186523,3.60342320166006e-05,9.7879335579749e-06,9.47338471370324,4.42180596784941
"AC026310.3","AC026310.3",0.585554350816653,3.68720685217617e-05,1.00293448981305e-05,46.7234362363001,4.41653978322576
"NKX6-3","NKX6-3",1.81018107150736,3.73024487693902e-05,1.01564129605021e-05,3.30634159448362,4.41381634099454
"NDC80","NDC80",0.500617813209998,3.73024487693902e-05,1.01574039290334e-05,176.065673206119,4.41379522978137
"CXCR5","CXCR5",1.22061130914256,3.73797555706238e-05,1.01814590234162e-05,238.551016569601,4.41328337177746
"AL645608.8","AL645608.8",1.9219048353983,3.74236926359267e-05,1.01944292535291e-05,0.752514672219333,4.41300786289337
"IGKV1-27","IGKV1-27",1.58663252788463,3.74500413198821e-05,1.02026101905142e-05,2667.6727788557,4.41283425853904
"IGHV2-70","IGHV2-70",1.68464515533054,3.75979272194285e-05,1.02439064891452e-05,760.421057445032,4.41195995075931
"CFAP99","CFAP99",0.815628709501757,3.7810493057897e-05,1.03048612218988e-05,4.6884516808447,4.41067557446054
"CXCR6","CXCR6",0.821713541872841,3.81325472210815e-05,1.04018289863578e-05,144.635968391665,4.40864724383546
"AC132872.3","AC132872.3",0.713206711476045,3.81864172791972e-05,1.04185699743875e-05,15.111173729731,4.40829889183617
"IGLV3-9","IGLV3-9",1.62943484294454,3.83426313279379e-05,1.04665205211296e-05,1328.14029824581,4.40730407118827
"ZNF154","ZNF154",0.5394688193158,3.8494162776525e-05,1.0510784579363e-05,98.0906572886166,4.40638958904169
"AC009533.1","AC009533.1",0.884610865555672,3.86312552214016e-05,1.05523577146047e-05,18.9071079956928,4.405534043397
"EXOC3L4","EXOC3L4",0.742212081502194,3.90559224053943e-05,1.06746366706167e-05,52.8632252131689,4.40303615784503
"ABHD17AP5","ABHD17AP5",1.3864151154353,3.91157841755222e-05,1.06920459276767e-05,1.33778794110586,4.40268274965223
"RGS8","RGS8",0.943971578784164,3.91663591453204e-05,1.07079690464017e-05,40.0834714415467,4.40235999086267
"CXCL6","CXCL6",1.37465949330699,3.96914168283125e-05,1.08674701542889e-05,467.451599290534,4.39915198212562
"GNB3","GNB3",0.826105357128232,3.97299968306474e-05,1.08790978112482e-05,44.2760692166132,4.39891987916407
"ACAP2-IT1","ACAP2-IT1",0.693565004821663,3.99999376644027e-05,1.0962660085448e-05,5.66252358926499,4.39725880286648
"AC245052.4","AC245052.4",0.6330147904051,4.03260767252968e-05,1.10628486346305e-05,11.5981674786899,4.3952830869404
"TBC1D10C","TBC1D10C",0.773590149864162,4.03280219090956e-05,1.10644627803e-05,548.465297341105,4.39525139606002
"IGKV1-22","IGKV1-22",3.00296155141749,4.07540592959787e-05,1.11926000891297e-05,1.07185189049467,4.39274962556526
"AL449106.1","AL449106.1",1.0120852694462,4.09009508417027e-05,1.12358987482243e-05,7.91266756529493,4.39191043421544
"SIRPD","SIRPD",0.752203994276363,4.13557399294603e-05,1.1368590190399e-05,9.27091164778345,4.38935777358769
"AC010776.2","AC010776.2",1.14331188621113,4.17241889630624e-05,1.14743476011273e-05,7.17193211022967,4.38734354486197
"HLA-G","HLA-G",0.78955983310373,4.27349046733751e-05,1.17762706254037e-05,19.7326064997015,4.38168922080663
"AC027808.2","AC027808.2",0.827146475107424,4.28400331036732e-05,1.18076097992521e-05,7.85558675129732,4.38111025898581
"MIR589","MIR589",0.812165959298987,4.30275861076033e-05,1.18627618639241e-05,2.17250669756395,4.38009492892891
"IGLV5-37","IGLV5-37",2.0905010877612,4.32719530903181e-05,1.1935931116599e-05,121.412997084054,4.37875484012774
"IL26","IL26",1.04592146581875,4.35875164527615e-05,1.20253103157325e-05,34.1610630346176,4.3771284655802
"PTOV1-AS2","PTOV1-AS2",0.873883780258729,4.36914530295835e-05,1.2056326521225e-05,21.9321788500736,4.37656677944474
"AC012645.3","AC012645.3",0.896301337559351,4.37233593419169e-05,1.20674737984912e-05,18.2321097326265,4.37636524532447
"CHRNA6","CHRNA6",1.36031117503621,4.37462825929835e-05,1.20749726247332e-05,2.94468261043729,4.37622977230397
"ZFHX2","ZFHX2",0.518957309146309,4.37595684602299e-05,1.20798122831967e-05,90.5820100294718,4.37614238215957
"IGKV2D-24","IGKV2D-24",2.2296255988195,4.41490640367555e-05,1.21967955224121e-05,31.3816520869949,4.3740401077208
"LINC01679","LINC01679",0.595770353989348,4.4297230222951e-05,1.22424759464603e-05,103.646105990374,4.37322441721325
"DNM1P47","DNM1P47",0.619853413724744,4.4583509690762e-05,1.23287625195819e-05,35.7061835208715,4.37169153861064
"GCH1","GCH1",0.503291963738745,4.5013940646498e-05,1.24574389233898e-05,707.099777362414,4.36942451811309
"CD93","CD93",0.568779236213033,4.52150335645363e-05,1.25225180438541e-05,11416.5042979328,4.36828644941058
"IGKV3D-7","IGKV3D-7",2.11393971038868,4.57670855514521e-05,1.2683036354491e-05,33.1363277217315,4.36550334083276
"TRAF3IP3","TRAF3IP3",0.698689984034364,4.578327611511e-05,1.26899764598455e-05,481.62121666543,4.365383770861
"STX16-NPEPL1","STX16-NPEPL1",0.860452388952212,4.62755926335507e-05,1.28363532013812e-05,13.5857872358006,4.36287629837949
"DEPDC1B","DEPDC1B",0.626594156475292,4.63443448080896e-05,1.28579077375283e-05,45.0921734570206,4.36250937001249
"FHAD1","FHAD1",0.733741504436514,4.64471844962424e-05,1.28876843405698e-05,195.354094383302,4.36200343951449
"FAM83D","FAM83D",0.807744207748897,4.66297756037203e-05,1.29433452630963e-05,175.582243837436,4.36106069555895
"ANKRD36BP2","ANKRD36BP2",1.04558764334721,4.69092969175753e-05,1.30284749845293e-05,195.948797896301,4.35962628621518
"FP325331.1","FP325331.1",0.897284275808184,4.76166449988709e-05,1.32351385263319e-05,2.45410968031675,4.35618093480763
"SOWAHD","SOWAHD",0.586901492771185,4.76232844239369e-05,1.32382599442259e-05,196.1256388922,4.35612929116473
"TMEM26","TMEM26",0.774414019658195,4.82113115776378e-05,1.34081776431659e-05,47.0199606925317,4.35333539793939
"EIF4EP1","EIF4EP1",0.887832253680576,4.90994299613004e-05,1.36735920214816e-05,3.80037898695379,4.34903815996048
"AC055811.2","AC055811.2",0.628113273810011,4.95403877873474e-05,1.38056847889023e-05,37.1635741257843,4.34692905711499
"AP000346.2","AP000346.2",1.0168891483422,4.98024403096099e-05,1.38840498197222e-05,19.3968291645045,4.3456868944476
"LINC01498","LINC01498",1.1212322165848,5.05271283492862e-05,1.40982641971296e-05,2.33936693696056,4.34232520407286
"AL031600.1","AL031600.1",1.1588883347541,5.13940708830914e-05,1.43608167949993e-05,6.4257017959579,4.33827076113965
"SIRPB1","SIRPB1",0.725096700810145,5.16443284372069e-05,1.44335125774591e-05,478.188053862834,4.33716065898702
"AC108463.1","AC108463.1",0.578494668274962,5.17557994204223e-05,1.44660530920303e-05,9.08008323916177,4.33666547505058
"CD8A","CD8A",0.725048111150471,5.18269338526227e-05,1.44887127995677e-05,794.478116640931,4.3363212788866
"SELP","SELP",0.629204110007104,5.21247615562131e-05,1.45775597118065e-05,2126.42533522045,4.3349766470872
"IGKC","IGKC",1.35900841666833,5.24163098094136e-05,1.4664862875366e-05,402215.489020993,4.33366296977053
"AC103809.1","AC103809.1",1.1138369987224,5.24163098094136e-05,1.46661180328405e-05,1.6238588519772,4.33364413746683
"TRIM54","TRIM54",1.39971422778072,5.25380931903273e-05,1.47072314029563e-05,5.18978548335552,4.333028123167
"U62317.2","U62317.2",0.601925478351694,5.29989053013685e-05,1.48433287012085e-05,184.387927411484,4.33100058568576
"CCNE1","CCNE1",0.564364933779658,5.38834741573934e-05,1.51069494301895e-05,66.5853271077609,4.32712316762131
"TRBV4-1","TRBV4-1",1.02125303575127,5.39533599565266e-05,1.51294340032958e-05,10.3617207172135,4.32679544949836
"KLHL14","KLHL14",0.947703507603683,5.43415496795563e-05,1.52484808239958e-05,18.112740805256,4.32506801366389
"IGKJ4","IGKJ4",1.50036441690608,5.57194531190199e-05,1.56586711087369e-05,505.929091811501,4.31921284013428
"TIFAB","TIFAB",1.02836742999891,5.58275679233529e-05,1.56953800664401e-05,199.079947049092,4.31869599653368
"CD247","CD247",0.67850568281856,5.59490382675193e-05,1.57340274269454e-05,427.90045738482,4.31815310495035
"IGKV2-24","IGKV2-24",1.59569960791493,5.68068838572483e-05,1.59965798392326e-05,834.255847335264,4.31449825370008
"LTBP2","LTBP2",0.508273698852582,5.68352656539611e-05,1.60076176233003e-05,9600.52644776567,4.31434585818758
"AP000919.4","AP000919.4",0.581953369590189,5.69605201771648e-05,1.60444216333771e-05,9.79917316038708,4.31383843861236
"SGO1","SGO1",0.605794657344403,5.73861571714689e-05,1.61689260995945e-05,54.5100611729899,4.31213007349887
"AC003957.1","AC003957.1",0.967247880792707,5.78596479673275e-05,1.6311636682802e-05,15.7906937565123,4.31018725214515
"ST3GAL1P1","ST3GAL1P1",1.49214972026954,5.85827436181992e-05,1.65484517848692e-05,0.76472658948754,4.30699878611293
"CNTNAP2","CNTNAP2",0.747632577720038,5.87945010946285e-05,1.66145701858116e-05,29.6204641949855,4.30611633657407
"C1orf147","C1orf147",0.939647850670798,6.08209560749673e-05,1.72312190750128e-05,3.93843568914084,4.29804370669228
"TRBJ2-2","TRBJ2-2",1.25538637638556,6.10962631143839e-05,1.73134133291809e-05,1.17409794175296,4.2969885515364
"AL022067.1","AL022067.1",1.23134156483957,6.1289188688767e-05,1.73720849647259e-05,2.69013882373761,4.29623827977795
"CORO1A","CORO1A",0.545154873489207,6.13207570929332e-05,1.73826758310756e-05,6337.31003683824,4.29610310489981
"AP003170.1","AP003170.1",1.24706189643111,6.20054000970073e-05,1.76000109484151e-05,1.31381741337354,4.29334637256012
"CACNG5","CACNG5",1.45728760176637,6.20569744700107e-05,1.76179755508462e-05,2.77593280457659,4.29311995863896
"GOLGA8A","GOLGA8A",0.80119445781013,6.37505744820844e-05,1.81312420793432e-05,240.700847183154,4.28674229961905
"KCNG1","KCNG1",0.561631083409288,6.40653669581343e-05,1.82276379639479e-05,51.7778624068185,4.2855637351533
"AC007362.1","AC007362.1",0.80011319945831,6.44828827097895e-05,1.83567941695875e-05,4.50083176845593,4.2839939066928
"HSPG2","HSPG2",0.537629541986565,6.45718422270561e-05,1.83838489806473e-05,24975.4952993945,4.28366640237469
"TNR","TNR",0.701775536560072,6.50898132335037e-05,1.8540037094697e-05,46.2062427491478,4.28178464084347
"TRBJ1-5","TRBJ1-5",1.09838205648715,6.57357089915607e-05,1.87381027238222e-05,5.75199441816768,4.27941993609881
"RYR1","RYR1",0.596549672936393,6.77290258065775e-05,1.93389660000722e-05,332.997198199487,4.27238919209405
"REC8","REC8",0.578976353647832,6.77758762097811e-05,1.93541593292031e-05,86.7542407426309,4.27221412430944
"GRM8","GRM8",1.05129171996909,7.15764375345275e-05,2.0531504440818e-05,7.20691864740377,4.2590309496624
"AC245128.3","AC245128.3",0.820897016351279,7.19164330471338e-05,2.0638665551211e-05,31.6045432075266,4.25786701397142
"ICOS","ICOS",0.880383238146146,7.21194700383288e-05,2.06988656606001e-05,79.5741183200967,4.25721566921746
"ST18","ST18",0.817896750127295,7.33306779314823e-05,2.1075963405166e-05,19.3066497959074,4.25317617394062
"IL9RP3","IL9RP3",1.04980043882489,7.34332257557235e-05,2.11093716778704e-05,3.94071247635077,4.25282162749169
"ZBED2","ZBED2",1.02683433135921,7.37290682911131e-05,2.12042927695203e-05,61.4588230563174,4.25181718146965
"LINC02397","LINC02397",0.839215308281919,7.40515099488289e-05,2.13029783865331e-05,28.1841542947272,4.25077742801337
"AL138930.1","AL138930.1",0.719145665175968,7.56132880498494e-05,2.17948115864287e-05,3.87212210787641,4.24566287971452
"RSRP1","RSRP1",0.529916448877471,7.64460527722665e-05,2.2057378621883e-05,781.749653423998,4.24297726794618
"CHI3L1","CHI3L1",0.914423639498586,7.82041976192656e-05,2.26002860306352e-05,14395.1924084591,4.23751943643481
"RAC2","RAC2",0.584512358463373,7.86751832706115e-05,2.2740612413883e-05,3202.73273381518,4.23612903812995
"AC008105.3","AC008105.3",0.607333841254036,8.05230352928789e-05,2.33157153071871e-05,141.756130142484,4.23051475071749
"LINC01991","LINC01991",1.9439477552143,8.08274143653218e-05,2.34125117676364e-05,0.9263520098046,4.22958277928029
"RPL13AP19","RPL13AP19",1.60273812533392,8.15288122105955e-05,2.36353387487245e-05,0.600502452554996,4.22745122543334
"ATF5","ATF5",0.603335717258737,8.1595396058125e-05,2.36590139094132e-05,2950.33849546813,4.22722587468438
"AC099343.2","AC099343.2",0.601547569647228,8.21985642581229e-05,2.38449174831256e-05,11.4746827082661,4.2254637821621
"CHRDL2","CHRDL2",1.13419898278612,8.27696781889904e-05,2.40183512043416e-05,61.6693149189518,4.22383163150904
"SNX22","SNX22",0.672731738013939,8.32799001868394e-05,2.41794502619665e-05,124.926195476658,4.22232557434307
"NEK2","NEK2",0.658510753341022,8.33324051175371e-05,2.41983925907314e-05,75.1186790396483,4.22214911699583
"IGKV1D-35","IGKV1D-35",1.93968346004119,8.42568835498499e-05,2.44916788476897e-05,17.0765784367251,4.21943364796481
"AL031651.2","AL031651.2",0.698828325452218,8.51604097792596e-05,2.47839769317128e-05,6.85148747519368,4.21675793478194
"STEAP4","STEAP4",0.572604962303309,8.5259567067985e-05,2.4815118748748e-05,11450.3626548981,4.21647463263793
"AC010761.4","AC010761.4",1.31181080564896,8.691970260941e-05,2.5323924823158e-05,1.71992157641345,4.21189322551743
"AC100858.3","AC100858.3",0.635300050263783,8.84003219337961e-05,2.57837232958579e-05,12.4777046499827,4.20782779225407
"AC244453.2","AC244453.2",0.610504004494237,8.85165889864446e-05,2.58223781819363e-05,22.7602252093601,4.20748916359267
"IGLV7-43","IGLV7-43",1.60494994138922,8.89744179118696e-05,2.59726250073633e-05,602.95303610277,4.20617751813806
"AC068580.1","AC068580.1",0.947214821133787,8.92220649487898e-05,2.60592591701299e-05,6.33846442044748,4.20542448371896
"MYLK2","MYLK2",1.2416574966422,9.04803487863448e-05,2.64558595585934e-05,7.83329619740947,4.20200730410248
"GPR35","GPR35",0.531748568885368,9.15558761806055e-05,2.67899612509282e-05,76.1799475671727,4.19916622147277
"AC111170.1","AC111170.1",1.23204984128604,9.2465428653852e-05,2.70684905680676e-05,1.50165290066446,4.19682334271911
"HNRNPA1P49","HNRNPA1P49",1.0672582919261,9.35531680938471e-05,2.74220094565465e-05,2.0889365029819,4.19388247481423
"AC098935.1","AC098935.1",1.44562379294526,9.61075005611419e-05,2.82351028495277e-05,1.36798033578364,4.18725300105429
"AC073957.3","AC073957.3",0.600977881347293,9.64995954905239e-05,2.83632227455201e-05,34.8951528225539,4.18622497731285
"AC019117.2","AC019117.2",1.13349457380201,9.72435345349087e-05,2.85901143097754e-05,11.157048342044,4.18441520167749
"MAGED4B","MAGED4B",0.627528714409759,9.88788901504608e-05,2.91261291513053e-05,244.999020826926,4.18019338721571
"MIR6753","MIR6753",1.61840781857034,9.93272094263448e-05,2.92635240382351e-05,1.2899723743852,4.17912311745678
"AC027020.2","AC027020.2",0.742959109827792,9.98923737442924e-05,2.94514288959139e-05,19.6995008419714,4.17766709564166
"CHRM3-AS2","CHRM3-AS2",0.906622486546355,0.000102602687740824,3.03192413014373e-05,11.4199937314316,4.17105518993305
"IGLV5-52","IGLV5-52",0.715298291232959,0.000102723921613419,3.03597879410597e-05,40.2165294023187,4.17075067973937
"CD79B","CD79B",0.704389870430299,0.000103646442803823,3.06498885198348e-05,745.050859047523,4.16858319700964
"NEIL3","NEIL3",0.762865561682755,0.00010626546097796,3.14756228360889e-05,25.5039185874668,4.16251879249642
"HSPD1P6","HSPD1P6",0.660546141518602,0.000107295518747282,3.18008474233697e-05,8.73903964832977,4.16017167002496
"AL021707.3","AL021707.3",1.16459576661277,0.000107310816389363,3.18082566169795e-05,3.0191795461764,4.16011846455707
"SLC5A4-AS1","SLC5A4-AS1",1.45752206451539,0.00010836705521681,3.21503738288921e-05,0.839967889276443,4.15767445482521
"AP003041.2","AP003041.2",1.33683357989952,0.000110651165745226,3.28813889365887e-05,1.47076737758769,4.15253399480713
"AL031432.2","AL031432.2",0.902107498803996,0.000111104277965435,3.30279442709992e-05,6.32471517262842,4.15151650360106
"AC006946.1","AC006946.1",1.29687046480342,0.000111996401549245,3.33201522600761e-05,0.910261093064883,4.14950052577301
"ITGB2-AS1","ITGB2-AS1",0.835346269638567,0.000112013348349616,3.33281953064459e-05,109.808093040106,4.14944527365595
"AC138207.5","AC138207.5",0.516005984257274,0.000112374278904516,3.34416074750813e-05,43.4203070576155,4.14866752853113
"FSD1","FSD1",0.741674663959727,0.000113304094313643,3.37456343914063e-05,7.75078096068345,4.1465949023655
"Z98883.1","Z98883.1",0.633456028205463,0.000113945542979394,3.3948890441038e-05,12.5448102797611,4.14521912556877
"IGKV1OR2-108","IGKV1OR2-108",1.68633532648657,0.000115267721730049,3.43737036908996e-05,93.9050579169294,4.14236878310793
"ASF1B","ASF1B",0.552448045643885,0.000115680948654528,3.45186272584058e-05,239.217662951558,4.14140404809095
"AC093627.7","AC093627.7",1.19764567762675,0.000115981935744066,3.46208704049686e-05,7.4576310306919,4.14072574192188
"FCRL4","FCRL4",1.84332299951288,0.000117526157208271,3.5110164050913e-05,4.39982942441706,4.13750575842543
"IGHV3-16","IGHV3-16",2.4293766112437,0.000117892333569611,3.52258742321974e-05,3.05445136074978,4.1367505158951
"AC132872.4","AC132872.4",0.649600639799409,0.000119570625660703,3.57561758968761e-05,21.2643729662642,4.13331909189786
"OR4C6","OR4C6",2.04351336315851,0.000119786834005532,3.58304588280085e-05,1.24318284560772,4.13284229284826
"CES3","CES3",0.520283713036298,0.000119786834005532,3.58275779251027e-05,137.726769360692,4.132860766966
"IGLV2-14","IGLV2-14",1.32391687503678,0.000120606276957538,3.60820322189499e-05,7407.45217755649,4.131234464519
"AC246787.2","AC246787.2",1.32669280401006,0.000120846674793397,3.61604282638764e-05,21.5887904541255,4.13073560323913
"TRAV10","TRAV10",0.910931634671337,0.000123536992526063,3.70217094393272e-05,4.7792776111296,4.12532158124919
"CHST2","CHST2",0.567143896744915,0.000124035906123685,3.7191164307e-05,3772.30202869773,4.12427048062377
"AC104452.1","AC104452.1",0.919815072873762,0.000126441100627375,3.79529954807619e-05,42.8318466319425,4.11960044260248
"DUX4L50","DUX4L50",0.547511667860551,0.000126763405461249,3.80667215499739e-05,12.0747575389349,4.11891094573816
"AC087500.2","AC087500.2",0.637657497058032,0.000127944302684542,3.8448766147143e-05,5.941778028108,4.11660892329653
"CEACAM21","CEACAM21",0.602311086934076,0.000129316376304236,3.88818791331387e-05,124.786051132817,4.11402530085693
"AC009407.1","AC009407.1",0.837777724373034,0.000130674901792841,3.93148587260352e-05,3.23402504045992,4.11146963467117
"INSRR","INSRR",0.750064225666489,0.000131165313452681,3.94729469951642e-05,6.68215050987343,4.1105431700426
"LINC00273","LINC00273",0.703403962236028,0.000131240922601793,3.94992172008129e-05,113.713894632672,4.11038955675078
"AC023830.1","AC023830.1",0.85734809859177,0.000131571319353823,3.96233322492022e-05,2.03251617676492,4.10966511090381
"CTSW","CTSW",0.565067885002418,0.000131716369781285,3.96705439731914e-05,355.524338199063,4.10939010656956
"TRBV5-4","TRBV5-4",0.93742065268362,0.000132959875085421,4.00771265630038e-05,12.9255294753436,4.10703457007194
"RPL18AP7","RPL18AP7",0.587417572764441,0.000132964044827951,4.00819459410893e-05,6.76426927570795,4.10700678523638
"AC006987.1","AC006987.1",0.826495866536655,0.000133587231517696,4.02841221426913e-05,3.69187660492877,4.1058440393668
"CDK5R1","CDK5R1",0.595027270142641,0.000133678996995192,4.03261213506112e-05,93.8834537056241,4.10560319041154
"ERFE","ERFE",0.892563438926312,0.000133924468832835,4.04037595867889e-05,121.326816689804,4.10515859169557
"AP001434.1","AP001434.1",0.75322287333978,0.000134625735783306,4.06333604908219e-05,31.004360408567,4.10384850024718
"MAMDC4","MAMDC4",0.542237695696761,0.000135587840425893,4.09455442874432e-05,56.4212070389344,4.10207841906838
"KCNJ11","KCNJ11",0.767722498997168,0.000136333563316953,4.11999641146723e-05,21.950285246382,4.10064530496954
"RTKN2","RTKN2",0.526862627751747,0.000137266999371979,4.15041151009506e-05,74.9260076184429,4.0989430407488
"AC007569.1","AC007569.1",1.07635111942655,0.000137296170828419,4.15166139905564e-05,8.98773293861257,4.09887334076695
"IGKV1-8","IGKV1-8",1.57562278877901,0.000137973101562603,4.17360961509467e-05,545.240166070843,4.09765263336924
"IGKV1D-8","IGKV1D-8",1.58613171692109,0.000138355453022784,4.18777041716473e-05,220.46382357712,4.09686827179934
"RNU6-548P","RNU6-548P",1.39426323295809,0.000138787335785019,4.20158644009038e-05,1.21185784644175,4.09610542895308
"AC092143.3","AC092143.3",1.00146685135801,0.000140051601231652,4.2432374319522e-05,3.48511959558691,4.09382001427973
"TRBV11-3","TRBV11-3",1.21857970171496,0.000140631889958736,4.26307961040949e-05,2.56844829313989,4.09273873696543
"IGLJ2","IGLJ2",1.47098816284813,0.000141471791616776,4.28929827167012e-05,178.970537412932,4.09131727969565
"DNAH10","DNAH10",0.564541313971051,0.000142513545655281,4.32279251497318e-05,22.9685202343677,4.08951331654947
"IGLC6","IGLC6",1.50418211818568,0.000143425559400683,4.35237758425671e-05,10.493389612145,4.0879308918535
"GPR31","GPR31",1.13879911212699,0.000148039203318747,4.50229884219141e-05,8.48264473196374,4.08006562418559
"OACYLP","OACYLP",0.828313156639746,0.00015013751588592,4.569734963599e-05,18.497216602527,4.07660843678033
"LINC01727","LINC01727",1.57071864885714,0.000152264167211453,4.63813551168718e-05,2.01648114303013,4.07315088391124
"AL096816.1","AL096816.1",0.700816056667106,0.000154193684676957,4.69856328760021e-05,25.2611386552617,4.0701363365237
"ARHGAP33","ARHGAP33",0.575316491333496,0.000154432700199255,4.70728344305243e-05,64.8399158567557,4.06970435452403
"IGKV3OR2-268","IGKV3OR2-268",1.57692373106601,0.000155686093565342,4.7490452944335e-05,231.470912307008,4.06764600332381
"MIR8075","MIR8075",0.866952207452428,0.000156183764780742,4.76673703779823e-05,2.41645308273542,4.0667791863254
"IGKV1D-43","IGKV1D-43",1.70980429148878,0.000156910514176921,4.78975829386078e-05,55.7800556717756,4.06565580251184
"FKBP11","FKBP11",0.676550920752959,0.000157039433748758,4.79411437487165e-05,1855.09656822399,4.06544381199164
"AL078644.1","AL078644.1",0.532354555950176,0.00015850525231774,4.84098644581068e-05,5.41272336483601,4.06317424628413
"NUSAP1","NUSAP1",0.612853841789071,0.000160201494972205,4.89751375193007e-05,389.61961803654,4.06046472026292
"LRMP","LRMP",0.538162108084968,0.000161499265990949,4.94064951661082e-05,568.675774477866,4.05841696210209
"IGKV1OR-2","IGKV1OR-2",2.33887326080789,0.000161906903366496,4.95355391994752e-05,5.81622470358897,4.05780765203907
"AC006058.4","AC006058.4",1.60376452118279,0.000162874593035952,4.98621520249923e-05,3.69824645292415,4.05627217492638
"AL590764.2","AL590764.2",1.28194881404568,0.00016417398311203,5.02819387764545e-05,8.81032108213384,4.05431260825679
"AC108752.1","AC108752.1",0.589082014362275,0.000164510877114326,5.03972624989411e-05,7.65793066568367,4.05377699162766
"ACTG1P3","ACTG1P3",0.7964580369679,0.000165036820525885,5.05815767755967e-05,2.80612980958833,4.05292335829263
"YEATS2-AS1","YEATS2-AS1",0.577269971909751,0.000165633856496289,5.07911874072294e-05,11.7629492133049,4.0519561429971
"TRAV41","TRAV41",0.727641241156106,0.000165920579345867,5.08880012799652e-05,12.3252660920709,4.05151068717508
"P2RX5","P2RX5",1.02226816827154,0.000167181152223376,5.13238925642485e-05,176.543537836024,4.04951498049995
"B3GAT1","B3GAT1",0.551665185675747,0.000167611621991848,5.14784991263444e-05,31.5366283433248,4.04881097951449
"LINC02577","LINC02577",0.618484848091842,0.000167628849029438,5.14882813619879e-05,52.9363659407871,4.04876650353483
"LCK","LCK",0.690738788361422,0.000168280215882319,5.17108966576727e-05,732.59179483851,4.04775651808885
"DRC7","DRC7",0.75281319739038,0.000170622705936669,5.24764365524481e-05,3.96765921529558,4.04431450596812
"MIR941-1","MIR941-1",1.47774078839776,0.000171911338116741,5.29234326008456e-05,0.810749991885052,4.04232666580918
"IL21-AS1","IL21-AS1",1.2414170881463,0.000172122031807252,5.29975186755871e-05,12.9119817694173,4.04199873480202
"LILRA1","LILRA1",0.560094097377044,0.000173072223766997,5.33086376878974e-05,270.707769381827,4.04062633811865
"MATK","MATK",0.714250276907943,0.000173233784582124,5.33769665539863e-05,566.716870517232,4.0403259449871
"LPO","LPO",0.71612864455215,0.000175526937119162,5.41258612465353e-05,10.290982232852,4.03705726154115
"AC060814.4","AC060814.4",1.79057551158509,0.00017619707949459,5.4356112137307e-05,1.57658579496018,4.03606090059032
"AC110079.1","AC110079.1",0.521368927495216,0.000176694455793755,5.45237533793284e-05,92.4935517764447,4.03533798174957
"AC026748.1","AC026748.1",0.68576689202621,0.000176983538345694,5.4627183284902e-05,8.5386128337656,4.03489301096627
"SIRPG","SIRPG",0.81389892826685,0.000177110529244787,5.46758705880672e-05,85.9160909473741,4.03468382720212
"AC008115.3","AC008115.3",0.717302175915967,0.00018056073308507,5.58135513651756e-05,15.3607588699819,4.02984538935813
"STEAP3-AS1","STEAP3-AS1",0.647962168505756,0.00018114592221983,5.60041474826411e-05,6.25614970014329,4.0290439538798
"CCNB2","CCNB2",0.669788053216243,0.000182107988676316,5.63308611115952e-05,162.070048385487,4.02767615061351
"ACTA1","ACTA1",1.71050934389388,0.000182225419230907,5.63720679055824e-05,342.673589564278,4.02750417022493
"TMEM171","TMEM171",0.623269548191952,0.000182333111721979,5.64223737027895e-05,18.1701029566662,4.0272943756535
"AL135818.1","AL135818.1",0.547691285434189,0.00018829782001516,5.83968937833369e-05,33.7600095350181,4.0191967380978
"AC114737.3","AC114737.3",1.04945968685639,0.000189629548674761,5.8850549588719e-05,2.77009979550895,4.01737293491497
"AL121935.1","AL121935.1",1.59073594696408,0.000189815908102995,5.89134710356911e-05,1.41601763088076,4.01712102796743
"LILRP1","LILRP1",1.52483541602316,0.000191946567801939,5.96261958335525e-05,1.1281317246724,4.01428527642039
"AL135999.1","AL135999.1",0.546083155408262,0.000194600641716191,6.05184376497021e-05,68.5608730064874,4.01078017417737
"IGKV6-21","IGKV6-21",1.58926701020203,0.000195999663191163,6.0995527904117e-05,575.86689237735,4.00892598928428
"DERL3","DERL3",1.23450358605442,0.000196444809150522,6.11603751662263e-05,2390.61754974436,4.00828851035704
"LAT","LAT",0.590312030376626,0.000197730960642263,6.15872898069904e-05,465.670433263784,4.00664512503309
"AL022238.3","AL022238.3",0.856305139934821,0.000198971219696867,6.20162419616229e-05,3.40919802882695,4.00500472332751
"AF064858.1","AF064858.1",0.526768264234544,0.00020066138268004,6.25914266581205e-05,14.9587699645102,4.00282187659013
"AQP9","AQP9",0.757862005105448,0.000201386281998329,6.28337286357082e-05,2008.03396729651,4.00190801153972
"CH25H","CH25H",0.680153961288744,0.00020350917407999,6.35342522407107e-05,186.246991796766,3.99928456249797
"TRBV12-3","TRBV12-3",0.819194249905381,0.000204622040008878,6.39036116695732e-05,24.6443012612217,3.99791232227679
"POLR2J2","POLR2J2",0.558594782410291,0.000206658177454377,6.45948690668693e-05,27.9222761330362,3.99536422289952
"JAKMIP2","JAKMIP2",0.59064249622044,0.000207238119624982,6.47927984862931e-05,103.293723049955,3.99463937203713
"TTBK1","TTBK1",0.615800319769028,0.000209210687815762,6.54431524863763e-05,5.74730547177855,3.99227233503637
"AC139495.3","AC139495.3",0.506167703153308,0.000213015968343788,6.67247993437618e-05,294.333781966109,3.98767209759536
"ST14","ST14",0.666701360229811,0.000213135984026827,6.67681034547507e-05,1378.36374289728,3.98751813017444
"STAP1","STAP1",0.842414556031462,0.000215232940299527,6.74884414523315e-05,69.0941232550608,3.98497073927604
"TRAJ18","TRAJ18",1.45170104367229,0.000217260748938116,6.81708498999084e-05,0.844742232981482,3.98258110357517
"TEX52","TEX52",0.900636432602532,0.000218071042407155,6.84426276225762e-05,6.32202517082949,3.98163569828421
"AC003070.1","AC003070.1",0.945779301133968,0.000219325850377254,6.88775900188033e-05,9.31723180681848,3.98013000549959
"LINC01010","LINC01010",0.908691213032318,0.000224290174397688,7.05745034160749e-05,44.9467362921224,3.97434061689078
"MIR663B","MIR663B",0.66133415252663,0.00022699363672858,7.15532014069541e-05,49.5136276784089,3.97106117425143
"TERT","TERT",1.66040050497633,0.00022738407695094,7.16945534270733e-05,2.28307178483049,3.97059103952816
"CTAGE7P","CTAGE7P",0.974569542803392,0.000228687780269866,7.21607584663133e-05,2.67252683475888,3.96904663923946
"SNAP25","SNAP25",0.742062616311051,0.000229051225266957,7.22815778794366e-05,41.8665069464331,3.96864793999581
"NAMPT","NAMPT",0.521185829067543,0.000233572906184548,7.3852419845239e-05,11095.9285625147,3.96352081869541
"TRGV4","TRGV4",0.682846416905197,0.000234059425870729,7.40125216120447e-05,20.0620296368212,3.96300406303457
"PTGS2","PTGS2",0.573924325173033,0.000235708499644345,7.45908177075625e-05,235.481628325713,3.96114627876552
"POM121B","POM121B",0.739193593450733,0.000236475296470903,7.48651529378718e-05,10.395281179869,3.96026973171607
"AC021106.3","AC021106.3",0.61619778579467,0.000238255890363538,7.54416341750741e-05,5.19214911755363,3.95843763267676
"CAMK2N2","CAMK2N2",0.611637644943194,0.000241883296794718,7.66874327083003e-05,15.6309439916026,3.95452319352053
"HAO1","HAO1",1.3792824831576,0.000242363606539925,7.68462052834305e-05,1.66819253519403,3.95402863881727
"AL391825.1","AL391825.1",0.591637196469382,0.000242599822871933,7.69341023902742e-05,4.82240035012691,3.95375526676253
"TRBV6-1","TRBV6-1",0.860783053041122,0.000247637329617859,7.86119846404681e-05,14.8961092538027,3.94859266773749
"AMZ1","AMZ1",0.610449616489728,0.000250424460695081,7.95630912553191e-05,33.6510325370897,3.94571232774745
"NPIPB5","NPIPB5",0.535368189017725,0.000251105907288552,7.98057177558196e-05,1270.9725769005,3.94498276701886
"TRBV19","TRBV19",0.758939311422011,0.000252907017941309,8.04399220314895e-05,35.2960811613643,3.94308561737865
"STAT4","STAT4",0.508002913129282,0.000253466872260202,8.06247811663884e-05,212.341303038402,3.94253529341163
"TRBJ2-7","TRBJ2-7",0.895754895850733,0.000257141801463194,8.18970767085439e-05,5.79131513656293,3.93877971951293
"C5orf58","C5orf58",0.644248970949255,0.000257638825603051,8.20829856990565e-05,8.02822601944954,3.93823557525348
"OR13A1","OR13A1",1.12242368292175,0.000258322209869615,8.23145524737919e-05,1.72146617684787,3.93755942019626
"AC011511.5","AC011511.5",0.716190103301319,0.000263412509838606,8.40071565685752e-05,13.8693047624146,3.93267106510231
"FCRL6","FCRL6",0.541701348185014,0.000264072764728047,8.42318748248372e-05,67.3303636364708,3.93202907570622
"HSF5","HSF5",0.966567883723685,0.000266775942160347,8.51727387075715e-05,6.07337524282938,3.92935861227819
"SKA3","SKA3",0.679711889995932,0.000268892109453358,8.59333732965265e-05,66.0126224026291,3.92721999488745
"WISP1","WISP1",0.739009129901277,0.000269015379653839,8.59814179966948e-05,1848.74091541112,3.9270855126308
"EIF4A2P1","EIF4A2P1",0.637381907837877,0.000270036523385333,8.63656720963139e-05,5.90937621403733,3.92601249200254
"SMPD5","SMPD5",0.796986519931913,0.000271212770383525,8.67636706154192e-05,6.8040978439772,3.92490583565768
"GHRLOS","GHRLOS",0.530406617391362,0.000275130564888952,8.8142329512022e-05,13.2542142177707,3.92110913474865
"IFI30","IFI30",0.703461225665654,0.000276458981269104,8.85975370404241e-05,45744.5625726005,3.91986784830108
"AL049634.1","AL049634.1",0.664588472016429,0.000278741611181016,8.93813359755218e-05,7.42758297857548,3.91774459026793
"Z94721.2","Z94721.2",0.755055980699043,0.000278888850670795,8.94434944278172e-05,9.77595607088431,3.91757696082607
"ADAMTS16","ADAMTS16",0.678664160138601,0.000280382842003427,8.9945175020953e-05,495.334917963014,3.9162280385604
"RNA5SP39","RNA5SP39",1.1444275302403,0.00028565703281759,9.18131384315252e-05,1.28248942204969,3.91126717264805
"LINC02520","LINC02520",1.05975220573907,0.000285921086925127,9.1928651048992e-05,3.69825349826133,3.91096353730716
"AC008735.4","AC008735.4",0.5796980956098,0.00028603778790902,9.1989440515249e-05,7.79229504252718,3.91080389139821
"LINC02576","LINC02576",0.960847492643976,0.000287145381269498,9.23915248952495e-05,27.9094111915951,3.90975043575519
"CYP24A1","CYP24A1",1.30945124058614,0.000287747603410256,9.26084240860595e-05,2.28091903417407,3.90918395933602
"BEND4","BEND4",0.84298427421447,0.000289358557999688,9.31579035159083e-05,16.6576275934693,3.90775447078946
"CKM","CKM",1.52873139133254,0.000293595113987285,9.45847774986769e-05,209.888333458572,3.90407927143327
"AC112255.1","AC112255.1",1.3220512779113,0.000294477228337595,9.48847399187611e-05,1.63963933950141,3.9033133226417
"TCHH","TCHH",0.636699930828152,0.000295473354283304,9.52215391399292e-05,63.2657353323298,3.90245603199113
"ASB5","ASB5",2.1736824602324,0.000297835118812955,9.60784189509949e-05,3.54572748711395,3.9002877676077
"AC098935.2","AC098935.2",2.00504178015884,0.000304279402585679,9.82958700258697e-05,1.18847959779948,3.89476033607056
"AC129510.1","AC129510.1",0.953111316960359,0.000304416487314814,9.8348310801437e-05,5.13542582314702,3.89463104738485
"KLHDC8A","KLHDC8A",0.69416130386372,0.000310636935747636,0.000100607648884533,15.8439847500887,3.88912172862159
"RPS2P36","RPS2P36",1.40684989653977,0.000310755747794285,0.000100654455297943,1.10696541261632,3.8890088322112
"COL22A1","COL22A1",1.12005768576835,0.000310777199660589,0.000100669730297578,731.702290641908,3.8889719998521
"AC111170.3","AC111170.3",0.53125923290237,0.000312532978489439,0.000101313841511768,19.6895066581451,3.88742364660534
"CD300LF","CD300LF",0.598212407353465,0.000312774498735763,0.000101408895565776,180.825849394404,3.88719593715594
"AC006128.1","AC006128.1",0.916185647054464,0.000314898862115523,0.000102148287212513,30.8321674451138,3.88543151384527
"IGKV2D-40","IGKV2D-40",1.63570873756367,0.000319251084876127,0.000103731155220448,211.121927959081,3.88169446202786
"KCNAB3","KCNAB3",0.540593012460145,0.000319605541651735,0.000103889141583443,25.8393923255838,3.8813244252157
"ABCG4","ABCG4",0.540929832911598,0.000319633134473518,0.000103923802664206,9.54569368909094,3.88124331282184
"GPR3","GPR3",0.592078909569735,0.000319795255724494,0.000104002218845857,17.7432183668783,3.88105990077275
"IGHV7-81","IGHV7-81",1.78189405166892,0.000321007003373453,0.00010446510363513,35.3857219644812,3.87997988502867
"POU5F1P3","POU5F1P3",0.703732278587934,0.000324907266440229,0.000105830121858207,6.78027548456731,3.87682108199279
"MTND4P9","MTND4P9",1.33658233137003,0.000331161091849803,0.000108088964470013,0.711384327876385,3.87167736119547
"CACNA1S","CACNA1S",2.04490153717839,0.000334955820221528,0.000109399336829848,6.17439340021503,3.86873974185677
"LILRB1-AS1","LILRB1-AS1",1.42281899985905,0.000336740540712531,0.000110018330612453,0.846588106982699,3.86736359594008
"AL049836.1","AL049836.1",1.02759131424997,0.000337217947291183,0.000110183341832542,3.09800404518018,3.86699797647315
"MIR3653","MIR3653",0.669821578878312,0.000337500082472465,0.00011028456999261,4.91079283083302,3.86677393828328
"AC007731.2","AC007731.2",0.761309162051563,0.000338945712431101,0.000110784201322161,4.67011146780549,3.86567098802713
"AP4B1-AS1","AP4B1-AS1",0.5055204490631,0.000339102600773309,0.000110853651422317,18.1930306499018,3.86551804659409
"IGKV1-32","IGKV1-32",2.36475382362469,0.000339255649935644,0.00011092139248136,1.71939819476129,3.86536895583044
"IGLV2-28","IGLV2-28",1.63966087426598,0.000340836191566625,0.000111466027764709,11.5768664566682,3.86417338419298
"GPR88","GPR88",0.682978211625611,0.000341346561845071,0.000111676288480907,238.550729858168,3.86371329825704
"CNR2","CNR2",0.70785880227745,0.000344602890405435,0.000112785643676654,52.193095219371,3.86129928872953
"HMCN1","HMCN1",0.511598039703982,0.000346058776507925,0.000113359445960558,2556.07719070057,3.86005944249199
"LINC00656","LINC00656",1.13995873145516,0.000349060813969525,0.000114436356127083,1.48316560313277,3.85774840003463
"JCHAIN","JCHAIN",1.10036771889117,0.00034935087701987,0.000114559531223272,25371.5847560329,3.85748537559622
"AC112702.1","AC112702.1",0.673106112938287,0.000349824158201002,0.000114742848771446,14.4993775028205,3.85709441821889
"PBK","PBK",0.664029413199604,0.000350361493254458,0.000114947257318566,161.820692189083,3.85665917458659
"IGHV3-79","IGHV3-79",1.73533655419214,0.000352610201073773,0.000115741702793312,2.09952153241334,3.85497447845563
"AL683807.1","AL683807.1",0.730998244876014,0.000357428772269821,0.000117467012851636,7.00090781207143,3.85135304196824
"CA9","CA9",1.23150982646295,0.000359063236893499,0.000118061893287169,44.6992601382555,3.85011600554736
"SLC15A2","SLC15A2",0.568837395683566,0.000365169658648904,0.000120187125548406,62.2606823452673,3.84574414312168
"TRBV12-4","TRBV12-4",0.81847542276685,0.000365213817043689,0.000120211444481465,13.6552282148081,3.84569453920068
"CEND1","CEND1",0.500298684177385,0.000369544964561032,0.000121726168697943,12.1783696380423,3.84262341657794
"SLAMF9","SLAMF9",1.31980333381475,0.00038199511407225,0.000126134227844128,96.4031163372358,3.83388675675464
"CLEC7A","CLEC7A",0.56324061494204,0.000384645225664713,0.000127071125912866,1120.09348986332,3.83206698833718
"RASD2","RASD2",0.510331134893661,0.000392306492524756,0.000129843852374094,87.3714719732399,3.82675458357116
"AL359921.1","AL359921.1",0.686161101052592,0.000393025472122223,0.000130144999329061,5.24730564550977,3.82618405230235
"IGKV1D-13","IGKV1D-13",1.67913904622735,0.000397922361037853,0.000131883814431805,832.316656701032,3.82291394944995
"AC140658.1","AC140658.1",1.49778150730569,0.000400409826832992,0.000132783335388686,9.85757888618649,3.821238176921
"AC093788.1","AC093788.1",0.576729035308278,0.000405951823770219,0.000134719054985343,9.74212491720277,3.81766798654578
"CD7","CD7",0.657036735130839,0.000406659665890482,0.000134975750637711,645.663365231027,3.81719817823166
"TRAV39","TRAV39",0.924372478334134,0.00040943684379104,0.000136018203953731,4.41157859736568,3.81529887455045
"AC020916.2","AC020916.2",1.12524112977342,0.000412250201225082,0.000136997005755022,0.925790643834625,3.81352798303841
"AC002480.1","AC002480.1",0.538862844987467,0.000412843761835423,0.000137216377717987,16.8083776988091,3.81313272100431
"LHX2","LHX2",0.842683669097572,0.000413313230896093,0.000137394562487684,21.1577046754991,3.81281210749544
"C10orf71","C10orf71",1.57981295867398,0.000417624010880547,0.000138950646172994,8.71885107460121,3.81002872556638
"PYY","PYY",0.582359356664801,0.000418943720934801,0.000139423410704691,5.6676035874811,3.80918890120383
"C1QTNF6","C1QTNF6",0.663177563365522,0.000424411861373707,0.000141425135168791,1507.20568407858,3.80566248076056
"WDR45P1","WDR45P1",1.05570342565514,0.000427008224581109,0.00014233607486037,1.79353891284834,3.80407322511312
"IGLV1-36","IGLV1-36",1.46927665750723,0.000428577434548322,0.000142882110711485,577.49953925853,3.80312517852151
"IGLV8OR8-1","IGLV8OR8-1",2.78852984704902,0.000434410163545631,0.000144989615177985,0.904840565166585,3.79949777286516
"MYLPF","MYLPF",0.984509044841658,0.000434565773859241,0.000145053195368497,35.9496756278484,3.79938911291779
"FAM32BP","FAM32BP",1.41955446827853,0.00043996925597391,0.000146962910650986,0.785055811772134,3.79614609696564
"IGKV2-10","IGKV2-10",3.10343422091503,0.00044001620354643,0.000146990381957959,1.13090861215179,3.79609973623639
"SRGN","SRGN",0.546877039270116,0.000454392182115978,0.000152145837684628,19690.5090546068,3.78754058675509
"MYBL2","MYBL2",0.728561462521114,0.000458260450447922,0.000153539290326374,336.020223015709,3.78527403875289
"NLRP7","NLRP7",1.09864406459639,0.000460570285912721,0.000154436597492102,11.4101398058807,3.78382473264558
"MTX1P1","MTX1P1",0.522095624195623,0.000466553307501449,0.000156667808132135,12.9592018474692,3.78025501628413
"AC232271.1","AC232271.1",0.62522419092784,0.000468260030718538,0.000157253469041239,18.3976279670075,3.77932594580198
"AC133065.2","AC133065.2",1.14704776919626,0.000475810308882032,0.000159942023289499,2.94080299334776,3.77510228163472
"ULBP2","ULBP2",0.566310461988784,0.000475820784134781,0.000159958293238461,36.0383604170134,3.77507692585715
"FUT8-AS1","FUT8-AS1",0.567668761174388,0.000478284708345735,0.000160863487497361,48.4232442807841,3.77367004250028
"TOMM20P2","TOMM20P2",0.618207493398224,0.000480419436927319,0.000161645829352766,10.6812264942939,3.77246008917697
"AC090502.3","AC090502.3",1.32174491046919,0.000480906348117648,0.000161826376862884,1.75519990582178,3.77218164089434
"AC126177.7","AC126177.7",1.39498022268765,0.000484497770201157,0.000163173833063487,1.47756782150312,3.77011271876617
"TRGV5","TRGV5",0.709230044407366,0.000485615185750205,0.000163576189353792,22.1758301177801,3.76949804592147
"HSH2D","HSH2D",0.712588384623369,0.000486928684958411,0.000164083864392518,289.260653343368,3.76872450605801
"EPSTI1","EPSTI1",0.513534179908101,0.00048864413123814,0.000164701207592525,1751.21897737636,3.76778689406509
"TYMS","TYMS",0.546191519472911,0.000490285107929089,0.000165306406103308,582.638618590863,3.76687093131146
"MIR3142HG","MIR3142HG",0.657665481444625,0.000492380534717486,0.000166092514859286,30.3193044807473,3.76568586153957
"AC026362.1","AC026362.1",0.692710360889714,0.000494314608164594,0.000166784659877736,58.6859069702105,3.76464680362024
"IGHV5-78","IGHV5-78",1.43041980072243,0.000496805131055232,0.000167664909861793,12.3431538028566,3.76333120419853
"AC018755.2","AC018755.2",0.713870839833757,0.000498597904894985,0.000168310023411085,130.022253689287,3.76237115319519
"MYBPC3","MYBPC3",0.788751331752028,0.000499311578692503,0.000168579352303251,14.3254946226337,3.7619713647352
"IGKV1-17","IGKV1-17",1.38839508936,0.000501195065063472,0.000169267309571178,2429.89678498175,3.76095289053962
"TNFSF14","TNFSF14",0.521115124054198,0.00050153201950938,0.000169394545935087,198.489497519128,3.76076495247635
"GPR183","GPR183",0.516799663058415,0.00050574142331569,0.000170884041728537,1530.96970645971,3.75857467187208
"NPIPB11","NPIPB11",0.523914946514858,0.00050719265042117,0.000171453498724204,84.0426980717293,3.75774203629051
"RPL7AP64","RPL7AP64",0.532259992281489,0.000509393437497623,0.000172213551813761,55.2013233462573,3.75663476272686
"RF00592","RF00592",1.02635971786587,0.000509531275685233,0.000172273803495752,1.66356724236153,3.75654718257229
"LINC00528","LINC00528",0.533440930065621,0.000510850572821596,0.000172760923027468,24.9909021851855,3.7558401753964
"TRAJ3","TRAJ3",1.32052075414603,0.000516291365393125,0.000174794568847829,1.20983179107048,3.75290864343414
"KIR3DX1","KIR3DX1",0.533569311988787,0.000521790063240677,0.000176885503523006,15.9418912526145,3.74992778382197
"AC055811.4","AC055811.4",0.531449127332334,0.000527336650487838,0.000178943779396846,24.8001876129972,3.7470256709176
"IGHV3-76","IGHV3-76",1.92845293077549,0.000528139412425765,0.000179258636138831,0.757067980388185,3.74658450197413
"AL031716.1","AL031716.1",0.656106908870237,0.000530950838813065,0.000180284006652144,3.32917016207427,3.74515281280604
"IGHV3-52","IGHV3-52",1.7693284940117,0.000532145144239241,0.000180817852778235,10.8844448951653,3.74441044994699
"AC093668.3","AC093668.3",0.683809289181149,0.000535510940009951,0.000182119346289053,52.5556334825301,3.74260920208278
"CRP","CRP",0.966415631643818,0.000535804301421712,0.000182233470038508,2.20812505321125,3.74245183411909
"LINC00189","LINC00189",0.516844616920206,0.000536808856413431,0.000182589514030718,15.0093162842517,3.74196147130403
"IGKJ1","IGKJ1",1.27844264054784,0.000540706429163007,0.000183987665792412,456.558566668989,3.74004451823635
"IGKV2D-28","IGKV2D-28",1.46530061190542,0.000543500248213969,0.000184982012514054,938.408748604984,3.73868952208015
"IL5RA","IL5RA",0.636189308333638,0.000543538500023646,0.000185009594735161,77.3831841439142,3.73865203347337
"AC012020.1","AC012020.1",0.635306683694407,0.000544633798545038,0.000185411597254059,6.29882316052819,3.73810624387017
"AL117328.1","AL117328.1",0.712628094538664,0.000545784624927255,0.000185876493514732,5.4044167921879,3.73747645022292
"TRBV18","TRBV18",0.803382375434294,0.000550174162023954,0.000187464139980881,20.9458490602482,3.73533677618104
"CDCA3","CDCA3",0.535854385046068,0.000561130193721545,0.000191523659347286,92.7515850761936,3.72994225494284
"NAPSB","NAPSB",0.671333813241546,0.000564422803373467,0.000192768466484516,689.662233304387,3.72830960349841
"IGLV4-3","IGLV4-3",1.65747048428672,0.000572027777155812,0.000195503746360141,10.536824016268,3.72475662034985
"LAMA1","LAMA1",0.500628549363172,0.000582238706898235,0.000199196368147887,102.969253761453,3.7200334828596
"AC107884.1","AC107884.1",0.555479030201428,0.000583293458673599,0.000199604106159184,57.7549913296136,3.71951700898274
"AC084018.1","AC084018.1",0.72219319044504,0.000589571919902954,0.000201942164993151,19.0012516935713,3.71657443568252
"MIR6774","MIR6774",1.18890585834114,0.000590270472916697,0.000202197250924094,1.16291222483197,3.71625533512131
"SLC12A5-AS1","SLC12A5-AS1",1.04716661699662,0.000598236264408936,0.000205198420731538,4.2212836642339,3.71252914729784
"IGKJ3","IGKJ3",1.37304854868221,0.000601444549491783,0.00020646002647399,96.1566819114153,3.71097802699327
"IGKV2OR22-4","IGKV2OR22-4",1.82230886945494,0.000610626598091163,0.000209775587190871,16.0272663628217,3.70694365985491
"IGHV7-4-1","IGHV7-4-1",1.44681214136684,0.000617931854134392,0.000212566703513422,1059.15378535539,3.70359359550575
"CAMKV","CAMKV",0.86805836558059,0.000628034993785467,0.000216378693703275,12.9221045765058,3.69908434116327
"CD300A","CD300A",0.569664117589934,0.000631149175029301,0.000217603825637731,1052.44426182572,3.69765094704163
"LINC01800","LINC01800",0.985141054595271,0.000631475831782168,0.000217733367607232,2.93620084627025,3.69749982724901
"OR6R2P","OR6R2P",0.940867573297843,0.000643639297306648,0.000222254997285537,2.12704082335895,3.69227723022783
"SIGLEC12","SIGLEC12",1.10862182777677,0.000645035360281233,0.00022277163663224,28.5978611131922,3.69168686188798
"TBC1D29","TBC1D29",0.807776241202981,0.000645284904107231,0.000222875109151095,2.73805392833641,3.69156877743107
"CD2","CD2",0.610441961982956,0.000655655771040234,0.000226738178517705,811.428182873339,3.68719660334944
"PI15","PI15",0.869789520574338,0.000656986704098274,0.000227268851287753,180.510878884755,3.68660146511155
"AC110597.3","AC110597.3",2.11926023115184,0.000657219875013927,0.000227402338127424,6.46070721411322,3.68645196777586
"AL139022.1","AL139022.1",0.593848933828958,0.000659626069944126,0.000228340937858107,4.27951113115314,3.68540311156437
"VAT1L","VAT1L",0.63329252662132,0.000666112488463479,0.000230782643097319,1070.44209234331,3.68269342029952
"TRAV13-2","TRAV13-2",0.698229387599992,0.000670268402644657,0.00023227638506567,15.0616491765255,3.68104896901037
"LOX","LOX",0.583672292914622,0.000673381298353922,0.000233427303220616,4434.2867027031,3.6797886855868
"KCNH8","KCNH8",0.87828537340846,0.000676340784434681,0.000234561935367535,6.60293090937939,3.67855193078737
"AC091808.1","AC091808.1",1.04732414866279,0.000681778676058421,0.000236539186996771,3.60318299254291,3.67641007049015
"IDO1","IDO1",0.845684217415043,0.000688667879804103,0.000239178444465643,238.365645716865,3.6735771207734
"BTBD6P1","BTBD6P1",1.24569728601267,0.000692417109511583,0.000240619722700888,1.94441049239842,3.67204242671873
"RN7SL680P","RN7SL680P",0.92850796491268,0.000700209243237761,0.00024360895489222,1.85608363462193,3.66888675111662
"TTN","TTN",0.569751282094152,0.000700820733102849,0.000243859251957418,442.760213762124,3.6686241679592
"AC116348.4","AC116348.4",1.1581490777208,0.000702503082009302,0.000244557579630439,2.28317890252446,3.6678928966315
"AL353753.1","AL353753.1",1.36012480512645,0.000718885892984763,0.000250723084129965,2.48485866705793,3.66152020418168
"AC104561.2","AC104561.2",1.14598277969749,0.00072301663430033,0.000252260606378343,1.16607766020051,3.65995392177244
"FREM3","FREM3",0.83512468617283,0.000723138374587705,0.000252322456722548,8.8442433136739,3.65989110198364
"MKNK1-AS1","MKNK1-AS1",0.591889179896819,0.000723267978871963,0.000252387057761392,10.7330509220818,3.65982550380297
"AC244197.3","AC244197.3",0.649324197684854,0.000730142703869109,0.000254962083956973,48.7428448079113,3.65722347096751
"AC108463.2","AC108463.2",0.586640866306545,0.000733518406412837,0.000256239128226846,5.21604870588934,3.65594216170393
"CLEC4C","CLEC4C",0.843412354305176,0.000735903669486901,0.000257131520879315,20.0723398463416,3.65505033814453
"AC092574.2","AC092574.2",0.601796915659842,0.000735931972906443,0.000257161128276018,4.40777100630042,3.65502079939938
"AL031283.3","AL031283.3",0.692198473542966,0.000737339566597732,0.000257751770366814,7.84906132758292,3.65443219223389
"NCF1","NCF1",0.536983727323627,0.000740059107602034,0.000258761925734977,4879.61174189897,3.65342844213433
"TRAJ6","TRAJ6",1.56746763617017,0.000747149438001828,0.000261461265432625,0.823605690271235,3.65076413705496
"NUDT10","NUDT10",0.517023023103732,0.000753897755596752,0.000264186392986896,72.205843735574,3.64810041175829
"E2F2","E2F2",0.529096630545577,0.000790430995485083,0.000278089901715152,144.034424482263,3.63489868344631
"CCL7","CCL7",1.26719321470258,0.000794248727199342,0.000279496899580317,198.025193378002,3.63359737164192
"AURKB","AURKB",0.642964402564969,0.000795429733695624,0.000279933808967447,122.03854024027,3.63319452945909
"TEDC2","TEDC2",0.550818544879702,0.000804096365461053,0.000283199279907444,31.8584245536503,3.63020220042832
"ACOD1","ACOD1",1.22389466157854,0.000807040069081085,0.000284344155304136,9.0559378067696,3.62916073882309
"AC004837.2","AC004837.2",0.723011946160384,0.000810460883764153,0.000285679698491579,3.00276771252494,3.62795078538018
"AC013444.2","AC013444.2",1.18249856276568,0.000811845299066335,0.000286189443501749,0.990175687514463,3.62749037193242
"IGLV2-23","IGLV2-23",1.28242831214894,0.000813032370832967,0.000286695041463245,6118.25321964407,3.62703446253446
"AL590233.1","AL590233.1",1.46571593957908,0.000814617439433357,0.000287319453760435,0.795498682162832,3.62647245395258
"KLHL41","KLHL41",0.919762873437353,0.000815368043540304,0.000287606041668893,45.3264084589222,3.62621489063594
"TCTEX1D1","TCTEX1D1",0.500961791050491,0.000821235461773156,0.00029000571728345,102.187361415862,3.62406763218085
"LGMNP1","LGMNP1",0.832802225146313,0.000822227894392732,0.000290422268622013,1.43548910723821,3.62369659343118
"AC012651.1","AC012651.1",0.692935962820115,0.00082457028397359,0.000291334290474917,48.2054601931819,3.62288595710623
"TNF","TNF",0.563106785274424,0.000835764036458904,0.000295696061448432,162.450818482458,3.61904163919494
"SPOCD1","SPOCD1",0.53674951125746,0.000837472966152231,0.000296368001954255,149.692273395484,3.6184541406034
"IGKV1-12","IGKV1-12",1.28661599667945,0.000848875909614218,0.000300653501840429,4977.61855894528,3.61473628597285
"TRAV30","TRAV30",0.810711702023651,0.00084961078587105,0.000300982070326261,3.15288939390543,3.6144532910173
"AC099524.1","AC099524.1",0.675732271361521,0.000859858090606709,0.000304842650775875,16.099834317907,3.61114968226716
"AC007283.1","AC007283.1",0.578718784008053,0.00086620023582059,0.000307253568095512,20.9962728358619,3.60910640803438
"IGKV2D-29","IGKV2D-29",1.39318784971407,0.000866516265533557,0.000307388885021684,648.654923611489,3.60899217116631
"AL445931.1","AL445931.1",0.702368960857109,0.000866955302097383,0.000307567857757186,3.41668574430214,3.60884115161984
"AC105339.5","AC105339.5",1.2642272947323,0.000867359959743312,0.000307734656563538,1.19082192045836,3.60870047865535
"AC140658.5","AC140658.5",2.66954425920924,0.000867531750794487,0.000307818850997277,3.96860893958983,3.60862949878058
"IGKV1OR9-1","IGKV1OR9-1",1.70619554769519,0.000868779839208913,0.000308335815672891,33.8797202973936,3.60819407127047
"AL355075.5","AL355075.5",1.35257530225565,0.000871445592294692,0.000309394355852878,2.48995902709902,3.60730461584872
"LINC02393","LINC02393",0.827138116639571,0.000877672266628369,0.000311840203835672,3.92288225240319,3.60526030149276
"RASSF6","RASSF6",0.818534795426958,0.000884818516531334,0.000314640070503546,106.710975045815,3.60293843518255
"SIGLEC11","SIGLEC11",0.521857908724664,0.000885356318276776,0.000314855033424099,75.4276510969416,3.60276097174509
"IGHV3-54","IGHV3-54",2.27060097560485,0.000889107345917826,0.000316346763377768,2.36350865212005,3.60153258402282
"MIR9-3HG","MIR9-3HG",0.532553590021112,0.000893707348408479,0.000318088267723876,22.7777548912215,3.60010535760233
"AC000078.1","AC000078.1",0.705630701437937,0.000908151596256711,0.000323594246942046,4.5450911285215,3.59564064054266
"CCDC154","CCDC154",0.860107287681051,0.000912276779940101,0.000325186353731563,9.46064538240916,3.59436287581205
"MEI1","MEI1",0.673923713456385,0.000916389395475147,0.000326725978232933,440.530423181916,3.59313278792661
"AC240565.2","AC240565.2",1.10126791832606,0.000936996700463362,0.000334650644834998,5.79225975710331,3.58688591772644
"KCNH1","KCNH1",0.678356756376141,0.00093982976372024,0.000335813566138122,44.9397332573191,3.58598087838745
"AC093162.2","AC093162.2",0.638544312819417,0.000947254020622986,0.000338692135566199,9.34033940084557,3.58375319345327
"AP000553.5","AP000553.5",1.09125703584049,0.00095076904730289,0.000340002531263609,1.54864203488669,3.58274495803496
"GTF2IP13","GTF2IP13",0.503462052147707,0.000961883988455241,0.000344312356610187,49.0285754433228,3.57945437249139
"AC104411.1","AC104411.1",1.17772577988343,0.000970650086832599,0.000347554263066497,0.631866845087153,3.5770044471638
"AC067945.3","AC067945.3",1.07616620009112,0.000975499563033438,0.000349578186522312,1.8484970516104,3.57548577341912
"AL513218.1","AL513218.1",0.963111387672536,0.000986952321519287,0.000354237689871457,1.67158829215137,3.5720204888019
"HLA-DPA1","HLA-DPA1",0.529111815810923,0.00100423351974311,0.000360924588962144,59594.6110342747,3.56712118767629
"WDR86","WDR86",0.562358889474081,0.00101115655560133,0.000363683669651213,175.509360392634,3.56512438441952
"SEMA3A","SEMA3A",0.707095060234359,0.00101170459109634,0.00036390788884785,980.805316755831,3.56496273531208
"CPZ","CPZ",0.665635131287671,0.00102584494825682,0.000369214028613291,592.522527951537,3.56116424252931
"IGKV1OR2-118","IGKV1OR2-118",2.17291964608445,0.00102661365050036,0.000369518200059531,2.92740520883001,3.56094804596961
"CYP51A1P2","CYP51A1P2",0.608904474651652,0.00102972568054291,0.000370665930340381,3.36458989257444,3.5601337669147
"SMYD1","SMYD1",2.3661972420824,0.00103700175573722,0.00037356291310685,5.33770181961079,3.55808888401844
"SERPINH1P1","SERPINH1P1",1.04938858850888,0.00103700192187615,0.000373618542010788,0.962755113744493,3.55804976269601
"ZNF80","ZNF80",1.07452745394966,0.00103729576671298,0.000373752202951428,6.53304532513436,3.55795578718358
"HNRNPA1P59","HNRNPA1P59",0.928693256858667,0.00104599687555628,0.000377277087966978,1.46346203071959,3.55548875080227
"SLC22A31","SLC22A31",0.94996819823811,0.0010522586169912,0.000379791973568268,4.32608670726968,3.55374173918679
"ZNF683","ZNF683",0.691883920881501,0.00105276084728594,0.000380029657194853,35.0973842198737,3.55357718756345
"TNFSF11","TNFSF11",0.769259867165056,0.00105478471167402,0.000380929805445814,209.438453735605,3.55295487336914
"AC008760.2","AC008760.2",0.647281860324522,0.00106188012102328,0.000383662980789297,22.9474753547528,3.5510736897719
"TRBV7-2","TRBV7-2",0.725635136573726,0.00106627300422632,0.000385478703373944,43.7443111249037,3.54983088026561
"SLC12A8","SLC12A8",0.598875667915356,0.00108150141755416,0.000391534634246759,216.509672837011,3.54572495909518
"BX255925.1","BX255925.1",0.532951986629324,0.00108825163114588,0.000394299140154483,8.08272124135005,3.54387031746144
"AC116552.1","AC116552.1",1.04155099516861,0.00108926238180598,0.000394694543620398,1.18359246552116,3.54360604440751
"MZB1","MZB1",1.11224968770418,0.00109966957287423,0.00039884861902844,3519.71479434654,3.54084446666228
"TRAJ4","TRAJ4",1.33397390886461,0.00110384684572356,0.000400600314158176,0.853140643816978,3.53968800863131
"YIPF7","YIPF7",1.05183377505601,0.00111234494840381,0.000404101630506853,1.91077869402733,3.53739055209661
"PGF","PGF",0.514025629961374,0.00112609239340763,0.000409548486137641,2406.36739932883,3.53385319597654
"AP000786.1","AP000786.1",0.795573002250631,0.0011282832482391,0.000410405738501566,3.30861993455804,3.53330047632991
"SAPCD2","SAPCD2",0.589686129523621,0.0011318213478744,0.000411874649594891,135.275840486889,3.53235588745421
"FAM72C","FAM72C",0.560652347387627,0.00114888652031961,0.000418577255400319,21.1571409898189,3.52808529548384
"L1TD1","L1TD1",0.708795674062557,0.00115158775210972,0.000419653967163528,99.0412999681072,3.52740522518327
"AF111169.3","AF111169.3",0.691361806870863,0.00115809003920881,0.000422240689482448,4.49695223074948,3.52577804161735
"RASGRF1","RASGRF1",0.515757978047806,0.00116416365470236,0.000424611093198918,29.3140939947127,3.52429508664365
"TRBJ2-5","TRBJ2-5",0.936952999556923,0.00116711942247327,0.000425814247938763,2.2837730178973,3.52354533278481
"AC109449.1","AC109449.1",0.67227043710953,0.00116972271369872,0.000426826719123943,4.00983740056321,3.52291593574848
"CCL20","CCL20",1.03209240875238,0.00117590211470059,0.000429424361927716,81.7661098447802,3.52130747976073
"AL451062.3","AL451062.3",0.599751076304623,0.00117754860533194,0.000430124055850022,30.9745527946473,3.52087578355646
"IGHD3-9","IGHD3-9",1.59021945899711,0.00117811989569381,0.000430366989637715,1.04016881024211,3.52072605192894
"AC011816.2","AC011816.2",0.991107490403019,0.00117956110108781,0.000430985578210071,1.33410636815214,3.52034514242024
"C4A-AS1","C4A-AS1",0.50399075723393,0.00118283646805475,0.000432404168210995,8.79865525518716,3.51947353833026
"C4B-AS1","C4B-AS1",0.50399075723393,0.00118283646805475,0.000432404168210995,8.79865525518716,3.51947353833026
"SLC2A14","SLC2A14",0.724354085172853,0.00120192241339492,0.00043989658299104,15.3856218233583,3.51491390048826
"TRAJ7","TRAJ7",1.50125379868574,0.0012032004247779,0.000440535694233979,0.50765489908166,3.51452832122816
"TRGVA","TRGVA",1.2128763322317,0.00120806922846245,0.000442534696876957,0.695247682065448,3.51332567389298
"AC035139.1","AC035139.1",1.51576662685656,0.00120889154284711,0.000442868313515755,0.748489819506953,3.51312545614068
"ADGRE4P","ADGRE4P",0.748465342829731,0.00121395970475909,0.000444952676931231,19.7573797071059,3.51187771786884
"SPATA20P1","SPATA20P1",0.669241364521271,0.00122408241072813,0.000448794140567578,53.2526908430336,3.50959237209463
"HJV","HJV",1.91309928799156,0.00123053666734361,0.000451622090112607,2.96301898175468,3.50792161898008
"LTA","LTA",0.704112280753848,0.00123238461777252,0.000452333330087768,44.3882440545496,3.50750295500645
"PTPRVP","PTPRVP",0.58756980484014,0.00123608663049115,0.000453990181142263,7.07280101827922,3.50653004448398
"PAQR5","PAQR5",0.619772942625869,0.00125100297239738,0.000460004951187784,227.323346522324,3.50302577346918
"SETP9","SETP9",1.37318232336346,0.00125147222122193,0.000460211029024222,1.00476000025847,3.50290646935255
"GUSBP11","GUSBP11",0.582278828578091,0.00125604522418003,0.000462094605825256,85.3931427324645,3.50181831912996
"IGKV1OR2-3","IGKV1OR2-3",2.04326261258015,0.00126470744198969,0.000465586374432343,5.22371073001574,3.49981201162781
"AC021678.2","AC021678.2",1.37377361237456,0.00128199230456456,0.000472670902743961,2.12843098754087,3.49578414256098
"AC090948.3","AC090948.3",0.849434286535673,0.00128587914306833,0.000474241792040713,2.864951926639,3.49489865481118
"DPEP1","DPEP1",1.16258643183814,0.00128711998832778,0.000474733910975008,33.6556268569755,3.49462181722157
"ESM1","ESM1",0.556348452299543,0.00132452089561449,0.000489841704101138,67.5277241779396,3.48625070481924
"LINC01411","LINC01411",0.80636048034562,0.00133833931553245,0.000495776850107218,65.079702084713,3.48302781548335
"AC103563.3","AC103563.3",2.20196172993421,0.00133867598251781,0.000495937432957527,4.66021567828976,3.48294111699251
"HPCAL4","HPCAL4",0.706484786194447,0.0013483485981771,0.000499701465851773,30.2624564267241,3.48091638155896
"APOBEC3B","APOBEC3B",0.638850543655017,0.00135609682558945,0.000502899985611649,145.579408215523,3.47920698996021
"AC079880.1","AC079880.1",0.564163131450637,0.00135622612566857,0.000502984273276649,5.39151232236626,3.47916208114431
"AC093895.1","AC093895.1",0.876953544178903,0.00135681243790298,0.000503238072445701,11.7933621970591,3.47902689825725
"AC100757.2","AC100757.2",2.10747739032315,0.00135694275816208,0.00050332276462224,2.38568118576056,3.4789818021947
"CCL3L1","CCL3L1",0.920960208970121,0.00139050656073653,0.000516962711795466,79.0320432595096,3.47180967083219
"MIR3687-1","MIR3687-1",0.708068176487693,0.0013951004630989,0.000518784645589842,17.4956217859139,3.47086505252092
"MIR3687-2","MIR3687-2",0.708068176487693,0.0013951004630989,0.000518784645589842,17.4956217859139,3.47086505252092
"IGHV1-67","IGHV1-67",1.68346168611087,0.00139895961169351,0.000520294680757646,40.5789382215959,3.47008448474508
"AC098869.2","AC098869.2",0.964281405758495,0.00142515012563102,0.000530913574652994,1.89054512988356,3.46465424898347
"HIST1H3E","HIST1H3E",0.522469842649415,0.00145919675751496,0.000544418049149206,27.4196783491888,3.45789275840502
"U73169.1","U73169.1",0.553885780509725,0.0014616661479759,0.000545417689972948,4.64863995778443,3.4573984850951
"AC018665.1","AC018665.1",0.559854620173021,0.00146206598492805,0.000545606061626286,27.4183721254522,3.45730543907082
"AL669831.1","AL669831.1",0.563012276428351,0.00147751191595077,0.000551765964271946,274.343653243736,3.45427913216923
"CXCL1","CXCL1",0.93913934588005,0.00150018264774803,0.000560875295841062,1088.21791371306,3.44986098518011
"SH2D2A","SH2D2A",0.541779525972239,0.00150123291997828,0.000561509298901397,225.585406131305,3.44955597836607
"AC244205.1","AC244205.1",1.28016539758771,0.00151152970611127,0.000565684616321361,22.4211038624843,3.44755528737259
"GBP3","GBP3",0.505748449833397,0.00151411224306517,0.000566772825010411,1302.23450556402,3.44703610875291
"MIR3945HG","MIR3945HG",0.642496719659049,0.0015265902400978,0.000571729988909976,46.1409206264816,3.44468275612601
"TUBB3","TUBB3",0.515035245427975,0.00155013066925407,0.000581210743657836,1359.81620523534,3.44023432509392
"HCAR3","HCAR3",0.890360337312971,0.00155764091834638,0.000584318798000364,115.570144180355,3.4387907031166
"TBC1D26","TBC1D26",1.22752185365265,0.00156413985683797,0.000586966289817878,1.47455192964814,3.43756662943881
"AC021192.1","AC021192.1",1.09314006921075,0.0015659604081129,0.000587691435212532,1.70118356570798,3.43723225358783
"AP001972.3","AP001972.3",0.888040808093729,0.00157946972367936,0.000593311511024961,1.93041461648654,3.43465369567003
"AP000295.1","AP000295.1",0.589832934296168,0.00159997994211369,0.000601573253159753,214.376842941881,3.43090408993473
"AC023202.1","AC023202.1",1.2367301795966,0.0016053057182376,0.000603876759211636,1.13952371731642,3.42986718449994
"IGKV1-39","IGKV1-39",1.32998134361221,0.00160758623742292,0.000604863851569542,1183.19973841769,3.42942397879706
"HERC2P2","HERC2P2",0.623416695639267,0.00162471524546353,0.000611744054457009,349.370449271947,3.42635332562963
"DCANP1","DCANP1",1.50503706865984,0.00162871599244991,0.000613555899950319,8.46449928559446,3.42555004071234
"AP006621.2","AP006621.2",0.830156576565729,0.00163638735517889,0.000616665009527397,2.90889664582762,3.42417674122468
"TRAV1-1","TRAV1-1",0.861871714730858,0.00163659575244646,0.000616787392597378,4.83289346316113,3.42412281629062
"CXCL9","CXCL9",0.886944532183633,0.00164275499441705,0.000619362243998928,5485.56567522941,3.42299057676497
"FAM177B","FAM177B",0.776457497848572,0.00164275499441705,0.000619323523171619,13.6796858414053,3.42300757101464
"AL049869.3","AL049869.3",0.551307608321193,0.00164850271581793,0.000621672312652717,4.84560842671701,3.42197849126488
"TRPM2-AS","TRPM2-AS",0.714211165962586,0.0016624262759428,0.000627368488509884,3.37499127086455,3.41949776084593
"CHI3L2","CHI3L2",0.705492879920736,0.00168611823904482,0.000636851507537304,15680.4938968496,3.41541393759114
"DHRS9","DHRS9",0.557800960826503,0.0016868539058183,0.000637174567002289,538.862607348313,3.41527581207893
"IGLV2-11","IGLV2-11",1.17286473488574,0.0017233255822783,0.000651874462679982,5148.88802118806,3.40905872141489
"C15orf54","C15orf54",0.625471539767083,0.00174208570122743,0.000659577553895583,6.70179445484634,3.40585270092261
"AC009093.4","AC009093.4",0.804198823377714,0.001753429775028,0.000664013515533204,2.40207880807769,3.40402222029302
"IGKV2OR2-1","IGKV2OR2-1",2.23498288914012,0.00177358378016191,0.000672358516344101,3.80299358451629,3.40060929475639
"TRAV4","TRAV4",0.70820722022787,0.00178791037349625,0.000678556130015657,13.8428565785653,3.39809999525306
"KRT8P34","KRT8P34",1.38381240883874,0.00178830112673994,0.000678752344704284,1.02372144112773,3.39802089999821
"CUX2","CUX2",0.712423408733222,0.00180087339724914,0.000683717172762646,11.7713368969879,3.39602658993986
"IGHVIII-38-1","IGHVIII-38-1",2.00816414439618,0.00181813959801705,0.00069090571279575,0.603929292243126,3.39316276795612
"IGKV2-29","IGKV2-29",1.46031328135087,0.00183945060653487,0.000699792598724341,81.1694667259323,3.38966038477663
"AC134879.2","AC134879.2",1.42809805454557,0.00184185142648289,0.000700755305202074,38.190136172956,3.38928346041536
"AC020658.5","AC020658.5",0.619979555900388,0.00184466950066975,0.000701926325550244,3.88668275313369,3.3888256239457
"AL031123.1","AL031123.1",0.620676093444311,0.00184856559365805,0.00070365649570238,9.98391295775125,3.3881504728319
"FCGR1A","FCGR1A",0.686659172421933,0.00185272820602317,0.000705389915269115,1888.78866012095,3.38747559895618
"MIR4420","MIR4420",1.32029932522436,0.00186687085718273,0.000711224626055817,1.19290747849278,3.38521523422711
"HAVCR1","HAVCR1",0.671405186183222,0.00187699030597456,0.000715582752289793,3.87483153892437,3.3835381112996
"AC073585.1","AC073585.1",0.676439046668098,0.00192589371630172,0.000735413478143025,4.43218596065632,3.37602458366122
"Z97206.1","Z97206.1",1.32057534957111,0.00195259478453982,0.000746551123312254,0.638761783774033,3.371886850535
"CPXM1","CPXM1",0.721379039673539,0.00195413693429685,0.000747193103162939,2177.61565724843,3.37165010063873
"TRBV30","TRBV30",0.79452634164932,0.00196108697248341,0.000750199721969505,12.6519434623894,3.37054382506021
"AC015911.8","AC015911.8",0.601057780511252,0.00196108697248341,0.000750218358468455,13.5977421154606,3.37053698067017
"IGLV3-17","IGLV3-17",2.22635294161997,0.00199581137498173,0.000764625213698357,2.78879168476039,3.3652926195739
"TLX2","TLX2",1.17635644680943,0.00201648317932278,0.000773139198245289,1.02295400804719,3.36223634152493
"AC078993.1","AC078993.1",0.633528617816321,0.00202141503489569,0.000775192599589046,3.64772841901975,3.36150390689193
"CD27","CD27",0.761924598165311,0.00203489434648153,0.00078101603604608,979.403430117249,3.35943648008559
"LINC01529","LINC01529",1.13157054923896,0.00204383011664486,0.000784609970026191,1.46276611918,3.35816769662403
"PRSS53","PRSS53",0.517405794977782,0.00206428759690016,0.000793182445868371,60.6148912688053,3.3551629601689
"FTH1P22","FTH1P22",0.717483373663582,0.00207136427606932,0.000796123584390706,6.51325821102694,3.35413900372554
"NRBF2P5","NRBF2P5",0.740018079490405,0.00209530221829466,0.000806446865627167,2.58774909143042,3.35057253161523
"AL158207.2","AL158207.2",0.838231721090078,0.00210500338336731,0.000810744678506686,1.68163630193346,3.34910020591463
"RAB19","RAB19",0.845192162551593,0.00213230277308061,0.000822001776359988,2.91685776397672,3.34527785401695
"LINC02320","LINC02320",1.10221596412245,0.00215391933073381,0.000830912052190482,1.51976733283774,3.34228664594204
"IGKV2D-18","IGKV2D-18",1.72616370876382,0.0021766921714497,0.000840338598141057,3.01795368609059,3.33915434337592
"AL365277.1","AL365277.1",0.631946171431999,0.00219100024862967,0.000846214628620335,3.61999055081268,3.33721827394657
"DPYSL4","DPYSL4",0.519950319542789,0.00223111350830303,0.000862484411697777,117.063944068661,3.33192195123031
"PYHIN1","PYHIN1",0.510560051926099,0.002239653996563,0.000865905933885383,117.232932832348,3.33081993957545
"AC069499.1","AC069499.1",0.571378458180545,0.00224962351818642,0.000870122045616355,4.58466042763061,3.32946754431365
"RXFP3","RXFP3",1.78384412342109,0.00225053207919776,0.000870533762756961,0.463427599285623,3.32933580430058
"AC093010.1","AC093010.1",1.46536882829581,0.0022587763759109,0.000874025357578577,0.880769515366803,3.32822089083123
"TRBV27","TRBV27",0.691448278101513,0.00226469776797857,0.000876437975529366,19.6950058429118,3.32745291920854
"AC008114.1","AC008114.1",0.829447597704081,0.0022821809358575,0.000883693135198474,1.0409920066751,3.32515524779311
"AP000347.2","AP000347.2",0.626336724645156,0.00229585698125253,0.000889603827743592,24.7565716173903,3.32329625273147
"AC023510.2","AC023510.2",0.85843752448961,0.00230745582154552,0.000894654588151681,4.14116667393998,3.32171676812743
"RXFP1","RXFP1",0.890942878906488,0.00231705357926027,0.000898799157737064,5.97863912852559,3.32042683126747
"SATB1-AS1","SATB1-AS1",0.581641755116639,0.0023171379684522,0.000898905249985782,17.600335374768,3.32039388402625
"TRBV11-2","TRBV11-2",0.720111920940676,0.00231857619124189,0.000899525312787893,11.436758174176,3.32020139386723
"AL590079.1","AL590079.1",0.756830097290909,0.00233694453974227,0.000907427910344885,1.88525069388826,3.31775885108449
"TAS2R6P","TAS2R6P",0.869863132876685,0.00234712209443164,0.000912046505788442,1.3680190650735,3.31634044316634
"DBH","DBH",0.748780639183545,0.00235867324697729,0.000916724650233169,8.7870192405965,3.31491051683096
"AC011498.6","AC011498.6",0.660281714027893,0.00235967819055859,0.000917178455923519,3.29816372478007,3.31477216613497
"AC131009.3","AC131009.3",0.627399491238417,0.00236142029101341,0.000917982129044115,3.99330807112687,3.31452730772914
"AC010642.1","AC010642.1",1.12443988929545,0.0024091274780038,0.000938851624134321,0.996060484280243,3.30823747270759
"RN7SKP16","RN7SKP16",0.645834796832768,0.00241592592482661,0.000941565750409341,3.30149294813033,3.30742900435373
"IL1B","IL1B",0.736037059592633,0.0024196944871737,0.000943293807796193,281.894816593838,3.30691538466556
"AC022973.4","AC022973.4",0.615510955365641,0.00242264139978168,0.000944572452633041,4.91024898215023,3.3065359018444
"MIR6891","MIR6891",1.27219627804909,0.00242704441028032,0.000946549270852835,2.65898182237969,3.30595014704469
"AC132938.5","AC132938.5",0.601319088807471,0.00244083224552065,0.000952580513041659,9.75799280533793,3.30416999497891
"SLC7A2","SLC7A2",0.506424193425357,0.00248839163445057,0.000972274876220902,4268.52792150997,3.29842893408036
"BX640514.2","BX640514.2",0.522871589830173,0.0024904688886056,0.000973353419556034,22.2783627207377,3.29811764996973
"AL353597.1","AL353597.1",1.55120252216479,0.00251376532217646,0.000983401320073372,0.883516737161951,3.29523292278281
"IGKV1D-39","IGKV1D-39",1.13498610892647,0.00251874401572813,0.000985483987398599,21861.5907665311,3.29463841062202
"GRPEL2-AS1","GRPEL2-AS1",0.965339859777612,0.00260455809669311,0.00102199055076148,1.1904728741024,3.28440194145379
"PYY2","PYY2",0.947622895446466,0.00261481812862245,0.0010265068515547,1.51504234143954,3.28315917975525
"AC137630.5","AC137630.5",0.71371845872989,0.00261686670698452,0.00102773175229695,3.30801487339835,3.2828229931571
"NR1I2","NR1I2",0.537363417154573,0.00261838144435312,0.00102860725925315,3.85423109112547,3.28258292844717
"CACNA1I","CACNA1I",0.622188330545985,0.00264960038854821,0.00104220420770708,14.8106966850984,3.27887870652403
"AL355103.1","AL355103.1",0.616287065126494,0.00265056274744704,0.00104274074486952,25.7532794848556,3.27873345650116
"ANTXRLP1","ANTXRLP1",1.02639021499998,0.00266332720351611,0.00104804776245321,2.15239296041618,3.27730046694939
"TMEM156","TMEM156",0.703150012518396,0.00266532940633131,0.00104904988824604,109.04732183612,3.27703062892376
"IGKJ2","IGKJ2",1.16387971790106,0.00267666062896263,0.00105401176925391,283.099014149551,3.27569806888788
"AC079584.2","AC079584.2",1.23606063248146,0.00268411401099891,0.00105723441512459,0.654934375684646,3.27483570238435
"AL365209.1","AL365209.1",0.566028871170794,0.00269164025205388,0.00106063159946833,27.9516388481812,3.27392925925699
"AC027601.1","AC027601.1",0.604142770776387,0.00271709952728577,0.0010716101342777,19.3247096166493,3.27101820067906
"CD69","CD69",0.610623302045044,0.00271970883462186,0.001072712101237,247.492422871732,3.27072752948935
"AC245100.2","AC245100.2",0.652165043887407,0.00273081229694367,0.00107775005047773,3.24004471250926,3.2694021530823
"AC009630.2","AC009630.2",0.65640946745349,0.00274497883647688,0.00108407652251076,8.63369266075187,3.26774588692017
"LINC01281","LINC01281",0.917681682189831,0.002753380665048,0.00108776352131749,6.61030383301498,3.26678475169771
"RPS23P10","RPS23P10",0.828550439455337,0.00276621927870607,0.00109350264550088,1.36288315633118,3.26529464243477
"KCNE1B","KCNE1B",0.626245115476142,0.00276687907166851,0.00109383759886582,19.6094779991834,3.26520789851621
"AC239367.3","AC239367.3",1.28459326093262,0.00276783702632334,0.0010942904686233,0.572860870952792,3.26509065647299
"XBP1P1","XBP1P1",0.552348874611624,0.00281516913050763,0.00111443677901697,3.56724387013131,3.25991991106292
"AL354702.1","AL354702.1",0.741344105215495,0.00286488167522296,0.00113595862903905,1.25835837365149,3.25449074121732
"AL121594.1","AL121594.1",0.667264160259196,0.00287619906856322,0.001140985542672,26.6573031914445,3.25323634340702
"ENTHD1","ENTHD1",0.88179818759228,0.00288480676392242,0.00114470937957,8.64957807340793,3.25231040022384
"IGLV6-57","IGLV6-57",1.21342425707439,0.00289632404635544,0.00114997792361121,3353.90486540135,3.25100510594418
"AC063977.1","AC063977.1",1.42813496362475,0.00289853160467787,0.00115108741110134,0.800525950655407,3.25073093249016
"TBC1D3P5","TBC1D3P5",0.74655367839134,0.00290443972434323,0.00115366714662241,3.62449568463304,3.25009437846744
"CASC4P1","CASC4P1",1.12160607147616,0.00291180442719746,0.00115674849937188,2.55011307945007,3.24933577146302
"TREML2","TREML2",0.566544810934082,0.00295774356215053,0.00117642480990608,85.2337735447437,3.24453518870871
"CACNA1C-AS1","CACNA1C-AS1",0.54279394583003,0.00299044326550892,0.00119047252468803,6.1059790525757,3.24115304327438
"ABRA","ABRA",0.816033852137723,0.00304582001535787,0.00121423133211451,6.55967271471292,3.23551587507
"GBA3","GBA3",1.12723318831641,0.00304706674052997,0.00121480998577515,10.5277764714227,3.23537985510986
"AC096558.2","AC096558.2",0.569304151553118,0.00307220411679183,0.00122623113704278,3.06728695128495,3.23270734200356
"TONSL-AS1","TONSL-AS1",0.584995399445906,0.00309758951986829,0.00123735932673462,3.01637966343799,3.23012540256389
"AC140479.3","AC140479.3",1.05059978531285,0.00310796938697009,0.00124233837805661,0.878120015513207,3.22897711059908
"AC008764.9","AC008764.9",0.523062560155859,0.00314348973229839,0.00125754749599302,5.88579362011142,3.22549564362946
"HLA-J","HLA-J",0.78397518433695,0.00315432569284072,0.00126238948835736,131.742820769334,3.22439543618402
"IGKV2-40","IGKV2-40",1.416355310629,0.00316290953329624,0.00126599430693976,125.36506420896,3.22357886906091
"IGLV1-50","IGLV1-50",1.3386423312106,0.0031697428377362,0.00126906913228551,40.6186611357464,3.22288405116704
"AL671277.1","AL671277.1",0.608779720625364,0.00319735486174109,0.0012807238213174,7.92194822306468,3.22026447548765
"DTX2P1","DTX2P1",0.697441511041918,0.00320299615298992,0.00128315511827841,16.6118514473636,3.21972077836077
"CXXC5-AS1","CXXC5-AS1",0.733360533885001,0.00322165520407992,0.00129106172835579,2.28929170282351,3.21795921892457
"AL139349.1","AL139349.1",0.942346795624974,0.00322285317308211,0.00129171450891234,3.39124806374484,3.21781422750494
"MIR31HG","MIR31HG",0.775387782974789,0.0032414019698606,0.00129975676877351,22.9573859048332,3.21603345997565
"TBC1D3B","TBC1D3B",0.615668802999134,0.00326244848974305,0.00130941988522763,9.91783635646401,3.21390719347246
"LINC02422","LINC02422",0.692037110751904,0.0032903015597199,0.00132227401586793,7.13566273179727,3.21110111011314
"ENO3","ENO3",0.510026724078817,0.0033094220917569,0.00133093335469472,102.564780467287,3.2092249140383
"AP001092.1","AP001092.1",0.546636269901579,0.00331590871647477,0.00133398626524847,8.02430141431021,3.20856613258886
"VN1R83P","VN1R83P",0.566797021929075,0.00332001378867892,0.00133581563820142,3.80838207125411,3.20817204205975
"IGHD3-3","IGHD3-3",1.87862506490842,0.00332677298041056,0.00133889175411266,0.438047997123385,3.20751049460569
"CR559946.2","CR559946.2",1.0331277350525,0.00337739014099076,0.00136134440642673,2.23773392005277,3.20272387683973
"OLR1","OLR1",0.836772883479935,0.00337992286195328,0.00136254640251183,940.704348735591,3.20246968532499
"LINC02416","LINC02416",0.868987041259107,0.00338217198186944,0.00136356362185532,4.09642882667984,3.20225473091446
"GGT8P","GGT8P",0.907501791647835,0.00339818870034128,0.00137063828456816,1.81872536964448,3.20076382219897
"RPLP0P2","RPLP0P2",0.531057429902185,0.00340459074481597,0.00137349416833304,96.4442905594371,3.20016398567422
"RN7SL786P","RN7SL786P",0.788265050742924,0.00345043277102221,0.00139420669881269,1.41849144092873,3.19584772908112
"AC025287.3","AC025287.3",0.711213364759367,0.00345177283443709,0.00139484065827989,3.96044428939606,3.19571655401211
"AC090796.1","AC090796.1",1.44030888951937,0.00346369961427095,0.00140003141175392,1.2176839515873,3.19464457774695
"HK2","HK2",0.597947840314345,0.00347364622064265,0.0014044241210379,2537.79682745904,3.19374026989649
"LINC00996","LINC00996",0.614534584868214,0.00348037088742109,0.00140742270996025,17.1755593674303,3.19312446008948
"TRAV16","TRAV16",0.65989935651861,0.00348978723086657,0.00141207209389778,8.53466120688263,3.1921720200809
"MIR5581","MIR5581",0.881465328985363,0.00349653262238046,0.00141489516372779,1.54492563166859,3.19159511573995
"AL645939.1","AL645939.1",0.606116636712332,0.00350946087259287,0.00142078487219351,17.7831195885019,3.19039494160465
"PLEKHG7","PLEKHG7",0.88438702250552,0.00351130725342249,0.0014217205265847,3.63563426160267,3.19020470117278
"ARRDC5","ARRDC5",0.5504685323478,0.00351235574322141,0.00142223916478593,15.6824809910515,3.19009929960666
"TRBV12-5","TRBV12-5",0.920405640261509,0.00355445548448586,0.00144033396959955,1.8485494065766,3.18644394244864
"CCDC187","CCDC187",1.01827316564183,0.00359372026048905,0.00145817055501557,1.67762929097457,3.18288194318309
"KISS1R","KISS1R",0.829781106668146,0.00370468446949957,0.00150736377980924,8.13509076686284,3.17326210174994
"AC018638.4","AC018638.4",0.512205541386857,0.00371954953499625,0.00151430901010819,50.2466752454711,3.17192731821359
"AC092802.2","AC092802.2",0.582219552255973,0.00377223155499838,0.00153808160662233,4.69676772834745,3.16740082720483
"IGLJ3","IGLJ3",1.15373741836315,0.00378704237293792,0.00154442493793339,289.13797479182,3.16620389927895
"ADRB3","ADRB3",0.661736916131868,0.00379092877753944,0.001546213026297,6.01145418029947,3.16586732153845
"MIR5587","MIR5587",0.925394056041558,0.00383244413349741,0.00156477561112899,1.39145734793172,3.16239424318242
"AC245369.1","AC245369.1",1.71827083270631,0.0038734238735653,0.00158349279165285,11.8245729913338,3.15893044181232
"IGLV5-45","IGLV5-45",1.23693582728815,0.00388820645788174,0.00159078618042103,344.567405960807,3.1575909249955
"CD177","CD177",0.986091447365223,0.00389446400720078,0.00159355502821237,82.1590977849334,3.15708387365741
"TRAJ12","TRAJ12",1.19414233786654,0.00390811887473448,0.00159998007678758,0.777329886194419,3.15591038998567
"RNU6-638P","RNU6-638P",0.779783497694276,0.00392640224500081,0.00160830687569521,1.46109385260781,3.15439600385361
"AC068446.1","AC068446.1",0.780216377035881,0.00395267721939148,0.00162034031178334,2.71439409336813,3.1522201973241
"LYZ","LYZ",0.535263205045661,0.00396995778183152,0.00162806242286829,55624.8951066318,3.15083175688409
"AC060814.3","AC060814.3",0.857506243618785,0.00397310580761572,0.00162956631843586,3.44003484191152,3.15056206082496
"LILRA4","LILRA4",0.779474633071321,0.00397837069018616,0.00163215207802509,60.8548453228756,3.15009888736354
"IGLV4-60","IGLV4-60",1.30451579980385,0.00399150879511842,0.00163829068489722,283.300124778811,3.14900200991123
"CYP2D8P","CYP2D8P",0.770732264298771,0.00402982371965472,0.00165563638821063,2.3390244192586,3.14592290989548
"AC010149.1","AC010149.1",0.659955262787692,0.00405003750878279,0.00166491775841316,2.44242322529285,3.1442875095077
"RNA5SP532","RNA5SP532",0.855773134861593,0.00405582323153412,0.00166762219840641,1.89105461116354,3.14381255860223
"MIR3648-1","MIR3648-1",0.595688023444646,0.00409341670042284,0.00168450518719809,35.0924894950576,3.1408635072325
"MIR3648-2","MIR3648-2",0.595688023444646,0.00409341670042284,0.00168450518719809,35.0924894950576,3.1408635072325
"LILRP2","LILRP2",1.84775862338368,0.00411446682011065,0.00169408479963919,0.628400276861158,3.13920224876436
"FUNDC2P4","FUNDC2P4",1.03665647662022,0.00413232224127912,0.00170239763100254,1.16060463006299,3.13776765820384
"AC010536.1","AC010536.1",0.505893904779233,0.0041476850688328,0.00170928232038468,5.77573467122782,3.13658439944543
"UGT2B17","UGT2B17",1.31329980726885,0.00417456725038275,0.00172192650161141,24.5250256389962,3.13442263958156
"AC137894.1","AC137894.1",1.13440439895602,0.00421914742137846,0.00174189755957508,0.887133718722596,3.13103777040282
"IGKV2-14","IGKV2-14",2.12082406287609,0.00427208624144982,0.00176638627329137,0.935215492380786,3.12693558004906
"SLC2A12","SLC2A12",0.664393919388115,0.00427220772014601,0.00176655096709839,1074.29642987935,3.12690816905124
"AC003688.1","AC003688.1",1.14862094954619,0.00427819946564244,0.00176945318151125,2.36948063138954,3.12642552082255
"TRBV3-1","TRBV3-1",0.655285338103636,0.00427946881494067,0.00177012671985248,20.4215089487665,3.12631361313353
"MYH1","MYH1",1.45975630854583,0.00431973487155617,0.00178805519467008,31.3067229088462,3.1233491124697
"SERPINA9","SERPINA9",1.13029953017823,0.00432193064848631,0.00178907988422992,4.87584036371482,3.12318050513073
"AC108863.1","AC108863.1",1.1556095593677,0.00436290297109305,0.00180744328534793,16.5262532051782,3.12017385483081
"SNORD46","SNORD46",0.688981090166029,0.00438284103675305,0.00181746458553243,3.05538523228743,3.1185448824254
"IGLV3-12","IGLV3-12",1.31003775923547,0.00438913055095142,0.00182030790124527,40.5448648269563,3.11808420183379
"PNMA3","PNMA3",0.740811007173986,0.00440831052418226,0.00182908921516187,9.53799461059241,3.11666559609063
"AC087241.3","AC087241.3",0.830068352770964,0.00441688872410686,0.00183324017965167,1.54062833759608,3.1159971922224
"AL049634.2","AL049634.2",0.922819566039991,0.00442745555941767,0.00183786322058939,7.01749222812348,3.11525440775717
"ATP1B4","ATP1B4",0.841062403531791,0.00445592818197752,0.00185050677918547,3.62760454956614,3.11323169942315
"IGLV3-29","IGLV3-29",2.49416408711164,0.00446773050366985,0.00185601804408545,3.28993051119104,3.11235398185166
"AOC1","AOC1",0.569093542341939,0.00447002125773467,0.00185720921800744,129.100141494872,3.11216459162392
"CU634019.7","CU634019.7",0.546971296172568,0.00449666035960049,0.00186984349545855,5.28107054762164,3.11016264961413
"FP236241.2","FP236241.2",0.546971296172568,0.00449666035960049,0.00186984349545855,5.28107054762164,3.11016264961413
"TRBV10-2","TRBV10-2",0.827766661381355,0.00455712302786462,0.00189777385150746,4.88935265743001,3.10578072830566
"AC083949.1","AC083949.1",0.63646368954284,0.00456271600098859,0.00190073227754214,6.15246838337379,3.10532006367816
"AC233300.1","AC233300.1",0.651419314656842,0.00460053900721324,0.00191772327718092,3.42084153772265,3.10268703081727
"AC073592.3","AC073592.3",0.801862801630732,0.0046282008176037,0.00193074208209655,1.58266250846423,3.10068401087686
"TCL1A","TCL1A",0.754505683897136,0.00467860709396164,0.0019537756923743,86.3520802934202,3.09717034136929
"TRAV26-2","TRAV26-2",0.718078312010994,0.00473316819856564,0.00197909661353094,5.02892874704151,3.09335136769331
"LGALS9B","LGALS9B",0.797957565313438,0.0047981780729104,0.00200859347349227,3.93735001131091,3.0889587173855
"IGKV3D-31","IGKV3D-31",2.27250042908018,0.00481620665963517,0.0020166566909621,0.578458603811018,3.08776825386319
"COX6A2","COX6A2",1.63036910365291,0.00485176172281249,0.00203284435391961,6.06049614898244,3.08539141591445
"AC097637.2","AC097637.2",0.532828187988996,0.00489819210517772,0.00205308569229162,10.3646212636125,3.08244369088061
"AL512506.3","AL512506.3",0.797349548809661,0.00491790966589942,0.00206187740674635,2.6070128304239,3.08117166028964
"KIR3DL1","KIR3DL1",0.718518505825684,0.00493490997914108,0.00207011246295953,3.71645179167712,3.07998467504051
"LGALS9C","LGALS9C",0.622965695097605,0.00495428354897732,0.00207951681478656,8.31945244686245,3.0786344360036
"AP005233.1","AP005233.1",1.01947265391023,0.00502344061775249,0.00211150594569839,0.778040643542484,3.07408311910838
"IGLV3-21","IGLV3-21",1.09690288560803,0.00513840808717709,0.00216423586341998,13714.9819944797,3.06671709257858
"COL19A1","COL19A1",0.570756859840111,0.0051438217708772,0.00216679168024358,19.1787124982569,3.06636425810468
"IGLV1-44","IGLV1-44",1.10415319863993,0.00514688912506453,0.00216822167868043,11248.4649311356,3.0661670110237
"RUFY4","RUFY4",0.894694655678624,0.00517016926150988,0.00217913706435206,4.82516707941027,3.06466531262895
"MIR1249","MIR1249",0.74546643561511,0.00517457540994105,0.00218141010904838,2.19598766154947,3.06435346321564
"IGKV1OR10-1","IGKV1OR10-1",1.6641307541801,0.00518056096128248,0.0021843498070279,53.7500746482708,3.0639505940045
"LINC00943","LINC00943",0.665093617717282,0.00523765355361999,0.00220996619142105,3.22878167734158,3.06046089323468
"LINC01929","LINC01929",0.687819257133039,0.00525129583228168,0.00221642588339451,25.6904365095954,3.05958674880488
"PTPN2P1","PTPN2P1",1.15070859380294,0.00526392948280213,0.0022228864930055,1.11326502067159,3.05871481237701
"RPL31P11","RPL31P11",0.527550998969095,0.00533664358246135,0.00225588044370744,7.14472703496669,3.0542977763527
"RNU1-143P","RNU1-143P",0.707461400930394,0.00540460368226086,0.00228764914321885,1.08473994977579,3.05010035217604
"RNU1-68P","RNU1-68P",0.707461400930394,0.00540460368226086,0.00228764914321885,1.08473994977579,3.05010035217604
"MIR6813","MIR6813",1.17559292204542,0.00543442800673195,0.00230143796250047,0.666460012725902,3.04829510700605
"MC4R","MC4R",1.28825145397641,0.00543675430673494,0.0023028601354439,7.67119044600463,3.04810947877908
"IGLV3-32","IGLV3-32",1.70027901491716,0.00550283440513098,0.0023346832463963,2.48037633294681,3.04398301072586
"CLEC6A","CLEC6A",0.829916186731378,0.00551005016673751,0.00233803993490936,18.7088376568413,3.04355076050233
"HLA-DRB6","HLA-DRB6",0.61798063716708,0.00551959376946938,0.00234268286645787,480.352222739231,3.04295381284336
"AL445471.1","AL445471.1",0.94736432546172,0.00554389563908443,0.00235433233875863,1.31989542917121,3.04146078105691
"AC138207.1","AC138207.1",0.522932089259597,0.00559120442227813,0.0023766701004593,8.07011928504073,3.03861672930508
"UBE2Q1-AS1","UBE2Q1-AS1",0.895082918334113,0.00560136225563635,0.00238128807732985,1.1207144597257,3.03803182097272
"IGKV1OR22-5","IGKV1OR22-5",1.772354503619,0.00562164170767145,0.00239111438280107,3.70751360364129,3.03679067873213
"NBPF13P","NBPF13P",1.29010825284281,0.00566408353403004,0.00241113949009108,1.07905775384459,3.03427573185783
"IGLC2","IGLC2",1.04053636959148,0.00567999353828826,0.00241852094714994,81240.7700147664,3.03335351748692
"AL162727.1","AL162727.1",0.74210920756948,0.0058635531614084,0.00250437802282805,3.67184111327858,3.02281196532366
"CD72","CD72",0.60559788725652,0.00591472716177737,0.00252750270619155,397.850469082976,3.02002925526538
"LINC00567","LINC00567",0.52978122072,0.00593640271137933,0.00253733349030837,5.21161560390701,3.01885331607005
"PPP1R2P1","PPP1R2P1",0.703349892043135,0.00594865549868244,0.00254359491743625,1.65888356527237,3.01810650682818
"IGKV2OR22-3","IGKV2OR22-3",1.88339135115109,0.005950847389526,0.00254501047696096,1.51556808001943,3.01793790409843
"AL671277.2","AL671277.2",0.708850617552546,0.00595881925971876,0.00254905844387294,41.5714517119397,3.01745623669732
"ACTG1P20","ACTG1P20",0.628641141990505,0.00595881925971876,0.00254898148644771,2.05638928734076,3.01746538733254
"PAIP1P1","PAIP1P1",0.638374907467485,0.00602907396450519,0.00258121193041364,2.89801172391062,3.01365494907057
"AC009093.6","AC009093.6",0.65803540783754,0.00603253114447778,0.00258301530476916,2.81547742184324,3.01344303313826
"AL591468.1","AL591468.1",0.904198798116143,0.00604551036104839,0.00258905869332576,8.82071147721193,3.01273385479075
"SNX29P1","SNX29P1",0.615674766266718,0.00604592732777914,0.00258939925339736,6.31371209465586,3.01269393588211
"AC133065.1","AC133065.1",0.845922561221354,0.00612122259395764,0.00262636889759934,1.82730157176537,3.00838880873227
"C12orf42","C12orf42",0.79314583058799,0.00612860570698412,0.00262973556245079,4.74087861630102,3.00799951663365
"GNG4","GNG4",0.554576561375015,0.00616379548790668,0.00264648668900422,87.980096842153,3.00606930757822
"SULT1C2","SULT1C2",0.510593444722361,0.0061771641670656,0.00265338520286139,36.0044793220832,3.00527764625896
"SPIC","SPIC",0.942373282438442,0.00618007593556457,0.00265496711279485,2.03086230681788,3.00509637424176
"IGLV1-40","IGLV1-40",1.04007741422801,0.00620575967570924,0.0026673310483543,9189.75954919947,3.00368297462828
"SPATA32","SPATA32",0.613331106830975,0.00622462154384319,0.0026766056093331,2.55843040005418,3.00262666599201
"FCN1","FCN1",0.537007387041306,0.00630154341987458,0.00271356551842628,2827.64459926929,2.99845014166277
"AL627309.2","AL627309.2",1.32785219008229,0.00630498681679883,0.00271538617188394,1.51814355964093,2.99824575123588
"AC234781.3","AC234781.3",0.863287380692389,0.00631217925213189,0.00271882200405306,1.07234506704711,2.99786037829198
"GLYATL1B","GLYATL1B",1.47413398568966,0.00638861701860526,0.0027539709887292,0.558216313369139,2.9939433211067
"MIR647","MIR647",0.953589512375765,0.00648678058643631,0.00279941523740668,2.18498665470592,2.98894608599924
"IFNWP19","IFNWP19",0.721078597535679,0.0065947115669477,0.00284970415432126,17.4566382362741,2.98350174000621
"NLRP6","NLRP6",0.50217007805973,0.00664904358931012,0.00287567616801018,53.94994623104,2.98072423779804
"AL008718.3","AL008718.3",0.994738463268834,0.00667055194887268,0.00288622949447646,0.875900142566029,2.97960218130842
"IL2RA","IL2RA",0.599289691679837,0.00690236746309847,0.00299577875665761,491.217223022863,2.96817073474764
"IGHD3-16","IGHD3-16",1.65192780367209,0.00691630687297385,0.00300349655164805,0.756398033993029,2.96737983997547
"AC027801.2","AC027801.2",0.85130137721849,0.00693671296803909,0.00301328744610073,2.76118200133098,2.96637916419288
"AL021707.6","AL021707.6",0.52758441562644,0.00696297171260807,0.00302693288420186,13.1149590716439,2.96498947177011
"PDYN-AS1","PDYN-AS1",1.35760634207948,0.00698732107717513,0.00303882848979736,0.459397559615522,2.96378264187255
"AC244517.4","AC244517.4",1.55368227643522,0.00699405822654542,0.00304213330251422,1.36533972682756,2.96344812771743
"PI3","PI3",0.778513359980915,0.00699434955146661,0.00304244741762614,151.383671130591,2.96341635014066
"FBXO16","FBXO16",0.506015316436508,0.00706166675007023,0.00307437834637867,27.9630447034825,2.96020155397566
"TRBV8-2","TRBV8-2",0.726184988769409,0.00706625952623868,0.00307675651906076,1.91189799261885,2.95996334036534
"AC027020.1","AC027020.1",1.02765828885168,0.00712279864427089,0.00310271040266206,0.995962219684835,2.95737448449149
"ERAP2","ERAP2",0.593083024286687,0.00712621813853748,0.00310458181101786,2684.94549173888,2.95718857877419
"KLHL40","KLHL40",1.36143891667582,0.00713640896752911,0.00310940392331695,3.18498392899758,2.95671002052924
"AC138811.2","AC138811.2",0.646469301414799,0.00714406123082874,0.00311312091359748,48.2866018866874,2.95634159889886
"IGHEP1","IGHEP1",1.47090688308564,0.00714729622094133,0.00311472210255367,1.01776976114507,2.95618301540817
"ISL2","ISL2",0.653229867727395,0.00717315519286088,0.00312695214714376,12.857645548132,2.95497418458732
"GPR18","GPR18",0.592949113343146,0.00724434633335336,0.00316245036061748,81.781741061474,2.95148975597973
"SLFNL1","SLFNL1",0.500616772301577,0.00733928452789244,0.003209204069748,5.67245930267009,2.94695451296807
"MCCC1-AS1","MCCC1-AS1",0.521054594754612,0.00739984007913429,0.00323766547416507,9.57434617968719,2.94422307201107
"SPDYE2","SPDYE2",0.507671609282847,0.00745596163324084,0.00326541673651514,23.1620079333622,2.94158076862711
"IGLV3-19","IGLV3-19",1.05630818716494,0.00747550223526715,0.00327517650111428,7289.46464869769,2.94065636521108
"TRGV2","TRGV2",0.660043091195791,0.00747624608565447,0.00327570270982256,5.59948305026054,2.94060659628856
"MIR5195","MIR5195",1.17129952226568,0.00752968639376214,0.00330113491576588,4.76546585859802,2.93820985283474
"IGLV2-34","IGLV2-34",1.28749093060911,0.00762834233721339,0.00334888377663214,16.0774351704996,2.9337550559399
"LAMP5-AS1","LAMP5-AS1",1.13493947373601,0.00772258477285019,0.00339377422619534,0.764850319988555,2.92961938033851
"AC027176.2","AC027176.2",0.547161353819563,0.00773168935215682,0.00339839680149325,2.40403964550227,2.92919634383124
"YWHAZP4","YWHAZP4",0.915413066323288,0.00774686565783061,0.00340589766576488,0.76533817020752,2.92851101320385
"PGAM1P7","PGAM1P7",0.967563965310111,0.0077804177272587,0.00342252597274682,1.12583033502121,2.92699662271203
"SAP25","SAP25",0.910177157223594,0.00778319632042006,0.00342437282044899,23.0843123262005,2.926828838173
"AC005274.1","AC005274.1",0.609650357763522,0.00780588820347421,0.00343561143312357,4.05498324807681,2.92580959207949
"AC069368.1","AC069368.1",0.734188474303812,0.00791484266635077,0.00348780691084509,70.1363944311597,2.92111532788407
"AL606534.1","AL606534.1",0.574698234920569,0.00791761788790319,0.00348924199609441,4.60613730329309,2.92098716707487
"AC015911.4","AC015911.4",0.921733136412242,0.00796536795361309,0.0035117790551859,1.37944563225958,2.91898075317355
"VN1R84P","VN1R84P",1.13916800537705,0.00798211958281996,0.00351980612742949,0.853065541804504,2.91826895346024
"AC008957.1","AC008957.1",0.520765914184618,0.00800386519237955,0.0035311106893262,37.6600128283991,2.91726902341028
"AL732372.3","AL732372.3",0.64981447410719,0.00800713269345848,0.00353298130364318,22.8225014549638,2.91710384162873
"TRBV10-3","TRBV10-3",0.672459567696068,0.00802798092694249,0.00354347072289073,14.9948234566748,2.91617906075061
"BIRC5","BIRC5",0.51547726140013,0.00804561353779842,0.00355168471582581,339.397441782147,2.91545662593687
"IGLL5","IGLL5",0.964061670868247,0.00807072619055263,0.00356406797611897,15794.8309591668,2.91437036481962
"STK25P1","STK25P1",0.513462411665361,0.0081685406146401,0.00361060819093927,4.2441929992329,2.91031831651223
"LIX1","LIX1",0.571674242254196,0.00818236490680285,0.00361709505123758,11.8294610463052,2.90975731144809
"RPL9P33","RPL9P33",1.05584607708177,0.00820699381655057,0.00362886206774734,0.800407365801837,2.90874199236753
"GABRA4","GABRA4",0.68074446532326,0.00821114644999198,0.00363135823228485,1037.24895630836,2.90852699538
"AC010271.1","AC010271.1",0.576290643218833,0.00821562720103969,0.00363355995519016,3.80581090134142,2.90833747045222
"GTF2IP23","GTF2IP23",0.762651942227436,0.00822234349784141,0.00363681976970913,1.60218349360753,2.90805705639478
"AL606970.1","AL606970.1",0.807920364206159,0.00835794370764324,0.00370120551938289,5.09342763154855,2.90256482356768
"C2-AS1","C2-AS1",0.575789984581171,0.00839677633573693,0.00372065179756229,4.83777024706756,2.90092309459047
"HMGB3P32","HMGB3P32",1.24785537029443,0.00842540629413714,0.00373582104229766,0.642217869040774,2.89964785573897
"TRBV4-2","TRBV4-2",0.648004044776014,0.00850649398886539,0.0037763335986258,16.2690210024017,2.8962650000408
"AC002480.2","AC002480.2",0.547256368462132,0.00857956159424393,0.00381313848633064,3.45469142522225,2.89322021210529
"AC026310.2","AC026310.2",0.663267693379535,0.00858168907709256,0.0038143139645765,6.71141294585555,2.89312340813646
"SPDYE2B","SPDYE2B",0.531984643512158,0.00874240175936179,0.00389113356446476,10.0926677121695,2.886855122906
"IGLV3-30","IGLV3-30",2.5558947462342,0.008778428431369,0.0039076389882583,0.630296527687576,2.88552300746825
"AL158210.1","AL158210.1",1.3081388100492,0.008796770746752,0.00391651098515066,0.513590935109286,2.88480907909087
"ADAMTS8","ADAMTS8",0.583144824054803,0.00880471434972045,0.00392075536511947,58.3530128909308,2.88446805371378
"IGKV2-26","IGKV2-26",1.4158619796787,0.00883434631286843,0.00393560743091561,19.1136929974051,2.88327736069832
"HAUS1P1","HAUS1P1",0.788339043030115,0.00888925427846209,0.00396149737195991,1.86590811244404,2.88121148182009
"TDRD1","TDRD1",0.541151627948953,0.00894830718893313,0.00399045159426099,66.4902282472217,2.87891556222484
"AC241585.1","AC241585.1",0.652539518477788,0.00902635860009729,0.00402840219708546,1.98816455571801,2.87592907350999
"ZNF649-AS1","ZNF649-AS1",0.656768876177406,0.00904033164649553,0.0040353649286128,1.58652056917787,2.87538392226618
"AC027796.4","AC027796.4",0.525903030687098,0.00904033164649553,0.0040353173537511,5.87246805334337,2.87538764427036
"TRBV6-6","TRBV6-6",0.634669634200977,0.00904477731485852,0.00403759723988671,9.94386589702828,2.87520932287234
"HLA-DQB2","HLA-DQB2",0.558405199541245,0.00907569597915749,0.004053622784475,1627.81618959011,2.87395845719129
"VWFP1","VWFP1",0.663427625392361,0.00914397171666959,0.00408824199651865,23.8064467634875,2.87127152223891
"RF02247","RF02247",1.17408005014107,0.00915155367284396,0.00409212226364689,1.36201500713464,2.87097164748462
"MIR8061","MIR8061",1.00642310472037,0.00915155367284396,0.00409201272700749,0.966113866993114,2.87098010915349
"AC141424.1","AC141424.1",0.869526784755572,0.00922540177527979,0.00412786243461599,2.15657557749994,2.86822164574421
"AL358472.5","AL358472.5",0.579371157339289,0.00931519779699252,0.00417378165632735,4.4269980090588,2.86471996303889
"RNA5SP82","RNA5SP82",0.746557108881464,0.00933232190946574,0.00418220443848897,1.50397093707586,2.86408145954699
"LCN12","LCN12",0.546912045516769,0.00934051133797937,0.00418612472605045,5.48277291513225,2.86378467316154
"IGLV2-8","IGLV2-8",0.983736446737767,0.00935892164933905,0.00419613093481338,3356.43017946243,2.8630282920991
"FAM30B","FAM30B",1.65814855449139,0.00944313191313811,0.0042392003645106,0.658043490241727,2.85979118764638
"AL121935.2","AL121935.2",0.80450649056995,0.00952953423348858,0.00428028593334412,1.34368573729651,2.85673087137029
"IGKV3D-15","IGKV3D-15",1.27221846599111,0.00953702644925114,0.00428416219082455,529.723514964602,2.85644351974181
"AC002128.1","AC002128.1",0.539783368223711,0.00953780481501733,0.00428494828769768,4.87485432272205,2.85638527419096
"AC006378.2","AC006378.2",0.62490482580022,0.00954979425091377,0.0042914328745365,3.28819112525263,2.85590517047528
"SYNPO2L","SYNPO2L",0.53621956561206,0.00961887367162533,0.00432634119244365,18.0782930731689,2.8533318869756
"AC018695.6","AC018695.6",1.03995249421542,0.00964520965547291,0.00434025389608734,1.26335154439024,2.85231154892438
"AC098828.1","AC098828.1",1.0863196000216,0.00977620675819891,0.00440444006749497,1.58121865687807,2.84764228423602
"GDPD4","GDPD4",0.538849789873769,0.00978583534479958,0.00440904019393269,4.03590725065478,2.8473100184112
"CDRT15","CDRT15",0.578943882910104,0.00981276071882992,0.00442195919818871,2.78237911842102,2.84637855982996
"AL032819.2","AL032819.2",0.825863350263807,0.00992545218943552,0.00447806150143088,2.60644673863292,2.84236198583328
"AC006538.3","AC006538.3",1.07375234025305,0.00999405213072195,0.00451212919259174,1.0313472099853,2.83994514654412
"AC103681.2","AC103681.2",0.97798839416344,0.0100083404898462,0.00451974865247589,0.584430134154963,2.83940686773098
"Z83844.3","Z83844.3",0.711646582692152,0.0100350001741348,0.00453393907071872,25.1358902275445,2.83840656926372
"LINC00350","LINC00350",0.829397752110839,0.0103148567370683,0.00467281830802321,1.58437252063412,2.82876372614827
"CCL25","CCL25",0.881767508997432,0.010328640556567,0.00468016957620399,6.24847565860311,2.82826056796428
"FAM91A3P","FAM91A3P",0.726297931374324,0.0104129300497221,0.00472310620292435,2.02644719447116,2.82533598159988
"AIM2","AIM2",0.595206538383364,0.0104218586932149,0.00472799376774414,374.011078089438,2.82500459718017
"KF456110.1","KF456110.1",1.22407447761922,0.0104812340667586,0.00475829997661383,0.516169186161941,2.82295668507213
"AC131902.2","AC131902.2",0.970638089495568,0.0104893317008703,0.00476225720524201,0.926422345970844,2.82269015121054
"AC108206.1","AC108206.1",1.07562245449411,0.0105003783930855,0.00476867919949625,1.56573596080581,2.82225803264873
"CLDN24","CLDN24",0.810811705841123,0.0105241919857329,0.00478033991731989,1.05620580005175,2.82147475917832
"AL035456.1","AL035456.1",0.57706356882574,0.0105346843210181,0.00478601474161345,1.89140969545155,2.82109419533057
"DNAI2","DNAI2",0.591376375796198,0.0105520962584971,0.00479584194284719,2.95783842655633,2.82043613049808
"FPR2","FPR2",0.528782644255162,0.0105725695796908,0.00480627998978148,413.474933197342,2.81973849627556
"AC009121.1","AC009121.1",0.882010218854317,0.0105737403195993,0.00480709551062243,1.16861976801663,2.81968404812517
"TRBJ2-4","TRBJ2-4",0.764831970467528,0.0106164898831391,0.0048288061585663,2.99402944514036,2.81823760378448
"AL080313.2","AL080313.2",1.40056098466491,0.0106669402743798,0.00485432523002816,0.560909326242787,2.81654493220501
"IGKV1D-12","IGKV1D-12",1.39500558078681,0.0107818464985897,0.00490991714360268,28.9516332882716,2.8128852348193
"TRAJ5","TRAJ5",1.21789845574247,0.0107999472900166,0.00491977343259819,0.949973486719496,2.8122402958987
"TRGV5P","TRGV5P",0.742749777859628,0.0107999472900166,0.00491976865244881,14.8147471251403,2.81224060840085
"AC004381.2","AC004381.2",0.559057455581041,0.0109216268497288,0.00498017756759997,2.24199959429969,2.80831313474382
"WT1","WT1",1.11825246964126,0.0109337796757142,0.00498699270320617,22.6751571352433,2.80787275814903
"RNY1P11","RNY1P11",1.5532940358231,0.0109822758967012,0.00501106981005872,0.577102340166349,2.80632130234555
"AGGF1P2","AGGF1P2",0.569117435945046,0.0111104519646789,0.00507610392791857,3.22701877303937,2.80216414388462
"AL031666.3","AL031666.3",0.822167381439643,0.0111541239459654,0.00509844745915844,0.914210946864365,2.80074699220232
"AL928711.1","AL928711.1",0.518307089262128,0.0112379845677911,0.00514069368823237,7.44610845651532,2.79808277310926
"AC004461.2","AC004461.2",0.545824986234171,0.0112881059009486,0.00516664558331069,3.47458355587545,2.79645593572236
"AC139149.1","AC139149.1",0.523627010147721,0.0112974828250021,0.00517214824721514,4.2443565512513,2.79611194125548
"TRGV10","TRGV10",0.54187788291165,0.0113154584189896,0.0051824999655496,12.1310364780656,2.79546570746839
"IGLJ1","IGLJ1",1.09884108958549,0.011373227957556,0.00521139631139307,5.69365049087882,2.79366792822046
"FOXD4L6","FOXD4L6",1.1447732928598,0.0114326535560177,0.00524168924391327,0.645658648567315,2.79179290488942
"SIX3","SIX3",0.588750907080354,0.0114493594417549,0.0052502689185123,353.354076951069,2.79126363298397
"AC073476.1","AC073476.1",0.702246220048128,0.0114584257588219,0.00525596144444529,2.2992514907136,2.79091289753079
"RN7SKP173","RN7SKP173",1.18524206387409,0.0116510760508759,0.00535182187434602,0.749443040653463,2.78505757828877
"GK-AS1","GK-AS1",0.593616854186315,0.0116597144456266,0.00535641464739474,5.20465748877239,2.78477942819952
"MRPS31P2","MRPS31P2",1.02961389738672,0.0117169481772895,0.0053845911404997,0.776882093985318,2.78307768622474
"TRBV15","TRBV15",0.64632059884495,0.0117238885591053,0.00538872299202775,6.36495967503326,2.78282881605529
"CD1B","CD1B",0.651718141412028,0.0117766506728812,0.00541455203350859,15.4404304711127,2.78127697182851
"TNFRSF17","TNFRSF17",0.832514705223732,0.0118041720532126,0.00542815435386458,306.535182487912,2.78046241053449
"CCL11","CCL11",1.15159919917811,0.0118488963186842,0.00545189551967322,15.4023894760261,2.77904509944839
"AC074143.1","AC074143.1",0.669360888426537,0.0118737188724543,0.00546522563861135,11.7830716844596,2.77825175239617
"AC005726.5","AC005726.5",0.791124929125396,0.0119226054300452,0.00548996321090902,4.26787082377267,2.77678410365446
"ELFN1-AS1","ELFN1-AS1",0.686634935157631,0.0119506218648594,0.00550446482005194,4.55356744808072,2.7759265144803
"MRPS18AP1","MRPS18AP1",0.824472205143016,0.0119901414078494,0.00552459506981715,2.83561561109479,2.7747394352189
"VPREB3","VPREB3",0.787003747167918,0.0121550050903322,0.00560869966684619,54.6429370402629,2.76982164024708
"AF015720.1","AF015720.1",0.901666531966193,0.012174060950917,0.00561879736196169,0.842640392690935,2.76923568527009
"AL121956.1","AL121956.1",0.922044033036809,0.0122458531401394,0.00565816620854979,0.979086896456416,2.76696020177173
"SDCBPP3","SDCBPP3",1.009555346034,0.0122660671713229,0.00566816334442048,0.498171667163069,2.76638465064857
"IGHV4OR15-8","IGHV4OR15-8",2.24914411335016,0.0124169373638008,0.00574453440132754,3.26252832749034,2.76201781424412
"AL157938.1","AL157938.1",1.17252131590859,0.0124329622561939,0.00575328058105527,0.459746037423408,2.76152106095622
"RNU1-22P","RNU1-22P",1.06218117236899,0.0125422676750341,0.0058089017236192,0.61918089698376,2.75837781130527
"NADK2-AS1","NADK2-AS1",0.545546526961167,0.0125464010577348,0.00581186136693131,3.24248668025431,2.75821131809053
"AC026202.3","AC026202.3",0.642457964074285,0.0125522992735161,0.00581657465732823,4.22520194566039,2.75794633208952
"IFNE","IFNE",0.909916909312679,0.0126393011611697,0.00586061532822127,2.55266376359846,2.75547963220301
"IFNLR1","IFNLR1",0.578322988711047,0.0126883178165956,0.00588538322323778,79.6278805785691,2.7540997241136
"AC015818.9","AC015818.9",0.51460203941803,0.0128896862687787,0.00599260070561982,9.239544613698,2.74818597904581
"AC103564.1","AC103564.1",0.597410568120367,0.0130485881874529,0.00607172068299695,2.31865726926693,2.74388282224382
"IGKV1D-42","IGKV1D-42",1.32842627130858,0.013117225967434,0.00610611912113707,38.7557098894901,2.7420277046494
"AC245884.8","AC245884.8",0.588512993823016,0.0131642080357474,0.00613116384763811,5.36366404508324,2.74068294757728
"IGLV1-51","IGLV1-51",0.9698204498402,0.013207775509237,0.00615337811164722,5553.61027576014,2.73949430361001
"WNT1","WNT1",0.596070649063376,0.013207775509237,0.0061535784457338,4.98956690838315,2.73948360169884
"AC005104.1","AC005104.1",0.673599538039292,0.0132237122141844,0.00616135775271727,4.2143652419421,2.73906827107322
"AC055748.1","AC055748.1",0.72987383251261,0.0132271209232944,0.00616400916911445,3.12312086512861,2.73892682208935
"IGHV7-40","IGHV7-40",1.65314772349183,0.0133684454213065,0.00623774822527803,3.43956559628362,2.7350147426465
"AL445991.1","AL445991.1",0.655223532883711,0.0133717039821762,0.00623998521709301,1.90117083748288,2.73489671548355
"TMEM163","TMEM163",0.525152250210468,0.0134518544639482,0.00628207334101272,194.689620229913,2.73268315109805
"CALR3","CALR3",0.836237374937846,0.0134782424218034,0.00629652496673212,0.961781980577215,2.73192616681754
"RBM17P1","RBM17P1",1.54317805272316,0.0135188898067942,0.00631772569220331,0.948563819802964,2.73081848593193
"AP001646.3","AP001646.3",0.627773051027585,0.013594277558162,0.00635659866422966,1.86864213017947,2.72879614006099
"AC008494.2","AC008494.2",0.680770196415943,0.0135954769917351,0.00635787360587215,1.32479109128769,2.72873000059025
"AC136475.10","AC136475.10",0.777264148338284,0.0137223276326469,0.00642456268394482,2.08677311579177,2.72528693690524
"HLA-W","HLA-W",0.596512726974266,0.0138243981545672,0.00647827676562388,2.59830831010096,2.72253705620432
"AC231657.1","AC231657.1",0.570124661285417,0.0139235233227404,0.00653256214410704,1.77237602152646,2.71977868863504
"AP002989.1","AP002989.1",0.780644535287133,0.0139256709658221,0.00653431598811571,1.30307324001412,2.7196899159818
"LINC02390","LINC02390",0.783073813903973,0.0140179565209676,0.00658099922729669,1.51911367277864,2.71733483629853
"AC034105.5","AC034105.5",1.86233036798147,0.0140543788867946,0.00660224057611044,3.12942447023834,2.71626822059559
"AC073612.1","AC073612.1",1.35928155114942,0.0140781577227096,0.00661416541188311,6.82302095976309,2.71567077711739
"AL008723.1","AL008723.1",0.814147531881709,0.0141159544050409,0.00663457043038414,1.43650767596958,2.71465071287451
"AC020934.2","AC020934.2",0.75302526514688,0.0142376943306101,0.00670056268030881,1.0697072954338,2.71137090659525
"SLC7A5P1","SLC7A5P1",0.571429380601609,0.0144091106702358,0.00679281682187388,3.36876118723086,2.7068342234143
"SHD","SHD",0.928630433914403,0.0144335374447805,0.00680549237610181,14.5520833563566,2.70621522385169
"SNORD83A","SNORD83A",0.760276063959833,0.014464064289598,0.00682182363930537,1.72071794127914,2.70541922648908
"TMEM75","TMEM75",0.865372171285241,0.0145283606399136,0.00685526241806712,1.15671542512278,2.70379472483724
"C9orf163","C9orf163",0.589647398427649,0.0146743538413278,0.00693004744546909,2.46759975312969,2.70018717832526
"ANO9","ANO9",0.676510865166334,0.0147372305013582,0.00696408472932119,114.402548862633,2.69855682543681
"AC004906.1","AC004906.1",1.10120638927754,0.0148425652926488,0.00701743984015435,0.853439714880169,2.69601551340349
"AC073912.2","AC073912.2",0.846659311293907,0.0148428192114058,0.00701795757639197,1.12552433944664,2.69599093867323
"AC126177.6","AC126177.6",0.700881466656435,0.0148614002276851,0.00702753938907413,3.41394987113065,2.69553642454353
"IL17A","IL17A",1.25143257624002,0.0149397258181044,0.00706978103044666,0.892889321054998,2.69353929948625
"AL627309.6","AL627309.6",0.579709392526122,0.0149526533564604,0.00707629923197922,47.926976854859,2.69323208287647
"F5","F5",0.54137521151835,0.0150288783693778,0.00711519119006796,950.420198932201,2.69140428608325
"FTH1P1","FTH1P1",0.875050819665629,0.0150600928325098,0.00713279374649079,0.96520931621524,2.69057996952013
"SLC39A12","SLC39A12",0.603865140481593,0.0150968106297775,0.00715261105394408,3.21624144589425,2.68965412005488
"GPR33","GPR33",0.693617462965221,0.0151034726212535,0.0071572091689831,1.91301797872024,2.68943962879717
"RPL10P19","RPL10P19",0.561216903190949,0.0151034726212535,0.00715734002770127,3.72378704466633,2.68943352635602
"HTATSF1P2","HTATSF1P2",0.612098545370642,0.015196806235394,0.00720690915431431,29.0932856610262,2.68712910155801
"TRBV5-1","TRBV5-1",0.560873939545183,0.0153136259768084,0.0072655919619892,35.9584067737318,2.68441930784509
"RPL4P1","RPL4P1",0.710324365222972,0.0153169767449361,0.00726800252264872,3.10382842019261,2.6843084159975
"Z82188.2","Z82188.2",0.744154540315861,0.0153296363433068,0.00727442031123721,2.84851728756859,2.68401334241878
"BTBD17","BTBD17",0.556006255842204,0.0153392554669868,0.00728145082411933,3.63650163556424,2.68369036533527
"AC103563.1","AC103563.1",1.78371267254748,0.0153758531136954,0.00729964743781497,0.990113046229816,2.68285572257359
"AC092118.2","AC092118.2",0.612956594213083,0.0154611809908621,0.0073426421526413,5.37130125029897,2.68089103216318
"AC007952.5","AC007952.5",0.643247475239137,0.0154863623332781,0.00735667562010075,4.06857236011479,2.68025199151018
"OCLM","OCLM",0.524485193900426,0.0155660900057183,0.00739788614316725,3.94738849212409,2.67838169275291
"CXCL13","CXCL13",0.88783688856251,0.0155895049968008,0.00741193811237657,2438.56467281221,2.67774609436333
"HIST2H3DP1","HIST2H3DP1",0.582312470009537,0.0157156812403957,0.0074807703806465,2.48908362936765,2.67464820246069
"TROAP","TROAP",0.511503837296592,0.0159378967214219,0.00760149236497685,68.765269053539,2.66927615088249
"MIR3605","MIR3605",0.884146206469315,0.0159395456655811,0.00760313296048927,0.843503099673938,2.66920367372093
"AL136131.3","AL136131.3",1.52505495383476,0.0159939235163026,0.00763207078277065,1.26531245048533,2.66792757649865
"UBTFL6","UBTFL6",0.5911587704578,0.0162034127046277,0.00774115296027161,2.06410941624072,2.6631559451825
"IGLVI-56","IGLVI-56",1.42798038621209,0.0162136375922791,0.00774864436764148,1.1414848957777,2.66283046082453
"A4GNT","A4GNT",0.549920079322751,0.0162793844299693,0.00778311860698154,4.30884891853865,2.6613362595865
"LINC01055","LINC01055",0.53836129930818,0.0163293999357307,0.00780965594547043,7.93996386207766,2.6601900977485
"IGLV3-22","IGLV3-22",1.4171187591948,0.0164696177161266,0.00788024631392408,4.44849973890763,2.65715816125026
"NPHS1","NPHS1",0.972200015169536,0.0164740994017179,0.00788327345911856,1.85325204573969,2.65702868673406
"LINC02154","LINC02154",0.644792288402063,0.0165748430723328,0.00793459049844253,13.5464094265711,2.65484054631998
"MIR4432HG","MIR4432HG",0.51564847109298,0.0166080093886646,0.00795269254331684,14.1969424054103,2.6540717048684
"AC103563.2","AC103563.2",1.04321016237917,0.0166770998203552,0.00798890409903093,0.780193582490497,2.65253839668167
"AL021407.3","AL021407.3",0.861220380380382,0.0167397259716563,0.00802114672660564,0.939116306393511,2.65117837387216
"AC253536.3","AC253536.3",0.519650996525213,0.0167436963505445,0.00802394643854565,6.010027663898,2.65106051062488
"MIR5010","MIR5010",0.87157009481586,0.0167728774667122,0.00803972826084403,1.09960398807161,2.65039680995627
"MIR6772","MIR6772",1.14927497888442,0.0168157371041529,0.00806207431722292,0.773104899040106,2.64945904438036
"AC138956.1","AC138956.1",0.686715438625084,0.0168593619942238,0.00808705510764376,2.18586956458188,2.648413461425
"MYF6","MYF6",0.848828654154402,0.0169179693949126,0.00811834075135665,7.78895348758302,2.64710805622602
"IL1RN","IL1RN",0.605597418169455,0.0169690109406055,0.00814510706537382,1106.89797324081,2.64599479122505
"MYL1","MYL1",1.67812680268452,0.0169705978123741,0.00814632345755951,30.2540926884775,2.64594427684788
"PPP1R27","PPP1R27",0.843355840899853,0.0170514493245354,0.00818924601833445,3.58732819018196,2.644166095136
"IGLV1-41","IGLV1-41",1.1091514712152,0.0170813636563185,0.008205901196522,28.7160020347418,2.64347835546275
"BOLA2P2","BOLA2P2",0.544464698317877,0.0171261155107759,0.00822877661106406,2.96153873349313,2.64253579782861
"AC103563.5","AC103563.5",0.992335511075542,0.0171424050824503,0.008237981340161,15.8395940593333,2.64215718800127
"KRT8P46","KRT8P46",0.513125867666983,0.017293586124595,0.00831943677804846,3.80288452338242,2.63882315203198
"MIR4645","MIR4645",0.989493152208645,0.0173914608585981,0.00837055341984549,0.733211828495585,2.63674579053747
"AC024084.1","AC024084.1",0.684382239626421,0.0174299932537698,0.00839066229377281,1.18440073457334,2.63593168227201
"RBFOX1","RBFOX1",0.611435549255864,0.0174625005721292,0.0084072468124371,6.7726134092872,2.63526156972526
"AC117569.1","AC117569.1",0.579501086537642,0.0174644061138231,0.00840863215350861,1.53607738584776,2.63520564728094
"Z99129.1","Z99129.1",0.893305615592624,0.0174795789546443,0.00841640579251168,0.895154383091663,2.6348919994265
"ZBTB40-IT1","ZBTB40-IT1",0.78331681790891,0.0175127802522554,0.00843333063992141,1.07850035846377,2.63421001723294
"MIR4507","MIR4507",1.47446382016983,0.0175538537823765,0.00845452068676153,0.500021666687887,2.63335789352143
"AC007207.1","AC007207.1",1.36081637588064,0.0176643558646927,0.00851385207265806,0.696352058577769,2.6309820974694
"AL132639.3","AL132639.3",0.510874745727809,0.0176643558646927,0.0085138948543782,2.33652542735818,2.63098038971697
"AC007919.2","AC007919.2",1.04623247581164,0.0176800109712629,0.00852238773367604,0.541683875902522,2.63064152446111
"ANKRD18DP","ANKRD18DP",0.536336840336035,0.0178891217896955,0.00863421053826257,7.37652436754138,2.62620773438154
"FRGCA","FRGCA",0.934938152419444,0.018013534842869,0.00869908506839939,1.6583643443406,2.62365892314596
"AC011466.3","AC011466.3",0.820274020561057,0.0180234997024632,0.00870438019818608,0.944688228767212,2.62345163704154
"AC211429.1","AC211429.1",0.731281586347706,0.0180872740297186,0.00873747657833817,1.86138148453992,2.62215857524483
"SLC25A1P5","SLC25A1P5",1.04131119201281,0.0182271495459311,0.00881298772086577,2.34454292606207,2.61922469307615
"IGLV5-48","IGLV5-48",1.2547156279295,0.0184110747718102,0.00891227628814124,10.8505067040449,2.61540096393269
"ADAMTS18","ADAMTS18",0.503644183947505,0.0184968632621998,0.00895677758319904,80.611156446814,2.61369949813042
"CAPSL","CAPSL",1.13705439132228,0.0185013045739489,0.00895942391741157,0.881837396606598,2.61359855600522
"PPIAP42","PPIAP42",0.864796340341135,0.0186146551145191,0.00902379109361502,0.601751562994324,2.6111514892446
"AC010536.2","AC010536.2",0.793555750347786,0.0186190332328713,0.00902641232793646,1.58341672772818,2.61105216764645
"NLRP11","NLRP11",0.57493468035255,0.0186846901976228,0.00906174683887066,3.95610549247618,2.60971580957302
"IGLC1","IGLC1",0.856749972245781,0.0187965207229893,0.00912404056314868,26715.2483425548,2.60737113888762
"AL133259.1","AL133259.1",0.988078862197651,0.0188582023385209,0.00915586851380877,0.74289691840752,2.60617867900886
"CXorf65","CXorf65",0.727624000183112,0.0188824768926416,0.00916930609013843,5.25614882693891,2.6056763399186
"AC009949.1","AC009949.1",0.566150141649864,0.0189813407693875,0.0092188399680274,2.13081901459071,2.60383026453351
"ELK2AP","ELK2AP",1.68558884462515,0.0189966769764381,0.00922781538415515,0.604965822207004,2.60349670798918
"AC007556.1","AC007556.1",1.0433964997557,0.0190926087135857,0.00928106529192684,0.536931811377068,2.60152369682265
"IGFBP1","IGFBP1",0.736561201395943,0.0191280460037443,0.00929982913441962,26.8667943102881,2.60083086685691
"GPR15","GPR15",0.768007856762531,0.019262468027296,0.00937292505542755,22.8167947290173,2.59814373601812
"AC012569.1","AC012569.1",0.663465826450349,0.0195953472362258,0.00955537656938911,1.68057183637204,2.59151719719417
"PROKR2","PROKR2",1.46733065559094,0.0197284612249186,0.00962768782655918,0.59310438698622,2.58892207611926
"RDH8","RDH8",0.677732519171571,0.019756240275967,0.00964336160939813,5.20226335199039,2.5883618646494
"AC023510.1","AC023510.1",1.08995152644645,0.0198669832545703,0.00970220785523816,0.612767164974544,2.58626580440186
"AP000902.1","AP000902.1",0.623257392668958,0.0199737034711828,0.00976235293843788,1.93318992527415,2.58413515789229
"TRAJ32","TRAJ32",0.916351566891871,0.020426472784159,0.0100044455830031,0.883754720629731,2.57567561122186
"CDC37P2","CDC37P2",1.11227582438135,0.0205792275477516,0.0100919433541382,1.01939623656758,2.57266295842131
"CHIAP3","CHIAP3",0.645832278539249,0.0206057865363059,0.0101077282079867,3.14903510213575,2.5721219452578
"AC093484.1","AC093484.1",0.657491019961108,0.0210016480574575,0.0103182279138761,1.50275492724834,2.56497822845314
"ENPP7","ENPP7",0.998704863213445,0.0210767853501495,0.010359096280126,1.12825696640006,2.56360633836382
"TRAJ9","TRAJ9",0.92029076012037,0.0212804327541902,0.0104749454531318,0.627653873641667,2.55974346662432
"AC063949.2","AC063949.2",0.60012293277251,0.0213040839429741,0.0104879360814566,25.2120693876742,2.55931268060628
"AL035588.1","AL035588.1",0.708213915493581,0.0213090049828954,0.0104909296294698,1.24218845336302,2.55921347798727
"UNC93B5","UNC93B5",0.796010736503749,0.0213232412046183,0.0105002237253083,0.799872036942793,2.55890564309032
"AC112694.2","AC112694.2",0.82377018135741,0.0214511553183745,0.0105712590030507,1.33163824607564,2.55656081740189
"IGHVII-28-1","IGHVII-28-1",1.81736624190075,0.0215070833232783,0.0106017018723488,0.496933748707266,2.55556020691256
"AC015818.5","AC015818.5",0.998534257581082,0.0216190196929111,0.0106609344760075,0.755394393478891,2.55362062308256
"LINC01050","LINC01050",0.954425645391807,0.0216413776486272,0.0106725396404531,1.25793719293332,2.5532417327059
"TNN","TNN",0.563478416063656,0.0216508048329362,0.0106795090687875,89.1907272919331,2.55301436786299
"AP001107.4","AP001107.4",0.725520313191459,0.0217381947201921,0.0107286445756345,2.6770727116733,2.5514151454882
"AL117381.1","AL117381.1",0.597252247982122,0.0217880268278278,0.0107571194801163,2.51939577277717,2.55049134553985
"AC063977.6","AC063977.6",0.562059839093583,0.0218885529098,0.0108161343224136,4.65143514026136,2.54858365199337
"AL353743.4","AL353743.4",0.583504290021454,0.0220778520337066,0.0109173656226479,3.80255610104514,2.54533272668384
"U62631.1","U62631.1",0.587825205856728,0.0221174014334729,0.0109416633193378,3.55628460694443,2.5445564226663
"WTAPP1","WTAPP1",0.625268470285264,0.0221942330146295,0.0109851641693872,35.669502681006,2.54317040222983
"NEUROG3","NEUROG3",0.564007382953041,0.0222743750809967,0.0110282714980505,13.1242296880583,2.54180172279684
"AL021707.8","AL021707.8",0.656395115103095,0.0226378158879332,0.0112251978307741,2.28489401476619,2.53560903267512
"AC008957.3","AC008957.3",0.508582696938611,0.022649949246717,0.0112318211466988,6.84903666293579,2.53540243317372
"GLP1R","GLP1R",0.631366268042266,0.0230336701535594,0.0114412349215454,7.13806258538968,2.52892537956582
"CCL8","CCL8",0.50926983562293,0.0232050766956088,0.0115350799221292,367.703969872868,2.52605689334875
"MIR4635","MIR4635",0.913379413872989,0.0232173322893237,0.0115425132427479,0.685567733217679,2.52583057109399
"AP006296.1","AP006296.1",0.59719011623236,0.0233057142825041,0.0115957215182622,2.32908202395445,2.52421430503997
"AC021127.1","AC021127.1",0.720087737754003,0.0236331325778813,0.0117725584997982,1.27100950083651,2.51888953203551
"AC005264.1","AC005264.1",0.504204348344687,0.0236499322308079,0.0117815606989634,4.66056147221448,2.51862036732903
"UBTFL5","UBTFL5",0.644745619437742,0.0237919305018901,0.0118631360458745,1.69867597410143,2.51618955444089
"TMOD4","TMOD4",0.544419557240408,0.0239466227479435,0.0119486095821598,11.2802188874098,2.51365843212085
"AC025884.1","AC025884.1",0.697952195208114,0.0241218567716941,0.0120463866347187,3.12143385240245,2.51078257692872
"AC009303.1","AC009303.1",1.02573124640452,0.0242031132443268,0.0120921537032651,0.535899929161261,2.50944356189608
"AC105935.1","AC105935.1",0.670924683164022,0.0242610475374054,0.0121262985775607,1.26392738671745,2.50844750193691
"SNAP47-AS1","SNAP47-AS1",1.17038464523565,0.0244079977704049,0.0122069417351868,0.425234854539766,2.50610484499509
"TRBV2","TRBV2",0.512283823684245,0.0246380226932629,0.0123246224495142,21.2111288179565,2.50271074749225
"AC233976.1","AC233976.1",0.531169373573911,0.024711874341118,0.012362745505316,11.1421323614619,2.50161737434989
"AC006970.3","AC006970.3",0.814047202051709,0.0247214741292803,0.0123690166355915,0.787662432333245,2.50143780381358
"AC109446.3","AC109446.3",0.677236306588848,0.0250320129809355,0.0125411572148679,5.21461870222057,2.49653986292504
"RTEL1P1","RTEL1P1",0.588428795381664,0.0250772419342311,0.0125685204196267,2.60300253741686,2.49576678399786
"POU5F1P4","POU5F1P4",0.639875622660364,0.0250957566543029,0.0125798170362874,1.79770079158632,2.49544806086486
"HCFC1-AS1","HCFC1-AS1",0.575080781390519,0.0251352886094866,0.0126030005904652,2.48511315575797,2.49479475211706
"LINC01614","LINC01614",0.603967792438053,0.0251385979148539,0.012605333439876,137.931541034938,2.49472907173423
"GPR78","GPR78",0.70977181389886,0.0252049713455352,0.0126426672175271,5.70308566349683,2.49367941654016
"AP003392.2","AP003392.2",0.666912160168559,0.025271795269746,0.0126816025937645,3.5763494553522,2.49258765064241
"GPR152","GPR152",1.05631845704888,0.0255156207158617,0.0128128436475278,1.05880019873616,2.48892931675711
"AC010260.1","AC010260.1",0.592628261715724,0.0255465722020846,0.0128297550935314,2.06724324998402,2.4884603260598
"AC005828.6","AC005828.6",1.1255022501236,0.0258133084957551,0.0129789284685406,0.370269478992565,2.4843469538921
"AC011611.3","AC011611.3",0.615392548635216,0.0258456855877775,0.0129972851270529,34.7103107289788,2.48384367300816
"FDPSP7","FDPSP7",0.609250989031209,0.0259206401100606,0.0130391452473378,2.94177189911432,2.48269834984027
"AL353597.2","AL353597.2",1.49491762722568,0.0261883034327322,0.0131857192108862,0.421335169480251,2.47871344389933
"SPDYE6","SPDYE6",0.52013679154001,0.0263123255184804,0.0132587387408853,7.26422366584268,2.47674285865383
"IL6","IL6",0.614640779694822,0.0264981644225092,0.0133672920115479,278.55886394915,2.4738309814601
"AL355075.2","AL355075.2",0.621575681959098,0.026599896712966,0.0134214627682281,4.73128657909786,2.47238569250604
"AC148476.1","AC148476.1",0.851248582523116,0.0266394106082565,0.013444255237176,1.09688771947787,2.47177912431039
"AC112777.1","AC112777.1",1.0844279654255,0.026646788852769,0.0134486928065699,1.42299139141703,2.47166113449134
"AL158832.1","AL158832.1",0.900681530315432,0.0268311106724885,0.0135553793328629,0.855806576623316,2.46883476868119
"CST1","CST1",1.22932689521666,0.0270798942287889,0.013689048694225,42.4146948181819,2.46532117408847
"GAL3ST2","GAL3ST2",0.767124053399315,0.0274305404145002,0.0138890858921637,2.42458419292384,2.46011924716189
"SNORA71A","SNORA71A",0.77755900322309,0.0274847955923744,0.0139195028879528,0.930187537895352,2.4593340613805
"AC233992.2","AC233992.2",1.31819750439512,0.0275109366924052,0.013935690301064,0.811881666254429,2.45891681610081
"AC135279.1","AC135279.1",0.868811340173211,0.0278118068601056,0.0141007641725954,0.800054525668619,2.45468613859309
"AC012184.2","AC012184.2",0.558960236902791,0.0279555042633166,0.0141849487256851,53.5185501209331,2.45254537687707
"U47924.3","U47924.3",0.510767496210731,0.0279558118995659,0.0141865090528033,2.20720588015424,2.45250580464233
"AL512306.3","AL512306.3",0.707755739071816,0.0282066789125668,0.0143281736597635,1.20413679316777,2.44892887964668
"TRDV2","TRDV2",0.673433229736356,0.0282893006749471,0.0143754488278286,3.23300683471567,2.4477421582726
"AC055811.1","AC055811.1",0.728691090504487,0.0283137192480783,0.0143924090125269,1.12907069779696,2.44731725537417
"AC007182.2","AC007182.2",0.690602641272395,0.0283333712219716,0.0144039167689009,1.21502936389913,2.44702920337457
"U82695.1","U82695.1",0.720194414149109,0.0285096316955312,0.0144996337069521,1.96108188109871,2.44464113458694
"AC012322.1","AC012322.1",0.540023983002713,0.0286913007818678,0.0145974093868898,1.35488378953552,2.44221601138979
"IGLV9-49","IGLV9-49",1.02051765094752,0.0288131618266525,0.014666357162681,340.742992684866,2.44051449988507
"CASK-AS1","CASK-AS1",1.00133702387997,0.0290397865820136,0.0147957179659612,0.882864895968426,2.43734103583812
"ACY3","ACY3",0.711416002385458,0.0291365319992252,0.0148551581441271,10.0722108020407,2.4358910483793
"TREM2","TREM2",0.519182680209341,0.0295501358124922,0.0150897848096426,1507.23951626289,2.43021701044146
"CLDN20","CLDN20",0.512129017243688,0.0298435866703898,0.0152628240592772,3.06606476516739,2.42608193340011
"TRAJ10","TRAJ10",0.971872270805757,0.0301028066252962,0.0154147533752019,0.653195235543259,2.42248520647511
"AL391095.2","AL391095.2",0.875818959659344,0.0301596765313364,0.0154495312703325,2.27542254909389,2.42166627644007
"SEC13P1","SEC13P1",0.680813858176817,0.0302063813770965,0.0154742655180475,1.03325701999318,2.42108483520711
"AC022613.1","AC022613.1",0.66531949859241,0.0302223740765775,0.0154832680845119,17.9311069190038,2.42087341006472
"AC022149.1","AC022149.1",0.993043204121091,0.0302902833316338,0.0155245513450372,115.393992500482,2.41990525668088
"COL18A1-AS2","COL18A1-AS2",0.89160198193343,0.0304289750676538,0.0156029720238126,0.911158012671882,2.41807239863691
"TRBV24-1","TRBV24-1",0.550539145697731,0.0304568035269427,0.0156187061122534,6.9495004342583,2.41770563611016
"LINC02362","LINC02362",0.566831351831757,0.0305463602086942,0.0156680738374526,71.42187931524,2.41655697781703
"IGLV3-16","IGLV3-16",1.03059585882054,0.0307306696674451,0.0157700215990295,40.260432703713,2.41419496055288
"PNOC","PNOC",0.727861806724287,0.0308259561431447,0.0158230492669498,162.239773760152,2.41297167318335
"IGLV1-62","IGLV1-62",1.23657282086004,0.0309114031816911,0.015874363389424,1.51727024813455,2.41179134317134
"AC025265.1","AC025265.1",0.692610701629558,0.0309723763581425,0.0159089951815757,1.51478811422214,2.41099663591101
"AC087481.1","AC087481.1",1.03252017500672,0.0310796797518989,0.0159699407411493,0.599552015623295,2.40960178459663
"ATP5MC1P4","ATP5MC1P4",0.53881578932462,0.0311915265778679,0.0160332619938482,1.75957429164192,2.40815750990484
"AC108025.1","AC108025.1",1.00689778232237,0.031324937451574,0.0161093923169496,0.646525195626146,2.40642770095413
"AC009686.2","AC009686.2",0.50457294860428,0.0315014267530286,0.016212815328321,4.26440695412545,2.4040892315548
"PTBP1P","PTBP1P",0.759579821685477,0.0316850895328105,0.0163192261096165,1.57445805368211,2.40169685004438
"AC100830.3","AC100830.3",1.17919227335144,0.0317062614126267,0.0163326790965132,1.06051002943379,2.40139536984233
"IFIT1P1","IFIT1P1",0.98807663207625,0.0320322278978575,0.0165271980448796,0.488689180937193,2.39706042373087
"HIST1H2BG","HIST1H2BG",0.509139707860076,0.0321179336164369,0.0165808843051605,36.6140001827358,2.39587189292602
"AC004975.1","AC004975.1",0.652830133727192,0.0321853096283982,0.016619116554363,1.32244000210574,2.39502754869021
"IGHV1-68","IGHV1-68",1.53822560287865,0.032209152622876,0.0166357429764805,8.5741405203686,2.39466089276651
"AC009704.2","AC009704.2",0.751118388979685,0.032241902440575,0.0166552495526696,1.13172861503338,2.39423113194777
"RPS12P26","RPS12P26",0.692149510713324,0.0322439941597274,0.0166571939928115,1.15089613425187,2.39418831707462
"AC068790.4","AC068790.4",0.705220331400321,0.0323707693618327,0.0167278897377399,0.94940292540237,2.39263463099077
"HERC2P10","HERC2P10",0.711213308862236,0.0326811116208754,0.0169066501400172,2.13835207617775,2.38873156540092
"MIR1303","MIR1303",0.88357033047568,0.0332627042821071,0.0172485164289018,0.458366702774985,2.38136703524691
"AL035696.4","AL035696.4",1.35061104124186,0.0332777041996724,0.0172580779275208,0.694877704689384,2.38116290724646
"AC245517.5","AC245517.5",1.02700788032874,0.0333634800392028,0.0173106071580302,2.59052132884162,2.38004322929518
"RPS12P20","RPS12P20",0.77787951570072,0.0334215016650935,0.0173425702322837,0.684567748479584,2.37936338317234
"RN7SL268P","RN7SL268P",0.703250098751638,0.0336893701789949,0.0175067742309462,1.09059437789766,2.3758880328546
"AC018809.1","AC018809.1",0.557781423430945,0.0339546131194566,0.0176628034647335,2.33871056573352,2.37261207909804
"BCAS2P2","BCAS2P2",0.663186512455221,0.0340973346011644,0.0177452677248082,2.42244144304029,2.3708909112043
"Z84723.1","Z84723.1",0.741834693028804,0.0343705077317237,0.0179025869771057,2.33208545411452,2.36762674317461
"LINC01235","LINC01235",0.511568284558986,0.0344163538853799,0.0179297372919467,153.647354817946,2.3670659544091
"AC018410.1","AC018410.1",0.716208339618892,0.0348996898629781,0.0182189415987532,1.36069337377487,2.36113816117976
"LINC01908","LINC01908",0.555778602891022,0.0351459503756797,0.0183653905146124,1.67670812646301,2.35816777453095
"IGBP1P1","IGBP1P1",0.858134141574391,0.0352785060628662,0.0184431640087518,0.758194683148113,2.3565987341801
"AC024361.3","AC024361.3",0.897879803530063,0.0353654588648308,0.0184980973651429,0.83920769157381,2.35549396790715
"AC006486.1","AC006486.1",1.12166725304454,0.0354348735382265,0.0185410509693226,2.67257283618884,2.35463212522628
"AC022113.2","AC022113.2",0.704237568408155,0.0356395091782461,0.0186672230240209,0.910941613818864,2.35211061061295
"AC243829.2","AC243829.2",0.664689569778028,0.0357186644121786,0.0187125109249344,1.73043058134458,2.35120917984834
"AL807761.4","AL807761.4",0.852192857741453,0.0360404268291299,0.0189119781220295,0.743370487486596,2.3472614675758
"AC078942.1","AC078942.1",0.800728676250957,0.0361285760100438,0.0189717857948409,1.96252324372067,2.34608489303897
"AC018445.3","AC018445.3",0.643058820914588,0.0361391265187275,0.0189802309037349,1.36928832351013,2.34591901689677
"CREB3L3","CREB3L3",1.16378992248083,0.036155877994959,0.0189919349487225,0.473831881990746,2.34568923643235
"AC066613.2","AC066613.2",0.750518786497194,0.0362387521545449,0.0190412927284189,0.817803552157246,2.34472157644483
"AC234782.3","AC234782.3",0.823754090201773,0.0362909104983048,0.0190725882009551,0.914424198603639,2.34410916372391
"WASHC5-AS1","WASHC5-AS1",0.678963498428134,0.0364500666089198,0.0191611153140692,1.19571590768896,2.34238154538213
"MARCH4","MARCH4",0.76476979768442,0.0365483174005962,0.0192176601287865,4.77225639586524,2.34128171381978
"AL033527.4","AL033527.4",0.538227568304089,0.0365594596743133,0.0192274370749161,2.39443884981057,2.34109183306312
"SNORD19","SNORD19",0.838131358159019,0.0367068460556052,0.0193182367993903,0.990736092264733,2.33933240616522
"AC243960.7","AC243960.7",0.562080609300698,0.0369844417947067,0.0194846362567135,2.876841484659,2.3361267550526
"CXorf67","CXorf67",0.696057689334404,0.0370107361890532,0.0195014639202079,1.58015655115702,2.33580390676481
"AL158196.1","AL158196.1",0.616478063973781,0.0370389412024878,0.0195193026957033,1.13957297362778,2.33546192535549
"AL356276.1","AL356276.1",1.54118606470216,0.0371309816783362,0.0195727817576183,0.474819450580572,2.3344383291289
"DNAH8","DNAH8",0.705329435519311,0.037165798087118,0.0195941218272974,6.65377638565764,2.3340305592255
"AC016745.1","AC016745.1",0.613596189787023,0.0372581187514256,0.019644790582464,2.45549903838084,2.33306392323308
"TTLL8","TTLL8",1.11872033804336,0.0377221210162903,0.0199176029609478,0.583778602056014,2.32789644711566
"AC087318.1","AC087318.1",1.09546643221487,0.037804143986295,0.0199651014686349,0.584039514634169,2.32700307723346
"AC025434.1","AC025434.1",0.891862484496939,0.0379271393515148,0.0200331062662638,1.04775136526261,2.32572724147867
"ARL4AP4","ARL4AP4",0.766340907820499,0.0379434745761855,0.0200443899650117,0.855502074641013,2.32551591413956
"STMN1P1","STMN1P1",0.575664154454557,0.0386555183386806,0.0204520140565851,1.57831669212252,2.31795045154357
"LINC01705","LINC01705",0.659703042833334,0.0391681187269825,0.0207358159292245,11.8531223617522,2.31276040367459
"SNORA71C","SNORA71C",0.815106792061497,0.0391841456695111,0.0207474502778683,0.913081833959073,2.31254896415446
"SNORA55","SNORA55",0.637846134641401,0.0395640447800167,0.0209729825033526,1.19337155271929,2.30847048681325
"AL449266.1","AL449266.1",0.539062878908354,0.0396365801042349,0.0210161649698933,1.51370065838164,2.30769394728264
"LINC01539","LINC01539",0.760259150655281,0.0396759755170829,0.0210429476558866,2.94538701505782,2.30721301920444
"BNIP3P27","BNIP3P27",0.814669695517135,0.0397058599089179,0.0210619889740042,0.669621497991524,2.30687142465892
"AC006058.2","AC006058.2",1.27975947977102,0.0403977239588113,0.0214533250586341,0.442808595722125,2.2999099008092
"AC023509.5","AC023509.5",0.839787775038387,0.0404069278542659,0.0214598538147324,0.619203124507359,2.29979470100046
"CGB3","CGB3",1.05326814030062,0.0408439824912861,0.0217127630846826,0.664494449737249,2.29535543536757
"AC008121.2","AC008121.2",0.687532422227897,0.0408799771400454,0.0217329932323977,0.977478935572358,2.29500228699561
"TMEFF1","TMEFF1",0.717313571133862,0.0409458710893306,0.0217712851794169,11.558026228514,2.29433462466809
"AC244034.2","AC244034.2",0.805386785531198,0.0410977363016493,0.0218630751619443,1.05323036280428,2.29273831651118
"AC244197.2","AC244197.2",0.537968621374185,0.0413038221568369,0.0219837748076405,3.60545604543424,2.29064809641708
"RN7SL19P","RN7SL19P",0.876717488611808,0.0419349459826754,0.0223601361091344,0.646930710606807,2.28419393073382
"AC090971.1","AC090971.1",0.541595101653096,0.0419525801801812,0.0223729109639184,27.6284333441399,2.28397651903831
"TRBV11-1","TRBV11-1",0.668520863893851,0.0422179818580121,0.0225234963630131,2.41734363304348,2.28142184900431
"C19orf84","C19orf84",0.52380929755677,0.0423967915364879,0.0226359313278031,3.8744716576827,2.2795240612716
"AC114730.1","AC114730.1",0.530450626655297,0.0424547071223333,0.0226702653309783,4.41227645272467,2.27894617108559
"WBP1LP1","WBP1LP1",1.26400707410002,0.0425821936584402,0.022749750597468,0.358309773593124,2.27761123373448
"IGKV1-13","IGKV1-13",0.993060278603026,0.0427960899588063,0.0228800787460285,32.3762731879869,2.27543114604821
"IGHV3OR16-11","IGHV3OR16-11",2.15132510246876,0.043222046362907,0.0231390753255967,2.14278381302303,2.27113056285954
"OR10AC1","OR10AC1",0.51452661701058,0.0433564666462474,0.0232191692877098,2.0999354127202,2.26980908215911
"AC073592.7","AC073592.7",0.910318484360788,0.0441322394252064,0.0236795602370973,0.57960411632359,2.26228889252362
"CDC42P6","CDC42P6",0.731451936717956,0.0441844630053142,0.023711132801046,0.87991406079012,2.261777837484
"SDS","SDS",0.564543831570282,0.0441920046603729,0.0237175480361153,365.476489305927,2.26167406829099
"AL138725.1","AL138725.1",1.07581862125825,0.044344972441539,0.0238055855059528,0.400321334286081,2.26025247865581
"AJ003147.2","AJ003147.2",1.33832085344774,0.044401026062231,0.0238404351817139,0.442474037037729,2.25969100140132
"AC016683.1","AC016683.1",0.916694715394657,0.0445093295565154,0.0239143839682401,0.765186387707737,2.25850193669171
"MMP2-AS1","MMP2-AS1",0.593470065589098,0.0446051484910909,0.0239727426408057,15.1084233893068,2.25756580359836
"HNRNPA3P9","HNRNPA3P9",0.530621657476998,0.0447041291347599,0.0240283346615336,1.60403582496821,2.2566758866418
"AC114781.1","AC114781.1",0.842040040380073,0.0448433919269234,0.024110396961594,0.567233056108538,2.25536549091805
"RNA5SP219","RNA5SP219",0.530198092050283,0.04521567191916,0.0243372085090696,1.35963681466479,2.25176370413117
"AC006017.1","AC006017.1",0.577799511050294,0.0452864916955257,0.0243801805224178,1.44519548960565,2.25108458560927
"AC025048.1","AC025048.1",0.649379702571378,0.0454543426685721,0.0244805644326756,1.00852693122952,2.24950217760633
"PPP1R3A","PPP1R3A",1.55559041298826,0.0454871483484676,0.0245003923384842,1.88610121106515,2.24919028438206
"RN7SL124P","RN7SL124P",0.593939592712289,0.0458297710356971,0.0247119508639017,5.83481807691993,2.24587601063071
"AL645608.6","AL645608.6",0.751566710347112,0.0462140769958017,0.0249377464484486,0.832274324310898,2.24236570429186
"AC025176.1","AC025176.1",1.07184931616963,0.0462997509344604,0.024995141911916,0.401362934830091,2.24147780079783
"MIR4422HG","MIR4422HG",0.629131053539254,0.0463394381102426,0.0250190503807169,1.28906282383414,2.24110845936201
"NCF4-AS1","NCF4-AS1",0.833397197224527,0.0463818720571225,0.0250481744013976,0.883605565414459,2.24065895996811
"HSD3BP5","HSD3BP5",0.512101428491821,0.0467023932754915,0.025245044190795,3.19852098235038,2.23763228802571
"AL355310.2","AL355310.2",0.783916916149004,0.046747188435802,0.0252742682915642,1.48059474743108,2.23718474016365
"KRT17P8","KRT17P8",0.738257384152,0.0469081198306709,0.0253763590145775,1.03775395880095,2.23562479499952
"AL391094.1","AL391094.1",0.624535484504683,0.0471272246477264,0.0255176187044424,2.1252995693827,2.23347528005713
"OLIG2","OLIG2",0.737400146165003,0.0471643586773986,0.0255402527457306,3.98469075852971,2.23313182071819
"AC011005.1","AC011005.1",0.979753729688278,0.047457396959399,0.025714196037562,0.481897221493504,2.23050107698779
"AP003355.2","AP003355.2",0.764979131603261,0.0475980711322986,0.0258044468904142,2.15751468183421,2.22914216951123
"CR559946.1","CR559946.1",1.13909467839396,0.0476992761630662,0.0258669814736345,0.496480772119252,2.22820299465133
"AL022324.3","AL022324.3",0.823625729716158,0.0477029880179797,0.025870272498779,0.456667442554465,2.22815362283458
"ZNF890P","ZNF890P",0.71056983347852,0.0482428421724631,0.0261966530640439,1.77874964399684,2.22328403936618
"IGHV1OR15-6","IGHV1OR15-6",1.92672539133179,0.0484348719044775,0.0263190964578064,1.11235129724384,2.22147070931454
"DND1","DND1",0.829851849378266,0.0485093516894744,0.0263608678553685,2.22017839029939,2.22085376179362
"IGKV1OR22-1","IGKV1OR22-1",0.923130177741486,0.0487427428707845,0.0265055138685959,23.6772786864619,2.21872390226136
"CD200R1L","CD200R1L",0.661338630617966,0.0488141853090327,0.0265539855941186,1.11505232939153,2.21801241994153
"KRT36","KRT36",0.565554528007371,0.0488532550977021,0.026577856677085,2.95735938542759,2.21766244534163
"SLC32A1","SLC32A1",1.11646361098405,0.0491305368775499,0.0267524020299131,0.744203495126416,2.21511164952744
"AC034102.6","AC034102.6",0.501490025365807,0.0495036590269616,0.026989673033218,6.65592779220237,2.21166713350698
"C10orf91","C10orf91",0.514539515537176,0.049643073337156,0.0270727196287671,3.15109104443473,2.21046770254435
"ELAVL4","ELAVL4",0.503717585244095,0.0498896375635335,0.0272285699747924,13.6023744380712,2.20822532323465
